record_id,state,state_name,award_tier,awardee_name_raw,delimiter,n_recipients,recipient_index,recipient_name,passes_legal_entity_test,amount_announced_field_total,amount_note,source_doc_title,rcj_document_url,state_source_url,split_basis
082bf42a-99e7-486e-a21d-1171c0669636,AK,Alaska,SUBAWARD,"Alaska Psychiatric Institute, Department of Family & Community Services",COMMA,2,1,Alaska Psychiatric Institute,FALSE,300000,"RCJ published one amount for a field naming 2 recipients. This is the FIELD total, NOT this recipient's award. Never divide it (§6.2) - no source states how it splits.",AK - 2026 - Alaska RHTP Year 1 Awards — $207.69M (Preliminary) Across 217 Projects Through Week 5,https://www.ruralcarejourney.com/api/documents/127ddbb3-c6f5-4524-b95d-56c6cdc2c16c/file,https://health.alaska.gov/media/tcvker5a/ak_rhtp_awardsnotice_2026.xlsx,"§6.2: comma-delimited awardeeName naming 2 recipients, 0 of which pass the §6.1 legal-entity test. One candidate per fragment, routed to review -- the split is a guess about the state's formatting, not a fact. The amount is the FIELD total and is never divided."
082bf42a-99e7-486e-a21d-1171c0669636,AK,Alaska,SUBAWARD,"Alaska Psychiatric Institute, Department of Family & Community Services",COMMA,2,2,Department of Family & Community Services,FALSE,300000,"RCJ published one amount for a field naming 2 recipients. This is the FIELD total, NOT this recipient's award. Never divide it (§6.2) - no source states how it splits.",AK - 2026 - Alaska RHTP Year 1 Awards — $207.69M (Preliminary) Across 217 Projects Through Week 5,https://www.ruralcarejourney.com/api/documents/127ddbb3-c6f5-4524-b95d-56c6cdc2c16c/file,https://health.alaska.gov/media/tcvker5a/ak_rhtp_awardsnotice_2026.xlsx,"§6.2: comma-delimited awardeeName naming 2 recipients, 0 of which pass the §6.1 legal-entity test. One candidate per fragment, routed to review -- the split is a guess about the state's formatting, not a fact. The amount is the FIELD total and is never divided."
27989afa-9034-4fff-8b68-78ae8f8d2238,AK,Alaska,SUBAWARD,"Division of Public Health, Department of Health",COMMA,2,1,Division of Public Health,FALSE,300000,"RCJ published one amount for a field naming 2 recipients. This is the FIELD total, NOT this recipient's award. Never divide it (§6.2) - no source states how it splits.",AK - 2026 - Alaska RHTP Year 1 Awards — $207.69M (Preliminary) Across 217 Projects Through Week 5,https://www.ruralcarejourney.com/api/documents/127ddbb3-c6f5-4524-b95d-56c6cdc2c16c/file,https://health.alaska.gov/media/tcvker5a/ak_rhtp_awardsnotice_2026.xlsx,"§6.2: comma-delimited awardeeName naming 2 recipients, 0 of which pass the §6.1 legal-entity test. One candidate per fragment, routed to review -- the split is a guess about the state's formatting, not a fact. The amount is the FIELD total and is never divided."
27989afa-9034-4fff-8b68-78ae8f8d2238,AK,Alaska,SUBAWARD,"Division of Public Health, Department of Health",COMMA,2,2,Department of Health,FALSE,300000,"RCJ published one amount for a field naming 2 recipients. This is the FIELD total, NOT this recipient's award. Never divide it (§6.2) - no source states how it splits.",AK - 2026 - Alaska RHTP Year 1 Awards — $207.69M (Preliminary) Across 217 Projects Through Week 5,https://www.ruralcarejourney.com/api/documents/127ddbb3-c6f5-4524-b95d-56c6cdc2c16c/file,https://health.alaska.gov/media/tcvker5a/ak_rhtp_awardsnotice_2026.xlsx,"§6.2: comma-delimited awardeeName naming 2 recipients, 0 of which pass the §6.1 legal-entity test. One candidate per fragment, routed to review -- the split is a guess about the state's formatting, not a fact. The amount is the FIELD total and is never divided."
4dfbf549-f2a5-4dce-b09b-3cbfdf787db7,AK,Alaska,SUBAWARD,"Senior and Disability Services, Department of Health",COMMA,2,1,Senior and Disability Services,FALSE,850000,"RCJ published one amount for a field naming 2 recipients. This is the FIELD total, NOT this recipient's award. Never divide it (§6.2) - no source states how it splits.",AK - 2026 - Alaska RHTP Year 1 Awards — $207.69M (Preliminary) Across 217 Projects Through Week 5,https://www.ruralcarejourney.com/api/documents/127ddbb3-c6f5-4524-b95d-56c6cdc2c16c/file,https://health.alaska.gov/media/tcvker5a/ak_rhtp_awardsnotice_2026.xlsx,"§6.2: comma-delimited awardeeName naming 2 recipients, 0 of which pass the §6.1 legal-entity test. One candidate per fragment, routed to review -- the split is a guess about the state's formatting, not a fact. The amount is the FIELD total and is never divided."
4dfbf549-f2a5-4dce-b09b-3cbfdf787db7,AK,Alaska,SUBAWARD,"Senior and Disability Services, Department of Health",COMMA,2,2,Department of Health,FALSE,850000,"RCJ published one amount for a field naming 2 recipients. This is the FIELD total, NOT this recipient's award. Never divide it (§6.2) - no source states how it splits.",AK - 2026 - Alaska RHTP Year 1 Awards — $207.69M (Preliminary) Across 217 Projects Through Week 5,https://www.ruralcarejourney.com/api/documents/127ddbb3-c6f5-4524-b95d-56c6cdc2c16c/file,https://health.alaska.gov/media/tcvker5a/ak_rhtp_awardsnotice_2026.xlsx,"§6.2: comma-delimited awardeeName naming 2 recipients, 0 of which pass the §6.1 legal-entity test. One candidate per fragment, routed to review -- the split is a guess about the state's formatting, not a fact. The amount is the FIELD total and is never divided."
6e743d7c-6b21-4568-9421-95f0ba20a772,AK,Alaska,SUBAWARD,"Division of Public Assistance, Department of Health",COMMA,2,1,Division of Public Assistance,FALSE,452047.99,"RCJ published one amount for a field naming 2 recipients. This is the FIELD total, NOT this recipient's award. Never divide it (§6.2) - no source states how it splits.",AK - 2026 - Alaska RHTP Year 1 Awards — $207.69M (Preliminary) Across 217 Projects Through Week 5,https://www.ruralcarejourney.com/api/documents/127ddbb3-c6f5-4524-b95d-56c6cdc2c16c/file,https://health.alaska.gov/media/tcvker5a/ak_rhtp_awardsnotice_2026.xlsx,"§6.2: comma-delimited awardeeName naming 2 recipients, 0 of which pass the §6.1 legal-entity test. One candidate per fragment, routed to review -- the split is a guess about the state's formatting, not a fact. The amount is the FIELD total and is never divided."
6e743d7c-6b21-4568-9421-95f0ba20a772,AK,Alaska,SUBAWARD,"Division of Public Assistance, Department of Health",COMMA,2,2,Department of Health,FALSE,452047.99,"RCJ published one amount for a field naming 2 recipients. This is the FIELD total, NOT this recipient's award. Never divide it (§6.2) - no source states how it splits.",AK - 2026 - Alaska RHTP Year 1 Awards — $207.69M (Preliminary) Across 217 Projects Through Week 5,https://www.ruralcarejourney.com/api/documents/127ddbb3-c6f5-4524-b95d-56c6cdc2c16c/file,https://health.alaska.gov/media/tcvker5a/ak_rhtp_awardsnotice_2026.xlsx,"§6.2: comma-delimited awardeeName naming 2 recipients, 0 of which pass the §6.1 legal-entity test. One candidate per fragment, routed to review -- the split is a guess about the state's formatting, not a fact. The amount is the FIELD total and is never divided."
6f7912c3-63d4-460e-856c-c9f7c2ed041b,AK,Alaska,SUBAWARD,"Division of Juvenile Justice, Department of Family & Community Services",COMMA,2,1,Division of Juvenile Justice,FALSE,180000,"RCJ published one amount for a field naming 2 recipients. This is the FIELD total, NOT this recipient's award. Never divide it (§6.2) - no source states how it splits.",AK - 2026 - Alaska RHTP Year 1 Awards — $207.69M (Preliminary) Across 217 Projects Through Week 5,https://www.ruralcarejourney.com/api/documents/127ddbb3-c6f5-4524-b95d-56c6cdc2c16c/file,https://health.alaska.gov/media/tcvker5a/ak_rhtp_awardsnotice_2026.xlsx,"§6.2: comma-delimited awardeeName naming 2 recipients, 0 of which pass the §6.1 legal-entity test. One candidate per fragment, routed to review -- the split is a guess about the state's formatting, not a fact. The amount is the FIELD total and is never divided."
6f7912c3-63d4-460e-856c-c9f7c2ed041b,AK,Alaska,SUBAWARD,"Division of Juvenile Justice, Department of Family & Community Services",COMMA,2,2,Department of Family & Community Services,FALSE,180000,"RCJ published one amount for a field naming 2 recipients. This is the FIELD total, NOT this recipient's award. Never divide it (§6.2) - no source states how it splits.",AK - 2026 - Alaska RHTP Year 1 Awards — $207.69M (Preliminary) Across 217 Projects Through Week 5,https://www.ruralcarejourney.com/api/documents/127ddbb3-c6f5-4524-b95d-56c6cdc2c16c/file,https://health.alaska.gov/media/tcvker5a/ak_rhtp_awardsnotice_2026.xlsx,"§6.2: comma-delimited awardeeName naming 2 recipients, 0 of which pass the §6.1 legal-entity test. One candidate per fragment, routed to review -- the split is a guess about the state's formatting, not a fact. The amount is the FIELD total and is never divided."
882f6c9c-ec1c-437e-a45a-28fccda89eb2,AK,Alaska,SUBAWARD,University of Alaska Fairbanks - Community and Technical College,CONJUNCTION,2,1,University of Alaska Fairbanks - Community,TRUE,987204.7,"RCJ published one amount for a field naming 2 recipients. This is the FIELD total, NOT this recipient's award. Never divide it (§6.2) - no source states how it splits.",AK - 2026 - Alaska RHTP Year 1 Awards — $207.69M (Preliminary) Across 217 Projects Through Week 5,https://www.ruralcarejourney.com/api/documents/127ddbb3-c6f5-4524-b95d-56c6cdc2c16c/file,https://health.alaska.gov/media/tcvker5a/ak_rhtp_awardsnotice_2026.xlsx,"§6.2: conjunction-delimited awardeeName naming 2 recipients, 2 of which pass the §6.1 legal-entity test. One candidate per fragment, routed to review -- the split is a guess about the state's formatting, not a fact. The amount is the FIELD total and is never divided."
882f6c9c-ec1c-437e-a45a-28fccda89eb2,AK,Alaska,SUBAWARD,University of Alaska Fairbanks - Community and Technical College,CONJUNCTION,2,2,Technical College,TRUE,987204.7,"RCJ published one amount for a field naming 2 recipients. This is the FIELD total, NOT this recipient's award. Never divide it (§6.2) - no source states how it splits.",AK - 2026 - Alaska RHTP Year 1 Awards — $207.69M (Preliminary) Across 217 Projects Through Week 5,https://www.ruralcarejourney.com/api/documents/127ddbb3-c6f5-4524-b95d-56c6cdc2c16c/file,https://health.alaska.gov/media/tcvker5a/ak_rhtp_awardsnotice_2026.xlsx,"§6.2: conjunction-delimited awardeeName naming 2 recipients, 2 of which pass the §6.1 legal-entity test. One candidate per fragment, routed to review -- the split is a guess about the state's formatting, not a fact. The amount is the FIELD total and is never divided."
979ff8f1-0f7b-44c4-9820-e33347238f7a,AK,Alaska,SUBAWARD,"Office of Children's Services, Department of Family & Community Services",COMMA,2,1,Office of Children's Services,FALSE,2985000,"RCJ published one amount for a field naming 2 recipients. This is the FIELD total, NOT this recipient's award. Never divide it (§6.2) - no source states how it splits.",AK - 2026 - Alaska RHTP Year 1 Awards — $207.69M (Preliminary) Across 217 Projects Through Week 5,https://www.ruralcarejourney.com/api/documents/127ddbb3-c6f5-4524-b95d-56c6cdc2c16c/file,https://health.alaska.gov/media/tcvker5a/ak_rhtp_awardsnotice_2026.xlsx,"§6.2: comma-delimited awardeeName naming 2 recipients, 0 of which pass the §6.1 legal-entity test. One candidate per fragment, routed to review -- the split is a guess about the state's formatting, not a fact. The amount is the FIELD total and is never divided."
979ff8f1-0f7b-44c4-9820-e33347238f7a,AK,Alaska,SUBAWARD,"Office of Children's Services, Department of Family & Community Services",COMMA,2,2,Department of Family & Community Services,FALSE,2985000,"RCJ published one amount for a field naming 2 recipients. This is the FIELD total, NOT this recipient's award. Never divide it (§6.2) - no source states how it splits.",AK - 2026 - Alaska RHTP Year 1 Awards — $207.69M (Preliminary) Across 217 Projects Through Week 5,https://www.ruralcarejourney.com/api/documents/127ddbb3-c6f5-4524-b95d-56c6cdc2c16c/file,https://health.alaska.gov/media/tcvker5a/ak_rhtp_awardsnotice_2026.xlsx,"§6.2: comma-delimited awardeeName naming 2 recipients, 0 of which pass the §6.1 legal-entity test. One candidate per fragment, routed to review -- the split is a guess about the state's formatting, not a fact. The amount is the FIELD total and is never divided."
cbecbae4-ddf8-4322-b695-b96f05d38010,AK,Alaska,SUBAWARD,"Division of Public Health, Department of Health",COMMA,2,1,Division of Public Health,FALSE,1374000,"RCJ published one amount for a field naming 2 recipients. This is the FIELD total, NOT this recipient's award. Never divide it (§6.2) - no source states how it splits.",AK - 2026 - Alaska RHTP Year 1 Awards — $207.69M (Preliminary) Across 217 Projects Through Week 5,https://www.ruralcarejourney.com/api/documents/127ddbb3-c6f5-4524-b95d-56c6cdc2c16c/file,https://health.alaska.gov/media/tcvker5a/ak_rhtp_awardsnotice_2026.xlsx,"§6.2: comma-delimited awardeeName naming 2 recipients, 0 of which pass the §6.1 legal-entity test. One candidate per fragment, routed to review -- the split is a guess about the state's formatting, not a fact. The amount is the FIELD total and is never divided."
cbecbae4-ddf8-4322-b695-b96f05d38010,AK,Alaska,SUBAWARD,"Division of Public Health, Department of Health",COMMA,2,2,Department of Health,FALSE,1374000,"RCJ published one amount for a field naming 2 recipients. This is the FIELD total, NOT this recipient's award. Never divide it (§6.2) - no source states how it splits.",AK - 2026 - Alaska RHTP Year 1 Awards — $207.69M (Preliminary) Across 217 Projects Through Week 5,https://www.ruralcarejourney.com/api/documents/127ddbb3-c6f5-4524-b95d-56c6cdc2c16c/file,https://health.alaska.gov/media/tcvker5a/ak_rhtp_awardsnotice_2026.xlsx,"§6.2: comma-delimited awardeeName naming 2 recipients, 0 of which pass the §6.1 legal-entity test. One candidate per fragment, routed to review -- the split is a guess about the state's formatting, not a fact. The amount is the FIELD total and is never divided."
cda86e9a-1e4d-4be4-a87e-837940937ed0,AK,Alaska,SUBAWARD,"Division of Public Health, Department of Health",COMMA,2,1,Division of Public Health,FALSE,618916.24,"RCJ published one amount for a field naming 2 recipients. This is the FIELD total, NOT this recipient's award. Never divide it (§6.2) - no source states how it splits.",AK - 2026 - Alaska RHTP Year 1 Awards — $207.69M (Preliminary) Across 217 Projects Through Week 5,https://www.ruralcarejourney.com/api/documents/127ddbb3-c6f5-4524-b95d-56c6cdc2c16c/file,https://health.alaska.gov/media/tcvker5a/ak_rhtp_awardsnotice_2026.xlsx,"§6.2: comma-delimited awardeeName naming 2 recipients, 0 of which pass the §6.1 legal-entity test. One candidate per fragment, routed to review -- the split is a guess about the state's formatting, not a fact. The amount is the FIELD total and is never divided."
cda86e9a-1e4d-4be4-a87e-837940937ed0,AK,Alaska,SUBAWARD,"Division of Public Health, Department of Health",COMMA,2,2,Department of Health,FALSE,618916.24,"RCJ published one amount for a field naming 2 recipients. This is the FIELD total, NOT this recipient's award. Never divide it (§6.2) - no source states how it splits.",AK - 2026 - Alaska RHTP Year 1 Awards — $207.69M (Preliminary) Across 217 Projects Through Week 5,https://www.ruralcarejourney.com/api/documents/127ddbb3-c6f5-4524-b95d-56c6cdc2c16c/file,https://health.alaska.gov/media/tcvker5a/ak_rhtp_awardsnotice_2026.xlsx,"§6.2: comma-delimited awardeeName naming 2 recipients, 0 of which pass the §6.1 legal-entity test. One candidate per fragment, routed to review -- the split is a guess about the state's formatting, not a fact. The amount is the FIELD total and is never divided."
db7c35c7-58c9-4984-8321-d5870c2aa640,AK,Alaska,SUBAWARD,"Office of Health Savings, Department of Health",COMMA,2,1,Office of Health Savings,FALSE,694200,"RCJ published one amount for a field naming 2 recipients. This is the FIELD total, NOT this recipient's award. Never divide it (§6.2) - no source states how it splits.",AK - 2026 - Alaska RHTP Year 1 Awards — $207.69M (Preliminary) Across 217 Projects Through Week 5,https://www.ruralcarejourney.com/api/documents/127ddbb3-c6f5-4524-b95d-56c6cdc2c16c/file,https://health.alaska.gov/media/tcvker5a/ak_rhtp_awardsnotice_2026.xlsx,"§6.2: comma-delimited awardeeName naming 2 recipients, 0 of which pass the §6.1 legal-entity test. One candidate per fragment, routed to review -- the split is a guess about the state's formatting, not a fact. The amount is the FIELD total and is never divided."
db7c35c7-58c9-4984-8321-d5870c2aa640,AK,Alaska,SUBAWARD,"Office of Health Savings, Department of Health",COMMA,2,2,Department of Health,FALSE,694200,"RCJ published one amount for a field naming 2 recipients. This is the FIELD total, NOT this recipient's award. Never divide it (§6.2) - no source states how it splits.",AK - 2026 - Alaska RHTP Year 1 Awards — $207.69M (Preliminary) Across 217 Projects Through Week 5,https://www.ruralcarejourney.com/api/documents/127ddbb3-c6f5-4524-b95d-56c6cdc2c16c/file,https://health.alaska.gov/media/tcvker5a/ak_rhtp_awardsnotice_2026.xlsx,"§6.2: comma-delimited awardeeName naming 2 recipients, 0 of which pass the §6.1 legal-entity test. One candidate per fragment, routed to review -- the split is a guess about the state's formatting, not a fact. The amount is the FIELD total and is never divided."
ef5e5e40-514d-4dc4-8c71-f0d25b633336,AK,Alaska,SUBAWARD,"Division of Health Care Services, Department of Health",COMMA,2,1,Division of Health Care Services,TRUE,132300,"RCJ published one amount for a field naming 2 recipients. This is the FIELD total, NOT this recipient's award. Never divide it (§6.2) - no source states how it splits.",AK - 2026 - Alaska RHTP Year 1 Awards — $207.69M (Preliminary) Across 217 Projects Through Week 5,https://www.ruralcarejourney.com/api/documents/127ddbb3-c6f5-4524-b95d-56c6cdc2c16c/file,https://health.alaska.gov/media/tcvker5a/ak_rhtp_awardsnotice_2026.xlsx,"§6.2: comma-delimited awardeeName naming 2 recipients, 1 of which pass the §6.1 legal-entity test. One candidate per fragment, routed to review -- the split is a guess about the state's formatting, not a fact. The amount is the FIELD total and is never divided."
ef5e5e40-514d-4dc4-8c71-f0d25b633336,AK,Alaska,SUBAWARD,"Division of Health Care Services, Department of Health",COMMA,2,2,Department of Health,FALSE,132300,"RCJ published one amount for a field naming 2 recipients. This is the FIELD total, NOT this recipient's award. Never divide it (§6.2) - no source states how it splits.",AK - 2026 - Alaska RHTP Year 1 Awards — $207.69M (Preliminary) Across 217 Projects Through Week 5,https://www.ruralcarejourney.com/api/documents/127ddbb3-c6f5-4524-b95d-56c6cdc2c16c/file,https://health.alaska.gov/media/tcvker5a/ak_rhtp_awardsnotice_2026.xlsx,"§6.2: comma-delimited awardeeName naming 2 recipients, 1 of which pass the §6.1 legal-entity test. One candidate per fragment, routed to review -- the split is a guess about the state's formatting, not a fact. The amount is the FIELD total and is never divided."
f5e8af17-f37e-441c-bacb-7cffd88a18af,AK,Alaska,SUBAWARD,"Office of Children's Services, Department of Family & Community Services",COMMA,2,1,Office of Children's Services,FALSE,2000000,"RCJ published one amount for a field naming 2 recipients. This is the FIELD total, NOT this recipient's award. Never divide it (§6.2) - no source states how it splits.",AK - 2026 - Alaska RHTP Year 1 Awards — $207.69M (Preliminary) Across 217 Projects Through Week 5,https://www.ruralcarejourney.com/api/documents/127ddbb3-c6f5-4524-b95d-56c6cdc2c16c/file,https://health.alaska.gov/media/tcvker5a/ak_rhtp_awardsnotice_2026.xlsx,"§6.2: comma-delimited awardeeName naming 2 recipients, 0 of which pass the §6.1 legal-entity test. One candidate per fragment, routed to review -- the split is a guess about the state's formatting, not a fact. The amount is the FIELD total and is never divided."
f5e8af17-f37e-441c-bacb-7cffd88a18af,AK,Alaska,SUBAWARD,"Office of Children's Services, Department of Family & Community Services",COMMA,2,2,Department of Family & Community Services,FALSE,2000000,"RCJ published one amount for a field naming 2 recipients. This is the FIELD total, NOT this recipient's award. Never divide it (§6.2) - no source states how it splits.",AK - 2026 - Alaska RHTP Year 1 Awards — $207.69M (Preliminary) Across 217 Projects Through Week 5,https://www.ruralcarejourney.com/api/documents/127ddbb3-c6f5-4524-b95d-56c6cdc2c16c/file,https://health.alaska.gov/media/tcvker5a/ak_rhtp_awardsnotice_2026.xlsx,"§6.2: comma-delimited awardeeName naming 2 recipients, 0 of which pass the §6.1 legal-entity test. One candidate per fragment, routed to review -- the split is a guess about the state's formatting, not a fact. The amount is the FIELD total and is never divided."
48867b8f-d701-4491-8e7a-1f40b50bf165,DE,Delaware,SUBAWARD,"Mach Investments LLC, Smyrna",COMMA,2,1,Mach Investments LLC,TRUE,412000,"RCJ published one amount for a field naming 2 recipients. This is the FIELD total, NOT this recipient's award. Never divide it (§6.2) - no source states how it splits.",DE - 2026 - large projects awarded downtown development districts funding reservations,https://www.ruralcarejourney.com/api/documents/9a2edad6-b238-482c-9e36-c6ed5096606b/file,https://news.delaware.gov/2026/09/10/large-projects-awarded-downtown-development-districts-funding-reservations,"§6.2: comma-delimited awardeeName naming 2 recipients, 1 of which pass the §6.1 legal-entity test. One candidate per fragment, routed to review -- the split is a guess about the state's formatting, not a fact. The amount is the FIELD total and is never divided."
48867b8f-d701-4491-8e7a-1f40b50bf165,DE,Delaware,SUBAWARD,"Mach Investments LLC, Smyrna",COMMA,2,2,Smyrna,FALSE,412000,"RCJ published one amount for a field naming 2 recipients. This is the FIELD total, NOT this recipient's award. Never divide it (§6.2) - no source states how it splits.",DE - 2026 - large projects awarded downtown development districts funding reservations,https://www.ruralcarejourney.com/api/documents/9a2edad6-b238-482c-9e36-c6ed5096606b/file,https://news.delaware.gov/2026/09/10/large-projects-awarded-downtown-development-districts-funding-reservations,"§6.2: comma-delimited awardeeName naming 2 recipients, 1 of which pass the §6.1 legal-entity test. One candidate per fragment, routed to review -- the split is a guess about the state's formatting, not a fact. The amount is the FIELD total and is never divided."
50d54c39-1773-48ad-a14b-8aa5142b6f43,DE,Delaware,SUBAWARD,"Office Partners XIX Brandywine LLC (two projects), Wilmington",COMMA,2,1,Office Partners XIX Brandywine LLC (two projects),TRUE,973000,"RCJ published one amount for a field naming 2 recipients. This is the FIELD total, NOT this recipient's award. Never divide it (§6.2) - no source states how it splits.",DE - 2026 - large projects awarded downtown development districts funding reservations,https://www.ruralcarejourney.com/api/documents/9a2edad6-b238-482c-9e36-c6ed5096606b/file,https://news.delaware.gov/2026/09/10/large-projects-awarded-downtown-development-districts-funding-reservations,"§6.2: comma-delimited awardeeName naming 2 recipients, 1 of which pass the §6.1 legal-entity test. One candidate per fragment, routed to review -- the split is a guess about the state's formatting, not a fact. The amount is the FIELD total and is never divided."
50d54c39-1773-48ad-a14b-8aa5142b6f43,DE,Delaware,SUBAWARD,"Office Partners XIX Brandywine LLC (two projects), Wilmington",COMMA,2,2,Wilmington,FALSE,973000,"RCJ published one amount for a field naming 2 recipients. This is the FIELD total, NOT this recipient's award. Never divide it (§6.2) - no source states how it splits.",DE - 2026 - large projects awarded downtown development districts funding reservations,https://www.ruralcarejourney.com/api/documents/9a2edad6-b238-482c-9e36-c6ed5096606b/file,https://news.delaware.gov/2026/09/10/large-projects-awarded-downtown-development-districts-funding-reservations,"§6.2: comma-delimited awardeeName naming 2 recipients, 1 of which pass the §6.1 legal-entity test. One candidate per fragment, routed to review -- the split is a guess about the state's formatting, not a fact. The amount is the FIELD total and is never divided."
8fc6e278-05d5-448f-9b96-ad11ddd9c0dd,DE,Delaware,SUBAWARD,"Little Living Org. Inc., Georgetown",COMMA,2,1,Little Living Org. Inc.,TRUE,620000,"RCJ published one amount for a field naming 2 recipients. This is the FIELD total, NOT this recipient's award. Never divide it (§6.2) - no source states how it splits.",DE - 2026 - large projects awarded downtown development districts funding reservations,https://www.ruralcarejourney.com/api/documents/9a2edad6-b238-482c-9e36-c6ed5096606b/file,https://news.delaware.gov/2026/09/10/large-projects-awarded-downtown-development-districts-funding-reservations,"§6.2: comma-delimited awardeeName naming 2 recipients, 1 of which pass the §6.1 legal-entity test. One candidate per fragment, routed to review -- the split is a guess about the state's formatting, not a fact. The amount is the FIELD total and is never divided."
8fc6e278-05d5-448f-9b96-ad11ddd9c0dd,DE,Delaware,SUBAWARD,"Little Living Org. Inc., Georgetown",COMMA,2,2,Georgetown,FALSE,620000,"RCJ published one amount for a field naming 2 recipients. This is the FIELD total, NOT this recipient's award. Never divide it (§6.2) - no source states how it splits.",DE - 2026 - large projects awarded downtown development districts funding reservations,https://www.ruralcarejourney.com/api/documents/9a2edad6-b238-482c-9e36-c6ed5096606b/file,https://news.delaware.gov/2026/09/10/large-projects-awarded-downtown-development-districts-funding-reservations,"§6.2: comma-delimited awardeeName naming 2 recipients, 1 of which pass the §6.1 legal-entity test. One candidate per fragment, routed to review -- the split is a guess about the state's formatting, not a fact. The amount is the FIELD total and is never divided."
9ba09cbc-9770-4147-afe2-d819eb76d2a4,DE,Delaware,SUBAWARD,"Leroy Tice Esquire, Wilmington",COMMA,2,1,Leroy Tice Esquire,FALSE,210000,"RCJ published one amount for a field naming 2 recipients. This is the FIELD total, NOT this recipient's award. Never divide it (§6.2) - no source states how it splits.",DE - 2026 - large projects awarded downtown development districts funding reservations,https://www.ruralcarejourney.com/api/documents/9a2edad6-b238-482c-9e36-c6ed5096606b/file,https://news.delaware.gov/2026/09/10/large-projects-awarded-downtown-development-districts-funding-reservations,"§6.2: comma-delimited awardeeName naming 2 recipients, 0 of which pass the §6.1 legal-entity test. One candidate per fragment, routed to review -- the split is a guess about the state's formatting, not a fact. The amount is the FIELD total and is never divided."
9ba09cbc-9770-4147-afe2-d819eb76d2a4,DE,Delaware,SUBAWARD,"Leroy Tice Esquire, Wilmington",COMMA,2,2,Wilmington,FALSE,210000,"RCJ published one amount for a field naming 2 recipients. This is the FIELD total, NOT this recipient's award. Never divide it (§6.2) - no source states how it splits.",DE - 2026 - large projects awarded downtown development districts funding reservations,https://www.ruralcarejourney.com/api/documents/9a2edad6-b238-482c-9e36-c6ed5096606b/file,https://news.delaware.gov/2026/09/10/large-projects-awarded-downtown-development-districts-funding-reservations,"§6.2: comma-delimited awardeeName naming 2 recipients, 0 of which pass the §6.1 legal-entity test. One candidate per fragment, routed to review -- the split is a guess about the state's formatting, not a fact. The amount is the FIELD total and is never divided."
c4d83502-eea1-4991-ad07-9791f5068cc7,DE,Delaware,SUBAWARD,"Tatnall West II LLC, Wilmington",COMMA,2,1,Tatnall West II LLC,TRUE,343844,"RCJ published one amount for a field naming 2 recipients. This is the FIELD total, NOT this recipient's award. Never divide it (§6.2) - no source states how it splits.",DE - 2026 - large projects awarded downtown development districts funding reservations,https://www.ruralcarejourney.com/api/documents/9a2edad6-b238-482c-9e36-c6ed5096606b/file,https://news.delaware.gov/2026/09/10/large-projects-awarded-downtown-development-districts-funding-reservations,"§6.2: comma-delimited awardeeName naming 2 recipients, 1 of which pass the §6.1 legal-entity test. One candidate per fragment, routed to review -- the split is a guess about the state's formatting, not a fact. The amount is the FIELD total and is never divided."
c4d83502-eea1-4991-ad07-9791f5068cc7,DE,Delaware,SUBAWARD,"Tatnall West II LLC, Wilmington",COMMA,2,2,Wilmington,FALSE,343844,"RCJ published one amount for a field naming 2 recipients. This is the FIELD total, NOT this recipient's award. Never divide it (§6.2) - no source states how it splits.",DE - 2026 - large projects awarded downtown development districts funding reservations,https://www.ruralcarejourney.com/api/documents/9a2edad6-b238-482c-9e36-c6ed5096606b/file,https://news.delaware.gov/2026/09/10/large-projects-awarded-downtown-development-districts-funding-reservations,"§6.2: comma-delimited awardeeName naming 2 recipients, 1 of which pass the §6.1 legal-entity test. One candidate per fragment, routed to review -- the split is a guess about the state's formatting, not a fact. The amount is the FIELD total and is never divided."
f7901bd7-78c6-4b27-80a5-e5c3b2ee9dc5,DE,Delaware,SUBAWARD,"Loockerman Plaza LLC, Dover",COMMA,2,1,Loockerman Plaza LLC,TRUE,680000,"RCJ published one amount for a field naming 2 recipients. This is the FIELD total, NOT this recipient's award. Never divide it (§6.2) - no source states how it splits.",DE - 2026 - large projects awarded downtown development districts funding reservations,https://www.ruralcarejourney.com/api/documents/9a2edad6-b238-482c-9e36-c6ed5096606b/file,https://news.delaware.gov/2026/09/10/large-projects-awarded-downtown-development-districts-funding-reservations,"§6.2: comma-delimited awardeeName naming 2 recipients, 1 of which pass the §6.1 legal-entity test. One candidate per fragment, routed to review -- the split is a guess about the state's formatting, not a fact. The amount is the FIELD total and is never divided."
f7901bd7-78c6-4b27-80a5-e5c3b2ee9dc5,DE,Delaware,SUBAWARD,"Loockerman Plaza LLC, Dover",COMMA,2,2,Dover,FALSE,680000,"RCJ published one amount for a field naming 2 recipients. This is the FIELD total, NOT this recipient's award. Never divide it (§6.2) - no source states how it splits.",DE - 2026 - large projects awarded downtown development districts funding reservations,https://www.ruralcarejourney.com/api/documents/9a2edad6-b238-482c-9e36-c6ed5096606b/file,https://news.delaware.gov/2026/09/10/large-projects-awarded-downtown-development-districts-funding-reservations,"§6.2: comma-delimited awardeeName naming 2 recipients, 1 of which pass the §6.1 legal-entity test. One candidate per fragment, routed to review -- the split is a guess about the state's formatting, not a fact. The amount is the FIELD total and is never divided."
f9080171-3e10-4176-9af3-b560ef2fdde9,DE,Delaware,SUBAWARD,"Nas Homes LLC, Wilmington",COMMA,2,1,Nas Homes LLC,TRUE,194500,"RCJ published one amount for a field naming 2 recipients. This is the FIELD total, NOT this recipient's award. Never divide it (§6.2) - no source states how it splits.",DE - 2026 - large projects awarded downtown development districts funding reservations,https://www.ruralcarejourney.com/api/documents/9a2edad6-b238-482c-9e36-c6ed5096606b/file,https://news.delaware.gov/2026/09/10/large-projects-awarded-downtown-development-districts-funding-reservations,"§6.2: comma-delimited awardeeName naming 2 recipients, 1 of which pass the §6.1 legal-entity test. One candidate per fragment, routed to review -- the split is a guess about the state's formatting, not a fact. The amount is the FIELD total and is never divided."
f9080171-3e10-4176-9af3-b560ef2fdde9,DE,Delaware,SUBAWARD,"Nas Homes LLC, Wilmington",COMMA,2,2,Wilmington,FALSE,194500,"RCJ published one amount for a field naming 2 recipients. This is the FIELD total, NOT this recipient's award. Never divide it (§6.2) - no source states how it splits.",DE - 2026 - large projects awarded downtown development districts funding reservations,https://www.ruralcarejourney.com/api/documents/9a2edad6-b238-482c-9e36-c6ed5096606b/file,https://news.delaware.gov/2026/09/10/large-projects-awarded-downtown-development-districts-funding-reservations,"§6.2: comma-delimited awardeeName naming 2 recipients, 1 of which pass the §6.1 legal-entity test. One candidate per fragment, routed to review -- the split is a guess about the state's formatting, not a fact. The amount is the FIELD total and is never divided."
676c9f47-51cd-455c-b4e4-47e80386c0d7,LA,Louisiana,SUBAWARD,"SR Minden, Southern Roots",COMMA,2,1,SR Minden,FALSE,45000,"RCJ published one amount for a field naming 2 recipients. This is the FIELD total, NOT this recipient's award. Never divide it (§6.2) - no source states how it splits.",LA - 2026 - RHTP Updates September 2026,https://www.ruralcarejourney.com/api/documents/a9ca1f62-aae7-452a-8411-60045083df2d/file,NA,"§6.2: comma-delimited awardeeName naming 2 recipients, 0 of which pass the §6.1 legal-entity test. One candidate per fragment, routed to review -- the split is a guess about the state's formatting, not a fact. The amount is the FIELD total and is never divided."
676c9f47-51cd-455c-b4e4-47e80386c0d7,LA,Louisiana,SUBAWARD,"SR Minden, Southern Roots",COMMA,2,2,Southern Roots,FALSE,45000,"RCJ published one amount for a field naming 2 recipients. This is the FIELD total, NOT this recipient's award. Never divide it (§6.2) - no source states how it splits.",LA - 2026 - RHTP Updates September 2026,https://www.ruralcarejourney.com/api/documents/a9ca1f62-aae7-452a-8411-60045083df2d/file,NA,"§6.2: comma-delimited awardeeName naming 2 recipients, 0 of which pass the §6.1 legal-entity test. One candidate per fragment, routed to review -- the split is a guess about the state's formatting, not a fact. The amount is the FIELD total and is never divided."
4c28e40a-a479-49d6-821f-11dcabf464a6,MI,Michigan,UNASSIGNED,"HELP Community Violence Intervention Program, Saginaw",COMMA,2,1,HELP Community Violence Intervention Program,FALSE,300000,"RCJ published one amount for a field naming 2 recipients. This is the FIELD total, NOT this recipient's award. Never divide it (§6.2) - no source states how it splits.",MI - 2026 - MDHHS awards $1.5 million for community violence intervention efforts,https://www.ruralcarejourney.com/api/documents/6a1ecc27-452c-4b27-9041-3ddeda418ad4/file,NA,"§6.2: comma-delimited awardeeName naming 2 recipients, 0 of which pass the §6.1 legal-entity test. One candidate per fragment, routed to review -- the split is a guess about the state's formatting, not a fact. The amount is the FIELD total and is never divided."
4c28e40a-a479-49d6-821f-11dcabf464a6,MI,Michigan,UNASSIGNED,"HELP Community Violence Intervention Program, Saginaw",COMMA,2,2,Saginaw,FALSE,300000,"RCJ published one amount for a field naming 2 recipients. This is the FIELD total, NOT this recipient's award. Never divide it (§6.2) - no source states how it splits.",MI - 2026 - MDHHS awards $1.5 million for community violence intervention efforts,https://www.ruralcarejourney.com/api/documents/6a1ecc27-452c-4b27-9041-3ddeda418ad4/file,NA,"§6.2: comma-delimited awardeeName naming 2 recipients, 0 of which pass the §6.1 legal-entity test. One candidate per fragment, routed to review -- the split is a guess about the state's formatting, not a fact. The amount is the FIELD total and is never divided."
7b3320a0-b414-4e78-aaf9-13c8b10c8f16,MI,Michigan,SUBAWARD,"Public Health, Delta & Menominee Counties",COMMA,2,1,Public Health,FALSE,83333,"RCJ published one amount for a field naming 2 recipients. This is the FIELD total, NOT this recipient's award. Never divide it (§6.2) - no source states how it splits.",MI - 2026 - RHTP Subrecipients,https://www.ruralcarejourney.com/api/documents/1f028f19-f803-4e21-8939-42620b7be57a/file,https://www.michigan.gov/mdhhs/assistance-programs/medicaid/rural-health-transformation-program/rhtp-subrecipients,"§6.2: comma-delimited awardeeName naming 2 recipients, 0 of which pass the §6.1 legal-entity test. One candidate per fragment, routed to review -- the split is a guess about the state's formatting, not a fact. The amount is the FIELD total and is never divided."
7b3320a0-b414-4e78-aaf9-13c8b10c8f16,MI,Michigan,SUBAWARD,"Public Health, Delta & Menominee Counties",COMMA,2,2,Delta & Menominee Counties,FALSE,83333,"RCJ published one amount for a field naming 2 recipients. This is the FIELD total, NOT this recipient's award. Never divide it (§6.2) - no source states how it splits.",MI - 2026 - RHTP Subrecipients,https://www.ruralcarejourney.com/api/documents/1f028f19-f803-4e21-8939-42620b7be57a/file,https://www.michigan.gov/mdhhs/assistance-programs/medicaid/rural-health-transformation-program/rhtp-subrecipients,"§6.2: comma-delimited awardeeName naming 2 recipients, 0 of which pass the §6.1 legal-entity test. One candidate per fragment, routed to review -- the split is a guess about the state's formatting, not a fact. The amount is the FIELD total and is never divided."
93f46e95-875b-4b10-9b31-80451e636f65,MI,Michigan,SUBAWARD,"Present Pillars, Benton Harbor",COMMA,2,1,Present Pillars,FALSE,300000,"RCJ published one amount for a field naming 2 recipients. This is the FIELD total, NOT this recipient's award. Never divide it (§6.2) - no source states how it splits.",MI - 2026 - MDHHS awards $1.5 million for community violence intervention efforts,https://www.ruralcarejourney.com/api/documents/6a1ecc27-452c-4b27-9041-3ddeda418ad4/file,NA,"§6.2: comma-delimited awardeeName naming 2 recipients, 0 of which pass the §6.1 legal-entity test. One candidate per fragment, routed to review -- the split is a guess about the state's formatting, not a fact. The amount is the FIELD total and is never divided."
93f46e95-875b-4b10-9b31-80451e636f65,MI,Michigan,SUBAWARD,"Present Pillars, Benton Harbor",COMMA,2,2,Benton Harbor,FALSE,300000,"RCJ published one amount for a field naming 2 recipients. This is the FIELD total, NOT this recipient's award. Never divide it (§6.2) - no source states how it splits.",MI - 2026 - MDHHS awards $1.5 million for community violence intervention efforts,https://www.ruralcarejourney.com/api/documents/6a1ecc27-452c-4b27-9041-3ddeda418ad4/file,NA,"§6.2: comma-delimited awardeeName naming 2 recipients, 0 of which pass the §6.1 legal-entity test. One candidate per fragment, routed to review -- the split is a guess about the state's formatting, not a fact. The amount is the FIELD total and is never divided."
a25a010d-ae53-4ffb-9cf4-c1178734c0dd,MI,Michigan,SUBAWARD,"Crim Fitness Foundation, Flint",COMMA,2,1,Crim Fitness Foundation,TRUE,300000,"RCJ published one amount for a field naming 2 recipients. This is the FIELD total, NOT this recipient's award. Never divide it (§6.2) - no source states how it splits.",MI - 2026 - MDHHS awards $1.5 million for community violence intervention efforts,https://www.ruralcarejourney.com/api/documents/6a1ecc27-452c-4b27-9041-3ddeda418ad4/file,NA,"§6.2: comma-delimited awardeeName naming 2 recipients, 1 of which pass the §6.1 legal-entity test. One candidate per fragment, routed to review -- the split is a guess about the state's formatting, not a fact. The amount is the FIELD total and is never divided."
a25a010d-ae53-4ffb-9cf4-c1178734c0dd,MI,Michigan,SUBAWARD,"Crim Fitness Foundation, Flint",COMMA,2,2,Flint,FALSE,300000,"RCJ published one amount for a field naming 2 recipients. This is the FIELD total, NOT this recipient's award. Never divide it (§6.2) - no source states how it splits.",MI - 2026 - MDHHS awards $1.5 million for community violence intervention efforts,https://www.ruralcarejourney.com/api/documents/6a1ecc27-452c-4b27-9041-3ddeda418ad4/file,NA,"§6.2: comma-delimited awardeeName naming 2 recipients, 1 of which pass the §6.1 legal-entity test. One candidate per fragment, routed to review -- the split is a guess about the state's formatting, not a fact. The amount is the FIELD total and is never divided."
46cb53e1-3b53-4ec7-ae4a-4e772db93c2a,MS,Mississippi,SUBAWARD,King&#8217;s Daughters Medical Center,SEMICOLON,2,1,King&#8217,FALSE,960920,"RCJ published one amount for a field naming 2 recipients. This is the FIELD total, NOT this recipient's award. Never divide it (§6.2) - no source states how it splits.",MS - 2026 - Governor Reeves Announces 167 RHTP Awards,https://www.ruralcarejourney.com/api/documents/0e4033b8-e597-41af-9d9b-1fd7cab9d989/file,NA,"§6.2: semicolon-delimited awardeeName naming 2 recipients, 1 of which pass the §6.1 legal-entity test. One candidate per fragment, routed to review -- the split is a guess about the state's formatting, not a fact. The amount is the FIELD total and is never divided."
46cb53e1-3b53-4ec7-ae4a-4e772db93c2a,MS,Mississippi,SUBAWARD,King&#8217;s Daughters Medical Center,SEMICOLON,2,2,s Daughters Medical Center,TRUE,960920,"RCJ published one amount for a field naming 2 recipients. This is the FIELD total, NOT this recipient's award. Never divide it (§6.2) - no source states how it splits.",MS - 2026 - Governor Reeves Announces 167 RHTP Awards,https://www.ruralcarejourney.com/api/documents/0e4033b8-e597-41af-9d9b-1fd7cab9d989/file,NA,"§6.2: semicolon-delimited awardeeName naming 2 recipients, 1 of which pass the §6.1 legal-entity test. One candidate per fragment, routed to review -- the split is a guess about the state's formatting, not a fact. The amount is the FIELD total and is never divided."
551afcd0-18f3-4933-9b45-773e09ca15b2,MS,Mississippi,SUBAWARD,"Daniel B. Story II, DMD",COMMA,2,1,Daniel B. Story II,FALSE,13374,"RCJ published one amount for a field naming 2 recipients. This is the FIELD total, NOT this recipient's award. Never divide it (§6.2) - no source states how it splits.",MS - 2026 - Governor Reeves Announces 167 RHTP Awards,https://www.ruralcarejourney.com/api/documents/0e4033b8-e597-41af-9d9b-1fd7cab9d989/file,NA,"§6.2: comma-delimited awardeeName naming 2 recipients, 0 of which pass the §6.1 legal-entity test. One candidate per fragment, routed to review -- the split is a guess about the state's formatting, not a fact. The amount is the FIELD total and is never divided."
551afcd0-18f3-4933-9b45-773e09ca15b2,MS,Mississippi,SUBAWARD,"Daniel B. Story II, DMD",COMMA,2,2,DMD,FALSE,13374,"RCJ published one amount for a field naming 2 recipients. This is the FIELD total, NOT this recipient's award. Never divide it (§6.2) - no source states how it splits.",MS - 2026 - Governor Reeves Announces 167 RHTP Awards,https://www.ruralcarejourney.com/api/documents/0e4033b8-e597-41af-9d9b-1fd7cab9d989/file,NA,"§6.2: comma-delimited awardeeName naming 2 recipients, 0 of which pass the §6.1 legal-entity test. One candidate per fragment, routed to review -- the split is a guess about the state's formatting, not a fact. The amount is the FIELD total and is never divided."
7b75b135-4959-4cc4-9312-82becffecbaf,MS,Mississippi,SUBAWARD,King&#8217;s Daughters Medical Center,SEMICOLON,2,1,King&#8217,FALSE,326441,"RCJ published one amount for a field naming 2 recipients. This is the FIELD total, NOT this recipient's award. Never divide it (§6.2) - no source states how it splits.",MS - 2026 - Governor Reeves Announces 167 RHTP Awards,https://www.ruralcarejourney.com/api/documents/0e4033b8-e597-41af-9d9b-1fd7cab9d989/file,NA,"§6.2: semicolon-delimited awardeeName naming 2 recipients, 1 of which pass the §6.1 legal-entity test. One candidate per fragment, routed to review -- the split is a guess about the state's formatting, not a fact. The amount is the FIELD total and is never divided."
7b75b135-4959-4cc4-9312-82becffecbaf,MS,Mississippi,SUBAWARD,King&#8217;s Daughters Medical Center,SEMICOLON,2,2,s Daughters Medical Center,TRUE,326441,"RCJ published one amount for a field naming 2 recipients. This is the FIELD total, NOT this recipient's award. Never divide it (§6.2) - no source states how it splits.",MS - 2026 - Governor Reeves Announces 167 RHTP Awards,https://www.ruralcarejourney.com/api/documents/0e4033b8-e597-41af-9d9b-1fd7cab9d989/file,NA,"§6.2: semicolon-delimited awardeeName naming 2 recipients, 1 of which pass the §6.1 legal-entity test. One candidate per fragment, routed to review -- the split is a guess about the state's formatting, not a fact. The amount is the FIELD total and is never divided."
86c43274-f2dd-4cad-ba1f-d2acc89894cb,MS,Mississippi,SUBAWARD,Mississippi Children&#8217;s Home Society dba Canopy Children&#8217;s Solutions,SEMICOLON,3,1,Mississippi Children&#8217,FALSE,320250,"RCJ published one amount for a field naming 3 recipients. This is the FIELD total, NOT this recipient's award. Never divide it (§6.2) - no source states how it splits.",MS - 2026 - Governor Reeves Announces 167 RHTP Awards,https://www.ruralcarejourney.com/api/documents/0e4033b8-e597-41af-9d9b-1fd7cab9d989/file,NA,"§6.2: semicolon-delimited awardeeName naming 3 recipients, 1 of which pass the §6.1 legal-entity test. One candidate per fragment, routed to review -- the split is a guess about the state's formatting, not a fact. The amount is the FIELD total and is never divided."
86c43274-f2dd-4cad-ba1f-d2acc89894cb,MS,Mississippi,SUBAWARD,Mississippi Children&#8217;s Home Society dba Canopy Children&#8217;s Solutions,SEMICOLON,3,2,s Home Society dba Canopy Children&#8217,TRUE,320250,"RCJ published one amount for a field naming 3 recipients. This is the FIELD total, NOT this recipient's award. Never divide it (§6.2) - no source states how it splits.",MS - 2026 - Governor Reeves Announces 167 RHTP Awards,https://www.ruralcarejourney.com/api/documents/0e4033b8-e597-41af-9d9b-1fd7cab9d989/file,NA,"§6.2: semicolon-delimited awardeeName naming 3 recipients, 1 of which pass the §6.1 legal-entity test. One candidate per fragment, routed to review -- the split is a guess about the state's formatting, not a fact. The amount is the FIELD total and is never divided."
86c43274-f2dd-4cad-ba1f-d2acc89894cb,MS,Mississippi,SUBAWARD,Mississippi Children&#8217;s Home Society dba Canopy Children&#8217;s Solutions,SEMICOLON,3,3,s Solutions,FALSE,320250,"RCJ published one amount for a field naming 3 recipients. This is the FIELD total, NOT this recipient's award. Never divide it (§6.2) - no source states how it splits.",MS - 2026 - Governor Reeves Announces 167 RHTP Awards,https://www.ruralcarejourney.com/api/documents/0e4033b8-e597-41af-9d9b-1fd7cab9d989/file,NA,"§6.2: semicolon-delimited awardeeName naming 3 recipients, 1 of which pass the §6.1 legal-entity test. One candidate per fragment, routed to review -- the split is a guess about the state's formatting, not a fact. The amount is the FIELD total and is never divided."
d9e086cb-2696-4d9a-b624-e04298a54ae1,MS,Mississippi,SUBAWARD,"Lampton Medical Associates, P. A.",COMMA,2,1,Lampton Medical Associates,FALSE,2009435,"RCJ published one amount for a field naming 2 recipients. This is the FIELD total, NOT this recipient's award. Never divide it (§6.2) - no source states how it splits.",MS - 2026 - Governor Reeves Announces 167 RHTP Awards,https://www.ruralcarejourney.com/api/documents/0e4033b8-e597-41af-9d9b-1fd7cab9d989/file,NA,"§6.2: comma-delimited awardeeName naming 2 recipients, 0 of which pass the §6.1 legal-entity test. One candidate per fragment, routed to review -- the split is a guess about the state's formatting, not a fact. The amount is the FIELD total and is never divided."
d9e086cb-2696-4d9a-b624-e04298a54ae1,MS,Mississippi,SUBAWARD,"Lampton Medical Associates, P. A.",COMMA,2,2,P. A.,FALSE,2009435,"RCJ published one amount for a field naming 2 recipients. This is the FIELD total, NOT this recipient's award. Never divide it (§6.2) - no source states how it splits.",MS - 2026 - Governor Reeves Announces 167 RHTP Awards,https://www.ruralcarejourney.com/api/documents/0e4033b8-e597-41af-9d9b-1fd7cab9d989/file,NA,"§6.2: comma-delimited awardeeName naming 2 recipients, 0 of which pass the §6.1 legal-entity test. One candidate per fragment, routed to review -- the split is a guess about the state's formatting, not a fact. The amount is the FIELD total and is never divided."
232dd45d-df64-46cb-8e84-4f17ab34587e,NV,Nevada,SUBAWARD,"University of Nevada, Las Vegas Ophthalmology Residency Program",COMMA,2,1,University of Nevada,TRUE,2995893,"RCJ published one amount for a field naming 2 recipients. This is the FIELD total, NOT this recipient's award. Never divide it (§6.2) - no source states how it splits.",Nevada Home Working Together RHTP 2026 Award Announcement,https://www.ruralcarejourney.com/api/documents/8e77743a-e92d-44ed-a474-c1eded561caa/file,NA,"§6.2: comma-delimited awardeeName naming 2 recipients, 1 of which pass the §6.1 legal-entity test. One candidate per fragment, routed to review -- the split is a guess about the state's formatting, not a fact. The amount is the FIELD total and is never divided."
232dd45d-df64-46cb-8e84-4f17ab34587e,NV,Nevada,SUBAWARD,"University of Nevada, Las Vegas Ophthalmology Residency Program",COMMA,2,2,Las Vegas Ophthalmology Residency Program,FALSE,2995893,"RCJ published one amount for a field naming 2 recipients. This is the FIELD total, NOT this recipient's award. Never divide it (§6.2) - no source states how it splits.",Nevada Home Working Together RHTP 2026 Award Announcement,https://www.ruralcarejourney.com/api/documents/8e77743a-e92d-44ed-a474-c1eded561caa/file,NA,"§6.2: comma-delimited awardeeName naming 2 recipients, 1 of which pass the §6.1 legal-entity test. One candidate per fragment, routed to review -- the split is a guess about the state's formatting, not a fact. The amount is the FIELD total and is never divided."
5bcd08ee-f2c7-42df-9901-433b8f23b717,NV,Nevada,SUBAWARD,"University of Nevada, Reno Pulmonary Disease and Critical Care Medicine Fellowship Program",COMMA,2,1,University of Nevada,TRUE,919303,"RCJ published one amount for a field naming 2 recipients. This is the FIELD total, NOT this recipient's award. Never divide it (§6.2) - no source states how it splits.",Nevada Home Working Together RHTP 2026 Award Announcement,https://www.ruralcarejourney.com/api/documents/8e77743a-e92d-44ed-a474-c1eded561caa/file,NA,"§6.2: comma-delimited awardeeName naming 2 recipients, 1 of which pass the §6.1 legal-entity test. One candidate per fragment, routed to review -- the split is a guess about the state's formatting, not a fact. The amount is the FIELD total and is never divided."
5bcd08ee-f2c7-42df-9901-433b8f23b717,NV,Nevada,SUBAWARD,"University of Nevada, Reno Pulmonary Disease and Critical Care Medicine Fellowship Program",COMMA,2,2,Reno Pulmonary Disease and Critical Care Medicine Fellowship Program,FALSE,919303,"RCJ published one amount for a field naming 2 recipients. This is the FIELD total, NOT this recipient's award. Never divide it (§6.2) - no source states how it splits.",Nevada Home Working Together RHTP 2026 Award Announcement,https://www.ruralcarejourney.com/api/documents/8e77743a-e92d-44ed-a474-c1eded561caa/file,NA,"§6.2: comma-delimited awardeeName naming 2 recipients, 1 of which pass the §6.1 legal-entity test. One candidate per fragment, routed to review -- the split is a guess about the state's formatting, not a fact. The amount is the FIELD total and is never divided."
71e99b49-0f00-4f3e-a5c5-f038c3559a46,NV,Nevada,SUBAWARD,"University of Nevada, Reno Obstetrics and Gynecology Residency Program",COMMA,2,1,University of Nevada,TRUE,1957173,"RCJ published one amount for a field naming 2 recipients. This is the FIELD total, NOT this recipient's award. Never divide it (§6.2) - no source states how it splits.",Nevada Home Working Together RHTP 2026 Award Announcement,https://www.ruralcarejourney.com/api/documents/8e77743a-e92d-44ed-a474-c1eded561caa/file,NA,"§6.2: comma-delimited awardeeName naming 2 recipients, 1 of which pass the §6.1 legal-entity test. One candidate per fragment, routed to review -- the split is a guess about the state's formatting, not a fact. The amount is the FIELD total and is never divided."
71e99b49-0f00-4f3e-a5c5-f038c3559a46,NV,Nevada,SUBAWARD,"University of Nevada, Reno Obstetrics and Gynecology Residency Program",COMMA,2,2,Reno Obstetrics and Gynecology Residency Program,FALSE,1957173,"RCJ published one amount for a field naming 2 recipients. This is the FIELD total, NOT this recipient's award. Never divide it (§6.2) - no source states how it splits.",Nevada Home Working Together RHTP 2026 Award Announcement,https://www.ruralcarejourney.com/api/documents/8e77743a-e92d-44ed-a474-c1eded561caa/file,NA,"§6.2: comma-delimited awardeeName naming 2 recipients, 1 of which pass the §6.1 legal-entity test. One candidate per fragment, routed to review -- the split is a guess about the state's formatting, not a fact. The amount is the FIELD total and is never divided."
d1838ff2-0ef0-46c4-b92e-b6ed2fdfbd50,NV,Nevada,SUBAWARD,"University of Nevada, Reno General Surgery Residency Program",COMMA,2,1,University of Nevada,TRUE,1672444,"RCJ published one amount for a field naming 2 recipients. This is the FIELD total, NOT this recipient's award. Never divide it (§6.2) - no source states how it splits.",Nevada Home Working Together RHTP 2026 Award Announcement,https://www.ruralcarejourney.com/api/documents/8e77743a-e92d-44ed-a474-c1eded561caa/file,NA,"§6.2: comma-delimited awardeeName naming 2 recipients, 1 of which pass the §6.1 legal-entity test. One candidate per fragment, routed to review -- the split is a guess about the state's formatting, not a fact. The amount is the FIELD total and is never divided."
d1838ff2-0ef0-46c4-b92e-b6ed2fdfbd50,NV,Nevada,SUBAWARD,"University of Nevada, Reno General Surgery Residency Program",COMMA,2,2,Reno General Surgery Residency Program,FALSE,1672444,"RCJ published one amount for a field naming 2 recipients. This is the FIELD total, NOT this recipient's award. Never divide it (§6.2) - no source states how it splits.",Nevada Home Working Together RHTP 2026 Award Announcement,https://www.ruralcarejourney.com/api/documents/8e77743a-e92d-44ed-a474-c1eded561caa/file,NA,"§6.2: comma-delimited awardeeName naming 2 recipients, 1 of which pass the §6.1 legal-entity test. One candidate per fragment, routed to review -- the split is a guess about the state's formatting, not a fact. The amount is the FIELD total and is never divided."
f86e53a4-a760-4d5b-92af-346046a458d2,NV,Nevada,SUBAWARD,"University of Nevada, Las Vegas Otolaryngology Residency Expansion Program",COMMA,2,1,University of Nevada,TRUE,401397,"RCJ published one amount for a field naming 2 recipients. This is the FIELD total, NOT this recipient's award. Never divide it (§6.2) - no source states how it splits.",Nevada Home Working Together RHTP 2026 Award Announcement,https://www.ruralcarejourney.com/api/documents/8e77743a-e92d-44ed-a474-c1eded561caa/file,NA,"§6.2: comma-delimited awardeeName naming 2 recipients, 1 of which pass the §6.1 legal-entity test. One candidate per fragment, routed to review -- the split is a guess about the state's formatting, not a fact. The amount is the FIELD total and is never divided."
f86e53a4-a760-4d5b-92af-346046a458d2,NV,Nevada,SUBAWARD,"University of Nevada, Las Vegas Otolaryngology Residency Expansion Program",COMMA,2,2,Las Vegas Otolaryngology Residency Expansion Program,FALSE,401397,"RCJ published one amount for a field naming 2 recipients. This is the FIELD total, NOT this recipient's award. Never divide it (§6.2) - no source states how it splits.",Nevada Home Working Together RHTP 2026 Award Announcement,https://www.ruralcarejourney.com/api/documents/8e77743a-e92d-44ed-a474-c1eded561caa/file,NA,"§6.2: comma-delimited awardeeName naming 2 recipients, 1 of which pass the §6.1 legal-entity test. One candidate per fragment, routed to review -- the split is a guess about the state's formatting, not a fact. The amount is the FIELD total and is never divided."
287e4178-ae41-4f2f-90a7-654693c146d7,OR,Oregon,SUBAWARD,"Alano Club, Comagine Health, Tabor North",COMMA,3,1,Alano Club,FALSE,1113000,"RCJ published one amount for a field naming 3 recipients. This is the FIELD total, NOT this recipient's award. Never divide it (§6.2) - no source states how it splits.",OR - 2026 - OHA announces grants to advance rural healthcare in every Oregon county,https://www.ruralcarejourney.com/api/documents/2cac1a8b-930c-4ed4-82b8-428f9ac652af/file,NA,"§6.2: comma-delimited awardeeName naming 3 recipients, 0 of which pass the §6.1 legal-entity test. One candidate per fragment, routed to review -- the split is a guess about the state's formatting, not a fact. The amount is the FIELD total and is never divided."
287e4178-ae41-4f2f-90a7-654693c146d7,OR,Oregon,SUBAWARD,"Alano Club, Comagine Health, Tabor North",COMMA,3,2,Comagine Health,FALSE,1113000,"RCJ published one amount for a field naming 3 recipients. This is the FIELD total, NOT this recipient's award. Never divide it (§6.2) - no source states how it splits.",OR - 2026 - OHA announces grants to advance rural healthcare in every Oregon county,https://www.ruralcarejourney.com/api/documents/2cac1a8b-930c-4ed4-82b8-428f9ac652af/file,NA,"§6.2: comma-delimited awardeeName naming 3 recipients, 0 of which pass the §6.1 legal-entity test. One candidate per fragment, routed to review -- the split is a guess about the state's formatting, not a fact. The amount is the FIELD total and is never divided."
287e4178-ae41-4f2f-90a7-654693c146d7,OR,Oregon,SUBAWARD,"Alano Club, Comagine Health, Tabor North",COMMA,3,3,Tabor North,FALSE,1113000,"RCJ published one amount for a field naming 3 recipients. This is the FIELD total, NOT this recipient's award. Never divide it (§6.2) - no source states how it splits.",OR - 2026 - OHA announces grants to advance rural healthcare in every Oregon county,https://www.ruralcarejourney.com/api/documents/2cac1a8b-930c-4ed4-82b8-428f9ac652af/file,NA,"§6.2: comma-delimited awardeeName naming 3 recipients, 0 of which pass the §6.1 legal-entity test. One candidate per fragment, routed to review -- the split is a guess about the state's formatting, not a fact. The amount is the FIELD total and is never divided."
303bc50f-2cda-4e0c-a785-98bb4b3c69ac,OR,Oregon,SUBAWARD,"Adventist Health – Estacada; Adventist Health – Manzanita; Adventist Health – Pacific City; Adventist Health – Vernonia; Adventist Health Specialty Clinic; Adventist Health Women’s and Family Health; Aumsville Medical Clinic; Cascade Medical Clinic; CHI St. Anthony Hospital Family Clinic; CMH Astoria Primary Care Clinic; CMH Primary Care & Urgent Care-Seaside; CMH Warrenton Primary Care Clinic; Coastal Health Practitioners; Columbia Gorge Family Medicine; Columbia River Women's Center; Curry Family Medical; Curry Medical North; Dallas Family Care; Dunes Family Health Care; Evergreen Family Medicine; Evergreen Family Medicine - Sutherlin; Evergreen Family Medicine (Harvard); Evergreen Family Medicine South; Family Health Associates; Family Health Associates Umatilla Clinic; Good Shepherd Medical Group; Grande Ronde Hospital Elgin Clinic; Grande Ronde Hospital Regional Medical Clinic; Grande Ronde Hospital Union Clinic; Grande Ronde Hospital Urgent Care; Grande Ronde Hospital Womens & Childrens Clinic; Grant County Health Department; Harney County Health Department; Harney District Hospital Family Care; Ione Community Clinic; Irrigon Medical Clinic; La Grande Family Medicine; Lake Health Clinic; Legacy Medical Group - Firwood; Legacy Medical Group - Mt. Angel; Legacy Medical Group - Silverton; Legacy Medical Group - St Helens; Legacy Medical Group - Woodburn Health Center; Madras Medical Group; Malheur Memorial Health Center; MCMC Family Medicine; McMinnville Internal Medicine; North Bend Medical Center Bandon; North Bend Medical Center, Inc Immediate Care; Oak Street Health Care Center; OHSU Primary Care Clinic, Scappoose; Orchid Health; Orchid Health Fern Ridge Clinic; Orchid Health McKenzie River Clinic; Orchid Health Wade Creek Clinic; Oregon Integrated Health - Florence; Park Street Clinic; Pediatric Specialists of Pendleton; Pendleton Family Medicine; Pine Eagle Clinic; Pioneer Memorial Clinic; Providence Cannon Beach Clinic; Providence Internal Medicine - Hood River; Providence Seaside Clinic; Providence Warrenton Clinic; Salem Health Medical Clinic Woodburn; Samaritan Coastal Clinic; Samaritan Depoe Bay Clinic; Samaritan Family Medicine - Brownsville; Samaritan Family Medicine - Main St; Samaritan Family Medicine Resident Clinic – Lebanon; Samaritan Health Center-Newport; Samaritan Lebanon Community Hospital Medical Clinic Sweet Home; Samaritan Lebanon Health Center; Samaritan Lincoln City Medical Center; Samaritan Toledo Clinic; Samaritan Urgent Care Walk-In Clinic - Lebanon; Samaritan Waldport Clinic; Santiam Internal Medicine Clinic; Santiam Medical Associates; Santiam Medical Clinic; Sherman County Medical Clinic; Siskiyou Pediatric Clinic, LLP; South Gilliam Health Center; St. Alphonsus Family Medicine Clinic; St. Charles Family Care Prineville; St. Lukes Clinic-Eastern Oregon Medical Associates; Strawberry Wilderness Community Clinic; Sublimity Medical Clinic; Thrivewell Clinic; Umpqua Health Newton Creek; UrgentCare NW Astoria PC; Wallowa Memorial Medical Clinic - Downtown; Wallowa Memorial Medical Clinic - Enterprise; Wallowa Memorial Medical Clinic - Joseph; Wallowa Memorial Medical Clinic - Wallowa; Warner Mountain Medical Clinic; Water's Edge Medical Clinic; West Hills Family Care; Women's Healthcare Associates; Woodburn Pediatric Clinic",SEMICOLON,102,1,Adventist Health - Estacada,FALSE,10000000,"RCJ published one amount for a field naming 102 recipients. This is the FIELD total, NOT this recipient's award. Never divide it (§6.2) - no source states how it splits.",OR - 2026 - What is the RHTP?,https://www.ruralcarejourney.com/api/documents/f6c8e968-6eea-426b-b4bd-faf617e0c220/file,NA,"§6.2: semicolon-delimited awardeeName naming 102 recipients, 61 of which pass the §6.1 legal-entity test. One candidate per fragment, routed to review -- the split is a guess about the state's formatting, not a fact. The amount is the FIELD total and is never divided."
303bc50f-2cda-4e0c-a785-98bb4b3c69ac,OR,Oregon,SUBAWARD,"Adventist Health – Estacada; Adventist Health – Manzanita; Adventist Health – Pacific City; Adventist Health – Vernonia; Adventist Health Specialty Clinic; Adventist Health Women’s and Family Health; Aumsville Medical Clinic; Cascade Medical Clinic; CHI St. Anthony Hospital Family Clinic; CMH Astoria Primary Care Clinic; CMH Primary Care & Urgent Care-Seaside; CMH Warrenton Primary Care Clinic; Coastal Health Practitioners; Columbia Gorge Family Medicine; Columbia River Women's Center; Curry Family Medical; Curry Medical North; Dallas Family Care; Dunes Family Health Care; Evergreen Family Medicine; Evergreen Family Medicine - Sutherlin; Evergreen Family Medicine (Harvard); Evergreen Family Medicine South; Family Health Associates; Family Health Associates Umatilla Clinic; Good Shepherd Medical Group; Grande Ronde Hospital Elgin Clinic; Grande Ronde Hospital Regional Medical Clinic; Grande Ronde Hospital Union Clinic; Grande Ronde Hospital Urgent Care; Grande Ronde Hospital Womens & Childrens Clinic; Grant County Health Department; Harney County Health Department; Harney District Hospital Family Care; Ione Community Clinic; Irrigon Medical Clinic; La Grande Family Medicine; Lake Health Clinic; Legacy Medical Group - Firwood; Legacy Medical Group - Mt. Angel; Legacy Medical Group - Silverton; Legacy Medical Group - St Helens; Legacy Medical Group - Woodburn Health Center; Madras Medical Group; Malheur Memorial Health Center; MCMC Family Medicine; McMinnville Internal Medicine; North Bend Medical Center Bandon; North Bend Medical Center, Inc Immediate Care; Oak Street Health Care Center; OHSU Primary Care Clinic, Scappoose; Orchid Health; Orchid Health Fern Ridge Clinic; Orchid Health McKenzie River Clinic; Orchid Health Wade Creek Clinic; Oregon Integrated Health - Florence; Park Street Clinic; Pediatric Specialists of Pendleton; Pendleton Family Medicine; Pine Eagle Clinic; Pioneer Memorial Clinic; Providence Cannon Beach Clinic; Providence Internal Medicine - Hood River; Providence Seaside Clinic; Providence Warrenton Clinic; Salem Health Medical Clinic Woodburn; Samaritan Coastal Clinic; Samaritan Depoe Bay Clinic; Samaritan Family Medicine - Brownsville; Samaritan Family Medicine - Main St; Samaritan Family Medicine Resident Clinic – Lebanon; Samaritan Health Center-Newport; Samaritan Lebanon Community Hospital Medical Clinic Sweet Home; Samaritan Lebanon Health Center; Samaritan Lincoln City Medical Center; Samaritan Toledo Clinic; Samaritan Urgent Care Walk-In Clinic - Lebanon; Samaritan Waldport Clinic; Santiam Internal Medicine Clinic; Santiam Medical Associates; Santiam Medical Clinic; Sherman County Medical Clinic; Siskiyou Pediatric Clinic, LLP; South Gilliam Health Center; St. Alphonsus Family Medicine Clinic; St. Charles Family Care Prineville; St. Lukes Clinic-Eastern Oregon Medical Associates; Strawberry Wilderness Community Clinic; Sublimity Medical Clinic; Thrivewell Clinic; Umpqua Health Newton Creek; UrgentCare NW Astoria PC; Wallowa Memorial Medical Clinic - Downtown; Wallowa Memorial Medical Clinic - Enterprise; Wallowa Memorial Medical Clinic - Joseph; Wallowa Memorial Medical Clinic - Wallowa; Warner Mountain Medical Clinic; Water's Edge Medical Clinic; West Hills Family Care; Women's Healthcare Associates; Woodburn Pediatric Clinic",SEMICOLON,102,2,Adventist Health - Manzanita,FALSE,10000000,"RCJ published one amount for a field naming 102 recipients. This is the FIELD total, NOT this recipient's award. Never divide it (§6.2) - no source states how it splits.",OR - 2026 - What is the RHTP?,https://www.ruralcarejourney.com/api/documents/f6c8e968-6eea-426b-b4bd-faf617e0c220/file,NA,"§6.2: semicolon-delimited awardeeName naming 102 recipients, 61 of which pass the §6.1 legal-entity test. One candidate per fragment, routed to review -- the split is a guess about the state's formatting, not a fact. The amount is the FIELD total and is never divided."
303bc50f-2cda-4e0c-a785-98bb4b3c69ac,OR,Oregon,SUBAWARD,"Adventist Health – Estacada; Adventist Health – Manzanita; Adventist Health – Pacific City; Adventist Health – Vernonia; Adventist Health Specialty Clinic; Adventist Health Women’s and Family Health; Aumsville Medical Clinic; Cascade Medical Clinic; CHI St. Anthony Hospital Family Clinic; CMH Astoria Primary Care Clinic; CMH Primary Care & Urgent Care-Seaside; CMH Warrenton Primary Care Clinic; Coastal Health Practitioners; Columbia Gorge Family Medicine; Columbia River Women's Center; Curry Family Medical; Curry Medical North; Dallas Family Care; Dunes Family Health Care; Evergreen Family Medicine; Evergreen Family Medicine - Sutherlin; Evergreen Family Medicine (Harvard); Evergreen Family Medicine South; Family Health Associates; Family Health Associates Umatilla Clinic; Good Shepherd Medical Group; Grande Ronde Hospital Elgin Clinic; Grande Ronde Hospital Regional Medical Clinic; Grande Ronde Hospital Union Clinic; Grande Ronde Hospital Urgent Care; Grande Ronde Hospital Womens & Childrens Clinic; Grant County Health Department; Harney County Health Department; Harney District Hospital Family Care; Ione Community Clinic; Irrigon Medical Clinic; La Grande Family Medicine; Lake Health Clinic; Legacy Medical Group - Firwood; Legacy Medical Group - Mt. Angel; Legacy Medical Group - Silverton; Legacy Medical Group - St Helens; Legacy Medical Group - Woodburn Health Center; Madras Medical Group; Malheur Memorial Health Center; MCMC Family Medicine; McMinnville Internal Medicine; North Bend Medical Center Bandon; North Bend Medical Center, Inc Immediate Care; Oak Street Health Care Center; OHSU Primary Care Clinic, Scappoose; Orchid Health; Orchid Health Fern Ridge Clinic; Orchid Health McKenzie River Clinic; Orchid Health Wade Creek Clinic; Oregon Integrated Health - Florence; Park Street Clinic; Pediatric Specialists of Pendleton; Pendleton Family Medicine; Pine Eagle Clinic; Pioneer Memorial Clinic; Providence Cannon Beach Clinic; Providence Internal Medicine - Hood River; Providence Seaside Clinic; Providence Warrenton Clinic; Salem Health Medical Clinic Woodburn; Samaritan Coastal Clinic; Samaritan Depoe Bay Clinic; Samaritan Family Medicine - Brownsville; Samaritan Family Medicine - Main St; Samaritan Family Medicine Resident Clinic – Lebanon; Samaritan Health Center-Newport; Samaritan Lebanon Community Hospital Medical Clinic Sweet Home; Samaritan Lebanon Health Center; Samaritan Lincoln City Medical Center; Samaritan Toledo Clinic; Samaritan Urgent Care Walk-In Clinic - Lebanon; Samaritan Waldport Clinic; Santiam Internal Medicine Clinic; Santiam Medical Associates; Santiam Medical Clinic; Sherman County Medical Clinic; Siskiyou Pediatric Clinic, LLP; South Gilliam Health Center; St. Alphonsus Family Medicine Clinic; St. Charles Family Care Prineville; St. Lukes Clinic-Eastern Oregon Medical Associates; Strawberry Wilderness Community Clinic; Sublimity Medical Clinic; Thrivewell Clinic; Umpqua Health Newton Creek; UrgentCare NW Astoria PC; Wallowa Memorial Medical Clinic - Downtown; Wallowa Memorial Medical Clinic - Enterprise; Wallowa Memorial Medical Clinic - Joseph; Wallowa Memorial Medical Clinic - Wallowa; Warner Mountain Medical Clinic; Water's Edge Medical Clinic; West Hills Family Care; Women's Healthcare Associates; Woodburn Pediatric Clinic",SEMICOLON,102,3,Adventist Health - Pacific City,FALSE,10000000,"RCJ published one amount for a field naming 102 recipients. This is the FIELD total, NOT this recipient's award. Never divide it (§6.2) - no source states how it splits.",OR - 2026 - What is the RHTP?,https://www.ruralcarejourney.com/api/documents/f6c8e968-6eea-426b-b4bd-faf617e0c220/file,NA,"§6.2: semicolon-delimited awardeeName naming 102 recipients, 61 of which pass the §6.1 legal-entity test. One candidate per fragment, routed to review -- the split is a guess about the state's formatting, not a fact. The amount is the FIELD total and is never divided."
303bc50f-2cda-4e0c-a785-98bb4b3c69ac,OR,Oregon,SUBAWARD,"Adventist Health – Estacada; Adventist Health – Manzanita; Adventist Health – Pacific City; Adventist Health – Vernonia; Adventist Health Specialty Clinic; Adventist Health Women’s and Family Health; Aumsville Medical Clinic; Cascade Medical Clinic; CHI St. Anthony Hospital Family Clinic; CMH Astoria Primary Care Clinic; CMH Primary Care & Urgent Care-Seaside; CMH Warrenton Primary Care Clinic; Coastal Health Practitioners; Columbia Gorge Family Medicine; Columbia River Women's Center; Curry Family Medical; Curry Medical North; Dallas Family Care; Dunes Family Health Care; Evergreen Family Medicine; Evergreen Family Medicine - Sutherlin; Evergreen Family Medicine (Harvard); Evergreen Family Medicine South; Family Health Associates; Family Health Associates Umatilla Clinic; Good Shepherd Medical Group; Grande Ronde Hospital Elgin Clinic; Grande Ronde Hospital Regional Medical Clinic; Grande Ronde Hospital Union Clinic; Grande Ronde Hospital Urgent Care; Grande Ronde Hospital Womens & Childrens Clinic; Grant County Health Department; Harney County Health Department; Harney District Hospital Family Care; Ione Community Clinic; Irrigon Medical Clinic; La Grande Family Medicine; Lake Health Clinic; Legacy Medical Group - Firwood; Legacy Medical Group - Mt. Angel; Legacy Medical Group - Silverton; Legacy Medical Group - St Helens; Legacy Medical Group - Woodburn Health Center; Madras Medical Group; Malheur Memorial Health Center; MCMC Family Medicine; McMinnville Internal Medicine; North Bend Medical Center Bandon; North Bend Medical Center, Inc Immediate Care; Oak Street Health Care Center; OHSU Primary Care Clinic, Scappoose; Orchid Health; Orchid Health Fern Ridge Clinic; Orchid Health McKenzie River Clinic; Orchid Health Wade Creek Clinic; Oregon Integrated Health - Florence; Park Street Clinic; Pediatric Specialists of Pendleton; Pendleton Family Medicine; Pine Eagle Clinic; Pioneer Memorial Clinic; Providence Cannon Beach Clinic; Providence Internal Medicine - Hood River; Providence Seaside Clinic; Providence Warrenton Clinic; Salem Health Medical Clinic Woodburn; Samaritan Coastal Clinic; Samaritan Depoe Bay Clinic; Samaritan Family Medicine - Brownsville; Samaritan Family Medicine - Main St; Samaritan Family Medicine Resident Clinic – Lebanon; Samaritan Health Center-Newport; Samaritan Lebanon Community Hospital Medical Clinic Sweet Home; Samaritan Lebanon Health Center; Samaritan Lincoln City Medical Center; Samaritan Toledo Clinic; Samaritan Urgent Care Walk-In Clinic - Lebanon; Samaritan Waldport Clinic; Santiam Internal Medicine Clinic; Santiam Medical Associates; Santiam Medical Clinic; Sherman County Medical Clinic; Siskiyou Pediatric Clinic, LLP; South Gilliam Health Center; St. Alphonsus Family Medicine Clinic; St. Charles Family Care Prineville; St. Lukes Clinic-Eastern Oregon Medical Associates; Strawberry Wilderness Community Clinic; Sublimity Medical Clinic; Thrivewell Clinic; Umpqua Health Newton Creek; UrgentCare NW Astoria PC; Wallowa Memorial Medical Clinic - Downtown; Wallowa Memorial Medical Clinic - Enterprise; Wallowa Memorial Medical Clinic - Joseph; Wallowa Memorial Medical Clinic - Wallowa; Warner Mountain Medical Clinic; Water's Edge Medical Clinic; West Hills Family Care; Women's Healthcare Associates; Woodburn Pediatric Clinic",SEMICOLON,102,4,Adventist Health - Vernonia,FALSE,10000000,"RCJ published one amount for a field naming 102 recipients. This is the FIELD total, NOT this recipient's award. Never divide it (§6.2) - no source states how it splits.",OR - 2026 - What is the RHTP?,https://www.ruralcarejourney.com/api/documents/f6c8e968-6eea-426b-b4bd-faf617e0c220/file,NA,"§6.2: semicolon-delimited awardeeName naming 102 recipients, 61 of which pass the §6.1 legal-entity test. One candidate per fragment, routed to review -- the split is a guess about the state's formatting, not a fact. The amount is the FIELD total and is never divided."
303bc50f-2cda-4e0c-a785-98bb4b3c69ac,OR,Oregon,SUBAWARD,"Adventist Health – Estacada; Adventist Health – Manzanita; Adventist Health – Pacific City; Adventist Health – Vernonia; Adventist Health Specialty Clinic; Adventist Health Women’s and Family Health; Aumsville Medical Clinic; Cascade Medical Clinic; CHI St. Anthony Hospital Family Clinic; CMH Astoria Primary Care Clinic; CMH Primary Care & Urgent Care-Seaside; CMH Warrenton Primary Care Clinic; Coastal Health Practitioners; Columbia Gorge Family Medicine; Columbia River Women's Center; Curry Family Medical; Curry Medical North; Dallas Family Care; Dunes Family Health Care; Evergreen Family Medicine; Evergreen Family Medicine - Sutherlin; Evergreen Family Medicine (Harvard); Evergreen Family Medicine South; Family Health Associates; Family Health Associates Umatilla Clinic; Good Shepherd Medical Group; Grande Ronde Hospital Elgin Clinic; Grande Ronde Hospital Regional Medical Clinic; Grande Ronde Hospital Union Clinic; Grande Ronde Hospital Urgent Care; Grande Ronde Hospital Womens & Childrens Clinic; Grant County Health Department; Harney County Health Department; Harney District Hospital Family Care; Ione Community Clinic; Irrigon Medical Clinic; La Grande Family Medicine; Lake Health Clinic; Legacy Medical Group - Firwood; Legacy Medical Group - Mt. Angel; Legacy Medical Group - Silverton; Legacy Medical Group - St Helens; Legacy Medical Group - Woodburn Health Center; Madras Medical Group; Malheur Memorial Health Center; MCMC Family Medicine; McMinnville Internal Medicine; North Bend Medical Center Bandon; North Bend Medical Center, Inc Immediate Care; Oak Street Health Care Center; OHSU Primary Care Clinic, Scappoose; Orchid Health; Orchid Health Fern Ridge Clinic; Orchid Health McKenzie River Clinic; Orchid Health Wade Creek Clinic; Oregon Integrated Health - Florence; Park Street Clinic; Pediatric Specialists of Pendleton; Pendleton Family Medicine; Pine Eagle Clinic; Pioneer Memorial Clinic; Providence Cannon Beach Clinic; Providence Internal Medicine - Hood River; Providence Seaside Clinic; Providence Warrenton Clinic; Salem Health Medical Clinic Woodburn; Samaritan Coastal Clinic; Samaritan Depoe Bay Clinic; Samaritan Family Medicine - Brownsville; Samaritan Family Medicine - Main St; Samaritan Family Medicine Resident Clinic – Lebanon; Samaritan Health Center-Newport; Samaritan Lebanon Community Hospital Medical Clinic Sweet Home; Samaritan Lebanon Health Center; Samaritan Lincoln City Medical Center; Samaritan Toledo Clinic; Samaritan Urgent Care Walk-In Clinic - Lebanon; Samaritan Waldport Clinic; Santiam Internal Medicine Clinic; Santiam Medical Associates; Santiam Medical Clinic; Sherman County Medical Clinic; Siskiyou Pediatric Clinic, LLP; South Gilliam Health Center; St. Alphonsus Family Medicine Clinic; St. Charles Family Care Prineville; St. Lukes Clinic-Eastern Oregon Medical Associates; Strawberry Wilderness Community Clinic; Sublimity Medical Clinic; Thrivewell Clinic; Umpqua Health Newton Creek; UrgentCare NW Astoria PC; Wallowa Memorial Medical Clinic - Downtown; Wallowa Memorial Medical Clinic - Enterprise; Wallowa Memorial Medical Clinic - Joseph; Wallowa Memorial Medical Clinic - Wallowa; Warner Mountain Medical Clinic; Water's Edge Medical Clinic; West Hills Family Care; Women's Healthcare Associates; Woodburn Pediatric Clinic",SEMICOLON,102,5,Adventist Health Specialty Clinic,TRUE,10000000,"RCJ published one amount for a field naming 102 recipients. This is the FIELD total, NOT this recipient's award. Never divide it (§6.2) - no source states how it splits.",OR - 2026 - What is the RHTP?,https://www.ruralcarejourney.com/api/documents/f6c8e968-6eea-426b-b4bd-faf617e0c220/file,NA,"§6.2: semicolon-delimited awardeeName naming 102 recipients, 61 of which pass the §6.1 legal-entity test. One candidate per fragment, routed to review -- the split is a guess about the state's formatting, not a fact. The amount is the FIELD total and is never divided."
303bc50f-2cda-4e0c-a785-98bb4b3c69ac,OR,Oregon,SUBAWARD,"Adventist Health – Estacada; Adventist Health – Manzanita; Adventist Health – Pacific City; Adventist Health – Vernonia; Adventist Health Specialty Clinic; Adventist Health Women’s and Family Health; Aumsville Medical Clinic; Cascade Medical Clinic; CHI St. Anthony Hospital Family Clinic; CMH Astoria Primary Care Clinic; CMH Primary Care & Urgent Care-Seaside; CMH Warrenton Primary Care Clinic; Coastal Health Practitioners; Columbia Gorge Family Medicine; Columbia River Women's Center; Curry Family Medical; Curry Medical North; Dallas Family Care; Dunes Family Health Care; Evergreen Family Medicine; Evergreen Family Medicine - Sutherlin; Evergreen Family Medicine (Harvard); Evergreen Family Medicine South; Family Health Associates; Family Health Associates Umatilla Clinic; Good Shepherd Medical Group; Grande Ronde Hospital Elgin Clinic; Grande Ronde Hospital Regional Medical Clinic; Grande Ronde Hospital Union Clinic; Grande Ronde Hospital Urgent Care; Grande Ronde Hospital Womens & Childrens Clinic; Grant County Health Department; Harney County Health Department; Harney District Hospital Family Care; Ione Community Clinic; Irrigon Medical Clinic; La Grande Family Medicine; Lake Health Clinic; Legacy Medical Group - Firwood; Legacy Medical Group - Mt. Angel; Legacy Medical Group - Silverton; Legacy Medical Group - St Helens; Legacy Medical Group - Woodburn Health Center; Madras Medical Group; Malheur Memorial Health Center; MCMC Family Medicine; McMinnville Internal Medicine; North Bend Medical Center Bandon; North Bend Medical Center, Inc Immediate Care; Oak Street Health Care Center; OHSU Primary Care Clinic, Scappoose; Orchid Health; Orchid Health Fern Ridge Clinic; Orchid Health McKenzie River Clinic; Orchid Health Wade Creek Clinic; Oregon Integrated Health - Florence; Park Street Clinic; Pediatric Specialists of Pendleton; Pendleton Family Medicine; Pine Eagle Clinic; Pioneer Memorial Clinic; Providence Cannon Beach Clinic; Providence Internal Medicine - Hood River; Providence Seaside Clinic; Providence Warrenton Clinic; Salem Health Medical Clinic Woodburn; Samaritan Coastal Clinic; Samaritan Depoe Bay Clinic; Samaritan Family Medicine - Brownsville; Samaritan Family Medicine - Main St; Samaritan Family Medicine Resident Clinic – Lebanon; Samaritan Health Center-Newport; Samaritan Lebanon Community Hospital Medical Clinic Sweet Home; Samaritan Lebanon Health Center; Samaritan Lincoln City Medical Center; Samaritan Toledo Clinic; Samaritan Urgent Care Walk-In Clinic - Lebanon; Samaritan Waldport Clinic; Santiam Internal Medicine Clinic; Santiam Medical Associates; Santiam Medical Clinic; Sherman County Medical Clinic; Siskiyou Pediatric Clinic, LLP; South Gilliam Health Center; St. Alphonsus Family Medicine Clinic; St. Charles Family Care Prineville; St. Lukes Clinic-Eastern Oregon Medical Associates; Strawberry Wilderness Community Clinic; Sublimity Medical Clinic; Thrivewell Clinic; Umpqua Health Newton Creek; UrgentCare NW Astoria PC; Wallowa Memorial Medical Clinic - Downtown; Wallowa Memorial Medical Clinic - Enterprise; Wallowa Memorial Medical Clinic - Joseph; Wallowa Memorial Medical Clinic - Wallowa; Warner Mountain Medical Clinic; Water's Edge Medical Clinic; West Hills Family Care; Women's Healthcare Associates; Woodburn Pediatric Clinic",SEMICOLON,102,6,Adventist Health Women's and Family Health,FALSE,10000000,"RCJ published one amount for a field naming 102 recipients. This is the FIELD total, NOT this recipient's award. Never divide it (§6.2) - no source states how it splits.",OR - 2026 - What is the RHTP?,https://www.ruralcarejourney.com/api/documents/f6c8e968-6eea-426b-b4bd-faf617e0c220/file,NA,"§6.2: semicolon-delimited awardeeName naming 102 recipients, 61 of which pass the §6.1 legal-entity test. One candidate per fragment, routed to review -- the split is a guess about the state's formatting, not a fact. The amount is the FIELD total and is never divided."
303bc50f-2cda-4e0c-a785-98bb4b3c69ac,OR,Oregon,SUBAWARD,"Adventist Health – Estacada; Adventist Health – Manzanita; Adventist Health – Pacific City; Adventist Health – Vernonia; Adventist Health Specialty Clinic; Adventist Health Women’s and Family Health; Aumsville Medical Clinic; Cascade Medical Clinic; CHI St. Anthony Hospital Family Clinic; CMH Astoria Primary Care Clinic; CMH Primary Care & Urgent Care-Seaside; CMH Warrenton Primary Care Clinic; Coastal Health Practitioners; Columbia Gorge Family Medicine; Columbia River Women's Center; Curry Family Medical; Curry Medical North; Dallas Family Care; Dunes Family Health Care; Evergreen Family Medicine; Evergreen Family Medicine - Sutherlin; Evergreen Family Medicine (Harvard); Evergreen Family Medicine South; Family Health Associates; Family Health Associates Umatilla Clinic; Good Shepherd Medical Group; Grande Ronde Hospital Elgin Clinic; Grande Ronde Hospital Regional Medical Clinic; Grande Ronde Hospital Union Clinic; Grande Ronde Hospital Urgent Care; Grande Ronde Hospital Womens & Childrens Clinic; Grant County Health Department; Harney County Health Department; Harney District Hospital Family Care; Ione Community Clinic; Irrigon Medical Clinic; La Grande Family Medicine; Lake Health Clinic; Legacy Medical Group - Firwood; Legacy Medical Group - Mt. Angel; Legacy Medical Group - Silverton; Legacy Medical Group - St Helens; Legacy Medical Group - Woodburn Health Center; Madras Medical Group; Malheur Memorial Health Center; MCMC Family Medicine; McMinnville Internal Medicine; North Bend Medical Center Bandon; North Bend Medical Center, Inc Immediate Care; Oak Street Health Care Center; OHSU Primary Care Clinic, Scappoose; Orchid Health; Orchid Health Fern Ridge Clinic; Orchid Health McKenzie River Clinic; Orchid Health Wade Creek Clinic; Oregon Integrated Health - Florence; Park Street Clinic; Pediatric Specialists of Pendleton; Pendleton Family Medicine; Pine Eagle Clinic; Pioneer Memorial Clinic; Providence Cannon Beach Clinic; Providence Internal Medicine - Hood River; Providence Seaside Clinic; Providence Warrenton Clinic; Salem Health Medical Clinic Woodburn; Samaritan Coastal Clinic; Samaritan Depoe Bay Clinic; Samaritan Family Medicine - Brownsville; Samaritan Family Medicine - Main St; Samaritan Family Medicine Resident Clinic – Lebanon; Samaritan Health Center-Newport; Samaritan Lebanon Community Hospital Medical Clinic Sweet Home; Samaritan Lebanon Health Center; Samaritan Lincoln City Medical Center; Samaritan Toledo Clinic; Samaritan Urgent Care Walk-In Clinic - Lebanon; Samaritan Waldport Clinic; Santiam Internal Medicine Clinic; Santiam Medical Associates; Santiam Medical Clinic; Sherman County Medical Clinic; Siskiyou Pediatric Clinic, LLP; South Gilliam Health Center; St. Alphonsus Family Medicine Clinic; St. Charles Family Care Prineville; St. Lukes Clinic-Eastern Oregon Medical Associates; Strawberry Wilderness Community Clinic; Sublimity Medical Clinic; Thrivewell Clinic; Umpqua Health Newton Creek; UrgentCare NW Astoria PC; Wallowa Memorial Medical Clinic - Downtown; Wallowa Memorial Medical Clinic - Enterprise; Wallowa Memorial Medical Clinic - Joseph; Wallowa Memorial Medical Clinic - Wallowa; Warner Mountain Medical Clinic; Water's Edge Medical Clinic; West Hills Family Care; Women's Healthcare Associates; Woodburn Pediatric Clinic",SEMICOLON,102,7,Aumsville Medical Clinic,TRUE,10000000,"RCJ published one amount for a field naming 102 recipients. This is the FIELD total, NOT this recipient's award. Never divide it (§6.2) - no source states how it splits.",OR - 2026 - What is the RHTP?,https://www.ruralcarejourney.com/api/documents/f6c8e968-6eea-426b-b4bd-faf617e0c220/file,NA,"§6.2: semicolon-delimited awardeeName naming 102 recipients, 61 of which pass the §6.1 legal-entity test. One candidate per fragment, routed to review -- the split is a guess about the state's formatting, not a fact. The amount is the FIELD total and is never divided."
303bc50f-2cda-4e0c-a785-98bb4b3c69ac,OR,Oregon,SUBAWARD,"Adventist Health – Estacada; Adventist Health – Manzanita; Adventist Health – Pacific City; Adventist Health – Vernonia; Adventist Health Specialty Clinic; Adventist Health Women’s and Family Health; Aumsville Medical Clinic; Cascade Medical Clinic; CHI St. Anthony Hospital Family Clinic; CMH Astoria Primary Care Clinic; CMH Primary Care & Urgent Care-Seaside; CMH Warrenton Primary Care Clinic; Coastal Health Practitioners; Columbia Gorge Family Medicine; Columbia River Women's Center; Curry Family Medical; Curry Medical North; Dallas Family Care; Dunes Family Health Care; Evergreen Family Medicine; Evergreen Family Medicine - Sutherlin; Evergreen Family Medicine (Harvard); Evergreen Family Medicine South; Family Health Associates; Family Health Associates Umatilla Clinic; Good Shepherd Medical Group; Grande Ronde Hospital Elgin Clinic; Grande Ronde Hospital Regional Medical Clinic; Grande Ronde Hospital Union Clinic; Grande Ronde Hospital Urgent Care; Grande Ronde Hospital Womens & Childrens Clinic; Grant County Health Department; Harney County Health Department; Harney District Hospital Family Care; Ione Community Clinic; Irrigon Medical Clinic; La Grande Family Medicine; Lake Health Clinic; Legacy Medical Group - Firwood; Legacy Medical Group - Mt. Angel; Legacy Medical Group - Silverton; Legacy Medical Group - St Helens; Legacy Medical Group - Woodburn Health Center; Madras Medical Group; Malheur Memorial Health Center; MCMC Family Medicine; McMinnville Internal Medicine; North Bend Medical Center Bandon; North Bend Medical Center, Inc Immediate Care; Oak Street Health Care Center; OHSU Primary Care Clinic, Scappoose; Orchid Health; Orchid Health Fern Ridge Clinic; Orchid Health McKenzie River Clinic; Orchid Health Wade Creek Clinic; Oregon Integrated Health - Florence; Park Street Clinic; Pediatric Specialists of Pendleton; Pendleton Family Medicine; Pine Eagle Clinic; Pioneer Memorial Clinic; Providence Cannon Beach Clinic; Providence Internal Medicine - Hood River; Providence Seaside Clinic; Providence Warrenton Clinic; Salem Health Medical Clinic Woodburn; Samaritan Coastal Clinic; Samaritan Depoe Bay Clinic; Samaritan Family Medicine - Brownsville; Samaritan Family Medicine - Main St; Samaritan Family Medicine Resident Clinic – Lebanon; Samaritan Health Center-Newport; Samaritan Lebanon Community Hospital Medical Clinic Sweet Home; Samaritan Lebanon Health Center; Samaritan Lincoln City Medical Center; Samaritan Toledo Clinic; Samaritan Urgent Care Walk-In Clinic - Lebanon; Samaritan Waldport Clinic; Santiam Internal Medicine Clinic; Santiam Medical Associates; Santiam Medical Clinic; Sherman County Medical Clinic; Siskiyou Pediatric Clinic, LLP; South Gilliam Health Center; St. Alphonsus Family Medicine Clinic; St. Charles Family Care Prineville; St. Lukes Clinic-Eastern Oregon Medical Associates; Strawberry Wilderness Community Clinic; Sublimity Medical Clinic; Thrivewell Clinic; Umpqua Health Newton Creek; UrgentCare NW Astoria PC; Wallowa Memorial Medical Clinic - Downtown; Wallowa Memorial Medical Clinic - Enterprise; Wallowa Memorial Medical Clinic - Joseph; Wallowa Memorial Medical Clinic - Wallowa; Warner Mountain Medical Clinic; Water's Edge Medical Clinic; West Hills Family Care; Women's Healthcare Associates; Woodburn Pediatric Clinic",SEMICOLON,102,8,Cascade Medical Clinic,TRUE,10000000,"RCJ published one amount for a field naming 102 recipients. This is the FIELD total, NOT this recipient's award. Never divide it (§6.2) - no source states how it splits.",OR - 2026 - What is the RHTP?,https://www.ruralcarejourney.com/api/documents/f6c8e968-6eea-426b-b4bd-faf617e0c220/file,NA,"§6.2: semicolon-delimited awardeeName naming 102 recipients, 61 of which pass the §6.1 legal-entity test. One candidate per fragment, routed to review -- the split is a guess about the state's formatting, not a fact. The amount is the FIELD total and is never divided."
303bc50f-2cda-4e0c-a785-98bb4b3c69ac,OR,Oregon,SUBAWARD,"Adventist Health – Estacada; Adventist Health – Manzanita; Adventist Health – Pacific City; Adventist Health – Vernonia; Adventist Health Specialty Clinic; Adventist Health Women’s and Family Health; Aumsville Medical Clinic; Cascade Medical Clinic; CHI St. Anthony Hospital Family Clinic; CMH Astoria Primary Care Clinic; CMH Primary Care & Urgent Care-Seaside; CMH Warrenton Primary Care Clinic; Coastal Health Practitioners; Columbia Gorge Family Medicine; Columbia River Women's Center; Curry Family Medical; Curry Medical North; Dallas Family Care; Dunes Family Health Care; Evergreen Family Medicine; Evergreen Family Medicine - Sutherlin; Evergreen Family Medicine (Harvard); Evergreen Family Medicine South; Family Health Associates; Family Health Associates Umatilla Clinic; Good Shepherd Medical Group; Grande Ronde Hospital Elgin Clinic; Grande Ronde Hospital Regional Medical Clinic; Grande Ronde Hospital Union Clinic; Grande Ronde Hospital Urgent Care; Grande Ronde Hospital Womens & Childrens Clinic; Grant County Health Department; Harney County Health Department; Harney District Hospital Family Care; Ione Community Clinic; Irrigon Medical Clinic; La Grande Family Medicine; Lake Health Clinic; Legacy Medical Group - Firwood; Legacy Medical Group - Mt. Angel; Legacy Medical Group - Silverton; Legacy Medical Group - St Helens; Legacy Medical Group - Woodburn Health Center; Madras Medical Group; Malheur Memorial Health Center; MCMC Family Medicine; McMinnville Internal Medicine; North Bend Medical Center Bandon; North Bend Medical Center, Inc Immediate Care; Oak Street Health Care Center; OHSU Primary Care Clinic, Scappoose; Orchid Health; Orchid Health Fern Ridge Clinic; Orchid Health McKenzie River Clinic; Orchid Health Wade Creek Clinic; Oregon Integrated Health - Florence; Park Street Clinic; Pediatric Specialists of Pendleton; Pendleton Family Medicine; Pine Eagle Clinic; Pioneer Memorial Clinic; Providence Cannon Beach Clinic; Providence Internal Medicine - Hood River; Providence Seaside Clinic; Providence Warrenton Clinic; Salem Health Medical Clinic Woodburn; Samaritan Coastal Clinic; Samaritan Depoe Bay Clinic; Samaritan Family Medicine - Brownsville; Samaritan Family Medicine - Main St; Samaritan Family Medicine Resident Clinic – Lebanon; Samaritan Health Center-Newport; Samaritan Lebanon Community Hospital Medical Clinic Sweet Home; Samaritan Lebanon Health Center; Samaritan Lincoln City Medical Center; Samaritan Toledo Clinic; Samaritan Urgent Care Walk-In Clinic - Lebanon; Samaritan Waldport Clinic; Santiam Internal Medicine Clinic; Santiam Medical Associates; Santiam Medical Clinic; Sherman County Medical Clinic; Siskiyou Pediatric Clinic, LLP; South Gilliam Health Center; St. Alphonsus Family Medicine Clinic; St. Charles Family Care Prineville; St. Lukes Clinic-Eastern Oregon Medical Associates; Strawberry Wilderness Community Clinic; Sublimity Medical Clinic; Thrivewell Clinic; Umpqua Health Newton Creek; UrgentCare NW Astoria PC; Wallowa Memorial Medical Clinic - Downtown; Wallowa Memorial Medical Clinic - Enterprise; Wallowa Memorial Medical Clinic - Joseph; Wallowa Memorial Medical Clinic - Wallowa; Warner Mountain Medical Clinic; Water's Edge Medical Clinic; West Hills Family Care; Women's Healthcare Associates; Woodburn Pediatric Clinic",SEMICOLON,102,9,CHI St. Anthony Hospital Family Clinic,TRUE,10000000,"RCJ published one amount for a field naming 102 recipients. This is the FIELD total, NOT this recipient's award. Never divide it (§6.2) - no source states how it splits.",OR - 2026 - What is the RHTP?,https://www.ruralcarejourney.com/api/documents/f6c8e968-6eea-426b-b4bd-faf617e0c220/file,NA,"§6.2: semicolon-delimited awardeeName naming 102 recipients, 61 of which pass the §6.1 legal-entity test. One candidate per fragment, routed to review -- the split is a guess about the state's formatting, not a fact. The amount is the FIELD total and is never divided."
303bc50f-2cda-4e0c-a785-98bb4b3c69ac,OR,Oregon,SUBAWARD,"Adventist Health – Estacada; Adventist Health – Manzanita; Adventist Health – Pacific City; Adventist Health – Vernonia; Adventist Health Specialty Clinic; Adventist Health Women’s and Family Health; Aumsville Medical Clinic; Cascade Medical Clinic; CHI St. Anthony Hospital Family Clinic; CMH Astoria Primary Care Clinic; CMH Primary Care & Urgent Care-Seaside; CMH Warrenton Primary Care Clinic; Coastal Health Practitioners; Columbia Gorge Family Medicine; Columbia River Women's Center; Curry Family Medical; Curry Medical North; Dallas Family Care; Dunes Family Health Care; Evergreen Family Medicine; Evergreen Family Medicine - Sutherlin; Evergreen Family Medicine (Harvard); Evergreen Family Medicine South; Family Health Associates; Family Health Associates Umatilla Clinic; Good Shepherd Medical Group; Grande Ronde Hospital Elgin Clinic; Grande Ronde Hospital Regional Medical Clinic; Grande Ronde Hospital Union Clinic; Grande Ronde Hospital Urgent Care; Grande Ronde Hospital Womens & Childrens Clinic; Grant County Health Department; Harney County Health Department; Harney District Hospital Family Care; Ione Community Clinic; Irrigon Medical Clinic; La Grande Family Medicine; Lake Health Clinic; Legacy Medical Group - Firwood; Legacy Medical Group - Mt. Angel; Legacy Medical Group - Silverton; Legacy Medical Group - St Helens; Legacy Medical Group - Woodburn Health Center; Madras Medical Group; Malheur Memorial Health Center; MCMC Family Medicine; McMinnville Internal Medicine; North Bend Medical Center Bandon; North Bend Medical Center, Inc Immediate Care; Oak Street Health Care Center; OHSU Primary Care Clinic, Scappoose; Orchid Health; Orchid Health Fern Ridge Clinic; Orchid Health McKenzie River Clinic; Orchid Health Wade Creek Clinic; Oregon Integrated Health - Florence; Park Street Clinic; Pediatric Specialists of Pendleton; Pendleton Family Medicine; Pine Eagle Clinic; Pioneer Memorial Clinic; Providence Cannon Beach Clinic; Providence Internal Medicine - Hood River; Providence Seaside Clinic; Providence Warrenton Clinic; Salem Health Medical Clinic Woodburn; Samaritan Coastal Clinic; Samaritan Depoe Bay Clinic; Samaritan Family Medicine - Brownsville; Samaritan Family Medicine - Main St; Samaritan Family Medicine Resident Clinic – Lebanon; Samaritan Health Center-Newport; Samaritan Lebanon Community Hospital Medical Clinic Sweet Home; Samaritan Lebanon Health Center; Samaritan Lincoln City Medical Center; Samaritan Toledo Clinic; Samaritan Urgent Care Walk-In Clinic - Lebanon; Samaritan Waldport Clinic; Santiam Internal Medicine Clinic; Santiam Medical Associates; Santiam Medical Clinic; Sherman County Medical Clinic; Siskiyou Pediatric Clinic, LLP; South Gilliam Health Center; St. Alphonsus Family Medicine Clinic; St. Charles Family Care Prineville; St. Lukes Clinic-Eastern Oregon Medical Associates; Strawberry Wilderness Community Clinic; Sublimity Medical Clinic; Thrivewell Clinic; Umpqua Health Newton Creek; UrgentCare NW Astoria PC; Wallowa Memorial Medical Clinic - Downtown; Wallowa Memorial Medical Clinic - Enterprise; Wallowa Memorial Medical Clinic - Joseph; Wallowa Memorial Medical Clinic - Wallowa; Warner Mountain Medical Clinic; Water's Edge Medical Clinic; West Hills Family Care; Women's Healthcare Associates; Woodburn Pediatric Clinic",SEMICOLON,102,10,CMH Astoria Primary Care Clinic,TRUE,10000000,"RCJ published one amount for a field naming 102 recipients. This is the FIELD total, NOT this recipient's award. Never divide it (§6.2) - no source states how it splits.",OR - 2026 - What is the RHTP?,https://www.ruralcarejourney.com/api/documents/f6c8e968-6eea-426b-b4bd-faf617e0c220/file,NA,"§6.2: semicolon-delimited awardeeName naming 102 recipients, 61 of which pass the §6.1 legal-entity test. One candidate per fragment, routed to review -- the split is a guess about the state's formatting, not a fact. The amount is the FIELD total and is never divided."
303bc50f-2cda-4e0c-a785-98bb4b3c69ac,OR,Oregon,SUBAWARD,"Adventist Health – Estacada; Adventist Health – Manzanita; Adventist Health – Pacific City; Adventist Health – Vernonia; Adventist Health Specialty Clinic; Adventist Health Women’s and Family Health; Aumsville Medical Clinic; Cascade Medical Clinic; CHI St. Anthony Hospital Family Clinic; CMH Astoria Primary Care Clinic; CMH Primary Care & Urgent Care-Seaside; CMH Warrenton Primary Care Clinic; Coastal Health Practitioners; Columbia Gorge Family Medicine; Columbia River Women's Center; Curry Family Medical; Curry Medical North; Dallas Family Care; Dunes Family Health Care; Evergreen Family Medicine; Evergreen Family Medicine - Sutherlin; Evergreen Family Medicine (Harvard); Evergreen Family Medicine South; Family Health Associates; Family Health Associates Umatilla Clinic; Good Shepherd Medical Group; Grande Ronde Hospital Elgin Clinic; Grande Ronde Hospital Regional Medical Clinic; Grande Ronde Hospital Union Clinic; Grande Ronde Hospital Urgent Care; Grande Ronde Hospital Womens & Childrens Clinic; Grant County Health Department; Harney County Health Department; Harney District Hospital Family Care; Ione Community Clinic; Irrigon Medical Clinic; La Grande Family Medicine; Lake Health Clinic; Legacy Medical Group - Firwood; Legacy Medical Group - Mt. Angel; Legacy Medical Group - Silverton; Legacy Medical Group - St Helens; Legacy Medical Group - Woodburn Health Center; Madras Medical Group; Malheur Memorial Health Center; MCMC Family Medicine; McMinnville Internal Medicine; North Bend Medical Center Bandon; North Bend Medical Center, Inc Immediate Care; Oak Street Health Care Center; OHSU Primary Care Clinic, Scappoose; Orchid Health; Orchid Health Fern Ridge Clinic; Orchid Health McKenzie River Clinic; Orchid Health Wade Creek Clinic; Oregon Integrated Health - Florence; Park Street Clinic; Pediatric Specialists of Pendleton; Pendleton Family Medicine; Pine Eagle Clinic; Pioneer Memorial Clinic; Providence Cannon Beach Clinic; Providence Internal Medicine - Hood River; Providence Seaside Clinic; Providence Warrenton Clinic; Salem Health Medical Clinic Woodburn; Samaritan Coastal Clinic; Samaritan Depoe Bay Clinic; Samaritan Family Medicine - Brownsville; Samaritan Family Medicine - Main St; Samaritan Family Medicine Resident Clinic – Lebanon; Samaritan Health Center-Newport; Samaritan Lebanon Community Hospital Medical Clinic Sweet Home; Samaritan Lebanon Health Center; Samaritan Lincoln City Medical Center; Samaritan Toledo Clinic; Samaritan Urgent Care Walk-In Clinic - Lebanon; Samaritan Waldport Clinic; Santiam Internal Medicine Clinic; Santiam Medical Associates; Santiam Medical Clinic; Sherman County Medical Clinic; Siskiyou Pediatric Clinic, LLP; South Gilliam Health Center; St. Alphonsus Family Medicine Clinic; St. Charles Family Care Prineville; St. Lukes Clinic-Eastern Oregon Medical Associates; Strawberry Wilderness Community Clinic; Sublimity Medical Clinic; Thrivewell Clinic; Umpqua Health Newton Creek; UrgentCare NW Astoria PC; Wallowa Memorial Medical Clinic - Downtown; Wallowa Memorial Medical Clinic - Enterprise; Wallowa Memorial Medical Clinic - Joseph; Wallowa Memorial Medical Clinic - Wallowa; Warner Mountain Medical Clinic; Water's Edge Medical Clinic; West Hills Family Care; Women's Healthcare Associates; Woodburn Pediatric Clinic",SEMICOLON,102,11,CMH Primary Care & Urgent Care-Seaside,FALSE,10000000,"RCJ published one amount for a field naming 102 recipients. This is the FIELD total, NOT this recipient's award. Never divide it (§6.2) - no source states how it splits.",OR - 2026 - What is the RHTP?,https://www.ruralcarejourney.com/api/documents/f6c8e968-6eea-426b-b4bd-faf617e0c220/file,NA,"§6.2: semicolon-delimited awardeeName naming 102 recipients, 61 of which pass the §6.1 legal-entity test. One candidate per fragment, routed to review -- the split is a guess about the state's formatting, not a fact. The amount is the FIELD total and is never divided."
303bc50f-2cda-4e0c-a785-98bb4b3c69ac,OR,Oregon,SUBAWARD,"Adventist Health – Estacada; Adventist Health – Manzanita; Adventist Health – Pacific City; Adventist Health – Vernonia; Adventist Health Specialty Clinic; Adventist Health Women’s and Family Health; Aumsville Medical Clinic; Cascade Medical Clinic; CHI St. Anthony Hospital Family Clinic; CMH Astoria Primary Care Clinic; CMH Primary Care & Urgent Care-Seaside; CMH Warrenton Primary Care Clinic; Coastal Health Practitioners; Columbia Gorge Family Medicine; Columbia River Women's Center; Curry Family Medical; Curry Medical North; Dallas Family Care; Dunes Family Health Care; Evergreen Family Medicine; Evergreen Family Medicine - Sutherlin; Evergreen Family Medicine (Harvard); Evergreen Family Medicine South; Family Health Associates; Family Health Associates Umatilla Clinic; Good Shepherd Medical Group; Grande Ronde Hospital Elgin Clinic; Grande Ronde Hospital Regional Medical Clinic; Grande Ronde Hospital Union Clinic; Grande Ronde Hospital Urgent Care; Grande Ronde Hospital Womens & Childrens Clinic; Grant County Health Department; Harney County Health Department; Harney District Hospital Family Care; Ione Community Clinic; Irrigon Medical Clinic; La Grande Family Medicine; Lake Health Clinic; Legacy Medical Group - Firwood; Legacy Medical Group - Mt. Angel; Legacy Medical Group - Silverton; Legacy Medical Group - St Helens; Legacy Medical Group - Woodburn Health Center; Madras Medical Group; Malheur Memorial Health Center; MCMC Family Medicine; McMinnville Internal Medicine; North Bend Medical Center Bandon; North Bend Medical Center, Inc Immediate Care; Oak Street Health Care Center; OHSU Primary Care Clinic, Scappoose; Orchid Health; Orchid Health Fern Ridge Clinic; Orchid Health McKenzie River Clinic; Orchid Health Wade Creek Clinic; Oregon Integrated Health - Florence; Park Street Clinic; Pediatric Specialists of Pendleton; Pendleton Family Medicine; Pine Eagle Clinic; Pioneer Memorial Clinic; Providence Cannon Beach Clinic; Providence Internal Medicine - Hood River; Providence Seaside Clinic; Providence Warrenton Clinic; Salem Health Medical Clinic Woodburn; Samaritan Coastal Clinic; Samaritan Depoe Bay Clinic; Samaritan Family Medicine - Brownsville; Samaritan Family Medicine - Main St; Samaritan Family Medicine Resident Clinic – Lebanon; Samaritan Health Center-Newport; Samaritan Lebanon Community Hospital Medical Clinic Sweet Home; Samaritan Lebanon Health Center; Samaritan Lincoln City Medical Center; Samaritan Toledo Clinic; Samaritan Urgent Care Walk-In Clinic - Lebanon; Samaritan Waldport Clinic; Santiam Internal Medicine Clinic; Santiam Medical Associates; Santiam Medical Clinic; Sherman County Medical Clinic; Siskiyou Pediatric Clinic, LLP; South Gilliam Health Center; St. Alphonsus Family Medicine Clinic; St. Charles Family Care Prineville; St. Lukes Clinic-Eastern Oregon Medical Associates; Strawberry Wilderness Community Clinic; Sublimity Medical Clinic; Thrivewell Clinic; Umpqua Health Newton Creek; UrgentCare NW Astoria PC; Wallowa Memorial Medical Clinic - Downtown; Wallowa Memorial Medical Clinic - Enterprise; Wallowa Memorial Medical Clinic - Joseph; Wallowa Memorial Medical Clinic - Wallowa; Warner Mountain Medical Clinic; Water's Edge Medical Clinic; West Hills Family Care; Women's Healthcare Associates; Woodburn Pediatric Clinic",SEMICOLON,102,12,CMH Warrenton Primary Care Clinic,TRUE,10000000,"RCJ published one amount for a field naming 102 recipients. This is the FIELD total, NOT this recipient's award. Never divide it (§6.2) - no source states how it splits.",OR - 2026 - What is the RHTP?,https://www.ruralcarejourney.com/api/documents/f6c8e968-6eea-426b-b4bd-faf617e0c220/file,NA,"§6.2: semicolon-delimited awardeeName naming 102 recipients, 61 of which pass the §6.1 legal-entity test. One candidate per fragment, routed to review -- the split is a guess about the state's formatting, not a fact. The amount is the FIELD total and is never divided."
303bc50f-2cda-4e0c-a785-98bb4b3c69ac,OR,Oregon,SUBAWARD,"Adventist Health – Estacada; Adventist Health – Manzanita; Adventist Health – Pacific City; Adventist Health – Vernonia; Adventist Health Specialty Clinic; Adventist Health Women’s and Family Health; Aumsville Medical Clinic; Cascade Medical Clinic; CHI St. Anthony Hospital Family Clinic; CMH Astoria Primary Care Clinic; CMH Primary Care & Urgent Care-Seaside; CMH Warrenton Primary Care Clinic; Coastal Health Practitioners; Columbia Gorge Family Medicine; Columbia River Women's Center; Curry Family Medical; Curry Medical North; Dallas Family Care; Dunes Family Health Care; Evergreen Family Medicine; Evergreen Family Medicine - Sutherlin; Evergreen Family Medicine (Harvard); Evergreen Family Medicine South; Family Health Associates; Family Health Associates Umatilla Clinic; Good Shepherd Medical Group; Grande Ronde Hospital Elgin Clinic; Grande Ronde Hospital Regional Medical Clinic; Grande Ronde Hospital Union Clinic; Grande Ronde Hospital Urgent Care; Grande Ronde Hospital Womens & Childrens Clinic; Grant County Health Department; Harney County Health Department; Harney District Hospital Family Care; Ione Community Clinic; Irrigon Medical Clinic; La Grande Family Medicine; Lake Health Clinic; Legacy Medical Group - Firwood; Legacy Medical Group - Mt. Angel; Legacy Medical Group - Silverton; Legacy Medical Group - St Helens; Legacy Medical Group - Woodburn Health Center; Madras Medical Group; Malheur Memorial Health Center; MCMC Family Medicine; McMinnville Internal Medicine; North Bend Medical Center Bandon; North Bend Medical Center, Inc Immediate Care; Oak Street Health Care Center; OHSU Primary Care Clinic, Scappoose; Orchid Health; Orchid Health Fern Ridge Clinic; Orchid Health McKenzie River Clinic; Orchid Health Wade Creek Clinic; Oregon Integrated Health - Florence; Park Street Clinic; Pediatric Specialists of Pendleton; Pendleton Family Medicine; Pine Eagle Clinic; Pioneer Memorial Clinic; Providence Cannon Beach Clinic; Providence Internal Medicine - Hood River; Providence Seaside Clinic; Providence Warrenton Clinic; Salem Health Medical Clinic Woodburn; Samaritan Coastal Clinic; Samaritan Depoe Bay Clinic; Samaritan Family Medicine - Brownsville; Samaritan Family Medicine - Main St; Samaritan Family Medicine Resident Clinic – Lebanon; Samaritan Health Center-Newport; Samaritan Lebanon Community Hospital Medical Clinic Sweet Home; Samaritan Lebanon Health Center; Samaritan Lincoln City Medical Center; Samaritan Toledo Clinic; Samaritan Urgent Care Walk-In Clinic - Lebanon; Samaritan Waldport Clinic; Santiam Internal Medicine Clinic; Santiam Medical Associates; Santiam Medical Clinic; Sherman County Medical Clinic; Siskiyou Pediatric Clinic, LLP; South Gilliam Health Center; St. Alphonsus Family Medicine Clinic; St. Charles Family Care Prineville; St. Lukes Clinic-Eastern Oregon Medical Associates; Strawberry Wilderness Community Clinic; Sublimity Medical Clinic; Thrivewell Clinic; Umpqua Health Newton Creek; UrgentCare NW Astoria PC; Wallowa Memorial Medical Clinic - Downtown; Wallowa Memorial Medical Clinic - Enterprise; Wallowa Memorial Medical Clinic - Joseph; Wallowa Memorial Medical Clinic - Wallowa; Warner Mountain Medical Clinic; Water's Edge Medical Clinic; West Hills Family Care; Women's Healthcare Associates; Woodburn Pediatric Clinic",SEMICOLON,102,13,Coastal Health Practitioners,FALSE,10000000,"RCJ published one amount for a field naming 102 recipients. This is the FIELD total, NOT this recipient's award. Never divide it (§6.2) - no source states how it splits.",OR - 2026 - What is the RHTP?,https://www.ruralcarejourney.com/api/documents/f6c8e968-6eea-426b-b4bd-faf617e0c220/file,NA,"§6.2: semicolon-delimited awardeeName naming 102 recipients, 61 of which pass the §6.1 legal-entity test. One candidate per fragment, routed to review -- the split is a guess about the state's formatting, not a fact. The amount is the FIELD total and is never divided."
303bc50f-2cda-4e0c-a785-98bb4b3c69ac,OR,Oregon,SUBAWARD,"Adventist Health – Estacada; Adventist Health – Manzanita; Adventist Health – Pacific City; Adventist Health – Vernonia; Adventist Health Specialty Clinic; Adventist Health Women’s and Family Health; Aumsville Medical Clinic; Cascade Medical Clinic; CHI St. Anthony Hospital Family Clinic; CMH Astoria Primary Care Clinic; CMH Primary Care & Urgent Care-Seaside; CMH Warrenton Primary Care Clinic; Coastal Health Practitioners; Columbia Gorge Family Medicine; Columbia River Women's Center; Curry Family Medical; Curry Medical North; Dallas Family Care; Dunes Family Health Care; Evergreen Family Medicine; Evergreen Family Medicine - Sutherlin; Evergreen Family Medicine (Harvard); Evergreen Family Medicine South; Family Health Associates; Family Health Associates Umatilla Clinic; Good Shepherd Medical Group; Grande Ronde Hospital Elgin Clinic; Grande Ronde Hospital Regional Medical Clinic; Grande Ronde Hospital Union Clinic; Grande Ronde Hospital Urgent Care; Grande Ronde Hospital Womens & Childrens Clinic; Grant County Health Department; Harney County Health Department; Harney District Hospital Family Care; Ione Community Clinic; Irrigon Medical Clinic; La Grande Family Medicine; Lake Health Clinic; Legacy Medical Group - Firwood; Legacy Medical Group - Mt. Angel; Legacy Medical Group - Silverton; Legacy Medical Group - St Helens; Legacy Medical Group - Woodburn Health Center; Madras Medical Group; Malheur Memorial Health Center; MCMC Family Medicine; McMinnville Internal Medicine; North Bend Medical Center Bandon; North Bend Medical Center, Inc Immediate Care; Oak Street Health Care Center; OHSU Primary Care Clinic, Scappoose; Orchid Health; Orchid Health Fern Ridge Clinic; Orchid Health McKenzie River Clinic; Orchid Health Wade Creek Clinic; Oregon Integrated Health - Florence; Park Street Clinic; Pediatric Specialists of Pendleton; Pendleton Family Medicine; Pine Eagle Clinic; Pioneer Memorial Clinic; Providence Cannon Beach Clinic; Providence Internal Medicine - Hood River; Providence Seaside Clinic; Providence Warrenton Clinic; Salem Health Medical Clinic Woodburn; Samaritan Coastal Clinic; Samaritan Depoe Bay Clinic; Samaritan Family Medicine - Brownsville; Samaritan Family Medicine - Main St; Samaritan Family Medicine Resident Clinic – Lebanon; Samaritan Health Center-Newport; Samaritan Lebanon Community Hospital Medical Clinic Sweet Home; Samaritan Lebanon Health Center; Samaritan Lincoln City Medical Center; Samaritan Toledo Clinic; Samaritan Urgent Care Walk-In Clinic - Lebanon; Samaritan Waldport Clinic; Santiam Internal Medicine Clinic; Santiam Medical Associates; Santiam Medical Clinic; Sherman County Medical Clinic; Siskiyou Pediatric Clinic, LLP; South Gilliam Health Center; St. Alphonsus Family Medicine Clinic; St. Charles Family Care Prineville; St. Lukes Clinic-Eastern Oregon Medical Associates; Strawberry Wilderness Community Clinic; Sublimity Medical Clinic; Thrivewell Clinic; Umpqua Health Newton Creek; UrgentCare NW Astoria PC; Wallowa Memorial Medical Clinic - Downtown; Wallowa Memorial Medical Clinic - Enterprise; Wallowa Memorial Medical Clinic - Joseph; Wallowa Memorial Medical Clinic - Wallowa; Warner Mountain Medical Clinic; Water's Edge Medical Clinic; West Hills Family Care; Women's Healthcare Associates; Woodburn Pediatric Clinic",SEMICOLON,102,14,Columbia Gorge Family Medicine,FALSE,10000000,"RCJ published one amount for a field naming 102 recipients. This is the FIELD total, NOT this recipient's award. Never divide it (§6.2) - no source states how it splits.",OR - 2026 - What is the RHTP?,https://www.ruralcarejourney.com/api/documents/f6c8e968-6eea-426b-b4bd-faf617e0c220/file,NA,"§6.2: semicolon-delimited awardeeName naming 102 recipients, 61 of which pass the §6.1 legal-entity test. One candidate per fragment, routed to review -- the split is a guess about the state's formatting, not a fact. The amount is the FIELD total and is never divided."
303bc50f-2cda-4e0c-a785-98bb4b3c69ac,OR,Oregon,SUBAWARD,"Adventist Health – Estacada; Adventist Health – Manzanita; Adventist Health – Pacific City; Adventist Health – Vernonia; Adventist Health Specialty Clinic; Adventist Health Women’s and Family Health; Aumsville Medical Clinic; Cascade Medical Clinic; CHI St. Anthony Hospital Family Clinic; CMH Astoria Primary Care Clinic; CMH Primary Care & Urgent Care-Seaside; CMH Warrenton Primary Care Clinic; Coastal Health Practitioners; Columbia Gorge Family Medicine; Columbia River Women's Center; Curry Family Medical; Curry Medical North; Dallas Family Care; Dunes Family Health Care; Evergreen Family Medicine; Evergreen Family Medicine - Sutherlin; Evergreen Family Medicine (Harvard); Evergreen Family Medicine South; Family Health Associates; Family Health Associates Umatilla Clinic; Good Shepherd Medical Group; Grande Ronde Hospital Elgin Clinic; Grande Ronde Hospital Regional Medical Clinic; Grande Ronde Hospital Union Clinic; Grande Ronde Hospital Urgent Care; Grande Ronde Hospital Womens & Childrens Clinic; Grant County Health Department; Harney County Health Department; Harney District Hospital Family Care; Ione Community Clinic; Irrigon Medical Clinic; La Grande Family Medicine; Lake Health Clinic; Legacy Medical Group - Firwood; Legacy Medical Group - Mt. Angel; Legacy Medical Group - Silverton; Legacy Medical Group - St Helens; Legacy Medical Group - Woodburn Health Center; Madras Medical Group; Malheur Memorial Health Center; MCMC Family Medicine; McMinnville Internal Medicine; North Bend Medical Center Bandon; North Bend Medical Center, Inc Immediate Care; Oak Street Health Care Center; OHSU Primary Care Clinic, Scappoose; Orchid Health; Orchid Health Fern Ridge Clinic; Orchid Health McKenzie River Clinic; Orchid Health Wade Creek Clinic; Oregon Integrated Health - Florence; Park Street Clinic; Pediatric Specialists of Pendleton; Pendleton Family Medicine; Pine Eagle Clinic; Pioneer Memorial Clinic; Providence Cannon Beach Clinic; Providence Internal Medicine - Hood River; Providence Seaside Clinic; Providence Warrenton Clinic; Salem Health Medical Clinic Woodburn; Samaritan Coastal Clinic; Samaritan Depoe Bay Clinic; Samaritan Family Medicine - Brownsville; Samaritan Family Medicine - Main St; Samaritan Family Medicine Resident Clinic – Lebanon; Samaritan Health Center-Newport; Samaritan Lebanon Community Hospital Medical Clinic Sweet Home; Samaritan Lebanon Health Center; Samaritan Lincoln City Medical Center; Samaritan Toledo Clinic; Samaritan Urgent Care Walk-In Clinic - Lebanon; Samaritan Waldport Clinic; Santiam Internal Medicine Clinic; Santiam Medical Associates; Santiam Medical Clinic; Sherman County Medical Clinic; Siskiyou Pediatric Clinic, LLP; South Gilliam Health Center; St. Alphonsus Family Medicine Clinic; St. Charles Family Care Prineville; St. Lukes Clinic-Eastern Oregon Medical Associates; Strawberry Wilderness Community Clinic; Sublimity Medical Clinic; Thrivewell Clinic; Umpqua Health Newton Creek; UrgentCare NW Astoria PC; Wallowa Memorial Medical Clinic - Downtown; Wallowa Memorial Medical Clinic - Enterprise; Wallowa Memorial Medical Clinic - Joseph; Wallowa Memorial Medical Clinic - Wallowa; Warner Mountain Medical Clinic; Water's Edge Medical Clinic; West Hills Family Care; Women's Healthcare Associates; Woodburn Pediatric Clinic",SEMICOLON,102,15,Columbia River Women's Center,FALSE,10000000,"RCJ published one amount for a field naming 102 recipients. This is the FIELD total, NOT this recipient's award. Never divide it (§6.2) - no source states how it splits.",OR - 2026 - What is the RHTP?,https://www.ruralcarejourney.com/api/documents/f6c8e968-6eea-426b-b4bd-faf617e0c220/file,NA,"§6.2: semicolon-delimited awardeeName naming 102 recipients, 61 of which pass the §6.1 legal-entity test. One candidate per fragment, routed to review -- the split is a guess about the state's formatting, not a fact. The amount is the FIELD total and is never divided."
303bc50f-2cda-4e0c-a785-98bb4b3c69ac,OR,Oregon,SUBAWARD,"Adventist Health – Estacada; Adventist Health – Manzanita; Adventist Health – Pacific City; Adventist Health – Vernonia; Adventist Health Specialty Clinic; Adventist Health Women’s and Family Health; Aumsville Medical Clinic; Cascade Medical Clinic; CHI St. Anthony Hospital Family Clinic; CMH Astoria Primary Care Clinic; CMH Primary Care & Urgent Care-Seaside; CMH Warrenton Primary Care Clinic; Coastal Health Practitioners; Columbia Gorge Family Medicine; Columbia River Women's Center; Curry Family Medical; Curry Medical North; Dallas Family Care; Dunes Family Health Care; Evergreen Family Medicine; Evergreen Family Medicine - Sutherlin; Evergreen Family Medicine (Harvard); Evergreen Family Medicine South; Family Health Associates; Family Health Associates Umatilla Clinic; Good Shepherd Medical Group; Grande Ronde Hospital Elgin Clinic; Grande Ronde Hospital Regional Medical Clinic; Grande Ronde Hospital Union Clinic; Grande Ronde Hospital Urgent Care; Grande Ronde Hospital Womens & Childrens Clinic; Grant County Health Department; Harney County Health Department; Harney District Hospital Family Care; Ione Community Clinic; Irrigon Medical Clinic; La Grande Family Medicine; Lake Health Clinic; Legacy Medical Group - Firwood; Legacy Medical Group - Mt. Angel; Legacy Medical Group - Silverton; Legacy Medical Group - St Helens; Legacy Medical Group - Woodburn Health Center; Madras Medical Group; Malheur Memorial Health Center; MCMC Family Medicine; McMinnville Internal Medicine; North Bend Medical Center Bandon; North Bend Medical Center, Inc Immediate Care; Oak Street Health Care Center; OHSU Primary Care Clinic, Scappoose; Orchid Health; Orchid Health Fern Ridge Clinic; Orchid Health McKenzie River Clinic; Orchid Health Wade Creek Clinic; Oregon Integrated Health - Florence; Park Street Clinic; Pediatric Specialists of Pendleton; Pendleton Family Medicine; Pine Eagle Clinic; Pioneer Memorial Clinic; Providence Cannon Beach Clinic; Providence Internal Medicine - Hood River; Providence Seaside Clinic; Providence Warrenton Clinic; Salem Health Medical Clinic Woodburn; Samaritan Coastal Clinic; Samaritan Depoe Bay Clinic; Samaritan Family Medicine - Brownsville; Samaritan Family Medicine - Main St; Samaritan Family Medicine Resident Clinic – Lebanon; Samaritan Health Center-Newport; Samaritan Lebanon Community Hospital Medical Clinic Sweet Home; Samaritan Lebanon Health Center; Samaritan Lincoln City Medical Center; Samaritan Toledo Clinic; Samaritan Urgent Care Walk-In Clinic - Lebanon; Samaritan Waldport Clinic; Santiam Internal Medicine Clinic; Santiam Medical Associates; Santiam Medical Clinic; Sherman County Medical Clinic; Siskiyou Pediatric Clinic, LLP; South Gilliam Health Center; St. Alphonsus Family Medicine Clinic; St. Charles Family Care Prineville; St. Lukes Clinic-Eastern Oregon Medical Associates; Strawberry Wilderness Community Clinic; Sublimity Medical Clinic; Thrivewell Clinic; Umpqua Health Newton Creek; UrgentCare NW Astoria PC; Wallowa Memorial Medical Clinic - Downtown; Wallowa Memorial Medical Clinic - Enterprise; Wallowa Memorial Medical Clinic - Joseph; Wallowa Memorial Medical Clinic - Wallowa; Warner Mountain Medical Clinic; Water's Edge Medical Clinic; West Hills Family Care; Women's Healthcare Associates; Woodburn Pediatric Clinic",SEMICOLON,102,16,Curry Family Medical,FALSE,10000000,"RCJ published one amount for a field naming 102 recipients. This is the FIELD total, NOT this recipient's award. Never divide it (§6.2) - no source states how it splits.",OR - 2026 - What is the RHTP?,https://www.ruralcarejourney.com/api/documents/f6c8e968-6eea-426b-b4bd-faf617e0c220/file,NA,"§6.2: semicolon-delimited awardeeName naming 102 recipients, 61 of which pass the §6.1 legal-entity test. One candidate per fragment, routed to review -- the split is a guess about the state's formatting, not a fact. The amount is the FIELD total and is never divided."
303bc50f-2cda-4e0c-a785-98bb4b3c69ac,OR,Oregon,SUBAWARD,"Adventist Health – Estacada; Adventist Health – Manzanita; Adventist Health – Pacific City; Adventist Health – Vernonia; Adventist Health Specialty Clinic; Adventist Health Women’s and Family Health; Aumsville Medical Clinic; Cascade Medical Clinic; CHI St. Anthony Hospital Family Clinic; CMH Astoria Primary Care Clinic; CMH Primary Care & Urgent Care-Seaside; CMH Warrenton Primary Care Clinic; Coastal Health Practitioners; Columbia Gorge Family Medicine; Columbia River Women's Center; Curry Family Medical; Curry Medical North; Dallas Family Care; Dunes Family Health Care; Evergreen Family Medicine; Evergreen Family Medicine - Sutherlin; Evergreen Family Medicine (Harvard); Evergreen Family Medicine South; Family Health Associates; Family Health Associates Umatilla Clinic; Good Shepherd Medical Group; Grande Ronde Hospital Elgin Clinic; Grande Ronde Hospital Regional Medical Clinic; Grande Ronde Hospital Union Clinic; Grande Ronde Hospital Urgent Care; Grande Ronde Hospital Womens & Childrens Clinic; Grant County Health Department; Harney County Health Department; Harney District Hospital Family Care; Ione Community Clinic; Irrigon Medical Clinic; La Grande Family Medicine; Lake Health Clinic; Legacy Medical Group - Firwood; Legacy Medical Group - Mt. Angel; Legacy Medical Group - Silverton; Legacy Medical Group - St Helens; Legacy Medical Group - Woodburn Health Center; Madras Medical Group; Malheur Memorial Health Center; MCMC Family Medicine; McMinnville Internal Medicine; North Bend Medical Center Bandon; North Bend Medical Center, Inc Immediate Care; Oak Street Health Care Center; OHSU Primary Care Clinic, Scappoose; Orchid Health; Orchid Health Fern Ridge Clinic; Orchid Health McKenzie River Clinic; Orchid Health Wade Creek Clinic; Oregon Integrated Health - Florence; Park Street Clinic; Pediatric Specialists of Pendleton; Pendleton Family Medicine; Pine Eagle Clinic; Pioneer Memorial Clinic; Providence Cannon Beach Clinic; Providence Internal Medicine - Hood River; Providence Seaside Clinic; Providence Warrenton Clinic; Salem Health Medical Clinic Woodburn; Samaritan Coastal Clinic; Samaritan Depoe Bay Clinic; Samaritan Family Medicine - Brownsville; Samaritan Family Medicine - Main St; Samaritan Family Medicine Resident Clinic – Lebanon; Samaritan Health Center-Newport; Samaritan Lebanon Community Hospital Medical Clinic Sweet Home; Samaritan Lebanon Health Center; Samaritan Lincoln City Medical Center; Samaritan Toledo Clinic; Samaritan Urgent Care Walk-In Clinic - Lebanon; Samaritan Waldport Clinic; Santiam Internal Medicine Clinic; Santiam Medical Associates; Santiam Medical Clinic; Sherman County Medical Clinic; Siskiyou Pediatric Clinic, LLP; South Gilliam Health Center; St. Alphonsus Family Medicine Clinic; St. Charles Family Care Prineville; St. Lukes Clinic-Eastern Oregon Medical Associates; Strawberry Wilderness Community Clinic; Sublimity Medical Clinic; Thrivewell Clinic; Umpqua Health Newton Creek; UrgentCare NW Astoria PC; Wallowa Memorial Medical Clinic - Downtown; Wallowa Memorial Medical Clinic - Enterprise; Wallowa Memorial Medical Clinic - Joseph; Wallowa Memorial Medical Clinic - Wallowa; Warner Mountain Medical Clinic; Water's Edge Medical Clinic; West Hills Family Care; Women's Healthcare Associates; Woodburn Pediatric Clinic",SEMICOLON,102,17,Curry Medical North,FALSE,10000000,"RCJ published one amount for a field naming 102 recipients. This is the FIELD total, NOT this recipient's award. Never divide it (§6.2) - no source states how it splits.",OR - 2026 - What is the RHTP?,https://www.ruralcarejourney.com/api/documents/f6c8e968-6eea-426b-b4bd-faf617e0c220/file,NA,"§6.2: semicolon-delimited awardeeName naming 102 recipients, 61 of which pass the §6.1 legal-entity test. One candidate per fragment, routed to review -- the split is a guess about the state's formatting, not a fact. The amount is the FIELD total and is never divided."
303bc50f-2cda-4e0c-a785-98bb4b3c69ac,OR,Oregon,SUBAWARD,"Adventist Health – Estacada; Adventist Health – Manzanita; Adventist Health – Pacific City; Adventist Health – Vernonia; Adventist Health Specialty Clinic; Adventist Health Women’s and Family Health; Aumsville Medical Clinic; Cascade Medical Clinic; CHI St. Anthony Hospital Family Clinic; CMH Astoria Primary Care Clinic; CMH Primary Care & Urgent Care-Seaside; CMH Warrenton Primary Care Clinic; Coastal Health Practitioners; Columbia Gorge Family Medicine; Columbia River Women's Center; Curry Family Medical; Curry Medical North; Dallas Family Care; Dunes Family Health Care; Evergreen Family Medicine; Evergreen Family Medicine - Sutherlin; Evergreen Family Medicine (Harvard); Evergreen Family Medicine South; Family Health Associates; Family Health Associates Umatilla Clinic; Good Shepherd Medical Group; Grande Ronde Hospital Elgin Clinic; Grande Ronde Hospital Regional Medical Clinic; Grande Ronde Hospital Union Clinic; Grande Ronde Hospital Urgent Care; Grande Ronde Hospital Womens & Childrens Clinic; Grant County Health Department; Harney County Health Department; Harney District Hospital Family Care; Ione Community Clinic; Irrigon Medical Clinic; La Grande Family Medicine; Lake Health Clinic; Legacy Medical Group - Firwood; Legacy Medical Group - Mt. Angel; Legacy Medical Group - Silverton; Legacy Medical Group - St Helens; Legacy Medical Group - Woodburn Health Center; Madras Medical Group; Malheur Memorial Health Center; MCMC Family Medicine; McMinnville Internal Medicine; North Bend Medical Center Bandon; North Bend Medical Center, Inc Immediate Care; Oak Street Health Care Center; OHSU Primary Care Clinic, Scappoose; Orchid Health; Orchid Health Fern Ridge Clinic; Orchid Health McKenzie River Clinic; Orchid Health Wade Creek Clinic; Oregon Integrated Health - Florence; Park Street Clinic; Pediatric Specialists of Pendleton; Pendleton Family Medicine; Pine Eagle Clinic; Pioneer Memorial Clinic; Providence Cannon Beach Clinic; Providence Internal Medicine - Hood River; Providence Seaside Clinic; Providence Warrenton Clinic; Salem Health Medical Clinic Woodburn; Samaritan Coastal Clinic; Samaritan Depoe Bay Clinic; Samaritan Family Medicine - Brownsville; Samaritan Family Medicine - Main St; Samaritan Family Medicine Resident Clinic – Lebanon; Samaritan Health Center-Newport; Samaritan Lebanon Community Hospital Medical Clinic Sweet Home; Samaritan Lebanon Health Center; Samaritan Lincoln City Medical Center; Samaritan Toledo Clinic; Samaritan Urgent Care Walk-In Clinic - Lebanon; Samaritan Waldport Clinic; Santiam Internal Medicine Clinic; Santiam Medical Associates; Santiam Medical Clinic; Sherman County Medical Clinic; Siskiyou Pediatric Clinic, LLP; South Gilliam Health Center; St. Alphonsus Family Medicine Clinic; St. Charles Family Care Prineville; St. Lukes Clinic-Eastern Oregon Medical Associates; Strawberry Wilderness Community Clinic; Sublimity Medical Clinic; Thrivewell Clinic; Umpqua Health Newton Creek; UrgentCare NW Astoria PC; Wallowa Memorial Medical Clinic - Downtown; Wallowa Memorial Medical Clinic - Enterprise; Wallowa Memorial Medical Clinic - Joseph; Wallowa Memorial Medical Clinic - Wallowa; Warner Mountain Medical Clinic; Water's Edge Medical Clinic; West Hills Family Care; Women's Healthcare Associates; Woodburn Pediatric Clinic",SEMICOLON,102,18,Dallas Family Care,FALSE,10000000,"RCJ published one amount for a field naming 102 recipients. This is the FIELD total, NOT this recipient's award. Never divide it (§6.2) - no source states how it splits.",OR - 2026 - What is the RHTP?,https://www.ruralcarejourney.com/api/documents/f6c8e968-6eea-426b-b4bd-faf617e0c220/file,NA,"§6.2: semicolon-delimited awardeeName naming 102 recipients, 61 of which pass the §6.1 legal-entity test. One candidate per fragment, routed to review -- the split is a guess about the state's formatting, not a fact. The amount is the FIELD total and is never divided."
303bc50f-2cda-4e0c-a785-98bb4b3c69ac,OR,Oregon,SUBAWARD,"Adventist Health – Estacada; Adventist Health – Manzanita; Adventist Health – Pacific City; Adventist Health – Vernonia; Adventist Health Specialty Clinic; Adventist Health Women’s and Family Health; Aumsville Medical Clinic; Cascade Medical Clinic; CHI St. Anthony Hospital Family Clinic; CMH Astoria Primary Care Clinic; CMH Primary Care & Urgent Care-Seaside; CMH Warrenton Primary Care Clinic; Coastal Health Practitioners; Columbia Gorge Family Medicine; Columbia River Women's Center; Curry Family Medical; Curry Medical North; Dallas Family Care; Dunes Family Health Care; Evergreen Family Medicine; Evergreen Family Medicine - Sutherlin; Evergreen Family Medicine (Harvard); Evergreen Family Medicine South; Family Health Associates; Family Health Associates Umatilla Clinic; Good Shepherd Medical Group; Grande Ronde Hospital Elgin Clinic; Grande Ronde Hospital Regional Medical Clinic; Grande Ronde Hospital Union Clinic; Grande Ronde Hospital Urgent Care; Grande Ronde Hospital Womens & Childrens Clinic; Grant County Health Department; Harney County Health Department; Harney District Hospital Family Care; Ione Community Clinic; Irrigon Medical Clinic; La Grande Family Medicine; Lake Health Clinic; Legacy Medical Group - Firwood; Legacy Medical Group - Mt. Angel; Legacy Medical Group - Silverton; Legacy Medical Group - St Helens; Legacy Medical Group - Woodburn Health Center; Madras Medical Group; Malheur Memorial Health Center; MCMC Family Medicine; McMinnville Internal Medicine; North Bend Medical Center Bandon; North Bend Medical Center, Inc Immediate Care; Oak Street Health Care Center; OHSU Primary Care Clinic, Scappoose; Orchid Health; Orchid Health Fern Ridge Clinic; Orchid Health McKenzie River Clinic; Orchid Health Wade Creek Clinic; Oregon Integrated Health - Florence; Park Street Clinic; Pediatric Specialists of Pendleton; Pendleton Family Medicine; Pine Eagle Clinic; Pioneer Memorial Clinic; Providence Cannon Beach Clinic; Providence Internal Medicine - Hood River; Providence Seaside Clinic; Providence Warrenton Clinic; Salem Health Medical Clinic Woodburn; Samaritan Coastal Clinic; Samaritan Depoe Bay Clinic; Samaritan Family Medicine - Brownsville; Samaritan Family Medicine - Main St; Samaritan Family Medicine Resident Clinic – Lebanon; Samaritan Health Center-Newport; Samaritan Lebanon Community Hospital Medical Clinic Sweet Home; Samaritan Lebanon Health Center; Samaritan Lincoln City Medical Center; Samaritan Toledo Clinic; Samaritan Urgent Care Walk-In Clinic - Lebanon; Samaritan Waldport Clinic; Santiam Internal Medicine Clinic; Santiam Medical Associates; Santiam Medical Clinic; Sherman County Medical Clinic; Siskiyou Pediatric Clinic, LLP; South Gilliam Health Center; St. Alphonsus Family Medicine Clinic; St. Charles Family Care Prineville; St. Lukes Clinic-Eastern Oregon Medical Associates; Strawberry Wilderness Community Clinic; Sublimity Medical Clinic; Thrivewell Clinic; Umpqua Health Newton Creek; UrgentCare NW Astoria PC; Wallowa Memorial Medical Clinic - Downtown; Wallowa Memorial Medical Clinic - Enterprise; Wallowa Memorial Medical Clinic - Joseph; Wallowa Memorial Medical Clinic - Wallowa; Warner Mountain Medical Clinic; Water's Edge Medical Clinic; West Hills Family Care; Women's Healthcare Associates; Woodburn Pediatric Clinic",SEMICOLON,102,19,Dunes Family Health Care,TRUE,10000000,"RCJ published one amount for a field naming 102 recipients. This is the FIELD total, NOT this recipient's award. Never divide it (§6.2) - no source states how it splits.",OR - 2026 - What is the RHTP?,https://www.ruralcarejourney.com/api/documents/f6c8e968-6eea-426b-b4bd-faf617e0c220/file,NA,"§6.2: semicolon-delimited awardeeName naming 102 recipients, 61 of which pass the §6.1 legal-entity test. One candidate per fragment, routed to review -- the split is a guess about the state's formatting, not a fact. The amount is the FIELD total and is never divided."
303bc50f-2cda-4e0c-a785-98bb4b3c69ac,OR,Oregon,SUBAWARD,"Adventist Health – Estacada; Adventist Health – Manzanita; Adventist Health – Pacific City; Adventist Health – Vernonia; Adventist Health Specialty Clinic; Adventist Health Women’s and Family Health; Aumsville Medical Clinic; Cascade Medical Clinic; CHI St. Anthony Hospital Family Clinic; CMH Astoria Primary Care Clinic; CMH Primary Care & Urgent Care-Seaside; CMH Warrenton Primary Care Clinic; Coastal Health Practitioners; Columbia Gorge Family Medicine; Columbia River Women's Center; Curry Family Medical; Curry Medical North; Dallas Family Care; Dunes Family Health Care; Evergreen Family Medicine; Evergreen Family Medicine - Sutherlin; Evergreen Family Medicine (Harvard); Evergreen Family Medicine South; Family Health Associates; Family Health Associates Umatilla Clinic; Good Shepherd Medical Group; Grande Ronde Hospital Elgin Clinic; Grande Ronde Hospital Regional Medical Clinic; Grande Ronde Hospital Union Clinic; Grande Ronde Hospital Urgent Care; Grande Ronde Hospital Womens & Childrens Clinic; Grant County Health Department; Harney County Health Department; Harney District Hospital Family Care; Ione Community Clinic; Irrigon Medical Clinic; La Grande Family Medicine; Lake Health Clinic; Legacy Medical Group - Firwood; Legacy Medical Group - Mt. Angel; Legacy Medical Group - Silverton; Legacy Medical Group - St Helens; Legacy Medical Group - Woodburn Health Center; Madras Medical Group; Malheur Memorial Health Center; MCMC Family Medicine; McMinnville Internal Medicine; North Bend Medical Center Bandon; North Bend Medical Center, Inc Immediate Care; Oak Street Health Care Center; OHSU Primary Care Clinic, Scappoose; Orchid Health; Orchid Health Fern Ridge Clinic; Orchid Health McKenzie River Clinic; Orchid Health Wade Creek Clinic; Oregon Integrated Health - Florence; Park Street Clinic; Pediatric Specialists of Pendleton; Pendleton Family Medicine; Pine Eagle Clinic; Pioneer Memorial Clinic; Providence Cannon Beach Clinic; Providence Internal Medicine - Hood River; Providence Seaside Clinic; Providence Warrenton Clinic; Salem Health Medical Clinic Woodburn; Samaritan Coastal Clinic; Samaritan Depoe Bay Clinic; Samaritan Family Medicine - Brownsville; Samaritan Family Medicine - Main St; Samaritan Family Medicine Resident Clinic – Lebanon; Samaritan Health Center-Newport; Samaritan Lebanon Community Hospital Medical Clinic Sweet Home; Samaritan Lebanon Health Center; Samaritan Lincoln City Medical Center; Samaritan Toledo Clinic; Samaritan Urgent Care Walk-In Clinic - Lebanon; Samaritan Waldport Clinic; Santiam Internal Medicine Clinic; Santiam Medical Associates; Santiam Medical Clinic; Sherman County Medical Clinic; Siskiyou Pediatric Clinic, LLP; South Gilliam Health Center; St. Alphonsus Family Medicine Clinic; St. Charles Family Care Prineville; St. Lukes Clinic-Eastern Oregon Medical Associates; Strawberry Wilderness Community Clinic; Sublimity Medical Clinic; Thrivewell Clinic; Umpqua Health Newton Creek; UrgentCare NW Astoria PC; Wallowa Memorial Medical Clinic - Downtown; Wallowa Memorial Medical Clinic - Enterprise; Wallowa Memorial Medical Clinic - Joseph; Wallowa Memorial Medical Clinic - Wallowa; Warner Mountain Medical Clinic; Water's Edge Medical Clinic; West Hills Family Care; Women's Healthcare Associates; Woodburn Pediatric Clinic",SEMICOLON,102,20,Evergreen Family Medicine,FALSE,10000000,"RCJ published one amount for a field naming 102 recipients. This is the FIELD total, NOT this recipient's award. Never divide it (§6.2) - no source states how it splits.",OR - 2026 - What is the RHTP?,https://www.ruralcarejourney.com/api/documents/f6c8e968-6eea-426b-b4bd-faf617e0c220/file,NA,"§6.2: semicolon-delimited awardeeName naming 102 recipients, 61 of which pass the §6.1 legal-entity test. One candidate per fragment, routed to review -- the split is a guess about the state's formatting, not a fact. The amount is the FIELD total and is never divided."
303bc50f-2cda-4e0c-a785-98bb4b3c69ac,OR,Oregon,SUBAWARD,"Adventist Health – Estacada; Adventist Health – Manzanita; Adventist Health – Pacific City; Adventist Health – Vernonia; Adventist Health Specialty Clinic; Adventist Health Women’s and Family Health; Aumsville Medical Clinic; Cascade Medical Clinic; CHI St. Anthony Hospital Family Clinic; CMH Astoria Primary Care Clinic; CMH Primary Care & Urgent Care-Seaside; CMH Warrenton Primary Care Clinic; Coastal Health Practitioners; Columbia Gorge Family Medicine; Columbia River Women's Center; Curry Family Medical; Curry Medical North; Dallas Family Care; Dunes Family Health Care; Evergreen Family Medicine; Evergreen Family Medicine - Sutherlin; Evergreen Family Medicine (Harvard); Evergreen Family Medicine South; Family Health Associates; Family Health Associates Umatilla Clinic; Good Shepherd Medical Group; Grande Ronde Hospital Elgin Clinic; Grande Ronde Hospital Regional Medical Clinic; Grande Ronde Hospital Union Clinic; Grande Ronde Hospital Urgent Care; Grande Ronde Hospital Womens & Childrens Clinic; Grant County Health Department; Harney County Health Department; Harney District Hospital Family Care; Ione Community Clinic; Irrigon Medical Clinic; La Grande Family Medicine; Lake Health Clinic; Legacy Medical Group - Firwood; Legacy Medical Group - Mt. Angel; Legacy Medical Group - Silverton; Legacy Medical Group - St Helens; Legacy Medical Group - Woodburn Health Center; Madras Medical Group; Malheur Memorial Health Center; MCMC Family Medicine; McMinnville Internal Medicine; North Bend Medical Center Bandon; North Bend Medical Center, Inc Immediate Care; Oak Street Health Care Center; OHSU Primary Care Clinic, Scappoose; Orchid Health; Orchid Health Fern Ridge Clinic; Orchid Health McKenzie River Clinic; Orchid Health Wade Creek Clinic; Oregon Integrated Health - Florence; Park Street Clinic; Pediatric Specialists of Pendleton; Pendleton Family Medicine; Pine Eagle Clinic; Pioneer Memorial Clinic; Providence Cannon Beach Clinic; Providence Internal Medicine - Hood River; Providence Seaside Clinic; Providence Warrenton Clinic; Salem Health Medical Clinic Woodburn; Samaritan Coastal Clinic; Samaritan Depoe Bay Clinic; Samaritan Family Medicine - Brownsville; Samaritan Family Medicine - Main St; Samaritan Family Medicine Resident Clinic – Lebanon; Samaritan Health Center-Newport; Samaritan Lebanon Community Hospital Medical Clinic Sweet Home; Samaritan Lebanon Health Center; Samaritan Lincoln City Medical Center; Samaritan Toledo Clinic; Samaritan Urgent Care Walk-In Clinic - Lebanon; Samaritan Waldport Clinic; Santiam Internal Medicine Clinic; Santiam Medical Associates; Santiam Medical Clinic; Sherman County Medical Clinic; Siskiyou Pediatric Clinic, LLP; South Gilliam Health Center; St. Alphonsus Family Medicine Clinic; St. Charles Family Care Prineville; St. Lukes Clinic-Eastern Oregon Medical Associates; Strawberry Wilderness Community Clinic; Sublimity Medical Clinic; Thrivewell Clinic; Umpqua Health Newton Creek; UrgentCare NW Astoria PC; Wallowa Memorial Medical Clinic - Downtown; Wallowa Memorial Medical Clinic - Enterprise; Wallowa Memorial Medical Clinic - Joseph; Wallowa Memorial Medical Clinic - Wallowa; Warner Mountain Medical Clinic; Water's Edge Medical Clinic; West Hills Family Care; Women's Healthcare Associates; Woodburn Pediatric Clinic",SEMICOLON,102,21,Evergreen Family Medicine - Sutherlin,FALSE,10000000,"RCJ published one amount for a field naming 102 recipients. This is the FIELD total, NOT this recipient's award. Never divide it (§6.2) - no source states how it splits.",OR - 2026 - What is the RHTP?,https://www.ruralcarejourney.com/api/documents/f6c8e968-6eea-426b-b4bd-faf617e0c220/file,NA,"§6.2: semicolon-delimited awardeeName naming 102 recipients, 61 of which pass the §6.1 legal-entity test. One candidate per fragment, routed to review -- the split is a guess about the state's formatting, not a fact. The amount is the FIELD total and is never divided."
303bc50f-2cda-4e0c-a785-98bb4b3c69ac,OR,Oregon,SUBAWARD,"Adventist Health – Estacada; Adventist Health – Manzanita; Adventist Health – Pacific City; Adventist Health – Vernonia; Adventist Health Specialty Clinic; Adventist Health Women’s and Family Health; Aumsville Medical Clinic; Cascade Medical Clinic; CHI St. Anthony Hospital Family Clinic; CMH Astoria Primary Care Clinic; CMH Primary Care & Urgent Care-Seaside; CMH Warrenton Primary Care Clinic; Coastal Health Practitioners; Columbia Gorge Family Medicine; Columbia River Women's Center; Curry Family Medical; Curry Medical North; Dallas Family Care; Dunes Family Health Care; Evergreen Family Medicine; Evergreen Family Medicine - Sutherlin; Evergreen Family Medicine (Harvard); Evergreen Family Medicine South; Family Health Associates; Family Health Associates Umatilla Clinic; Good Shepherd Medical Group; Grande Ronde Hospital Elgin Clinic; Grande Ronde Hospital Regional Medical Clinic; Grande Ronde Hospital Union Clinic; Grande Ronde Hospital Urgent Care; Grande Ronde Hospital Womens & Childrens Clinic; Grant County Health Department; Harney County Health Department; Harney District Hospital Family Care; Ione Community Clinic; Irrigon Medical Clinic; La Grande Family Medicine; Lake Health Clinic; Legacy Medical Group - Firwood; Legacy Medical Group - Mt. Angel; Legacy Medical Group - Silverton; Legacy Medical Group - St Helens; Legacy Medical Group - Woodburn Health Center; Madras Medical Group; Malheur Memorial Health Center; MCMC Family Medicine; McMinnville Internal Medicine; North Bend Medical Center Bandon; North Bend Medical Center, Inc Immediate Care; Oak Street Health Care Center; OHSU Primary Care Clinic, Scappoose; Orchid Health; Orchid Health Fern Ridge Clinic; Orchid Health McKenzie River Clinic; Orchid Health Wade Creek Clinic; Oregon Integrated Health - Florence; Park Street Clinic; Pediatric Specialists of Pendleton; Pendleton Family Medicine; Pine Eagle Clinic; Pioneer Memorial Clinic; Providence Cannon Beach Clinic; Providence Internal Medicine - Hood River; Providence Seaside Clinic; Providence Warrenton Clinic; Salem Health Medical Clinic Woodburn; Samaritan Coastal Clinic; Samaritan Depoe Bay Clinic; Samaritan Family Medicine - Brownsville; Samaritan Family Medicine - Main St; Samaritan Family Medicine Resident Clinic – Lebanon; Samaritan Health Center-Newport; Samaritan Lebanon Community Hospital Medical Clinic Sweet Home; Samaritan Lebanon Health Center; Samaritan Lincoln City Medical Center; Samaritan Toledo Clinic; Samaritan Urgent Care Walk-In Clinic - Lebanon; Samaritan Waldport Clinic; Santiam Internal Medicine Clinic; Santiam Medical Associates; Santiam Medical Clinic; Sherman County Medical Clinic; Siskiyou Pediatric Clinic, LLP; South Gilliam Health Center; St. Alphonsus Family Medicine Clinic; St. Charles Family Care Prineville; St. Lukes Clinic-Eastern Oregon Medical Associates; Strawberry Wilderness Community Clinic; Sublimity Medical Clinic; Thrivewell Clinic; Umpqua Health Newton Creek; UrgentCare NW Astoria PC; Wallowa Memorial Medical Clinic - Downtown; Wallowa Memorial Medical Clinic - Enterprise; Wallowa Memorial Medical Clinic - Joseph; Wallowa Memorial Medical Clinic - Wallowa; Warner Mountain Medical Clinic; Water's Edge Medical Clinic; West Hills Family Care; Women's Healthcare Associates; Woodburn Pediatric Clinic",SEMICOLON,102,22,Evergreen Family Medicine (Harvard),FALSE,10000000,"RCJ published one amount for a field naming 102 recipients. This is the FIELD total, NOT this recipient's award. Never divide it (§6.2) - no source states how it splits.",OR - 2026 - What is the RHTP?,https://www.ruralcarejourney.com/api/documents/f6c8e968-6eea-426b-b4bd-faf617e0c220/file,NA,"§6.2: semicolon-delimited awardeeName naming 102 recipients, 61 of which pass the §6.1 legal-entity test. One candidate per fragment, routed to review -- the split is a guess about the state's formatting, not a fact. The amount is the FIELD total and is never divided."
303bc50f-2cda-4e0c-a785-98bb4b3c69ac,OR,Oregon,SUBAWARD,"Adventist Health – Estacada; Adventist Health – Manzanita; Adventist Health – Pacific City; Adventist Health – Vernonia; Adventist Health Specialty Clinic; Adventist Health Women’s and Family Health; Aumsville Medical Clinic; Cascade Medical Clinic; CHI St. Anthony Hospital Family Clinic; CMH Astoria Primary Care Clinic; CMH Primary Care & Urgent Care-Seaside; CMH Warrenton Primary Care Clinic; Coastal Health Practitioners; Columbia Gorge Family Medicine; Columbia River Women's Center; Curry Family Medical; Curry Medical North; Dallas Family Care; Dunes Family Health Care; Evergreen Family Medicine; Evergreen Family Medicine - Sutherlin; Evergreen Family Medicine (Harvard); Evergreen Family Medicine South; Family Health Associates; Family Health Associates Umatilla Clinic; Good Shepherd Medical Group; Grande Ronde Hospital Elgin Clinic; Grande Ronde Hospital Regional Medical Clinic; Grande Ronde Hospital Union Clinic; Grande Ronde Hospital Urgent Care; Grande Ronde Hospital Womens & Childrens Clinic; Grant County Health Department; Harney County Health Department; Harney District Hospital Family Care; Ione Community Clinic; Irrigon Medical Clinic; La Grande Family Medicine; Lake Health Clinic; Legacy Medical Group - Firwood; Legacy Medical Group - Mt. Angel; Legacy Medical Group - Silverton; Legacy Medical Group - St Helens; Legacy Medical Group - Woodburn Health Center; Madras Medical Group; Malheur Memorial Health Center; MCMC Family Medicine; McMinnville Internal Medicine; North Bend Medical Center Bandon; North Bend Medical Center, Inc Immediate Care; Oak Street Health Care Center; OHSU Primary Care Clinic, Scappoose; Orchid Health; Orchid Health Fern Ridge Clinic; Orchid Health McKenzie River Clinic; Orchid Health Wade Creek Clinic; Oregon Integrated Health - Florence; Park Street Clinic; Pediatric Specialists of Pendleton; Pendleton Family Medicine; Pine Eagle Clinic; Pioneer Memorial Clinic; Providence Cannon Beach Clinic; Providence Internal Medicine - Hood River; Providence Seaside Clinic; Providence Warrenton Clinic; Salem Health Medical Clinic Woodburn; Samaritan Coastal Clinic; Samaritan Depoe Bay Clinic; Samaritan Family Medicine - Brownsville; Samaritan Family Medicine - Main St; Samaritan Family Medicine Resident Clinic – Lebanon; Samaritan Health Center-Newport; Samaritan Lebanon Community Hospital Medical Clinic Sweet Home; Samaritan Lebanon Health Center; Samaritan Lincoln City Medical Center; Samaritan Toledo Clinic; Samaritan Urgent Care Walk-In Clinic - Lebanon; Samaritan Waldport Clinic; Santiam Internal Medicine Clinic; Santiam Medical Associates; Santiam Medical Clinic; Sherman County Medical Clinic; Siskiyou Pediatric Clinic, LLP; South Gilliam Health Center; St. Alphonsus Family Medicine Clinic; St. Charles Family Care Prineville; St. Lukes Clinic-Eastern Oregon Medical Associates; Strawberry Wilderness Community Clinic; Sublimity Medical Clinic; Thrivewell Clinic; Umpqua Health Newton Creek; UrgentCare NW Astoria PC; Wallowa Memorial Medical Clinic - Downtown; Wallowa Memorial Medical Clinic - Enterprise; Wallowa Memorial Medical Clinic - Joseph; Wallowa Memorial Medical Clinic - Wallowa; Warner Mountain Medical Clinic; Water's Edge Medical Clinic; West Hills Family Care; Women's Healthcare Associates; Woodburn Pediatric Clinic",SEMICOLON,102,23,Evergreen Family Medicine South,FALSE,10000000,"RCJ published one amount for a field naming 102 recipients. This is the FIELD total, NOT this recipient's award. Never divide it (§6.2) - no source states how it splits.",OR - 2026 - What is the RHTP?,https://www.ruralcarejourney.com/api/documents/f6c8e968-6eea-426b-b4bd-faf617e0c220/file,NA,"§6.2: semicolon-delimited awardeeName naming 102 recipients, 61 of which pass the §6.1 legal-entity test. One candidate per fragment, routed to review -- the split is a guess about the state's formatting, not a fact. The amount is the FIELD total and is never divided."
303bc50f-2cda-4e0c-a785-98bb4b3c69ac,OR,Oregon,SUBAWARD,"Adventist Health – Estacada; Adventist Health – Manzanita; Adventist Health – Pacific City; Adventist Health – Vernonia; Adventist Health Specialty Clinic; Adventist Health Women’s and Family Health; Aumsville Medical Clinic; Cascade Medical Clinic; CHI St. Anthony Hospital Family Clinic; CMH Astoria Primary Care Clinic; CMH Primary Care & Urgent Care-Seaside; CMH Warrenton Primary Care Clinic; Coastal Health Practitioners; Columbia Gorge Family Medicine; Columbia River Women's Center; Curry Family Medical; Curry Medical North; Dallas Family Care; Dunes Family Health Care; Evergreen Family Medicine; Evergreen Family Medicine - Sutherlin; Evergreen Family Medicine (Harvard); Evergreen Family Medicine South; Family Health Associates; Family Health Associates Umatilla Clinic; Good Shepherd Medical Group; Grande Ronde Hospital Elgin Clinic; Grande Ronde Hospital Regional Medical Clinic; Grande Ronde Hospital Union Clinic; Grande Ronde Hospital Urgent Care; Grande Ronde Hospital Womens & Childrens Clinic; Grant County Health Department; Harney County Health Department; Harney District Hospital Family Care; Ione Community Clinic; Irrigon Medical Clinic; La Grande Family Medicine; Lake Health Clinic; Legacy Medical Group - Firwood; Legacy Medical Group - Mt. Angel; Legacy Medical Group - Silverton; Legacy Medical Group - St Helens; Legacy Medical Group - Woodburn Health Center; Madras Medical Group; Malheur Memorial Health Center; MCMC Family Medicine; McMinnville Internal Medicine; North Bend Medical Center Bandon; North Bend Medical Center, Inc Immediate Care; Oak Street Health Care Center; OHSU Primary Care Clinic, Scappoose; Orchid Health; Orchid Health Fern Ridge Clinic; Orchid Health McKenzie River Clinic; Orchid Health Wade Creek Clinic; Oregon Integrated Health - Florence; Park Street Clinic; Pediatric Specialists of Pendleton; Pendleton Family Medicine; Pine Eagle Clinic; Pioneer Memorial Clinic; Providence Cannon Beach Clinic; Providence Internal Medicine - Hood River; Providence Seaside Clinic; Providence Warrenton Clinic; Salem Health Medical Clinic Woodburn; Samaritan Coastal Clinic; Samaritan Depoe Bay Clinic; Samaritan Family Medicine - Brownsville; Samaritan Family Medicine - Main St; Samaritan Family Medicine Resident Clinic – Lebanon; Samaritan Health Center-Newport; Samaritan Lebanon Community Hospital Medical Clinic Sweet Home; Samaritan Lebanon Health Center; Samaritan Lincoln City Medical Center; Samaritan Toledo Clinic; Samaritan Urgent Care Walk-In Clinic - Lebanon; Samaritan Waldport Clinic; Santiam Internal Medicine Clinic; Santiam Medical Associates; Santiam Medical Clinic; Sherman County Medical Clinic; Siskiyou Pediatric Clinic, LLP; South Gilliam Health Center; St. Alphonsus Family Medicine Clinic; St. Charles Family Care Prineville; St. Lukes Clinic-Eastern Oregon Medical Associates; Strawberry Wilderness Community Clinic; Sublimity Medical Clinic; Thrivewell Clinic; Umpqua Health Newton Creek; UrgentCare NW Astoria PC; Wallowa Memorial Medical Clinic - Downtown; Wallowa Memorial Medical Clinic - Enterprise; Wallowa Memorial Medical Clinic - Joseph; Wallowa Memorial Medical Clinic - Wallowa; Warner Mountain Medical Clinic; Water's Edge Medical Clinic; West Hills Family Care; Women's Healthcare Associates; Woodburn Pediatric Clinic",SEMICOLON,102,24,Family Health Associates,FALSE,10000000,"RCJ published one amount for a field naming 102 recipients. This is the FIELD total, NOT this recipient's award. Never divide it (§6.2) - no source states how it splits.",OR - 2026 - What is the RHTP?,https://www.ruralcarejourney.com/api/documents/f6c8e968-6eea-426b-b4bd-faf617e0c220/file,NA,"§6.2: semicolon-delimited awardeeName naming 102 recipients, 61 of which pass the §6.1 legal-entity test. One candidate per fragment, routed to review -- the split is a guess about the state's formatting, not a fact. The amount is the FIELD total and is never divided."
303bc50f-2cda-4e0c-a785-98bb4b3c69ac,OR,Oregon,SUBAWARD,"Adventist Health – Estacada; Adventist Health – Manzanita; Adventist Health – Pacific City; Adventist Health – Vernonia; Adventist Health Specialty Clinic; Adventist Health Women’s and Family Health; Aumsville Medical Clinic; Cascade Medical Clinic; CHI St. Anthony Hospital Family Clinic; CMH Astoria Primary Care Clinic; CMH Primary Care & Urgent Care-Seaside; CMH Warrenton Primary Care Clinic; Coastal Health Practitioners; Columbia Gorge Family Medicine; Columbia River Women's Center; Curry Family Medical; Curry Medical North; Dallas Family Care; Dunes Family Health Care; Evergreen Family Medicine; Evergreen Family Medicine - Sutherlin; Evergreen Family Medicine (Harvard); Evergreen Family Medicine South; Family Health Associates; Family Health Associates Umatilla Clinic; Good Shepherd Medical Group; Grande Ronde Hospital Elgin Clinic; Grande Ronde Hospital Regional Medical Clinic; Grande Ronde Hospital Union Clinic; Grande Ronde Hospital Urgent Care; Grande Ronde Hospital Womens & Childrens Clinic; Grant County Health Department; Harney County Health Department; Harney District Hospital Family Care; Ione Community Clinic; Irrigon Medical Clinic; La Grande Family Medicine; Lake Health Clinic; Legacy Medical Group - Firwood; Legacy Medical Group - Mt. Angel; Legacy Medical Group - Silverton; Legacy Medical Group - St Helens; Legacy Medical Group - Woodburn Health Center; Madras Medical Group; Malheur Memorial Health Center; MCMC Family Medicine; McMinnville Internal Medicine; North Bend Medical Center Bandon; North Bend Medical Center, Inc Immediate Care; Oak Street Health Care Center; OHSU Primary Care Clinic, Scappoose; Orchid Health; Orchid Health Fern Ridge Clinic; Orchid Health McKenzie River Clinic; Orchid Health Wade Creek Clinic; Oregon Integrated Health - Florence; Park Street Clinic; Pediatric Specialists of Pendleton; Pendleton Family Medicine; Pine Eagle Clinic; Pioneer Memorial Clinic; Providence Cannon Beach Clinic; Providence Internal Medicine - Hood River; Providence Seaside Clinic; Providence Warrenton Clinic; Salem Health Medical Clinic Woodburn; Samaritan Coastal Clinic; Samaritan Depoe Bay Clinic; Samaritan Family Medicine - Brownsville; Samaritan Family Medicine - Main St; Samaritan Family Medicine Resident Clinic – Lebanon; Samaritan Health Center-Newport; Samaritan Lebanon Community Hospital Medical Clinic Sweet Home; Samaritan Lebanon Health Center; Samaritan Lincoln City Medical Center; Samaritan Toledo Clinic; Samaritan Urgent Care Walk-In Clinic - Lebanon; Samaritan Waldport Clinic; Santiam Internal Medicine Clinic; Santiam Medical Associates; Santiam Medical Clinic; Sherman County Medical Clinic; Siskiyou Pediatric Clinic, LLP; South Gilliam Health Center; St. Alphonsus Family Medicine Clinic; St. Charles Family Care Prineville; St. Lukes Clinic-Eastern Oregon Medical Associates; Strawberry Wilderness Community Clinic; Sublimity Medical Clinic; Thrivewell Clinic; Umpqua Health Newton Creek; UrgentCare NW Astoria PC; Wallowa Memorial Medical Clinic - Downtown; Wallowa Memorial Medical Clinic - Enterprise; Wallowa Memorial Medical Clinic - Joseph; Wallowa Memorial Medical Clinic - Wallowa; Warner Mountain Medical Clinic; Water's Edge Medical Clinic; West Hills Family Care; Women's Healthcare Associates; Woodburn Pediatric Clinic",SEMICOLON,102,25,Family Health Associates Umatilla Clinic,TRUE,10000000,"RCJ published one amount for a field naming 102 recipients. This is the FIELD total, NOT this recipient's award. Never divide it (§6.2) - no source states how it splits.",OR - 2026 - What is the RHTP?,https://www.ruralcarejourney.com/api/documents/f6c8e968-6eea-426b-b4bd-faf617e0c220/file,NA,"§6.2: semicolon-delimited awardeeName naming 102 recipients, 61 of which pass the §6.1 legal-entity test. One candidate per fragment, routed to review -- the split is a guess about the state's formatting, not a fact. The amount is the FIELD total and is never divided."
303bc50f-2cda-4e0c-a785-98bb4b3c69ac,OR,Oregon,SUBAWARD,"Adventist Health – Estacada; Adventist Health – Manzanita; Adventist Health – Pacific City; Adventist Health – Vernonia; Adventist Health Specialty Clinic; Adventist Health Women’s and Family Health; Aumsville Medical Clinic; Cascade Medical Clinic; CHI St. Anthony Hospital Family Clinic; CMH Astoria Primary Care Clinic; CMH Primary Care & Urgent Care-Seaside; CMH Warrenton Primary Care Clinic; Coastal Health Practitioners; Columbia Gorge Family Medicine; Columbia River Women's Center; Curry Family Medical; Curry Medical North; Dallas Family Care; Dunes Family Health Care; Evergreen Family Medicine; Evergreen Family Medicine - Sutherlin; Evergreen Family Medicine (Harvard); Evergreen Family Medicine South; Family Health Associates; Family Health Associates Umatilla Clinic; Good Shepherd Medical Group; Grande Ronde Hospital Elgin Clinic; Grande Ronde Hospital Regional Medical Clinic; Grande Ronde Hospital Union Clinic; Grande Ronde Hospital Urgent Care; Grande Ronde Hospital Womens & Childrens Clinic; Grant County Health Department; Harney County Health Department; Harney District Hospital Family Care; Ione Community Clinic; Irrigon Medical Clinic; La Grande Family Medicine; Lake Health Clinic; Legacy Medical Group - Firwood; Legacy Medical Group - Mt. Angel; Legacy Medical Group - Silverton; Legacy Medical Group - St Helens; Legacy Medical Group - Woodburn Health Center; Madras Medical Group; Malheur Memorial Health Center; MCMC Family Medicine; McMinnville Internal Medicine; North Bend Medical Center Bandon; North Bend Medical Center, Inc Immediate Care; Oak Street Health Care Center; OHSU Primary Care Clinic, Scappoose; Orchid Health; Orchid Health Fern Ridge Clinic; Orchid Health McKenzie River Clinic; Orchid Health Wade Creek Clinic; Oregon Integrated Health - Florence; Park Street Clinic; Pediatric Specialists of Pendleton; Pendleton Family Medicine; Pine Eagle Clinic; Pioneer Memorial Clinic; Providence Cannon Beach Clinic; Providence Internal Medicine - Hood River; Providence Seaside Clinic; Providence Warrenton Clinic; Salem Health Medical Clinic Woodburn; Samaritan Coastal Clinic; Samaritan Depoe Bay Clinic; Samaritan Family Medicine - Brownsville; Samaritan Family Medicine - Main St; Samaritan Family Medicine Resident Clinic – Lebanon; Samaritan Health Center-Newport; Samaritan Lebanon Community Hospital Medical Clinic Sweet Home; Samaritan Lebanon Health Center; Samaritan Lincoln City Medical Center; Samaritan Toledo Clinic; Samaritan Urgent Care Walk-In Clinic - Lebanon; Samaritan Waldport Clinic; Santiam Internal Medicine Clinic; Santiam Medical Associates; Santiam Medical Clinic; Sherman County Medical Clinic; Siskiyou Pediatric Clinic, LLP; South Gilliam Health Center; St. Alphonsus Family Medicine Clinic; St. Charles Family Care Prineville; St. Lukes Clinic-Eastern Oregon Medical Associates; Strawberry Wilderness Community Clinic; Sublimity Medical Clinic; Thrivewell Clinic; Umpqua Health Newton Creek; UrgentCare NW Astoria PC; Wallowa Memorial Medical Clinic - Downtown; Wallowa Memorial Medical Clinic - Enterprise; Wallowa Memorial Medical Clinic - Joseph; Wallowa Memorial Medical Clinic - Wallowa; Warner Mountain Medical Clinic; Water's Edge Medical Clinic; West Hills Family Care; Women's Healthcare Associates; Woodburn Pediatric Clinic",SEMICOLON,102,26,Good Shepherd Medical Group,FALSE,10000000,"RCJ published one amount for a field naming 102 recipients. This is the FIELD total, NOT this recipient's award. Never divide it (§6.2) - no source states how it splits.",OR - 2026 - What is the RHTP?,https://www.ruralcarejourney.com/api/documents/f6c8e968-6eea-426b-b4bd-faf617e0c220/file,NA,"§6.2: semicolon-delimited awardeeName naming 102 recipients, 61 of which pass the §6.1 legal-entity test. One candidate per fragment, routed to review -- the split is a guess about the state's formatting, not a fact. The amount is the FIELD total and is never divided."
303bc50f-2cda-4e0c-a785-98bb4b3c69ac,OR,Oregon,SUBAWARD,"Adventist Health – Estacada; Adventist Health – Manzanita; Adventist Health – Pacific City; Adventist Health – Vernonia; Adventist Health Specialty Clinic; Adventist Health Women’s and Family Health; Aumsville Medical Clinic; Cascade Medical Clinic; CHI St. Anthony Hospital Family Clinic; CMH Astoria Primary Care Clinic; CMH Primary Care & Urgent Care-Seaside; CMH Warrenton Primary Care Clinic; Coastal Health Practitioners; Columbia Gorge Family Medicine; Columbia River Women's Center; Curry Family Medical; Curry Medical North; Dallas Family Care; Dunes Family Health Care; Evergreen Family Medicine; Evergreen Family Medicine - Sutherlin; Evergreen Family Medicine (Harvard); Evergreen Family Medicine South; Family Health Associates; Family Health Associates Umatilla Clinic; Good Shepherd Medical Group; Grande Ronde Hospital Elgin Clinic; Grande Ronde Hospital Regional Medical Clinic; Grande Ronde Hospital Union Clinic; Grande Ronde Hospital Urgent Care; Grande Ronde Hospital Womens & Childrens Clinic; Grant County Health Department; Harney County Health Department; Harney District Hospital Family Care; Ione Community Clinic; Irrigon Medical Clinic; La Grande Family Medicine; Lake Health Clinic; Legacy Medical Group - Firwood; Legacy Medical Group - Mt. Angel; Legacy Medical Group - Silverton; Legacy Medical Group - St Helens; Legacy Medical Group - Woodburn Health Center; Madras Medical Group; Malheur Memorial Health Center; MCMC Family Medicine; McMinnville Internal Medicine; North Bend Medical Center Bandon; North Bend Medical Center, Inc Immediate Care; Oak Street Health Care Center; OHSU Primary Care Clinic, Scappoose; Orchid Health; Orchid Health Fern Ridge Clinic; Orchid Health McKenzie River Clinic; Orchid Health Wade Creek Clinic; Oregon Integrated Health - Florence; Park Street Clinic; Pediatric Specialists of Pendleton; Pendleton Family Medicine; Pine Eagle Clinic; Pioneer Memorial Clinic; Providence Cannon Beach Clinic; Providence Internal Medicine - Hood River; Providence Seaside Clinic; Providence Warrenton Clinic; Salem Health Medical Clinic Woodburn; Samaritan Coastal Clinic; Samaritan Depoe Bay Clinic; Samaritan Family Medicine - Brownsville; Samaritan Family Medicine - Main St; Samaritan Family Medicine Resident Clinic – Lebanon; Samaritan Health Center-Newport; Samaritan Lebanon Community Hospital Medical Clinic Sweet Home; Samaritan Lebanon Health Center; Samaritan Lincoln City Medical Center; Samaritan Toledo Clinic; Samaritan Urgent Care Walk-In Clinic - Lebanon; Samaritan Waldport Clinic; Santiam Internal Medicine Clinic; Santiam Medical Associates; Santiam Medical Clinic; Sherman County Medical Clinic; Siskiyou Pediatric Clinic, LLP; South Gilliam Health Center; St. Alphonsus Family Medicine Clinic; St. Charles Family Care Prineville; St. Lukes Clinic-Eastern Oregon Medical Associates; Strawberry Wilderness Community Clinic; Sublimity Medical Clinic; Thrivewell Clinic; Umpqua Health Newton Creek; UrgentCare NW Astoria PC; Wallowa Memorial Medical Clinic - Downtown; Wallowa Memorial Medical Clinic - Enterprise; Wallowa Memorial Medical Clinic - Joseph; Wallowa Memorial Medical Clinic - Wallowa; Warner Mountain Medical Clinic; Water's Edge Medical Clinic; West Hills Family Care; Women's Healthcare Associates; Woodburn Pediatric Clinic",SEMICOLON,102,27,Grande Ronde Hospital Elgin Clinic,TRUE,10000000,"RCJ published one amount for a field naming 102 recipients. This is the FIELD total, NOT this recipient's award. Never divide it (§6.2) - no source states how it splits.",OR - 2026 - What is the RHTP?,https://www.ruralcarejourney.com/api/documents/f6c8e968-6eea-426b-b4bd-faf617e0c220/file,NA,"§6.2: semicolon-delimited awardeeName naming 102 recipients, 61 of which pass the §6.1 legal-entity test. One candidate per fragment, routed to review -- the split is a guess about the state's formatting, not a fact. The amount is the FIELD total and is never divided."
303bc50f-2cda-4e0c-a785-98bb4b3c69ac,OR,Oregon,SUBAWARD,"Adventist Health – Estacada; Adventist Health – Manzanita; Adventist Health – Pacific City; Adventist Health – Vernonia; Adventist Health Specialty Clinic; Adventist Health Women’s and Family Health; Aumsville Medical Clinic; Cascade Medical Clinic; CHI St. Anthony Hospital Family Clinic; CMH Astoria Primary Care Clinic; CMH Primary Care & Urgent Care-Seaside; CMH Warrenton Primary Care Clinic; Coastal Health Practitioners; Columbia Gorge Family Medicine; Columbia River Women's Center; Curry Family Medical; Curry Medical North; Dallas Family Care; Dunes Family Health Care; Evergreen Family Medicine; Evergreen Family Medicine - Sutherlin; Evergreen Family Medicine (Harvard); Evergreen Family Medicine South; Family Health Associates; Family Health Associates Umatilla Clinic; Good Shepherd Medical Group; Grande Ronde Hospital Elgin Clinic; Grande Ronde Hospital Regional Medical Clinic; Grande Ronde Hospital Union Clinic; Grande Ronde Hospital Urgent Care; Grande Ronde Hospital Womens & Childrens Clinic; Grant County Health Department; Harney County Health Department; Harney District Hospital Family Care; Ione Community Clinic; Irrigon Medical Clinic; La Grande Family Medicine; Lake Health Clinic; Legacy Medical Group - Firwood; Legacy Medical Group - Mt. Angel; Legacy Medical Group - Silverton; Legacy Medical Group - St Helens; Legacy Medical Group - Woodburn Health Center; Madras Medical Group; Malheur Memorial Health Center; MCMC Family Medicine; McMinnville Internal Medicine; North Bend Medical Center Bandon; North Bend Medical Center, Inc Immediate Care; Oak Street Health Care Center; OHSU Primary Care Clinic, Scappoose; Orchid Health; Orchid Health Fern Ridge Clinic; Orchid Health McKenzie River Clinic; Orchid Health Wade Creek Clinic; Oregon Integrated Health - Florence; Park Street Clinic; Pediatric Specialists of Pendleton; Pendleton Family Medicine; Pine Eagle Clinic; Pioneer Memorial Clinic; Providence Cannon Beach Clinic; Providence Internal Medicine - Hood River; Providence Seaside Clinic; Providence Warrenton Clinic; Salem Health Medical Clinic Woodburn; Samaritan Coastal Clinic; Samaritan Depoe Bay Clinic; Samaritan Family Medicine - Brownsville; Samaritan Family Medicine - Main St; Samaritan Family Medicine Resident Clinic – Lebanon; Samaritan Health Center-Newport; Samaritan Lebanon Community Hospital Medical Clinic Sweet Home; Samaritan Lebanon Health Center; Samaritan Lincoln City Medical Center; Samaritan Toledo Clinic; Samaritan Urgent Care Walk-In Clinic - Lebanon; Samaritan Waldport Clinic; Santiam Internal Medicine Clinic; Santiam Medical Associates; Santiam Medical Clinic; Sherman County Medical Clinic; Siskiyou Pediatric Clinic, LLP; South Gilliam Health Center; St. Alphonsus Family Medicine Clinic; St. Charles Family Care Prineville; St. Lukes Clinic-Eastern Oregon Medical Associates; Strawberry Wilderness Community Clinic; Sublimity Medical Clinic; Thrivewell Clinic; Umpqua Health Newton Creek; UrgentCare NW Astoria PC; Wallowa Memorial Medical Clinic - Downtown; Wallowa Memorial Medical Clinic - Enterprise; Wallowa Memorial Medical Clinic - Joseph; Wallowa Memorial Medical Clinic - Wallowa; Warner Mountain Medical Clinic; Water's Edge Medical Clinic; West Hills Family Care; Women's Healthcare Associates; Woodburn Pediatric Clinic",SEMICOLON,102,28,Grande Ronde Hospital Regional Medical Clinic,TRUE,10000000,"RCJ published one amount for a field naming 102 recipients. This is the FIELD total, NOT this recipient's award. Never divide it (§6.2) - no source states how it splits.",OR - 2026 - What is the RHTP?,https://www.ruralcarejourney.com/api/documents/f6c8e968-6eea-426b-b4bd-faf617e0c220/file,NA,"§6.2: semicolon-delimited awardeeName naming 102 recipients, 61 of which pass the §6.1 legal-entity test. One candidate per fragment, routed to review -- the split is a guess about the state's formatting, not a fact. The amount is the FIELD total and is never divided."
303bc50f-2cda-4e0c-a785-98bb4b3c69ac,OR,Oregon,SUBAWARD,"Adventist Health – Estacada; Adventist Health – Manzanita; Adventist Health – Pacific City; Adventist Health – Vernonia; Adventist Health Specialty Clinic; Adventist Health Women’s and Family Health; Aumsville Medical Clinic; Cascade Medical Clinic; CHI St. Anthony Hospital Family Clinic; CMH Astoria Primary Care Clinic; CMH Primary Care & Urgent Care-Seaside; CMH Warrenton Primary Care Clinic; Coastal Health Practitioners; Columbia Gorge Family Medicine; Columbia River Women's Center; Curry Family Medical; Curry Medical North; Dallas Family Care; Dunes Family Health Care; Evergreen Family Medicine; Evergreen Family Medicine - Sutherlin; Evergreen Family Medicine (Harvard); Evergreen Family Medicine South; Family Health Associates; Family Health Associates Umatilla Clinic; Good Shepherd Medical Group; Grande Ronde Hospital Elgin Clinic; Grande Ronde Hospital Regional Medical Clinic; Grande Ronde Hospital Union Clinic; Grande Ronde Hospital Urgent Care; Grande Ronde Hospital Womens & Childrens Clinic; Grant County Health Department; Harney County Health Department; Harney District Hospital Family Care; Ione Community Clinic; Irrigon Medical Clinic; La Grande Family Medicine; Lake Health Clinic; Legacy Medical Group - Firwood; Legacy Medical Group - Mt. Angel; Legacy Medical Group - Silverton; Legacy Medical Group - St Helens; Legacy Medical Group - Woodburn Health Center; Madras Medical Group; Malheur Memorial Health Center; MCMC Family Medicine; McMinnville Internal Medicine; North Bend Medical Center Bandon; North Bend Medical Center, Inc Immediate Care; Oak Street Health Care Center; OHSU Primary Care Clinic, Scappoose; Orchid Health; Orchid Health Fern Ridge Clinic; Orchid Health McKenzie River Clinic; Orchid Health Wade Creek Clinic; Oregon Integrated Health - Florence; Park Street Clinic; Pediatric Specialists of Pendleton; Pendleton Family Medicine; Pine Eagle Clinic; Pioneer Memorial Clinic; Providence Cannon Beach Clinic; Providence Internal Medicine - Hood River; Providence Seaside Clinic; Providence Warrenton Clinic; Salem Health Medical Clinic Woodburn; Samaritan Coastal Clinic; Samaritan Depoe Bay Clinic; Samaritan Family Medicine - Brownsville; Samaritan Family Medicine - Main St; Samaritan Family Medicine Resident Clinic – Lebanon; Samaritan Health Center-Newport; Samaritan Lebanon Community Hospital Medical Clinic Sweet Home; Samaritan Lebanon Health Center; Samaritan Lincoln City Medical Center; Samaritan Toledo Clinic; Samaritan Urgent Care Walk-In Clinic - Lebanon; Samaritan Waldport Clinic; Santiam Internal Medicine Clinic; Santiam Medical Associates; Santiam Medical Clinic; Sherman County Medical Clinic; Siskiyou Pediatric Clinic, LLP; South Gilliam Health Center; St. Alphonsus Family Medicine Clinic; St. Charles Family Care Prineville; St. Lukes Clinic-Eastern Oregon Medical Associates; Strawberry Wilderness Community Clinic; Sublimity Medical Clinic; Thrivewell Clinic; Umpqua Health Newton Creek; UrgentCare NW Astoria PC; Wallowa Memorial Medical Clinic - Downtown; Wallowa Memorial Medical Clinic - Enterprise; Wallowa Memorial Medical Clinic - Joseph; Wallowa Memorial Medical Clinic - Wallowa; Warner Mountain Medical Clinic; Water's Edge Medical Clinic; West Hills Family Care; Women's Healthcare Associates; Woodburn Pediatric Clinic",SEMICOLON,102,29,Grande Ronde Hospital Union Clinic,TRUE,10000000,"RCJ published one amount for a field naming 102 recipients. This is the FIELD total, NOT this recipient's award. Never divide it (§6.2) - no source states how it splits.",OR - 2026 - What is the RHTP?,https://www.ruralcarejourney.com/api/documents/f6c8e968-6eea-426b-b4bd-faf617e0c220/file,NA,"§6.2: semicolon-delimited awardeeName naming 102 recipients, 61 of which pass the §6.1 legal-entity test. One candidate per fragment, routed to review -- the split is a guess about the state's formatting, not a fact. The amount is the FIELD total and is never divided."
303bc50f-2cda-4e0c-a785-98bb4b3c69ac,OR,Oregon,SUBAWARD,"Adventist Health – Estacada; Adventist Health – Manzanita; Adventist Health – Pacific City; Adventist Health – Vernonia; Adventist Health Specialty Clinic; Adventist Health Women’s and Family Health; Aumsville Medical Clinic; Cascade Medical Clinic; CHI St. Anthony Hospital Family Clinic; CMH Astoria Primary Care Clinic; CMH Primary Care & Urgent Care-Seaside; CMH Warrenton Primary Care Clinic; Coastal Health Practitioners; Columbia Gorge Family Medicine; Columbia River Women's Center; Curry Family Medical; Curry Medical North; Dallas Family Care; Dunes Family Health Care; Evergreen Family Medicine; Evergreen Family Medicine - Sutherlin; Evergreen Family Medicine (Harvard); Evergreen Family Medicine South; Family Health Associates; Family Health Associates Umatilla Clinic; Good Shepherd Medical Group; Grande Ronde Hospital Elgin Clinic; Grande Ronde Hospital Regional Medical Clinic; Grande Ronde Hospital Union Clinic; Grande Ronde Hospital Urgent Care; Grande Ronde Hospital Womens & Childrens Clinic; Grant County Health Department; Harney County Health Department; Harney District Hospital Family Care; Ione Community Clinic; Irrigon Medical Clinic; La Grande Family Medicine; Lake Health Clinic; Legacy Medical Group - Firwood; Legacy Medical Group - Mt. Angel; Legacy Medical Group - Silverton; Legacy Medical Group - St Helens; Legacy Medical Group - Woodburn Health Center; Madras Medical Group; Malheur Memorial Health Center; MCMC Family Medicine; McMinnville Internal Medicine; North Bend Medical Center Bandon; North Bend Medical Center, Inc Immediate Care; Oak Street Health Care Center; OHSU Primary Care Clinic, Scappoose; Orchid Health; Orchid Health Fern Ridge Clinic; Orchid Health McKenzie River Clinic; Orchid Health Wade Creek Clinic; Oregon Integrated Health - Florence; Park Street Clinic; Pediatric Specialists of Pendleton; Pendleton Family Medicine; Pine Eagle Clinic; Pioneer Memorial Clinic; Providence Cannon Beach Clinic; Providence Internal Medicine - Hood River; Providence Seaside Clinic; Providence Warrenton Clinic; Salem Health Medical Clinic Woodburn; Samaritan Coastal Clinic; Samaritan Depoe Bay Clinic; Samaritan Family Medicine - Brownsville; Samaritan Family Medicine - Main St; Samaritan Family Medicine Resident Clinic – Lebanon; Samaritan Health Center-Newport; Samaritan Lebanon Community Hospital Medical Clinic Sweet Home; Samaritan Lebanon Health Center; Samaritan Lincoln City Medical Center; Samaritan Toledo Clinic; Samaritan Urgent Care Walk-In Clinic - Lebanon; Samaritan Waldport Clinic; Santiam Internal Medicine Clinic; Santiam Medical Associates; Santiam Medical Clinic; Sherman County Medical Clinic; Siskiyou Pediatric Clinic, LLP; South Gilliam Health Center; St. Alphonsus Family Medicine Clinic; St. Charles Family Care Prineville; St. Lukes Clinic-Eastern Oregon Medical Associates; Strawberry Wilderness Community Clinic; Sublimity Medical Clinic; Thrivewell Clinic; Umpqua Health Newton Creek; UrgentCare NW Astoria PC; Wallowa Memorial Medical Clinic - Downtown; Wallowa Memorial Medical Clinic - Enterprise; Wallowa Memorial Medical Clinic - Joseph; Wallowa Memorial Medical Clinic - Wallowa; Warner Mountain Medical Clinic; Water's Edge Medical Clinic; West Hills Family Care; Women's Healthcare Associates; Woodburn Pediatric Clinic",SEMICOLON,102,30,Grande Ronde Hospital Urgent Care,TRUE,10000000,"RCJ published one amount for a field naming 102 recipients. This is the FIELD total, NOT this recipient's award. Never divide it (§6.2) - no source states how it splits.",OR - 2026 - What is the RHTP?,https://www.ruralcarejourney.com/api/documents/f6c8e968-6eea-426b-b4bd-faf617e0c220/file,NA,"§6.2: semicolon-delimited awardeeName naming 102 recipients, 61 of which pass the §6.1 legal-entity test. One candidate per fragment, routed to review -- the split is a guess about the state's formatting, not a fact. The amount is the FIELD total and is never divided."
303bc50f-2cda-4e0c-a785-98bb4b3c69ac,OR,Oregon,SUBAWARD,"Adventist Health – Estacada; Adventist Health – Manzanita; Adventist Health – Pacific City; Adventist Health – Vernonia; Adventist Health Specialty Clinic; Adventist Health Women’s and Family Health; Aumsville Medical Clinic; Cascade Medical Clinic; CHI St. Anthony Hospital Family Clinic; CMH Astoria Primary Care Clinic; CMH Primary Care & Urgent Care-Seaside; CMH Warrenton Primary Care Clinic; Coastal Health Practitioners; Columbia Gorge Family Medicine; Columbia River Women's Center; Curry Family Medical; Curry Medical North; Dallas Family Care; Dunes Family Health Care; Evergreen Family Medicine; Evergreen Family Medicine - Sutherlin; Evergreen Family Medicine (Harvard); Evergreen Family Medicine South; Family Health Associates; Family Health Associates Umatilla Clinic; Good Shepherd Medical Group; Grande Ronde Hospital Elgin Clinic; Grande Ronde Hospital Regional Medical Clinic; Grande Ronde Hospital Union Clinic; Grande Ronde Hospital Urgent Care; Grande Ronde Hospital Womens & Childrens Clinic; Grant County Health Department; Harney County Health Department; Harney District Hospital Family Care; Ione Community Clinic; Irrigon Medical Clinic; La Grande Family Medicine; Lake Health Clinic; Legacy Medical Group - Firwood; Legacy Medical Group - Mt. Angel; Legacy Medical Group - Silverton; Legacy Medical Group - St Helens; Legacy Medical Group - Woodburn Health Center; Madras Medical Group; Malheur Memorial Health Center; MCMC Family Medicine; McMinnville Internal Medicine; North Bend Medical Center Bandon; North Bend Medical Center, Inc Immediate Care; Oak Street Health Care Center; OHSU Primary Care Clinic, Scappoose; Orchid Health; Orchid Health Fern Ridge Clinic; Orchid Health McKenzie River Clinic; Orchid Health Wade Creek Clinic; Oregon Integrated Health - Florence; Park Street Clinic; Pediatric Specialists of Pendleton; Pendleton Family Medicine; Pine Eagle Clinic; Pioneer Memorial Clinic; Providence Cannon Beach Clinic; Providence Internal Medicine - Hood River; Providence Seaside Clinic; Providence Warrenton Clinic; Salem Health Medical Clinic Woodburn; Samaritan Coastal Clinic; Samaritan Depoe Bay Clinic; Samaritan Family Medicine - Brownsville; Samaritan Family Medicine - Main St; Samaritan Family Medicine Resident Clinic – Lebanon; Samaritan Health Center-Newport; Samaritan Lebanon Community Hospital Medical Clinic Sweet Home; Samaritan Lebanon Health Center; Samaritan Lincoln City Medical Center; Samaritan Toledo Clinic; Samaritan Urgent Care Walk-In Clinic - Lebanon; Samaritan Waldport Clinic; Santiam Internal Medicine Clinic; Santiam Medical Associates; Santiam Medical Clinic; Sherman County Medical Clinic; Siskiyou Pediatric Clinic, LLP; South Gilliam Health Center; St. Alphonsus Family Medicine Clinic; St. Charles Family Care Prineville; St. Lukes Clinic-Eastern Oregon Medical Associates; Strawberry Wilderness Community Clinic; Sublimity Medical Clinic; Thrivewell Clinic; Umpqua Health Newton Creek; UrgentCare NW Astoria PC; Wallowa Memorial Medical Clinic - Downtown; Wallowa Memorial Medical Clinic - Enterprise; Wallowa Memorial Medical Clinic - Joseph; Wallowa Memorial Medical Clinic - Wallowa; Warner Mountain Medical Clinic; Water's Edge Medical Clinic; West Hills Family Care; Women's Healthcare Associates; Woodburn Pediatric Clinic",SEMICOLON,102,31,Grande Ronde Hospital Womens & Childrens Clinic,TRUE,10000000,"RCJ published one amount for a field naming 102 recipients. This is the FIELD total, NOT this recipient's award. Never divide it (§6.2) - no source states how it splits.",OR - 2026 - What is the RHTP?,https://www.ruralcarejourney.com/api/documents/f6c8e968-6eea-426b-b4bd-faf617e0c220/file,NA,"§6.2: semicolon-delimited awardeeName naming 102 recipients, 61 of which pass the §6.1 legal-entity test. One candidate per fragment, routed to review -- the split is a guess about the state's formatting, not a fact. The amount is the FIELD total and is never divided."
303bc50f-2cda-4e0c-a785-98bb4b3c69ac,OR,Oregon,SUBAWARD,"Adventist Health – Estacada; Adventist Health – Manzanita; Adventist Health – Pacific City; Adventist Health – Vernonia; Adventist Health Specialty Clinic; Adventist Health Women’s and Family Health; Aumsville Medical Clinic; Cascade Medical Clinic; CHI St. Anthony Hospital Family Clinic; CMH Astoria Primary Care Clinic; CMH Primary Care & Urgent Care-Seaside; CMH Warrenton Primary Care Clinic; Coastal Health Practitioners; Columbia Gorge Family Medicine; Columbia River Women's Center; Curry Family Medical; Curry Medical North; Dallas Family Care; Dunes Family Health Care; Evergreen Family Medicine; Evergreen Family Medicine - Sutherlin; Evergreen Family Medicine (Harvard); Evergreen Family Medicine South; Family Health Associates; Family Health Associates Umatilla Clinic; Good Shepherd Medical Group; Grande Ronde Hospital Elgin Clinic; Grande Ronde Hospital Regional Medical Clinic; Grande Ronde Hospital Union Clinic; Grande Ronde Hospital Urgent Care; Grande Ronde Hospital Womens & Childrens Clinic; Grant County Health Department; Harney County Health Department; Harney District Hospital Family Care; Ione Community Clinic; Irrigon Medical Clinic; La Grande Family Medicine; Lake Health Clinic; Legacy Medical Group - Firwood; Legacy Medical Group - Mt. Angel; Legacy Medical Group - Silverton; Legacy Medical Group - St Helens; Legacy Medical Group - Woodburn Health Center; Madras Medical Group; Malheur Memorial Health Center; MCMC Family Medicine; McMinnville Internal Medicine; North Bend Medical Center Bandon; North Bend Medical Center, Inc Immediate Care; Oak Street Health Care Center; OHSU Primary Care Clinic, Scappoose; Orchid Health; Orchid Health Fern Ridge Clinic; Orchid Health McKenzie River Clinic; Orchid Health Wade Creek Clinic; Oregon Integrated Health - Florence; Park Street Clinic; Pediatric Specialists of Pendleton; Pendleton Family Medicine; Pine Eagle Clinic; Pioneer Memorial Clinic; Providence Cannon Beach Clinic; Providence Internal Medicine - Hood River; Providence Seaside Clinic; Providence Warrenton Clinic; Salem Health Medical Clinic Woodburn; Samaritan Coastal Clinic; Samaritan Depoe Bay Clinic; Samaritan Family Medicine - Brownsville; Samaritan Family Medicine - Main St; Samaritan Family Medicine Resident Clinic – Lebanon; Samaritan Health Center-Newport; Samaritan Lebanon Community Hospital Medical Clinic Sweet Home; Samaritan Lebanon Health Center; Samaritan Lincoln City Medical Center; Samaritan Toledo Clinic; Samaritan Urgent Care Walk-In Clinic - Lebanon; Samaritan Waldport Clinic; Santiam Internal Medicine Clinic; Santiam Medical Associates; Santiam Medical Clinic; Sherman County Medical Clinic; Siskiyou Pediatric Clinic, LLP; South Gilliam Health Center; St. Alphonsus Family Medicine Clinic; St. Charles Family Care Prineville; St. Lukes Clinic-Eastern Oregon Medical Associates; Strawberry Wilderness Community Clinic; Sublimity Medical Clinic; Thrivewell Clinic; Umpqua Health Newton Creek; UrgentCare NW Astoria PC; Wallowa Memorial Medical Clinic - Downtown; Wallowa Memorial Medical Clinic - Enterprise; Wallowa Memorial Medical Clinic - Joseph; Wallowa Memorial Medical Clinic - Wallowa; Warner Mountain Medical Clinic; Water's Edge Medical Clinic; West Hills Family Care; Women's Healthcare Associates; Woodburn Pediatric Clinic",SEMICOLON,102,32,Grant County Health Department,FALSE,10000000,"RCJ published one amount for a field naming 102 recipients. This is the FIELD total, NOT this recipient's award. Never divide it (§6.2) - no source states how it splits.",OR - 2026 - What is the RHTP?,https://www.ruralcarejourney.com/api/documents/f6c8e968-6eea-426b-b4bd-faf617e0c220/file,NA,"§6.2: semicolon-delimited awardeeName naming 102 recipients, 61 of which pass the §6.1 legal-entity test. One candidate per fragment, routed to review -- the split is a guess about the state's formatting, not a fact. The amount is the FIELD total and is never divided."
303bc50f-2cda-4e0c-a785-98bb4b3c69ac,OR,Oregon,SUBAWARD,"Adventist Health – Estacada; Adventist Health – Manzanita; Adventist Health – Pacific City; Adventist Health – Vernonia; Adventist Health Specialty Clinic; Adventist Health Women’s and Family Health; Aumsville Medical Clinic; Cascade Medical Clinic; CHI St. Anthony Hospital Family Clinic; CMH Astoria Primary Care Clinic; CMH Primary Care & Urgent Care-Seaside; CMH Warrenton Primary Care Clinic; Coastal Health Practitioners; Columbia Gorge Family Medicine; Columbia River Women's Center; Curry Family Medical; Curry Medical North; Dallas Family Care; Dunes Family Health Care; Evergreen Family Medicine; Evergreen Family Medicine - Sutherlin; Evergreen Family Medicine (Harvard); Evergreen Family Medicine South; Family Health Associates; Family Health Associates Umatilla Clinic; Good Shepherd Medical Group; Grande Ronde Hospital Elgin Clinic; Grande Ronde Hospital Regional Medical Clinic; Grande Ronde Hospital Union Clinic; Grande Ronde Hospital Urgent Care; Grande Ronde Hospital Womens & Childrens Clinic; Grant County Health Department; Harney County Health Department; Harney District Hospital Family Care; Ione Community Clinic; Irrigon Medical Clinic; La Grande Family Medicine; Lake Health Clinic; Legacy Medical Group - Firwood; Legacy Medical Group - Mt. Angel; Legacy Medical Group - Silverton; Legacy Medical Group - St Helens; Legacy Medical Group - Woodburn Health Center; Madras Medical Group; Malheur Memorial Health Center; MCMC Family Medicine; McMinnville Internal Medicine; North Bend Medical Center Bandon; North Bend Medical Center, Inc Immediate Care; Oak Street Health Care Center; OHSU Primary Care Clinic, Scappoose; Orchid Health; Orchid Health Fern Ridge Clinic; Orchid Health McKenzie River Clinic; Orchid Health Wade Creek Clinic; Oregon Integrated Health - Florence; Park Street Clinic; Pediatric Specialists of Pendleton; Pendleton Family Medicine; Pine Eagle Clinic; Pioneer Memorial Clinic; Providence Cannon Beach Clinic; Providence Internal Medicine - Hood River; Providence Seaside Clinic; Providence Warrenton Clinic; Salem Health Medical Clinic Woodburn; Samaritan Coastal Clinic; Samaritan Depoe Bay Clinic; Samaritan Family Medicine - Brownsville; Samaritan Family Medicine - Main St; Samaritan Family Medicine Resident Clinic – Lebanon; Samaritan Health Center-Newport; Samaritan Lebanon Community Hospital Medical Clinic Sweet Home; Samaritan Lebanon Health Center; Samaritan Lincoln City Medical Center; Samaritan Toledo Clinic; Samaritan Urgent Care Walk-In Clinic - Lebanon; Samaritan Waldport Clinic; Santiam Internal Medicine Clinic; Santiam Medical Associates; Santiam Medical Clinic; Sherman County Medical Clinic; Siskiyou Pediatric Clinic, LLP; South Gilliam Health Center; St. Alphonsus Family Medicine Clinic; St. Charles Family Care Prineville; St. Lukes Clinic-Eastern Oregon Medical Associates; Strawberry Wilderness Community Clinic; Sublimity Medical Clinic; Thrivewell Clinic; Umpqua Health Newton Creek; UrgentCare NW Astoria PC; Wallowa Memorial Medical Clinic - Downtown; Wallowa Memorial Medical Clinic - Enterprise; Wallowa Memorial Medical Clinic - Joseph; Wallowa Memorial Medical Clinic - Wallowa; Warner Mountain Medical Clinic; Water's Edge Medical Clinic; West Hills Family Care; Women's Healthcare Associates; Woodburn Pediatric Clinic",SEMICOLON,102,33,Harney County Health Department,FALSE,10000000,"RCJ published one amount for a field naming 102 recipients. This is the FIELD total, NOT this recipient's award. Never divide it (§6.2) - no source states how it splits.",OR - 2026 - What is the RHTP?,https://www.ruralcarejourney.com/api/documents/f6c8e968-6eea-426b-b4bd-faf617e0c220/file,NA,"§6.2: semicolon-delimited awardeeName naming 102 recipients, 61 of which pass the §6.1 legal-entity test. One candidate per fragment, routed to review -- the split is a guess about the state's formatting, not a fact. The amount is the FIELD total and is never divided."
303bc50f-2cda-4e0c-a785-98bb4b3c69ac,OR,Oregon,SUBAWARD,"Adventist Health – Estacada; Adventist Health – Manzanita; Adventist Health – Pacific City; Adventist Health – Vernonia; Adventist Health Specialty Clinic; Adventist Health Women’s and Family Health; Aumsville Medical Clinic; Cascade Medical Clinic; CHI St. Anthony Hospital Family Clinic; CMH Astoria Primary Care Clinic; CMH Primary Care & Urgent Care-Seaside; CMH Warrenton Primary Care Clinic; Coastal Health Practitioners; Columbia Gorge Family Medicine; Columbia River Women's Center; Curry Family Medical; Curry Medical North; Dallas Family Care; Dunes Family Health Care; Evergreen Family Medicine; Evergreen Family Medicine - Sutherlin; Evergreen Family Medicine (Harvard); Evergreen Family Medicine South; Family Health Associates; Family Health Associates Umatilla Clinic; Good Shepherd Medical Group; Grande Ronde Hospital Elgin Clinic; Grande Ronde Hospital Regional Medical Clinic; Grande Ronde Hospital Union Clinic; Grande Ronde Hospital Urgent Care; Grande Ronde Hospital Womens & Childrens Clinic; Grant County Health Department; Harney County Health Department; Harney District Hospital Family Care; Ione Community Clinic; Irrigon Medical Clinic; La Grande Family Medicine; Lake Health Clinic; Legacy Medical Group - Firwood; Legacy Medical Group - Mt. Angel; Legacy Medical Group - Silverton; Legacy Medical Group - St Helens; Legacy Medical Group - Woodburn Health Center; Madras Medical Group; Malheur Memorial Health Center; MCMC Family Medicine; McMinnville Internal Medicine; North Bend Medical Center Bandon; North Bend Medical Center, Inc Immediate Care; Oak Street Health Care Center; OHSU Primary Care Clinic, Scappoose; Orchid Health; Orchid Health Fern Ridge Clinic; Orchid Health McKenzie River Clinic; Orchid Health Wade Creek Clinic; Oregon Integrated Health - Florence; Park Street Clinic; Pediatric Specialists of Pendleton; Pendleton Family Medicine; Pine Eagle Clinic; Pioneer Memorial Clinic; Providence Cannon Beach Clinic; Providence Internal Medicine - Hood River; Providence Seaside Clinic; Providence Warrenton Clinic; Salem Health Medical Clinic Woodburn; Samaritan Coastal Clinic; Samaritan Depoe Bay Clinic; Samaritan Family Medicine - Brownsville; Samaritan Family Medicine - Main St; Samaritan Family Medicine Resident Clinic – Lebanon; Samaritan Health Center-Newport; Samaritan Lebanon Community Hospital Medical Clinic Sweet Home; Samaritan Lebanon Health Center; Samaritan Lincoln City Medical Center; Samaritan Toledo Clinic; Samaritan Urgent Care Walk-In Clinic - Lebanon; Samaritan Waldport Clinic; Santiam Internal Medicine Clinic; Santiam Medical Associates; Santiam Medical Clinic; Sherman County Medical Clinic; Siskiyou Pediatric Clinic, LLP; South Gilliam Health Center; St. Alphonsus Family Medicine Clinic; St. Charles Family Care Prineville; St. Lukes Clinic-Eastern Oregon Medical Associates; Strawberry Wilderness Community Clinic; Sublimity Medical Clinic; Thrivewell Clinic; Umpqua Health Newton Creek; UrgentCare NW Astoria PC; Wallowa Memorial Medical Clinic - Downtown; Wallowa Memorial Medical Clinic - Enterprise; Wallowa Memorial Medical Clinic - Joseph; Wallowa Memorial Medical Clinic - Wallowa; Warner Mountain Medical Clinic; Water's Edge Medical Clinic; West Hills Family Care; Women's Healthcare Associates; Woodburn Pediatric Clinic",SEMICOLON,102,34,Harney District Hospital Family Care,TRUE,10000000,"RCJ published one amount for a field naming 102 recipients. This is the FIELD total, NOT this recipient's award. Never divide it (§6.2) - no source states how it splits.",OR - 2026 - What is the RHTP?,https://www.ruralcarejourney.com/api/documents/f6c8e968-6eea-426b-b4bd-faf617e0c220/file,NA,"§6.2: semicolon-delimited awardeeName naming 102 recipients, 61 of which pass the §6.1 legal-entity test. One candidate per fragment, routed to review -- the split is a guess about the state's formatting, not a fact. The amount is the FIELD total and is never divided."
303bc50f-2cda-4e0c-a785-98bb4b3c69ac,OR,Oregon,SUBAWARD,"Adventist Health – Estacada; Adventist Health – Manzanita; Adventist Health – Pacific City; Adventist Health – Vernonia; Adventist Health Specialty Clinic; Adventist Health Women’s and Family Health; Aumsville Medical Clinic; Cascade Medical Clinic; CHI St. Anthony Hospital Family Clinic; CMH Astoria Primary Care Clinic; CMH Primary Care & Urgent Care-Seaside; CMH Warrenton Primary Care Clinic; Coastal Health Practitioners; Columbia Gorge Family Medicine; Columbia River Women's Center; Curry Family Medical; Curry Medical North; Dallas Family Care; Dunes Family Health Care; Evergreen Family Medicine; Evergreen Family Medicine - Sutherlin; Evergreen Family Medicine (Harvard); Evergreen Family Medicine South; Family Health Associates; Family Health Associates Umatilla Clinic; Good Shepherd Medical Group; Grande Ronde Hospital Elgin Clinic; Grande Ronde Hospital Regional Medical Clinic; Grande Ronde Hospital Union Clinic; Grande Ronde Hospital Urgent Care; Grande Ronde Hospital Womens & Childrens Clinic; Grant County Health Department; Harney County Health Department; Harney District Hospital Family Care; Ione Community Clinic; Irrigon Medical Clinic; La Grande Family Medicine; Lake Health Clinic; Legacy Medical Group - Firwood; Legacy Medical Group - Mt. Angel; Legacy Medical Group - Silverton; Legacy Medical Group - St Helens; Legacy Medical Group - Woodburn Health Center; Madras Medical Group; Malheur Memorial Health Center; MCMC Family Medicine; McMinnville Internal Medicine; North Bend Medical Center Bandon; North Bend Medical Center, Inc Immediate Care; Oak Street Health Care Center; OHSU Primary Care Clinic, Scappoose; Orchid Health; Orchid Health Fern Ridge Clinic; Orchid Health McKenzie River Clinic; Orchid Health Wade Creek Clinic; Oregon Integrated Health - Florence; Park Street Clinic; Pediatric Specialists of Pendleton; Pendleton Family Medicine; Pine Eagle Clinic; Pioneer Memorial Clinic; Providence Cannon Beach Clinic; Providence Internal Medicine - Hood River; Providence Seaside Clinic; Providence Warrenton Clinic; Salem Health Medical Clinic Woodburn; Samaritan Coastal Clinic; Samaritan Depoe Bay Clinic; Samaritan Family Medicine - Brownsville; Samaritan Family Medicine - Main St; Samaritan Family Medicine Resident Clinic – Lebanon; Samaritan Health Center-Newport; Samaritan Lebanon Community Hospital Medical Clinic Sweet Home; Samaritan Lebanon Health Center; Samaritan Lincoln City Medical Center; Samaritan Toledo Clinic; Samaritan Urgent Care Walk-In Clinic - Lebanon; Samaritan Waldport Clinic; Santiam Internal Medicine Clinic; Santiam Medical Associates; Santiam Medical Clinic; Sherman County Medical Clinic; Siskiyou Pediatric Clinic, LLP; South Gilliam Health Center; St. Alphonsus Family Medicine Clinic; St. Charles Family Care Prineville; St. Lukes Clinic-Eastern Oregon Medical Associates; Strawberry Wilderness Community Clinic; Sublimity Medical Clinic; Thrivewell Clinic; Umpqua Health Newton Creek; UrgentCare NW Astoria PC; Wallowa Memorial Medical Clinic - Downtown; Wallowa Memorial Medical Clinic - Enterprise; Wallowa Memorial Medical Clinic - Joseph; Wallowa Memorial Medical Clinic - Wallowa; Warner Mountain Medical Clinic; Water's Edge Medical Clinic; West Hills Family Care; Women's Healthcare Associates; Woodburn Pediatric Clinic",SEMICOLON,102,35,Ione Community Clinic,TRUE,10000000,"RCJ published one amount for a field naming 102 recipients. This is the FIELD total, NOT this recipient's award. Never divide it (§6.2) - no source states how it splits.",OR - 2026 - What is the RHTP?,https://www.ruralcarejourney.com/api/documents/f6c8e968-6eea-426b-b4bd-faf617e0c220/file,NA,"§6.2: semicolon-delimited awardeeName naming 102 recipients, 61 of which pass the §6.1 legal-entity test. One candidate per fragment, routed to review -- the split is a guess about the state's formatting, not a fact. The amount is the FIELD total and is never divided."
303bc50f-2cda-4e0c-a785-98bb4b3c69ac,OR,Oregon,SUBAWARD,"Adventist Health – Estacada; Adventist Health – Manzanita; Adventist Health – Pacific City; Adventist Health – Vernonia; Adventist Health Specialty Clinic; Adventist Health Women’s and Family Health; Aumsville Medical Clinic; Cascade Medical Clinic; CHI St. Anthony Hospital Family Clinic; CMH Astoria Primary Care Clinic; CMH Primary Care & Urgent Care-Seaside; CMH Warrenton Primary Care Clinic; Coastal Health Practitioners; Columbia Gorge Family Medicine; Columbia River Women's Center; Curry Family Medical; Curry Medical North; Dallas Family Care; Dunes Family Health Care; Evergreen Family Medicine; Evergreen Family Medicine - Sutherlin; Evergreen Family Medicine (Harvard); Evergreen Family Medicine South; Family Health Associates; Family Health Associates Umatilla Clinic; Good Shepherd Medical Group; Grande Ronde Hospital Elgin Clinic; Grande Ronde Hospital Regional Medical Clinic; Grande Ronde Hospital Union Clinic; Grande Ronde Hospital Urgent Care; Grande Ronde Hospital Womens & Childrens Clinic; Grant County Health Department; Harney County Health Department; Harney District Hospital Family Care; Ione Community Clinic; Irrigon Medical Clinic; La Grande Family Medicine; Lake Health Clinic; Legacy Medical Group - Firwood; Legacy Medical Group - Mt. Angel; Legacy Medical Group - Silverton; Legacy Medical Group - St Helens; Legacy Medical Group - Woodburn Health Center; Madras Medical Group; Malheur Memorial Health Center; MCMC Family Medicine; McMinnville Internal Medicine; North Bend Medical Center Bandon; North Bend Medical Center, Inc Immediate Care; Oak Street Health Care Center; OHSU Primary Care Clinic, Scappoose; Orchid Health; Orchid Health Fern Ridge Clinic; Orchid Health McKenzie River Clinic; Orchid Health Wade Creek Clinic; Oregon Integrated Health - Florence; Park Street Clinic; Pediatric Specialists of Pendleton; Pendleton Family Medicine; Pine Eagle Clinic; Pioneer Memorial Clinic; Providence Cannon Beach Clinic; Providence Internal Medicine - Hood River; Providence Seaside Clinic; Providence Warrenton Clinic; Salem Health Medical Clinic Woodburn; Samaritan Coastal Clinic; Samaritan Depoe Bay Clinic; Samaritan Family Medicine - Brownsville; Samaritan Family Medicine - Main St; Samaritan Family Medicine Resident Clinic – Lebanon; Samaritan Health Center-Newport; Samaritan Lebanon Community Hospital Medical Clinic Sweet Home; Samaritan Lebanon Health Center; Samaritan Lincoln City Medical Center; Samaritan Toledo Clinic; Samaritan Urgent Care Walk-In Clinic - Lebanon; Samaritan Waldport Clinic; Santiam Internal Medicine Clinic; Santiam Medical Associates; Santiam Medical Clinic; Sherman County Medical Clinic; Siskiyou Pediatric Clinic, LLP; South Gilliam Health Center; St. Alphonsus Family Medicine Clinic; St. Charles Family Care Prineville; St. Lukes Clinic-Eastern Oregon Medical Associates; Strawberry Wilderness Community Clinic; Sublimity Medical Clinic; Thrivewell Clinic; Umpqua Health Newton Creek; UrgentCare NW Astoria PC; Wallowa Memorial Medical Clinic - Downtown; Wallowa Memorial Medical Clinic - Enterprise; Wallowa Memorial Medical Clinic - Joseph; Wallowa Memorial Medical Clinic - Wallowa; Warner Mountain Medical Clinic; Water's Edge Medical Clinic; West Hills Family Care; Women's Healthcare Associates; Woodburn Pediatric Clinic",SEMICOLON,102,36,Irrigon Medical Clinic,TRUE,10000000,"RCJ published one amount for a field naming 102 recipients. This is the FIELD total, NOT this recipient's award. Never divide it (§6.2) - no source states how it splits.",OR - 2026 - What is the RHTP?,https://www.ruralcarejourney.com/api/documents/f6c8e968-6eea-426b-b4bd-faf617e0c220/file,NA,"§6.2: semicolon-delimited awardeeName naming 102 recipients, 61 of which pass the §6.1 legal-entity test. One candidate per fragment, routed to review -- the split is a guess about the state's formatting, not a fact. The amount is the FIELD total and is never divided."
303bc50f-2cda-4e0c-a785-98bb4b3c69ac,OR,Oregon,SUBAWARD,"Adventist Health – Estacada; Adventist Health – Manzanita; Adventist Health – Pacific City; Adventist Health – Vernonia; Adventist Health Specialty Clinic; Adventist Health Women’s and Family Health; Aumsville Medical Clinic; Cascade Medical Clinic; CHI St. Anthony Hospital Family Clinic; CMH Astoria Primary Care Clinic; CMH Primary Care & Urgent Care-Seaside; CMH Warrenton Primary Care Clinic; Coastal Health Practitioners; Columbia Gorge Family Medicine; Columbia River Women's Center; Curry Family Medical; Curry Medical North; Dallas Family Care; Dunes Family Health Care; Evergreen Family Medicine; Evergreen Family Medicine - Sutherlin; Evergreen Family Medicine (Harvard); Evergreen Family Medicine South; Family Health Associates; Family Health Associates Umatilla Clinic; Good Shepherd Medical Group; Grande Ronde Hospital Elgin Clinic; Grande Ronde Hospital Regional Medical Clinic; Grande Ronde Hospital Union Clinic; Grande Ronde Hospital Urgent Care; Grande Ronde Hospital Womens & Childrens Clinic; Grant County Health Department; Harney County Health Department; Harney District Hospital Family Care; Ione Community Clinic; Irrigon Medical Clinic; La Grande Family Medicine; Lake Health Clinic; Legacy Medical Group - Firwood; Legacy Medical Group - Mt. Angel; Legacy Medical Group - Silverton; Legacy Medical Group - St Helens; Legacy Medical Group - Woodburn Health Center; Madras Medical Group; Malheur Memorial Health Center; MCMC Family Medicine; McMinnville Internal Medicine; North Bend Medical Center Bandon; North Bend Medical Center, Inc Immediate Care; Oak Street Health Care Center; OHSU Primary Care Clinic, Scappoose; Orchid Health; Orchid Health Fern Ridge Clinic; Orchid Health McKenzie River Clinic; Orchid Health Wade Creek Clinic; Oregon Integrated Health - Florence; Park Street Clinic; Pediatric Specialists of Pendleton; Pendleton Family Medicine; Pine Eagle Clinic; Pioneer Memorial Clinic; Providence Cannon Beach Clinic; Providence Internal Medicine - Hood River; Providence Seaside Clinic; Providence Warrenton Clinic; Salem Health Medical Clinic Woodburn; Samaritan Coastal Clinic; Samaritan Depoe Bay Clinic; Samaritan Family Medicine - Brownsville; Samaritan Family Medicine - Main St; Samaritan Family Medicine Resident Clinic – Lebanon; Samaritan Health Center-Newport; Samaritan Lebanon Community Hospital Medical Clinic Sweet Home; Samaritan Lebanon Health Center; Samaritan Lincoln City Medical Center; Samaritan Toledo Clinic; Samaritan Urgent Care Walk-In Clinic - Lebanon; Samaritan Waldport Clinic; Santiam Internal Medicine Clinic; Santiam Medical Associates; Santiam Medical Clinic; Sherman County Medical Clinic; Siskiyou Pediatric Clinic, LLP; South Gilliam Health Center; St. Alphonsus Family Medicine Clinic; St. Charles Family Care Prineville; St. Lukes Clinic-Eastern Oregon Medical Associates; Strawberry Wilderness Community Clinic; Sublimity Medical Clinic; Thrivewell Clinic; Umpqua Health Newton Creek; UrgentCare NW Astoria PC; Wallowa Memorial Medical Clinic - Downtown; Wallowa Memorial Medical Clinic - Enterprise; Wallowa Memorial Medical Clinic - Joseph; Wallowa Memorial Medical Clinic - Wallowa; Warner Mountain Medical Clinic; Water's Edge Medical Clinic; West Hills Family Care; Women's Healthcare Associates; Woodburn Pediatric Clinic",SEMICOLON,102,37,La Grande Family Medicine,FALSE,10000000,"RCJ published one amount for a field naming 102 recipients. This is the FIELD total, NOT this recipient's award. Never divide it (§6.2) - no source states how it splits.",OR - 2026 - What is the RHTP?,https://www.ruralcarejourney.com/api/documents/f6c8e968-6eea-426b-b4bd-faf617e0c220/file,NA,"§6.2: semicolon-delimited awardeeName naming 102 recipients, 61 of which pass the §6.1 legal-entity test. One candidate per fragment, routed to review -- the split is a guess about the state's formatting, not a fact. The amount is the FIELD total and is never divided."
303bc50f-2cda-4e0c-a785-98bb4b3c69ac,OR,Oregon,SUBAWARD,"Adventist Health – Estacada; Adventist Health – Manzanita; Adventist Health – Pacific City; Adventist Health – Vernonia; Adventist Health Specialty Clinic; Adventist Health Women’s and Family Health; Aumsville Medical Clinic; Cascade Medical Clinic; CHI St. Anthony Hospital Family Clinic; CMH Astoria Primary Care Clinic; CMH Primary Care & Urgent Care-Seaside; CMH Warrenton Primary Care Clinic; Coastal Health Practitioners; Columbia Gorge Family Medicine; Columbia River Women's Center; Curry Family Medical; Curry Medical North; Dallas Family Care; Dunes Family Health Care; Evergreen Family Medicine; Evergreen Family Medicine - Sutherlin; Evergreen Family Medicine (Harvard); Evergreen Family Medicine South; Family Health Associates; Family Health Associates Umatilla Clinic; Good Shepherd Medical Group; Grande Ronde Hospital Elgin Clinic; Grande Ronde Hospital Regional Medical Clinic; Grande Ronde Hospital Union Clinic; Grande Ronde Hospital Urgent Care; Grande Ronde Hospital Womens & Childrens Clinic; Grant County Health Department; Harney County Health Department; Harney District Hospital Family Care; Ione Community Clinic; Irrigon Medical Clinic; La Grande Family Medicine; Lake Health Clinic; Legacy Medical Group - Firwood; Legacy Medical Group - Mt. Angel; Legacy Medical Group - Silverton; Legacy Medical Group - St Helens; Legacy Medical Group - Woodburn Health Center; Madras Medical Group; Malheur Memorial Health Center; MCMC Family Medicine; McMinnville Internal Medicine; North Bend Medical Center Bandon; North Bend Medical Center, Inc Immediate Care; Oak Street Health Care Center; OHSU Primary Care Clinic, Scappoose; Orchid Health; Orchid Health Fern Ridge Clinic; Orchid Health McKenzie River Clinic; Orchid Health Wade Creek Clinic; Oregon Integrated Health - Florence; Park Street Clinic; Pediatric Specialists of Pendleton; Pendleton Family Medicine; Pine Eagle Clinic; Pioneer Memorial Clinic; Providence Cannon Beach Clinic; Providence Internal Medicine - Hood River; Providence Seaside Clinic; Providence Warrenton Clinic; Salem Health Medical Clinic Woodburn; Samaritan Coastal Clinic; Samaritan Depoe Bay Clinic; Samaritan Family Medicine - Brownsville; Samaritan Family Medicine - Main St; Samaritan Family Medicine Resident Clinic – Lebanon; Samaritan Health Center-Newport; Samaritan Lebanon Community Hospital Medical Clinic Sweet Home; Samaritan Lebanon Health Center; Samaritan Lincoln City Medical Center; Samaritan Toledo Clinic; Samaritan Urgent Care Walk-In Clinic - Lebanon; Samaritan Waldport Clinic; Santiam Internal Medicine Clinic; Santiam Medical Associates; Santiam Medical Clinic; Sherman County Medical Clinic; Siskiyou Pediatric Clinic, LLP; South Gilliam Health Center; St. Alphonsus Family Medicine Clinic; St. Charles Family Care Prineville; St. Lukes Clinic-Eastern Oregon Medical Associates; Strawberry Wilderness Community Clinic; Sublimity Medical Clinic; Thrivewell Clinic; Umpqua Health Newton Creek; UrgentCare NW Astoria PC; Wallowa Memorial Medical Clinic - Downtown; Wallowa Memorial Medical Clinic - Enterprise; Wallowa Memorial Medical Clinic - Joseph; Wallowa Memorial Medical Clinic - Wallowa; Warner Mountain Medical Clinic; Water's Edge Medical Clinic; West Hills Family Care; Women's Healthcare Associates; Woodburn Pediatric Clinic",SEMICOLON,102,38,Lake Health Clinic,TRUE,10000000,"RCJ published one amount for a field naming 102 recipients. This is the FIELD total, NOT this recipient's award. Never divide it (§6.2) - no source states how it splits.",OR - 2026 - What is the RHTP?,https://www.ruralcarejourney.com/api/documents/f6c8e968-6eea-426b-b4bd-faf617e0c220/file,NA,"§6.2: semicolon-delimited awardeeName naming 102 recipients, 61 of which pass the §6.1 legal-entity test. One candidate per fragment, routed to review -- the split is a guess about the state's formatting, not a fact. The amount is the FIELD total and is never divided."
303bc50f-2cda-4e0c-a785-98bb4b3c69ac,OR,Oregon,SUBAWARD,"Adventist Health – Estacada; Adventist Health – Manzanita; Adventist Health – Pacific City; Adventist Health – Vernonia; Adventist Health Specialty Clinic; Adventist Health Women’s and Family Health; Aumsville Medical Clinic; Cascade Medical Clinic; CHI St. Anthony Hospital Family Clinic; CMH Astoria Primary Care Clinic; CMH Primary Care & Urgent Care-Seaside; CMH Warrenton Primary Care Clinic; Coastal Health Practitioners; Columbia Gorge Family Medicine; Columbia River Women's Center; Curry Family Medical; Curry Medical North; Dallas Family Care; Dunes Family Health Care; Evergreen Family Medicine; Evergreen Family Medicine - Sutherlin; Evergreen Family Medicine (Harvard); Evergreen Family Medicine South; Family Health Associates; Family Health Associates Umatilla Clinic; Good Shepherd Medical Group; Grande Ronde Hospital Elgin Clinic; Grande Ronde Hospital Regional Medical Clinic; Grande Ronde Hospital Union Clinic; Grande Ronde Hospital Urgent Care; Grande Ronde Hospital Womens & Childrens Clinic; Grant County Health Department; Harney County Health Department; Harney District Hospital Family Care; Ione Community Clinic; Irrigon Medical Clinic; La Grande Family Medicine; Lake Health Clinic; Legacy Medical Group - Firwood; Legacy Medical Group - Mt. Angel; Legacy Medical Group - Silverton; Legacy Medical Group - St Helens; Legacy Medical Group - Woodburn Health Center; Madras Medical Group; Malheur Memorial Health Center; MCMC Family Medicine; McMinnville Internal Medicine; North Bend Medical Center Bandon; North Bend Medical Center, Inc Immediate Care; Oak Street Health Care Center; OHSU Primary Care Clinic, Scappoose; Orchid Health; Orchid Health Fern Ridge Clinic; Orchid Health McKenzie River Clinic; Orchid Health Wade Creek Clinic; Oregon Integrated Health - Florence; Park Street Clinic; Pediatric Specialists of Pendleton; Pendleton Family Medicine; Pine Eagle Clinic; Pioneer Memorial Clinic; Providence Cannon Beach Clinic; Providence Internal Medicine - Hood River; Providence Seaside Clinic; Providence Warrenton Clinic; Salem Health Medical Clinic Woodburn; Samaritan Coastal Clinic; Samaritan Depoe Bay Clinic; Samaritan Family Medicine - Brownsville; Samaritan Family Medicine - Main St; Samaritan Family Medicine Resident Clinic – Lebanon; Samaritan Health Center-Newport; Samaritan Lebanon Community Hospital Medical Clinic Sweet Home; Samaritan Lebanon Health Center; Samaritan Lincoln City Medical Center; Samaritan Toledo Clinic; Samaritan Urgent Care Walk-In Clinic - Lebanon; Samaritan Waldport Clinic; Santiam Internal Medicine Clinic; Santiam Medical Associates; Santiam Medical Clinic; Sherman County Medical Clinic; Siskiyou Pediatric Clinic, LLP; South Gilliam Health Center; St. Alphonsus Family Medicine Clinic; St. Charles Family Care Prineville; St. Lukes Clinic-Eastern Oregon Medical Associates; Strawberry Wilderness Community Clinic; Sublimity Medical Clinic; Thrivewell Clinic; Umpqua Health Newton Creek; UrgentCare NW Astoria PC; Wallowa Memorial Medical Clinic - Downtown; Wallowa Memorial Medical Clinic - Enterprise; Wallowa Memorial Medical Clinic - Joseph; Wallowa Memorial Medical Clinic - Wallowa; Warner Mountain Medical Clinic; Water's Edge Medical Clinic; West Hills Family Care; Women's Healthcare Associates; Woodburn Pediatric Clinic",SEMICOLON,102,39,Legacy Medical Group - Firwood,FALSE,10000000,"RCJ published one amount for a field naming 102 recipients. This is the FIELD total, NOT this recipient's award. Never divide it (§6.2) - no source states how it splits.",OR - 2026 - What is the RHTP?,https://www.ruralcarejourney.com/api/documents/f6c8e968-6eea-426b-b4bd-faf617e0c220/file,NA,"§6.2: semicolon-delimited awardeeName naming 102 recipients, 61 of which pass the §6.1 legal-entity test. One candidate per fragment, routed to review -- the split is a guess about the state's formatting, not a fact. The amount is the FIELD total and is never divided."
303bc50f-2cda-4e0c-a785-98bb4b3c69ac,OR,Oregon,SUBAWARD,"Adventist Health – Estacada; Adventist Health – Manzanita; Adventist Health – Pacific City; Adventist Health – Vernonia; Adventist Health Specialty Clinic; Adventist Health Women’s and Family Health; Aumsville Medical Clinic; Cascade Medical Clinic; CHI St. Anthony Hospital Family Clinic; CMH Astoria Primary Care Clinic; CMH Primary Care & Urgent Care-Seaside; CMH Warrenton Primary Care Clinic; Coastal Health Practitioners; Columbia Gorge Family Medicine; Columbia River Women's Center; Curry Family Medical; Curry Medical North; Dallas Family Care; Dunes Family Health Care; Evergreen Family Medicine; Evergreen Family Medicine - Sutherlin; Evergreen Family Medicine (Harvard); Evergreen Family Medicine South; Family Health Associates; Family Health Associates Umatilla Clinic; Good Shepherd Medical Group; Grande Ronde Hospital Elgin Clinic; Grande Ronde Hospital Regional Medical Clinic; Grande Ronde Hospital Union Clinic; Grande Ronde Hospital Urgent Care; Grande Ronde Hospital Womens & Childrens Clinic; Grant County Health Department; Harney County Health Department; Harney District Hospital Family Care; Ione Community Clinic; Irrigon Medical Clinic; La Grande Family Medicine; Lake Health Clinic; Legacy Medical Group - Firwood; Legacy Medical Group - Mt. Angel; Legacy Medical Group - Silverton; Legacy Medical Group - St Helens; Legacy Medical Group - Woodburn Health Center; Madras Medical Group; Malheur Memorial Health Center; MCMC Family Medicine; McMinnville Internal Medicine; North Bend Medical Center Bandon; North Bend Medical Center, Inc Immediate Care; Oak Street Health Care Center; OHSU Primary Care Clinic, Scappoose; Orchid Health; Orchid Health Fern Ridge Clinic; Orchid Health McKenzie River Clinic; Orchid Health Wade Creek Clinic; Oregon Integrated Health - Florence; Park Street Clinic; Pediatric Specialists of Pendleton; Pendleton Family Medicine; Pine Eagle Clinic; Pioneer Memorial Clinic; Providence Cannon Beach Clinic; Providence Internal Medicine - Hood River; Providence Seaside Clinic; Providence Warrenton Clinic; Salem Health Medical Clinic Woodburn; Samaritan Coastal Clinic; Samaritan Depoe Bay Clinic; Samaritan Family Medicine - Brownsville; Samaritan Family Medicine - Main St; Samaritan Family Medicine Resident Clinic – Lebanon; Samaritan Health Center-Newport; Samaritan Lebanon Community Hospital Medical Clinic Sweet Home; Samaritan Lebanon Health Center; Samaritan Lincoln City Medical Center; Samaritan Toledo Clinic; Samaritan Urgent Care Walk-In Clinic - Lebanon; Samaritan Waldport Clinic; Santiam Internal Medicine Clinic; Santiam Medical Associates; Santiam Medical Clinic; Sherman County Medical Clinic; Siskiyou Pediatric Clinic, LLP; South Gilliam Health Center; St. Alphonsus Family Medicine Clinic; St. Charles Family Care Prineville; St. Lukes Clinic-Eastern Oregon Medical Associates; Strawberry Wilderness Community Clinic; Sublimity Medical Clinic; Thrivewell Clinic; Umpqua Health Newton Creek; UrgentCare NW Astoria PC; Wallowa Memorial Medical Clinic - Downtown; Wallowa Memorial Medical Clinic - Enterprise; Wallowa Memorial Medical Clinic - Joseph; Wallowa Memorial Medical Clinic - Wallowa; Warner Mountain Medical Clinic; Water's Edge Medical Clinic; West Hills Family Care; Women's Healthcare Associates; Woodburn Pediatric Clinic",SEMICOLON,102,40,Legacy Medical Group - Mt. Angel,FALSE,10000000,"RCJ published one amount for a field naming 102 recipients. This is the FIELD total, NOT this recipient's award. Never divide it (§6.2) - no source states how it splits.",OR - 2026 - What is the RHTP?,https://www.ruralcarejourney.com/api/documents/f6c8e968-6eea-426b-b4bd-faf617e0c220/file,NA,"§6.2: semicolon-delimited awardeeName naming 102 recipients, 61 of which pass the §6.1 legal-entity test. One candidate per fragment, routed to review -- the split is a guess about the state's formatting, not a fact. The amount is the FIELD total and is never divided."
303bc50f-2cda-4e0c-a785-98bb4b3c69ac,OR,Oregon,SUBAWARD,"Adventist Health – Estacada; Adventist Health – Manzanita; Adventist Health – Pacific City; Adventist Health – Vernonia; Adventist Health Specialty Clinic; Adventist Health Women’s and Family Health; Aumsville Medical Clinic; Cascade Medical Clinic; CHI St. Anthony Hospital Family Clinic; CMH Astoria Primary Care Clinic; CMH Primary Care & Urgent Care-Seaside; CMH Warrenton Primary Care Clinic; Coastal Health Practitioners; Columbia Gorge Family Medicine; Columbia River Women's Center; Curry Family Medical; Curry Medical North; Dallas Family Care; Dunes Family Health Care; Evergreen Family Medicine; Evergreen Family Medicine - Sutherlin; Evergreen Family Medicine (Harvard); Evergreen Family Medicine South; Family Health Associates; Family Health Associates Umatilla Clinic; Good Shepherd Medical Group; Grande Ronde Hospital Elgin Clinic; Grande Ronde Hospital Regional Medical Clinic; Grande Ronde Hospital Union Clinic; Grande Ronde Hospital Urgent Care; Grande Ronde Hospital Womens & Childrens Clinic; Grant County Health Department; Harney County Health Department; Harney District Hospital Family Care; Ione Community Clinic; Irrigon Medical Clinic; La Grande Family Medicine; Lake Health Clinic; Legacy Medical Group - Firwood; Legacy Medical Group - Mt. Angel; Legacy Medical Group - Silverton; Legacy Medical Group - St Helens; Legacy Medical Group - Woodburn Health Center; Madras Medical Group; Malheur Memorial Health Center; MCMC Family Medicine; McMinnville Internal Medicine; North Bend Medical Center Bandon; North Bend Medical Center, Inc Immediate Care; Oak Street Health Care Center; OHSU Primary Care Clinic, Scappoose; Orchid Health; Orchid Health Fern Ridge Clinic; Orchid Health McKenzie River Clinic; Orchid Health Wade Creek Clinic; Oregon Integrated Health - Florence; Park Street Clinic; Pediatric Specialists of Pendleton; Pendleton Family Medicine; Pine Eagle Clinic; Pioneer Memorial Clinic; Providence Cannon Beach Clinic; Providence Internal Medicine - Hood River; Providence Seaside Clinic; Providence Warrenton Clinic; Salem Health Medical Clinic Woodburn; Samaritan Coastal Clinic; Samaritan Depoe Bay Clinic; Samaritan Family Medicine - Brownsville; Samaritan Family Medicine - Main St; Samaritan Family Medicine Resident Clinic – Lebanon; Samaritan Health Center-Newport; Samaritan Lebanon Community Hospital Medical Clinic Sweet Home; Samaritan Lebanon Health Center; Samaritan Lincoln City Medical Center; Samaritan Toledo Clinic; Samaritan Urgent Care Walk-In Clinic - Lebanon; Samaritan Waldport Clinic; Santiam Internal Medicine Clinic; Santiam Medical Associates; Santiam Medical Clinic; Sherman County Medical Clinic; Siskiyou Pediatric Clinic, LLP; South Gilliam Health Center; St. Alphonsus Family Medicine Clinic; St. Charles Family Care Prineville; St. Lukes Clinic-Eastern Oregon Medical Associates; Strawberry Wilderness Community Clinic; Sublimity Medical Clinic; Thrivewell Clinic; Umpqua Health Newton Creek; UrgentCare NW Astoria PC; Wallowa Memorial Medical Clinic - Downtown; Wallowa Memorial Medical Clinic - Enterprise; Wallowa Memorial Medical Clinic - Joseph; Wallowa Memorial Medical Clinic - Wallowa; Warner Mountain Medical Clinic; Water's Edge Medical Clinic; West Hills Family Care; Women's Healthcare Associates; Woodburn Pediatric Clinic",SEMICOLON,102,41,Legacy Medical Group - Silverton,FALSE,10000000,"RCJ published one amount for a field naming 102 recipients. This is the FIELD total, NOT this recipient's award. Never divide it (§6.2) - no source states how it splits.",OR - 2026 - What is the RHTP?,https://www.ruralcarejourney.com/api/documents/f6c8e968-6eea-426b-b4bd-faf617e0c220/file,NA,"§6.2: semicolon-delimited awardeeName naming 102 recipients, 61 of which pass the §6.1 legal-entity test. One candidate per fragment, routed to review -- the split is a guess about the state's formatting, not a fact. The amount is the FIELD total and is never divided."
303bc50f-2cda-4e0c-a785-98bb4b3c69ac,OR,Oregon,SUBAWARD,"Adventist Health – Estacada; Adventist Health – Manzanita; Adventist Health – Pacific City; Adventist Health – Vernonia; Adventist Health Specialty Clinic; Adventist Health Women’s and Family Health; Aumsville Medical Clinic; Cascade Medical Clinic; CHI St. Anthony Hospital Family Clinic; CMH Astoria Primary Care Clinic; CMH Primary Care & Urgent Care-Seaside; CMH Warrenton Primary Care Clinic; Coastal Health Practitioners; Columbia Gorge Family Medicine; Columbia River Women's Center; Curry Family Medical; Curry Medical North; Dallas Family Care; Dunes Family Health Care; Evergreen Family Medicine; Evergreen Family Medicine - Sutherlin; Evergreen Family Medicine (Harvard); Evergreen Family Medicine South; Family Health Associates; Family Health Associates Umatilla Clinic; Good Shepherd Medical Group; Grande Ronde Hospital Elgin Clinic; Grande Ronde Hospital Regional Medical Clinic; Grande Ronde Hospital Union Clinic; Grande Ronde Hospital Urgent Care; Grande Ronde Hospital Womens & Childrens Clinic; Grant County Health Department; Harney County Health Department; Harney District Hospital Family Care; Ione Community Clinic; Irrigon Medical Clinic; La Grande Family Medicine; Lake Health Clinic; Legacy Medical Group - Firwood; Legacy Medical Group - Mt. Angel; Legacy Medical Group - Silverton; Legacy Medical Group - St Helens; Legacy Medical Group - Woodburn Health Center; Madras Medical Group; Malheur Memorial Health Center; MCMC Family Medicine; McMinnville Internal Medicine; North Bend Medical Center Bandon; North Bend Medical Center, Inc Immediate Care; Oak Street Health Care Center; OHSU Primary Care Clinic, Scappoose; Orchid Health; Orchid Health Fern Ridge Clinic; Orchid Health McKenzie River Clinic; Orchid Health Wade Creek Clinic; Oregon Integrated Health - Florence; Park Street Clinic; Pediatric Specialists of Pendleton; Pendleton Family Medicine; Pine Eagle Clinic; Pioneer Memorial Clinic; Providence Cannon Beach Clinic; Providence Internal Medicine - Hood River; Providence Seaside Clinic; Providence Warrenton Clinic; Salem Health Medical Clinic Woodburn; Samaritan Coastal Clinic; Samaritan Depoe Bay Clinic; Samaritan Family Medicine - Brownsville; Samaritan Family Medicine - Main St; Samaritan Family Medicine Resident Clinic – Lebanon; Samaritan Health Center-Newport; Samaritan Lebanon Community Hospital Medical Clinic Sweet Home; Samaritan Lebanon Health Center; Samaritan Lincoln City Medical Center; Samaritan Toledo Clinic; Samaritan Urgent Care Walk-In Clinic - Lebanon; Samaritan Waldport Clinic; Santiam Internal Medicine Clinic; Santiam Medical Associates; Santiam Medical Clinic; Sherman County Medical Clinic; Siskiyou Pediatric Clinic, LLP; South Gilliam Health Center; St. Alphonsus Family Medicine Clinic; St. Charles Family Care Prineville; St. Lukes Clinic-Eastern Oregon Medical Associates; Strawberry Wilderness Community Clinic; Sublimity Medical Clinic; Thrivewell Clinic; Umpqua Health Newton Creek; UrgentCare NW Astoria PC; Wallowa Memorial Medical Clinic - Downtown; Wallowa Memorial Medical Clinic - Enterprise; Wallowa Memorial Medical Clinic - Joseph; Wallowa Memorial Medical Clinic - Wallowa; Warner Mountain Medical Clinic; Water's Edge Medical Clinic; West Hills Family Care; Women's Healthcare Associates; Woodburn Pediatric Clinic",SEMICOLON,102,42,Legacy Medical Group - St Helens,FALSE,10000000,"RCJ published one amount for a field naming 102 recipients. This is the FIELD total, NOT this recipient's award. Never divide it (§6.2) - no source states how it splits.",OR - 2026 - What is the RHTP?,https://www.ruralcarejourney.com/api/documents/f6c8e968-6eea-426b-b4bd-faf617e0c220/file,NA,"§6.2: semicolon-delimited awardeeName naming 102 recipients, 61 of which pass the §6.1 legal-entity test. One candidate per fragment, routed to review -- the split is a guess about the state's formatting, not a fact. The amount is the FIELD total and is never divided."
303bc50f-2cda-4e0c-a785-98bb4b3c69ac,OR,Oregon,SUBAWARD,"Adventist Health – Estacada; Adventist Health – Manzanita; Adventist Health – Pacific City; Adventist Health – Vernonia; Adventist Health Specialty Clinic; Adventist Health Women’s and Family Health; Aumsville Medical Clinic; Cascade Medical Clinic; CHI St. Anthony Hospital Family Clinic; CMH Astoria Primary Care Clinic; CMH Primary Care & Urgent Care-Seaside; CMH Warrenton Primary Care Clinic; Coastal Health Practitioners; Columbia Gorge Family Medicine; Columbia River Women's Center; Curry Family Medical; Curry Medical North; Dallas Family Care; Dunes Family Health Care; Evergreen Family Medicine; Evergreen Family Medicine - Sutherlin; Evergreen Family Medicine (Harvard); Evergreen Family Medicine South; Family Health Associates; Family Health Associates Umatilla Clinic; Good Shepherd Medical Group; Grande Ronde Hospital Elgin Clinic; Grande Ronde Hospital Regional Medical Clinic; Grande Ronde Hospital Union Clinic; Grande Ronde Hospital Urgent Care; Grande Ronde Hospital Womens & Childrens Clinic; Grant County Health Department; Harney County Health Department; Harney District Hospital Family Care; Ione Community Clinic; Irrigon Medical Clinic; La Grande Family Medicine; Lake Health Clinic; Legacy Medical Group - Firwood; Legacy Medical Group - Mt. Angel; Legacy Medical Group - Silverton; Legacy Medical Group - St Helens; Legacy Medical Group - Woodburn Health Center; Madras Medical Group; Malheur Memorial Health Center; MCMC Family Medicine; McMinnville Internal Medicine; North Bend Medical Center Bandon; North Bend Medical Center, Inc Immediate Care; Oak Street Health Care Center; OHSU Primary Care Clinic, Scappoose; Orchid Health; Orchid Health Fern Ridge Clinic; Orchid Health McKenzie River Clinic; Orchid Health Wade Creek Clinic; Oregon Integrated Health - Florence; Park Street Clinic; Pediatric Specialists of Pendleton; Pendleton Family Medicine; Pine Eagle Clinic; Pioneer Memorial Clinic; Providence Cannon Beach Clinic; Providence Internal Medicine - Hood River; Providence Seaside Clinic; Providence Warrenton Clinic; Salem Health Medical Clinic Woodburn; Samaritan Coastal Clinic; Samaritan Depoe Bay Clinic; Samaritan Family Medicine - Brownsville; Samaritan Family Medicine - Main St; Samaritan Family Medicine Resident Clinic – Lebanon; Samaritan Health Center-Newport; Samaritan Lebanon Community Hospital Medical Clinic Sweet Home; Samaritan Lebanon Health Center; Samaritan Lincoln City Medical Center; Samaritan Toledo Clinic; Samaritan Urgent Care Walk-In Clinic - Lebanon; Samaritan Waldport Clinic; Santiam Internal Medicine Clinic; Santiam Medical Associates; Santiam Medical Clinic; Sherman County Medical Clinic; Siskiyou Pediatric Clinic, LLP; South Gilliam Health Center; St. Alphonsus Family Medicine Clinic; St. Charles Family Care Prineville; St. Lukes Clinic-Eastern Oregon Medical Associates; Strawberry Wilderness Community Clinic; Sublimity Medical Clinic; Thrivewell Clinic; Umpqua Health Newton Creek; UrgentCare NW Astoria PC; Wallowa Memorial Medical Clinic - Downtown; Wallowa Memorial Medical Clinic - Enterprise; Wallowa Memorial Medical Clinic - Joseph; Wallowa Memorial Medical Clinic - Wallowa; Warner Mountain Medical Clinic; Water's Edge Medical Clinic; West Hills Family Care; Women's Healthcare Associates; Woodburn Pediatric Clinic",SEMICOLON,102,43,Legacy Medical Group - Woodburn Health Center,TRUE,10000000,"RCJ published one amount for a field naming 102 recipients. This is the FIELD total, NOT this recipient's award. Never divide it (§6.2) - no source states how it splits.",OR - 2026 - What is the RHTP?,https://www.ruralcarejourney.com/api/documents/f6c8e968-6eea-426b-b4bd-faf617e0c220/file,NA,"§6.2: semicolon-delimited awardeeName naming 102 recipients, 61 of which pass the §6.1 legal-entity test. One candidate per fragment, routed to review -- the split is a guess about the state's formatting, not a fact. The amount is the FIELD total and is never divided."
303bc50f-2cda-4e0c-a785-98bb4b3c69ac,OR,Oregon,SUBAWARD,"Adventist Health – Estacada; Adventist Health – Manzanita; Adventist Health – Pacific City; Adventist Health – Vernonia; Adventist Health Specialty Clinic; Adventist Health Women’s and Family Health; Aumsville Medical Clinic; Cascade Medical Clinic; CHI St. Anthony Hospital Family Clinic; CMH Astoria Primary Care Clinic; CMH Primary Care & Urgent Care-Seaside; CMH Warrenton Primary Care Clinic; Coastal Health Practitioners; Columbia Gorge Family Medicine; Columbia River Women's Center; Curry Family Medical; Curry Medical North; Dallas Family Care; Dunes Family Health Care; Evergreen Family Medicine; Evergreen Family Medicine - Sutherlin; Evergreen Family Medicine (Harvard); Evergreen Family Medicine South; Family Health Associates; Family Health Associates Umatilla Clinic; Good Shepherd Medical Group; Grande Ronde Hospital Elgin Clinic; Grande Ronde Hospital Regional Medical Clinic; Grande Ronde Hospital Union Clinic; Grande Ronde Hospital Urgent Care; Grande Ronde Hospital Womens & Childrens Clinic; Grant County Health Department; Harney County Health Department; Harney District Hospital Family Care; Ione Community Clinic; Irrigon Medical Clinic; La Grande Family Medicine; Lake Health Clinic; Legacy Medical Group - Firwood; Legacy Medical Group - Mt. Angel; Legacy Medical Group - Silverton; Legacy Medical Group - St Helens; Legacy Medical Group - Woodburn Health Center; Madras Medical Group; Malheur Memorial Health Center; MCMC Family Medicine; McMinnville Internal Medicine; North Bend Medical Center Bandon; North Bend Medical Center, Inc Immediate Care; Oak Street Health Care Center; OHSU Primary Care Clinic, Scappoose; Orchid Health; Orchid Health Fern Ridge Clinic; Orchid Health McKenzie River Clinic; Orchid Health Wade Creek Clinic; Oregon Integrated Health - Florence; Park Street Clinic; Pediatric Specialists of Pendleton; Pendleton Family Medicine; Pine Eagle Clinic; Pioneer Memorial Clinic; Providence Cannon Beach Clinic; Providence Internal Medicine - Hood River; Providence Seaside Clinic; Providence Warrenton Clinic; Salem Health Medical Clinic Woodburn; Samaritan Coastal Clinic; Samaritan Depoe Bay Clinic; Samaritan Family Medicine - Brownsville; Samaritan Family Medicine - Main St; Samaritan Family Medicine Resident Clinic – Lebanon; Samaritan Health Center-Newport; Samaritan Lebanon Community Hospital Medical Clinic Sweet Home; Samaritan Lebanon Health Center; Samaritan Lincoln City Medical Center; Samaritan Toledo Clinic; Samaritan Urgent Care Walk-In Clinic - Lebanon; Samaritan Waldport Clinic; Santiam Internal Medicine Clinic; Santiam Medical Associates; Santiam Medical Clinic; Sherman County Medical Clinic; Siskiyou Pediatric Clinic, LLP; South Gilliam Health Center; St. Alphonsus Family Medicine Clinic; St. Charles Family Care Prineville; St. Lukes Clinic-Eastern Oregon Medical Associates; Strawberry Wilderness Community Clinic; Sublimity Medical Clinic; Thrivewell Clinic; Umpqua Health Newton Creek; UrgentCare NW Astoria PC; Wallowa Memorial Medical Clinic - Downtown; Wallowa Memorial Medical Clinic - Enterprise; Wallowa Memorial Medical Clinic - Joseph; Wallowa Memorial Medical Clinic - Wallowa; Warner Mountain Medical Clinic; Water's Edge Medical Clinic; West Hills Family Care; Women's Healthcare Associates; Woodburn Pediatric Clinic",SEMICOLON,102,44,Madras Medical Group,FALSE,10000000,"RCJ published one amount for a field naming 102 recipients. This is the FIELD total, NOT this recipient's award. Never divide it (§6.2) - no source states how it splits.",OR - 2026 - What is the RHTP?,https://www.ruralcarejourney.com/api/documents/f6c8e968-6eea-426b-b4bd-faf617e0c220/file,NA,"§6.2: semicolon-delimited awardeeName naming 102 recipients, 61 of which pass the §6.1 legal-entity test. One candidate per fragment, routed to review -- the split is a guess about the state's formatting, not a fact. The amount is the FIELD total and is never divided."
303bc50f-2cda-4e0c-a785-98bb4b3c69ac,OR,Oregon,SUBAWARD,"Adventist Health – Estacada; Adventist Health – Manzanita; Adventist Health – Pacific City; Adventist Health – Vernonia; Adventist Health Specialty Clinic; Adventist Health Women’s and Family Health; Aumsville Medical Clinic; Cascade Medical Clinic; CHI St. Anthony Hospital Family Clinic; CMH Astoria Primary Care Clinic; CMH Primary Care & Urgent Care-Seaside; CMH Warrenton Primary Care Clinic; Coastal Health Practitioners; Columbia Gorge Family Medicine; Columbia River Women's Center; Curry Family Medical; Curry Medical North; Dallas Family Care; Dunes Family Health Care; Evergreen Family Medicine; Evergreen Family Medicine - Sutherlin; Evergreen Family Medicine (Harvard); Evergreen Family Medicine South; Family Health Associates; Family Health Associates Umatilla Clinic; Good Shepherd Medical Group; Grande Ronde Hospital Elgin Clinic; Grande Ronde Hospital Regional Medical Clinic; Grande Ronde Hospital Union Clinic; Grande Ronde Hospital Urgent Care; Grande Ronde Hospital Womens & Childrens Clinic; Grant County Health Department; Harney County Health Department; Harney District Hospital Family Care; Ione Community Clinic; Irrigon Medical Clinic; La Grande Family Medicine; Lake Health Clinic; Legacy Medical Group - Firwood; Legacy Medical Group - Mt. Angel; Legacy Medical Group - Silverton; Legacy Medical Group - St Helens; Legacy Medical Group - Woodburn Health Center; Madras Medical Group; Malheur Memorial Health Center; MCMC Family Medicine; McMinnville Internal Medicine; North Bend Medical Center Bandon; North Bend Medical Center, Inc Immediate Care; Oak Street Health Care Center; OHSU Primary Care Clinic, Scappoose; Orchid Health; Orchid Health Fern Ridge Clinic; Orchid Health McKenzie River Clinic; Orchid Health Wade Creek Clinic; Oregon Integrated Health - Florence; Park Street Clinic; Pediatric Specialists of Pendleton; Pendleton Family Medicine; Pine Eagle Clinic; Pioneer Memorial Clinic; Providence Cannon Beach Clinic; Providence Internal Medicine - Hood River; Providence Seaside Clinic; Providence Warrenton Clinic; Salem Health Medical Clinic Woodburn; Samaritan Coastal Clinic; Samaritan Depoe Bay Clinic; Samaritan Family Medicine - Brownsville; Samaritan Family Medicine - Main St; Samaritan Family Medicine Resident Clinic – Lebanon; Samaritan Health Center-Newport; Samaritan Lebanon Community Hospital Medical Clinic Sweet Home; Samaritan Lebanon Health Center; Samaritan Lincoln City Medical Center; Samaritan Toledo Clinic; Samaritan Urgent Care Walk-In Clinic - Lebanon; Samaritan Waldport Clinic; Santiam Internal Medicine Clinic; Santiam Medical Associates; Santiam Medical Clinic; Sherman County Medical Clinic; Siskiyou Pediatric Clinic, LLP; South Gilliam Health Center; St. Alphonsus Family Medicine Clinic; St. Charles Family Care Prineville; St. Lukes Clinic-Eastern Oregon Medical Associates; Strawberry Wilderness Community Clinic; Sublimity Medical Clinic; Thrivewell Clinic; Umpqua Health Newton Creek; UrgentCare NW Astoria PC; Wallowa Memorial Medical Clinic - Downtown; Wallowa Memorial Medical Clinic - Enterprise; Wallowa Memorial Medical Clinic - Joseph; Wallowa Memorial Medical Clinic - Wallowa; Warner Mountain Medical Clinic; Water's Edge Medical Clinic; West Hills Family Care; Women's Healthcare Associates; Woodburn Pediatric Clinic",SEMICOLON,102,45,Malheur Memorial Health Center,TRUE,10000000,"RCJ published one amount for a field naming 102 recipients. This is the FIELD total, NOT this recipient's award. Never divide it (§6.2) - no source states how it splits.",OR - 2026 - What is the RHTP?,https://www.ruralcarejourney.com/api/documents/f6c8e968-6eea-426b-b4bd-faf617e0c220/file,NA,"§6.2: semicolon-delimited awardeeName naming 102 recipients, 61 of which pass the §6.1 legal-entity test. One candidate per fragment, routed to review -- the split is a guess about the state's formatting, not a fact. The amount is the FIELD total and is never divided."
303bc50f-2cda-4e0c-a785-98bb4b3c69ac,OR,Oregon,SUBAWARD,"Adventist Health – Estacada; Adventist Health – Manzanita; Adventist Health – Pacific City; Adventist Health – Vernonia; Adventist Health Specialty Clinic; Adventist Health Women’s and Family Health; Aumsville Medical Clinic; Cascade Medical Clinic; CHI St. Anthony Hospital Family Clinic; CMH Astoria Primary Care Clinic; CMH Primary Care & Urgent Care-Seaside; CMH Warrenton Primary Care Clinic; Coastal Health Practitioners; Columbia Gorge Family Medicine; Columbia River Women's Center; Curry Family Medical; Curry Medical North; Dallas Family Care; Dunes Family Health Care; Evergreen Family Medicine; Evergreen Family Medicine - Sutherlin; Evergreen Family Medicine (Harvard); Evergreen Family Medicine South; Family Health Associates; Family Health Associates Umatilla Clinic; Good Shepherd Medical Group; Grande Ronde Hospital Elgin Clinic; Grande Ronde Hospital Regional Medical Clinic; Grande Ronde Hospital Union Clinic; Grande Ronde Hospital Urgent Care; Grande Ronde Hospital Womens & Childrens Clinic; Grant County Health Department; Harney County Health Department; Harney District Hospital Family Care; Ione Community Clinic; Irrigon Medical Clinic; La Grande Family Medicine; Lake Health Clinic; Legacy Medical Group - Firwood; Legacy Medical Group - Mt. Angel; Legacy Medical Group - Silverton; Legacy Medical Group - St Helens; Legacy Medical Group - Woodburn Health Center; Madras Medical Group; Malheur Memorial Health Center; MCMC Family Medicine; McMinnville Internal Medicine; North Bend Medical Center Bandon; North Bend Medical Center, Inc Immediate Care; Oak Street Health Care Center; OHSU Primary Care Clinic, Scappoose; Orchid Health; Orchid Health Fern Ridge Clinic; Orchid Health McKenzie River Clinic; Orchid Health Wade Creek Clinic; Oregon Integrated Health - Florence; Park Street Clinic; Pediatric Specialists of Pendleton; Pendleton Family Medicine; Pine Eagle Clinic; Pioneer Memorial Clinic; Providence Cannon Beach Clinic; Providence Internal Medicine - Hood River; Providence Seaside Clinic; Providence Warrenton Clinic; Salem Health Medical Clinic Woodburn; Samaritan Coastal Clinic; Samaritan Depoe Bay Clinic; Samaritan Family Medicine - Brownsville; Samaritan Family Medicine - Main St; Samaritan Family Medicine Resident Clinic – Lebanon; Samaritan Health Center-Newport; Samaritan Lebanon Community Hospital Medical Clinic Sweet Home; Samaritan Lebanon Health Center; Samaritan Lincoln City Medical Center; Samaritan Toledo Clinic; Samaritan Urgent Care Walk-In Clinic - Lebanon; Samaritan Waldport Clinic; Santiam Internal Medicine Clinic; Santiam Medical Associates; Santiam Medical Clinic; Sherman County Medical Clinic; Siskiyou Pediatric Clinic, LLP; South Gilliam Health Center; St. Alphonsus Family Medicine Clinic; St. Charles Family Care Prineville; St. Lukes Clinic-Eastern Oregon Medical Associates; Strawberry Wilderness Community Clinic; Sublimity Medical Clinic; Thrivewell Clinic; Umpqua Health Newton Creek; UrgentCare NW Astoria PC; Wallowa Memorial Medical Clinic - Downtown; Wallowa Memorial Medical Clinic - Enterprise; Wallowa Memorial Medical Clinic - Joseph; Wallowa Memorial Medical Clinic - Wallowa; Warner Mountain Medical Clinic; Water's Edge Medical Clinic; West Hills Family Care; Women's Healthcare Associates; Woodburn Pediatric Clinic",SEMICOLON,102,46,MCMC Family Medicine,FALSE,10000000,"RCJ published one amount for a field naming 102 recipients. This is the FIELD total, NOT this recipient's award. Never divide it (§6.2) - no source states how it splits.",OR - 2026 - What is the RHTP?,https://www.ruralcarejourney.com/api/documents/f6c8e968-6eea-426b-b4bd-faf617e0c220/file,NA,"§6.2: semicolon-delimited awardeeName naming 102 recipients, 61 of which pass the §6.1 legal-entity test. One candidate per fragment, routed to review -- the split is a guess about the state's formatting, not a fact. The amount is the FIELD total and is never divided."
303bc50f-2cda-4e0c-a785-98bb4b3c69ac,OR,Oregon,SUBAWARD,"Adventist Health – Estacada; Adventist Health – Manzanita; Adventist Health – Pacific City; Adventist Health – Vernonia; Adventist Health Specialty Clinic; Adventist Health Women’s and Family Health; Aumsville Medical Clinic; Cascade Medical Clinic; CHI St. Anthony Hospital Family Clinic; CMH Astoria Primary Care Clinic; CMH Primary Care & Urgent Care-Seaside; CMH Warrenton Primary Care Clinic; Coastal Health Practitioners; Columbia Gorge Family Medicine; Columbia River Women's Center; Curry Family Medical; Curry Medical North; Dallas Family Care; Dunes Family Health Care; Evergreen Family Medicine; Evergreen Family Medicine - Sutherlin; Evergreen Family Medicine (Harvard); Evergreen Family Medicine South; Family Health Associates; Family Health Associates Umatilla Clinic; Good Shepherd Medical Group; Grande Ronde Hospital Elgin Clinic; Grande Ronde Hospital Regional Medical Clinic; Grande Ronde Hospital Union Clinic; Grande Ronde Hospital Urgent Care; Grande Ronde Hospital Womens & Childrens Clinic; Grant County Health Department; Harney County Health Department; Harney District Hospital Family Care; Ione Community Clinic; Irrigon Medical Clinic; La Grande Family Medicine; Lake Health Clinic; Legacy Medical Group - Firwood; Legacy Medical Group - Mt. Angel; Legacy Medical Group - Silverton; Legacy Medical Group - St Helens; Legacy Medical Group - Woodburn Health Center; Madras Medical Group; Malheur Memorial Health Center; MCMC Family Medicine; McMinnville Internal Medicine; North Bend Medical Center Bandon; North Bend Medical Center, Inc Immediate Care; Oak Street Health Care Center; OHSU Primary Care Clinic, Scappoose; Orchid Health; Orchid Health Fern Ridge Clinic; Orchid Health McKenzie River Clinic; Orchid Health Wade Creek Clinic; Oregon Integrated Health - Florence; Park Street Clinic; Pediatric Specialists of Pendleton; Pendleton Family Medicine; Pine Eagle Clinic; Pioneer Memorial Clinic; Providence Cannon Beach Clinic; Providence Internal Medicine - Hood River; Providence Seaside Clinic; Providence Warrenton Clinic; Salem Health Medical Clinic Woodburn; Samaritan Coastal Clinic; Samaritan Depoe Bay Clinic; Samaritan Family Medicine - Brownsville; Samaritan Family Medicine - Main St; Samaritan Family Medicine Resident Clinic – Lebanon; Samaritan Health Center-Newport; Samaritan Lebanon Community Hospital Medical Clinic Sweet Home; Samaritan Lebanon Health Center; Samaritan Lincoln City Medical Center; Samaritan Toledo Clinic; Samaritan Urgent Care Walk-In Clinic - Lebanon; Samaritan Waldport Clinic; Santiam Internal Medicine Clinic; Santiam Medical Associates; Santiam Medical Clinic; Sherman County Medical Clinic; Siskiyou Pediatric Clinic, LLP; South Gilliam Health Center; St. Alphonsus Family Medicine Clinic; St. Charles Family Care Prineville; St. Lukes Clinic-Eastern Oregon Medical Associates; Strawberry Wilderness Community Clinic; Sublimity Medical Clinic; Thrivewell Clinic; Umpqua Health Newton Creek; UrgentCare NW Astoria PC; Wallowa Memorial Medical Clinic - Downtown; Wallowa Memorial Medical Clinic - Enterprise; Wallowa Memorial Medical Clinic - Joseph; Wallowa Memorial Medical Clinic - Wallowa; Warner Mountain Medical Clinic; Water's Edge Medical Clinic; West Hills Family Care; Women's Healthcare Associates; Woodburn Pediatric Clinic",SEMICOLON,102,47,McMinnville Internal Medicine,FALSE,10000000,"RCJ published one amount for a field naming 102 recipients. This is the FIELD total, NOT this recipient's award. Never divide it (§6.2) - no source states how it splits.",OR - 2026 - What is the RHTP?,https://www.ruralcarejourney.com/api/documents/f6c8e968-6eea-426b-b4bd-faf617e0c220/file,NA,"§6.2: semicolon-delimited awardeeName naming 102 recipients, 61 of which pass the §6.1 legal-entity test. One candidate per fragment, routed to review -- the split is a guess about the state's formatting, not a fact. The amount is the FIELD total and is never divided."
303bc50f-2cda-4e0c-a785-98bb4b3c69ac,OR,Oregon,SUBAWARD,"Adventist Health – Estacada; Adventist Health – Manzanita; Adventist Health – Pacific City; Adventist Health – Vernonia; Adventist Health Specialty Clinic; Adventist Health Women’s and Family Health; Aumsville Medical Clinic; Cascade Medical Clinic; CHI St. Anthony Hospital Family Clinic; CMH Astoria Primary Care Clinic; CMH Primary Care & Urgent Care-Seaside; CMH Warrenton Primary Care Clinic; Coastal Health Practitioners; Columbia Gorge Family Medicine; Columbia River Women's Center; Curry Family Medical; Curry Medical North; Dallas Family Care; Dunes Family Health Care; Evergreen Family Medicine; Evergreen Family Medicine - Sutherlin; Evergreen Family Medicine (Harvard); Evergreen Family Medicine South; Family Health Associates; Family Health Associates Umatilla Clinic; Good Shepherd Medical Group; Grande Ronde Hospital Elgin Clinic; Grande Ronde Hospital Regional Medical Clinic; Grande Ronde Hospital Union Clinic; Grande Ronde Hospital Urgent Care; Grande Ronde Hospital Womens & Childrens Clinic; Grant County Health Department; Harney County Health Department; Harney District Hospital Family Care; Ione Community Clinic; Irrigon Medical Clinic; La Grande Family Medicine; Lake Health Clinic; Legacy Medical Group - Firwood; Legacy Medical Group - Mt. Angel; Legacy Medical Group - Silverton; Legacy Medical Group - St Helens; Legacy Medical Group - Woodburn Health Center; Madras Medical Group; Malheur Memorial Health Center; MCMC Family Medicine; McMinnville Internal Medicine; North Bend Medical Center Bandon; North Bend Medical Center, Inc Immediate Care; Oak Street Health Care Center; OHSU Primary Care Clinic, Scappoose; Orchid Health; Orchid Health Fern Ridge Clinic; Orchid Health McKenzie River Clinic; Orchid Health Wade Creek Clinic; Oregon Integrated Health - Florence; Park Street Clinic; Pediatric Specialists of Pendleton; Pendleton Family Medicine; Pine Eagle Clinic; Pioneer Memorial Clinic; Providence Cannon Beach Clinic; Providence Internal Medicine - Hood River; Providence Seaside Clinic; Providence Warrenton Clinic; Salem Health Medical Clinic Woodburn; Samaritan Coastal Clinic; Samaritan Depoe Bay Clinic; Samaritan Family Medicine - Brownsville; Samaritan Family Medicine - Main St; Samaritan Family Medicine Resident Clinic – Lebanon; Samaritan Health Center-Newport; Samaritan Lebanon Community Hospital Medical Clinic Sweet Home; Samaritan Lebanon Health Center; Samaritan Lincoln City Medical Center; Samaritan Toledo Clinic; Samaritan Urgent Care Walk-In Clinic - Lebanon; Samaritan Waldport Clinic; Santiam Internal Medicine Clinic; Santiam Medical Associates; Santiam Medical Clinic; Sherman County Medical Clinic; Siskiyou Pediatric Clinic, LLP; South Gilliam Health Center; St. Alphonsus Family Medicine Clinic; St. Charles Family Care Prineville; St. Lukes Clinic-Eastern Oregon Medical Associates; Strawberry Wilderness Community Clinic; Sublimity Medical Clinic; Thrivewell Clinic; Umpqua Health Newton Creek; UrgentCare NW Astoria PC; Wallowa Memorial Medical Clinic - Downtown; Wallowa Memorial Medical Clinic - Enterprise; Wallowa Memorial Medical Clinic - Joseph; Wallowa Memorial Medical Clinic - Wallowa; Warner Mountain Medical Clinic; Water's Edge Medical Clinic; West Hills Family Care; Women's Healthcare Associates; Woodburn Pediatric Clinic",SEMICOLON,102,48,North Bend Medical Center Bandon,TRUE,10000000,"RCJ published one amount for a field naming 102 recipients. This is the FIELD total, NOT this recipient's award. Never divide it (§6.2) - no source states how it splits.",OR - 2026 - What is the RHTP?,https://www.ruralcarejourney.com/api/documents/f6c8e968-6eea-426b-b4bd-faf617e0c220/file,NA,"§6.2: semicolon-delimited awardeeName naming 102 recipients, 61 of which pass the §6.1 legal-entity test. One candidate per fragment, routed to review -- the split is a guess about the state's formatting, not a fact. The amount is the FIELD total and is never divided."
303bc50f-2cda-4e0c-a785-98bb4b3c69ac,OR,Oregon,SUBAWARD,"Adventist Health – Estacada; Adventist Health – Manzanita; Adventist Health – Pacific City; Adventist Health – Vernonia; Adventist Health Specialty Clinic; Adventist Health Women’s and Family Health; Aumsville Medical Clinic; Cascade Medical Clinic; CHI St. Anthony Hospital Family Clinic; CMH Astoria Primary Care Clinic; CMH Primary Care & Urgent Care-Seaside; CMH Warrenton Primary Care Clinic; Coastal Health Practitioners; Columbia Gorge Family Medicine; Columbia River Women's Center; Curry Family Medical; Curry Medical North; Dallas Family Care; Dunes Family Health Care; Evergreen Family Medicine; Evergreen Family Medicine - Sutherlin; Evergreen Family Medicine (Harvard); Evergreen Family Medicine South; Family Health Associates; Family Health Associates Umatilla Clinic; Good Shepherd Medical Group; Grande Ronde Hospital Elgin Clinic; Grande Ronde Hospital Regional Medical Clinic; Grande Ronde Hospital Union Clinic; Grande Ronde Hospital Urgent Care; Grande Ronde Hospital Womens & Childrens Clinic; Grant County Health Department; Harney County Health Department; Harney District Hospital Family Care; Ione Community Clinic; Irrigon Medical Clinic; La Grande Family Medicine; Lake Health Clinic; Legacy Medical Group - Firwood; Legacy Medical Group - Mt. Angel; Legacy Medical Group - Silverton; Legacy Medical Group - St Helens; Legacy Medical Group - Woodburn Health Center; Madras Medical Group; Malheur Memorial Health Center; MCMC Family Medicine; McMinnville Internal Medicine; North Bend Medical Center Bandon; North Bend Medical Center, Inc Immediate Care; Oak Street Health Care Center; OHSU Primary Care Clinic, Scappoose; Orchid Health; Orchid Health Fern Ridge Clinic; Orchid Health McKenzie River Clinic; Orchid Health Wade Creek Clinic; Oregon Integrated Health - Florence; Park Street Clinic; Pediatric Specialists of Pendleton; Pendleton Family Medicine; Pine Eagle Clinic; Pioneer Memorial Clinic; Providence Cannon Beach Clinic; Providence Internal Medicine - Hood River; Providence Seaside Clinic; Providence Warrenton Clinic; Salem Health Medical Clinic Woodburn; Samaritan Coastal Clinic; Samaritan Depoe Bay Clinic; Samaritan Family Medicine - Brownsville; Samaritan Family Medicine - Main St; Samaritan Family Medicine Resident Clinic – Lebanon; Samaritan Health Center-Newport; Samaritan Lebanon Community Hospital Medical Clinic Sweet Home; Samaritan Lebanon Health Center; Samaritan Lincoln City Medical Center; Samaritan Toledo Clinic; Samaritan Urgent Care Walk-In Clinic - Lebanon; Samaritan Waldport Clinic; Santiam Internal Medicine Clinic; Santiam Medical Associates; Santiam Medical Clinic; Sherman County Medical Clinic; Siskiyou Pediatric Clinic, LLP; South Gilliam Health Center; St. Alphonsus Family Medicine Clinic; St. Charles Family Care Prineville; St. Lukes Clinic-Eastern Oregon Medical Associates; Strawberry Wilderness Community Clinic; Sublimity Medical Clinic; Thrivewell Clinic; Umpqua Health Newton Creek; UrgentCare NW Astoria PC; Wallowa Memorial Medical Clinic - Downtown; Wallowa Memorial Medical Clinic - Enterprise; Wallowa Memorial Medical Clinic - Joseph; Wallowa Memorial Medical Clinic - Wallowa; Warner Mountain Medical Clinic; Water's Edge Medical Clinic; West Hills Family Care; Women's Healthcare Associates; Woodburn Pediatric Clinic",SEMICOLON,102,49,"North Bend Medical Center, Inc Immediate Care",TRUE,10000000,"RCJ published one amount for a field naming 102 recipients. This is the FIELD total, NOT this recipient's award. Never divide it (§6.2) - no source states how it splits.",OR - 2026 - What is the RHTP?,https://www.ruralcarejourney.com/api/documents/f6c8e968-6eea-426b-b4bd-faf617e0c220/file,NA,"§6.2: semicolon-delimited awardeeName naming 102 recipients, 61 of which pass the §6.1 legal-entity test. One candidate per fragment, routed to review -- the split is a guess about the state's formatting, not a fact. The amount is the FIELD total and is never divided."
303bc50f-2cda-4e0c-a785-98bb4b3c69ac,OR,Oregon,SUBAWARD,"Adventist Health – Estacada; Adventist Health – Manzanita; Adventist Health – Pacific City; Adventist Health – Vernonia; Adventist Health Specialty Clinic; Adventist Health Women’s and Family Health; Aumsville Medical Clinic; Cascade Medical Clinic; CHI St. Anthony Hospital Family Clinic; CMH Astoria Primary Care Clinic; CMH Primary Care & Urgent Care-Seaside; CMH Warrenton Primary Care Clinic; Coastal Health Practitioners; Columbia Gorge Family Medicine; Columbia River Women's Center; Curry Family Medical; Curry Medical North; Dallas Family Care; Dunes Family Health Care; Evergreen Family Medicine; Evergreen Family Medicine - Sutherlin; Evergreen Family Medicine (Harvard); Evergreen Family Medicine South; Family Health Associates; Family Health Associates Umatilla Clinic; Good Shepherd Medical Group; Grande Ronde Hospital Elgin Clinic; Grande Ronde Hospital Regional Medical Clinic; Grande Ronde Hospital Union Clinic; Grande Ronde Hospital Urgent Care; Grande Ronde Hospital Womens & Childrens Clinic; Grant County Health Department; Harney County Health Department; Harney District Hospital Family Care; Ione Community Clinic; Irrigon Medical Clinic; La Grande Family Medicine; Lake Health Clinic; Legacy Medical Group - Firwood; Legacy Medical Group - Mt. Angel; Legacy Medical Group - Silverton; Legacy Medical Group - St Helens; Legacy Medical Group - Woodburn Health Center; Madras Medical Group; Malheur Memorial Health Center; MCMC Family Medicine; McMinnville Internal Medicine; North Bend Medical Center Bandon; North Bend Medical Center, Inc Immediate Care; Oak Street Health Care Center; OHSU Primary Care Clinic, Scappoose; Orchid Health; Orchid Health Fern Ridge Clinic; Orchid Health McKenzie River Clinic; Orchid Health Wade Creek Clinic; Oregon Integrated Health - Florence; Park Street Clinic; Pediatric Specialists of Pendleton; Pendleton Family Medicine; Pine Eagle Clinic; Pioneer Memorial Clinic; Providence Cannon Beach Clinic; Providence Internal Medicine - Hood River; Providence Seaside Clinic; Providence Warrenton Clinic; Salem Health Medical Clinic Woodburn; Samaritan Coastal Clinic; Samaritan Depoe Bay Clinic; Samaritan Family Medicine - Brownsville; Samaritan Family Medicine - Main St; Samaritan Family Medicine Resident Clinic – Lebanon; Samaritan Health Center-Newport; Samaritan Lebanon Community Hospital Medical Clinic Sweet Home; Samaritan Lebanon Health Center; Samaritan Lincoln City Medical Center; Samaritan Toledo Clinic; Samaritan Urgent Care Walk-In Clinic - Lebanon; Samaritan Waldport Clinic; Santiam Internal Medicine Clinic; Santiam Medical Associates; Santiam Medical Clinic; Sherman County Medical Clinic; Siskiyou Pediatric Clinic, LLP; South Gilliam Health Center; St. Alphonsus Family Medicine Clinic; St. Charles Family Care Prineville; St. Lukes Clinic-Eastern Oregon Medical Associates; Strawberry Wilderness Community Clinic; Sublimity Medical Clinic; Thrivewell Clinic; Umpqua Health Newton Creek; UrgentCare NW Astoria PC; Wallowa Memorial Medical Clinic - Downtown; Wallowa Memorial Medical Clinic - Enterprise; Wallowa Memorial Medical Clinic - Joseph; Wallowa Memorial Medical Clinic - Wallowa; Warner Mountain Medical Clinic; Water's Edge Medical Clinic; West Hills Family Care; Women's Healthcare Associates; Woodburn Pediatric Clinic",SEMICOLON,102,50,Oak Street Health Care Center,TRUE,10000000,"RCJ published one amount for a field naming 102 recipients. This is the FIELD total, NOT this recipient's award. Never divide it (§6.2) - no source states how it splits.",OR - 2026 - What is the RHTP?,https://www.ruralcarejourney.com/api/documents/f6c8e968-6eea-426b-b4bd-faf617e0c220/file,NA,"§6.2: semicolon-delimited awardeeName naming 102 recipients, 61 of which pass the §6.1 legal-entity test. One candidate per fragment, routed to review -- the split is a guess about the state's formatting, not a fact. The amount is the FIELD total and is never divided."
303bc50f-2cda-4e0c-a785-98bb4b3c69ac,OR,Oregon,SUBAWARD,"Adventist Health – Estacada; Adventist Health – Manzanita; Adventist Health – Pacific City; Adventist Health – Vernonia; Adventist Health Specialty Clinic; Adventist Health Women’s and Family Health; Aumsville Medical Clinic; Cascade Medical Clinic; CHI St. Anthony Hospital Family Clinic; CMH Astoria Primary Care Clinic; CMH Primary Care & Urgent Care-Seaside; CMH Warrenton Primary Care Clinic; Coastal Health Practitioners; Columbia Gorge Family Medicine; Columbia River Women's Center; Curry Family Medical; Curry Medical North; Dallas Family Care; Dunes Family Health Care; Evergreen Family Medicine; Evergreen Family Medicine - Sutherlin; Evergreen Family Medicine (Harvard); Evergreen Family Medicine South; Family Health Associates; Family Health Associates Umatilla Clinic; Good Shepherd Medical Group; Grande Ronde Hospital Elgin Clinic; Grande Ronde Hospital Regional Medical Clinic; Grande Ronde Hospital Union Clinic; Grande Ronde Hospital Urgent Care; Grande Ronde Hospital Womens & Childrens Clinic; Grant County Health Department; Harney County Health Department; Harney District Hospital Family Care; Ione Community Clinic; Irrigon Medical Clinic; La Grande Family Medicine; Lake Health Clinic; Legacy Medical Group - Firwood; Legacy Medical Group - Mt. Angel; Legacy Medical Group - Silverton; Legacy Medical Group - St Helens; Legacy Medical Group - Woodburn Health Center; Madras Medical Group; Malheur Memorial Health Center; MCMC Family Medicine; McMinnville Internal Medicine; North Bend Medical Center Bandon; North Bend Medical Center, Inc Immediate Care; Oak Street Health Care Center; OHSU Primary Care Clinic, Scappoose; Orchid Health; Orchid Health Fern Ridge Clinic; Orchid Health McKenzie River Clinic; Orchid Health Wade Creek Clinic; Oregon Integrated Health - Florence; Park Street Clinic; Pediatric Specialists of Pendleton; Pendleton Family Medicine; Pine Eagle Clinic; Pioneer Memorial Clinic; Providence Cannon Beach Clinic; Providence Internal Medicine - Hood River; Providence Seaside Clinic; Providence Warrenton Clinic; Salem Health Medical Clinic Woodburn; Samaritan Coastal Clinic; Samaritan Depoe Bay Clinic; Samaritan Family Medicine - Brownsville; Samaritan Family Medicine - Main St; Samaritan Family Medicine Resident Clinic – Lebanon; Samaritan Health Center-Newport; Samaritan Lebanon Community Hospital Medical Clinic Sweet Home; Samaritan Lebanon Health Center; Samaritan Lincoln City Medical Center; Samaritan Toledo Clinic; Samaritan Urgent Care Walk-In Clinic - Lebanon; Samaritan Waldport Clinic; Santiam Internal Medicine Clinic; Santiam Medical Associates; Santiam Medical Clinic; Sherman County Medical Clinic; Siskiyou Pediatric Clinic, LLP; South Gilliam Health Center; St. Alphonsus Family Medicine Clinic; St. Charles Family Care Prineville; St. Lukes Clinic-Eastern Oregon Medical Associates; Strawberry Wilderness Community Clinic; Sublimity Medical Clinic; Thrivewell Clinic; Umpqua Health Newton Creek; UrgentCare NW Astoria PC; Wallowa Memorial Medical Clinic - Downtown; Wallowa Memorial Medical Clinic - Enterprise; Wallowa Memorial Medical Clinic - Joseph; Wallowa Memorial Medical Clinic - Wallowa; Warner Mountain Medical Clinic; Water's Edge Medical Clinic; West Hills Family Care; Women's Healthcare Associates; Woodburn Pediatric Clinic",SEMICOLON,102,51,OHSU Primary Care Clinic,TRUE,10000000,"RCJ published one amount for a field naming 102 recipients. This is the FIELD total, NOT this recipient's award. Never divide it (§6.2) - no source states how it splits.",OR - 2026 - What is the RHTP?,https://www.ruralcarejourney.com/api/documents/f6c8e968-6eea-426b-b4bd-faf617e0c220/file,NA,"§6.2: semicolon-delimited awardeeName naming 102 recipients, 61 of which pass the §6.1 legal-entity test. One candidate per fragment, routed to review -- the split is a guess about the state's formatting, not a fact. The amount is the FIELD total and is never divided."
303bc50f-2cda-4e0c-a785-98bb4b3c69ac,OR,Oregon,SUBAWARD,"Adventist Health – Estacada; Adventist Health – Manzanita; Adventist Health – Pacific City; Adventist Health – Vernonia; Adventist Health Specialty Clinic; Adventist Health Women’s and Family Health; Aumsville Medical Clinic; Cascade Medical Clinic; CHI St. Anthony Hospital Family Clinic; CMH Astoria Primary Care Clinic; CMH Primary Care & Urgent Care-Seaside; CMH Warrenton Primary Care Clinic; Coastal Health Practitioners; Columbia Gorge Family Medicine; Columbia River Women's Center; Curry Family Medical; Curry Medical North; Dallas Family Care; Dunes Family Health Care; Evergreen Family Medicine; Evergreen Family Medicine - Sutherlin; Evergreen Family Medicine (Harvard); Evergreen Family Medicine South; Family Health Associates; Family Health Associates Umatilla Clinic; Good Shepherd Medical Group; Grande Ronde Hospital Elgin Clinic; Grande Ronde Hospital Regional Medical Clinic; Grande Ronde Hospital Union Clinic; Grande Ronde Hospital Urgent Care; Grande Ronde Hospital Womens & Childrens Clinic; Grant County Health Department; Harney County Health Department; Harney District Hospital Family Care; Ione Community Clinic; Irrigon Medical Clinic; La Grande Family Medicine; Lake Health Clinic; Legacy Medical Group - Firwood; Legacy Medical Group - Mt. Angel; Legacy Medical Group - Silverton; Legacy Medical Group - St Helens; Legacy Medical Group - Woodburn Health Center; Madras Medical Group; Malheur Memorial Health Center; MCMC Family Medicine; McMinnville Internal Medicine; North Bend Medical Center Bandon; North Bend Medical Center, Inc Immediate Care; Oak Street Health Care Center; OHSU Primary Care Clinic, Scappoose; Orchid Health; Orchid Health Fern Ridge Clinic; Orchid Health McKenzie River Clinic; Orchid Health Wade Creek Clinic; Oregon Integrated Health - Florence; Park Street Clinic; Pediatric Specialists of Pendleton; Pendleton Family Medicine; Pine Eagle Clinic; Pioneer Memorial Clinic; Providence Cannon Beach Clinic; Providence Internal Medicine - Hood River; Providence Seaside Clinic; Providence Warrenton Clinic; Salem Health Medical Clinic Woodburn; Samaritan Coastal Clinic; Samaritan Depoe Bay Clinic; Samaritan Family Medicine - Brownsville; Samaritan Family Medicine - Main St; Samaritan Family Medicine Resident Clinic – Lebanon; Samaritan Health Center-Newport; Samaritan Lebanon Community Hospital Medical Clinic Sweet Home; Samaritan Lebanon Health Center; Samaritan Lincoln City Medical Center; Samaritan Toledo Clinic; Samaritan Urgent Care Walk-In Clinic - Lebanon; Samaritan Waldport Clinic; Santiam Internal Medicine Clinic; Santiam Medical Associates; Santiam Medical Clinic; Sherman County Medical Clinic; Siskiyou Pediatric Clinic, LLP; South Gilliam Health Center; St. Alphonsus Family Medicine Clinic; St. Charles Family Care Prineville; St. Lukes Clinic-Eastern Oregon Medical Associates; Strawberry Wilderness Community Clinic; Sublimity Medical Clinic; Thrivewell Clinic; Umpqua Health Newton Creek; UrgentCare NW Astoria PC; Wallowa Memorial Medical Clinic - Downtown; Wallowa Memorial Medical Clinic - Enterprise; Wallowa Memorial Medical Clinic - Joseph; Wallowa Memorial Medical Clinic - Wallowa; Warner Mountain Medical Clinic; Water's Edge Medical Clinic; West Hills Family Care; Women's Healthcare Associates; Woodburn Pediatric Clinic",SEMICOLON,102,52,Scappoose,FALSE,10000000,"RCJ published one amount for a field naming 102 recipients. This is the FIELD total, NOT this recipient's award. Never divide it (§6.2) - no source states how it splits.",OR - 2026 - What is the RHTP?,https://www.ruralcarejourney.com/api/documents/f6c8e968-6eea-426b-b4bd-faf617e0c220/file,NA,"§6.2: semicolon-delimited awardeeName naming 102 recipients, 61 of which pass the §6.1 legal-entity test. One candidate per fragment, routed to review -- the split is a guess about the state's formatting, not a fact. The amount is the FIELD total and is never divided."
303bc50f-2cda-4e0c-a785-98bb4b3c69ac,OR,Oregon,SUBAWARD,"Adventist Health – Estacada; Adventist Health – Manzanita; Adventist Health – Pacific City; Adventist Health – Vernonia; Adventist Health Specialty Clinic; Adventist Health Women’s and Family Health; Aumsville Medical Clinic; Cascade Medical Clinic; CHI St. Anthony Hospital Family Clinic; CMH Astoria Primary Care Clinic; CMH Primary Care & Urgent Care-Seaside; CMH Warrenton Primary Care Clinic; Coastal Health Practitioners; Columbia Gorge Family Medicine; Columbia River Women's Center; Curry Family Medical; Curry Medical North; Dallas Family Care; Dunes Family Health Care; Evergreen Family Medicine; Evergreen Family Medicine - Sutherlin; Evergreen Family Medicine (Harvard); Evergreen Family Medicine South; Family Health Associates; Family Health Associates Umatilla Clinic; Good Shepherd Medical Group; Grande Ronde Hospital Elgin Clinic; Grande Ronde Hospital Regional Medical Clinic; Grande Ronde Hospital Union Clinic; Grande Ronde Hospital Urgent Care; Grande Ronde Hospital Womens & Childrens Clinic; Grant County Health Department; Harney County Health Department; Harney District Hospital Family Care; Ione Community Clinic; Irrigon Medical Clinic; La Grande Family Medicine; Lake Health Clinic; Legacy Medical Group - Firwood; Legacy Medical Group - Mt. Angel; Legacy Medical Group - Silverton; Legacy Medical Group - St Helens; Legacy Medical Group - Woodburn Health Center; Madras Medical Group; Malheur Memorial Health Center; MCMC Family Medicine; McMinnville Internal Medicine; North Bend Medical Center Bandon; North Bend Medical Center, Inc Immediate Care; Oak Street Health Care Center; OHSU Primary Care Clinic, Scappoose; Orchid Health; Orchid Health Fern Ridge Clinic; Orchid Health McKenzie River Clinic; Orchid Health Wade Creek Clinic; Oregon Integrated Health - Florence; Park Street Clinic; Pediatric Specialists of Pendleton; Pendleton Family Medicine; Pine Eagle Clinic; Pioneer Memorial Clinic; Providence Cannon Beach Clinic; Providence Internal Medicine - Hood River; Providence Seaside Clinic; Providence Warrenton Clinic; Salem Health Medical Clinic Woodburn; Samaritan Coastal Clinic; Samaritan Depoe Bay Clinic; Samaritan Family Medicine - Brownsville; Samaritan Family Medicine - Main St; Samaritan Family Medicine Resident Clinic – Lebanon; Samaritan Health Center-Newport; Samaritan Lebanon Community Hospital Medical Clinic Sweet Home; Samaritan Lebanon Health Center; Samaritan Lincoln City Medical Center; Samaritan Toledo Clinic; Samaritan Urgent Care Walk-In Clinic - Lebanon; Samaritan Waldport Clinic; Santiam Internal Medicine Clinic; Santiam Medical Associates; Santiam Medical Clinic; Sherman County Medical Clinic; Siskiyou Pediatric Clinic, LLP; South Gilliam Health Center; St. Alphonsus Family Medicine Clinic; St. Charles Family Care Prineville; St. Lukes Clinic-Eastern Oregon Medical Associates; Strawberry Wilderness Community Clinic; Sublimity Medical Clinic; Thrivewell Clinic; Umpqua Health Newton Creek; UrgentCare NW Astoria PC; Wallowa Memorial Medical Clinic - Downtown; Wallowa Memorial Medical Clinic - Enterprise; Wallowa Memorial Medical Clinic - Joseph; Wallowa Memorial Medical Clinic - Wallowa; Warner Mountain Medical Clinic; Water's Edge Medical Clinic; West Hills Family Care; Women's Healthcare Associates; Woodburn Pediatric Clinic",SEMICOLON,102,53,Orchid Health,FALSE,10000000,"RCJ published one amount for a field naming 102 recipients. This is the FIELD total, NOT this recipient's award. Never divide it (§6.2) - no source states how it splits.",OR - 2026 - What is the RHTP?,https://www.ruralcarejourney.com/api/documents/f6c8e968-6eea-426b-b4bd-faf617e0c220/file,NA,"§6.2: semicolon-delimited awardeeName naming 102 recipients, 61 of which pass the §6.1 legal-entity test. One candidate per fragment, routed to review -- the split is a guess about the state's formatting, not a fact. The amount is the FIELD total and is never divided."
303bc50f-2cda-4e0c-a785-98bb4b3c69ac,OR,Oregon,SUBAWARD,"Adventist Health – Estacada; Adventist Health – Manzanita; Adventist Health – Pacific City; Adventist Health – Vernonia; Adventist Health Specialty Clinic; Adventist Health Women’s and Family Health; Aumsville Medical Clinic; Cascade Medical Clinic; CHI St. Anthony Hospital Family Clinic; CMH Astoria Primary Care Clinic; CMH Primary Care & Urgent Care-Seaside; CMH Warrenton Primary Care Clinic; Coastal Health Practitioners; Columbia Gorge Family Medicine; Columbia River Women's Center; Curry Family Medical; Curry Medical North; Dallas Family Care; Dunes Family Health Care; Evergreen Family Medicine; Evergreen Family Medicine - Sutherlin; Evergreen Family Medicine (Harvard); Evergreen Family Medicine South; Family Health Associates; Family Health Associates Umatilla Clinic; Good Shepherd Medical Group; Grande Ronde Hospital Elgin Clinic; Grande Ronde Hospital Regional Medical Clinic; Grande Ronde Hospital Union Clinic; Grande Ronde Hospital Urgent Care; Grande Ronde Hospital Womens & Childrens Clinic; Grant County Health Department; Harney County Health Department; Harney District Hospital Family Care; Ione Community Clinic; Irrigon Medical Clinic; La Grande Family Medicine; Lake Health Clinic; Legacy Medical Group - Firwood; Legacy Medical Group - Mt. Angel; Legacy Medical Group - Silverton; Legacy Medical Group - St Helens; Legacy Medical Group - Woodburn Health Center; Madras Medical Group; Malheur Memorial Health Center; MCMC Family Medicine; McMinnville Internal Medicine; North Bend Medical Center Bandon; North Bend Medical Center, Inc Immediate Care; Oak Street Health Care Center; OHSU Primary Care Clinic, Scappoose; Orchid Health; Orchid Health Fern Ridge Clinic; Orchid Health McKenzie River Clinic; Orchid Health Wade Creek Clinic; Oregon Integrated Health - Florence; Park Street Clinic; Pediatric Specialists of Pendleton; Pendleton Family Medicine; Pine Eagle Clinic; Pioneer Memorial Clinic; Providence Cannon Beach Clinic; Providence Internal Medicine - Hood River; Providence Seaside Clinic; Providence Warrenton Clinic; Salem Health Medical Clinic Woodburn; Samaritan Coastal Clinic; Samaritan Depoe Bay Clinic; Samaritan Family Medicine - Brownsville; Samaritan Family Medicine - Main St; Samaritan Family Medicine Resident Clinic – Lebanon; Samaritan Health Center-Newport; Samaritan Lebanon Community Hospital Medical Clinic Sweet Home; Samaritan Lebanon Health Center; Samaritan Lincoln City Medical Center; Samaritan Toledo Clinic; Samaritan Urgent Care Walk-In Clinic - Lebanon; Samaritan Waldport Clinic; Santiam Internal Medicine Clinic; Santiam Medical Associates; Santiam Medical Clinic; Sherman County Medical Clinic; Siskiyou Pediatric Clinic, LLP; South Gilliam Health Center; St. Alphonsus Family Medicine Clinic; St. Charles Family Care Prineville; St. Lukes Clinic-Eastern Oregon Medical Associates; Strawberry Wilderness Community Clinic; Sublimity Medical Clinic; Thrivewell Clinic; Umpqua Health Newton Creek; UrgentCare NW Astoria PC; Wallowa Memorial Medical Clinic - Downtown; Wallowa Memorial Medical Clinic - Enterprise; Wallowa Memorial Medical Clinic - Joseph; Wallowa Memorial Medical Clinic - Wallowa; Warner Mountain Medical Clinic; Water's Edge Medical Clinic; West Hills Family Care; Women's Healthcare Associates; Woodburn Pediatric Clinic",SEMICOLON,102,54,Orchid Health Fern Ridge Clinic,TRUE,10000000,"RCJ published one amount for a field naming 102 recipients. This is the FIELD total, NOT this recipient's award. Never divide it (§6.2) - no source states how it splits.",OR - 2026 - What is the RHTP?,https://www.ruralcarejourney.com/api/documents/f6c8e968-6eea-426b-b4bd-faf617e0c220/file,NA,"§6.2: semicolon-delimited awardeeName naming 102 recipients, 61 of which pass the §6.1 legal-entity test. One candidate per fragment, routed to review -- the split is a guess about the state's formatting, not a fact. The amount is the FIELD total and is never divided."
303bc50f-2cda-4e0c-a785-98bb4b3c69ac,OR,Oregon,SUBAWARD,"Adventist Health – Estacada; Adventist Health – Manzanita; Adventist Health – Pacific City; Adventist Health – Vernonia; Adventist Health Specialty Clinic; Adventist Health Women’s and Family Health; Aumsville Medical Clinic; Cascade Medical Clinic; CHI St. Anthony Hospital Family Clinic; CMH Astoria Primary Care Clinic; CMH Primary Care & Urgent Care-Seaside; CMH Warrenton Primary Care Clinic; Coastal Health Practitioners; Columbia Gorge Family Medicine; Columbia River Women's Center; Curry Family Medical; Curry Medical North; Dallas Family Care; Dunes Family Health Care; Evergreen Family Medicine; Evergreen Family Medicine - Sutherlin; Evergreen Family Medicine (Harvard); Evergreen Family Medicine South; Family Health Associates; Family Health Associates Umatilla Clinic; Good Shepherd Medical Group; Grande Ronde Hospital Elgin Clinic; Grande Ronde Hospital Regional Medical Clinic; Grande Ronde Hospital Union Clinic; Grande Ronde Hospital Urgent Care; Grande Ronde Hospital Womens & Childrens Clinic; Grant County Health Department; Harney County Health Department; Harney District Hospital Family Care; Ione Community Clinic; Irrigon Medical Clinic; La Grande Family Medicine; Lake Health Clinic; Legacy Medical Group - Firwood; Legacy Medical Group - Mt. Angel; Legacy Medical Group - Silverton; Legacy Medical Group - St Helens; Legacy Medical Group - Woodburn Health Center; Madras Medical Group; Malheur Memorial Health Center; MCMC Family Medicine; McMinnville Internal Medicine; North Bend Medical Center Bandon; North Bend Medical Center, Inc Immediate Care; Oak Street Health Care Center; OHSU Primary Care Clinic, Scappoose; Orchid Health; Orchid Health Fern Ridge Clinic; Orchid Health McKenzie River Clinic; Orchid Health Wade Creek Clinic; Oregon Integrated Health - Florence; Park Street Clinic; Pediatric Specialists of Pendleton; Pendleton Family Medicine; Pine Eagle Clinic; Pioneer Memorial Clinic; Providence Cannon Beach Clinic; Providence Internal Medicine - Hood River; Providence Seaside Clinic; Providence Warrenton Clinic; Salem Health Medical Clinic Woodburn; Samaritan Coastal Clinic; Samaritan Depoe Bay Clinic; Samaritan Family Medicine - Brownsville; Samaritan Family Medicine - Main St; Samaritan Family Medicine Resident Clinic – Lebanon; Samaritan Health Center-Newport; Samaritan Lebanon Community Hospital Medical Clinic Sweet Home; Samaritan Lebanon Health Center; Samaritan Lincoln City Medical Center; Samaritan Toledo Clinic; Samaritan Urgent Care Walk-In Clinic - Lebanon; Samaritan Waldport Clinic; Santiam Internal Medicine Clinic; Santiam Medical Associates; Santiam Medical Clinic; Sherman County Medical Clinic; Siskiyou Pediatric Clinic, LLP; South Gilliam Health Center; St. Alphonsus Family Medicine Clinic; St. Charles Family Care Prineville; St. Lukes Clinic-Eastern Oregon Medical Associates; Strawberry Wilderness Community Clinic; Sublimity Medical Clinic; Thrivewell Clinic; Umpqua Health Newton Creek; UrgentCare NW Astoria PC; Wallowa Memorial Medical Clinic - Downtown; Wallowa Memorial Medical Clinic - Enterprise; Wallowa Memorial Medical Clinic - Joseph; Wallowa Memorial Medical Clinic - Wallowa; Warner Mountain Medical Clinic; Water's Edge Medical Clinic; West Hills Family Care; Women's Healthcare Associates; Woodburn Pediatric Clinic",SEMICOLON,102,55,Orchid Health McKenzie River Clinic,TRUE,10000000,"RCJ published one amount for a field naming 102 recipients. This is the FIELD total, NOT this recipient's award. Never divide it (§6.2) - no source states how it splits.",OR - 2026 - What is the RHTP?,https://www.ruralcarejourney.com/api/documents/f6c8e968-6eea-426b-b4bd-faf617e0c220/file,NA,"§6.2: semicolon-delimited awardeeName naming 102 recipients, 61 of which pass the §6.1 legal-entity test. One candidate per fragment, routed to review -- the split is a guess about the state's formatting, not a fact. The amount is the FIELD total and is never divided."
303bc50f-2cda-4e0c-a785-98bb4b3c69ac,OR,Oregon,SUBAWARD,"Adventist Health – Estacada; Adventist Health – Manzanita; Adventist Health – Pacific City; Adventist Health – Vernonia; Adventist Health Specialty Clinic; Adventist Health Women’s and Family Health; Aumsville Medical Clinic; Cascade Medical Clinic; CHI St. Anthony Hospital Family Clinic; CMH Astoria Primary Care Clinic; CMH Primary Care & Urgent Care-Seaside; CMH Warrenton Primary Care Clinic; Coastal Health Practitioners; Columbia Gorge Family Medicine; Columbia River Women's Center; Curry Family Medical; Curry Medical North; Dallas Family Care; Dunes Family Health Care; Evergreen Family Medicine; Evergreen Family Medicine - Sutherlin; Evergreen Family Medicine (Harvard); Evergreen Family Medicine South; Family Health Associates; Family Health Associates Umatilla Clinic; Good Shepherd Medical Group; Grande Ronde Hospital Elgin Clinic; Grande Ronde Hospital Regional Medical Clinic; Grande Ronde Hospital Union Clinic; Grande Ronde Hospital Urgent Care; Grande Ronde Hospital Womens & Childrens Clinic; Grant County Health Department; Harney County Health Department; Harney District Hospital Family Care; Ione Community Clinic; Irrigon Medical Clinic; La Grande Family Medicine; Lake Health Clinic; Legacy Medical Group - Firwood; Legacy Medical Group - Mt. Angel; Legacy Medical Group - Silverton; Legacy Medical Group - St Helens; Legacy Medical Group - Woodburn Health Center; Madras Medical Group; Malheur Memorial Health Center; MCMC Family Medicine; McMinnville Internal Medicine; North Bend Medical Center Bandon; North Bend Medical Center, Inc Immediate Care; Oak Street Health Care Center; OHSU Primary Care Clinic, Scappoose; Orchid Health; Orchid Health Fern Ridge Clinic; Orchid Health McKenzie River Clinic; Orchid Health Wade Creek Clinic; Oregon Integrated Health - Florence; Park Street Clinic; Pediatric Specialists of Pendleton; Pendleton Family Medicine; Pine Eagle Clinic; Pioneer Memorial Clinic; Providence Cannon Beach Clinic; Providence Internal Medicine - Hood River; Providence Seaside Clinic; Providence Warrenton Clinic; Salem Health Medical Clinic Woodburn; Samaritan Coastal Clinic; Samaritan Depoe Bay Clinic; Samaritan Family Medicine - Brownsville; Samaritan Family Medicine - Main St; Samaritan Family Medicine Resident Clinic – Lebanon; Samaritan Health Center-Newport; Samaritan Lebanon Community Hospital Medical Clinic Sweet Home; Samaritan Lebanon Health Center; Samaritan Lincoln City Medical Center; Samaritan Toledo Clinic; Samaritan Urgent Care Walk-In Clinic - Lebanon; Samaritan Waldport Clinic; Santiam Internal Medicine Clinic; Santiam Medical Associates; Santiam Medical Clinic; Sherman County Medical Clinic; Siskiyou Pediatric Clinic, LLP; South Gilliam Health Center; St. Alphonsus Family Medicine Clinic; St. Charles Family Care Prineville; St. Lukes Clinic-Eastern Oregon Medical Associates; Strawberry Wilderness Community Clinic; Sublimity Medical Clinic; Thrivewell Clinic; Umpqua Health Newton Creek; UrgentCare NW Astoria PC; Wallowa Memorial Medical Clinic - Downtown; Wallowa Memorial Medical Clinic - Enterprise; Wallowa Memorial Medical Clinic - Joseph; Wallowa Memorial Medical Clinic - Wallowa; Warner Mountain Medical Clinic; Water's Edge Medical Clinic; West Hills Family Care; Women's Healthcare Associates; Woodburn Pediatric Clinic",SEMICOLON,102,56,Orchid Health Wade Creek Clinic,TRUE,10000000,"RCJ published one amount for a field naming 102 recipients. This is the FIELD total, NOT this recipient's award. Never divide it (§6.2) - no source states how it splits.",OR - 2026 - What is the RHTP?,https://www.ruralcarejourney.com/api/documents/f6c8e968-6eea-426b-b4bd-faf617e0c220/file,NA,"§6.2: semicolon-delimited awardeeName naming 102 recipients, 61 of which pass the §6.1 legal-entity test. One candidate per fragment, routed to review -- the split is a guess about the state's formatting, not a fact. The amount is the FIELD total and is never divided."
303bc50f-2cda-4e0c-a785-98bb4b3c69ac,OR,Oregon,SUBAWARD,"Adventist Health – Estacada; Adventist Health – Manzanita; Adventist Health – Pacific City; Adventist Health – Vernonia; Adventist Health Specialty Clinic; Adventist Health Women’s and Family Health; Aumsville Medical Clinic; Cascade Medical Clinic; CHI St. Anthony Hospital Family Clinic; CMH Astoria Primary Care Clinic; CMH Primary Care & Urgent Care-Seaside; CMH Warrenton Primary Care Clinic; Coastal Health Practitioners; Columbia Gorge Family Medicine; Columbia River Women's Center; Curry Family Medical; Curry Medical North; Dallas Family Care; Dunes Family Health Care; Evergreen Family Medicine; Evergreen Family Medicine - Sutherlin; Evergreen Family Medicine (Harvard); Evergreen Family Medicine South; Family Health Associates; Family Health Associates Umatilla Clinic; Good Shepherd Medical Group; Grande Ronde Hospital Elgin Clinic; Grande Ronde Hospital Regional Medical Clinic; Grande Ronde Hospital Union Clinic; Grande Ronde Hospital Urgent Care; Grande Ronde Hospital Womens & Childrens Clinic; Grant County Health Department; Harney County Health Department; Harney District Hospital Family Care; Ione Community Clinic; Irrigon Medical Clinic; La Grande Family Medicine; Lake Health Clinic; Legacy Medical Group - Firwood; Legacy Medical Group - Mt. Angel; Legacy Medical Group - Silverton; Legacy Medical Group - St Helens; Legacy Medical Group - Woodburn Health Center; Madras Medical Group; Malheur Memorial Health Center; MCMC Family Medicine; McMinnville Internal Medicine; North Bend Medical Center Bandon; North Bend Medical Center, Inc Immediate Care; Oak Street Health Care Center; OHSU Primary Care Clinic, Scappoose; Orchid Health; Orchid Health Fern Ridge Clinic; Orchid Health McKenzie River Clinic; Orchid Health Wade Creek Clinic; Oregon Integrated Health - Florence; Park Street Clinic; Pediatric Specialists of Pendleton; Pendleton Family Medicine; Pine Eagle Clinic; Pioneer Memorial Clinic; Providence Cannon Beach Clinic; Providence Internal Medicine - Hood River; Providence Seaside Clinic; Providence Warrenton Clinic; Salem Health Medical Clinic Woodburn; Samaritan Coastal Clinic; Samaritan Depoe Bay Clinic; Samaritan Family Medicine - Brownsville; Samaritan Family Medicine - Main St; Samaritan Family Medicine Resident Clinic – Lebanon; Samaritan Health Center-Newport; Samaritan Lebanon Community Hospital Medical Clinic Sweet Home; Samaritan Lebanon Health Center; Samaritan Lincoln City Medical Center; Samaritan Toledo Clinic; Samaritan Urgent Care Walk-In Clinic - Lebanon; Samaritan Waldport Clinic; Santiam Internal Medicine Clinic; Santiam Medical Associates; Santiam Medical Clinic; Sherman County Medical Clinic; Siskiyou Pediatric Clinic, LLP; South Gilliam Health Center; St. Alphonsus Family Medicine Clinic; St. Charles Family Care Prineville; St. Lukes Clinic-Eastern Oregon Medical Associates; Strawberry Wilderness Community Clinic; Sublimity Medical Clinic; Thrivewell Clinic; Umpqua Health Newton Creek; UrgentCare NW Astoria PC; Wallowa Memorial Medical Clinic - Downtown; Wallowa Memorial Medical Clinic - Enterprise; Wallowa Memorial Medical Clinic - Joseph; Wallowa Memorial Medical Clinic - Wallowa; Warner Mountain Medical Clinic; Water's Edge Medical Clinic; West Hills Family Care; Women's Healthcare Associates; Woodburn Pediatric Clinic",SEMICOLON,102,57,Oregon Integrated Health - Florence,FALSE,10000000,"RCJ published one amount for a field naming 102 recipients. This is the FIELD total, NOT this recipient's award. Never divide it (§6.2) - no source states how it splits.",OR - 2026 - What is the RHTP?,https://www.ruralcarejourney.com/api/documents/f6c8e968-6eea-426b-b4bd-faf617e0c220/file,NA,"§6.2: semicolon-delimited awardeeName naming 102 recipients, 61 of which pass the §6.1 legal-entity test. One candidate per fragment, routed to review -- the split is a guess about the state's formatting, not a fact. The amount is the FIELD total and is never divided."
303bc50f-2cda-4e0c-a785-98bb4b3c69ac,OR,Oregon,SUBAWARD,"Adventist Health – Estacada; Adventist Health – Manzanita; Adventist Health – Pacific City; Adventist Health – Vernonia; Adventist Health Specialty Clinic; Adventist Health Women’s and Family Health; Aumsville Medical Clinic; Cascade Medical Clinic; CHI St. Anthony Hospital Family Clinic; CMH Astoria Primary Care Clinic; CMH Primary Care & Urgent Care-Seaside; CMH Warrenton Primary Care Clinic; Coastal Health Practitioners; Columbia Gorge Family Medicine; Columbia River Women's Center; Curry Family Medical; Curry Medical North; Dallas Family Care; Dunes Family Health Care; Evergreen Family Medicine; Evergreen Family Medicine - Sutherlin; Evergreen Family Medicine (Harvard); Evergreen Family Medicine South; Family Health Associates; Family Health Associates Umatilla Clinic; Good Shepherd Medical Group; Grande Ronde Hospital Elgin Clinic; Grande Ronde Hospital Regional Medical Clinic; Grande Ronde Hospital Union Clinic; Grande Ronde Hospital Urgent Care; Grande Ronde Hospital Womens & Childrens Clinic; Grant County Health Department; Harney County Health Department; Harney District Hospital Family Care; Ione Community Clinic; Irrigon Medical Clinic; La Grande Family Medicine; Lake Health Clinic; Legacy Medical Group - Firwood; Legacy Medical Group - Mt. Angel; Legacy Medical Group - Silverton; Legacy Medical Group - St Helens; Legacy Medical Group - Woodburn Health Center; Madras Medical Group; Malheur Memorial Health Center; MCMC Family Medicine; McMinnville Internal Medicine; North Bend Medical Center Bandon; North Bend Medical Center, Inc Immediate Care; Oak Street Health Care Center; OHSU Primary Care Clinic, Scappoose; Orchid Health; Orchid Health Fern Ridge Clinic; Orchid Health McKenzie River Clinic; Orchid Health Wade Creek Clinic; Oregon Integrated Health - Florence; Park Street Clinic; Pediatric Specialists of Pendleton; Pendleton Family Medicine; Pine Eagle Clinic; Pioneer Memorial Clinic; Providence Cannon Beach Clinic; Providence Internal Medicine - Hood River; Providence Seaside Clinic; Providence Warrenton Clinic; Salem Health Medical Clinic Woodburn; Samaritan Coastal Clinic; Samaritan Depoe Bay Clinic; Samaritan Family Medicine - Brownsville; Samaritan Family Medicine - Main St; Samaritan Family Medicine Resident Clinic – Lebanon; Samaritan Health Center-Newport; Samaritan Lebanon Community Hospital Medical Clinic Sweet Home; Samaritan Lebanon Health Center; Samaritan Lincoln City Medical Center; Samaritan Toledo Clinic; Samaritan Urgent Care Walk-In Clinic - Lebanon; Samaritan Waldport Clinic; Santiam Internal Medicine Clinic; Santiam Medical Associates; Santiam Medical Clinic; Sherman County Medical Clinic; Siskiyou Pediatric Clinic, LLP; South Gilliam Health Center; St. Alphonsus Family Medicine Clinic; St. Charles Family Care Prineville; St. Lukes Clinic-Eastern Oregon Medical Associates; Strawberry Wilderness Community Clinic; Sublimity Medical Clinic; Thrivewell Clinic; Umpqua Health Newton Creek; UrgentCare NW Astoria PC; Wallowa Memorial Medical Clinic - Downtown; Wallowa Memorial Medical Clinic - Enterprise; Wallowa Memorial Medical Clinic - Joseph; Wallowa Memorial Medical Clinic - Wallowa; Warner Mountain Medical Clinic; Water's Edge Medical Clinic; West Hills Family Care; Women's Healthcare Associates; Woodburn Pediatric Clinic",SEMICOLON,102,58,Park Street Clinic,TRUE,10000000,"RCJ published one amount for a field naming 102 recipients. This is the FIELD total, NOT this recipient's award. Never divide it (§6.2) - no source states how it splits.",OR - 2026 - What is the RHTP?,https://www.ruralcarejourney.com/api/documents/f6c8e968-6eea-426b-b4bd-faf617e0c220/file,NA,"§6.2: semicolon-delimited awardeeName naming 102 recipients, 61 of which pass the §6.1 legal-entity test. One candidate per fragment, routed to review -- the split is a guess about the state's formatting, not a fact. The amount is the FIELD total and is never divided."
303bc50f-2cda-4e0c-a785-98bb4b3c69ac,OR,Oregon,SUBAWARD,"Adventist Health – Estacada; Adventist Health – Manzanita; Adventist Health – Pacific City; Adventist Health – Vernonia; Adventist Health Specialty Clinic; Adventist Health Women’s and Family Health; Aumsville Medical Clinic; Cascade Medical Clinic; CHI St. Anthony Hospital Family Clinic; CMH Astoria Primary Care Clinic; CMH Primary Care & Urgent Care-Seaside; CMH Warrenton Primary Care Clinic; Coastal Health Practitioners; Columbia Gorge Family Medicine; Columbia River Women's Center; Curry Family Medical; Curry Medical North; Dallas Family Care; Dunes Family Health Care; Evergreen Family Medicine; Evergreen Family Medicine - Sutherlin; Evergreen Family Medicine (Harvard); Evergreen Family Medicine South; Family Health Associates; Family Health Associates Umatilla Clinic; Good Shepherd Medical Group; Grande Ronde Hospital Elgin Clinic; Grande Ronde Hospital Regional Medical Clinic; Grande Ronde Hospital Union Clinic; Grande Ronde Hospital Urgent Care; Grande Ronde Hospital Womens & Childrens Clinic; Grant County Health Department; Harney County Health Department; Harney District Hospital Family Care; Ione Community Clinic; Irrigon Medical Clinic; La Grande Family Medicine; Lake Health Clinic; Legacy Medical Group - Firwood; Legacy Medical Group - Mt. Angel; Legacy Medical Group - Silverton; Legacy Medical Group - St Helens; Legacy Medical Group - Woodburn Health Center; Madras Medical Group; Malheur Memorial Health Center; MCMC Family Medicine; McMinnville Internal Medicine; North Bend Medical Center Bandon; North Bend Medical Center, Inc Immediate Care; Oak Street Health Care Center; OHSU Primary Care Clinic, Scappoose; Orchid Health; Orchid Health Fern Ridge Clinic; Orchid Health McKenzie River Clinic; Orchid Health Wade Creek Clinic; Oregon Integrated Health - Florence; Park Street Clinic; Pediatric Specialists of Pendleton; Pendleton Family Medicine; Pine Eagle Clinic; Pioneer Memorial Clinic; Providence Cannon Beach Clinic; Providence Internal Medicine - Hood River; Providence Seaside Clinic; Providence Warrenton Clinic; Salem Health Medical Clinic Woodburn; Samaritan Coastal Clinic; Samaritan Depoe Bay Clinic; Samaritan Family Medicine - Brownsville; Samaritan Family Medicine - Main St; Samaritan Family Medicine Resident Clinic – Lebanon; Samaritan Health Center-Newport; Samaritan Lebanon Community Hospital Medical Clinic Sweet Home; Samaritan Lebanon Health Center; Samaritan Lincoln City Medical Center; Samaritan Toledo Clinic; Samaritan Urgent Care Walk-In Clinic - Lebanon; Samaritan Waldport Clinic; Santiam Internal Medicine Clinic; Santiam Medical Associates; Santiam Medical Clinic; Sherman County Medical Clinic; Siskiyou Pediatric Clinic, LLP; South Gilliam Health Center; St. Alphonsus Family Medicine Clinic; St. Charles Family Care Prineville; St. Lukes Clinic-Eastern Oregon Medical Associates; Strawberry Wilderness Community Clinic; Sublimity Medical Clinic; Thrivewell Clinic; Umpqua Health Newton Creek; UrgentCare NW Astoria PC; Wallowa Memorial Medical Clinic - Downtown; Wallowa Memorial Medical Clinic - Enterprise; Wallowa Memorial Medical Clinic - Joseph; Wallowa Memorial Medical Clinic - Wallowa; Warner Mountain Medical Clinic; Water's Edge Medical Clinic; West Hills Family Care; Women's Healthcare Associates; Woodburn Pediatric Clinic",SEMICOLON,102,59,Pediatric Specialists of Pendleton,FALSE,10000000,"RCJ published one amount for a field naming 102 recipients. This is the FIELD total, NOT this recipient's award. Never divide it (§6.2) - no source states how it splits.",OR - 2026 - What is the RHTP?,https://www.ruralcarejourney.com/api/documents/f6c8e968-6eea-426b-b4bd-faf617e0c220/file,NA,"§6.2: semicolon-delimited awardeeName naming 102 recipients, 61 of which pass the §6.1 legal-entity test. One candidate per fragment, routed to review -- the split is a guess about the state's formatting, not a fact. The amount is the FIELD total and is never divided."
303bc50f-2cda-4e0c-a785-98bb4b3c69ac,OR,Oregon,SUBAWARD,"Adventist Health – Estacada; Adventist Health – Manzanita; Adventist Health – Pacific City; Adventist Health – Vernonia; Adventist Health Specialty Clinic; Adventist Health Women’s and Family Health; Aumsville Medical Clinic; Cascade Medical Clinic; CHI St. Anthony Hospital Family Clinic; CMH Astoria Primary Care Clinic; CMH Primary Care & Urgent Care-Seaside; CMH Warrenton Primary Care Clinic; Coastal Health Practitioners; Columbia Gorge Family Medicine; Columbia River Women's Center; Curry Family Medical; Curry Medical North; Dallas Family Care; Dunes Family Health Care; Evergreen Family Medicine; Evergreen Family Medicine - Sutherlin; Evergreen Family Medicine (Harvard); Evergreen Family Medicine South; Family Health Associates; Family Health Associates Umatilla Clinic; Good Shepherd Medical Group; Grande Ronde Hospital Elgin Clinic; Grande Ronde Hospital Regional Medical Clinic; Grande Ronde Hospital Union Clinic; Grande Ronde Hospital Urgent Care; Grande Ronde Hospital Womens & Childrens Clinic; Grant County Health Department; Harney County Health Department; Harney District Hospital Family Care; Ione Community Clinic; Irrigon Medical Clinic; La Grande Family Medicine; Lake Health Clinic; Legacy Medical Group - Firwood; Legacy Medical Group - Mt. Angel; Legacy Medical Group - Silverton; Legacy Medical Group - St Helens; Legacy Medical Group - Woodburn Health Center; Madras Medical Group; Malheur Memorial Health Center; MCMC Family Medicine; McMinnville Internal Medicine; North Bend Medical Center Bandon; North Bend Medical Center, Inc Immediate Care; Oak Street Health Care Center; OHSU Primary Care Clinic, Scappoose; Orchid Health; Orchid Health Fern Ridge Clinic; Orchid Health McKenzie River Clinic; Orchid Health Wade Creek Clinic; Oregon Integrated Health - Florence; Park Street Clinic; Pediatric Specialists of Pendleton; Pendleton Family Medicine; Pine Eagle Clinic; Pioneer Memorial Clinic; Providence Cannon Beach Clinic; Providence Internal Medicine - Hood River; Providence Seaside Clinic; Providence Warrenton Clinic; Salem Health Medical Clinic Woodburn; Samaritan Coastal Clinic; Samaritan Depoe Bay Clinic; Samaritan Family Medicine - Brownsville; Samaritan Family Medicine - Main St; Samaritan Family Medicine Resident Clinic – Lebanon; Samaritan Health Center-Newport; Samaritan Lebanon Community Hospital Medical Clinic Sweet Home; Samaritan Lebanon Health Center; Samaritan Lincoln City Medical Center; Samaritan Toledo Clinic; Samaritan Urgent Care Walk-In Clinic - Lebanon; Samaritan Waldport Clinic; Santiam Internal Medicine Clinic; Santiam Medical Associates; Santiam Medical Clinic; Sherman County Medical Clinic; Siskiyou Pediatric Clinic, LLP; South Gilliam Health Center; St. Alphonsus Family Medicine Clinic; St. Charles Family Care Prineville; St. Lukes Clinic-Eastern Oregon Medical Associates; Strawberry Wilderness Community Clinic; Sublimity Medical Clinic; Thrivewell Clinic; Umpqua Health Newton Creek; UrgentCare NW Astoria PC; Wallowa Memorial Medical Clinic - Downtown; Wallowa Memorial Medical Clinic - Enterprise; Wallowa Memorial Medical Clinic - Joseph; Wallowa Memorial Medical Clinic - Wallowa; Warner Mountain Medical Clinic; Water's Edge Medical Clinic; West Hills Family Care; Women's Healthcare Associates; Woodburn Pediatric Clinic",SEMICOLON,102,60,Pendleton Family Medicine,FALSE,10000000,"RCJ published one amount for a field naming 102 recipients. This is the FIELD total, NOT this recipient's award. Never divide it (§6.2) - no source states how it splits.",OR - 2026 - What is the RHTP?,https://www.ruralcarejourney.com/api/documents/f6c8e968-6eea-426b-b4bd-faf617e0c220/file,NA,"§6.2: semicolon-delimited awardeeName naming 102 recipients, 61 of which pass the §6.1 legal-entity test. One candidate per fragment, routed to review -- the split is a guess about the state's formatting, not a fact. The amount is the FIELD total and is never divided."
303bc50f-2cda-4e0c-a785-98bb4b3c69ac,OR,Oregon,SUBAWARD,"Adventist Health – Estacada; Adventist Health – Manzanita; Adventist Health – Pacific City; Adventist Health – Vernonia; Adventist Health Specialty Clinic; Adventist Health Women’s and Family Health; Aumsville Medical Clinic; Cascade Medical Clinic; CHI St. Anthony Hospital Family Clinic; CMH Astoria Primary Care Clinic; CMH Primary Care & Urgent Care-Seaside; CMH Warrenton Primary Care Clinic; Coastal Health Practitioners; Columbia Gorge Family Medicine; Columbia River Women's Center; Curry Family Medical; Curry Medical North; Dallas Family Care; Dunes Family Health Care; Evergreen Family Medicine; Evergreen Family Medicine - Sutherlin; Evergreen Family Medicine (Harvard); Evergreen Family Medicine South; Family Health Associates; Family Health Associates Umatilla Clinic; Good Shepherd Medical Group; Grande Ronde Hospital Elgin Clinic; Grande Ronde Hospital Regional Medical Clinic; Grande Ronde Hospital Union Clinic; Grande Ronde Hospital Urgent Care; Grande Ronde Hospital Womens & Childrens Clinic; Grant County Health Department; Harney County Health Department; Harney District Hospital Family Care; Ione Community Clinic; Irrigon Medical Clinic; La Grande Family Medicine; Lake Health Clinic; Legacy Medical Group - Firwood; Legacy Medical Group - Mt. Angel; Legacy Medical Group - Silverton; Legacy Medical Group - St Helens; Legacy Medical Group - Woodburn Health Center; Madras Medical Group; Malheur Memorial Health Center; MCMC Family Medicine; McMinnville Internal Medicine; North Bend Medical Center Bandon; North Bend Medical Center, Inc Immediate Care; Oak Street Health Care Center; OHSU Primary Care Clinic, Scappoose; Orchid Health; Orchid Health Fern Ridge Clinic; Orchid Health McKenzie River Clinic; Orchid Health Wade Creek Clinic; Oregon Integrated Health - Florence; Park Street Clinic; Pediatric Specialists of Pendleton; Pendleton Family Medicine; Pine Eagle Clinic; Pioneer Memorial Clinic; Providence Cannon Beach Clinic; Providence Internal Medicine - Hood River; Providence Seaside Clinic; Providence Warrenton Clinic; Salem Health Medical Clinic Woodburn; Samaritan Coastal Clinic; Samaritan Depoe Bay Clinic; Samaritan Family Medicine - Brownsville; Samaritan Family Medicine - Main St; Samaritan Family Medicine Resident Clinic – Lebanon; Samaritan Health Center-Newport; Samaritan Lebanon Community Hospital Medical Clinic Sweet Home; Samaritan Lebanon Health Center; Samaritan Lincoln City Medical Center; Samaritan Toledo Clinic; Samaritan Urgent Care Walk-In Clinic - Lebanon; Samaritan Waldport Clinic; Santiam Internal Medicine Clinic; Santiam Medical Associates; Santiam Medical Clinic; Sherman County Medical Clinic; Siskiyou Pediatric Clinic, LLP; South Gilliam Health Center; St. Alphonsus Family Medicine Clinic; St. Charles Family Care Prineville; St. Lukes Clinic-Eastern Oregon Medical Associates; Strawberry Wilderness Community Clinic; Sublimity Medical Clinic; Thrivewell Clinic; Umpqua Health Newton Creek; UrgentCare NW Astoria PC; Wallowa Memorial Medical Clinic - Downtown; Wallowa Memorial Medical Clinic - Enterprise; Wallowa Memorial Medical Clinic - Joseph; Wallowa Memorial Medical Clinic - Wallowa; Warner Mountain Medical Clinic; Water's Edge Medical Clinic; West Hills Family Care; Women's Healthcare Associates; Woodburn Pediatric Clinic",SEMICOLON,102,61,Pine Eagle Clinic,TRUE,10000000,"RCJ published one amount for a field naming 102 recipients. This is the FIELD total, NOT this recipient's award. Never divide it (§6.2) - no source states how it splits.",OR - 2026 - What is the RHTP?,https://www.ruralcarejourney.com/api/documents/f6c8e968-6eea-426b-b4bd-faf617e0c220/file,NA,"§6.2: semicolon-delimited awardeeName naming 102 recipients, 61 of which pass the §6.1 legal-entity test. One candidate per fragment, routed to review -- the split is a guess about the state's formatting, not a fact. The amount is the FIELD total and is never divided."
303bc50f-2cda-4e0c-a785-98bb4b3c69ac,OR,Oregon,SUBAWARD,"Adventist Health – Estacada; Adventist Health – Manzanita; Adventist Health – Pacific City; Adventist Health – Vernonia; Adventist Health Specialty Clinic; Adventist Health Women’s and Family Health; Aumsville Medical Clinic; Cascade Medical Clinic; CHI St. Anthony Hospital Family Clinic; CMH Astoria Primary Care Clinic; CMH Primary Care & Urgent Care-Seaside; CMH Warrenton Primary Care Clinic; Coastal Health Practitioners; Columbia Gorge Family Medicine; Columbia River Women's Center; Curry Family Medical; Curry Medical North; Dallas Family Care; Dunes Family Health Care; Evergreen Family Medicine; Evergreen Family Medicine - Sutherlin; Evergreen Family Medicine (Harvard); Evergreen Family Medicine South; Family Health Associates; Family Health Associates Umatilla Clinic; Good Shepherd Medical Group; Grande Ronde Hospital Elgin Clinic; Grande Ronde Hospital Regional Medical Clinic; Grande Ronde Hospital Union Clinic; Grande Ronde Hospital Urgent Care; Grande Ronde Hospital Womens & Childrens Clinic; Grant County Health Department; Harney County Health Department; Harney District Hospital Family Care; Ione Community Clinic; Irrigon Medical Clinic; La Grande Family Medicine; Lake Health Clinic; Legacy Medical Group - Firwood; Legacy Medical Group - Mt. Angel; Legacy Medical Group - Silverton; Legacy Medical Group - St Helens; Legacy Medical Group - Woodburn Health Center; Madras Medical Group; Malheur Memorial Health Center; MCMC Family Medicine; McMinnville Internal Medicine; North Bend Medical Center Bandon; North Bend Medical Center, Inc Immediate Care; Oak Street Health Care Center; OHSU Primary Care Clinic, Scappoose; Orchid Health; Orchid Health Fern Ridge Clinic; Orchid Health McKenzie River Clinic; Orchid Health Wade Creek Clinic; Oregon Integrated Health - Florence; Park Street Clinic; Pediatric Specialists of Pendleton; Pendleton Family Medicine; Pine Eagle Clinic; Pioneer Memorial Clinic; Providence Cannon Beach Clinic; Providence Internal Medicine - Hood River; Providence Seaside Clinic; Providence Warrenton Clinic; Salem Health Medical Clinic Woodburn; Samaritan Coastal Clinic; Samaritan Depoe Bay Clinic; Samaritan Family Medicine - Brownsville; Samaritan Family Medicine - Main St; Samaritan Family Medicine Resident Clinic – Lebanon; Samaritan Health Center-Newport; Samaritan Lebanon Community Hospital Medical Clinic Sweet Home; Samaritan Lebanon Health Center; Samaritan Lincoln City Medical Center; Samaritan Toledo Clinic; Samaritan Urgent Care Walk-In Clinic - Lebanon; Samaritan Waldport Clinic; Santiam Internal Medicine Clinic; Santiam Medical Associates; Santiam Medical Clinic; Sherman County Medical Clinic; Siskiyou Pediatric Clinic, LLP; South Gilliam Health Center; St. Alphonsus Family Medicine Clinic; St. Charles Family Care Prineville; St. Lukes Clinic-Eastern Oregon Medical Associates; Strawberry Wilderness Community Clinic; Sublimity Medical Clinic; Thrivewell Clinic; Umpqua Health Newton Creek; UrgentCare NW Astoria PC; Wallowa Memorial Medical Clinic - Downtown; Wallowa Memorial Medical Clinic - Enterprise; Wallowa Memorial Medical Clinic - Joseph; Wallowa Memorial Medical Clinic - Wallowa; Warner Mountain Medical Clinic; Water's Edge Medical Clinic; West Hills Family Care; Women's Healthcare Associates; Woodburn Pediatric Clinic",SEMICOLON,102,62,Pioneer Memorial Clinic,TRUE,10000000,"RCJ published one amount for a field naming 102 recipients. This is the FIELD total, NOT this recipient's award. Never divide it (§6.2) - no source states how it splits.",OR - 2026 - What is the RHTP?,https://www.ruralcarejourney.com/api/documents/f6c8e968-6eea-426b-b4bd-faf617e0c220/file,NA,"§6.2: semicolon-delimited awardeeName naming 102 recipients, 61 of which pass the §6.1 legal-entity test. One candidate per fragment, routed to review -- the split is a guess about the state's formatting, not a fact. The amount is the FIELD total and is never divided."
303bc50f-2cda-4e0c-a785-98bb4b3c69ac,OR,Oregon,SUBAWARD,"Adventist Health – Estacada; Adventist Health – Manzanita; Adventist Health – Pacific City; Adventist Health – Vernonia; Adventist Health Specialty Clinic; Adventist Health Women’s and Family Health; Aumsville Medical Clinic; Cascade Medical Clinic; CHI St. Anthony Hospital Family Clinic; CMH Astoria Primary Care Clinic; CMH Primary Care & Urgent Care-Seaside; CMH Warrenton Primary Care Clinic; Coastal Health Practitioners; Columbia Gorge Family Medicine; Columbia River Women's Center; Curry Family Medical; Curry Medical North; Dallas Family Care; Dunes Family Health Care; Evergreen Family Medicine; Evergreen Family Medicine - Sutherlin; Evergreen Family Medicine (Harvard); Evergreen Family Medicine South; Family Health Associates; Family Health Associates Umatilla Clinic; Good Shepherd Medical Group; Grande Ronde Hospital Elgin Clinic; Grande Ronde Hospital Regional Medical Clinic; Grande Ronde Hospital Union Clinic; Grande Ronde Hospital Urgent Care; Grande Ronde Hospital Womens & Childrens Clinic; Grant County Health Department; Harney County Health Department; Harney District Hospital Family Care; Ione Community Clinic; Irrigon Medical Clinic; La Grande Family Medicine; Lake Health Clinic; Legacy Medical Group - Firwood; Legacy Medical Group - Mt. Angel; Legacy Medical Group - Silverton; Legacy Medical Group - St Helens; Legacy Medical Group - Woodburn Health Center; Madras Medical Group; Malheur Memorial Health Center; MCMC Family Medicine; McMinnville Internal Medicine; North Bend Medical Center Bandon; North Bend Medical Center, Inc Immediate Care; Oak Street Health Care Center; OHSU Primary Care Clinic, Scappoose; Orchid Health; Orchid Health Fern Ridge Clinic; Orchid Health McKenzie River Clinic; Orchid Health Wade Creek Clinic; Oregon Integrated Health - Florence; Park Street Clinic; Pediatric Specialists of Pendleton; Pendleton Family Medicine; Pine Eagle Clinic; Pioneer Memorial Clinic; Providence Cannon Beach Clinic; Providence Internal Medicine - Hood River; Providence Seaside Clinic; Providence Warrenton Clinic; Salem Health Medical Clinic Woodburn; Samaritan Coastal Clinic; Samaritan Depoe Bay Clinic; Samaritan Family Medicine - Brownsville; Samaritan Family Medicine - Main St; Samaritan Family Medicine Resident Clinic – Lebanon; Samaritan Health Center-Newport; Samaritan Lebanon Community Hospital Medical Clinic Sweet Home; Samaritan Lebanon Health Center; Samaritan Lincoln City Medical Center; Samaritan Toledo Clinic; Samaritan Urgent Care Walk-In Clinic - Lebanon; Samaritan Waldport Clinic; Santiam Internal Medicine Clinic; Santiam Medical Associates; Santiam Medical Clinic; Sherman County Medical Clinic; Siskiyou Pediatric Clinic, LLP; South Gilliam Health Center; St. Alphonsus Family Medicine Clinic; St. Charles Family Care Prineville; St. Lukes Clinic-Eastern Oregon Medical Associates; Strawberry Wilderness Community Clinic; Sublimity Medical Clinic; Thrivewell Clinic; Umpqua Health Newton Creek; UrgentCare NW Astoria PC; Wallowa Memorial Medical Clinic - Downtown; Wallowa Memorial Medical Clinic - Enterprise; Wallowa Memorial Medical Clinic - Joseph; Wallowa Memorial Medical Clinic - Wallowa; Warner Mountain Medical Clinic; Water's Edge Medical Clinic; West Hills Family Care; Women's Healthcare Associates; Woodburn Pediatric Clinic",SEMICOLON,102,63,Providence Cannon Beach Clinic,TRUE,10000000,"RCJ published one amount for a field naming 102 recipients. This is the FIELD total, NOT this recipient's award. Never divide it (§6.2) - no source states how it splits.",OR - 2026 - What is the RHTP?,https://www.ruralcarejourney.com/api/documents/f6c8e968-6eea-426b-b4bd-faf617e0c220/file,NA,"§6.2: semicolon-delimited awardeeName naming 102 recipients, 61 of which pass the §6.1 legal-entity test. One candidate per fragment, routed to review -- the split is a guess about the state's formatting, not a fact. The amount is the FIELD total and is never divided."
303bc50f-2cda-4e0c-a785-98bb4b3c69ac,OR,Oregon,SUBAWARD,"Adventist Health – Estacada; Adventist Health – Manzanita; Adventist Health – Pacific City; Adventist Health – Vernonia; Adventist Health Specialty Clinic; Adventist Health Women’s and Family Health; Aumsville Medical Clinic; Cascade Medical Clinic; CHI St. Anthony Hospital Family Clinic; CMH Astoria Primary Care Clinic; CMH Primary Care & Urgent Care-Seaside; CMH Warrenton Primary Care Clinic; Coastal Health Practitioners; Columbia Gorge Family Medicine; Columbia River Women's Center; Curry Family Medical; Curry Medical North; Dallas Family Care; Dunes Family Health Care; Evergreen Family Medicine; Evergreen Family Medicine - Sutherlin; Evergreen Family Medicine (Harvard); Evergreen Family Medicine South; Family Health Associates; Family Health Associates Umatilla Clinic; Good Shepherd Medical Group; Grande Ronde Hospital Elgin Clinic; Grande Ronde Hospital Regional Medical Clinic; Grande Ronde Hospital Union Clinic; Grande Ronde Hospital Urgent Care; Grande Ronde Hospital Womens & Childrens Clinic; Grant County Health Department; Harney County Health Department; Harney District Hospital Family Care; Ione Community Clinic; Irrigon Medical Clinic; La Grande Family Medicine; Lake Health Clinic; Legacy Medical Group - Firwood; Legacy Medical Group - Mt. Angel; Legacy Medical Group - Silverton; Legacy Medical Group - St Helens; Legacy Medical Group - Woodburn Health Center; Madras Medical Group; Malheur Memorial Health Center; MCMC Family Medicine; McMinnville Internal Medicine; North Bend Medical Center Bandon; North Bend Medical Center, Inc Immediate Care; Oak Street Health Care Center; OHSU Primary Care Clinic, Scappoose; Orchid Health; Orchid Health Fern Ridge Clinic; Orchid Health McKenzie River Clinic; Orchid Health Wade Creek Clinic; Oregon Integrated Health - Florence; Park Street Clinic; Pediatric Specialists of Pendleton; Pendleton Family Medicine; Pine Eagle Clinic; Pioneer Memorial Clinic; Providence Cannon Beach Clinic; Providence Internal Medicine - Hood River; Providence Seaside Clinic; Providence Warrenton Clinic; Salem Health Medical Clinic Woodburn; Samaritan Coastal Clinic; Samaritan Depoe Bay Clinic; Samaritan Family Medicine - Brownsville; Samaritan Family Medicine - Main St; Samaritan Family Medicine Resident Clinic – Lebanon; Samaritan Health Center-Newport; Samaritan Lebanon Community Hospital Medical Clinic Sweet Home; Samaritan Lebanon Health Center; Samaritan Lincoln City Medical Center; Samaritan Toledo Clinic; Samaritan Urgent Care Walk-In Clinic - Lebanon; Samaritan Waldport Clinic; Santiam Internal Medicine Clinic; Santiam Medical Associates; Santiam Medical Clinic; Sherman County Medical Clinic; Siskiyou Pediatric Clinic, LLP; South Gilliam Health Center; St. Alphonsus Family Medicine Clinic; St. Charles Family Care Prineville; St. Lukes Clinic-Eastern Oregon Medical Associates; Strawberry Wilderness Community Clinic; Sublimity Medical Clinic; Thrivewell Clinic; Umpqua Health Newton Creek; UrgentCare NW Astoria PC; Wallowa Memorial Medical Clinic - Downtown; Wallowa Memorial Medical Clinic - Enterprise; Wallowa Memorial Medical Clinic - Joseph; Wallowa Memorial Medical Clinic - Wallowa; Warner Mountain Medical Clinic; Water's Edge Medical Clinic; West Hills Family Care; Women's Healthcare Associates; Woodburn Pediatric Clinic",SEMICOLON,102,64,Providence Internal Medicine - Hood River,FALSE,10000000,"RCJ published one amount for a field naming 102 recipients. This is the FIELD total, NOT this recipient's award. Never divide it (§6.2) - no source states how it splits.",OR - 2026 - What is the RHTP?,https://www.ruralcarejourney.com/api/documents/f6c8e968-6eea-426b-b4bd-faf617e0c220/file,NA,"§6.2: semicolon-delimited awardeeName naming 102 recipients, 61 of which pass the §6.1 legal-entity test. One candidate per fragment, routed to review -- the split is a guess about the state's formatting, not a fact. The amount is the FIELD total and is never divided."
303bc50f-2cda-4e0c-a785-98bb4b3c69ac,OR,Oregon,SUBAWARD,"Adventist Health – Estacada; Adventist Health – Manzanita; Adventist Health – Pacific City; Adventist Health – Vernonia; Adventist Health Specialty Clinic; Adventist Health Women’s and Family Health; Aumsville Medical Clinic; Cascade Medical Clinic; CHI St. Anthony Hospital Family Clinic; CMH Astoria Primary Care Clinic; CMH Primary Care & Urgent Care-Seaside; CMH Warrenton Primary Care Clinic; Coastal Health Practitioners; Columbia Gorge Family Medicine; Columbia River Women's Center; Curry Family Medical; Curry Medical North; Dallas Family Care; Dunes Family Health Care; Evergreen Family Medicine; Evergreen Family Medicine - Sutherlin; Evergreen Family Medicine (Harvard); Evergreen Family Medicine South; Family Health Associates; Family Health Associates Umatilla Clinic; Good Shepherd Medical Group; Grande Ronde Hospital Elgin Clinic; Grande Ronde Hospital Regional Medical Clinic; Grande Ronde Hospital Union Clinic; Grande Ronde Hospital Urgent Care; Grande Ronde Hospital Womens & Childrens Clinic; Grant County Health Department; Harney County Health Department; Harney District Hospital Family Care; Ione Community Clinic; Irrigon Medical Clinic; La Grande Family Medicine; Lake Health Clinic; Legacy Medical Group - Firwood; Legacy Medical Group - Mt. Angel; Legacy Medical Group - Silverton; Legacy Medical Group - St Helens; Legacy Medical Group - Woodburn Health Center; Madras Medical Group; Malheur Memorial Health Center; MCMC Family Medicine; McMinnville Internal Medicine; North Bend Medical Center Bandon; North Bend Medical Center, Inc Immediate Care; Oak Street Health Care Center; OHSU Primary Care Clinic, Scappoose; Orchid Health; Orchid Health Fern Ridge Clinic; Orchid Health McKenzie River Clinic; Orchid Health Wade Creek Clinic; Oregon Integrated Health - Florence; Park Street Clinic; Pediatric Specialists of Pendleton; Pendleton Family Medicine; Pine Eagle Clinic; Pioneer Memorial Clinic; Providence Cannon Beach Clinic; Providence Internal Medicine - Hood River; Providence Seaside Clinic; Providence Warrenton Clinic; Salem Health Medical Clinic Woodburn; Samaritan Coastal Clinic; Samaritan Depoe Bay Clinic; Samaritan Family Medicine - Brownsville; Samaritan Family Medicine - Main St; Samaritan Family Medicine Resident Clinic – Lebanon; Samaritan Health Center-Newport; Samaritan Lebanon Community Hospital Medical Clinic Sweet Home; Samaritan Lebanon Health Center; Samaritan Lincoln City Medical Center; Samaritan Toledo Clinic; Samaritan Urgent Care Walk-In Clinic - Lebanon; Samaritan Waldport Clinic; Santiam Internal Medicine Clinic; Santiam Medical Associates; Santiam Medical Clinic; Sherman County Medical Clinic; Siskiyou Pediatric Clinic, LLP; South Gilliam Health Center; St. Alphonsus Family Medicine Clinic; St. Charles Family Care Prineville; St. Lukes Clinic-Eastern Oregon Medical Associates; Strawberry Wilderness Community Clinic; Sublimity Medical Clinic; Thrivewell Clinic; Umpqua Health Newton Creek; UrgentCare NW Astoria PC; Wallowa Memorial Medical Clinic - Downtown; Wallowa Memorial Medical Clinic - Enterprise; Wallowa Memorial Medical Clinic - Joseph; Wallowa Memorial Medical Clinic - Wallowa; Warner Mountain Medical Clinic; Water's Edge Medical Clinic; West Hills Family Care; Women's Healthcare Associates; Woodburn Pediatric Clinic",SEMICOLON,102,65,Providence Seaside Clinic,TRUE,10000000,"RCJ published one amount for a field naming 102 recipients. This is the FIELD total, NOT this recipient's award. Never divide it (§6.2) - no source states how it splits.",OR - 2026 - What is the RHTP?,https://www.ruralcarejourney.com/api/documents/f6c8e968-6eea-426b-b4bd-faf617e0c220/file,NA,"§6.2: semicolon-delimited awardeeName naming 102 recipients, 61 of which pass the §6.1 legal-entity test. One candidate per fragment, routed to review -- the split is a guess about the state's formatting, not a fact. The amount is the FIELD total and is never divided."
303bc50f-2cda-4e0c-a785-98bb4b3c69ac,OR,Oregon,SUBAWARD,"Adventist Health – Estacada; Adventist Health – Manzanita; Adventist Health – Pacific City; Adventist Health – Vernonia; Adventist Health Specialty Clinic; Adventist Health Women’s and Family Health; Aumsville Medical Clinic; Cascade Medical Clinic; CHI St. Anthony Hospital Family Clinic; CMH Astoria Primary Care Clinic; CMH Primary Care & Urgent Care-Seaside; CMH Warrenton Primary Care Clinic; Coastal Health Practitioners; Columbia Gorge Family Medicine; Columbia River Women's Center; Curry Family Medical; Curry Medical North; Dallas Family Care; Dunes Family Health Care; Evergreen Family Medicine; Evergreen Family Medicine - Sutherlin; Evergreen Family Medicine (Harvard); Evergreen Family Medicine South; Family Health Associates; Family Health Associates Umatilla Clinic; Good Shepherd Medical Group; Grande Ronde Hospital Elgin Clinic; Grande Ronde Hospital Regional Medical Clinic; Grande Ronde Hospital Union Clinic; Grande Ronde Hospital Urgent Care; Grande Ronde Hospital Womens & Childrens Clinic; Grant County Health Department; Harney County Health Department; Harney District Hospital Family Care; Ione Community Clinic; Irrigon Medical Clinic; La Grande Family Medicine; Lake Health Clinic; Legacy Medical Group - Firwood; Legacy Medical Group - Mt. Angel; Legacy Medical Group - Silverton; Legacy Medical Group - St Helens; Legacy Medical Group - Woodburn Health Center; Madras Medical Group; Malheur Memorial Health Center; MCMC Family Medicine; McMinnville Internal Medicine; North Bend Medical Center Bandon; North Bend Medical Center, Inc Immediate Care; Oak Street Health Care Center; OHSU Primary Care Clinic, Scappoose; Orchid Health; Orchid Health Fern Ridge Clinic; Orchid Health McKenzie River Clinic; Orchid Health Wade Creek Clinic; Oregon Integrated Health - Florence; Park Street Clinic; Pediatric Specialists of Pendleton; Pendleton Family Medicine; Pine Eagle Clinic; Pioneer Memorial Clinic; Providence Cannon Beach Clinic; Providence Internal Medicine - Hood River; Providence Seaside Clinic; Providence Warrenton Clinic; Salem Health Medical Clinic Woodburn; Samaritan Coastal Clinic; Samaritan Depoe Bay Clinic; Samaritan Family Medicine - Brownsville; Samaritan Family Medicine - Main St; Samaritan Family Medicine Resident Clinic – Lebanon; Samaritan Health Center-Newport; Samaritan Lebanon Community Hospital Medical Clinic Sweet Home; Samaritan Lebanon Health Center; Samaritan Lincoln City Medical Center; Samaritan Toledo Clinic; Samaritan Urgent Care Walk-In Clinic - Lebanon; Samaritan Waldport Clinic; Santiam Internal Medicine Clinic; Santiam Medical Associates; Santiam Medical Clinic; Sherman County Medical Clinic; Siskiyou Pediatric Clinic, LLP; South Gilliam Health Center; St. Alphonsus Family Medicine Clinic; St. Charles Family Care Prineville; St. Lukes Clinic-Eastern Oregon Medical Associates; Strawberry Wilderness Community Clinic; Sublimity Medical Clinic; Thrivewell Clinic; Umpqua Health Newton Creek; UrgentCare NW Astoria PC; Wallowa Memorial Medical Clinic - Downtown; Wallowa Memorial Medical Clinic - Enterprise; Wallowa Memorial Medical Clinic - Joseph; Wallowa Memorial Medical Clinic - Wallowa; Warner Mountain Medical Clinic; Water's Edge Medical Clinic; West Hills Family Care; Women's Healthcare Associates; Woodburn Pediatric Clinic",SEMICOLON,102,66,Providence Warrenton Clinic,TRUE,10000000,"RCJ published one amount for a field naming 102 recipients. This is the FIELD total, NOT this recipient's award. Never divide it (§6.2) - no source states how it splits.",OR - 2026 - What is the RHTP?,https://www.ruralcarejourney.com/api/documents/f6c8e968-6eea-426b-b4bd-faf617e0c220/file,NA,"§6.2: semicolon-delimited awardeeName naming 102 recipients, 61 of which pass the §6.1 legal-entity test. One candidate per fragment, routed to review -- the split is a guess about the state's formatting, not a fact. The amount is the FIELD total and is never divided."
303bc50f-2cda-4e0c-a785-98bb4b3c69ac,OR,Oregon,SUBAWARD,"Adventist Health – Estacada; Adventist Health – Manzanita; Adventist Health – Pacific City; Adventist Health – Vernonia; Adventist Health Specialty Clinic; Adventist Health Women’s and Family Health; Aumsville Medical Clinic; Cascade Medical Clinic; CHI St. Anthony Hospital Family Clinic; CMH Astoria Primary Care Clinic; CMH Primary Care & Urgent Care-Seaside; CMH Warrenton Primary Care Clinic; Coastal Health Practitioners; Columbia Gorge Family Medicine; Columbia River Women's Center; Curry Family Medical; Curry Medical North; Dallas Family Care; Dunes Family Health Care; Evergreen Family Medicine; Evergreen Family Medicine - Sutherlin; Evergreen Family Medicine (Harvard); Evergreen Family Medicine South; Family Health Associates; Family Health Associates Umatilla Clinic; Good Shepherd Medical Group; Grande Ronde Hospital Elgin Clinic; Grande Ronde Hospital Regional Medical Clinic; Grande Ronde Hospital Union Clinic; Grande Ronde Hospital Urgent Care; Grande Ronde Hospital Womens & Childrens Clinic; Grant County Health Department; Harney County Health Department; Harney District Hospital Family Care; Ione Community Clinic; Irrigon Medical Clinic; La Grande Family Medicine; Lake Health Clinic; Legacy Medical Group - Firwood; Legacy Medical Group - Mt. Angel; Legacy Medical Group - Silverton; Legacy Medical Group - St Helens; Legacy Medical Group - Woodburn Health Center; Madras Medical Group; Malheur Memorial Health Center; MCMC Family Medicine; McMinnville Internal Medicine; North Bend Medical Center Bandon; North Bend Medical Center, Inc Immediate Care; Oak Street Health Care Center; OHSU Primary Care Clinic, Scappoose; Orchid Health; Orchid Health Fern Ridge Clinic; Orchid Health McKenzie River Clinic; Orchid Health Wade Creek Clinic; Oregon Integrated Health - Florence; Park Street Clinic; Pediatric Specialists of Pendleton; Pendleton Family Medicine; Pine Eagle Clinic; Pioneer Memorial Clinic; Providence Cannon Beach Clinic; Providence Internal Medicine - Hood River; Providence Seaside Clinic; Providence Warrenton Clinic; Salem Health Medical Clinic Woodburn; Samaritan Coastal Clinic; Samaritan Depoe Bay Clinic; Samaritan Family Medicine - Brownsville; Samaritan Family Medicine - Main St; Samaritan Family Medicine Resident Clinic – Lebanon; Samaritan Health Center-Newport; Samaritan Lebanon Community Hospital Medical Clinic Sweet Home; Samaritan Lebanon Health Center; Samaritan Lincoln City Medical Center; Samaritan Toledo Clinic; Samaritan Urgent Care Walk-In Clinic - Lebanon; Samaritan Waldport Clinic; Santiam Internal Medicine Clinic; Santiam Medical Associates; Santiam Medical Clinic; Sherman County Medical Clinic; Siskiyou Pediatric Clinic, LLP; South Gilliam Health Center; St. Alphonsus Family Medicine Clinic; St. Charles Family Care Prineville; St. Lukes Clinic-Eastern Oregon Medical Associates; Strawberry Wilderness Community Clinic; Sublimity Medical Clinic; Thrivewell Clinic; Umpqua Health Newton Creek; UrgentCare NW Astoria PC; Wallowa Memorial Medical Clinic - Downtown; Wallowa Memorial Medical Clinic - Enterprise; Wallowa Memorial Medical Clinic - Joseph; Wallowa Memorial Medical Clinic - Wallowa; Warner Mountain Medical Clinic; Water's Edge Medical Clinic; West Hills Family Care; Women's Healthcare Associates; Woodburn Pediatric Clinic",SEMICOLON,102,67,Salem Health Medical Clinic Woodburn,TRUE,10000000,"RCJ published one amount for a field naming 102 recipients. This is the FIELD total, NOT this recipient's award. Never divide it (§6.2) - no source states how it splits.",OR - 2026 - What is the RHTP?,https://www.ruralcarejourney.com/api/documents/f6c8e968-6eea-426b-b4bd-faf617e0c220/file,NA,"§6.2: semicolon-delimited awardeeName naming 102 recipients, 61 of which pass the §6.1 legal-entity test. One candidate per fragment, routed to review -- the split is a guess about the state's formatting, not a fact. The amount is the FIELD total and is never divided."
303bc50f-2cda-4e0c-a785-98bb4b3c69ac,OR,Oregon,SUBAWARD,"Adventist Health – Estacada; Adventist Health – Manzanita; Adventist Health – Pacific City; Adventist Health – Vernonia; Adventist Health Specialty Clinic; Adventist Health Women’s and Family Health; Aumsville Medical Clinic; Cascade Medical Clinic; CHI St. Anthony Hospital Family Clinic; CMH Astoria Primary Care Clinic; CMH Primary Care & Urgent Care-Seaside; CMH Warrenton Primary Care Clinic; Coastal Health Practitioners; Columbia Gorge Family Medicine; Columbia River Women's Center; Curry Family Medical; Curry Medical North; Dallas Family Care; Dunes Family Health Care; Evergreen Family Medicine; Evergreen Family Medicine - Sutherlin; Evergreen Family Medicine (Harvard); Evergreen Family Medicine South; Family Health Associates; Family Health Associates Umatilla Clinic; Good Shepherd Medical Group; Grande Ronde Hospital Elgin Clinic; Grande Ronde Hospital Regional Medical Clinic; Grande Ronde Hospital Union Clinic; Grande Ronde Hospital Urgent Care; Grande Ronde Hospital Womens & Childrens Clinic; Grant County Health Department; Harney County Health Department; Harney District Hospital Family Care; Ione Community Clinic; Irrigon Medical Clinic; La Grande Family Medicine; Lake Health Clinic; Legacy Medical Group - Firwood; Legacy Medical Group - Mt. Angel; Legacy Medical Group - Silverton; Legacy Medical Group - St Helens; Legacy Medical Group - Woodburn Health Center; Madras Medical Group; Malheur Memorial Health Center; MCMC Family Medicine; McMinnville Internal Medicine; North Bend Medical Center Bandon; North Bend Medical Center, Inc Immediate Care; Oak Street Health Care Center; OHSU Primary Care Clinic, Scappoose; Orchid Health; Orchid Health Fern Ridge Clinic; Orchid Health McKenzie River Clinic; Orchid Health Wade Creek Clinic; Oregon Integrated Health - Florence; Park Street Clinic; Pediatric Specialists of Pendleton; Pendleton Family Medicine; Pine Eagle Clinic; Pioneer Memorial Clinic; Providence Cannon Beach Clinic; Providence Internal Medicine - Hood River; Providence Seaside Clinic; Providence Warrenton Clinic; Salem Health Medical Clinic Woodburn; Samaritan Coastal Clinic; Samaritan Depoe Bay Clinic; Samaritan Family Medicine - Brownsville; Samaritan Family Medicine - Main St; Samaritan Family Medicine Resident Clinic – Lebanon; Samaritan Health Center-Newport; Samaritan Lebanon Community Hospital Medical Clinic Sweet Home; Samaritan Lebanon Health Center; Samaritan Lincoln City Medical Center; Samaritan Toledo Clinic; Samaritan Urgent Care Walk-In Clinic - Lebanon; Samaritan Waldport Clinic; Santiam Internal Medicine Clinic; Santiam Medical Associates; Santiam Medical Clinic; Sherman County Medical Clinic; Siskiyou Pediatric Clinic, LLP; South Gilliam Health Center; St. Alphonsus Family Medicine Clinic; St. Charles Family Care Prineville; St. Lukes Clinic-Eastern Oregon Medical Associates; Strawberry Wilderness Community Clinic; Sublimity Medical Clinic; Thrivewell Clinic; Umpqua Health Newton Creek; UrgentCare NW Astoria PC; Wallowa Memorial Medical Clinic - Downtown; Wallowa Memorial Medical Clinic - Enterprise; Wallowa Memorial Medical Clinic - Joseph; Wallowa Memorial Medical Clinic - Wallowa; Warner Mountain Medical Clinic; Water's Edge Medical Clinic; West Hills Family Care; Women's Healthcare Associates; Woodburn Pediatric Clinic",SEMICOLON,102,68,Samaritan Coastal Clinic,TRUE,10000000,"RCJ published one amount for a field naming 102 recipients. This is the FIELD total, NOT this recipient's award. Never divide it (§6.2) - no source states how it splits.",OR - 2026 - What is the RHTP?,https://www.ruralcarejourney.com/api/documents/f6c8e968-6eea-426b-b4bd-faf617e0c220/file,NA,"§6.2: semicolon-delimited awardeeName naming 102 recipients, 61 of which pass the §6.1 legal-entity test. One candidate per fragment, routed to review -- the split is a guess about the state's formatting, not a fact. The amount is the FIELD total and is never divided."
303bc50f-2cda-4e0c-a785-98bb4b3c69ac,OR,Oregon,SUBAWARD,"Adventist Health – Estacada; Adventist Health – Manzanita; Adventist Health – Pacific City; Adventist Health – Vernonia; Adventist Health Specialty Clinic; Adventist Health Women’s and Family Health; Aumsville Medical Clinic; Cascade Medical Clinic; CHI St. Anthony Hospital Family Clinic; CMH Astoria Primary Care Clinic; CMH Primary Care & Urgent Care-Seaside; CMH Warrenton Primary Care Clinic; Coastal Health Practitioners; Columbia Gorge Family Medicine; Columbia River Women's Center; Curry Family Medical; Curry Medical North; Dallas Family Care; Dunes Family Health Care; Evergreen Family Medicine; Evergreen Family Medicine - Sutherlin; Evergreen Family Medicine (Harvard); Evergreen Family Medicine South; Family Health Associates; Family Health Associates Umatilla Clinic; Good Shepherd Medical Group; Grande Ronde Hospital Elgin Clinic; Grande Ronde Hospital Regional Medical Clinic; Grande Ronde Hospital Union Clinic; Grande Ronde Hospital Urgent Care; Grande Ronde Hospital Womens & Childrens Clinic; Grant County Health Department; Harney County Health Department; Harney District Hospital Family Care; Ione Community Clinic; Irrigon Medical Clinic; La Grande Family Medicine; Lake Health Clinic; Legacy Medical Group - Firwood; Legacy Medical Group - Mt. Angel; Legacy Medical Group - Silverton; Legacy Medical Group - St Helens; Legacy Medical Group - Woodburn Health Center; Madras Medical Group; Malheur Memorial Health Center; MCMC Family Medicine; McMinnville Internal Medicine; North Bend Medical Center Bandon; North Bend Medical Center, Inc Immediate Care; Oak Street Health Care Center; OHSU Primary Care Clinic, Scappoose; Orchid Health; Orchid Health Fern Ridge Clinic; Orchid Health McKenzie River Clinic; Orchid Health Wade Creek Clinic; Oregon Integrated Health - Florence; Park Street Clinic; Pediatric Specialists of Pendleton; Pendleton Family Medicine; Pine Eagle Clinic; Pioneer Memorial Clinic; Providence Cannon Beach Clinic; Providence Internal Medicine - Hood River; Providence Seaside Clinic; Providence Warrenton Clinic; Salem Health Medical Clinic Woodburn; Samaritan Coastal Clinic; Samaritan Depoe Bay Clinic; Samaritan Family Medicine - Brownsville; Samaritan Family Medicine - Main St; Samaritan Family Medicine Resident Clinic – Lebanon; Samaritan Health Center-Newport; Samaritan Lebanon Community Hospital Medical Clinic Sweet Home; Samaritan Lebanon Health Center; Samaritan Lincoln City Medical Center; Samaritan Toledo Clinic; Samaritan Urgent Care Walk-In Clinic - Lebanon; Samaritan Waldport Clinic; Santiam Internal Medicine Clinic; Santiam Medical Associates; Santiam Medical Clinic; Sherman County Medical Clinic; Siskiyou Pediatric Clinic, LLP; South Gilliam Health Center; St. Alphonsus Family Medicine Clinic; St. Charles Family Care Prineville; St. Lukes Clinic-Eastern Oregon Medical Associates; Strawberry Wilderness Community Clinic; Sublimity Medical Clinic; Thrivewell Clinic; Umpqua Health Newton Creek; UrgentCare NW Astoria PC; Wallowa Memorial Medical Clinic - Downtown; Wallowa Memorial Medical Clinic - Enterprise; Wallowa Memorial Medical Clinic - Joseph; Wallowa Memorial Medical Clinic - Wallowa; Warner Mountain Medical Clinic; Water's Edge Medical Clinic; West Hills Family Care; Women's Healthcare Associates; Woodburn Pediatric Clinic",SEMICOLON,102,69,Samaritan Depoe Bay Clinic,TRUE,10000000,"RCJ published one amount for a field naming 102 recipients. This is the FIELD total, NOT this recipient's award. Never divide it (§6.2) - no source states how it splits.",OR - 2026 - What is the RHTP?,https://www.ruralcarejourney.com/api/documents/f6c8e968-6eea-426b-b4bd-faf617e0c220/file,NA,"§6.2: semicolon-delimited awardeeName naming 102 recipients, 61 of which pass the §6.1 legal-entity test. One candidate per fragment, routed to review -- the split is a guess about the state's formatting, not a fact. The amount is the FIELD total and is never divided."
303bc50f-2cda-4e0c-a785-98bb4b3c69ac,OR,Oregon,SUBAWARD,"Adventist Health – Estacada; Adventist Health – Manzanita; Adventist Health – Pacific City; Adventist Health – Vernonia; Adventist Health Specialty Clinic; Adventist Health Women’s and Family Health; Aumsville Medical Clinic; Cascade Medical Clinic; CHI St. Anthony Hospital Family Clinic; CMH Astoria Primary Care Clinic; CMH Primary Care & Urgent Care-Seaside; CMH Warrenton Primary Care Clinic; Coastal Health Practitioners; Columbia Gorge Family Medicine; Columbia River Women's Center; Curry Family Medical; Curry Medical North; Dallas Family Care; Dunes Family Health Care; Evergreen Family Medicine; Evergreen Family Medicine - Sutherlin; Evergreen Family Medicine (Harvard); Evergreen Family Medicine South; Family Health Associates; Family Health Associates Umatilla Clinic; Good Shepherd Medical Group; Grande Ronde Hospital Elgin Clinic; Grande Ronde Hospital Regional Medical Clinic; Grande Ronde Hospital Union Clinic; Grande Ronde Hospital Urgent Care; Grande Ronde Hospital Womens & Childrens Clinic; Grant County Health Department; Harney County Health Department; Harney District Hospital Family Care; Ione Community Clinic; Irrigon Medical Clinic; La Grande Family Medicine; Lake Health Clinic; Legacy Medical Group - Firwood; Legacy Medical Group - Mt. Angel; Legacy Medical Group - Silverton; Legacy Medical Group - St Helens; Legacy Medical Group - Woodburn Health Center; Madras Medical Group; Malheur Memorial Health Center; MCMC Family Medicine; McMinnville Internal Medicine; North Bend Medical Center Bandon; North Bend Medical Center, Inc Immediate Care; Oak Street Health Care Center; OHSU Primary Care Clinic, Scappoose; Orchid Health; Orchid Health Fern Ridge Clinic; Orchid Health McKenzie River Clinic; Orchid Health Wade Creek Clinic; Oregon Integrated Health - Florence; Park Street Clinic; Pediatric Specialists of Pendleton; Pendleton Family Medicine; Pine Eagle Clinic; Pioneer Memorial Clinic; Providence Cannon Beach Clinic; Providence Internal Medicine - Hood River; Providence Seaside Clinic; Providence Warrenton Clinic; Salem Health Medical Clinic Woodburn; Samaritan Coastal Clinic; Samaritan Depoe Bay Clinic; Samaritan Family Medicine - Brownsville; Samaritan Family Medicine - Main St; Samaritan Family Medicine Resident Clinic – Lebanon; Samaritan Health Center-Newport; Samaritan Lebanon Community Hospital Medical Clinic Sweet Home; Samaritan Lebanon Health Center; Samaritan Lincoln City Medical Center; Samaritan Toledo Clinic; Samaritan Urgent Care Walk-In Clinic - Lebanon; Samaritan Waldport Clinic; Santiam Internal Medicine Clinic; Santiam Medical Associates; Santiam Medical Clinic; Sherman County Medical Clinic; Siskiyou Pediatric Clinic, LLP; South Gilliam Health Center; St. Alphonsus Family Medicine Clinic; St. Charles Family Care Prineville; St. Lukes Clinic-Eastern Oregon Medical Associates; Strawberry Wilderness Community Clinic; Sublimity Medical Clinic; Thrivewell Clinic; Umpqua Health Newton Creek; UrgentCare NW Astoria PC; Wallowa Memorial Medical Clinic - Downtown; Wallowa Memorial Medical Clinic - Enterprise; Wallowa Memorial Medical Clinic - Joseph; Wallowa Memorial Medical Clinic - Wallowa; Warner Mountain Medical Clinic; Water's Edge Medical Clinic; West Hills Family Care; Women's Healthcare Associates; Woodburn Pediatric Clinic",SEMICOLON,102,70,Samaritan Family Medicine - Brownsville,FALSE,10000000,"RCJ published one amount for a field naming 102 recipients. This is the FIELD total, NOT this recipient's award. Never divide it (§6.2) - no source states how it splits.",OR - 2026 - What is the RHTP?,https://www.ruralcarejourney.com/api/documents/f6c8e968-6eea-426b-b4bd-faf617e0c220/file,NA,"§6.2: semicolon-delimited awardeeName naming 102 recipients, 61 of which pass the §6.1 legal-entity test. One candidate per fragment, routed to review -- the split is a guess about the state's formatting, not a fact. The amount is the FIELD total and is never divided."
303bc50f-2cda-4e0c-a785-98bb4b3c69ac,OR,Oregon,SUBAWARD,"Adventist Health – Estacada; Adventist Health – Manzanita; Adventist Health – Pacific City; Adventist Health – Vernonia; Adventist Health Specialty Clinic; Adventist Health Women’s and Family Health; Aumsville Medical Clinic; Cascade Medical Clinic; CHI St. Anthony Hospital Family Clinic; CMH Astoria Primary Care Clinic; CMH Primary Care & Urgent Care-Seaside; CMH Warrenton Primary Care Clinic; Coastal Health Practitioners; Columbia Gorge Family Medicine; Columbia River Women's Center; Curry Family Medical; Curry Medical North; Dallas Family Care; Dunes Family Health Care; Evergreen Family Medicine; Evergreen Family Medicine - Sutherlin; Evergreen Family Medicine (Harvard); Evergreen Family Medicine South; Family Health Associates; Family Health Associates Umatilla Clinic; Good Shepherd Medical Group; Grande Ronde Hospital Elgin Clinic; Grande Ronde Hospital Regional Medical Clinic; Grande Ronde Hospital Union Clinic; Grande Ronde Hospital Urgent Care; Grande Ronde Hospital Womens & Childrens Clinic; Grant County Health Department; Harney County Health Department; Harney District Hospital Family Care; Ione Community Clinic; Irrigon Medical Clinic; La Grande Family Medicine; Lake Health Clinic; Legacy Medical Group - Firwood; Legacy Medical Group - Mt. Angel; Legacy Medical Group - Silverton; Legacy Medical Group - St Helens; Legacy Medical Group - Woodburn Health Center; Madras Medical Group; Malheur Memorial Health Center; MCMC Family Medicine; McMinnville Internal Medicine; North Bend Medical Center Bandon; North Bend Medical Center, Inc Immediate Care; Oak Street Health Care Center; OHSU Primary Care Clinic, Scappoose; Orchid Health; Orchid Health Fern Ridge Clinic; Orchid Health McKenzie River Clinic; Orchid Health Wade Creek Clinic; Oregon Integrated Health - Florence; Park Street Clinic; Pediatric Specialists of Pendleton; Pendleton Family Medicine; Pine Eagle Clinic; Pioneer Memorial Clinic; Providence Cannon Beach Clinic; Providence Internal Medicine - Hood River; Providence Seaside Clinic; Providence Warrenton Clinic; Salem Health Medical Clinic Woodburn; Samaritan Coastal Clinic; Samaritan Depoe Bay Clinic; Samaritan Family Medicine - Brownsville; Samaritan Family Medicine - Main St; Samaritan Family Medicine Resident Clinic – Lebanon; Samaritan Health Center-Newport; Samaritan Lebanon Community Hospital Medical Clinic Sweet Home; Samaritan Lebanon Health Center; Samaritan Lincoln City Medical Center; Samaritan Toledo Clinic; Samaritan Urgent Care Walk-In Clinic - Lebanon; Samaritan Waldport Clinic; Santiam Internal Medicine Clinic; Santiam Medical Associates; Santiam Medical Clinic; Sherman County Medical Clinic; Siskiyou Pediatric Clinic, LLP; South Gilliam Health Center; St. Alphonsus Family Medicine Clinic; St. Charles Family Care Prineville; St. Lukes Clinic-Eastern Oregon Medical Associates; Strawberry Wilderness Community Clinic; Sublimity Medical Clinic; Thrivewell Clinic; Umpqua Health Newton Creek; UrgentCare NW Astoria PC; Wallowa Memorial Medical Clinic - Downtown; Wallowa Memorial Medical Clinic - Enterprise; Wallowa Memorial Medical Clinic - Joseph; Wallowa Memorial Medical Clinic - Wallowa; Warner Mountain Medical Clinic; Water's Edge Medical Clinic; West Hills Family Care; Women's Healthcare Associates; Woodburn Pediatric Clinic",SEMICOLON,102,71,Samaritan Family Medicine - Main St,FALSE,10000000,"RCJ published one amount for a field naming 102 recipients. This is the FIELD total, NOT this recipient's award. Never divide it (§6.2) - no source states how it splits.",OR - 2026 - What is the RHTP?,https://www.ruralcarejourney.com/api/documents/f6c8e968-6eea-426b-b4bd-faf617e0c220/file,NA,"§6.2: semicolon-delimited awardeeName naming 102 recipients, 61 of which pass the §6.1 legal-entity test. One candidate per fragment, routed to review -- the split is a guess about the state's formatting, not a fact. The amount is the FIELD total and is never divided."
303bc50f-2cda-4e0c-a785-98bb4b3c69ac,OR,Oregon,SUBAWARD,"Adventist Health – Estacada; Adventist Health – Manzanita; Adventist Health – Pacific City; Adventist Health – Vernonia; Adventist Health Specialty Clinic; Adventist Health Women’s and Family Health; Aumsville Medical Clinic; Cascade Medical Clinic; CHI St. Anthony Hospital Family Clinic; CMH Astoria Primary Care Clinic; CMH Primary Care & Urgent Care-Seaside; CMH Warrenton Primary Care Clinic; Coastal Health Practitioners; Columbia Gorge Family Medicine; Columbia River Women's Center; Curry Family Medical; Curry Medical North; Dallas Family Care; Dunes Family Health Care; Evergreen Family Medicine; Evergreen Family Medicine - Sutherlin; Evergreen Family Medicine (Harvard); Evergreen Family Medicine South; Family Health Associates; Family Health Associates Umatilla Clinic; Good Shepherd Medical Group; Grande Ronde Hospital Elgin Clinic; Grande Ronde Hospital Regional Medical Clinic; Grande Ronde Hospital Union Clinic; Grande Ronde Hospital Urgent Care; Grande Ronde Hospital Womens & Childrens Clinic; Grant County Health Department; Harney County Health Department; Harney District Hospital Family Care; Ione Community Clinic; Irrigon Medical Clinic; La Grande Family Medicine; Lake Health Clinic; Legacy Medical Group - Firwood; Legacy Medical Group - Mt. Angel; Legacy Medical Group - Silverton; Legacy Medical Group - St Helens; Legacy Medical Group - Woodburn Health Center; Madras Medical Group; Malheur Memorial Health Center; MCMC Family Medicine; McMinnville Internal Medicine; North Bend Medical Center Bandon; North Bend Medical Center, Inc Immediate Care; Oak Street Health Care Center; OHSU Primary Care Clinic, Scappoose; Orchid Health; Orchid Health Fern Ridge Clinic; Orchid Health McKenzie River Clinic; Orchid Health Wade Creek Clinic; Oregon Integrated Health - Florence; Park Street Clinic; Pediatric Specialists of Pendleton; Pendleton Family Medicine; Pine Eagle Clinic; Pioneer Memorial Clinic; Providence Cannon Beach Clinic; Providence Internal Medicine - Hood River; Providence Seaside Clinic; Providence Warrenton Clinic; Salem Health Medical Clinic Woodburn; Samaritan Coastal Clinic; Samaritan Depoe Bay Clinic; Samaritan Family Medicine - Brownsville; Samaritan Family Medicine - Main St; Samaritan Family Medicine Resident Clinic – Lebanon; Samaritan Health Center-Newport; Samaritan Lebanon Community Hospital Medical Clinic Sweet Home; Samaritan Lebanon Health Center; Samaritan Lincoln City Medical Center; Samaritan Toledo Clinic; Samaritan Urgent Care Walk-In Clinic - Lebanon; Samaritan Waldport Clinic; Santiam Internal Medicine Clinic; Santiam Medical Associates; Santiam Medical Clinic; Sherman County Medical Clinic; Siskiyou Pediatric Clinic, LLP; South Gilliam Health Center; St. Alphonsus Family Medicine Clinic; St. Charles Family Care Prineville; St. Lukes Clinic-Eastern Oregon Medical Associates; Strawberry Wilderness Community Clinic; Sublimity Medical Clinic; Thrivewell Clinic; Umpqua Health Newton Creek; UrgentCare NW Astoria PC; Wallowa Memorial Medical Clinic - Downtown; Wallowa Memorial Medical Clinic - Enterprise; Wallowa Memorial Medical Clinic - Joseph; Wallowa Memorial Medical Clinic - Wallowa; Warner Mountain Medical Clinic; Water's Edge Medical Clinic; West Hills Family Care; Women's Healthcare Associates; Woodburn Pediatric Clinic",SEMICOLON,102,72,Samaritan Family Medicine Resident Clinic - Lebanon,TRUE,10000000,"RCJ published one amount for a field naming 102 recipients. This is the FIELD total, NOT this recipient's award. Never divide it (§6.2) - no source states how it splits.",OR - 2026 - What is the RHTP?,https://www.ruralcarejourney.com/api/documents/f6c8e968-6eea-426b-b4bd-faf617e0c220/file,NA,"§6.2: semicolon-delimited awardeeName naming 102 recipients, 61 of which pass the §6.1 legal-entity test. One candidate per fragment, routed to review -- the split is a guess about the state's formatting, not a fact. The amount is the FIELD total and is never divided."
303bc50f-2cda-4e0c-a785-98bb4b3c69ac,OR,Oregon,SUBAWARD,"Adventist Health – Estacada; Adventist Health – Manzanita; Adventist Health – Pacific City; Adventist Health – Vernonia; Adventist Health Specialty Clinic; Adventist Health Women’s and Family Health; Aumsville Medical Clinic; Cascade Medical Clinic; CHI St. Anthony Hospital Family Clinic; CMH Astoria Primary Care Clinic; CMH Primary Care & Urgent Care-Seaside; CMH Warrenton Primary Care Clinic; Coastal Health Practitioners; Columbia Gorge Family Medicine; Columbia River Women's Center; Curry Family Medical; Curry Medical North; Dallas Family Care; Dunes Family Health Care; Evergreen Family Medicine; Evergreen Family Medicine - Sutherlin; Evergreen Family Medicine (Harvard); Evergreen Family Medicine South; Family Health Associates; Family Health Associates Umatilla Clinic; Good Shepherd Medical Group; Grande Ronde Hospital Elgin Clinic; Grande Ronde Hospital Regional Medical Clinic; Grande Ronde Hospital Union Clinic; Grande Ronde Hospital Urgent Care; Grande Ronde Hospital Womens & Childrens Clinic; Grant County Health Department; Harney County Health Department; Harney District Hospital Family Care; Ione Community Clinic; Irrigon Medical Clinic; La Grande Family Medicine; Lake Health Clinic; Legacy Medical Group - Firwood; Legacy Medical Group - Mt. Angel; Legacy Medical Group - Silverton; Legacy Medical Group - St Helens; Legacy Medical Group - Woodburn Health Center; Madras Medical Group; Malheur Memorial Health Center; MCMC Family Medicine; McMinnville Internal Medicine; North Bend Medical Center Bandon; North Bend Medical Center, Inc Immediate Care; Oak Street Health Care Center; OHSU Primary Care Clinic, Scappoose; Orchid Health; Orchid Health Fern Ridge Clinic; Orchid Health McKenzie River Clinic; Orchid Health Wade Creek Clinic; Oregon Integrated Health - Florence; Park Street Clinic; Pediatric Specialists of Pendleton; Pendleton Family Medicine; Pine Eagle Clinic; Pioneer Memorial Clinic; Providence Cannon Beach Clinic; Providence Internal Medicine - Hood River; Providence Seaside Clinic; Providence Warrenton Clinic; Salem Health Medical Clinic Woodburn; Samaritan Coastal Clinic; Samaritan Depoe Bay Clinic; Samaritan Family Medicine - Brownsville; Samaritan Family Medicine - Main St; Samaritan Family Medicine Resident Clinic – Lebanon; Samaritan Health Center-Newport; Samaritan Lebanon Community Hospital Medical Clinic Sweet Home; Samaritan Lebanon Health Center; Samaritan Lincoln City Medical Center; Samaritan Toledo Clinic; Samaritan Urgent Care Walk-In Clinic - Lebanon; Samaritan Waldport Clinic; Santiam Internal Medicine Clinic; Santiam Medical Associates; Santiam Medical Clinic; Sherman County Medical Clinic; Siskiyou Pediatric Clinic, LLP; South Gilliam Health Center; St. Alphonsus Family Medicine Clinic; St. Charles Family Care Prineville; St. Lukes Clinic-Eastern Oregon Medical Associates; Strawberry Wilderness Community Clinic; Sublimity Medical Clinic; Thrivewell Clinic; Umpqua Health Newton Creek; UrgentCare NW Astoria PC; Wallowa Memorial Medical Clinic - Downtown; Wallowa Memorial Medical Clinic - Enterprise; Wallowa Memorial Medical Clinic - Joseph; Wallowa Memorial Medical Clinic - Wallowa; Warner Mountain Medical Clinic; Water's Edge Medical Clinic; West Hills Family Care; Women's Healthcare Associates; Woodburn Pediatric Clinic",SEMICOLON,102,73,Samaritan Health Center-Newport,TRUE,10000000,"RCJ published one amount for a field naming 102 recipients. This is the FIELD total, NOT this recipient's award. Never divide it (§6.2) - no source states how it splits.",OR - 2026 - What is the RHTP?,https://www.ruralcarejourney.com/api/documents/f6c8e968-6eea-426b-b4bd-faf617e0c220/file,NA,"§6.2: semicolon-delimited awardeeName naming 102 recipients, 61 of which pass the §6.1 legal-entity test. One candidate per fragment, routed to review -- the split is a guess about the state's formatting, not a fact. The amount is the FIELD total and is never divided."
303bc50f-2cda-4e0c-a785-98bb4b3c69ac,OR,Oregon,SUBAWARD,"Adventist Health – Estacada; Adventist Health – Manzanita; Adventist Health – Pacific City; Adventist Health – Vernonia; Adventist Health Specialty Clinic; Adventist Health Women’s and Family Health; Aumsville Medical Clinic; Cascade Medical Clinic; CHI St. Anthony Hospital Family Clinic; CMH Astoria Primary Care Clinic; CMH Primary Care & Urgent Care-Seaside; CMH Warrenton Primary Care Clinic; Coastal Health Practitioners; Columbia Gorge Family Medicine; Columbia River Women's Center; Curry Family Medical; Curry Medical North; Dallas Family Care; Dunes Family Health Care; Evergreen Family Medicine; Evergreen Family Medicine - Sutherlin; Evergreen Family Medicine (Harvard); Evergreen Family Medicine South; Family Health Associates; Family Health Associates Umatilla Clinic; Good Shepherd Medical Group; Grande Ronde Hospital Elgin Clinic; Grande Ronde Hospital Regional Medical Clinic; Grande Ronde Hospital Union Clinic; Grande Ronde Hospital Urgent Care; Grande Ronde Hospital Womens & Childrens Clinic; Grant County Health Department; Harney County Health Department; Harney District Hospital Family Care; Ione Community Clinic; Irrigon Medical Clinic; La Grande Family Medicine; Lake Health Clinic; Legacy Medical Group - Firwood; Legacy Medical Group - Mt. Angel; Legacy Medical Group - Silverton; Legacy Medical Group - St Helens; Legacy Medical Group - Woodburn Health Center; Madras Medical Group; Malheur Memorial Health Center; MCMC Family Medicine; McMinnville Internal Medicine; North Bend Medical Center Bandon; North Bend Medical Center, Inc Immediate Care; Oak Street Health Care Center; OHSU Primary Care Clinic, Scappoose; Orchid Health; Orchid Health Fern Ridge Clinic; Orchid Health McKenzie River Clinic; Orchid Health Wade Creek Clinic; Oregon Integrated Health - Florence; Park Street Clinic; Pediatric Specialists of Pendleton; Pendleton Family Medicine; Pine Eagle Clinic; Pioneer Memorial Clinic; Providence Cannon Beach Clinic; Providence Internal Medicine - Hood River; Providence Seaside Clinic; Providence Warrenton Clinic; Salem Health Medical Clinic Woodburn; Samaritan Coastal Clinic; Samaritan Depoe Bay Clinic; Samaritan Family Medicine - Brownsville; Samaritan Family Medicine - Main St; Samaritan Family Medicine Resident Clinic – Lebanon; Samaritan Health Center-Newport; Samaritan Lebanon Community Hospital Medical Clinic Sweet Home; Samaritan Lebanon Health Center; Samaritan Lincoln City Medical Center; Samaritan Toledo Clinic; Samaritan Urgent Care Walk-In Clinic - Lebanon; Samaritan Waldport Clinic; Santiam Internal Medicine Clinic; Santiam Medical Associates; Santiam Medical Clinic; Sherman County Medical Clinic; Siskiyou Pediatric Clinic, LLP; South Gilliam Health Center; St. Alphonsus Family Medicine Clinic; St. Charles Family Care Prineville; St. Lukes Clinic-Eastern Oregon Medical Associates; Strawberry Wilderness Community Clinic; Sublimity Medical Clinic; Thrivewell Clinic; Umpqua Health Newton Creek; UrgentCare NW Astoria PC; Wallowa Memorial Medical Clinic - Downtown; Wallowa Memorial Medical Clinic - Enterprise; Wallowa Memorial Medical Clinic - Joseph; Wallowa Memorial Medical Clinic - Wallowa; Warner Mountain Medical Clinic; Water's Edge Medical Clinic; West Hills Family Care; Women's Healthcare Associates; Woodburn Pediatric Clinic",SEMICOLON,102,74,Samaritan Lebanon Community Hospital Medical Clinic Sweet Home,TRUE,10000000,"RCJ published one amount for a field naming 102 recipients. This is the FIELD total, NOT this recipient's award. Never divide it (§6.2) - no source states how it splits.",OR - 2026 - What is the RHTP?,https://www.ruralcarejourney.com/api/documents/f6c8e968-6eea-426b-b4bd-faf617e0c220/file,NA,"§6.2: semicolon-delimited awardeeName naming 102 recipients, 61 of which pass the §6.1 legal-entity test. One candidate per fragment, routed to review -- the split is a guess about the state's formatting, not a fact. The amount is the FIELD total and is never divided."
303bc50f-2cda-4e0c-a785-98bb4b3c69ac,OR,Oregon,SUBAWARD,"Adventist Health – Estacada; Adventist Health – Manzanita; Adventist Health – Pacific City; Adventist Health – Vernonia; Adventist Health Specialty Clinic; Adventist Health Women’s and Family Health; Aumsville Medical Clinic; Cascade Medical Clinic; CHI St. Anthony Hospital Family Clinic; CMH Astoria Primary Care Clinic; CMH Primary Care & Urgent Care-Seaside; CMH Warrenton Primary Care Clinic; Coastal Health Practitioners; Columbia Gorge Family Medicine; Columbia River Women's Center; Curry Family Medical; Curry Medical North; Dallas Family Care; Dunes Family Health Care; Evergreen Family Medicine; Evergreen Family Medicine - Sutherlin; Evergreen Family Medicine (Harvard); Evergreen Family Medicine South; Family Health Associates; Family Health Associates Umatilla Clinic; Good Shepherd Medical Group; Grande Ronde Hospital Elgin Clinic; Grande Ronde Hospital Regional Medical Clinic; Grande Ronde Hospital Union Clinic; Grande Ronde Hospital Urgent Care; Grande Ronde Hospital Womens & Childrens Clinic; Grant County Health Department; Harney County Health Department; Harney District Hospital Family Care; Ione Community Clinic; Irrigon Medical Clinic; La Grande Family Medicine; Lake Health Clinic; Legacy Medical Group - Firwood; Legacy Medical Group - Mt. Angel; Legacy Medical Group - Silverton; Legacy Medical Group - St Helens; Legacy Medical Group - Woodburn Health Center; Madras Medical Group; Malheur Memorial Health Center; MCMC Family Medicine; McMinnville Internal Medicine; North Bend Medical Center Bandon; North Bend Medical Center, Inc Immediate Care; Oak Street Health Care Center; OHSU Primary Care Clinic, Scappoose; Orchid Health; Orchid Health Fern Ridge Clinic; Orchid Health McKenzie River Clinic; Orchid Health Wade Creek Clinic; Oregon Integrated Health - Florence; Park Street Clinic; Pediatric Specialists of Pendleton; Pendleton Family Medicine; Pine Eagle Clinic; Pioneer Memorial Clinic; Providence Cannon Beach Clinic; Providence Internal Medicine - Hood River; Providence Seaside Clinic; Providence Warrenton Clinic; Salem Health Medical Clinic Woodburn; Samaritan Coastal Clinic; Samaritan Depoe Bay Clinic; Samaritan Family Medicine - Brownsville; Samaritan Family Medicine - Main St; Samaritan Family Medicine Resident Clinic – Lebanon; Samaritan Health Center-Newport; Samaritan Lebanon Community Hospital Medical Clinic Sweet Home; Samaritan Lebanon Health Center; Samaritan Lincoln City Medical Center; Samaritan Toledo Clinic; Samaritan Urgent Care Walk-In Clinic - Lebanon; Samaritan Waldport Clinic; Santiam Internal Medicine Clinic; Santiam Medical Associates; Santiam Medical Clinic; Sherman County Medical Clinic; Siskiyou Pediatric Clinic, LLP; South Gilliam Health Center; St. Alphonsus Family Medicine Clinic; St. Charles Family Care Prineville; St. Lukes Clinic-Eastern Oregon Medical Associates; Strawberry Wilderness Community Clinic; Sublimity Medical Clinic; Thrivewell Clinic; Umpqua Health Newton Creek; UrgentCare NW Astoria PC; Wallowa Memorial Medical Clinic - Downtown; Wallowa Memorial Medical Clinic - Enterprise; Wallowa Memorial Medical Clinic - Joseph; Wallowa Memorial Medical Clinic - Wallowa; Warner Mountain Medical Clinic; Water's Edge Medical Clinic; West Hills Family Care; Women's Healthcare Associates; Woodburn Pediatric Clinic",SEMICOLON,102,75,Samaritan Lebanon Health Center,TRUE,10000000,"RCJ published one amount for a field naming 102 recipients. This is the FIELD total, NOT this recipient's award. Never divide it (§6.2) - no source states how it splits.",OR - 2026 - What is the RHTP?,https://www.ruralcarejourney.com/api/documents/f6c8e968-6eea-426b-b4bd-faf617e0c220/file,NA,"§6.2: semicolon-delimited awardeeName naming 102 recipients, 61 of which pass the §6.1 legal-entity test. One candidate per fragment, routed to review -- the split is a guess about the state's formatting, not a fact. The amount is the FIELD total and is never divided."
303bc50f-2cda-4e0c-a785-98bb4b3c69ac,OR,Oregon,SUBAWARD,"Adventist Health – Estacada; Adventist Health – Manzanita; Adventist Health – Pacific City; Adventist Health – Vernonia; Adventist Health Specialty Clinic; Adventist Health Women’s and Family Health; Aumsville Medical Clinic; Cascade Medical Clinic; CHI St. Anthony Hospital Family Clinic; CMH Astoria Primary Care Clinic; CMH Primary Care & Urgent Care-Seaside; CMH Warrenton Primary Care Clinic; Coastal Health Practitioners; Columbia Gorge Family Medicine; Columbia River Women's Center; Curry Family Medical; Curry Medical North; Dallas Family Care; Dunes Family Health Care; Evergreen Family Medicine; Evergreen Family Medicine - Sutherlin; Evergreen Family Medicine (Harvard); Evergreen Family Medicine South; Family Health Associates; Family Health Associates Umatilla Clinic; Good Shepherd Medical Group; Grande Ronde Hospital Elgin Clinic; Grande Ronde Hospital Regional Medical Clinic; Grande Ronde Hospital Union Clinic; Grande Ronde Hospital Urgent Care; Grande Ronde Hospital Womens & Childrens Clinic; Grant County Health Department; Harney County Health Department; Harney District Hospital Family Care; Ione Community Clinic; Irrigon Medical Clinic; La Grande Family Medicine; Lake Health Clinic; Legacy Medical Group - Firwood; Legacy Medical Group - Mt. Angel; Legacy Medical Group - Silverton; Legacy Medical Group - St Helens; Legacy Medical Group - Woodburn Health Center; Madras Medical Group; Malheur Memorial Health Center; MCMC Family Medicine; McMinnville Internal Medicine; North Bend Medical Center Bandon; North Bend Medical Center, Inc Immediate Care; Oak Street Health Care Center; OHSU Primary Care Clinic, Scappoose; Orchid Health; Orchid Health Fern Ridge Clinic; Orchid Health McKenzie River Clinic; Orchid Health Wade Creek Clinic; Oregon Integrated Health - Florence; Park Street Clinic; Pediatric Specialists of Pendleton; Pendleton Family Medicine; Pine Eagle Clinic; Pioneer Memorial Clinic; Providence Cannon Beach Clinic; Providence Internal Medicine - Hood River; Providence Seaside Clinic; Providence Warrenton Clinic; Salem Health Medical Clinic Woodburn; Samaritan Coastal Clinic; Samaritan Depoe Bay Clinic; Samaritan Family Medicine - Brownsville; Samaritan Family Medicine - Main St; Samaritan Family Medicine Resident Clinic – Lebanon; Samaritan Health Center-Newport; Samaritan Lebanon Community Hospital Medical Clinic Sweet Home; Samaritan Lebanon Health Center; Samaritan Lincoln City Medical Center; Samaritan Toledo Clinic; Samaritan Urgent Care Walk-In Clinic - Lebanon; Samaritan Waldport Clinic; Santiam Internal Medicine Clinic; Santiam Medical Associates; Santiam Medical Clinic; Sherman County Medical Clinic; Siskiyou Pediatric Clinic, LLP; South Gilliam Health Center; St. Alphonsus Family Medicine Clinic; St. Charles Family Care Prineville; St. Lukes Clinic-Eastern Oregon Medical Associates; Strawberry Wilderness Community Clinic; Sublimity Medical Clinic; Thrivewell Clinic; Umpqua Health Newton Creek; UrgentCare NW Astoria PC; Wallowa Memorial Medical Clinic - Downtown; Wallowa Memorial Medical Clinic - Enterprise; Wallowa Memorial Medical Clinic - Joseph; Wallowa Memorial Medical Clinic - Wallowa; Warner Mountain Medical Clinic; Water's Edge Medical Clinic; West Hills Family Care; Women's Healthcare Associates; Woodburn Pediatric Clinic",SEMICOLON,102,76,Samaritan Lincoln City Medical Center,TRUE,10000000,"RCJ published one amount for a field naming 102 recipients. This is the FIELD total, NOT this recipient's award. Never divide it (§6.2) - no source states how it splits.",OR - 2026 - What is the RHTP?,https://www.ruralcarejourney.com/api/documents/f6c8e968-6eea-426b-b4bd-faf617e0c220/file,NA,"§6.2: semicolon-delimited awardeeName naming 102 recipients, 61 of which pass the §6.1 legal-entity test. One candidate per fragment, routed to review -- the split is a guess about the state's formatting, not a fact. The amount is the FIELD total and is never divided."
303bc50f-2cda-4e0c-a785-98bb4b3c69ac,OR,Oregon,SUBAWARD,"Adventist Health – Estacada; Adventist Health – Manzanita; Adventist Health – Pacific City; Adventist Health – Vernonia; Adventist Health Specialty Clinic; Adventist Health Women’s and Family Health; Aumsville Medical Clinic; Cascade Medical Clinic; CHI St. Anthony Hospital Family Clinic; CMH Astoria Primary Care Clinic; CMH Primary Care & Urgent Care-Seaside; CMH Warrenton Primary Care Clinic; Coastal Health Practitioners; Columbia Gorge Family Medicine; Columbia River Women's Center; Curry Family Medical; Curry Medical North; Dallas Family Care; Dunes Family Health Care; Evergreen Family Medicine; Evergreen Family Medicine - Sutherlin; Evergreen Family Medicine (Harvard); Evergreen Family Medicine South; Family Health Associates; Family Health Associates Umatilla Clinic; Good Shepherd Medical Group; Grande Ronde Hospital Elgin Clinic; Grande Ronde Hospital Regional Medical Clinic; Grande Ronde Hospital Union Clinic; Grande Ronde Hospital Urgent Care; Grande Ronde Hospital Womens & Childrens Clinic; Grant County Health Department; Harney County Health Department; Harney District Hospital Family Care; Ione Community Clinic; Irrigon Medical Clinic; La Grande Family Medicine; Lake Health Clinic; Legacy Medical Group - Firwood; Legacy Medical Group - Mt. Angel; Legacy Medical Group - Silverton; Legacy Medical Group - St Helens; Legacy Medical Group - Woodburn Health Center; Madras Medical Group; Malheur Memorial Health Center; MCMC Family Medicine; McMinnville Internal Medicine; North Bend Medical Center Bandon; North Bend Medical Center, Inc Immediate Care; Oak Street Health Care Center; OHSU Primary Care Clinic, Scappoose; Orchid Health; Orchid Health Fern Ridge Clinic; Orchid Health McKenzie River Clinic; Orchid Health Wade Creek Clinic; Oregon Integrated Health - Florence; Park Street Clinic; Pediatric Specialists of Pendleton; Pendleton Family Medicine; Pine Eagle Clinic; Pioneer Memorial Clinic; Providence Cannon Beach Clinic; Providence Internal Medicine - Hood River; Providence Seaside Clinic; Providence Warrenton Clinic; Salem Health Medical Clinic Woodburn; Samaritan Coastal Clinic; Samaritan Depoe Bay Clinic; Samaritan Family Medicine - Brownsville; Samaritan Family Medicine - Main St; Samaritan Family Medicine Resident Clinic – Lebanon; Samaritan Health Center-Newport; Samaritan Lebanon Community Hospital Medical Clinic Sweet Home; Samaritan Lebanon Health Center; Samaritan Lincoln City Medical Center; Samaritan Toledo Clinic; Samaritan Urgent Care Walk-In Clinic - Lebanon; Samaritan Waldport Clinic; Santiam Internal Medicine Clinic; Santiam Medical Associates; Santiam Medical Clinic; Sherman County Medical Clinic; Siskiyou Pediatric Clinic, LLP; South Gilliam Health Center; St. Alphonsus Family Medicine Clinic; St. Charles Family Care Prineville; St. Lukes Clinic-Eastern Oregon Medical Associates; Strawberry Wilderness Community Clinic; Sublimity Medical Clinic; Thrivewell Clinic; Umpqua Health Newton Creek; UrgentCare NW Astoria PC; Wallowa Memorial Medical Clinic - Downtown; Wallowa Memorial Medical Clinic - Enterprise; Wallowa Memorial Medical Clinic - Joseph; Wallowa Memorial Medical Clinic - Wallowa; Warner Mountain Medical Clinic; Water's Edge Medical Clinic; West Hills Family Care; Women's Healthcare Associates; Woodburn Pediatric Clinic",SEMICOLON,102,77,Samaritan Toledo Clinic,TRUE,10000000,"RCJ published one amount for a field naming 102 recipients. This is the FIELD total, NOT this recipient's award. Never divide it (§6.2) - no source states how it splits.",OR - 2026 - What is the RHTP?,https://www.ruralcarejourney.com/api/documents/f6c8e968-6eea-426b-b4bd-faf617e0c220/file,NA,"§6.2: semicolon-delimited awardeeName naming 102 recipients, 61 of which pass the §6.1 legal-entity test. One candidate per fragment, routed to review -- the split is a guess about the state's formatting, not a fact. The amount is the FIELD total and is never divided."
303bc50f-2cda-4e0c-a785-98bb4b3c69ac,OR,Oregon,SUBAWARD,"Adventist Health – Estacada; Adventist Health – Manzanita; Adventist Health – Pacific City; Adventist Health – Vernonia; Adventist Health Specialty Clinic; Adventist Health Women’s and Family Health; Aumsville Medical Clinic; Cascade Medical Clinic; CHI St. Anthony Hospital Family Clinic; CMH Astoria Primary Care Clinic; CMH Primary Care & Urgent Care-Seaside; CMH Warrenton Primary Care Clinic; Coastal Health Practitioners; Columbia Gorge Family Medicine; Columbia River Women's Center; Curry Family Medical; Curry Medical North; Dallas Family Care; Dunes Family Health Care; Evergreen Family Medicine; Evergreen Family Medicine - Sutherlin; Evergreen Family Medicine (Harvard); Evergreen Family Medicine South; Family Health Associates; Family Health Associates Umatilla Clinic; Good Shepherd Medical Group; Grande Ronde Hospital Elgin Clinic; Grande Ronde Hospital Regional Medical Clinic; Grande Ronde Hospital Union Clinic; Grande Ronde Hospital Urgent Care; Grande Ronde Hospital Womens & Childrens Clinic; Grant County Health Department; Harney County Health Department; Harney District Hospital Family Care; Ione Community Clinic; Irrigon Medical Clinic; La Grande Family Medicine; Lake Health Clinic; Legacy Medical Group - Firwood; Legacy Medical Group - Mt. Angel; Legacy Medical Group - Silverton; Legacy Medical Group - St Helens; Legacy Medical Group - Woodburn Health Center; Madras Medical Group; Malheur Memorial Health Center; MCMC Family Medicine; McMinnville Internal Medicine; North Bend Medical Center Bandon; North Bend Medical Center, Inc Immediate Care; Oak Street Health Care Center; OHSU Primary Care Clinic, Scappoose; Orchid Health; Orchid Health Fern Ridge Clinic; Orchid Health McKenzie River Clinic; Orchid Health Wade Creek Clinic; Oregon Integrated Health - Florence; Park Street Clinic; Pediatric Specialists of Pendleton; Pendleton Family Medicine; Pine Eagle Clinic; Pioneer Memorial Clinic; Providence Cannon Beach Clinic; Providence Internal Medicine - Hood River; Providence Seaside Clinic; Providence Warrenton Clinic; Salem Health Medical Clinic Woodburn; Samaritan Coastal Clinic; Samaritan Depoe Bay Clinic; Samaritan Family Medicine - Brownsville; Samaritan Family Medicine - Main St; Samaritan Family Medicine Resident Clinic – Lebanon; Samaritan Health Center-Newport; Samaritan Lebanon Community Hospital Medical Clinic Sweet Home; Samaritan Lebanon Health Center; Samaritan Lincoln City Medical Center; Samaritan Toledo Clinic; Samaritan Urgent Care Walk-In Clinic - Lebanon; Samaritan Waldport Clinic; Santiam Internal Medicine Clinic; Santiam Medical Associates; Santiam Medical Clinic; Sherman County Medical Clinic; Siskiyou Pediatric Clinic, LLP; South Gilliam Health Center; St. Alphonsus Family Medicine Clinic; St. Charles Family Care Prineville; St. Lukes Clinic-Eastern Oregon Medical Associates; Strawberry Wilderness Community Clinic; Sublimity Medical Clinic; Thrivewell Clinic; Umpqua Health Newton Creek; UrgentCare NW Astoria PC; Wallowa Memorial Medical Clinic - Downtown; Wallowa Memorial Medical Clinic - Enterprise; Wallowa Memorial Medical Clinic - Joseph; Wallowa Memorial Medical Clinic - Wallowa; Warner Mountain Medical Clinic; Water's Edge Medical Clinic; West Hills Family Care; Women's Healthcare Associates; Woodburn Pediatric Clinic",SEMICOLON,102,78,Samaritan Urgent Care Walk-In Clinic - Lebanon,TRUE,10000000,"RCJ published one amount for a field naming 102 recipients. This is the FIELD total, NOT this recipient's award. Never divide it (§6.2) - no source states how it splits.",OR - 2026 - What is the RHTP?,https://www.ruralcarejourney.com/api/documents/f6c8e968-6eea-426b-b4bd-faf617e0c220/file,NA,"§6.2: semicolon-delimited awardeeName naming 102 recipients, 61 of which pass the §6.1 legal-entity test. One candidate per fragment, routed to review -- the split is a guess about the state's formatting, not a fact. The amount is the FIELD total and is never divided."
303bc50f-2cda-4e0c-a785-98bb4b3c69ac,OR,Oregon,SUBAWARD,"Adventist Health – Estacada; Adventist Health – Manzanita; Adventist Health – Pacific City; Adventist Health – Vernonia; Adventist Health Specialty Clinic; Adventist Health Women’s and Family Health; Aumsville Medical Clinic; Cascade Medical Clinic; CHI St. Anthony Hospital Family Clinic; CMH Astoria Primary Care Clinic; CMH Primary Care & Urgent Care-Seaside; CMH Warrenton Primary Care Clinic; Coastal Health Practitioners; Columbia Gorge Family Medicine; Columbia River Women's Center; Curry Family Medical; Curry Medical North; Dallas Family Care; Dunes Family Health Care; Evergreen Family Medicine; Evergreen Family Medicine - Sutherlin; Evergreen Family Medicine (Harvard); Evergreen Family Medicine South; Family Health Associates; Family Health Associates Umatilla Clinic; Good Shepherd Medical Group; Grande Ronde Hospital Elgin Clinic; Grande Ronde Hospital Regional Medical Clinic; Grande Ronde Hospital Union Clinic; Grande Ronde Hospital Urgent Care; Grande Ronde Hospital Womens & Childrens Clinic; Grant County Health Department; Harney County Health Department; Harney District Hospital Family Care; Ione Community Clinic; Irrigon Medical Clinic; La Grande Family Medicine; Lake Health Clinic; Legacy Medical Group - Firwood; Legacy Medical Group - Mt. Angel; Legacy Medical Group - Silverton; Legacy Medical Group - St Helens; Legacy Medical Group - Woodburn Health Center; Madras Medical Group; Malheur Memorial Health Center; MCMC Family Medicine; McMinnville Internal Medicine; North Bend Medical Center Bandon; North Bend Medical Center, Inc Immediate Care; Oak Street Health Care Center; OHSU Primary Care Clinic, Scappoose; Orchid Health; Orchid Health Fern Ridge Clinic; Orchid Health McKenzie River Clinic; Orchid Health Wade Creek Clinic; Oregon Integrated Health - Florence; Park Street Clinic; Pediatric Specialists of Pendleton; Pendleton Family Medicine; Pine Eagle Clinic; Pioneer Memorial Clinic; Providence Cannon Beach Clinic; Providence Internal Medicine - Hood River; Providence Seaside Clinic; Providence Warrenton Clinic; Salem Health Medical Clinic Woodburn; Samaritan Coastal Clinic; Samaritan Depoe Bay Clinic; Samaritan Family Medicine - Brownsville; Samaritan Family Medicine - Main St; Samaritan Family Medicine Resident Clinic – Lebanon; Samaritan Health Center-Newport; Samaritan Lebanon Community Hospital Medical Clinic Sweet Home; Samaritan Lebanon Health Center; Samaritan Lincoln City Medical Center; Samaritan Toledo Clinic; Samaritan Urgent Care Walk-In Clinic - Lebanon; Samaritan Waldport Clinic; Santiam Internal Medicine Clinic; Santiam Medical Associates; Santiam Medical Clinic; Sherman County Medical Clinic; Siskiyou Pediatric Clinic, LLP; South Gilliam Health Center; St. Alphonsus Family Medicine Clinic; St. Charles Family Care Prineville; St. Lukes Clinic-Eastern Oregon Medical Associates; Strawberry Wilderness Community Clinic; Sublimity Medical Clinic; Thrivewell Clinic; Umpqua Health Newton Creek; UrgentCare NW Astoria PC; Wallowa Memorial Medical Clinic - Downtown; Wallowa Memorial Medical Clinic - Enterprise; Wallowa Memorial Medical Clinic - Joseph; Wallowa Memorial Medical Clinic - Wallowa; Warner Mountain Medical Clinic; Water's Edge Medical Clinic; West Hills Family Care; Women's Healthcare Associates; Woodburn Pediatric Clinic",SEMICOLON,102,79,Samaritan Waldport Clinic,TRUE,10000000,"RCJ published one amount for a field naming 102 recipients. This is the FIELD total, NOT this recipient's award. Never divide it (§6.2) - no source states how it splits.",OR - 2026 - What is the RHTP?,https://www.ruralcarejourney.com/api/documents/f6c8e968-6eea-426b-b4bd-faf617e0c220/file,NA,"§6.2: semicolon-delimited awardeeName naming 102 recipients, 61 of which pass the §6.1 legal-entity test. One candidate per fragment, routed to review -- the split is a guess about the state's formatting, not a fact. The amount is the FIELD total and is never divided."
303bc50f-2cda-4e0c-a785-98bb4b3c69ac,OR,Oregon,SUBAWARD,"Adventist Health – Estacada; Adventist Health – Manzanita; Adventist Health – Pacific City; Adventist Health – Vernonia; Adventist Health Specialty Clinic; Adventist Health Women’s and Family Health; Aumsville Medical Clinic; Cascade Medical Clinic; CHI St. Anthony Hospital Family Clinic; CMH Astoria Primary Care Clinic; CMH Primary Care & Urgent Care-Seaside; CMH Warrenton Primary Care Clinic; Coastal Health Practitioners; Columbia Gorge Family Medicine; Columbia River Women's Center; Curry Family Medical; Curry Medical North; Dallas Family Care; Dunes Family Health Care; Evergreen Family Medicine; Evergreen Family Medicine - Sutherlin; Evergreen Family Medicine (Harvard); Evergreen Family Medicine South; Family Health Associates; Family Health Associates Umatilla Clinic; Good Shepherd Medical Group; Grande Ronde Hospital Elgin Clinic; Grande Ronde Hospital Regional Medical Clinic; Grande Ronde Hospital Union Clinic; Grande Ronde Hospital Urgent Care; Grande Ronde Hospital Womens & Childrens Clinic; Grant County Health Department; Harney County Health Department; Harney District Hospital Family Care; Ione Community Clinic; Irrigon Medical Clinic; La Grande Family Medicine; Lake Health Clinic; Legacy Medical Group - Firwood; Legacy Medical Group - Mt. Angel; Legacy Medical Group - Silverton; Legacy Medical Group - St Helens; Legacy Medical Group - Woodburn Health Center; Madras Medical Group; Malheur Memorial Health Center; MCMC Family Medicine; McMinnville Internal Medicine; North Bend Medical Center Bandon; North Bend Medical Center, Inc Immediate Care; Oak Street Health Care Center; OHSU Primary Care Clinic, Scappoose; Orchid Health; Orchid Health Fern Ridge Clinic; Orchid Health McKenzie River Clinic; Orchid Health Wade Creek Clinic; Oregon Integrated Health - Florence; Park Street Clinic; Pediatric Specialists of Pendleton; Pendleton Family Medicine; Pine Eagle Clinic; Pioneer Memorial Clinic; Providence Cannon Beach Clinic; Providence Internal Medicine - Hood River; Providence Seaside Clinic; Providence Warrenton Clinic; Salem Health Medical Clinic Woodburn; Samaritan Coastal Clinic; Samaritan Depoe Bay Clinic; Samaritan Family Medicine - Brownsville; Samaritan Family Medicine - Main St; Samaritan Family Medicine Resident Clinic – Lebanon; Samaritan Health Center-Newport; Samaritan Lebanon Community Hospital Medical Clinic Sweet Home; Samaritan Lebanon Health Center; Samaritan Lincoln City Medical Center; Samaritan Toledo Clinic; Samaritan Urgent Care Walk-In Clinic - Lebanon; Samaritan Waldport Clinic; Santiam Internal Medicine Clinic; Santiam Medical Associates; Santiam Medical Clinic; Sherman County Medical Clinic; Siskiyou Pediatric Clinic, LLP; South Gilliam Health Center; St. Alphonsus Family Medicine Clinic; St. Charles Family Care Prineville; St. Lukes Clinic-Eastern Oregon Medical Associates; Strawberry Wilderness Community Clinic; Sublimity Medical Clinic; Thrivewell Clinic; Umpqua Health Newton Creek; UrgentCare NW Astoria PC; Wallowa Memorial Medical Clinic - Downtown; Wallowa Memorial Medical Clinic - Enterprise; Wallowa Memorial Medical Clinic - Joseph; Wallowa Memorial Medical Clinic - Wallowa; Warner Mountain Medical Clinic; Water's Edge Medical Clinic; West Hills Family Care; Women's Healthcare Associates; Woodburn Pediatric Clinic",SEMICOLON,102,80,Santiam Internal Medicine Clinic,TRUE,10000000,"RCJ published one amount for a field naming 102 recipients. This is the FIELD total, NOT this recipient's award. Never divide it (§6.2) - no source states how it splits.",OR - 2026 - What is the RHTP?,https://www.ruralcarejourney.com/api/documents/f6c8e968-6eea-426b-b4bd-faf617e0c220/file,NA,"§6.2: semicolon-delimited awardeeName naming 102 recipients, 61 of which pass the §6.1 legal-entity test. One candidate per fragment, routed to review -- the split is a guess about the state's formatting, not a fact. The amount is the FIELD total and is never divided."
303bc50f-2cda-4e0c-a785-98bb4b3c69ac,OR,Oregon,SUBAWARD,"Adventist Health – Estacada; Adventist Health – Manzanita; Adventist Health – Pacific City; Adventist Health – Vernonia; Adventist Health Specialty Clinic; Adventist Health Women’s and Family Health; Aumsville Medical Clinic; Cascade Medical Clinic; CHI St. Anthony Hospital Family Clinic; CMH Astoria Primary Care Clinic; CMH Primary Care & Urgent Care-Seaside; CMH Warrenton Primary Care Clinic; Coastal Health Practitioners; Columbia Gorge Family Medicine; Columbia River Women's Center; Curry Family Medical; Curry Medical North; Dallas Family Care; Dunes Family Health Care; Evergreen Family Medicine; Evergreen Family Medicine - Sutherlin; Evergreen Family Medicine (Harvard); Evergreen Family Medicine South; Family Health Associates; Family Health Associates Umatilla Clinic; Good Shepherd Medical Group; Grande Ronde Hospital Elgin Clinic; Grande Ronde Hospital Regional Medical Clinic; Grande Ronde Hospital Union Clinic; Grande Ronde Hospital Urgent Care; Grande Ronde Hospital Womens & Childrens Clinic; Grant County Health Department; Harney County Health Department; Harney District Hospital Family Care; Ione Community Clinic; Irrigon Medical Clinic; La Grande Family Medicine; Lake Health Clinic; Legacy Medical Group - Firwood; Legacy Medical Group - Mt. Angel; Legacy Medical Group - Silverton; Legacy Medical Group - St Helens; Legacy Medical Group - Woodburn Health Center; Madras Medical Group; Malheur Memorial Health Center; MCMC Family Medicine; McMinnville Internal Medicine; North Bend Medical Center Bandon; North Bend Medical Center, Inc Immediate Care; Oak Street Health Care Center; OHSU Primary Care Clinic, Scappoose; Orchid Health; Orchid Health Fern Ridge Clinic; Orchid Health McKenzie River Clinic; Orchid Health Wade Creek Clinic; Oregon Integrated Health - Florence; Park Street Clinic; Pediatric Specialists of Pendleton; Pendleton Family Medicine; Pine Eagle Clinic; Pioneer Memorial Clinic; Providence Cannon Beach Clinic; Providence Internal Medicine - Hood River; Providence Seaside Clinic; Providence Warrenton Clinic; Salem Health Medical Clinic Woodburn; Samaritan Coastal Clinic; Samaritan Depoe Bay Clinic; Samaritan Family Medicine - Brownsville; Samaritan Family Medicine - Main St; Samaritan Family Medicine Resident Clinic – Lebanon; Samaritan Health Center-Newport; Samaritan Lebanon Community Hospital Medical Clinic Sweet Home; Samaritan Lebanon Health Center; Samaritan Lincoln City Medical Center; Samaritan Toledo Clinic; Samaritan Urgent Care Walk-In Clinic - Lebanon; Samaritan Waldport Clinic; Santiam Internal Medicine Clinic; Santiam Medical Associates; Santiam Medical Clinic; Sherman County Medical Clinic; Siskiyou Pediatric Clinic, LLP; South Gilliam Health Center; St. Alphonsus Family Medicine Clinic; St. Charles Family Care Prineville; St. Lukes Clinic-Eastern Oregon Medical Associates; Strawberry Wilderness Community Clinic; Sublimity Medical Clinic; Thrivewell Clinic; Umpqua Health Newton Creek; UrgentCare NW Astoria PC; Wallowa Memorial Medical Clinic - Downtown; Wallowa Memorial Medical Clinic - Enterprise; Wallowa Memorial Medical Clinic - Joseph; Wallowa Memorial Medical Clinic - Wallowa; Warner Mountain Medical Clinic; Water's Edge Medical Clinic; West Hills Family Care; Women's Healthcare Associates; Woodburn Pediatric Clinic",SEMICOLON,102,81,Santiam Medical Associates,FALSE,10000000,"RCJ published one amount for a field naming 102 recipients. This is the FIELD total, NOT this recipient's award. Never divide it (§6.2) - no source states how it splits.",OR - 2026 - What is the RHTP?,https://www.ruralcarejourney.com/api/documents/f6c8e968-6eea-426b-b4bd-faf617e0c220/file,NA,"§6.2: semicolon-delimited awardeeName naming 102 recipients, 61 of which pass the §6.1 legal-entity test. One candidate per fragment, routed to review -- the split is a guess about the state's formatting, not a fact. The amount is the FIELD total and is never divided."
303bc50f-2cda-4e0c-a785-98bb4b3c69ac,OR,Oregon,SUBAWARD,"Adventist Health – Estacada; Adventist Health – Manzanita; Adventist Health – Pacific City; Adventist Health – Vernonia; Adventist Health Specialty Clinic; Adventist Health Women’s and Family Health; Aumsville Medical Clinic; Cascade Medical Clinic; CHI St. Anthony Hospital Family Clinic; CMH Astoria Primary Care Clinic; CMH Primary Care & Urgent Care-Seaside; CMH Warrenton Primary Care Clinic; Coastal Health Practitioners; Columbia Gorge Family Medicine; Columbia River Women's Center; Curry Family Medical; Curry Medical North; Dallas Family Care; Dunes Family Health Care; Evergreen Family Medicine; Evergreen Family Medicine - Sutherlin; Evergreen Family Medicine (Harvard); Evergreen Family Medicine South; Family Health Associates; Family Health Associates Umatilla Clinic; Good Shepherd Medical Group; Grande Ronde Hospital Elgin Clinic; Grande Ronde Hospital Regional Medical Clinic; Grande Ronde Hospital Union Clinic; Grande Ronde Hospital Urgent Care; Grande Ronde Hospital Womens & Childrens Clinic; Grant County Health Department; Harney County Health Department; Harney District Hospital Family Care; Ione Community Clinic; Irrigon Medical Clinic; La Grande Family Medicine; Lake Health Clinic; Legacy Medical Group - Firwood; Legacy Medical Group - Mt. Angel; Legacy Medical Group - Silverton; Legacy Medical Group - St Helens; Legacy Medical Group - Woodburn Health Center; Madras Medical Group; Malheur Memorial Health Center; MCMC Family Medicine; McMinnville Internal Medicine; North Bend Medical Center Bandon; North Bend Medical Center, Inc Immediate Care; Oak Street Health Care Center; OHSU Primary Care Clinic, Scappoose; Orchid Health; Orchid Health Fern Ridge Clinic; Orchid Health McKenzie River Clinic; Orchid Health Wade Creek Clinic; Oregon Integrated Health - Florence; Park Street Clinic; Pediatric Specialists of Pendleton; Pendleton Family Medicine; Pine Eagle Clinic; Pioneer Memorial Clinic; Providence Cannon Beach Clinic; Providence Internal Medicine - Hood River; Providence Seaside Clinic; Providence Warrenton Clinic; Salem Health Medical Clinic Woodburn; Samaritan Coastal Clinic; Samaritan Depoe Bay Clinic; Samaritan Family Medicine - Brownsville; Samaritan Family Medicine - Main St; Samaritan Family Medicine Resident Clinic – Lebanon; Samaritan Health Center-Newport; Samaritan Lebanon Community Hospital Medical Clinic Sweet Home; Samaritan Lebanon Health Center; Samaritan Lincoln City Medical Center; Samaritan Toledo Clinic; Samaritan Urgent Care Walk-In Clinic - Lebanon; Samaritan Waldport Clinic; Santiam Internal Medicine Clinic; Santiam Medical Associates; Santiam Medical Clinic; Sherman County Medical Clinic; Siskiyou Pediatric Clinic, LLP; South Gilliam Health Center; St. Alphonsus Family Medicine Clinic; St. Charles Family Care Prineville; St. Lukes Clinic-Eastern Oregon Medical Associates; Strawberry Wilderness Community Clinic; Sublimity Medical Clinic; Thrivewell Clinic; Umpqua Health Newton Creek; UrgentCare NW Astoria PC; Wallowa Memorial Medical Clinic - Downtown; Wallowa Memorial Medical Clinic - Enterprise; Wallowa Memorial Medical Clinic - Joseph; Wallowa Memorial Medical Clinic - Wallowa; Warner Mountain Medical Clinic; Water's Edge Medical Clinic; West Hills Family Care; Women's Healthcare Associates; Woodburn Pediatric Clinic",SEMICOLON,102,82,Santiam Medical Clinic,TRUE,10000000,"RCJ published one amount for a field naming 102 recipients. This is the FIELD total, NOT this recipient's award. Never divide it (§6.2) - no source states how it splits.",OR - 2026 - What is the RHTP?,https://www.ruralcarejourney.com/api/documents/f6c8e968-6eea-426b-b4bd-faf617e0c220/file,NA,"§6.2: semicolon-delimited awardeeName naming 102 recipients, 61 of which pass the §6.1 legal-entity test. One candidate per fragment, routed to review -- the split is a guess about the state's formatting, not a fact. The amount is the FIELD total and is never divided."
303bc50f-2cda-4e0c-a785-98bb4b3c69ac,OR,Oregon,SUBAWARD,"Adventist Health – Estacada; Adventist Health – Manzanita; Adventist Health – Pacific City; Adventist Health – Vernonia; Adventist Health Specialty Clinic; Adventist Health Women’s and Family Health; Aumsville Medical Clinic; Cascade Medical Clinic; CHI St. Anthony Hospital Family Clinic; CMH Astoria Primary Care Clinic; CMH Primary Care & Urgent Care-Seaside; CMH Warrenton Primary Care Clinic; Coastal Health Practitioners; Columbia Gorge Family Medicine; Columbia River Women's Center; Curry Family Medical; Curry Medical North; Dallas Family Care; Dunes Family Health Care; Evergreen Family Medicine; Evergreen Family Medicine - Sutherlin; Evergreen Family Medicine (Harvard); Evergreen Family Medicine South; Family Health Associates; Family Health Associates Umatilla Clinic; Good Shepherd Medical Group; Grande Ronde Hospital Elgin Clinic; Grande Ronde Hospital Regional Medical Clinic; Grande Ronde Hospital Union Clinic; Grande Ronde Hospital Urgent Care; Grande Ronde Hospital Womens & Childrens Clinic; Grant County Health Department; Harney County Health Department; Harney District Hospital Family Care; Ione Community Clinic; Irrigon Medical Clinic; La Grande Family Medicine; Lake Health Clinic; Legacy Medical Group - Firwood; Legacy Medical Group - Mt. Angel; Legacy Medical Group - Silverton; Legacy Medical Group - St Helens; Legacy Medical Group - Woodburn Health Center; Madras Medical Group; Malheur Memorial Health Center; MCMC Family Medicine; McMinnville Internal Medicine; North Bend Medical Center Bandon; North Bend Medical Center, Inc Immediate Care; Oak Street Health Care Center; OHSU Primary Care Clinic, Scappoose; Orchid Health; Orchid Health Fern Ridge Clinic; Orchid Health McKenzie River Clinic; Orchid Health Wade Creek Clinic; Oregon Integrated Health - Florence; Park Street Clinic; Pediatric Specialists of Pendleton; Pendleton Family Medicine; Pine Eagle Clinic; Pioneer Memorial Clinic; Providence Cannon Beach Clinic; Providence Internal Medicine - Hood River; Providence Seaside Clinic; Providence Warrenton Clinic; Salem Health Medical Clinic Woodburn; Samaritan Coastal Clinic; Samaritan Depoe Bay Clinic; Samaritan Family Medicine - Brownsville; Samaritan Family Medicine - Main St; Samaritan Family Medicine Resident Clinic – Lebanon; Samaritan Health Center-Newport; Samaritan Lebanon Community Hospital Medical Clinic Sweet Home; Samaritan Lebanon Health Center; Samaritan Lincoln City Medical Center; Samaritan Toledo Clinic; Samaritan Urgent Care Walk-In Clinic - Lebanon; Samaritan Waldport Clinic; Santiam Internal Medicine Clinic; Santiam Medical Associates; Santiam Medical Clinic; Sherman County Medical Clinic; Siskiyou Pediatric Clinic, LLP; South Gilliam Health Center; St. Alphonsus Family Medicine Clinic; St. Charles Family Care Prineville; St. Lukes Clinic-Eastern Oregon Medical Associates; Strawberry Wilderness Community Clinic; Sublimity Medical Clinic; Thrivewell Clinic; Umpqua Health Newton Creek; UrgentCare NW Astoria PC; Wallowa Memorial Medical Clinic - Downtown; Wallowa Memorial Medical Clinic - Enterprise; Wallowa Memorial Medical Clinic - Joseph; Wallowa Memorial Medical Clinic - Wallowa; Warner Mountain Medical Clinic; Water's Edge Medical Clinic; West Hills Family Care; Women's Healthcare Associates; Woodburn Pediatric Clinic",SEMICOLON,102,83,Sherman County Medical Clinic,TRUE,10000000,"RCJ published one amount for a field naming 102 recipients. This is the FIELD total, NOT this recipient's award. Never divide it (§6.2) - no source states how it splits.",OR - 2026 - What is the RHTP?,https://www.ruralcarejourney.com/api/documents/f6c8e968-6eea-426b-b4bd-faf617e0c220/file,NA,"§6.2: semicolon-delimited awardeeName naming 102 recipients, 61 of which pass the §6.1 legal-entity test. One candidate per fragment, routed to review -- the split is a guess about the state's formatting, not a fact. The amount is the FIELD total and is never divided."
303bc50f-2cda-4e0c-a785-98bb4b3c69ac,OR,Oregon,SUBAWARD,"Adventist Health – Estacada; Adventist Health – Manzanita; Adventist Health – Pacific City; Adventist Health – Vernonia; Adventist Health Specialty Clinic; Adventist Health Women’s and Family Health; Aumsville Medical Clinic; Cascade Medical Clinic; CHI St. Anthony Hospital Family Clinic; CMH Astoria Primary Care Clinic; CMH Primary Care & Urgent Care-Seaside; CMH Warrenton Primary Care Clinic; Coastal Health Practitioners; Columbia Gorge Family Medicine; Columbia River Women's Center; Curry Family Medical; Curry Medical North; Dallas Family Care; Dunes Family Health Care; Evergreen Family Medicine; Evergreen Family Medicine - Sutherlin; Evergreen Family Medicine (Harvard); Evergreen Family Medicine South; Family Health Associates; Family Health Associates Umatilla Clinic; Good Shepherd Medical Group; Grande Ronde Hospital Elgin Clinic; Grande Ronde Hospital Regional Medical Clinic; Grande Ronde Hospital Union Clinic; Grande Ronde Hospital Urgent Care; Grande Ronde Hospital Womens & Childrens Clinic; Grant County Health Department; Harney County Health Department; Harney District Hospital Family Care; Ione Community Clinic; Irrigon Medical Clinic; La Grande Family Medicine; Lake Health Clinic; Legacy Medical Group - Firwood; Legacy Medical Group - Mt. Angel; Legacy Medical Group - Silverton; Legacy Medical Group - St Helens; Legacy Medical Group - Woodburn Health Center; Madras Medical Group; Malheur Memorial Health Center; MCMC Family Medicine; McMinnville Internal Medicine; North Bend Medical Center Bandon; North Bend Medical Center, Inc Immediate Care; Oak Street Health Care Center; OHSU Primary Care Clinic, Scappoose; Orchid Health; Orchid Health Fern Ridge Clinic; Orchid Health McKenzie River Clinic; Orchid Health Wade Creek Clinic; Oregon Integrated Health - Florence; Park Street Clinic; Pediatric Specialists of Pendleton; Pendleton Family Medicine; Pine Eagle Clinic; Pioneer Memorial Clinic; Providence Cannon Beach Clinic; Providence Internal Medicine - Hood River; Providence Seaside Clinic; Providence Warrenton Clinic; Salem Health Medical Clinic Woodburn; Samaritan Coastal Clinic; Samaritan Depoe Bay Clinic; Samaritan Family Medicine - Brownsville; Samaritan Family Medicine - Main St; Samaritan Family Medicine Resident Clinic – Lebanon; Samaritan Health Center-Newport; Samaritan Lebanon Community Hospital Medical Clinic Sweet Home; Samaritan Lebanon Health Center; Samaritan Lincoln City Medical Center; Samaritan Toledo Clinic; Samaritan Urgent Care Walk-In Clinic - Lebanon; Samaritan Waldport Clinic; Santiam Internal Medicine Clinic; Santiam Medical Associates; Santiam Medical Clinic; Sherman County Medical Clinic; Siskiyou Pediatric Clinic, LLP; South Gilliam Health Center; St. Alphonsus Family Medicine Clinic; St. Charles Family Care Prineville; St. Lukes Clinic-Eastern Oregon Medical Associates; Strawberry Wilderness Community Clinic; Sublimity Medical Clinic; Thrivewell Clinic; Umpqua Health Newton Creek; UrgentCare NW Astoria PC; Wallowa Memorial Medical Clinic - Downtown; Wallowa Memorial Medical Clinic - Enterprise; Wallowa Memorial Medical Clinic - Joseph; Wallowa Memorial Medical Clinic - Wallowa; Warner Mountain Medical Clinic; Water's Edge Medical Clinic; West Hills Family Care; Women's Healthcare Associates; Woodburn Pediatric Clinic",SEMICOLON,102,84,"Siskiyou Pediatric Clinic, LLP",TRUE,10000000,"RCJ published one amount for a field naming 102 recipients. This is the FIELD total, NOT this recipient's award. Never divide it (§6.2) - no source states how it splits.",OR - 2026 - What is the RHTP?,https://www.ruralcarejourney.com/api/documents/f6c8e968-6eea-426b-b4bd-faf617e0c220/file,NA,"§6.2: semicolon-delimited awardeeName naming 102 recipients, 61 of which pass the §6.1 legal-entity test. One candidate per fragment, routed to review -- the split is a guess about the state's formatting, not a fact. The amount is the FIELD total and is never divided."
303bc50f-2cda-4e0c-a785-98bb4b3c69ac,OR,Oregon,SUBAWARD,"Adventist Health – Estacada; Adventist Health – Manzanita; Adventist Health – Pacific City; Adventist Health – Vernonia; Adventist Health Specialty Clinic; Adventist Health Women’s and Family Health; Aumsville Medical Clinic; Cascade Medical Clinic; CHI St. Anthony Hospital Family Clinic; CMH Astoria Primary Care Clinic; CMH Primary Care & Urgent Care-Seaside; CMH Warrenton Primary Care Clinic; Coastal Health Practitioners; Columbia Gorge Family Medicine; Columbia River Women's Center; Curry Family Medical; Curry Medical North; Dallas Family Care; Dunes Family Health Care; Evergreen Family Medicine; Evergreen Family Medicine - Sutherlin; Evergreen Family Medicine (Harvard); Evergreen Family Medicine South; Family Health Associates; Family Health Associates Umatilla Clinic; Good Shepherd Medical Group; Grande Ronde Hospital Elgin Clinic; Grande Ronde Hospital Regional Medical Clinic; Grande Ronde Hospital Union Clinic; Grande Ronde Hospital Urgent Care; Grande Ronde Hospital Womens & Childrens Clinic; Grant County Health Department; Harney County Health Department; Harney District Hospital Family Care; Ione Community Clinic; Irrigon Medical Clinic; La Grande Family Medicine; Lake Health Clinic; Legacy Medical Group - Firwood; Legacy Medical Group - Mt. Angel; Legacy Medical Group - Silverton; Legacy Medical Group - St Helens; Legacy Medical Group - Woodburn Health Center; Madras Medical Group; Malheur Memorial Health Center; MCMC Family Medicine; McMinnville Internal Medicine; North Bend Medical Center Bandon; North Bend Medical Center, Inc Immediate Care; Oak Street Health Care Center; OHSU Primary Care Clinic, Scappoose; Orchid Health; Orchid Health Fern Ridge Clinic; Orchid Health McKenzie River Clinic; Orchid Health Wade Creek Clinic; Oregon Integrated Health - Florence; Park Street Clinic; Pediatric Specialists of Pendleton; Pendleton Family Medicine; Pine Eagle Clinic; Pioneer Memorial Clinic; Providence Cannon Beach Clinic; Providence Internal Medicine - Hood River; Providence Seaside Clinic; Providence Warrenton Clinic; Salem Health Medical Clinic Woodburn; Samaritan Coastal Clinic; Samaritan Depoe Bay Clinic; Samaritan Family Medicine - Brownsville; Samaritan Family Medicine - Main St; Samaritan Family Medicine Resident Clinic – Lebanon; Samaritan Health Center-Newport; Samaritan Lebanon Community Hospital Medical Clinic Sweet Home; Samaritan Lebanon Health Center; Samaritan Lincoln City Medical Center; Samaritan Toledo Clinic; Samaritan Urgent Care Walk-In Clinic - Lebanon; Samaritan Waldport Clinic; Santiam Internal Medicine Clinic; Santiam Medical Associates; Santiam Medical Clinic; Sherman County Medical Clinic; Siskiyou Pediatric Clinic, LLP; South Gilliam Health Center; St. Alphonsus Family Medicine Clinic; St. Charles Family Care Prineville; St. Lukes Clinic-Eastern Oregon Medical Associates; Strawberry Wilderness Community Clinic; Sublimity Medical Clinic; Thrivewell Clinic; Umpqua Health Newton Creek; UrgentCare NW Astoria PC; Wallowa Memorial Medical Clinic - Downtown; Wallowa Memorial Medical Clinic - Enterprise; Wallowa Memorial Medical Clinic - Joseph; Wallowa Memorial Medical Clinic - Wallowa; Warner Mountain Medical Clinic; Water's Edge Medical Clinic; West Hills Family Care; Women's Healthcare Associates; Woodburn Pediatric Clinic",SEMICOLON,102,85,South Gilliam Health Center,TRUE,10000000,"RCJ published one amount for a field naming 102 recipients. This is the FIELD total, NOT this recipient's award. Never divide it (§6.2) - no source states how it splits.",OR - 2026 - What is the RHTP?,https://www.ruralcarejourney.com/api/documents/f6c8e968-6eea-426b-b4bd-faf617e0c220/file,NA,"§6.2: semicolon-delimited awardeeName naming 102 recipients, 61 of which pass the §6.1 legal-entity test. One candidate per fragment, routed to review -- the split is a guess about the state's formatting, not a fact. The amount is the FIELD total and is never divided."
303bc50f-2cda-4e0c-a785-98bb4b3c69ac,OR,Oregon,SUBAWARD,"Adventist Health – Estacada; Adventist Health – Manzanita; Adventist Health – Pacific City; Adventist Health – Vernonia; Adventist Health Specialty Clinic; Adventist Health Women’s and Family Health; Aumsville Medical Clinic; Cascade Medical Clinic; CHI St. Anthony Hospital Family Clinic; CMH Astoria Primary Care Clinic; CMH Primary Care & Urgent Care-Seaside; CMH Warrenton Primary Care Clinic; Coastal Health Practitioners; Columbia Gorge Family Medicine; Columbia River Women's Center; Curry Family Medical; Curry Medical North; Dallas Family Care; Dunes Family Health Care; Evergreen Family Medicine; Evergreen Family Medicine - Sutherlin; Evergreen Family Medicine (Harvard); Evergreen Family Medicine South; Family Health Associates; Family Health Associates Umatilla Clinic; Good Shepherd Medical Group; Grande Ronde Hospital Elgin Clinic; Grande Ronde Hospital Regional Medical Clinic; Grande Ronde Hospital Union Clinic; Grande Ronde Hospital Urgent Care; Grande Ronde Hospital Womens & Childrens Clinic; Grant County Health Department; Harney County Health Department; Harney District Hospital Family Care; Ione Community Clinic; Irrigon Medical Clinic; La Grande Family Medicine; Lake Health Clinic; Legacy Medical Group - Firwood; Legacy Medical Group - Mt. Angel; Legacy Medical Group - Silverton; Legacy Medical Group - St Helens; Legacy Medical Group - Woodburn Health Center; Madras Medical Group; Malheur Memorial Health Center; MCMC Family Medicine; McMinnville Internal Medicine; North Bend Medical Center Bandon; North Bend Medical Center, Inc Immediate Care; Oak Street Health Care Center; OHSU Primary Care Clinic, Scappoose; Orchid Health; Orchid Health Fern Ridge Clinic; Orchid Health McKenzie River Clinic; Orchid Health Wade Creek Clinic; Oregon Integrated Health - Florence; Park Street Clinic; Pediatric Specialists of Pendleton; Pendleton Family Medicine; Pine Eagle Clinic; Pioneer Memorial Clinic; Providence Cannon Beach Clinic; Providence Internal Medicine - Hood River; Providence Seaside Clinic; Providence Warrenton Clinic; Salem Health Medical Clinic Woodburn; Samaritan Coastal Clinic; Samaritan Depoe Bay Clinic; Samaritan Family Medicine - Brownsville; Samaritan Family Medicine - Main St; Samaritan Family Medicine Resident Clinic – Lebanon; Samaritan Health Center-Newport; Samaritan Lebanon Community Hospital Medical Clinic Sweet Home; Samaritan Lebanon Health Center; Samaritan Lincoln City Medical Center; Samaritan Toledo Clinic; Samaritan Urgent Care Walk-In Clinic - Lebanon; Samaritan Waldport Clinic; Santiam Internal Medicine Clinic; Santiam Medical Associates; Santiam Medical Clinic; Sherman County Medical Clinic; Siskiyou Pediatric Clinic, LLP; South Gilliam Health Center; St. Alphonsus Family Medicine Clinic; St. Charles Family Care Prineville; St. Lukes Clinic-Eastern Oregon Medical Associates; Strawberry Wilderness Community Clinic; Sublimity Medical Clinic; Thrivewell Clinic; Umpqua Health Newton Creek; UrgentCare NW Astoria PC; Wallowa Memorial Medical Clinic - Downtown; Wallowa Memorial Medical Clinic - Enterprise; Wallowa Memorial Medical Clinic - Joseph; Wallowa Memorial Medical Clinic - Wallowa; Warner Mountain Medical Clinic; Water's Edge Medical Clinic; West Hills Family Care; Women's Healthcare Associates; Woodburn Pediatric Clinic",SEMICOLON,102,86,St. Alphonsus Family Medicine Clinic,TRUE,10000000,"RCJ published one amount for a field naming 102 recipients. This is the FIELD total, NOT this recipient's award. Never divide it (§6.2) - no source states how it splits.",OR - 2026 - What is the RHTP?,https://www.ruralcarejourney.com/api/documents/f6c8e968-6eea-426b-b4bd-faf617e0c220/file,NA,"§6.2: semicolon-delimited awardeeName naming 102 recipients, 61 of which pass the §6.1 legal-entity test. One candidate per fragment, routed to review -- the split is a guess about the state's formatting, not a fact. The amount is the FIELD total and is never divided."
303bc50f-2cda-4e0c-a785-98bb4b3c69ac,OR,Oregon,SUBAWARD,"Adventist Health – Estacada; Adventist Health – Manzanita; Adventist Health – Pacific City; Adventist Health – Vernonia; Adventist Health Specialty Clinic; Adventist Health Women’s and Family Health; Aumsville Medical Clinic; Cascade Medical Clinic; CHI St. Anthony Hospital Family Clinic; CMH Astoria Primary Care Clinic; CMH Primary Care & Urgent Care-Seaside; CMH Warrenton Primary Care Clinic; Coastal Health Practitioners; Columbia Gorge Family Medicine; Columbia River Women's Center; Curry Family Medical; Curry Medical North; Dallas Family Care; Dunes Family Health Care; Evergreen Family Medicine; Evergreen Family Medicine - Sutherlin; Evergreen Family Medicine (Harvard); Evergreen Family Medicine South; Family Health Associates; Family Health Associates Umatilla Clinic; Good Shepherd Medical Group; Grande Ronde Hospital Elgin Clinic; Grande Ronde Hospital Regional Medical Clinic; Grande Ronde Hospital Union Clinic; Grande Ronde Hospital Urgent Care; Grande Ronde Hospital Womens & Childrens Clinic; Grant County Health Department; Harney County Health Department; Harney District Hospital Family Care; Ione Community Clinic; Irrigon Medical Clinic; La Grande Family Medicine; Lake Health Clinic; Legacy Medical Group - Firwood; Legacy Medical Group - Mt. Angel; Legacy Medical Group - Silverton; Legacy Medical Group - St Helens; Legacy Medical Group - Woodburn Health Center; Madras Medical Group; Malheur Memorial Health Center; MCMC Family Medicine; McMinnville Internal Medicine; North Bend Medical Center Bandon; North Bend Medical Center, Inc Immediate Care; Oak Street Health Care Center; OHSU Primary Care Clinic, Scappoose; Orchid Health; Orchid Health Fern Ridge Clinic; Orchid Health McKenzie River Clinic; Orchid Health Wade Creek Clinic; Oregon Integrated Health - Florence; Park Street Clinic; Pediatric Specialists of Pendleton; Pendleton Family Medicine; Pine Eagle Clinic; Pioneer Memorial Clinic; Providence Cannon Beach Clinic; Providence Internal Medicine - Hood River; Providence Seaside Clinic; Providence Warrenton Clinic; Salem Health Medical Clinic Woodburn; Samaritan Coastal Clinic; Samaritan Depoe Bay Clinic; Samaritan Family Medicine - Brownsville; Samaritan Family Medicine - Main St; Samaritan Family Medicine Resident Clinic – Lebanon; Samaritan Health Center-Newport; Samaritan Lebanon Community Hospital Medical Clinic Sweet Home; Samaritan Lebanon Health Center; Samaritan Lincoln City Medical Center; Samaritan Toledo Clinic; Samaritan Urgent Care Walk-In Clinic - Lebanon; Samaritan Waldport Clinic; Santiam Internal Medicine Clinic; Santiam Medical Associates; Santiam Medical Clinic; Sherman County Medical Clinic; Siskiyou Pediatric Clinic, LLP; South Gilliam Health Center; St. Alphonsus Family Medicine Clinic; St. Charles Family Care Prineville; St. Lukes Clinic-Eastern Oregon Medical Associates; Strawberry Wilderness Community Clinic; Sublimity Medical Clinic; Thrivewell Clinic; Umpqua Health Newton Creek; UrgentCare NW Astoria PC; Wallowa Memorial Medical Clinic - Downtown; Wallowa Memorial Medical Clinic - Enterprise; Wallowa Memorial Medical Clinic - Joseph; Wallowa Memorial Medical Clinic - Wallowa; Warner Mountain Medical Clinic; Water's Edge Medical Clinic; West Hills Family Care; Women's Healthcare Associates; Woodburn Pediatric Clinic",SEMICOLON,102,87,St. Charles Family Care Prineville,FALSE,10000000,"RCJ published one amount for a field naming 102 recipients. This is the FIELD total, NOT this recipient's award. Never divide it (§6.2) - no source states how it splits.",OR - 2026 - What is the RHTP?,https://www.ruralcarejourney.com/api/documents/f6c8e968-6eea-426b-b4bd-faf617e0c220/file,NA,"§6.2: semicolon-delimited awardeeName naming 102 recipients, 61 of which pass the §6.1 legal-entity test. One candidate per fragment, routed to review -- the split is a guess about the state's formatting, not a fact. The amount is the FIELD total and is never divided."
303bc50f-2cda-4e0c-a785-98bb4b3c69ac,OR,Oregon,SUBAWARD,"Adventist Health – Estacada; Adventist Health – Manzanita; Adventist Health – Pacific City; Adventist Health – Vernonia; Adventist Health Specialty Clinic; Adventist Health Women’s and Family Health; Aumsville Medical Clinic; Cascade Medical Clinic; CHI St. Anthony Hospital Family Clinic; CMH Astoria Primary Care Clinic; CMH Primary Care & Urgent Care-Seaside; CMH Warrenton Primary Care Clinic; Coastal Health Practitioners; Columbia Gorge Family Medicine; Columbia River Women's Center; Curry Family Medical; Curry Medical North; Dallas Family Care; Dunes Family Health Care; Evergreen Family Medicine; Evergreen Family Medicine - Sutherlin; Evergreen Family Medicine (Harvard); Evergreen Family Medicine South; Family Health Associates; Family Health Associates Umatilla Clinic; Good Shepherd Medical Group; Grande Ronde Hospital Elgin Clinic; Grande Ronde Hospital Regional Medical Clinic; Grande Ronde Hospital Union Clinic; Grande Ronde Hospital Urgent Care; Grande Ronde Hospital Womens & Childrens Clinic; Grant County Health Department; Harney County Health Department; Harney District Hospital Family Care; Ione Community Clinic; Irrigon Medical Clinic; La Grande Family Medicine; Lake Health Clinic; Legacy Medical Group - Firwood; Legacy Medical Group - Mt. Angel; Legacy Medical Group - Silverton; Legacy Medical Group - St Helens; Legacy Medical Group - Woodburn Health Center; Madras Medical Group; Malheur Memorial Health Center; MCMC Family Medicine; McMinnville Internal Medicine; North Bend Medical Center Bandon; North Bend Medical Center, Inc Immediate Care; Oak Street Health Care Center; OHSU Primary Care Clinic, Scappoose; Orchid Health; Orchid Health Fern Ridge Clinic; Orchid Health McKenzie River Clinic; Orchid Health Wade Creek Clinic; Oregon Integrated Health - Florence; Park Street Clinic; Pediatric Specialists of Pendleton; Pendleton Family Medicine; Pine Eagle Clinic; Pioneer Memorial Clinic; Providence Cannon Beach Clinic; Providence Internal Medicine - Hood River; Providence Seaside Clinic; Providence Warrenton Clinic; Salem Health Medical Clinic Woodburn; Samaritan Coastal Clinic; Samaritan Depoe Bay Clinic; Samaritan Family Medicine - Brownsville; Samaritan Family Medicine - Main St; Samaritan Family Medicine Resident Clinic – Lebanon; Samaritan Health Center-Newport; Samaritan Lebanon Community Hospital Medical Clinic Sweet Home; Samaritan Lebanon Health Center; Samaritan Lincoln City Medical Center; Samaritan Toledo Clinic; Samaritan Urgent Care Walk-In Clinic - Lebanon; Samaritan Waldport Clinic; Santiam Internal Medicine Clinic; Santiam Medical Associates; Santiam Medical Clinic; Sherman County Medical Clinic; Siskiyou Pediatric Clinic, LLP; South Gilliam Health Center; St. Alphonsus Family Medicine Clinic; St. Charles Family Care Prineville; St. Lukes Clinic-Eastern Oregon Medical Associates; Strawberry Wilderness Community Clinic; Sublimity Medical Clinic; Thrivewell Clinic; Umpqua Health Newton Creek; UrgentCare NW Astoria PC; Wallowa Memorial Medical Clinic - Downtown; Wallowa Memorial Medical Clinic - Enterprise; Wallowa Memorial Medical Clinic - Joseph; Wallowa Memorial Medical Clinic - Wallowa; Warner Mountain Medical Clinic; Water's Edge Medical Clinic; West Hills Family Care; Women's Healthcare Associates; Woodburn Pediatric Clinic",SEMICOLON,102,88,St. Lukes Clinic-Eastern Oregon Medical Associates,TRUE,10000000,"RCJ published one amount for a field naming 102 recipients. This is the FIELD total, NOT this recipient's award. Never divide it (§6.2) - no source states how it splits.",OR - 2026 - What is the RHTP?,https://www.ruralcarejourney.com/api/documents/f6c8e968-6eea-426b-b4bd-faf617e0c220/file,NA,"§6.2: semicolon-delimited awardeeName naming 102 recipients, 61 of which pass the §6.1 legal-entity test. One candidate per fragment, routed to review -- the split is a guess about the state's formatting, not a fact. The amount is the FIELD total and is never divided."
303bc50f-2cda-4e0c-a785-98bb4b3c69ac,OR,Oregon,SUBAWARD,"Adventist Health – Estacada; Adventist Health – Manzanita; Adventist Health – Pacific City; Adventist Health – Vernonia; Adventist Health Specialty Clinic; Adventist Health Women’s and Family Health; Aumsville Medical Clinic; Cascade Medical Clinic; CHI St. Anthony Hospital Family Clinic; CMH Astoria Primary Care Clinic; CMH Primary Care & Urgent Care-Seaside; CMH Warrenton Primary Care Clinic; Coastal Health Practitioners; Columbia Gorge Family Medicine; Columbia River Women's Center; Curry Family Medical; Curry Medical North; Dallas Family Care; Dunes Family Health Care; Evergreen Family Medicine; Evergreen Family Medicine - Sutherlin; Evergreen Family Medicine (Harvard); Evergreen Family Medicine South; Family Health Associates; Family Health Associates Umatilla Clinic; Good Shepherd Medical Group; Grande Ronde Hospital Elgin Clinic; Grande Ronde Hospital Regional Medical Clinic; Grande Ronde Hospital Union Clinic; Grande Ronde Hospital Urgent Care; Grande Ronde Hospital Womens & Childrens Clinic; Grant County Health Department; Harney County Health Department; Harney District Hospital Family Care; Ione Community Clinic; Irrigon Medical Clinic; La Grande Family Medicine; Lake Health Clinic; Legacy Medical Group - Firwood; Legacy Medical Group - Mt. Angel; Legacy Medical Group - Silverton; Legacy Medical Group - St Helens; Legacy Medical Group - Woodburn Health Center; Madras Medical Group; Malheur Memorial Health Center; MCMC Family Medicine; McMinnville Internal Medicine; North Bend Medical Center Bandon; North Bend Medical Center, Inc Immediate Care; Oak Street Health Care Center; OHSU Primary Care Clinic, Scappoose; Orchid Health; Orchid Health Fern Ridge Clinic; Orchid Health McKenzie River Clinic; Orchid Health Wade Creek Clinic; Oregon Integrated Health - Florence; Park Street Clinic; Pediatric Specialists of Pendleton; Pendleton Family Medicine; Pine Eagle Clinic; Pioneer Memorial Clinic; Providence Cannon Beach Clinic; Providence Internal Medicine - Hood River; Providence Seaside Clinic; Providence Warrenton Clinic; Salem Health Medical Clinic Woodburn; Samaritan Coastal Clinic; Samaritan Depoe Bay Clinic; Samaritan Family Medicine - Brownsville; Samaritan Family Medicine - Main St; Samaritan Family Medicine Resident Clinic – Lebanon; Samaritan Health Center-Newport; Samaritan Lebanon Community Hospital Medical Clinic Sweet Home; Samaritan Lebanon Health Center; Samaritan Lincoln City Medical Center; Samaritan Toledo Clinic; Samaritan Urgent Care Walk-In Clinic - Lebanon; Samaritan Waldport Clinic; Santiam Internal Medicine Clinic; Santiam Medical Associates; Santiam Medical Clinic; Sherman County Medical Clinic; Siskiyou Pediatric Clinic, LLP; South Gilliam Health Center; St. Alphonsus Family Medicine Clinic; St. Charles Family Care Prineville; St. Lukes Clinic-Eastern Oregon Medical Associates; Strawberry Wilderness Community Clinic; Sublimity Medical Clinic; Thrivewell Clinic; Umpqua Health Newton Creek; UrgentCare NW Astoria PC; Wallowa Memorial Medical Clinic - Downtown; Wallowa Memorial Medical Clinic - Enterprise; Wallowa Memorial Medical Clinic - Joseph; Wallowa Memorial Medical Clinic - Wallowa; Warner Mountain Medical Clinic; Water's Edge Medical Clinic; West Hills Family Care; Women's Healthcare Associates; Woodburn Pediatric Clinic",SEMICOLON,102,89,Strawberry Wilderness Community Clinic,TRUE,10000000,"RCJ published one amount for a field naming 102 recipients. This is the FIELD total, NOT this recipient's award. Never divide it (§6.2) - no source states how it splits.",OR - 2026 - What is the RHTP?,https://www.ruralcarejourney.com/api/documents/f6c8e968-6eea-426b-b4bd-faf617e0c220/file,NA,"§6.2: semicolon-delimited awardeeName naming 102 recipients, 61 of which pass the §6.1 legal-entity test. One candidate per fragment, routed to review -- the split is a guess about the state's formatting, not a fact. The amount is the FIELD total and is never divided."
303bc50f-2cda-4e0c-a785-98bb4b3c69ac,OR,Oregon,SUBAWARD,"Adventist Health – Estacada; Adventist Health – Manzanita; Adventist Health – Pacific City; Adventist Health – Vernonia; Adventist Health Specialty Clinic; Adventist Health Women’s and Family Health; Aumsville Medical Clinic; Cascade Medical Clinic; CHI St. Anthony Hospital Family Clinic; CMH Astoria Primary Care Clinic; CMH Primary Care & Urgent Care-Seaside; CMH Warrenton Primary Care Clinic; Coastal Health Practitioners; Columbia Gorge Family Medicine; Columbia River Women's Center; Curry Family Medical; Curry Medical North; Dallas Family Care; Dunes Family Health Care; Evergreen Family Medicine; Evergreen Family Medicine - Sutherlin; Evergreen Family Medicine (Harvard); Evergreen Family Medicine South; Family Health Associates; Family Health Associates Umatilla Clinic; Good Shepherd Medical Group; Grande Ronde Hospital Elgin Clinic; Grande Ronde Hospital Regional Medical Clinic; Grande Ronde Hospital Union Clinic; Grande Ronde Hospital Urgent Care; Grande Ronde Hospital Womens & Childrens Clinic; Grant County Health Department; Harney County Health Department; Harney District Hospital Family Care; Ione Community Clinic; Irrigon Medical Clinic; La Grande Family Medicine; Lake Health Clinic; Legacy Medical Group - Firwood; Legacy Medical Group - Mt. Angel; Legacy Medical Group - Silverton; Legacy Medical Group - St Helens; Legacy Medical Group - Woodburn Health Center; Madras Medical Group; Malheur Memorial Health Center; MCMC Family Medicine; McMinnville Internal Medicine; North Bend Medical Center Bandon; North Bend Medical Center, Inc Immediate Care; Oak Street Health Care Center; OHSU Primary Care Clinic, Scappoose; Orchid Health; Orchid Health Fern Ridge Clinic; Orchid Health McKenzie River Clinic; Orchid Health Wade Creek Clinic; Oregon Integrated Health - Florence; Park Street Clinic; Pediatric Specialists of Pendleton; Pendleton Family Medicine; Pine Eagle Clinic; Pioneer Memorial Clinic; Providence Cannon Beach Clinic; Providence Internal Medicine - Hood River; Providence Seaside Clinic; Providence Warrenton Clinic; Salem Health Medical Clinic Woodburn; Samaritan Coastal Clinic; Samaritan Depoe Bay Clinic; Samaritan Family Medicine - Brownsville; Samaritan Family Medicine - Main St; Samaritan Family Medicine Resident Clinic – Lebanon; Samaritan Health Center-Newport; Samaritan Lebanon Community Hospital Medical Clinic Sweet Home; Samaritan Lebanon Health Center; Samaritan Lincoln City Medical Center; Samaritan Toledo Clinic; Samaritan Urgent Care Walk-In Clinic - Lebanon; Samaritan Waldport Clinic; Santiam Internal Medicine Clinic; Santiam Medical Associates; Santiam Medical Clinic; Sherman County Medical Clinic; Siskiyou Pediatric Clinic, LLP; South Gilliam Health Center; St. Alphonsus Family Medicine Clinic; St. Charles Family Care Prineville; St. Lukes Clinic-Eastern Oregon Medical Associates; Strawberry Wilderness Community Clinic; Sublimity Medical Clinic; Thrivewell Clinic; Umpqua Health Newton Creek; UrgentCare NW Astoria PC; Wallowa Memorial Medical Clinic - Downtown; Wallowa Memorial Medical Clinic - Enterprise; Wallowa Memorial Medical Clinic - Joseph; Wallowa Memorial Medical Clinic - Wallowa; Warner Mountain Medical Clinic; Water's Edge Medical Clinic; West Hills Family Care; Women's Healthcare Associates; Woodburn Pediatric Clinic",SEMICOLON,102,90,Sublimity Medical Clinic,TRUE,10000000,"RCJ published one amount for a field naming 102 recipients. This is the FIELD total, NOT this recipient's award. Never divide it (§6.2) - no source states how it splits.",OR - 2026 - What is the RHTP?,https://www.ruralcarejourney.com/api/documents/f6c8e968-6eea-426b-b4bd-faf617e0c220/file,NA,"§6.2: semicolon-delimited awardeeName naming 102 recipients, 61 of which pass the §6.1 legal-entity test. One candidate per fragment, routed to review -- the split is a guess about the state's formatting, not a fact. The amount is the FIELD total and is never divided."
303bc50f-2cda-4e0c-a785-98bb4b3c69ac,OR,Oregon,SUBAWARD,"Adventist Health – Estacada; Adventist Health – Manzanita; Adventist Health – Pacific City; Adventist Health – Vernonia; Adventist Health Specialty Clinic; Adventist Health Women’s and Family Health; Aumsville Medical Clinic; Cascade Medical Clinic; CHI St. Anthony Hospital Family Clinic; CMH Astoria Primary Care Clinic; CMH Primary Care & Urgent Care-Seaside; CMH Warrenton Primary Care Clinic; Coastal Health Practitioners; Columbia Gorge Family Medicine; Columbia River Women's Center; Curry Family Medical; Curry Medical North; Dallas Family Care; Dunes Family Health Care; Evergreen Family Medicine; Evergreen Family Medicine - Sutherlin; Evergreen Family Medicine (Harvard); Evergreen Family Medicine South; Family Health Associates; Family Health Associates Umatilla Clinic; Good Shepherd Medical Group; Grande Ronde Hospital Elgin Clinic; Grande Ronde Hospital Regional Medical Clinic; Grande Ronde Hospital Union Clinic; Grande Ronde Hospital Urgent Care; Grande Ronde Hospital Womens & Childrens Clinic; Grant County Health Department; Harney County Health Department; Harney District Hospital Family Care; Ione Community Clinic; Irrigon Medical Clinic; La Grande Family Medicine; Lake Health Clinic; Legacy Medical Group - Firwood; Legacy Medical Group - Mt. Angel; Legacy Medical Group - Silverton; Legacy Medical Group - St Helens; Legacy Medical Group - Woodburn Health Center; Madras Medical Group; Malheur Memorial Health Center; MCMC Family Medicine; McMinnville Internal Medicine; North Bend Medical Center Bandon; North Bend Medical Center, Inc Immediate Care; Oak Street Health Care Center; OHSU Primary Care Clinic, Scappoose; Orchid Health; Orchid Health Fern Ridge Clinic; Orchid Health McKenzie River Clinic; Orchid Health Wade Creek Clinic; Oregon Integrated Health - Florence; Park Street Clinic; Pediatric Specialists of Pendleton; Pendleton Family Medicine; Pine Eagle Clinic; Pioneer Memorial Clinic; Providence Cannon Beach Clinic; Providence Internal Medicine - Hood River; Providence Seaside Clinic; Providence Warrenton Clinic; Salem Health Medical Clinic Woodburn; Samaritan Coastal Clinic; Samaritan Depoe Bay Clinic; Samaritan Family Medicine - Brownsville; Samaritan Family Medicine - Main St; Samaritan Family Medicine Resident Clinic – Lebanon; Samaritan Health Center-Newport; Samaritan Lebanon Community Hospital Medical Clinic Sweet Home; Samaritan Lebanon Health Center; Samaritan Lincoln City Medical Center; Samaritan Toledo Clinic; Samaritan Urgent Care Walk-In Clinic - Lebanon; Samaritan Waldport Clinic; Santiam Internal Medicine Clinic; Santiam Medical Associates; Santiam Medical Clinic; Sherman County Medical Clinic; Siskiyou Pediatric Clinic, LLP; South Gilliam Health Center; St. Alphonsus Family Medicine Clinic; St. Charles Family Care Prineville; St. Lukes Clinic-Eastern Oregon Medical Associates; Strawberry Wilderness Community Clinic; Sublimity Medical Clinic; Thrivewell Clinic; Umpqua Health Newton Creek; UrgentCare NW Astoria PC; Wallowa Memorial Medical Clinic - Downtown; Wallowa Memorial Medical Clinic - Enterprise; Wallowa Memorial Medical Clinic - Joseph; Wallowa Memorial Medical Clinic - Wallowa; Warner Mountain Medical Clinic; Water's Edge Medical Clinic; West Hills Family Care; Women's Healthcare Associates; Woodburn Pediatric Clinic",SEMICOLON,102,91,Thrivewell Clinic,TRUE,10000000,"RCJ published one amount for a field naming 102 recipients. This is the FIELD total, NOT this recipient's award. Never divide it (§6.2) - no source states how it splits.",OR - 2026 - What is the RHTP?,https://www.ruralcarejourney.com/api/documents/f6c8e968-6eea-426b-b4bd-faf617e0c220/file,NA,"§6.2: semicolon-delimited awardeeName naming 102 recipients, 61 of which pass the §6.1 legal-entity test. One candidate per fragment, routed to review -- the split is a guess about the state's formatting, not a fact. The amount is the FIELD total and is never divided."
303bc50f-2cda-4e0c-a785-98bb4b3c69ac,OR,Oregon,SUBAWARD,"Adventist Health – Estacada; Adventist Health – Manzanita; Adventist Health – Pacific City; Adventist Health – Vernonia; Adventist Health Specialty Clinic; Adventist Health Women’s and Family Health; Aumsville Medical Clinic; Cascade Medical Clinic; CHI St. Anthony Hospital Family Clinic; CMH Astoria Primary Care Clinic; CMH Primary Care & Urgent Care-Seaside; CMH Warrenton Primary Care Clinic; Coastal Health Practitioners; Columbia Gorge Family Medicine; Columbia River Women's Center; Curry Family Medical; Curry Medical North; Dallas Family Care; Dunes Family Health Care; Evergreen Family Medicine; Evergreen Family Medicine - Sutherlin; Evergreen Family Medicine (Harvard); Evergreen Family Medicine South; Family Health Associates; Family Health Associates Umatilla Clinic; Good Shepherd Medical Group; Grande Ronde Hospital Elgin Clinic; Grande Ronde Hospital Regional Medical Clinic; Grande Ronde Hospital Union Clinic; Grande Ronde Hospital Urgent Care; Grande Ronde Hospital Womens & Childrens Clinic; Grant County Health Department; Harney County Health Department; Harney District Hospital Family Care; Ione Community Clinic; Irrigon Medical Clinic; La Grande Family Medicine; Lake Health Clinic; Legacy Medical Group - Firwood; Legacy Medical Group - Mt. Angel; Legacy Medical Group - Silverton; Legacy Medical Group - St Helens; Legacy Medical Group - Woodburn Health Center; Madras Medical Group; Malheur Memorial Health Center; MCMC Family Medicine; McMinnville Internal Medicine; North Bend Medical Center Bandon; North Bend Medical Center, Inc Immediate Care; Oak Street Health Care Center; OHSU Primary Care Clinic, Scappoose; Orchid Health; Orchid Health Fern Ridge Clinic; Orchid Health McKenzie River Clinic; Orchid Health Wade Creek Clinic; Oregon Integrated Health - Florence; Park Street Clinic; Pediatric Specialists of Pendleton; Pendleton Family Medicine; Pine Eagle Clinic; Pioneer Memorial Clinic; Providence Cannon Beach Clinic; Providence Internal Medicine - Hood River; Providence Seaside Clinic; Providence Warrenton Clinic; Salem Health Medical Clinic Woodburn; Samaritan Coastal Clinic; Samaritan Depoe Bay Clinic; Samaritan Family Medicine - Brownsville; Samaritan Family Medicine - Main St; Samaritan Family Medicine Resident Clinic – Lebanon; Samaritan Health Center-Newport; Samaritan Lebanon Community Hospital Medical Clinic Sweet Home; Samaritan Lebanon Health Center; Samaritan Lincoln City Medical Center; Samaritan Toledo Clinic; Samaritan Urgent Care Walk-In Clinic - Lebanon; Samaritan Waldport Clinic; Santiam Internal Medicine Clinic; Santiam Medical Associates; Santiam Medical Clinic; Sherman County Medical Clinic; Siskiyou Pediatric Clinic, LLP; South Gilliam Health Center; St. Alphonsus Family Medicine Clinic; St. Charles Family Care Prineville; St. Lukes Clinic-Eastern Oregon Medical Associates; Strawberry Wilderness Community Clinic; Sublimity Medical Clinic; Thrivewell Clinic; Umpqua Health Newton Creek; UrgentCare NW Astoria PC; Wallowa Memorial Medical Clinic - Downtown; Wallowa Memorial Medical Clinic - Enterprise; Wallowa Memorial Medical Clinic - Joseph; Wallowa Memorial Medical Clinic - Wallowa; Warner Mountain Medical Clinic; Water's Edge Medical Clinic; West Hills Family Care; Women's Healthcare Associates; Woodburn Pediatric Clinic",SEMICOLON,102,92,Umpqua Health Newton Creek,FALSE,10000000,"RCJ published one amount for a field naming 102 recipients. This is the FIELD total, NOT this recipient's award. Never divide it (§6.2) - no source states how it splits.",OR - 2026 - What is the RHTP?,https://www.ruralcarejourney.com/api/documents/f6c8e968-6eea-426b-b4bd-faf617e0c220/file,NA,"§6.2: semicolon-delimited awardeeName naming 102 recipients, 61 of which pass the §6.1 legal-entity test. One candidate per fragment, routed to review -- the split is a guess about the state's formatting, not a fact. The amount is the FIELD total and is never divided."
303bc50f-2cda-4e0c-a785-98bb4b3c69ac,OR,Oregon,SUBAWARD,"Adventist Health – Estacada; Adventist Health – Manzanita; Adventist Health – Pacific City; Adventist Health – Vernonia; Adventist Health Specialty Clinic; Adventist Health Women’s and Family Health; Aumsville Medical Clinic; Cascade Medical Clinic; CHI St. Anthony Hospital Family Clinic; CMH Astoria Primary Care Clinic; CMH Primary Care & Urgent Care-Seaside; CMH Warrenton Primary Care Clinic; Coastal Health Practitioners; Columbia Gorge Family Medicine; Columbia River Women's Center; Curry Family Medical; Curry Medical North; Dallas Family Care; Dunes Family Health Care; Evergreen Family Medicine; Evergreen Family Medicine - Sutherlin; Evergreen Family Medicine (Harvard); Evergreen Family Medicine South; Family Health Associates; Family Health Associates Umatilla Clinic; Good Shepherd Medical Group; Grande Ronde Hospital Elgin Clinic; Grande Ronde Hospital Regional Medical Clinic; Grande Ronde Hospital Union Clinic; Grande Ronde Hospital Urgent Care; Grande Ronde Hospital Womens & Childrens Clinic; Grant County Health Department; Harney County Health Department; Harney District Hospital Family Care; Ione Community Clinic; Irrigon Medical Clinic; La Grande Family Medicine; Lake Health Clinic; Legacy Medical Group - Firwood; Legacy Medical Group - Mt. Angel; Legacy Medical Group - Silverton; Legacy Medical Group - St Helens; Legacy Medical Group - Woodburn Health Center; Madras Medical Group; Malheur Memorial Health Center; MCMC Family Medicine; McMinnville Internal Medicine; North Bend Medical Center Bandon; North Bend Medical Center, Inc Immediate Care; Oak Street Health Care Center; OHSU Primary Care Clinic, Scappoose; Orchid Health; Orchid Health Fern Ridge Clinic; Orchid Health McKenzie River Clinic; Orchid Health Wade Creek Clinic; Oregon Integrated Health - Florence; Park Street Clinic; Pediatric Specialists of Pendleton; Pendleton Family Medicine; Pine Eagle Clinic; Pioneer Memorial Clinic; Providence Cannon Beach Clinic; Providence Internal Medicine - Hood River; Providence Seaside Clinic; Providence Warrenton Clinic; Salem Health Medical Clinic Woodburn; Samaritan Coastal Clinic; Samaritan Depoe Bay Clinic; Samaritan Family Medicine - Brownsville; Samaritan Family Medicine - Main St; Samaritan Family Medicine Resident Clinic – Lebanon; Samaritan Health Center-Newport; Samaritan Lebanon Community Hospital Medical Clinic Sweet Home; Samaritan Lebanon Health Center; Samaritan Lincoln City Medical Center; Samaritan Toledo Clinic; Samaritan Urgent Care Walk-In Clinic - Lebanon; Samaritan Waldport Clinic; Santiam Internal Medicine Clinic; Santiam Medical Associates; Santiam Medical Clinic; Sherman County Medical Clinic; Siskiyou Pediatric Clinic, LLP; South Gilliam Health Center; St. Alphonsus Family Medicine Clinic; St. Charles Family Care Prineville; St. Lukes Clinic-Eastern Oregon Medical Associates; Strawberry Wilderness Community Clinic; Sublimity Medical Clinic; Thrivewell Clinic; Umpqua Health Newton Creek; UrgentCare NW Astoria PC; Wallowa Memorial Medical Clinic - Downtown; Wallowa Memorial Medical Clinic - Enterprise; Wallowa Memorial Medical Clinic - Joseph; Wallowa Memorial Medical Clinic - Wallowa; Warner Mountain Medical Clinic; Water's Edge Medical Clinic; West Hills Family Care; Women's Healthcare Associates; Woodburn Pediatric Clinic",SEMICOLON,102,93,UrgentCare NW Astoria PC,FALSE,10000000,"RCJ published one amount for a field naming 102 recipients. This is the FIELD total, NOT this recipient's award. Never divide it (§6.2) - no source states how it splits.",OR - 2026 - What is the RHTP?,https://www.ruralcarejourney.com/api/documents/f6c8e968-6eea-426b-b4bd-faf617e0c220/file,NA,"§6.2: semicolon-delimited awardeeName naming 102 recipients, 61 of which pass the §6.1 legal-entity test. One candidate per fragment, routed to review -- the split is a guess about the state's formatting, not a fact. The amount is the FIELD total and is never divided."
303bc50f-2cda-4e0c-a785-98bb4b3c69ac,OR,Oregon,SUBAWARD,"Adventist Health – Estacada; Adventist Health – Manzanita; Adventist Health – Pacific City; Adventist Health – Vernonia; Adventist Health Specialty Clinic; Adventist Health Women’s and Family Health; Aumsville Medical Clinic; Cascade Medical Clinic; CHI St. Anthony Hospital Family Clinic; CMH Astoria Primary Care Clinic; CMH Primary Care & Urgent Care-Seaside; CMH Warrenton Primary Care Clinic; Coastal Health Practitioners; Columbia Gorge Family Medicine; Columbia River Women's Center; Curry Family Medical; Curry Medical North; Dallas Family Care; Dunes Family Health Care; Evergreen Family Medicine; Evergreen Family Medicine - Sutherlin; Evergreen Family Medicine (Harvard); Evergreen Family Medicine South; Family Health Associates; Family Health Associates Umatilla Clinic; Good Shepherd Medical Group; Grande Ronde Hospital Elgin Clinic; Grande Ronde Hospital Regional Medical Clinic; Grande Ronde Hospital Union Clinic; Grande Ronde Hospital Urgent Care; Grande Ronde Hospital Womens & Childrens Clinic; Grant County Health Department; Harney County Health Department; Harney District Hospital Family Care; Ione Community Clinic; Irrigon Medical Clinic; La Grande Family Medicine; Lake Health Clinic; Legacy Medical Group - Firwood; Legacy Medical Group - Mt. Angel; Legacy Medical Group - Silverton; Legacy Medical Group - St Helens; Legacy Medical Group - Woodburn Health Center; Madras Medical Group; Malheur Memorial Health Center; MCMC Family Medicine; McMinnville Internal Medicine; North Bend Medical Center Bandon; North Bend Medical Center, Inc Immediate Care; Oak Street Health Care Center; OHSU Primary Care Clinic, Scappoose; Orchid Health; Orchid Health Fern Ridge Clinic; Orchid Health McKenzie River Clinic; Orchid Health Wade Creek Clinic; Oregon Integrated Health - Florence; Park Street Clinic; Pediatric Specialists of Pendleton; Pendleton Family Medicine; Pine Eagle Clinic; Pioneer Memorial Clinic; Providence Cannon Beach Clinic; Providence Internal Medicine - Hood River; Providence Seaside Clinic; Providence Warrenton Clinic; Salem Health Medical Clinic Woodburn; Samaritan Coastal Clinic; Samaritan Depoe Bay Clinic; Samaritan Family Medicine - Brownsville; Samaritan Family Medicine - Main St; Samaritan Family Medicine Resident Clinic – Lebanon; Samaritan Health Center-Newport; Samaritan Lebanon Community Hospital Medical Clinic Sweet Home; Samaritan Lebanon Health Center; Samaritan Lincoln City Medical Center; Samaritan Toledo Clinic; Samaritan Urgent Care Walk-In Clinic - Lebanon; Samaritan Waldport Clinic; Santiam Internal Medicine Clinic; Santiam Medical Associates; Santiam Medical Clinic; Sherman County Medical Clinic; Siskiyou Pediatric Clinic, LLP; South Gilliam Health Center; St. Alphonsus Family Medicine Clinic; St. Charles Family Care Prineville; St. Lukes Clinic-Eastern Oregon Medical Associates; Strawberry Wilderness Community Clinic; Sublimity Medical Clinic; Thrivewell Clinic; Umpqua Health Newton Creek; UrgentCare NW Astoria PC; Wallowa Memorial Medical Clinic - Downtown; Wallowa Memorial Medical Clinic - Enterprise; Wallowa Memorial Medical Clinic - Joseph; Wallowa Memorial Medical Clinic - Wallowa; Warner Mountain Medical Clinic; Water's Edge Medical Clinic; West Hills Family Care; Women's Healthcare Associates; Woodburn Pediatric Clinic",SEMICOLON,102,94,Wallowa Memorial Medical Clinic - Downtown,TRUE,10000000,"RCJ published one amount for a field naming 102 recipients. This is the FIELD total, NOT this recipient's award. Never divide it (§6.2) - no source states how it splits.",OR - 2026 - What is the RHTP?,https://www.ruralcarejourney.com/api/documents/f6c8e968-6eea-426b-b4bd-faf617e0c220/file,NA,"§6.2: semicolon-delimited awardeeName naming 102 recipients, 61 of which pass the §6.1 legal-entity test. One candidate per fragment, routed to review -- the split is a guess about the state's formatting, not a fact. The amount is the FIELD total and is never divided."
303bc50f-2cda-4e0c-a785-98bb4b3c69ac,OR,Oregon,SUBAWARD,"Adventist Health – Estacada; Adventist Health – Manzanita; Adventist Health – Pacific City; Adventist Health – Vernonia; Adventist Health Specialty Clinic; Adventist Health Women’s and Family Health; Aumsville Medical Clinic; Cascade Medical Clinic; CHI St. Anthony Hospital Family Clinic; CMH Astoria Primary Care Clinic; CMH Primary Care & Urgent Care-Seaside; CMH Warrenton Primary Care Clinic; Coastal Health Practitioners; Columbia Gorge Family Medicine; Columbia River Women's Center; Curry Family Medical; Curry Medical North; Dallas Family Care; Dunes Family Health Care; Evergreen Family Medicine; Evergreen Family Medicine - Sutherlin; Evergreen Family Medicine (Harvard); Evergreen Family Medicine South; Family Health Associates; Family Health Associates Umatilla Clinic; Good Shepherd Medical Group; Grande Ronde Hospital Elgin Clinic; Grande Ronde Hospital Regional Medical Clinic; Grande Ronde Hospital Union Clinic; Grande Ronde Hospital Urgent Care; Grande Ronde Hospital Womens & Childrens Clinic; Grant County Health Department; Harney County Health Department; Harney District Hospital Family Care; Ione Community Clinic; Irrigon Medical Clinic; La Grande Family Medicine; Lake Health Clinic; Legacy Medical Group - Firwood; Legacy Medical Group - Mt. Angel; Legacy Medical Group - Silverton; Legacy Medical Group - St Helens; Legacy Medical Group - Woodburn Health Center; Madras Medical Group; Malheur Memorial Health Center; MCMC Family Medicine; McMinnville Internal Medicine; North Bend Medical Center Bandon; North Bend Medical Center, Inc Immediate Care; Oak Street Health Care Center; OHSU Primary Care Clinic, Scappoose; Orchid Health; Orchid Health Fern Ridge Clinic; Orchid Health McKenzie River Clinic; Orchid Health Wade Creek Clinic; Oregon Integrated Health - Florence; Park Street Clinic; Pediatric Specialists of Pendleton; Pendleton Family Medicine; Pine Eagle Clinic; Pioneer Memorial Clinic; Providence Cannon Beach Clinic; Providence Internal Medicine - Hood River; Providence Seaside Clinic; Providence Warrenton Clinic; Salem Health Medical Clinic Woodburn; Samaritan Coastal Clinic; Samaritan Depoe Bay Clinic; Samaritan Family Medicine - Brownsville; Samaritan Family Medicine - Main St; Samaritan Family Medicine Resident Clinic – Lebanon; Samaritan Health Center-Newport; Samaritan Lebanon Community Hospital Medical Clinic Sweet Home; Samaritan Lebanon Health Center; Samaritan Lincoln City Medical Center; Samaritan Toledo Clinic; Samaritan Urgent Care Walk-In Clinic - Lebanon; Samaritan Waldport Clinic; Santiam Internal Medicine Clinic; Santiam Medical Associates; Santiam Medical Clinic; Sherman County Medical Clinic; Siskiyou Pediatric Clinic, LLP; South Gilliam Health Center; St. Alphonsus Family Medicine Clinic; St. Charles Family Care Prineville; St. Lukes Clinic-Eastern Oregon Medical Associates; Strawberry Wilderness Community Clinic; Sublimity Medical Clinic; Thrivewell Clinic; Umpqua Health Newton Creek; UrgentCare NW Astoria PC; Wallowa Memorial Medical Clinic - Downtown; Wallowa Memorial Medical Clinic - Enterprise; Wallowa Memorial Medical Clinic - Joseph; Wallowa Memorial Medical Clinic - Wallowa; Warner Mountain Medical Clinic; Water's Edge Medical Clinic; West Hills Family Care; Women's Healthcare Associates; Woodburn Pediatric Clinic",SEMICOLON,102,95,Wallowa Memorial Medical Clinic - Enterprise,TRUE,10000000,"RCJ published one amount for a field naming 102 recipients. This is the FIELD total, NOT this recipient's award. Never divide it (§6.2) - no source states how it splits.",OR - 2026 - What is the RHTP?,https://www.ruralcarejourney.com/api/documents/f6c8e968-6eea-426b-b4bd-faf617e0c220/file,NA,"§6.2: semicolon-delimited awardeeName naming 102 recipients, 61 of which pass the §6.1 legal-entity test. One candidate per fragment, routed to review -- the split is a guess about the state's formatting, not a fact. The amount is the FIELD total and is never divided."
303bc50f-2cda-4e0c-a785-98bb4b3c69ac,OR,Oregon,SUBAWARD,"Adventist Health – Estacada; Adventist Health – Manzanita; Adventist Health – Pacific City; Adventist Health – Vernonia; Adventist Health Specialty Clinic; Adventist Health Women’s and Family Health; Aumsville Medical Clinic; Cascade Medical Clinic; CHI St. Anthony Hospital Family Clinic; CMH Astoria Primary Care Clinic; CMH Primary Care & Urgent Care-Seaside; CMH Warrenton Primary Care Clinic; Coastal Health Practitioners; Columbia Gorge Family Medicine; Columbia River Women's Center; Curry Family Medical; Curry Medical North; Dallas Family Care; Dunes Family Health Care; Evergreen Family Medicine; Evergreen Family Medicine - Sutherlin; Evergreen Family Medicine (Harvard); Evergreen Family Medicine South; Family Health Associates; Family Health Associates Umatilla Clinic; Good Shepherd Medical Group; Grande Ronde Hospital Elgin Clinic; Grande Ronde Hospital Regional Medical Clinic; Grande Ronde Hospital Union Clinic; Grande Ronde Hospital Urgent Care; Grande Ronde Hospital Womens & Childrens Clinic; Grant County Health Department; Harney County Health Department; Harney District Hospital Family Care; Ione Community Clinic; Irrigon Medical Clinic; La Grande Family Medicine; Lake Health Clinic; Legacy Medical Group - Firwood; Legacy Medical Group - Mt. Angel; Legacy Medical Group - Silverton; Legacy Medical Group - St Helens; Legacy Medical Group - Woodburn Health Center; Madras Medical Group; Malheur Memorial Health Center; MCMC Family Medicine; McMinnville Internal Medicine; North Bend Medical Center Bandon; North Bend Medical Center, Inc Immediate Care; Oak Street Health Care Center; OHSU Primary Care Clinic, Scappoose; Orchid Health; Orchid Health Fern Ridge Clinic; Orchid Health McKenzie River Clinic; Orchid Health Wade Creek Clinic; Oregon Integrated Health - Florence; Park Street Clinic; Pediatric Specialists of Pendleton; Pendleton Family Medicine; Pine Eagle Clinic; Pioneer Memorial Clinic; Providence Cannon Beach Clinic; Providence Internal Medicine - Hood River; Providence Seaside Clinic; Providence Warrenton Clinic; Salem Health Medical Clinic Woodburn; Samaritan Coastal Clinic; Samaritan Depoe Bay Clinic; Samaritan Family Medicine - Brownsville; Samaritan Family Medicine - Main St; Samaritan Family Medicine Resident Clinic – Lebanon; Samaritan Health Center-Newport; Samaritan Lebanon Community Hospital Medical Clinic Sweet Home; Samaritan Lebanon Health Center; Samaritan Lincoln City Medical Center; Samaritan Toledo Clinic; Samaritan Urgent Care Walk-In Clinic - Lebanon; Samaritan Waldport Clinic; Santiam Internal Medicine Clinic; Santiam Medical Associates; Santiam Medical Clinic; Sherman County Medical Clinic; Siskiyou Pediatric Clinic, LLP; South Gilliam Health Center; St. Alphonsus Family Medicine Clinic; St. Charles Family Care Prineville; St. Lukes Clinic-Eastern Oregon Medical Associates; Strawberry Wilderness Community Clinic; Sublimity Medical Clinic; Thrivewell Clinic; Umpqua Health Newton Creek; UrgentCare NW Astoria PC; Wallowa Memorial Medical Clinic - Downtown; Wallowa Memorial Medical Clinic - Enterprise; Wallowa Memorial Medical Clinic - Joseph; Wallowa Memorial Medical Clinic - Wallowa; Warner Mountain Medical Clinic; Water's Edge Medical Clinic; West Hills Family Care; Women's Healthcare Associates; Woodburn Pediatric Clinic",SEMICOLON,102,96,Wallowa Memorial Medical Clinic - Joseph,TRUE,10000000,"RCJ published one amount for a field naming 102 recipients. This is the FIELD total, NOT this recipient's award. Never divide it (§6.2) - no source states how it splits.",OR - 2026 - What is the RHTP?,https://www.ruralcarejourney.com/api/documents/f6c8e968-6eea-426b-b4bd-faf617e0c220/file,NA,"§6.2: semicolon-delimited awardeeName naming 102 recipients, 61 of which pass the §6.1 legal-entity test. One candidate per fragment, routed to review -- the split is a guess about the state's formatting, not a fact. The amount is the FIELD total and is never divided."
303bc50f-2cda-4e0c-a785-98bb4b3c69ac,OR,Oregon,SUBAWARD,"Adventist Health – Estacada; Adventist Health – Manzanita; Adventist Health – Pacific City; Adventist Health – Vernonia; Adventist Health Specialty Clinic; Adventist Health Women’s and Family Health; Aumsville Medical Clinic; Cascade Medical Clinic; CHI St. Anthony Hospital Family Clinic; CMH Astoria Primary Care Clinic; CMH Primary Care & Urgent Care-Seaside; CMH Warrenton Primary Care Clinic; Coastal Health Practitioners; Columbia Gorge Family Medicine; Columbia River Women's Center; Curry Family Medical; Curry Medical North; Dallas Family Care; Dunes Family Health Care; Evergreen Family Medicine; Evergreen Family Medicine - Sutherlin; Evergreen Family Medicine (Harvard); Evergreen Family Medicine South; Family Health Associates; Family Health Associates Umatilla Clinic; Good Shepherd Medical Group; Grande Ronde Hospital Elgin Clinic; Grande Ronde Hospital Regional Medical Clinic; Grande Ronde Hospital Union Clinic; Grande Ronde Hospital Urgent Care; Grande Ronde Hospital Womens & Childrens Clinic; Grant County Health Department; Harney County Health Department; Harney District Hospital Family Care; Ione Community Clinic; Irrigon Medical Clinic; La Grande Family Medicine; Lake Health Clinic; Legacy Medical Group - Firwood; Legacy Medical Group - Mt. Angel; Legacy Medical Group - Silverton; Legacy Medical Group - St Helens; Legacy Medical Group - Woodburn Health Center; Madras Medical Group; Malheur Memorial Health Center; MCMC Family Medicine; McMinnville Internal Medicine; North Bend Medical Center Bandon; North Bend Medical Center, Inc Immediate Care; Oak Street Health Care Center; OHSU Primary Care Clinic, Scappoose; Orchid Health; Orchid Health Fern Ridge Clinic; Orchid Health McKenzie River Clinic; Orchid Health Wade Creek Clinic; Oregon Integrated Health - Florence; Park Street Clinic; Pediatric Specialists of Pendleton; Pendleton Family Medicine; Pine Eagle Clinic; Pioneer Memorial Clinic; Providence Cannon Beach Clinic; Providence Internal Medicine - Hood River; Providence Seaside Clinic; Providence Warrenton Clinic; Salem Health Medical Clinic Woodburn; Samaritan Coastal Clinic; Samaritan Depoe Bay Clinic; Samaritan Family Medicine - Brownsville; Samaritan Family Medicine - Main St; Samaritan Family Medicine Resident Clinic – Lebanon; Samaritan Health Center-Newport; Samaritan Lebanon Community Hospital Medical Clinic Sweet Home; Samaritan Lebanon Health Center; Samaritan Lincoln City Medical Center; Samaritan Toledo Clinic; Samaritan Urgent Care Walk-In Clinic - Lebanon; Samaritan Waldport Clinic; Santiam Internal Medicine Clinic; Santiam Medical Associates; Santiam Medical Clinic; Sherman County Medical Clinic; Siskiyou Pediatric Clinic, LLP; South Gilliam Health Center; St. Alphonsus Family Medicine Clinic; St. Charles Family Care Prineville; St. Lukes Clinic-Eastern Oregon Medical Associates; Strawberry Wilderness Community Clinic; Sublimity Medical Clinic; Thrivewell Clinic; Umpqua Health Newton Creek; UrgentCare NW Astoria PC; Wallowa Memorial Medical Clinic - Downtown; Wallowa Memorial Medical Clinic - Enterprise; Wallowa Memorial Medical Clinic - Joseph; Wallowa Memorial Medical Clinic - Wallowa; Warner Mountain Medical Clinic; Water's Edge Medical Clinic; West Hills Family Care; Women's Healthcare Associates; Woodburn Pediatric Clinic",SEMICOLON,102,97,Wallowa Memorial Medical Clinic - Wallowa,TRUE,10000000,"RCJ published one amount for a field naming 102 recipients. This is the FIELD total, NOT this recipient's award. Never divide it (§6.2) - no source states how it splits.",OR - 2026 - What is the RHTP?,https://www.ruralcarejourney.com/api/documents/f6c8e968-6eea-426b-b4bd-faf617e0c220/file,NA,"§6.2: semicolon-delimited awardeeName naming 102 recipients, 61 of which pass the §6.1 legal-entity test. One candidate per fragment, routed to review -- the split is a guess about the state's formatting, not a fact. The amount is the FIELD total and is never divided."
303bc50f-2cda-4e0c-a785-98bb4b3c69ac,OR,Oregon,SUBAWARD,"Adventist Health – Estacada; Adventist Health – Manzanita; Adventist Health – Pacific City; Adventist Health – Vernonia; Adventist Health Specialty Clinic; Adventist Health Women’s and Family Health; Aumsville Medical Clinic; Cascade Medical Clinic; CHI St. Anthony Hospital Family Clinic; CMH Astoria Primary Care Clinic; CMH Primary Care & Urgent Care-Seaside; CMH Warrenton Primary Care Clinic; Coastal Health Practitioners; Columbia Gorge Family Medicine; Columbia River Women's Center; Curry Family Medical; Curry Medical North; Dallas Family Care; Dunes Family Health Care; Evergreen Family Medicine; Evergreen Family Medicine - Sutherlin; Evergreen Family Medicine (Harvard); Evergreen Family Medicine South; Family Health Associates; Family Health Associates Umatilla Clinic; Good Shepherd Medical Group; Grande Ronde Hospital Elgin Clinic; Grande Ronde Hospital Regional Medical Clinic; Grande Ronde Hospital Union Clinic; Grande Ronde Hospital Urgent Care; Grande Ronde Hospital Womens & Childrens Clinic; Grant County Health Department; Harney County Health Department; Harney District Hospital Family Care; Ione Community Clinic; Irrigon Medical Clinic; La Grande Family Medicine; Lake Health Clinic; Legacy Medical Group - Firwood; Legacy Medical Group - Mt. Angel; Legacy Medical Group - Silverton; Legacy Medical Group - St Helens; Legacy Medical Group - Woodburn Health Center; Madras Medical Group; Malheur Memorial Health Center; MCMC Family Medicine; McMinnville Internal Medicine; North Bend Medical Center Bandon; North Bend Medical Center, Inc Immediate Care; Oak Street Health Care Center; OHSU Primary Care Clinic, Scappoose; Orchid Health; Orchid Health Fern Ridge Clinic; Orchid Health McKenzie River Clinic; Orchid Health Wade Creek Clinic; Oregon Integrated Health - Florence; Park Street Clinic; Pediatric Specialists of Pendleton; Pendleton Family Medicine; Pine Eagle Clinic; Pioneer Memorial Clinic; Providence Cannon Beach Clinic; Providence Internal Medicine - Hood River; Providence Seaside Clinic; Providence Warrenton Clinic; Salem Health Medical Clinic Woodburn; Samaritan Coastal Clinic; Samaritan Depoe Bay Clinic; Samaritan Family Medicine - Brownsville; Samaritan Family Medicine - Main St; Samaritan Family Medicine Resident Clinic – Lebanon; Samaritan Health Center-Newport; Samaritan Lebanon Community Hospital Medical Clinic Sweet Home; Samaritan Lebanon Health Center; Samaritan Lincoln City Medical Center; Samaritan Toledo Clinic; Samaritan Urgent Care Walk-In Clinic - Lebanon; Samaritan Waldport Clinic; Santiam Internal Medicine Clinic; Santiam Medical Associates; Santiam Medical Clinic; Sherman County Medical Clinic; Siskiyou Pediatric Clinic, LLP; South Gilliam Health Center; St. Alphonsus Family Medicine Clinic; St. Charles Family Care Prineville; St. Lukes Clinic-Eastern Oregon Medical Associates; Strawberry Wilderness Community Clinic; Sublimity Medical Clinic; Thrivewell Clinic; Umpqua Health Newton Creek; UrgentCare NW Astoria PC; Wallowa Memorial Medical Clinic - Downtown; Wallowa Memorial Medical Clinic - Enterprise; Wallowa Memorial Medical Clinic - Joseph; Wallowa Memorial Medical Clinic - Wallowa; Warner Mountain Medical Clinic; Water's Edge Medical Clinic; West Hills Family Care; Women's Healthcare Associates; Woodburn Pediatric Clinic",SEMICOLON,102,98,Warner Mountain Medical Clinic,TRUE,10000000,"RCJ published one amount for a field naming 102 recipients. This is the FIELD total, NOT this recipient's award. Never divide it (§6.2) - no source states how it splits.",OR - 2026 - What is the RHTP?,https://www.ruralcarejourney.com/api/documents/f6c8e968-6eea-426b-b4bd-faf617e0c220/file,NA,"§6.2: semicolon-delimited awardeeName naming 102 recipients, 61 of which pass the §6.1 legal-entity test. One candidate per fragment, routed to review -- the split is a guess about the state's formatting, not a fact. The amount is the FIELD total and is never divided."
303bc50f-2cda-4e0c-a785-98bb4b3c69ac,OR,Oregon,SUBAWARD,"Adventist Health – Estacada; Adventist Health – Manzanita; Adventist Health – Pacific City; Adventist Health – Vernonia; Adventist Health Specialty Clinic; Adventist Health Women’s and Family Health; Aumsville Medical Clinic; Cascade Medical Clinic; CHI St. Anthony Hospital Family Clinic; CMH Astoria Primary Care Clinic; CMH Primary Care & Urgent Care-Seaside; CMH Warrenton Primary Care Clinic; Coastal Health Practitioners; Columbia Gorge Family Medicine; Columbia River Women's Center; Curry Family Medical; Curry Medical North; Dallas Family Care; Dunes Family Health Care; Evergreen Family Medicine; Evergreen Family Medicine - Sutherlin; Evergreen Family Medicine (Harvard); Evergreen Family Medicine South; Family Health Associates; Family Health Associates Umatilla Clinic; Good Shepherd Medical Group; Grande Ronde Hospital Elgin Clinic; Grande Ronde Hospital Regional Medical Clinic; Grande Ronde Hospital Union Clinic; Grande Ronde Hospital Urgent Care; Grande Ronde Hospital Womens & Childrens Clinic; Grant County Health Department; Harney County Health Department; Harney District Hospital Family Care; Ione Community Clinic; Irrigon Medical Clinic; La Grande Family Medicine; Lake Health Clinic; Legacy Medical Group - Firwood; Legacy Medical Group - Mt. Angel; Legacy Medical Group - Silverton; Legacy Medical Group - St Helens; Legacy Medical Group - Woodburn Health Center; Madras Medical Group; Malheur Memorial Health Center; MCMC Family Medicine; McMinnville Internal Medicine; North Bend Medical Center Bandon; North Bend Medical Center, Inc Immediate Care; Oak Street Health Care Center; OHSU Primary Care Clinic, Scappoose; Orchid Health; Orchid Health Fern Ridge Clinic; Orchid Health McKenzie River Clinic; Orchid Health Wade Creek Clinic; Oregon Integrated Health - Florence; Park Street Clinic; Pediatric Specialists of Pendleton; Pendleton Family Medicine; Pine Eagle Clinic; Pioneer Memorial Clinic; Providence Cannon Beach Clinic; Providence Internal Medicine - Hood River; Providence Seaside Clinic; Providence Warrenton Clinic; Salem Health Medical Clinic Woodburn; Samaritan Coastal Clinic; Samaritan Depoe Bay Clinic; Samaritan Family Medicine - Brownsville; Samaritan Family Medicine - Main St; Samaritan Family Medicine Resident Clinic – Lebanon; Samaritan Health Center-Newport; Samaritan Lebanon Community Hospital Medical Clinic Sweet Home; Samaritan Lebanon Health Center; Samaritan Lincoln City Medical Center; Samaritan Toledo Clinic; Samaritan Urgent Care Walk-In Clinic - Lebanon; Samaritan Waldport Clinic; Santiam Internal Medicine Clinic; Santiam Medical Associates; Santiam Medical Clinic; Sherman County Medical Clinic; Siskiyou Pediatric Clinic, LLP; South Gilliam Health Center; St. Alphonsus Family Medicine Clinic; St. Charles Family Care Prineville; St. Lukes Clinic-Eastern Oregon Medical Associates; Strawberry Wilderness Community Clinic; Sublimity Medical Clinic; Thrivewell Clinic; Umpqua Health Newton Creek; UrgentCare NW Astoria PC; Wallowa Memorial Medical Clinic - Downtown; Wallowa Memorial Medical Clinic - Enterprise; Wallowa Memorial Medical Clinic - Joseph; Wallowa Memorial Medical Clinic - Wallowa; Warner Mountain Medical Clinic; Water's Edge Medical Clinic; West Hills Family Care; Women's Healthcare Associates; Woodburn Pediatric Clinic",SEMICOLON,102,99,Water's Edge Medical Clinic,TRUE,10000000,"RCJ published one amount for a field naming 102 recipients. This is the FIELD total, NOT this recipient's award. Never divide it (§6.2) - no source states how it splits.",OR - 2026 - What is the RHTP?,https://www.ruralcarejourney.com/api/documents/f6c8e968-6eea-426b-b4bd-faf617e0c220/file,NA,"§6.2: semicolon-delimited awardeeName naming 102 recipients, 61 of which pass the §6.1 legal-entity test. One candidate per fragment, routed to review -- the split is a guess about the state's formatting, not a fact. The amount is the FIELD total and is never divided."
303bc50f-2cda-4e0c-a785-98bb4b3c69ac,OR,Oregon,SUBAWARD,"Adventist Health – Estacada; Adventist Health – Manzanita; Adventist Health – Pacific City; Adventist Health – Vernonia; Adventist Health Specialty Clinic; Adventist Health Women’s and Family Health; Aumsville Medical Clinic; Cascade Medical Clinic; CHI St. Anthony Hospital Family Clinic; CMH Astoria Primary Care Clinic; CMH Primary Care & Urgent Care-Seaside; CMH Warrenton Primary Care Clinic; Coastal Health Practitioners; Columbia Gorge Family Medicine; Columbia River Women's Center; Curry Family Medical; Curry Medical North; Dallas Family Care; Dunes Family Health Care; Evergreen Family Medicine; Evergreen Family Medicine - Sutherlin; Evergreen Family Medicine (Harvard); Evergreen Family Medicine South; Family Health Associates; Family Health Associates Umatilla Clinic; Good Shepherd Medical Group; Grande Ronde Hospital Elgin Clinic; Grande Ronde Hospital Regional Medical Clinic; Grande Ronde Hospital Union Clinic; Grande Ronde Hospital Urgent Care; Grande Ronde Hospital Womens & Childrens Clinic; Grant County Health Department; Harney County Health Department; Harney District Hospital Family Care; Ione Community Clinic; Irrigon Medical Clinic; La Grande Family Medicine; Lake Health Clinic; Legacy Medical Group - Firwood; Legacy Medical Group - Mt. Angel; Legacy Medical Group - Silverton; Legacy Medical Group - St Helens; Legacy Medical Group - Woodburn Health Center; Madras Medical Group; Malheur Memorial Health Center; MCMC Family Medicine; McMinnville Internal Medicine; North Bend Medical Center Bandon; North Bend Medical Center, Inc Immediate Care; Oak Street Health Care Center; OHSU Primary Care Clinic, Scappoose; Orchid Health; Orchid Health Fern Ridge Clinic; Orchid Health McKenzie River Clinic; Orchid Health Wade Creek Clinic; Oregon Integrated Health - Florence; Park Street Clinic; Pediatric Specialists of Pendleton; Pendleton Family Medicine; Pine Eagle Clinic; Pioneer Memorial Clinic; Providence Cannon Beach Clinic; Providence Internal Medicine - Hood River; Providence Seaside Clinic; Providence Warrenton Clinic; Salem Health Medical Clinic Woodburn; Samaritan Coastal Clinic; Samaritan Depoe Bay Clinic; Samaritan Family Medicine - Brownsville; Samaritan Family Medicine - Main St; Samaritan Family Medicine Resident Clinic – Lebanon; Samaritan Health Center-Newport; Samaritan Lebanon Community Hospital Medical Clinic Sweet Home; Samaritan Lebanon Health Center; Samaritan Lincoln City Medical Center; Samaritan Toledo Clinic; Samaritan Urgent Care Walk-In Clinic - Lebanon; Samaritan Waldport Clinic; Santiam Internal Medicine Clinic; Santiam Medical Associates; Santiam Medical Clinic; Sherman County Medical Clinic; Siskiyou Pediatric Clinic, LLP; South Gilliam Health Center; St. Alphonsus Family Medicine Clinic; St. Charles Family Care Prineville; St. Lukes Clinic-Eastern Oregon Medical Associates; Strawberry Wilderness Community Clinic; Sublimity Medical Clinic; Thrivewell Clinic; Umpqua Health Newton Creek; UrgentCare NW Astoria PC; Wallowa Memorial Medical Clinic - Downtown; Wallowa Memorial Medical Clinic - Enterprise; Wallowa Memorial Medical Clinic - Joseph; Wallowa Memorial Medical Clinic - Wallowa; Warner Mountain Medical Clinic; Water's Edge Medical Clinic; West Hills Family Care; Women's Healthcare Associates; Woodburn Pediatric Clinic",SEMICOLON,102,100,West Hills Family Care,FALSE,10000000,"RCJ published one amount for a field naming 102 recipients. This is the FIELD total, NOT this recipient's award. Never divide it (§6.2) - no source states how it splits.",OR - 2026 - What is the RHTP?,https://www.ruralcarejourney.com/api/documents/f6c8e968-6eea-426b-b4bd-faf617e0c220/file,NA,"§6.2: semicolon-delimited awardeeName naming 102 recipients, 61 of which pass the §6.1 legal-entity test. One candidate per fragment, routed to review -- the split is a guess about the state's formatting, not a fact. The amount is the FIELD total and is never divided."
303bc50f-2cda-4e0c-a785-98bb4b3c69ac,OR,Oregon,SUBAWARD,"Adventist Health – Estacada; Adventist Health – Manzanita; Adventist Health – Pacific City; Adventist Health – Vernonia; Adventist Health Specialty Clinic; Adventist Health Women’s and Family Health; Aumsville Medical Clinic; Cascade Medical Clinic; CHI St. Anthony Hospital Family Clinic; CMH Astoria Primary Care Clinic; CMH Primary Care & Urgent Care-Seaside; CMH Warrenton Primary Care Clinic; Coastal Health Practitioners; Columbia Gorge Family Medicine; Columbia River Women's Center; Curry Family Medical; Curry Medical North; Dallas Family Care; Dunes Family Health Care; Evergreen Family Medicine; Evergreen Family Medicine - Sutherlin; Evergreen Family Medicine (Harvard); Evergreen Family Medicine South; Family Health Associates; Family Health Associates Umatilla Clinic; Good Shepherd Medical Group; Grande Ronde Hospital Elgin Clinic; Grande Ronde Hospital Regional Medical Clinic; Grande Ronde Hospital Union Clinic; Grande Ronde Hospital Urgent Care; Grande Ronde Hospital Womens & Childrens Clinic; Grant County Health Department; Harney County Health Department; Harney District Hospital Family Care; Ione Community Clinic; Irrigon Medical Clinic; La Grande Family Medicine; Lake Health Clinic; Legacy Medical Group - Firwood; Legacy Medical Group - Mt. Angel; Legacy Medical Group - Silverton; Legacy Medical Group - St Helens; Legacy Medical Group - Woodburn Health Center; Madras Medical Group; Malheur Memorial Health Center; MCMC Family Medicine; McMinnville Internal Medicine; North Bend Medical Center Bandon; North Bend Medical Center, Inc Immediate Care; Oak Street Health Care Center; OHSU Primary Care Clinic, Scappoose; Orchid Health; Orchid Health Fern Ridge Clinic; Orchid Health McKenzie River Clinic; Orchid Health Wade Creek Clinic; Oregon Integrated Health - Florence; Park Street Clinic; Pediatric Specialists of Pendleton; Pendleton Family Medicine; Pine Eagle Clinic; Pioneer Memorial Clinic; Providence Cannon Beach Clinic; Providence Internal Medicine - Hood River; Providence Seaside Clinic; Providence Warrenton Clinic; Salem Health Medical Clinic Woodburn; Samaritan Coastal Clinic; Samaritan Depoe Bay Clinic; Samaritan Family Medicine - Brownsville; Samaritan Family Medicine - Main St; Samaritan Family Medicine Resident Clinic – Lebanon; Samaritan Health Center-Newport; Samaritan Lebanon Community Hospital Medical Clinic Sweet Home; Samaritan Lebanon Health Center; Samaritan Lincoln City Medical Center; Samaritan Toledo Clinic; Samaritan Urgent Care Walk-In Clinic - Lebanon; Samaritan Waldport Clinic; Santiam Internal Medicine Clinic; Santiam Medical Associates; Santiam Medical Clinic; Sherman County Medical Clinic; Siskiyou Pediatric Clinic, LLP; South Gilliam Health Center; St. Alphonsus Family Medicine Clinic; St. Charles Family Care Prineville; St. Lukes Clinic-Eastern Oregon Medical Associates; Strawberry Wilderness Community Clinic; Sublimity Medical Clinic; Thrivewell Clinic; Umpqua Health Newton Creek; UrgentCare NW Astoria PC; Wallowa Memorial Medical Clinic - Downtown; Wallowa Memorial Medical Clinic - Enterprise; Wallowa Memorial Medical Clinic - Joseph; Wallowa Memorial Medical Clinic - Wallowa; Warner Mountain Medical Clinic; Water's Edge Medical Clinic; West Hills Family Care; Women's Healthcare Associates; Woodburn Pediatric Clinic",SEMICOLON,102,101,Women's Healthcare Associates,TRUE,10000000,"RCJ published one amount for a field naming 102 recipients. This is the FIELD total, NOT this recipient's award. Never divide it (§6.2) - no source states how it splits.",OR - 2026 - What is the RHTP?,https://www.ruralcarejourney.com/api/documents/f6c8e968-6eea-426b-b4bd-faf617e0c220/file,NA,"§6.2: semicolon-delimited awardeeName naming 102 recipients, 61 of which pass the §6.1 legal-entity test. One candidate per fragment, routed to review -- the split is a guess about the state's formatting, not a fact. The amount is the FIELD total and is never divided."
303bc50f-2cda-4e0c-a785-98bb4b3c69ac,OR,Oregon,SUBAWARD,"Adventist Health – Estacada; Adventist Health – Manzanita; Adventist Health – Pacific City; Adventist Health – Vernonia; Adventist Health Specialty Clinic; Adventist Health Women’s and Family Health; Aumsville Medical Clinic; Cascade Medical Clinic; CHI St. Anthony Hospital Family Clinic; CMH Astoria Primary Care Clinic; CMH Primary Care & Urgent Care-Seaside; CMH Warrenton Primary Care Clinic; Coastal Health Practitioners; Columbia Gorge Family Medicine; Columbia River Women's Center; Curry Family Medical; Curry Medical North; Dallas Family Care; Dunes Family Health Care; Evergreen Family Medicine; Evergreen Family Medicine - Sutherlin; Evergreen Family Medicine (Harvard); Evergreen Family Medicine South; Family Health Associates; Family Health Associates Umatilla Clinic; Good Shepherd Medical Group; Grande Ronde Hospital Elgin Clinic; Grande Ronde Hospital Regional Medical Clinic; Grande Ronde Hospital Union Clinic; Grande Ronde Hospital Urgent Care; Grande Ronde Hospital Womens & Childrens Clinic; Grant County Health Department; Harney County Health Department; Harney District Hospital Family Care; Ione Community Clinic; Irrigon Medical Clinic; La Grande Family Medicine; Lake Health Clinic; Legacy Medical Group - Firwood; Legacy Medical Group - Mt. Angel; Legacy Medical Group - Silverton; Legacy Medical Group - St Helens; Legacy Medical Group - Woodburn Health Center; Madras Medical Group; Malheur Memorial Health Center; MCMC Family Medicine; McMinnville Internal Medicine; North Bend Medical Center Bandon; North Bend Medical Center, Inc Immediate Care; Oak Street Health Care Center; OHSU Primary Care Clinic, Scappoose; Orchid Health; Orchid Health Fern Ridge Clinic; Orchid Health McKenzie River Clinic; Orchid Health Wade Creek Clinic; Oregon Integrated Health - Florence; Park Street Clinic; Pediatric Specialists of Pendleton; Pendleton Family Medicine; Pine Eagle Clinic; Pioneer Memorial Clinic; Providence Cannon Beach Clinic; Providence Internal Medicine - Hood River; Providence Seaside Clinic; Providence Warrenton Clinic; Salem Health Medical Clinic Woodburn; Samaritan Coastal Clinic; Samaritan Depoe Bay Clinic; Samaritan Family Medicine - Brownsville; Samaritan Family Medicine - Main St; Samaritan Family Medicine Resident Clinic – Lebanon; Samaritan Health Center-Newport; Samaritan Lebanon Community Hospital Medical Clinic Sweet Home; Samaritan Lebanon Health Center; Samaritan Lincoln City Medical Center; Samaritan Toledo Clinic; Samaritan Urgent Care Walk-In Clinic - Lebanon; Samaritan Waldport Clinic; Santiam Internal Medicine Clinic; Santiam Medical Associates; Santiam Medical Clinic; Sherman County Medical Clinic; Siskiyou Pediatric Clinic, LLP; South Gilliam Health Center; St. Alphonsus Family Medicine Clinic; St. Charles Family Care Prineville; St. Lukes Clinic-Eastern Oregon Medical Associates; Strawberry Wilderness Community Clinic; Sublimity Medical Clinic; Thrivewell Clinic; Umpqua Health Newton Creek; UrgentCare NW Astoria PC; Wallowa Memorial Medical Clinic - Downtown; Wallowa Memorial Medical Clinic - Enterprise; Wallowa Memorial Medical Clinic - Joseph; Wallowa Memorial Medical Clinic - Wallowa; Warner Mountain Medical Clinic; Water's Edge Medical Clinic; West Hills Family Care; Women's Healthcare Associates; Woodburn Pediatric Clinic",SEMICOLON,102,102,Woodburn Pediatric Clinic,TRUE,10000000,"RCJ published one amount for a field naming 102 recipients. This is the FIELD total, NOT this recipient's award. Never divide it (§6.2) - no source states how it splits.",OR - 2026 - What is the RHTP?,https://www.ruralcarejourney.com/api/documents/f6c8e968-6eea-426b-b4bd-faf617e0c220/file,NA,"§6.2: semicolon-delimited awardeeName naming 102 recipients, 61 of which pass the §6.1 legal-entity test. One candidate per fragment, routed to review -- the split is a guess about the state's formatting, not a fact. The amount is the FIELD total and is never divided."
45ca7d31-293e-4795-8e4b-c143529f722b,OR,Oregon,SUBAWARD,"Oregon Health & Science University, University Center for Excellence on Development and Disability",COMMA,2,1,Oregon Health & Science University,TRUE,209200.87,"RCJ published one amount for a field naming 2 recipients. This is the FIELD total, NOT this recipient's award. Never divide it (§6.2) - no source states how it splits.","OR - 2026 - Oregon RHTP Catalyst Awards — Year 1 (FY2026) project-level funding data. 103 projects across 85 organizations, $80.1M total Year 1 funds distributed.",https://www.ruralcarejourney.com/api/documents/002ded15-4517-4408-ba54-8303adc22acc/file,NA,"§6.2: comma-delimited awardeeName naming 2 recipients, 2 of which pass the §6.1 legal-entity test. One candidate per fragment, routed to review -- the split is a guess about the state's formatting, not a fact. The amount is the FIELD total and is never divided."
45ca7d31-293e-4795-8e4b-c143529f722b,OR,Oregon,SUBAWARD,"Oregon Health & Science University, University Center for Excellence on Development and Disability",COMMA,2,2,University Center for Excellence on Development and Disability,TRUE,209200.87,"RCJ published one amount for a field naming 2 recipients. This is the FIELD total, NOT this recipient's award. Never divide it (§6.2) - no source states how it splits.","OR - 2026 - Oregon RHTP Catalyst Awards — Year 1 (FY2026) project-level funding data. 103 projects across 85 organizations, $80.1M total Year 1 funds distributed.",https://www.ruralcarejourney.com/api/documents/002ded15-4517-4408-ba54-8303adc22acc/file,NA,"§6.2: comma-delimited awardeeName naming 2 recipients, 2 of which pass the §6.1 legal-entity test. One candidate per fragment, routed to review -- the split is a guess about the state's formatting, not a fact. The amount is the FIELD total and is never divided."
4f378ec3-1a67-45e6-9adc-456d85ccac5a,OR,Oregon,SUBAWARD,"Oregon Rural Practice-based Research Network (ORPRN), Oregon Community Health Workers' Association (ORCHWA), Familias en Acción, Oregon Wellness Network (OWN)",COMMA,4,1,Oregon Rural Practice-based Research Network (ORPRN),FALSE,363000,"RCJ published one amount for a field naming 4 recipients. This is the FIELD total, NOT this recipient's award. Never divide it (§6.2) - no source states how it splits.",OR - 2026 - RHTP Awards & Investments in Rural Communities,https://www.ruralcarejourney.com/api/documents/7226e0f3-ce68-4418-a8be-c9ff09120415/file,NA,"§6.2: comma-delimited awardeeName naming 4 recipients, 1 of which pass the §6.1 legal-entity test. One candidate per fragment, routed to review -- the split is a guess about the state's formatting, not a fact. The amount is the FIELD total and is never divided."
4f378ec3-1a67-45e6-9adc-456d85ccac5a,OR,Oregon,SUBAWARD,"Oregon Rural Practice-based Research Network (ORPRN), Oregon Community Health Workers' Association (ORCHWA), Familias en Acción, Oregon Wellness Network (OWN)",COMMA,4,2,Oregon Community Health Workers' Association (ORCHWA),TRUE,363000,"RCJ published one amount for a field naming 4 recipients. This is the FIELD total, NOT this recipient's award. Never divide it (§6.2) - no source states how it splits.",OR - 2026 - RHTP Awards & Investments in Rural Communities,https://www.ruralcarejourney.com/api/documents/7226e0f3-ce68-4418-a8be-c9ff09120415/file,NA,"§6.2: comma-delimited awardeeName naming 4 recipients, 1 of which pass the §6.1 legal-entity test. One candidate per fragment, routed to review -- the split is a guess about the state's formatting, not a fact. The amount is the FIELD total and is never divided."
4f378ec3-1a67-45e6-9adc-456d85ccac5a,OR,Oregon,SUBAWARD,"Oregon Rural Practice-based Research Network (ORPRN), Oregon Community Health Workers' Association (ORCHWA), Familias en Acción, Oregon Wellness Network (OWN)",COMMA,4,3,Familias en Acción,FALSE,363000,"RCJ published one amount for a field naming 4 recipients. This is the FIELD total, NOT this recipient's award. Never divide it (§6.2) - no source states how it splits.",OR - 2026 - RHTP Awards & Investments in Rural Communities,https://www.ruralcarejourney.com/api/documents/7226e0f3-ce68-4418-a8be-c9ff09120415/file,NA,"§6.2: comma-delimited awardeeName naming 4 recipients, 1 of which pass the §6.1 legal-entity test. One candidate per fragment, routed to review -- the split is a guess about the state's formatting, not a fact. The amount is the FIELD total and is never divided."
4f378ec3-1a67-45e6-9adc-456d85ccac5a,OR,Oregon,SUBAWARD,"Oregon Rural Practice-based Research Network (ORPRN), Oregon Community Health Workers' Association (ORCHWA), Familias en Acción, Oregon Wellness Network (OWN)",COMMA,4,4,Oregon Wellness Network (OWN),FALSE,363000,"RCJ published one amount for a field naming 4 recipients. This is the FIELD total, NOT this recipient's award. Never divide it (§6.2) - no source states how it splits.",OR - 2026 - RHTP Awards & Investments in Rural Communities,https://www.ruralcarejourney.com/api/documents/7226e0f3-ce68-4418-a8be-c9ff09120415/file,NA,"§6.2: comma-delimited awardeeName naming 4 recipients, 1 of which pass the §6.1 legal-entity test. One candidate per fragment, routed to review -- the split is a guess about the state's formatting, not a fact. The amount is the FIELD total and is never divided."
7c9f8c5d-4340-4706-82ea-651d70ed8f58,OR,Oregon,SUBAWARD,"Oregon Health & Science University, University Center for Excellence on Development and Disability",COMMA,2,1,Oregon Health & Science University,TRUE,209200.87,"RCJ published one amount for a field naming 2 recipients. This is the FIELD total, NOT this recipient's award. Never divide it (§6.2) - no source states how it splits.",OR - 2026 - OHA announces grants to advance rural healthcare in every Oregon county,https://www.ruralcarejourney.com/api/documents/2cac1a8b-930c-4ed4-82b8-428f9ac652af/file,NA,"§6.2: comma-delimited awardeeName naming 2 recipients, 2 of which pass the §6.1 legal-entity test. One candidate per fragment, routed to review -- the split is a guess about the state's formatting, not a fact. The amount is the FIELD total and is never divided."
7c9f8c5d-4340-4706-82ea-651d70ed8f58,OR,Oregon,SUBAWARD,"Oregon Health & Science University, University Center for Excellence on Development and Disability",COMMA,2,2,University Center for Excellence on Development and Disability,TRUE,209200.87,"RCJ published one amount for a field naming 2 recipients. This is the FIELD total, NOT this recipient's award. Never divide it (§6.2) - no source states how it splits.",OR - 2026 - OHA announces grants to advance rural healthcare in every Oregon county,https://www.ruralcarejourney.com/api/documents/2cac1a8b-930c-4ed4-82b8-428f9ac652af/file,NA,"§6.2: comma-delimited awardeeName naming 2 recipients, 2 of which pass the §6.1 legal-entity test. One candidate per fragment, routed to review -- the split is a guess about the state's formatting, not a fact. The amount is the FIELD total and is never divided."
97a75b44-1db0-485e-85f4-40720ff723f5,OR,Oregon,SUBAWARD,"Oregon Health & Science University, Northwest Native American Center of Excellence (NNACoE)",COMMA,2,1,Oregon Health & Science University,TRUE,500351.61,"RCJ published one amount for a field naming 2 recipients. This is the FIELD total, NOT this recipient's award. Never divide it (§6.2) - no source states how it splits.","OR - 2026 - Oregon RHTP Catalyst Awards — Year 1 (FY2026) project-level funding data. 103 projects across 85 organizations, $80.1M total Year 1 funds distributed.",https://www.ruralcarejourney.com/api/documents/002ded15-4517-4408-ba54-8303adc22acc/file,NA,"§6.2: comma-delimited awardeeName naming 2 recipients, 1 of which pass the §6.1 legal-entity test. One candidate per fragment, routed to review -- the split is a guess about the state's formatting, not a fact. The amount is the FIELD total and is never divided."
97a75b44-1db0-485e-85f4-40720ff723f5,OR,Oregon,SUBAWARD,"Oregon Health & Science University, Northwest Native American Center of Excellence (NNACoE)",COMMA,2,2,Northwest Native American Center of Excellence (NNACoE),FALSE,500351.61,"RCJ published one amount for a field naming 2 recipients. This is the FIELD total, NOT this recipient's award. Never divide it (§6.2) - no source states how it splits.","OR - 2026 - Oregon RHTP Catalyst Awards — Year 1 (FY2026) project-level funding data. 103 projects across 85 organizations, $80.1M total Year 1 funds distributed.",https://www.ruralcarejourney.com/api/documents/002ded15-4517-4408-ba54-8303adc22acc/file,NA,"§6.2: comma-delimited awardeeName naming 2 recipients, 1 of which pass the §6.1 legal-entity test. One candidate per fragment, routed to review -- the split is a guess about the state's formatting, not a fact. The amount is the FIELD total and is never divided."
a36d5e32-97b0-4b29-a0b2-e94cec29f275,OR,Oregon,SUBAWARD,"Oregon Health & Science University, Northwest Native American Center of Excellence (NNACoE)",COMMA,2,1,Oregon Health & Science University,TRUE,500351.61,"RCJ published one amount for a field naming 2 recipients. This is the FIELD total, NOT this recipient's award. Never divide it (§6.2) - no source states how it splits.",OR - 2026 - OHA announces grants to advance rural healthcare in every Oregon county,https://www.ruralcarejourney.com/api/documents/2cac1a8b-930c-4ed4-82b8-428f9ac652af/file,NA,"§6.2: comma-delimited awardeeName naming 2 recipients, 1 of which pass the §6.1 legal-entity test. One candidate per fragment, routed to review -- the split is a guess about the state's formatting, not a fact. The amount is the FIELD total and is never divided."
a36d5e32-97b0-4b29-a0b2-e94cec29f275,OR,Oregon,SUBAWARD,"Oregon Health & Science University, Northwest Native American Center of Excellence (NNACoE)",COMMA,2,2,Northwest Native American Center of Excellence (NNACoE),FALSE,500351.61,"RCJ published one amount for a field naming 2 recipients. This is the FIELD total, NOT this recipient's award. Never divide it (§6.2) - no source states how it splits.",OR - 2026 - OHA announces grants to advance rural healthcare in every Oregon county,https://www.ruralcarejourney.com/api/documents/2cac1a8b-930c-4ed4-82b8-428f9ac652af/file,NA,"§6.2: comma-delimited awardeeName naming 2 recipients, 1 of which pass the §6.1 legal-entity test. One candidate per fragment, routed to review -- the split is a guess about the state's formatting, not a fact. The amount is the FIELD total and is never divided."
aa30130a-0d3a-4c78-b109-97ad83bc232c,OR,Oregon,SUBAWARD,"Alano Club, Comagine Health, Tabor North",COMMA,3,1,Alano Club,FALSE,1113000,"RCJ published one amount for a field naming 3 recipients. This is the FIELD total, NOT this recipient's award. Never divide it (§6.2) - no source states how it splits.",OR - 2026 - RHTP Awards & Investments in Rural Communities,https://www.ruralcarejourney.com/api/documents/7226e0f3-ce68-4418-a8be-c9ff09120415/file,NA,"§6.2: comma-delimited awardeeName naming 3 recipients, 0 of which pass the §6.1 legal-entity test. One candidate per fragment, routed to review -- the split is a guess about the state's formatting, not a fact. The amount is the FIELD total and is never divided."
aa30130a-0d3a-4c78-b109-97ad83bc232c,OR,Oregon,SUBAWARD,"Alano Club, Comagine Health, Tabor North",COMMA,3,2,Comagine Health,FALSE,1113000,"RCJ published one amount for a field naming 3 recipients. This is the FIELD total, NOT this recipient's award. Never divide it (§6.2) - no source states how it splits.",OR - 2026 - RHTP Awards & Investments in Rural Communities,https://www.ruralcarejourney.com/api/documents/7226e0f3-ce68-4418-a8be-c9ff09120415/file,NA,"§6.2: comma-delimited awardeeName naming 3 recipients, 0 of which pass the §6.1 legal-entity test. One candidate per fragment, routed to review -- the split is a guess about the state's formatting, not a fact. The amount is the FIELD total and is never divided."
aa30130a-0d3a-4c78-b109-97ad83bc232c,OR,Oregon,SUBAWARD,"Alano Club, Comagine Health, Tabor North",COMMA,3,3,Tabor North,FALSE,1113000,"RCJ published one amount for a field naming 3 recipients. This is the FIELD total, NOT this recipient's award. Never divide it (§6.2) - no source states how it splits.",OR - 2026 - RHTP Awards & Investments in Rural Communities,https://www.ruralcarejourney.com/api/documents/7226e0f3-ce68-4418-a8be-c9ff09120415/file,NA,"§6.2: comma-delimited awardeeName naming 3 recipients, 0 of which pass the §6.1 legal-entity test. One candidate per fragment, routed to review -- the split is a guess about the state's formatting, not a fact. The amount is the FIELD total and is never divided."
b1dc204e-21d4-4fc9-b286-29d07fd32796,OR,Oregon,SUBAWARD,"ORPRN, ORCHWA, Familias en Acción, OWN",COMMA,4,1,ORPRN,FALSE,363000,"RCJ published one amount for a field naming 4 recipients. This is the FIELD total, NOT this recipient's award. Never divide it (§6.2) - no source states how it splits.",OR - 2026 - OHA announces grants to advance rural healthcare in every Oregon county,https://www.ruralcarejourney.com/api/documents/2cac1a8b-930c-4ed4-82b8-428f9ac652af/file,NA,"§6.2: comma-delimited awardeeName naming 4 recipients, 0 of which pass the §6.1 legal-entity test. One candidate per fragment, routed to review -- the split is a guess about the state's formatting, not a fact. The amount is the FIELD total and is never divided."
b1dc204e-21d4-4fc9-b286-29d07fd32796,OR,Oregon,SUBAWARD,"ORPRN, ORCHWA, Familias en Acción, OWN",COMMA,4,2,ORCHWA,FALSE,363000,"RCJ published one amount for a field naming 4 recipients. This is the FIELD total, NOT this recipient's award. Never divide it (§6.2) - no source states how it splits.",OR - 2026 - OHA announces grants to advance rural healthcare in every Oregon county,https://www.ruralcarejourney.com/api/documents/2cac1a8b-930c-4ed4-82b8-428f9ac652af/file,NA,"§6.2: comma-delimited awardeeName naming 4 recipients, 0 of which pass the §6.1 legal-entity test. One candidate per fragment, routed to review -- the split is a guess about the state's formatting, not a fact. The amount is the FIELD total and is never divided."
b1dc204e-21d4-4fc9-b286-29d07fd32796,OR,Oregon,SUBAWARD,"ORPRN, ORCHWA, Familias en Acción, OWN",COMMA,4,3,Familias en Acción,FALSE,363000,"RCJ published one amount for a field naming 4 recipients. This is the FIELD total, NOT this recipient's award. Never divide it (§6.2) - no source states how it splits.",OR - 2026 - OHA announces grants to advance rural healthcare in every Oregon county,https://www.ruralcarejourney.com/api/documents/2cac1a8b-930c-4ed4-82b8-428f9ac652af/file,NA,"§6.2: comma-delimited awardeeName naming 4 recipients, 0 of which pass the §6.1 legal-entity test. One candidate per fragment, routed to review -- the split is a guess about the state's formatting, not a fact. The amount is the FIELD total and is never divided."
b1dc204e-21d4-4fc9-b286-29d07fd32796,OR,Oregon,SUBAWARD,"ORPRN, ORCHWA, Familias en Acción, OWN",COMMA,4,4,OWN,FALSE,363000,"RCJ published one amount for a field naming 4 recipients. This is the FIELD total, NOT this recipient's award. Never divide it (§6.2) - no source states how it splits.",OR - 2026 - OHA announces grants to advance rural healthcare in every Oregon county,https://www.ruralcarejourney.com/api/documents/2cac1a8b-930c-4ed4-82b8-428f9ac652af/file,NA,"§6.2: comma-delimited awardeeName naming 4 recipients, 0 of which pass the §6.1 legal-entity test. One candidate per fragment, routed to review -- the split is a guess about the state's formatting, not a fact. The amount is the FIELD total and is never divided."
ca6cda5d-81e5-4e7d-9799-e8954416ba72,OR,Oregon,SUBAWARD,"Oregon Health Authority Announces Funding for Rural Hospitals and Rural Health Clinics The Oregon Health Authority (OHA), in partnership with the Rural Health Transformation Program (RHTP) and the Office of Rural Health (ORH), is announcing funding for rural hospitals and Rural Health Clinics (RHCs) across Oregon. This funding is part of Oregon’s Rural Health Transformation Program, a multi-year effort to strengthen access to care and support health care delivery in rural communities across the state. All eligible RHCs will be offered a standardized funding amount. Rural hospitals will also be offered funding through a tiered approach , designed to reflect differences in size and capacity. Final funding amounts for year 1 are outlined below. Organizations Offered Funds Rural Hospitals Smaller Hospitals with less than or equal to 50 beds: The 32 rural hospitals with less than or equal to 50 beds are eligible for $ 963,000. Larger Hospitals with more than 50 beds: The three rural hospitals with more than 50 beds are eligible for $1,394,000. Hospital",COMMA,8,1,Oregon Health Authority Announces Funding for Rural Hospitals and Rural Health Clinics The Oregon Health Authority (OHA),FALSE,963000,"RCJ published one amount for a field naming 8 recipients. This is the FIELD total, NOT this recipient's award. Never divide it (§6.2) - no source states how it splits.",OR - 2026 - Oregon Health Authority Announces Funding for Rural Hospitals and Rural Health Clinics,https://www.ruralcarejourney.com/api/documents/e20a6bc6-82aa-4777-8ab0-0126237b6466/file,NA,"§6.2: comma-delimited awardeeName naming 8 recipients, 2 of which pass the §6.1 legal-entity test. One candidate per fragment, routed to review -- the split is a guess about the state's formatting, not a fact. The amount is the FIELD total and is never divided."
ca6cda5d-81e5-4e7d-9799-e8954416ba72,OR,Oregon,SUBAWARD,"Oregon Health Authority Announces Funding for Rural Hospitals and Rural Health Clinics The Oregon Health Authority (OHA), in partnership with the Rural Health Transformation Program (RHTP) and the Office of Rural Health (ORH), is announcing funding for rural hospitals and Rural Health Clinics (RHCs) across Oregon. This funding is part of Oregon’s Rural Health Transformation Program, a multi-year effort to strengthen access to care and support health care delivery in rural communities across the state. All eligible RHCs will be offered a standardized funding amount. Rural hospitals will also be offered funding through a tiered approach , designed to reflect differences in size and capacity. Final funding amounts for year 1 are outlined below. Organizations Offered Funds Rural Hospitals Smaller Hospitals with less than or equal to 50 beds: The 32 rural hospitals with less than or equal to 50 beds are eligible for $ 963,000. Larger Hospitals with more than 50 beds: The three rural hospitals with more than 50 beds are eligible for $1,394,000. Hospital",COMMA,8,2,in partnership with the Rural Health Transformation Program (RHTP) and the Office of Rural Health (ORH),FALSE,963000,"RCJ published one amount for a field naming 8 recipients. This is the FIELD total, NOT this recipient's award. Never divide it (§6.2) - no source states how it splits.",OR - 2026 - Oregon Health Authority Announces Funding for Rural Hospitals and Rural Health Clinics,https://www.ruralcarejourney.com/api/documents/e20a6bc6-82aa-4777-8ab0-0126237b6466/file,NA,"§6.2: comma-delimited awardeeName naming 8 recipients, 2 of which pass the §6.1 legal-entity test. One candidate per fragment, routed to review -- the split is a guess about the state's formatting, not a fact. The amount is the FIELD total and is never divided."
ca6cda5d-81e5-4e7d-9799-e8954416ba72,OR,Oregon,SUBAWARD,"Oregon Health Authority Announces Funding for Rural Hospitals and Rural Health Clinics The Oregon Health Authority (OHA), in partnership with the Rural Health Transformation Program (RHTP) and the Office of Rural Health (ORH), is announcing funding for rural hospitals and Rural Health Clinics (RHCs) across Oregon. This funding is part of Oregon’s Rural Health Transformation Program, a multi-year effort to strengthen access to care and support health care delivery in rural communities across the state. All eligible RHCs will be offered a standardized funding amount. Rural hospitals will also be offered funding through a tiered approach , designed to reflect differences in size and capacity. Final funding amounts for year 1 are outlined below. Organizations Offered Funds Rural Hospitals Smaller Hospitals with less than or equal to 50 beds: The 32 rural hospitals with less than or equal to 50 beds are eligible for $ 963,000. Larger Hospitals with more than 50 beds: The three rural hospitals with more than 50 beds are eligible for $1,394,000. Hospital",COMMA,8,3,is announcing funding for rural hospitals and Rural Health Clinics (RHCs) across Oregon. This funding is part of Oregon's Rural Health Transformation Program,FALSE,963000,"RCJ published one amount for a field naming 8 recipients. This is the FIELD total, NOT this recipient's award. Never divide it (§6.2) - no source states how it splits.",OR - 2026 - Oregon Health Authority Announces Funding for Rural Hospitals and Rural Health Clinics,https://www.ruralcarejourney.com/api/documents/e20a6bc6-82aa-4777-8ab0-0126237b6466/file,NA,"§6.2: comma-delimited awardeeName naming 8 recipients, 2 of which pass the §6.1 legal-entity test. One candidate per fragment, routed to review -- the split is a guess about the state's formatting, not a fact. The amount is the FIELD total and is never divided."
ca6cda5d-81e5-4e7d-9799-e8954416ba72,OR,Oregon,SUBAWARD,"Oregon Health Authority Announces Funding for Rural Hospitals and Rural Health Clinics The Oregon Health Authority (OHA), in partnership with the Rural Health Transformation Program (RHTP) and the Office of Rural Health (ORH), is announcing funding for rural hospitals and Rural Health Clinics (RHCs) across Oregon. This funding is part of Oregon’s Rural Health Transformation Program, a multi-year effort to strengthen access to care and support health care delivery in rural communities across the state. All eligible RHCs will be offered a standardized funding amount. Rural hospitals will also be offered funding through a tiered approach , designed to reflect differences in size and capacity. Final funding amounts for year 1 are outlined below. Organizations Offered Funds Rural Hospitals Smaller Hospitals with less than or equal to 50 beds: The 32 rural hospitals with less than or equal to 50 beds are eligible for $ 963,000. Larger Hospitals with more than 50 beds: The three rural hospitals with more than 50 beds are eligible for $1,394,000. Hospital",COMMA,8,4,a multi-year effort to strengthen access to care and support health care delivery in rural communities across the state. All eligible RHCs will be offered a standardized funding amount. Rural hospitals will also be offered funding through a tiered approach,TRUE,963000,"RCJ published one amount for a field naming 8 recipients. This is the FIELD total, NOT this recipient's award. Never divide it (§6.2) - no source states how it splits.",OR - 2026 - Oregon Health Authority Announces Funding for Rural Hospitals and Rural Health Clinics,https://www.ruralcarejourney.com/api/documents/e20a6bc6-82aa-4777-8ab0-0126237b6466/file,NA,"§6.2: comma-delimited awardeeName naming 8 recipients, 2 of which pass the §6.1 legal-entity test. One candidate per fragment, routed to review -- the split is a guess about the state's formatting, not a fact. The amount is the FIELD total and is never divided."
ca6cda5d-81e5-4e7d-9799-e8954416ba72,OR,Oregon,SUBAWARD,"Oregon Health Authority Announces Funding for Rural Hospitals and Rural Health Clinics The Oregon Health Authority (OHA), in partnership with the Rural Health Transformation Program (RHTP) and the Office of Rural Health (ORH), is announcing funding for rural hospitals and Rural Health Clinics (RHCs) across Oregon. This funding is part of Oregon’s Rural Health Transformation Program, a multi-year effort to strengthen access to care and support health care delivery in rural communities across the state. All eligible RHCs will be offered a standardized funding amount. Rural hospitals will also be offered funding through a tiered approach , designed to reflect differences in size and capacity. Final funding amounts for year 1 are outlined below. Organizations Offered Funds Rural Hospitals Smaller Hospitals with less than or equal to 50 beds: The 32 rural hospitals with less than or equal to 50 beds are eligible for $ 963,000. Larger Hospitals with more than 50 beds: The three rural hospitals with more than 50 beds are eligible for $1,394,000. Hospital",COMMA,8,5,designed to reflect differences in size and capacity. Final funding amounts for year 1 are outlined below. Organizations Offered Funds Rural Hospitals Smaller Hospitals with less than or equal to 50 beds: The 32 rural hospitals with less than or equal to 50 beds are eligible for $ 963,FALSE,963000,"RCJ published one amount for a field naming 8 recipients. This is the FIELD total, NOT this recipient's award. Never divide it (§6.2) - no source states how it splits.",OR - 2026 - Oregon Health Authority Announces Funding for Rural Hospitals and Rural Health Clinics,https://www.ruralcarejourney.com/api/documents/e20a6bc6-82aa-4777-8ab0-0126237b6466/file,NA,"§6.2: comma-delimited awardeeName naming 8 recipients, 2 of which pass the §6.1 legal-entity test. One candidate per fragment, routed to review -- the split is a guess about the state's formatting, not a fact. The amount is the FIELD total and is never divided."
ca6cda5d-81e5-4e7d-9799-e8954416ba72,OR,Oregon,SUBAWARD,"Oregon Health Authority Announces Funding for Rural Hospitals and Rural Health Clinics The Oregon Health Authority (OHA), in partnership with the Rural Health Transformation Program (RHTP) and the Office of Rural Health (ORH), is announcing funding for rural hospitals and Rural Health Clinics (RHCs) across Oregon. This funding is part of Oregon’s Rural Health Transformation Program, a multi-year effort to strengthen access to care and support health care delivery in rural communities across the state. All eligible RHCs will be offered a standardized funding amount. Rural hospitals will also be offered funding through a tiered approach , designed to reflect differences in size and capacity. Final funding amounts for year 1 are outlined below. Organizations Offered Funds Rural Hospitals Smaller Hospitals with less than or equal to 50 beds: The 32 rural hospitals with less than or equal to 50 beds are eligible for $ 963,000. Larger Hospitals with more than 50 beds: The three rural hospitals with more than 50 beds are eligible for $1,394,000. Hospital",COMMA,8,6,000. Larger Hospitals with more than 50 beds: The three rural hospitals with more than 50 beds are eligible for $1,FALSE,963000,"RCJ published one amount for a field naming 8 recipients. This is the FIELD total, NOT this recipient's award. Never divide it (§6.2) - no source states how it splits.",OR - 2026 - Oregon Health Authority Announces Funding for Rural Hospitals and Rural Health Clinics,https://www.ruralcarejourney.com/api/documents/e20a6bc6-82aa-4777-8ab0-0126237b6466/file,NA,"§6.2: comma-delimited awardeeName naming 8 recipients, 2 of which pass the §6.1 legal-entity test. One candidate per fragment, routed to review -- the split is a guess about the state's formatting, not a fact. The amount is the FIELD total and is never divided."
ca6cda5d-81e5-4e7d-9799-e8954416ba72,OR,Oregon,SUBAWARD,"Oregon Health Authority Announces Funding for Rural Hospitals and Rural Health Clinics The Oregon Health Authority (OHA), in partnership with the Rural Health Transformation Program (RHTP) and the Office of Rural Health (ORH), is announcing funding for rural hospitals and Rural Health Clinics (RHCs) across Oregon. This funding is part of Oregon’s Rural Health Transformation Program, a multi-year effort to strengthen access to care and support health care delivery in rural communities across the state. All eligible RHCs will be offered a standardized funding amount. Rural hospitals will also be offered funding through a tiered approach , designed to reflect differences in size and capacity. Final funding amounts for year 1 are outlined below. Organizations Offered Funds Rural Hospitals Smaller Hospitals with less than or equal to 50 beds: The 32 rural hospitals with less than or equal to 50 beds are eligible for $ 963,000. Larger Hospitals with more than 50 beds: The three rural hospitals with more than 50 beds are eligible for $1,394,000. Hospital",COMMA,8,7,394,FALSE,963000,"RCJ published one amount for a field naming 8 recipients. This is the FIELD total, NOT this recipient's award. Never divide it (§6.2) - no source states how it splits.",OR - 2026 - Oregon Health Authority Announces Funding for Rural Hospitals and Rural Health Clinics,https://www.ruralcarejourney.com/api/documents/e20a6bc6-82aa-4777-8ab0-0126237b6466/file,NA,"§6.2: comma-delimited awardeeName naming 8 recipients, 2 of which pass the §6.1 legal-entity test. One candidate per fragment, routed to review -- the split is a guess about the state's formatting, not a fact. The amount is the FIELD total and is never divided."
ca6cda5d-81e5-4e7d-9799-e8954416ba72,OR,Oregon,SUBAWARD,"Oregon Health Authority Announces Funding for Rural Hospitals and Rural Health Clinics The Oregon Health Authority (OHA), in partnership with the Rural Health Transformation Program (RHTP) and the Office of Rural Health (ORH), is announcing funding for rural hospitals and Rural Health Clinics (RHCs) across Oregon. This funding is part of Oregon’s Rural Health Transformation Program, a multi-year effort to strengthen access to care and support health care delivery in rural communities across the state. All eligible RHCs will be offered a standardized funding amount. Rural hospitals will also be offered funding through a tiered approach , designed to reflect differences in size and capacity. Final funding amounts for year 1 are outlined below. Organizations Offered Funds Rural Hospitals Smaller Hospitals with less than or equal to 50 beds: The 32 rural hospitals with less than or equal to 50 beds are eligible for $ 963,000. Larger Hospitals with more than 50 beds: The three rural hospitals with more than 50 beds are eligible for $1,394,000. Hospital",COMMA,8,8,000. Hospital,TRUE,963000,"RCJ published one amount for a field naming 8 recipients. This is the FIELD total, NOT this recipient's award. Never divide it (§6.2) - no source states how it splits.",OR - 2026 - Oregon Health Authority Announces Funding for Rural Hospitals and Rural Health Clinics,https://www.ruralcarejourney.com/api/documents/e20a6bc6-82aa-4777-8ab0-0126237b6466/file,NA,"§6.2: comma-delimited awardeeName naming 8 recipients, 2 of which pass the §6.1 legal-entity test. One candidate per fragment, routed to review -- the split is a guess about the state's formatting, not a fact. The amount is the FIELD total and is never divided."
cc44f129-5dfd-4f79-a775-3546e0ed6090,OR,Oregon,SUBAWARD,"Oregon Health & Science University, Oregon Perinatal Collaborative",COMMA,2,1,Oregon Health & Science University,TRUE,1082492.68,"RCJ published one amount for a field naming 2 recipients. This is the FIELD total, NOT this recipient's award. Never divide it (§6.2) - no source states how it splits.","OR - 2026 - Oregon RHTP Catalyst Awards — Year 1 (FY2026) project-level funding data. 103 projects across 85 organizations, $80.1M total Year 1 funds distributed.",https://www.ruralcarejourney.com/api/documents/002ded15-4517-4408-ba54-8303adc22acc/file,NA,"§6.2: comma-delimited awardeeName naming 2 recipients, 1 of which pass the §6.1 legal-entity test. One candidate per fragment, routed to review -- the split is a guess about the state's formatting, not a fact. The amount is the FIELD total and is never divided."
cc44f129-5dfd-4f79-a775-3546e0ed6090,OR,Oregon,SUBAWARD,"Oregon Health & Science University, Oregon Perinatal Collaborative",COMMA,2,2,Oregon Perinatal Collaborative,FALSE,1082492.68,"RCJ published one amount for a field naming 2 recipients. This is the FIELD total, NOT this recipient's award. Never divide it (§6.2) - no source states how it splits.","OR - 2026 - Oregon RHTP Catalyst Awards — Year 1 (FY2026) project-level funding data. 103 projects across 85 organizations, $80.1M total Year 1 funds distributed.",https://www.ruralcarejourney.com/api/documents/002ded15-4517-4408-ba54-8303adc22acc/file,NA,"§6.2: comma-delimited awardeeName naming 2 recipients, 1 of which pass the §6.1 legal-entity test. One candidate per fragment, routed to review -- the split is a guess about the state's formatting, not a fact. The amount is the FIELD total and is never divided."
e4ba32fa-61e9-419c-b87f-8da54e74a5c8,OR,Oregon,SUBAWARD,"Oregon Health & Science University, Oregon Perinatal Collaborative",COMMA,2,1,Oregon Health & Science University,TRUE,1082492.68,"RCJ published one amount for a field naming 2 recipients. This is the FIELD total, NOT this recipient's award. Never divide it (§6.2) - no source states how it splits.",OR - 2026 - OHA announces grants to advance rural healthcare in every Oregon county,https://www.ruralcarejourney.com/api/documents/2cac1a8b-930c-4ed4-82b8-428f9ac652af/file,NA,"§6.2: comma-delimited awardeeName naming 2 recipients, 1 of which pass the §6.1 legal-entity test. One candidate per fragment, routed to review -- the split is a guess about the state's formatting, not a fact. The amount is the FIELD total and is never divided."
e4ba32fa-61e9-419c-b87f-8da54e74a5c8,OR,Oregon,SUBAWARD,"Oregon Health & Science University, Oregon Perinatal Collaborative",COMMA,2,2,Oregon Perinatal Collaborative,FALSE,1082492.68,"RCJ published one amount for a field naming 2 recipients. This is the FIELD total, NOT this recipient's award. Never divide it (§6.2) - no source states how it splits.",OR - 2026 - OHA announces grants to advance rural healthcare in every Oregon county,https://www.ruralcarejourney.com/api/documents/2cac1a8b-930c-4ed4-82b8-428f9ac652af/file,NA,"§6.2: comma-delimited awardeeName naming 2 recipients, 1 of which pass the §6.1 legal-entity test. One candidate per fragment, routed to review -- the split is a guess about the state's formatting, not a fact. The amount is the FIELD total and is never divided."
e9a10c49-0abe-48f8-826f-6f6c5b121acc,OR,Oregon,SUBAWARD,"Northwest Regional ESD, Clatsop Community College, Providence Seaside Hospital, Seaside School District",COMMA,4,1,Northwest Regional ESD,FALSE,186000,"RCJ published one amount for a field naming 4 recipients. This is the FIELD total, NOT this recipient's award. Never divide it (§6.2) - no source states how it splits.",OR - 2026 - OHA announces grants to advance rural healthcare in every Oregon county,https://www.ruralcarejourney.com/api/documents/2cac1a8b-930c-4ed4-82b8-428f9ac652af/file,NA,"§6.2: comma-delimited awardeeName naming 4 recipients, 2 of which pass the §6.1 legal-entity test. One candidate per fragment, routed to review -- the split is a guess about the state's formatting, not a fact. The amount is the FIELD total and is never divided."
e9a10c49-0abe-48f8-826f-6f6c5b121acc,OR,Oregon,SUBAWARD,"Northwest Regional ESD, Clatsop Community College, Providence Seaside Hospital, Seaside School District",COMMA,4,2,Clatsop Community College,TRUE,186000,"RCJ published one amount for a field naming 4 recipients. This is the FIELD total, NOT this recipient's award. Never divide it (§6.2) - no source states how it splits.",OR - 2026 - OHA announces grants to advance rural healthcare in every Oregon county,https://www.ruralcarejourney.com/api/documents/2cac1a8b-930c-4ed4-82b8-428f9ac652af/file,NA,"§6.2: comma-delimited awardeeName naming 4 recipients, 2 of which pass the §6.1 legal-entity test. One candidate per fragment, routed to review -- the split is a guess about the state's formatting, not a fact. The amount is the FIELD total and is never divided."
e9a10c49-0abe-48f8-826f-6f6c5b121acc,OR,Oregon,SUBAWARD,"Northwest Regional ESD, Clatsop Community College, Providence Seaside Hospital, Seaside School District",COMMA,4,3,Providence Seaside Hospital,TRUE,186000,"RCJ published one amount for a field naming 4 recipients. This is the FIELD total, NOT this recipient's award. Never divide it (§6.2) - no source states how it splits.",OR - 2026 - OHA announces grants to advance rural healthcare in every Oregon county,https://www.ruralcarejourney.com/api/documents/2cac1a8b-930c-4ed4-82b8-428f9ac652af/file,NA,"§6.2: comma-delimited awardeeName naming 4 recipients, 2 of which pass the §6.1 legal-entity test. One candidate per fragment, routed to review -- the split is a guess about the state's formatting, not a fact. The amount is the FIELD total and is never divided."
e9a10c49-0abe-48f8-826f-6f6c5b121acc,OR,Oregon,SUBAWARD,"Northwest Regional ESD, Clatsop Community College, Providence Seaside Hospital, Seaside School District",COMMA,4,4,Seaside School District,FALSE,186000,"RCJ published one amount for a field naming 4 recipients. This is the FIELD total, NOT this recipient's award. Never divide it (§6.2) - no source states how it splits.",OR - 2026 - OHA announces grants to advance rural healthcare in every Oregon county,https://www.ruralcarejourney.com/api/documents/2cac1a8b-930c-4ed4-82b8-428f9ac652af/file,NA,"§6.2: comma-delimited awardeeName naming 4 recipients, 2 of which pass the §6.1 legal-entity test. One candidate per fragment, routed to review -- the split is a guess about the state's formatting, not a fact. The amount is the FIELD total and is never divided."
7f1251bc-e390-4547-8578-815fc0e5b386,PA,Pennsylvania,SUBAWARD,"Habit Opco, Watsontown Comprehensive Treatment CenterLLC dba",COMMA,2,1,Habit Opco,FALSE,47550.54,"RCJ published one amount for a field naming 2 recipients. This is the FIELD total, NOT this recipient's award. Never divide it (§6.2) - no source states how it splits.",PA - 2025 - Rural Health Selected Projects: Pa RHT Plan (RHTP) Authorized Project Awards,https://www.ruralcarejourney.com/api/documents/ff08bf0d-7662-4521-964d-6f0597615c4a/file,NA,"§6.2: comma-delimited awardeeName naming 2 recipients, 0 of which pass the §6.1 legal-entity test. One candidate per fragment, routed to review -- the split is a guess about the state's formatting, not a fact. The amount is the FIELD total and is never divided."
7f1251bc-e390-4547-8578-815fc0e5b386,PA,Pennsylvania,SUBAWARD,"Habit Opco, Watsontown Comprehensive Treatment CenterLLC dba",COMMA,2,2,Watsontown Comprehensive Treatment CenterLLC dba,FALSE,47550.54,"RCJ published one amount for a field naming 2 recipients. This is the FIELD total, NOT this recipient's award. Never divide it (§6.2) - no source states how it splits.",PA - 2025 - Rural Health Selected Projects: Pa RHT Plan (RHTP) Authorized Project Awards,https://www.ruralcarejourney.com/api/documents/ff08bf0d-7662-4521-964d-6f0597615c4a/file,NA,"§6.2: comma-delimited awardeeName naming 2 recipients, 0 of which pass the §6.1 legal-entity test. One candidate per fragment, routed to review -- the split is a guess about the state's formatting, not a fact. The amount is the FIELD total and is never divided."
bc478239-04ed-4e24-bd44-089b2879389d,PA,Pennsylvania,SUBAWARD,"Carbon Schuylkill Community Hospital dba St. Luke's Miner's Memorial Hospital, St. Luke's Hospital-Miners Campus",COMMA,2,1,Carbon Schuylkill Community Hospital dba St. Luke's Miner's Memorial Hospital,TRUE,909231,"RCJ published one amount for a field naming 2 recipients. This is the FIELD total, NOT this recipient's award. Never divide it (§6.2) - no source states how it splits.",PA - 2025 - Rural Health Selected Projects: Pa RHT Plan (RHTP) Authorized Project Awards,https://www.ruralcarejourney.com/api/documents/ff08bf0d-7662-4521-964d-6f0597615c4a/file,NA,"§6.2: comma-delimited awardeeName naming 2 recipients, 2 of which pass the §6.1 legal-entity test. One candidate per fragment, routed to review -- the split is a guess about the state's formatting, not a fact. The amount is the FIELD total and is never divided."
bc478239-04ed-4e24-bd44-089b2879389d,PA,Pennsylvania,SUBAWARD,"Carbon Schuylkill Community Hospital dba St. Luke's Miner's Memorial Hospital, St. Luke's Hospital-Miners Campus",COMMA,2,2,St. Luke's Hospital-Miners Campus,TRUE,909231,"RCJ published one amount for a field naming 2 recipients. This is the FIELD total, NOT this recipient's award. Never divide it (§6.2) - no source states how it splits.",PA - 2025 - Rural Health Selected Projects: Pa RHT Plan (RHTP) Authorized Project Awards,https://www.ruralcarejourney.com/api/documents/ff08bf0d-7662-4521-964d-6f0597615c4a/file,NA,"§6.2: comma-delimited awardeeName naming 2 recipients, 2 of which pass the §6.1 legal-entity test. One candidate per fragment, routed to review -- the split is a guess about the state's formatting, not a fact. The amount is the FIELD total and is never divided."
c0e5f2ac-b901-48e8-aa4a-aa49193b1110,PA,Pennsylvania,SUBAWARD,"Birth Care and Family Health Services, Harvest Drive Location",COMMA,2,1,Birth Care and Family Health Services,FALSE,467410,"RCJ published one amount for a field naming 2 recipients. This is the FIELD total, NOT this recipient's award. Never divide it (§6.2) - no source states how it splits.",PA - 2025 - Rural Health Selected Projects: Pa RHT Plan (RHTP) Authorized Project Awards,https://www.ruralcarejourney.com/api/documents/ff08bf0d-7662-4521-964d-6f0597615c4a/file,NA,"§6.2: comma-delimited awardeeName naming 2 recipients, 0 of which pass the §6.1 legal-entity test. One candidate per fragment, routed to review -- the split is a guess about the state's formatting, not a fact. The amount is the FIELD total and is never divided."
c0e5f2ac-b901-48e8-aa4a-aa49193b1110,PA,Pennsylvania,SUBAWARD,"Birth Care and Family Health Services, Harvest Drive Location",COMMA,2,2,Harvest Drive Location,FALSE,467410,"RCJ published one amount for a field naming 2 recipients. This is the FIELD total, NOT this recipient's award. Never divide it (§6.2) - no source states how it splits.",PA - 2025 - Rural Health Selected Projects: Pa RHT Plan (RHTP) Authorized Project Awards,https://www.ruralcarejourney.com/api/documents/ff08bf0d-7662-4521-964d-6f0597615c4a/file,NA,"§6.2: comma-delimited awardeeName naming 2 recipients, 0 of which pass the §6.1 legal-entity test. One candidate per fragment, routed to review -- the split is a guess about the state's formatting, not a fact. The amount is the FIELD total and is never divided."
17ee6f14-0e95-4394-955b-e0ca181997aa,TX,Texas,SUBAWARD,80 Rural Hospital Districts with a publicly owned and operated hospital,CONJUNCTION,2,1,80 Rural Hospital Districts with a publicly owned,TRUE,250000000,"RCJ published one amount for a field naming 2 recipients. This is the FIELD total, NOT this recipient's award. Never divide it (§6.2) - no source states how it splits.",TX - 2026 - Texas RHTP,https://www.ruralcarejourney.com/api/documents/bd100be0-8509-4973-9ca2-71bf2a8ccb37/file,NA,"§6.2: conjunction-delimited awardeeName naming 2 recipients, 2 of which pass the §6.1 legal-entity test. One candidate per fragment, routed to review -- the split is a guess about the state's formatting, not a fact. The amount is the FIELD total and is never divided."
17ee6f14-0e95-4394-955b-e0ca181997aa,TX,Texas,SUBAWARD,80 Rural Hospital Districts with a publicly owned and operated hospital,CONJUNCTION,2,2,operated hospital,TRUE,250000000,"RCJ published one amount for a field naming 2 recipients. This is the FIELD total, NOT this recipient's award. Never divide it (§6.2) - no source states how it splits.",TX - 2026 - Texas RHTP,https://www.ruralcarejourney.com/api/documents/bd100be0-8509-4973-9ca2-71bf2a8ccb37/file,NA,"§6.2: conjunction-delimited awardeeName naming 2 recipients, 2 of which pass the §6.1 legal-entity test. One candidate per fragment, routed to review -- the split is a guess about the state's formatting, not a fact. The amount is the FIELD total and is never divided."
