state,row_no,awardee,amount,recipient_type,distributed_to_hospital,note,recipient_confirmed,amount_confirmed,fiscal_year,source_document_title,state_source_url,validation_source_type,extraction_method,validator,ccn,aha_id,rural_designation,reviewer,recipient_type_source,determination_confidence,flag_reason,flow_type,hospital_benefiting,determination_basis,source_archive_path,recipient_names_source_url,amount_basis,amount_precision,disbursement_status,classification_rule,activity_type_raw,app_id,project_type,initiative_raw,project_title,project_summary,service_area,organization_type_raw,notification_date
AK,1,Alaska Academy of Family Physicians,919975,NONPROFIT_CBO,No,Implementation | Strengthen Workforce | Bethel Census Area; Dillingham Census Area; Lake and Peninsula Borough; Yukon-Koyukuk Census Area,Yes,No,FY2026 (Year 1),Alaska RHTP Awards Notice 2026 - Notice of Intent to Award,https://health.alaska.gov/media/tcvker5a/ak_rhtp_awardsnotice_2026.xlsx,NOTICE_OF_INTENT_TO_AWARD,MODEL_ASSISTED,AI-assisted - CONFIRM,,,,,"Family medicine or primary care; Non-Profit, Social Service, or Community Based Organization",HIGH,AMOUNT_PRELIMINARY,NON_HOSPITAL,No,"The state's own Organization Type field states 'Non-Profit, Social Service, or Community Based Organization'. §10.2 NON_HOSPITAL: the named recipient is not a hospital (§0.3a -- judged on the recipient, not the activity), and the source does not mention hospitals anywhere in the funded work. Source: Alaska DOH's rolling RHTP award notice (sheet 'Notice of Intent to Award'), project BP1-IA-002, notified 2026-08-21. The amount is published as preliminary and the document is a notice of intent to award, not a notice of award.",data/evidence/AK/2026-08-28_ak_rhtp_awardsnotice_2026.xlsx,https://health.alaska.gov/media/tcvker5a/ak_rhtp_awardsnotice_2026.xlsx,PER_PROJECT,PRELIMINARY_AS_PUBLISHED,INTENT_TO_AWARD,STATE_ORG_TYPE,Strengthen Workforce,BP1-IA-002,Implementation,Strengthen Workforce,Rural and Frontier point-of-are ultrasound Initiative,"Alaska Academy of Family Physicians proposes to expand point-of-care ultrasound training and equipment access for healthcare professionals in rural and remote Alaska. The project addresses limited local access to diagnostic imaging, long distances to specialty care, and insufficient opportunities for hands-on ultrasound training in underserved communities by providing hands-on education and point-of-care ultrasound equipment to physicians, advanced practice clinicians, nurses, paramedics, Community Health Aides, and other front line healthcare workers serving rural Alaska communities.",Bethel Census Area; Dillingham Census Area; Lake and Peninsula Borough; Yukon-Koyukuk Census Area,"Family medicine or primary care; Non-Profit, Social Service, or Community Based Organization",2026-08-21
AK,2,Alaska Addiction Rehabilitation Services,100253.18,NONPROFIT_CBO,No,Implementation | Spark Technology and Innovation | Matanuska-Susitna Borough,Yes,No,FY2026 (Year 1),Alaska RHTP Awards Notice 2026 - Notice of Intent to Award,https://health.alaska.gov/media/tcvker5a/ak_rhtp_awardsnotice_2026.xlsx,NOTICE_OF_INTENT_TO_AWARD,MODEL_ASSISTED,AI-assisted - CONFIRM,,,,,"Behavioral health/substance use disorder treatment; Non-Profit, Social Service, or Community Based Organization",HIGH,AMOUNT_PRELIMINARY,NON_HOSPITAL,No,"The state's own Organization Type field states 'Non-Profit, Social Service, or Community Based Organization'. §10.2 NON_HOSPITAL: the named recipient is not a hospital (§0.3a -- judged on the recipient, not the activity), and the source does not mention hospitals anywhere in the funded work. Source: Alaska DOH's rolling RHTP award notice (sheet 'Notice of Intent to Award'), project BP1-IA-003, notified 2026-08-21. The amount is published as preliminary and the document is a notice of intent to award, not a notice of award.",data/evidence/AK/2026-08-28_ak_rhtp_awardsnotice_2026.xlsx,https://health.alaska.gov/media/tcvker5a/ak_rhtp_awardsnotice_2026.xlsx,PER_PROJECT,PRELIMINARY_AS_PUBLISHED,INTENT_TO_AWARD,STATE_ORG_TYPE,Spark Technology and Innovation,BP1-IA-003,Implementation,Spark Technology and Innovation,Electronic Medical Record Implementation,"Alaska Addiction Rehabilitation Services, Inc. proposes implementing an electronic health record system to improve clinical documentation, care coordination, and data management, addressing the lack of a centralized patient record system for adults receiving substance use disorder treatment from communities across Alaska, including rural and remote areas.",Matanuska-Susitna Borough,"Behavioral health/substance use disorder treatment; Non-Profit, Social Service, or Community Based Organization",2026-08-21
AK,3,Alaska Association on Developmental Disabilities,2129485,NONPROFIT_CBO,No,Implementation | Strengthen Workforce | Statewide,Yes,No,FY2026 (Year 1),Alaska RHTP Awards Notice 2026 - Notice of Intent to Award,https://health.alaska.gov/media/tcvker5a/ak_rhtp_awardsnotice_2026.xlsx,NOTICE_OF_INTENT_TO_AWARD,MODEL_ASSISTED,AI-assisted - CONFIRM,,,,,Association,MEDIUM,AMOUNT_PRELIMINARY,NON_HOSPITAL,No,"The state's own Organization Type field states 'Association'. §10.2 NON_HOSPITAL: the named recipient is not a hospital (§0.3a -- judged on the recipient, not the activity), and the source does not mention hospitals anywhere in the funded work. Source: Alaska DOH's rolling RHTP award notice (sheet 'Notice of Intent to Award'), project BP1-IA-004, notified 2026-08-21. The amount is published as preliminary and the document is a notice of intent to award, not a notice of award.",data/evidence/AK/2026-08-28_ak_rhtp_awardsnotice_2026.xlsx,https://health.alaska.gov/media/tcvker5a/ak_rhtp_awardsnotice_2026.xlsx,PER_PROJECT,PRELIMINARY_AS_PUBLISHED,INTENT_TO_AWARD,STATE_ORG_TYPE,Strengthen Workforce,BP1-IA-004,Implementation,Strengthen Workforce,Strengthening Alaska's Rural Disability Workforce and Support System,"Alaska Association on Developmental Disabilities proposes expanding GoodLife Innovation’s evidence-based workforce stabilization, technology advancements, remote support, and education surrounding innovating housing models, including host homes, to strengthen access to consistent services, increase workforce stability, and improve continuity of care for individuals with disabilities and aging adults in rural and remote Alaska.",Statewide,Association,2026-08-21
AK,4,Alaska Association on Developmental Disabilities,1570650,NONPROFIT_CBO,No,Implementation | Health Care Access | Statewide,Yes,No,FY2026 (Year 1),Alaska RHTP Awards Notice 2026 - Notice of Intent to Award,https://health.alaska.gov/media/tcvker5a/ak_rhtp_awardsnotice_2026.xlsx,NOTICE_OF_INTENT_TO_AWARD,MODEL_ASSISTED,AI-assisted - CONFIRM,,,,,Association,MEDIUM,AMOUNT_PRELIMINARY,NON_HOSPITAL,No,"The state's own Organization Type field states 'Association'. §10.2 NON_HOSPITAL: the named recipient is not a hospital (§0.3a -- judged on the recipient, not the activity), and the source does not mention hospitals anywhere in the funded work. Source: Alaska DOH's rolling RHTP award notice (sheet 'Notice of Intent to Award'), project BP1-IA-005, notified 2026-08-21. The amount is published as preliminary and the document is a notice of intent to award, not a notice of award.",data/evidence/AK/2026-08-28_ak_rhtp_awardsnotice_2026.xlsx,https://health.alaska.gov/media/tcvker5a/ak_rhtp_awardsnotice_2026.xlsx,PER_PROJECT,PRELIMINARY_AS_PUBLISHED,INTENT_TO_AWARD,STATE_ORG_TYPE,Health Care Access,BP1-IA-005,Implementation,Health Care Access,The Road Home: Intensive Care and Community Integration for Alaskans with Complex Needs,The Alaska Association on Developmental Disabilities proposes to expand Alaska's capacity to support individuals with intensive needs by establishing a new level of care option for Alaskans with intellectual and/or developmental disabilities and other mental health disabilities whose behavior support needs cannot be met in standard community settings. This addresses a long-identified gap in Alaska's continuum of care by creating time-limited step-down settings with dedicated clinical oversight designed to stabilize behavior and support planned transition back to community-based living.,Statewide,Association,2026-08-21
AK,5,Alaska Behavioral Health,1000000,EMS_OR_PSAP,No,Implementation | Health Care Access | Denali Borough; Fairbanks North Star Borough; Southeast Fairbanks Census Area,Yes,No,FY2026 (Year 1),Alaska RHTP Awards Notice 2026 - Notice of Intent to Award,https://health.alaska.gov/media/tcvker5a/ak_rhtp_awardsnotice_2026.xlsx,NOTICE_OF_INTENT_TO_AWARD,MODEL_ASSISTED,AI-assisted - CONFIRM,,,,,"Behavioral health/substance use disorder treatment; Emergency Medical Services; Non-Profit, Social Service, or Community Based Organization",HIGH,RECIPIENT_TYPE_VARIES_IN_SOURCE,NON_HOSPITAL,No,"The state's own Organization Type field states 'Emergency Medical Services'. §10.2 NON_HOSPITAL: the named recipient is not a hospital (§0.3a -- judged on the recipient, not the activity), and the source does not mention hospitals anywhere in the funded work. Source: Alaska DOH's rolling RHTP award notice (sheet 'Notice of Intent to Award'), project BP1-IA-008, notified 2026-08-21. The amount is published as preliminary and the document is a notice of intent to award, not a notice of award. NOTE: Alaska's Organization Type field gives this recipient a different organisational form on another of its own projects (EMS_OR_PSAP / NONPROFIT_CBO). The per-row value is kept as the state published it and is not harmonised; a reviewer resolves which form the entity has.",data/evidence/AK/2026-08-28_ak_rhtp_awardsnotice_2026.xlsx,https://health.alaska.gov/media/tcvker5a/ak_rhtp_awardsnotice_2026.xlsx,PER_PROJECT,PRELIMINARY_AS_PUBLISHED,INTENT_TO_AWARD,STATE_ORG_TYPE,Health Care Access,BP1-IA-008,Implementation,Health Care Access,Fairbanks Crisis Stabilization Center Development and Implementation,"Alaska Behavioral Health will develop and launch a crisis stabilization center in Fairbanks, providing a safe alternative to emergency departments and law enforcement response for behavioral health crises. The project improves access, reduces high-cost utilization, and strengthens coordination across Interior Alaska. All implementation activities will be completed within the performance period ending June 30, 2027.",Denali Borough; Fairbanks North Star Borough; Southeast Fairbanks Census Area,"Behavioral health/substance use disorder treatment; Emergency Medical Services; Non-Profit, Social Service, or Community Based Organization",2026-08-21
AK,6,Alaska Behavioral Health,422500,EMS_OR_PSAP,No,Implementation | Strengthen Workforce | Statewide,Yes,No,FY2026 (Year 1),Alaska RHTP Awards Notice 2026 - Notice of Intent to Award,https://health.alaska.gov/media/tcvker5a/ak_rhtp_awardsnotice_2026.xlsx,NOTICE_OF_INTENT_TO_AWARD,MODEL_ASSISTED,AI-assisted - CONFIRM,,,,,"Behavioral health/substance use disorder treatment; Emergency Medical Services; Family medicine or primary care; Non-Profit, Social Service, or Community Based Organization",HIGH,RECIPIENT_TYPE_VARIES_IN_SOURCE,NON_HOSPITAL,No,"The state's own Organization Type field states 'Emergency Medical Services'. §10.2 NON_HOSPITAL: the named recipient is not a hospital (§0.3a -- judged on the recipient, not the activity), and the source does not mention hospitals anywhere in the funded work. Source: Alaska DOH's rolling RHTP award notice (sheet 'Notice of Intent to Award'), project BP1-IA-007, notified 2026-08-21. The amount is published as preliminary and the document is a notice of intent to award, not a notice of award. NOTE: Alaska's Organization Type field gives this recipient a different organisational form on another of its own projects (EMS_OR_PSAP / NONPROFIT_CBO). The per-row value is kept as the state published it and is not harmonised; a reviewer resolves which form the entity has.",data/evidence/AK/2026-08-28_ak_rhtp_awardsnotice_2026.xlsx,https://health.alaska.gov/media/tcvker5a/ak_rhtp_awardsnotice_2026.xlsx,PER_PROJECT,PRELIMINARY_AS_PUBLISHED,INTENT_TO_AWARD,STATE_ORG_TYPE,Strengthen Workforce,BP1-IA-007,Implementation,Strengthen Workforce,"Behavioral Health Workforce Development, Clinical Internship Program","Alaska Behavioral Health proposes expanding a statewide clinical internship program to train master’s-level behavioral health students, addressing Alaska’s shortage of culturally responsive providers across rural, remote, and frontier communities.",Statewide,"Behavioral health/substance use disorder treatment; Emergency Medical Services; Family medicine or primary care; Non-Profit, Social Service, or Community Based Organization",2026-08-21
AK,7,Alaska Behavioral Health,219343,NONPROFIT_CBO,No,Implementation | Spark Technology and Innovation | Statewide,Yes,No,FY2026 (Year 1),Alaska RHTP Awards Notice 2026 - Notice of Intent to Award,https://health.alaska.gov/media/tcvker5a/ak_rhtp_awardsnotice_2026.xlsx,NOTICE_OF_INTENT_TO_AWARD,MODEL_ASSISTED,AI-assisted - CONFIRM,,,,,"Behavioral health/substance use disorder treatment; Family medicine or primary care; Non-Profit, Social Service, or Community Based Organization",HIGH,RECIPIENT_TYPE_VARIES_IN_SOURCE,NON_HOSPITAL,No,"The state's own Organization Type field states 'Non-Profit, Social Service, or Community Based Organization'. §10.2 NON_HOSPITAL: the named recipient is not a hospital (§0.3a -- judged on the recipient, not the activity), and the source does not mention hospitals anywhere in the funded work. Source: Alaska DOH's rolling RHTP award notice (sheet 'Notice of Intent to Award'), project BP1-IA-010, notified 2026-08-21. The amount is published as preliminary and the document is a notice of intent to award, not a notice of award. NOTE: Alaska's Organization Type field gives this recipient a different organisational form on another of its own projects (EMS_OR_PSAP / NONPROFIT_CBO). The per-row value is kept as the state published it and is not harmonised; a reviewer resolves which form the entity has.",data/evidence/AK/2026-08-28_ak_rhtp_awardsnotice_2026.xlsx,https://health.alaska.gov/media/tcvker5a/ak_rhtp_awardsnotice_2026.xlsx,PER_PROJECT,PRELIMINARY_AS_PUBLISHED,INTENT_TO_AWARD,STATE_ORG_TYPE,Spark Technology and Innovation,BP1-IA-010,Implementation,Spark Technology and Innovation,Patient Portal and HIE Integration,Alaska Behavioral Health proposes to integrate its electronic health record with Alaska’s Health Information Exchange and implement a patient portal to improve care coordination and patient access. This project addresses fragmented health systems and limited patient access across rural Alaska by enabling real-time data sharing and empowering patients to manage their care statewide.,Statewide,"Behavioral health/substance use disorder treatment; Family medicine or primary care; Non-Profit, Social Service, or Community Based Organization",2026-08-21
AK,8,Alaska Behavioral Health Association,510307.3,NONPROFIT_CBO,No,Implementation | Spark Technology and Innovation | Statewide,Yes,No,FY2026 (Year 1),Alaska RHTP Awards Notice 2026 - Notice of Intent to Award,https://health.alaska.gov/media/tcvker5a/ak_rhtp_awardsnotice_2026.xlsx,NOTICE_OF_INTENT_TO_AWARD,MODEL_ASSISTED,AI-assisted - CONFIRM,,,,,Association,MEDIUM,AMOUNT_PRELIMINARY,NON_HOSPITAL,No,"The state's own Organization Type field states 'Association'. §10.2 NON_HOSPITAL: the named recipient is not a hospital (§0.3a -- judged on the recipient, not the activity), and the source does not mention hospitals anywhere in the funded work. Source: Alaska DOH's rolling RHTP award notice (sheet 'Notice of Intent to Award'), project BP1-IA-011, notified 2026-08-21. The amount is published as preliminary and the document is a notice of intent to award, not a notice of award.",data/evidence/AK/2026-08-28_ak_rhtp_awardsnotice_2026.xlsx,https://health.alaska.gov/media/tcvker5a/ak_rhtp_awardsnotice_2026.xlsx,PER_PROJECT,PRELIMINARY_AS_PUBLISHED,INTENT_TO_AWARD,STATE_ORG_TYPE,Spark Technology and Innovation,BP1-IA-011,Implementation,Spark Technology and Innovation,Alaska Rural Routine Outcome Monitoring & Measurement-Informed Care Initiative,"The Alaska Behavioral Health Association proposes implementing routine outcome monitoring and measurement-informed care infrastructure with behavioral health providers, addressing the lack of consistent outcome measurement and treatment feedback systems across Alaska’s rural and frontier behavioral health organizations.",Statewide,Association,2026-08-21
AK,9,Alaska Behavioral Health Association,296179.86,NONPROFIT_CBO,No,Implementation | Strengthen Workforce | Statewide,Yes,No,FY2026 (Year 1),Alaska RHTP Awards Notice 2026 - Notice of Intent to Award,https://health.alaska.gov/media/tcvker5a/ak_rhtp_awardsnotice_2026.xlsx,NOTICE_OF_INTENT_TO_AWARD,MODEL_ASSISTED,AI-assisted - CONFIRM,,,,,Association,MEDIUM,AMOUNT_PRELIMINARY,NON_HOSPITAL,No,"The state's own Organization Type field states 'Association'. §10.2 NON_HOSPITAL: the named recipient is not a hospital (§0.3a -- judged on the recipient, not the activity), and the source does not mention hospitals anywhere in the funded work. Source: Alaska DOH's rolling RHTP award notice (sheet 'Notice of Intent to Award'), project BP1-IA-013, notified 2026-08-21. The amount is published as preliminary and the document is a notice of intent to award, not a notice of award.",data/evidence/AK/2026-08-28_ak_rhtp_awardsnotice_2026.xlsx,https://health.alaska.gov/media/tcvker5a/ak_rhtp_awardsnotice_2026.xlsx,PER_PROJECT,PRELIMINARY_AS_PUBLISHED,INTENT_TO_AWARD,STATE_ORG_TYPE,Strengthen Workforce,BP1-IA-013,Implementation,Strengthen Workforce,Behavioral Health Supervisor Academy Implementation Initiative,"The Alaska Behavioral Health Association proposes implementing a statewide behavioral health supervisor academy, addressing limited access to structured supervision training and leadership development opportunities for supervisors serving behavioral health organizations across Alaska.",Statewide,Association,2026-08-21
AK,10,Alaska Center for Children and Adults,507909.94,NONPROFIT_CBO,No,Implementation | Health Care Access | Bethel Census Area; Copper River Census Area; Denali Borough; Fairbanks North Star Borough; Hoonah-Angoon Census Area; Nome Census Area; North Slope Borough; Northwest Arctic Borough; Southeast Fairbanks Census Area,Yes,No,FY2026 (Year 1),Alaska RHTP Awards Notice 2026 - Notice of Intent to Award,https://health.alaska.gov/media/tcvker5a/ak_rhtp_awardsnotice_2026.xlsx,NOTICE_OF_INTENT_TO_AWARD,MODEL_ASSISTED,AI-assisted - CONFIRM,,,,,"Non-Profit, Social Service, or Community Based Organization",HIGH,AMOUNT_PRELIMINARY,NON_HOSPITAL,No,"The state's own Organization Type field states 'Non-Profit, Social Service, or Community Based Organization'. §10.2 NON_HOSPITAL: the named recipient is not a hospital (§0.3a -- judged on the recipient, not the activity), and the source does not mention hospitals anywhere in the funded work. Source: Alaska DOH's rolling RHTP award notice (sheet 'Notice of Intent to Award'), project BP1-IA-015, notified 2026-08-21. The amount is published as preliminary and the document is a notice of intent to award, not a notice of award.",data/evidence/AK/2026-08-28_ak_rhtp_awardsnotice_2026.xlsx,https://health.alaska.gov/media/tcvker5a/ak_rhtp_awardsnotice_2026.xlsx,PER_PROJECT,PRELIMINARY_AS_PUBLISHED,INTENT_TO_AWARD,STATE_ORG_TYPE,Health Care Access,BP1-IA-015,Implementation,Health Care Access,Community Pathways,"The Alaska Center for Children and Adults (ACCA) proposes to expand screening, care navigation, and partnerships to reach families in its service regions who face barriers to accessing services due to location or ineligibility for existing programs. This will address gaps in access to early developmental, behavioral health, and family support services. The project includes community partnerships and a work-based training program to develop qualified staff.",Bethel Census Area; Copper River Census Area; Denali Borough; Fairbanks North Star Borough; Hoonah-Angoon Census Area; Nome Census Area; North Slope Borough; Northwest Arctic Borough; Southeast Fairbanks Census Area,"Non-Profit, Social Service, or Community Based Organization",2026-08-21
AK,11,Alaska Coalition on Housing and Homelessness,1090860.21,NONPROFIT_CBO,No,Implementation | Healthy Communities | Statewide,Yes,No,FY2026 (Year 1),Alaska RHTP Awards Notice 2026 - Notice of Intent to Award,https://health.alaska.gov/media/tcvker5a/ak_rhtp_awardsnotice_2026.xlsx,NOTICE_OF_INTENT_TO_AWARD,MODEL_ASSISTED,AI-assisted - CONFIRM,,,,,"Non-Profit, Social Service, or Community Based Organization",HIGH,AMOUNT_PRELIMINARY,NON_HOSPITAL,No,"The state's own Organization Type field states 'Non-Profit, Social Service, or Community Based Organization'. §10.2 NON_HOSPITAL: the named recipient is not a hospital (§0.3a -- judged on the recipient, not the activity), and the source does not mention hospitals anywhere in the funded work. Source: Alaska DOH's rolling RHTP award notice (sheet 'Notice of Intent to Award'), project BP1-IA-017, notified 2026-08-21. The amount is published as preliminary and the document is a notice of intent to award, not a notice of award.",data/evidence/AK/2026-08-28_ak_rhtp_awardsnotice_2026.xlsx,https://health.alaska.gov/media/tcvker5a/ak_rhtp_awardsnotice_2026.xlsx,PER_PROJECT,PRELIMINARY_AS_PUBLISHED,INTENT_TO_AWARD,STATE_ORG_TYPE,Healthy Communities,BP1-IA-017,Implementation,Healthy Communities,Update of the Alaska Homeless Management Information System for Data Sharing with the Department of Health,"The Alaska Coalition on Housing and Homelessness proposes to update the Alaska Homeless Management Information System to improve its ability to securely integrate and exchange data with health systems. Currently the data system is not able to share or compare data with other data systems. The goal is to strengthen care coordination between housing and healthcare services, improve data matching capabilities and support better understanding of health needs among people experiencing homelessness. The coalition serves approximately 15,000 individuals experiencing homelessness statewide every year.",Statewide,"Non-Profit, Social Service, or Community Based Organization",2026-08-21
AK,12,Alaska Eating Disorders Alliance,383737,NONPROFIT_CBO,No,Implementation | Health Care Access | Statewide,Yes,No,FY2026 (Year 1),Alaska RHTP Awards Notice 2026 - Notice of Intent to Award,https://health.alaska.gov/media/tcvker5a/ak_rhtp_awardsnotice_2026.xlsx,NOTICE_OF_INTENT_TO_AWARD,MODEL_ASSISTED,AI-assisted - CONFIRM,,,,,"Non-Profit, Social Service, or Community Based Organization",HIGH,AMOUNT_PRELIMINARY,NON_HOSPITAL,No,"The state's own Organization Type field states 'Non-Profit, Social Service, or Community Based Organization'. §10.2 NON_HOSPITAL: the named recipient is not a hospital (§0.3a -- judged on the recipient, not the activity), and the source does not mention hospitals anywhere in the funded work. Source: Alaska DOH's rolling RHTP award notice (sheet 'Notice of Intent to Award'), project BP1-IA-019, notified 2026-08-21. The amount is published as preliminary and the document is a notice of intent to award, not a notice of award.",data/evidence/AK/2026-08-28_ak_rhtp_awardsnotice_2026.xlsx,https://health.alaska.gov/media/tcvker5a/ak_rhtp_awardsnotice_2026.xlsx,PER_PROJECT,PRELIMINARY_AS_PUBLISHED,INTENT_TO_AWARD,STATE_ORG_TYPE,Health Care Access,BP1-IA-019,Implementation,Health Care Access,Strengthening Alaska’s Eating Disorders Continuum of Care,"Alaska Eating Disorders Alliance proposes to strengthen Alaska's eating disorder continuum of care by expanding prevention and provider and parent education, patient navigation, and recovery support statewide. Eating disorders are among the most lethal mental health conditions, yet Alaska lacks the trained workforce, care pathways, and recovery infrastructure needed to identify and treat them. This project will address the most critical gaps and continue to build infrastructure across prevention, treatment, and aftercare for Alaskans statewide.",Statewide,"Non-Profit, Social Service, or Community Based Organization",2026-08-21
AK,13,Alaska Hospital & Healthcare Association,358271.87,NONPROFIT_CBO,No,Implementation | Healthy Beginnings | Statewide,Yes,No,FY2026 (Year 1),Alaska RHTP Awards Notice 2026 - Notice of Intent to Award,https://health.alaska.gov/media/tcvker5a/ak_rhtp_awardsnotice_2026.xlsx,NOTICE_OF_INTENT_TO_AWARD,MODEL_ASSISTED,AI-assisted - CONFIRM,,,,,Association,MEDIUM,AMOUNT_PRELIMINARY,IN_KIND_BENEFIT,Yes,"The state's own Organization Type field states 'Association'. §10.2 IN_KIND_BENEFIT: the recipient is not a hospital and keeps the funds, and the source names hospitals among the parties the funded work serves. These dollars must never enter a 'funds distributed to hospitals' total; they are kept visible rather than discarded. Source: Alaska DOH's rolling RHTP award notice (sheet 'Notice of Intent to Award'), project BP1-IA-021, notified 2026-08-21. The amount is published as preliminary and the document is a notice of intent to award, not a notice of award.",data/evidence/AK/2026-08-28_ak_rhtp_awardsnotice_2026.xlsx,https://health.alaska.gov/media/tcvker5a/ak_rhtp_awardsnotice_2026.xlsx,PER_PROJECT,PRELIMINARY_AS_PUBLISHED,INTENT_TO_AWARD,STATE_ORG_TYPE,Healthy Beginnings,BP1-IA-021,Implementation,Healthy Beginnings,Essential Obstetric Skill Sustainability: A Rural Alaska Simulation Initiative,Alaska Hospital and Healthcare Association proposes establishing a mobile itinerant clinical training program and distributing localized simulation kits to address the critical gap in emergency obstetric readiness and stabilization across rural healthcare facilities for frontier Alaskan communities.,Statewide,Association,2026-08-21
AK,14,Alaska Housing Finance Corporation,2000000,LOCAL_GOVT_OR_PUBLIC_HEALTH,No,Implementation | Strengthen Workforce | Aleutians East Borough; Aleutians West Census Area; Bethel Census Area; Bristol Bay Borough; Chugach Census Area; Copper River Census Area; Denali Borough; Dillingham Census Area; Haines Borough; Hoonah-Angoon Census Area; Kenai Peninsula Borough; Ketchikan Gateway Borough; Kodiak Island Borough; Kusilvak Census Area; Lake and Peninsula Borough; Nome Census Area; North Slope Borough; Northwest Arctic Borough; Petersburg Borough; Prince of Wales-Hyder Census Area; Sitka (City and Borough); Skagway (Municipality); Southeast Fairbanks Census Area; Wrangell (City and Borough); Yakutat (City and Borough); Yukon-Koyukuk Census Area,Yes,No,FY2026 (Year 1),Alaska RHTP Awards Notice 2026 - Notice of Intent to Award,https://health.alaska.gov/media/tcvker5a/ak_rhtp_awardsnotice_2026.xlsx,NOTICE_OF_INTENT_TO_AWARD,MODEL_ASSISTED,AI-assisted - CONFIRM,,,,,Public Corporation,MEDIUM,AMOUNT_PRELIMINARY,NON_HOSPITAL,No,"The state's own Organization Type field states 'Public Corporation'. §10.2 NON_HOSPITAL: the named recipient is not a hospital (§0.3a -- judged on the recipient, not the activity), and the source does not mention hospitals anywhere in the funded work. Source: Alaska DOH's rolling RHTP award notice (sheet 'Notice of Intent to Award'), project BP1-IA-024, notified 2026-08-21. The amount is published as preliminary and the document is a notice of intent to award, not a notice of award.",data/evidence/AK/2026-08-28_ak_rhtp_awardsnotice_2026.xlsx,https://health.alaska.gov/media/tcvker5a/ak_rhtp_awardsnotice_2026.xlsx,PER_PROJECT,PRELIMINARY_AS_PUBLISHED,INTENT_TO_AWARD,STATE_ORG_TYPE,Strengthen Workforce,BP1-IA-024,Implementation,Strengthen Workforce,Healthcare Workforce Housing Catalyst,"Alaska Housing Finance Corporation proposes offering flexible housing assistance for up to 150 healthcare workers in 5 communities with 10,000 or fewer people that are located off the road system. This assistance will be for healthcare workers new to the community and can be used for up to $1,000 / month rent or homeowner assistance for 12 months as a continually employed healthcare worker. The assistance can flex from rental to homeowner assistance during the service period and will help recruit and retain new healthcare workers struggling with housing availability and costs.",Aleutians East Borough; Aleutians West Census Area; Bethel Census Area; Bristol Bay Borough; Chugach Census Area; Copper River Census Area; Denali Borough; Dillingham Census Area; Haines Borough; Hoonah-Angoon Census Area; Kenai Peninsula Borough; Ketchikan Gateway Borough; Kodiak Island Borough; Kusilvak Census Area; Lake and Peninsula Borough; Nome Census Area; North Slope Borough; Northwest Arctic Borough; Petersburg Borough; Prince of Wales-Hyder Census Area; Sitka (City and Borough); Skagway (Municipality); Southeast Fairbanks Census Area; Wrangell (City and Borough); Yakutat (City and Borough); Yukon-Koyukuk Census Area,Public Corporation,2026-08-21
AK,15,Alaska Jewish Campus,1557975,NONPROFIT_CBO,No,Implementation | Healthy Beginnings | Anchorage (Municipality),Yes,No,FY2026 (Year 1),Alaska RHTP Awards Notice 2026 - Notice of Intent to Award,https://health.alaska.gov/media/tcvker5a/ak_rhtp_awardsnotice_2026.xlsx,NOTICE_OF_INTENT_TO_AWARD,MODEL_ASSISTED,AI-assisted - CONFIRM,,,,,"Non-Profit, Social Service, or Community Based Organization",HIGH,AMOUNT_PRELIMINARY,NON_HOSPITAL,No,"The state's own Organization Type field states 'Non-Profit, Social Service, or Community Based Organization'. §10.2 NON_HOSPITAL: the named recipient is not a hospital (§0.3a -- judged on the recipient, not the activity), and the source does not mention hospitals anywhere in the funded work. Source: Alaska DOH's rolling RHTP award notice (sheet 'Notice of Intent to Award'), project BP1-IA-026, notified 2026-08-21. The amount is published as preliminary and the document is a notice of intent to award, not a notice of award.",data/evidence/AK/2026-08-28_ak_rhtp_awardsnotice_2026.xlsx,https://health.alaska.gov/media/tcvker5a/ak_rhtp_awardsnotice_2026.xlsx,PER_PROJECT,PRELIMINARY_AS_PUBLISHED,INTENT_TO_AWARD,STATE_ORG_TYPE,Healthy Beginnings,BP1-IA-026,Implementation,Healthy Beginnings,Alaska Friendship Circle All-Inclusive Early Childhood Play Center & Programming,"The Alaska Jewish Campus proposes developing an inclusive, indoor early-childhood play center, enhancing the existing Outdoor Play Center and providing year-round warm, safe, accessible opportunities for play, movement, and social connection, addressing the shortage of inclusive recreation and developmental support opportunities for young children with disabilities and their families. Open to the public, free of charge, the Play Center serves children from Anchorage, Mat-Su and visitors from across Alaska.",Anchorage (Municipality),"Non-Profit, Social Service, or Community Based Organization",2026-08-21
AK,16,Alaska Native Tribal Health Consortium,638858,TRIBAL_ORG,No,Implementation | Spark Technology and Innovation | Statewide,Yes,No,FY2026 (Year 1),Alaska RHTP Awards Notice 2026 - Notice of Intent to Award,https://health.alaska.gov/media/tcvker5a/ak_rhtp_awardsnotice_2026.xlsx,NOTICE_OF_INTENT_TO_AWARD,MODEL_ASSISTED,AI-assisted - CONFIRM,,,,,"Non-Profit, Social Service, or Community Based Organization; Tribal Health Organization",HIGH,RECIPIENT_TYPE_VARIES_IN_SOURCE,NON_HOSPITAL,No,"The state's own Organization Type field states 'Tribal Health Organization'. §10.2 NON_HOSPITAL: the named recipient is not a hospital (§0.3a -- judged on the recipient, not the activity), and the source does not mention hospitals anywhere in the funded work. Source: Alaska DOH's rolling RHTP award notice (sheet 'Notice of Intent to Award'), project BP1-IA-035, notified 2026-08-21. The amount is published as preliminary and the document is a notice of intent to award, not a notice of award. NOTE: Alaska's Organization Type field gives this recipient a different organisational form on another of its own projects (HOSPITAL_OR_SYSTEM / TRIBAL_ORG). The per-row value is kept as the state published it and is not harmonised; a reviewer resolves which form the entity has.",data/evidence/AK/2026-08-28_ak_rhtp_awardsnotice_2026.xlsx,https://health.alaska.gov/media/tcvker5a/ak_rhtp_awardsnotice_2026.xlsx,PER_PROJECT,PRELIMINARY_AS_PUBLISHED,INTENT_TO_AWARD,STATE_ORG_TYPE,Spark Technology and Innovation,BP1-IA-035,Implementation,Spark Technology and Innovation,Compatibility Assessment for Wireless Wearable Technology for Continuous Vital Sign Monitoring,"The Alaska Native Tribal Health Consortium (ANTHC) proposes to evaluate wireless wearable technology for continuous patient vital-sign monitoring and to pilot it on a single inpatient unit, addressing the gap in continuous monitoring at rural facilities where intermittent manual vital-sign checks can leave early patient deterioration undetected, for Alaska Native and rural residents served across the Alaska Tribal Health System.",Statewide,"Non-Profit, Social Service, or Community Based Organization; Tribal Health Organization",2026-08-21
AK,17,Alaska Native Tribal Health Consortium,295994,HOSPITAL_OR_SYSTEM,Yes,Implementation | Strengthen Workforce | Statewide,Yes,No,FY2026 (Year 1),Alaska RHTP Awards Notice 2026 - Notice of Intent to Award,https://health.alaska.gov/media/tcvker5a/ak_rhtp_awardsnotice_2026.xlsx,NOTICE_OF_INTENT_TO_AWARD,MODEL_ASSISTED,AI-assisted - CONFIRM,,,,,Behavioral health/substance use disorder treatment; Clinic; Hospital (all types); Maternal health; Pharmacy; Specialist; Tribal Health Organization,HIGH,RECIPIENT_TYPE_VARIES_IN_SOURCE,DIRECT,Yes,"The state's own Organization Type field states 'Hospital (all types)'. §10.2 DIRECT: the named recipient is a hospital or hospital system and the state's award document names both the recipient and the amount. Source: Alaska DOH's rolling RHTP award notice (sheet 'Notice of Intent to Award'), project BP1-IA-033, notified 2026-08-21. The amount is published as preliminary and the document is a notice of intent to award, not a notice of award. NOTE: Alaska's Organization Type field gives this recipient a different organisational form on another of its own projects (HOSPITAL_OR_SYSTEM / TRIBAL_ORG). The per-row value is kept as the state published it and is not harmonised; a reviewer resolves which form the entity has.",data/evidence/AK/2026-08-28_ak_rhtp_awardsnotice_2026.xlsx,https://health.alaska.gov/media/tcvker5a/ak_rhtp_awardsnotice_2026.xlsx,PER_PROJECT,PRELIMINARY_AS_PUBLISHED,INTENT_TO_AWARD,STATE_ORG_TYPE,Strengthen Workforce,BP1-IA-033,Implementation,Strengthen Workforce,ANTHC-UW Emergency Medicine Residency and Faculty Strengthening Program,"The Alaska Native Tribal Health Consortium (ANTHC) proposes to expand its existing partnership with the University of Washington (UW) to establish a statewide Emergency Medicine (EM) Residency Elective and Faculty Exchange Program in Alaska. In Alaska’s rural communities, hospital emergency departments are often staffed by physicians without residency training in EM, leading to disparities in patient health outcomes. This initiative will strengthen the healthcare workforce by improving access to emergency medical care for patients and supporting the training and retention of EM physicians.",Statewide,Behavioral health/substance use disorder treatment; Clinic; Hospital (all types); Maternal health; Pharmacy; Specialist; Tribal Health Organization,2026-08-21
AK,18,Alaska Stroke Coalition,3156626,NONPROFIT_CBO,No,Implementation | Spark Technology and Innovation | Statewide,Yes,No,FY2026 (Year 1),Alaska RHTP Awards Notice 2026 - Notice of Intent to Award,https://health.alaska.gov/media/tcvker5a/ak_rhtp_awardsnotice_2026.xlsx,NOTICE_OF_INTENT_TO_AWARD,MODEL_ASSISTED,AI-assisted - CONFIRM,,,,,"Non-Profit, Social Service, or Community Based Organization",HIGH,AMOUNT_PRELIMINARY,IN_KIND_BENEFIT,Yes,"The state's own Organization Type field states 'Non-Profit, Social Service, or Community Based Organization'. §10.2 IN_KIND_BENEFIT: the recipient is not a hospital and keeps the funds, and the source names hospitals among the parties the funded work serves. These dollars must never enter a 'funds distributed to hospitals' total; they are kept visible rather than discarded. Source: Alaska DOH's rolling RHTP award notice (sheet 'Notice of Intent to Award'), project BP1-IA-042, notified 2026-08-21. The amount is published as preliminary and the document is a notice of intent to award, not a notice of award.",data/evidence/AK/2026-08-28_ak_rhtp_awardsnotice_2026.xlsx,https://health.alaska.gov/media/tcvker5a/ak_rhtp_awardsnotice_2026.xlsx,PER_PROJECT,PRELIMINARY_AS_PUBLISHED,INTENT_TO_AWARD,STATE_ORG_TYPE,Spark Technology and Innovation,BP1-IA-042,Implementation,Spark Technology and Innovation,Statewide Deployment of Clinical AI Decision Support Network Across Alaska Hospitals,"Alaska Stroke Coalition proposes a statewide AI imaging network across 21 acute care hospitals that pairs broad multi-pathology triage with advanced stroke imaging, so every site — urban or rural — receives the same rapid interpretation support for time-critical findings: stroke, hemorrhage, pulmonary embolism, aortic and spinal injury. Utilizing two complementary, cloud-based platforms that run on existing PACS without new imaging hardware — diagnostic breadth everywhere, plus the stroke depth needed to treat and transfer faster, while surfacing incidental findings for earlier intervention.",Statewide,"Non-Profit, Social Service, or Community Based Organization",2026-08-21
AK,19,Aleutian Pribilof Islands Association,249806.42,TRIBAL_ORG,No,Implementation | Health Care Access | Aleutians West Census Area,Yes,No,FY2026 (Year 1),Alaska RHTP Awards Notice 2026 - Notice of Intent to Award,https://health.alaska.gov/media/tcvker5a/ak_rhtp_awardsnotice_2026.xlsx,NOTICE_OF_INTENT_TO_AWARD,MODEL_ASSISTED,AI-assisted - CONFIRM,,,,,Tribal Health Organization,HIGH,RECIPIENT_TYPE_VARIES_IN_SOURCE,NON_HOSPITAL,No,"The state's own Organization Type field states 'Tribal Health Organization'. §10.2 NON_HOSPITAL: the named recipient is not a hospital (§0.3a -- judged on the recipient, not the activity), and the source does not mention hospitals anywhere in the funded work. Source: Alaska DOH's rolling RHTP award notice (sheet 'Notice of Intent to Award'), project BP1-IA-044, notified 2026-08-21. The amount is published as preliminary and the document is a notice of intent to award, not a notice of award. NOTE: Alaska's Organization Type field gives this recipient a different organisational form on another of its own projects (FQHC_OR_RHC / TRIBAL_ORG). The per-row value is kept as the state published it and is not harmonised; a reviewer resolves which form the entity has.",data/evidence/AK/2026-08-28_ak_rhtp_awardsnotice_2026.xlsx,https://health.alaska.gov/media/tcvker5a/ak_rhtp_awardsnotice_2026.xlsx,PER_PROJECT,PRELIMINARY_AS_PUBLISHED,INTENT_TO_AWARD,STATE_ORG_TYPE,Health Care Access,BP1-IA-044,Implementation,Health Care Access,APIA Facility Renovation and Community Wellness Enhancement (Anchorage and Unalaska),"Aleutian Pribilof Islands Association proposes to establish and expand primary care, behavioral health, and wellness services by improving clinical and community health spaces for Alaska Native people in remote Aleutian and Pribilof Islands communities, including Unalaska and Anchorage. The project will renovate and reconfigure office layouts to create private, functional, and secure spaces for health and social services. This will improve delivery of primary care coordination, behavioral health, victim services, elder case management, and veteran suicide prevention services.",Aleutians West Census Area,Tribal Health Organization,2026-08-21
AK,20,Aleutian Pribilof Islands Association,242531.68,TRIBAL_ORG,No,Implementation | Strengthen Workforce | Aleutians West Census Area,Yes,No,FY2026 (Year 1),Alaska RHTP Awards Notice 2026 - Notice of Intent to Award,https://health.alaska.gov/media/tcvker5a/ak_rhtp_awardsnotice_2026.xlsx,NOTICE_OF_INTENT_TO_AWARD,MODEL_ASSISTED,AI-assisted - CONFIRM,,,,,Clinic; Emergency Medical Services; Family medicine or primary care; Tribal Health Organization,HIGH,RECIPIENT_TYPE_VARIES_IN_SOURCE,NON_HOSPITAL,No,"The state's own Organization Type field states 'Tribal Health Organization'. §10.2 NON_HOSPITAL: the named recipient is not a hospital (§0.3a -- judged on the recipient, not the activity), and the source does not mention hospitals anywhere in the funded work. Source: Alaska DOH's rolling RHTP award notice (sheet 'Notice of Intent to Award'), project BP1-IA-046, notified 2026-08-21. The amount is published as preliminary and the document is a notice of intent to award, not a notice of award. NOTE: Alaska's Organization Type field gives this recipient a different organisational form on another of its own projects (FQHC_OR_RHC / TRIBAL_ORG). The per-row value is kept as the state published it and is not harmonised; a reviewer resolves which form the entity has.",data/evidence/AK/2026-08-28_ak_rhtp_awardsnotice_2026.xlsx,https://health.alaska.gov/media/tcvker5a/ak_rhtp_awardsnotice_2026.xlsx,PER_PROJECT,PRELIMINARY_AS_PUBLISHED,INTENT_TO_AWARD,STATE_ORG_TYPE,Strengthen Workforce,BP1-IA-046,Implementation,Strengthen Workforce,Strengthening Rural Care Coordination through Expansion of Community Health Worker and Social Work Services,"APIA proposes to expand care coordination by adding one medical social worker and two community health workers to its primary care team. This addresses critical workforce shortages and gaps in patient support services for people living in the remote communities of Atka, Nikolski, St. George, and Unalaska. This addresses critical workforce shortages and gaps in patient support services for people living in the remote communities within APIA's Primary Care Services service area (Atka, Nikolski, St. George and Unalaska).",Aleutians West Census Area,Clinic; Emergency Medical Services; Family medicine or primary care; Tribal Health Organization,2026-08-21
AK,21,Aleutian Pribilof Islands Association,79141,FQHC_OR_RHC,No,Implementation | Health Care Access | Aleutians West Census Area,Yes,No,FY2026 (Year 1),Alaska RHTP Awards Notice 2026 - Notice of Intent to Award,https://health.alaska.gov/media/tcvker5a/ak_rhtp_awardsnotice_2026.xlsx,NOTICE_OF_INTENT_TO_AWARD,MODEL_ASSISTED,AI-assisted - CONFIRM,,,,,Clinic; Family medicine or primary care; Federally qualified health center; Tribal Health Organization,HIGH,RECIPIENT_TYPE_VARIES_IN_SOURCE,NON_HOSPITAL,No,"The state's own Organization Type field states 'Federally qualified health center'. §10.2 NON_HOSPITAL: the named recipient is not a hospital (§0.3a -- judged on the recipient, not the activity), and the source does not mention hospitals anywhere in the funded work. Source: Alaska DOH's rolling RHTP award notice (sheet 'Notice of Intent to Award'), project BP1-IA-045, notified 2026-08-21. The amount is published as preliminary and the document is a notice of intent to award, not a notice of award. NOTE: Alaska's Organization Type field gives this recipient a different organisational form on another of its own projects (FQHC_OR_RHC / TRIBAL_ORG). The per-row value is kept as the state published it and is not harmonised; a reviewer resolves which form the entity has.",data/evidence/AK/2026-08-28_ak_rhtp_awardsnotice_2026.xlsx,https://health.alaska.gov/media/tcvker5a/ak_rhtp_awardsnotice_2026.xlsx,PER_PROJECT,PRELIMINARY_AS_PUBLISHED,INTENT_TO_AWARD,STATE_ORG_TYPE,Health Care Access,BP1-IA-045,Implementation,Health Care Access,Strengthening APIA Rural Diagnostic Capacity through Laboratory Expansion,"The Aleutian Pribilof Islands Association (APIA) proposes to expand laboratory capability at all four Primary Care Services clinics in the remote Aleutian and Pribilof Islands. This project will install a Piccolo Chemistry Analyzer at Nikolski Health Center and deploy troponin-capable point-of-care diagnostic systems at all sites, including the Oonalaska Wellness Center hub. These upgrades will enable timely onsite testing, reduce delays in critical care (especially cardiac events), minimize costly patient travel and medevacs, and improve health outcomes for rural Unangax communities.",Aleutians West Census Area,Clinic; Family medicine or primary care; Federally qualified health center; Tribal Health Organization,2026-08-21
AK,22,All Alaska Pediatric Partnership,221801.8,NONPROFIT_CBO,No,Planning | Healthy Beginnings | Statewide,Yes,No,FY2026 (Year 1),Alaska RHTP Awards Notice 2026 - Notice of Intent to Award,https://health.alaska.gov/media/tcvker5a/ak_rhtp_awardsnotice_2026.xlsx,NOTICE_OF_INTENT_TO_AWARD,MODEL_ASSISTED,AI-assisted - CONFIRM,,,,,"Non-Profit, Social Service, or Community Based Organization",HIGH,AMOUNT_PRELIMINARY,NON_HOSPITAL,No,"The state's own Organization Type field states 'Non-Profit, Social Service, or Community Based Organization'. §10.2 NON_HOSPITAL: the named recipient is not a hospital (§0.3a -- judged on the recipient, not the activity), and the source does not mention hospitals anywhere in the funded work. Source: Alaska DOH's rolling RHTP award notice (sheet 'Notice of Intent to Award'), project BP1-PL-005, notified 2026-08-21. The amount is published as preliminary and the document is a notice of intent to award, not a notice of award.",data/evidence/AK/2026-08-28_ak_rhtp_awardsnotice_2026.xlsx,https://health.alaska.gov/media/tcvker5a/ak_rhtp_awardsnotice_2026.xlsx,PER_PROJECT,PRELIMINARY_AS_PUBLISHED,INTENT_TO_AWARD,STATE_ORG_TYPE,Healthy Beginnings,BP1-PL-005,Planning,Healthy Beginnings,All Alaska Pediatric Partnership: Readiness for a Coordinated Pediatric System of Care,"All Alaska Pediatric Partnership (A2P2) proposes an administrative readiness project to strengthen organizational capacity for implementing a multi-phase expansion of Help Me Grow Alaska's referral pathways and service tracks, in support of a more coordinated statewide pediatric system of care. Two contractors will support project design and implementation planning and organizational/workforce readiness respectively. This readiness investment is designed to position A2P2 to successfully implement a companion DOH-solicited Targeted Innovation proposal.",Statewide,"Non-Profit, Social Service, or Community Based Organization",2026-08-21
AK,23,Alzheimer's Resource of Alaska,374051.38,NONPROFIT_CBO,No,Planning | Spark Technology and Innovation | Statewide,Yes,No,FY2026 (Year 1),Alaska RHTP Awards Notice 2026 - Notice of Intent to Award,https://health.alaska.gov/media/tcvker5a/ak_rhtp_awardsnotice_2026.xlsx,NOTICE_OF_INTENT_TO_AWARD,MODEL_ASSISTED,AI-assisted - CONFIRM,,,,,"Non-Profit, Social Service, or Community Based Organization",HIGH,AMOUNT_PRELIMINARY,NON_HOSPITAL,No,"The state's own Organization Type field states 'Non-Profit, Social Service, or Community Based Organization'. §10.2 NON_HOSPITAL: the named recipient is not a hospital (§0.3a -- judged on the recipient, not the activity), and the source does not mention hospitals anywhere in the funded work. Source: Alaska DOH's rolling RHTP award notice (sheet 'Notice of Intent to Award'), project BP1-PL-006, notified 2026-08-21. The amount is published as preliminary and the document is a notice of intent to award, not a notice of award.",data/evidence/AK/2026-08-28_ak_rhtp_awardsnotice_2026.xlsx,https://health.alaska.gov/media/tcvker5a/ak_rhtp_awardsnotice_2026.xlsx,PER_PROJECT,PRELIMINARY_AS_PUBLISHED,INTENT_TO_AWARD,STATE_ORG_TYPE,Spark Technology and Innovation,BP1-PL-006,Planning,Spark Technology and Innovation,"Statewide Client Management System for ADRD, Care Coordination, and Reimbursement Infrastructure","Alzheimer's Resource of Alaska (ARA) proposes to implement an integrated, statewide client management platform to consolidate ADRD services, Medicaid waiver care coordination, mini-grant administration, and Community Care Hub workflows currently tracked across multiple fragmented tools and paper-based processes. The project will hire a Data Manager, engage a strategic advisory consultant, establish KPIs and data governance structures, and select and begin implementing a unified system that supports billing, referral tracking, and reporting. This infrastructure redesign is intended to strengthen ARA's capacity to deliver coordinated care statewide and support Medicare billing through the Community Care Hub pilot.",Statewide,"Non-Profit, Social Service, or Community Based Organization",2026-08-21
AK,24,Arctic Slope Native Association,2000000,HOSPITAL_OR_SYSTEM,Yes,Implementation | Healthy Beginnings | North Slope Borough,Yes,No,FY2026 (Year 1),Alaska RHTP Awards Notice 2026 - Notice of Intent to Award,https://health.alaska.gov/media/tcvker5a/ak_rhtp_awardsnotice_2026.xlsx,NOTICE_OF_INTENT_TO_AWARD,MODEL_ASSISTED,AI-assisted - CONFIRM,,,,,"Clinic; Dental; Emergency Medical Services; Family medicine or primary care; Hospital (all types); Maternal health; Non-Profit, Social Service, or Community Based Organization; Pharmacy; Tribal Health Organization",HIGH,RECIPIENT_TYPE_VARIES_IN_SOURCE,DIRECT,Yes,"The state's own Organization Type field states 'Hospital (all types)'. §10.2 DIRECT: the named recipient is a hospital or hospital system and the state's award document names both the recipient and the amount. Source: Alaska DOH's rolling RHTP award notice (sheet 'Notice of Intent to Award'), project BP1-IA-051, notified 2026-08-21. The amount is published as preliminary and the document is a notice of intent to award, not a notice of award. NOTE: Alaska's Organization Type field gives this recipient a different organisational form on another of its own projects (HOSPITAL_OR_SYSTEM / TRIBAL_ORG). The per-row value is kept as the state published it and is not harmonised; a reviewer resolves which form the entity has.",data/evidence/AK/2026-08-28_ak_rhtp_awardsnotice_2026.xlsx,https://health.alaska.gov/media/tcvker5a/ak_rhtp_awardsnotice_2026.xlsx,PER_PROJECT,PRELIMINARY_AS_PUBLISHED,INTENT_TO_AWARD,STATE_ORG_TYPE,Healthy Beginnings,BP1-IA-051,Implementation,Healthy Beginnings,Center for Supporting Healthy Families Project,"The Arctic Slope Native Association proposes the expansion of health care services in the Arctic Slope Region through the creation of a single coordinated center for families to access health care referrals, health education, social services, and other family supports to address specific needs for their children. This project will address gaps in service delivery where referrals might get stuck or lost between programs, parents complete multiple or duplicate intake/eligibility forms, or people seeking services may discover that they are in the wrong building to access a particular program.",North Slope Borough,"Clinic; Dental; Emergency Medical Services; Family medicine or primary care; Hospital (all types); Maternal health; Non-Profit, Social Service, or Community Based Organization; Pharmacy; Tribal Health Organization",2026-08-21
AK,25,Arctic Slope Native Association,2000000,HOSPITAL_OR_SYSTEM,Yes,Implementation | Health Care Access | North Slope Borough,Yes,No,FY2026 (Year 1),Alaska RHTP Awards Notice 2026 - Notice of Intent to Award,https://health.alaska.gov/media/tcvker5a/ak_rhtp_awardsnotice_2026.xlsx,NOTICE_OF_INTENT_TO_AWARD,MODEL_ASSISTED,AI-assisted - CONFIRM,,,,,"Emergency Medical Services; Family medicine or primary care; Hospital (all types); Maternal health; Non-Profit, Social Service, or Community Based Organization; Pharmacy; Tribal Health Organization",HIGH,RECIPIENT_TYPE_VARIES_IN_SOURCE,DIRECT,Yes,"The state's own Organization Type field states 'Hospital (all types)'. §10.2 DIRECT: the named recipient is a hospital or hospital system and the state's award document names both the recipient and the amount. Source: Alaska DOH's rolling RHTP award notice (sheet 'Notice of Intent to Award'), project BP1-IA-054, notified 2026-08-21. The amount is published as preliminary and the document is a notice of intent to award, not a notice of award. NOTE: Alaska's Organization Type field gives this recipient a different organisational form on another of its own projects (HOSPITAL_OR_SYSTEM / TRIBAL_ORG). The per-row value is kept as the state published it and is not harmonised; a reviewer resolves which form the entity has.",data/evidence/AK/2026-08-28_ak_rhtp_awardsnotice_2026.xlsx,https://health.alaska.gov/media/tcvker5a/ak_rhtp_awardsnotice_2026.xlsx,PER_PROJECT,PRELIMINARY_AS_PUBLISHED,INTENT_TO_AWARD,STATE_ORG_TYPE,Health Care Access,BP1-IA-054,Implementation,Health Care Access,Surgical Suite Renovation,"The Arctic Slope Native Association proposes to renovate space at the Samuel Simmonds Memorial Hospital to create a surgical suite in Utqiagvik Alaska. This project provides access to surgical care for approximately 10,000 residents that would otherwise have to leave the community. Creating this access reduces travel impact on expectant mothers, elderly/medically fragile patients, and improves response times for trauma patients.",North Slope Borough,"Emergency Medical Services; Family medicine or primary care; Hospital (all types); Maternal health; Non-Profit, Social Service, or Community Based Organization; Pharmacy; Tribal Health Organization",2026-08-21
AK,26,Arctic Slope Native Association,500000,TRIBAL_ORG,No,Planning | Health Care Access | North Slope Borough,Yes,No,FY2026 (Year 1),Alaska RHTP Awards Notice 2026 - Notice of Intent to Award,https://health.alaska.gov/media/tcvker5a/ak_rhtp_awardsnotice_2026.xlsx,NOTICE_OF_INTENT_TO_AWARD,MODEL_ASSISTED,AI-assisted - CONFIRM,,,,,Tribal Health Organization,HIGH,RECIPIENT_TYPE_VARIES_IN_SOURCE,NON_HOSPITAL,No,"The state's own Organization Type field states 'Tribal Health Organization'. §10.2 NON_HOSPITAL: the named recipient is not a hospital (§0.3a -- judged on the recipient, not the activity), and the source does not mention hospitals anywhere in the funded work. Source: Alaska DOH's rolling RHTP award notice (sheet 'Notice of Intent to Award'), project BP1-PL-007, notified 2026-08-21. The amount is published as preliminary and the document is a notice of intent to award, not a notice of award. NOTE: Alaska's Organization Type field gives this recipient a different organisational form on another of its own projects (HOSPITAL_OR_SYSTEM / TRIBAL_ORG). The per-row value is kept as the state published it and is not harmonised; a reviewer resolves which form the entity has.",data/evidence/AK/2026-08-28_ak_rhtp_awardsnotice_2026.xlsx,https://health.alaska.gov/media/tcvker5a/ak_rhtp_awardsnotice_2026.xlsx,PER_PROJECT,PRELIMINARY_AS_PUBLISHED,INTENT_TO_AWARD,STATE_ORG_TYPE,Health Care Access,BP1-PL-007,Planning,Health Care Access,Community Alcohol and Other Drug Abuse Health Assessment & Planning,"Arctic Slope Native Association (ASNA), in partnership with the North Slope Borough Health and Social Services Department, proposes a $500,000 feasibility study to assess the viability of establishing a sober living environment and detox facility on the North Slope, where 42% of households report being impacted by alcohol or drug use and inpatient AODA treatment currently requires patients to leave Alaska. The study will identify barriers to sustainable AODA services, evaluate operating models, and produce architectural concepts. Findings will be shared regionally and statewide as a potential model for addressing AODA service gaps in rural Alaska.",North Slope Borough,Tribal Health Organization,2026-08-21
AK,27,Arctic Slope Native Association,500000,HOSPITAL_OR_SYSTEM,Yes,Implementation | Health Care Access | North Slope Borough,Yes,No,FY2026 (Year 1),Alaska RHTP Awards Notice 2026 - Notice of Intent to Award,https://health.alaska.gov/media/tcvker5a/ak_rhtp_awardsnotice_2026.xlsx,NOTICE_OF_INTENT_TO_AWARD,MODEL_ASSISTED,AI-assisted - CONFIRM,,,,,"Clinic; Dental; Emergency Medical Services; Family medicine or primary care; Hospital (all types); Maternal health; Non-Profit, Social Service, or Community Based Organization; Pharmacy; Tribal Health Organization",HIGH,RECIPIENT_TYPE_VARIES_IN_SOURCE,DIRECT,Yes,"The state's own Organization Type field states 'Hospital (all types)'. §10.2 DIRECT: the named recipient is a hospital or hospital system and the state's award document names both the recipient and the amount. Source: Alaska DOH's rolling RHTP award notice (sheet 'Notice of Intent to Award'), project BP1-IA-055, notified 2026-08-21. The amount is published as preliminary and the document is a notice of intent to award, not a notice of award. NOTE: Alaska's Organization Type field gives this recipient a different organisational form on another of its own projects (HOSPITAL_OR_SYSTEM / TRIBAL_ORG). The per-row value is kept as the state published it and is not harmonised; a reviewer resolves which form the entity has.",data/evidence/AK/2026-08-28_ak_rhtp_awardsnotice_2026.xlsx,https://health.alaska.gov/media/tcvker5a/ak_rhtp_awardsnotice_2026.xlsx,PER_PROJECT,PRELIMINARY_AS_PUBLISHED,INTENT_TO_AWARD,STATE_ORG_TYPE,Health Care Access,BP1-IA-055,Implementation,Health Care Access,Virtual Intensive Care Unit Project,The Arctic Slope Native Association proposes to address the complete lack of intensive care unit beds in the region by installing technology to create three virtual intensive care rooms at the Samuel Simmonds Memorial Hospital. Upgrading these rooms will allow complex cases to be treated in the region rather than transferring them to Anchorage.,North Slope Borough,"Clinic; Dental; Emergency Medical Services; Family medicine or primary care; Hospital (all types); Maternal health; Non-Profit, Social Service, or Community Based Organization; Pharmacy; Tribal Health Organization",2026-08-21
AK,28,Arete Family Care,62625,NONPROFIT_CBO,No,Implementation | Health Care Access | Anchorage (Municipality),Yes,No,FY2026 (Year 1),Alaska RHTP Awards Notice 2026 - Notice of Intent to Award,https://health.alaska.gov/media/tcvker5a/ak_rhtp_awardsnotice_2026.xlsx,NOTICE_OF_INTENT_TO_AWARD,MODEL_ASSISTED,AI-assisted - CONFIRM,,,,,Family medicine or primary care,LOW,RECIPIENT_TYPE_INFERRED,NON_HOSPITAL,No,"The state's Organization Type field names only a service line (Family medicine or primary care) and no organisational form; §8 settled fallback (session 10). §10.2 NON_HOSPITAL: the named recipient is not a hospital (§0.3a -- judged on the recipient, not the activity), and the source does not mention hospitals anywhere in the funded work. Source: Alaska DOH's rolling RHTP award notice (sheet 'Notice of Intent to Award'), project BP1-IA-057, notified 2026-08-21. The amount is published as preliminary and the document is a notice of intent to award, not a notice of award.",data/evidence/AK/2026-08-28_ak_rhtp_awardsnotice_2026.xlsx,https://health.alaska.gov/media/tcvker5a/ak_rhtp_awardsnotice_2026.xlsx,PER_PROJECT,PRELIMINARY_AS_PUBLISHED,INTENT_TO_AWARD,FALLBACK,Health Care Access,BP1-IA-057,Implementation,Health Care Access,Point of Care Ultrasound & PACS System,"Arete Family Care, LLC proposes to acquire a diagnostic ultrasound system and integrated PACS to establish on-site imaging capability at our Anchorage primary care clinic, addressing the lack of accessible, affordable diagnostic imaging for uninsured, underinsured, Medicare, and Tricare patients who face significant delays, transportation barriers, and referral dropout when referred to external facilities for routine abdominal, pelvic, thyroid, and vascular studies.",Anchorage (Municipality),Family medicine or primary care,2026-08-21
AK,29,Bartlett Regional Hospital,341943,HOSPITAL_OR_SYSTEM,Yes,Implementation | Spark Technology and Innovation | Haines Borough; Hoonah-Angoon Census Area; Juneau (City and Borough); Ketchikan Gateway Borough; Petersburg Borough; Prince of Wales-Hyder Census Area; Sitka (City and Borough); Skagway (Municipality); Wrangell (City and Borough); Yakutat (City and Borough),Yes,No,FY2026 (Year 1),Alaska RHTP Awards Notice 2026 - Notice of Intent to Award,https://health.alaska.gov/media/tcvker5a/ak_rhtp_awardsnotice_2026.xlsx,NOTICE_OF_INTENT_TO_AWARD,MODEL_ASSISTED,AI-assisted - CONFIRM,,,,,Behavioral health/substance use disorder treatment; Clinic; Emergency Medical Services; Family medicine or primary care; Home-and-community-based services provider; Hospital (all types); Local government; Maternal health; Other health care provider; Pharmacy; Specialist,HIGH,AMOUNT_PRELIMINARY,DIRECT,Yes,"The state's own Organization Type field states 'Hospital (all types)'. §10.2 DIRECT: the named recipient is a hospital or hospital system and the state's award document names both the recipient and the amount. Source: Alaska DOH's rolling RHTP award notice (sheet 'Notice of Intent to Award'), project BP1-IA-066, notified 2026-08-21. The amount is published as preliminary and the document is a notice of intent to award, not a notice of award.",data/evidence/AK/2026-08-28_ak_rhtp_awardsnotice_2026.xlsx,https://health.alaska.gov/media/tcvker5a/ak_rhtp_awardsnotice_2026.xlsx,PER_PROJECT,PRELIMINARY_AS_PUBLISHED,INTENT_TO_AWARD,STATE_ORG_TYPE,Spark Technology and Innovation,BP1-IA-066,Implementation,Spark Technology and Innovation,Bartlett Secure Communication Expansion,"Bartlett Regional Hospital proposes to expand and enhance the hospital's communication infrastructure by adding modules to our secure communication software that improve patient engagement and functionality for staff in a way that is HIPAA compliant. The enhanced system will allow our patient population of 70,000 Southeast Alaskans to engage with their healthcare in a secure platform integrated with hospital scheduling and care team communications. Consolidating these functions improves reliability, reduces manual outreach burdens, and enhances the speed and safety of clinical decision-making.",Haines Borough; Hoonah-Angoon Census Area; Juneau (City and Borough); Ketchikan Gateway Borough; Petersburg Borough; Prince of Wales-Hyder Census Area; Sitka (City and Borough); Skagway (Municipality); Wrangell (City and Borough); Yakutat (City and Borough),Behavioral health/substance use disorder treatment; Clinic; Emergency Medical Services; Family medicine or primary care; Home-and-community-based services provider; Hospital (all types); Local government; Maternal health; Other health care provider; Pharmacy; Specialist,2026-08-21
AK,30,Brave Heart Maternity Home,678460,NONPROFIT_CBO,No,Implementation | Healthy Beginnings | Anchorage (Municipality); Matanuska-Susitna Borough,Yes,No,FY2026 (Year 1),Alaska RHTP Awards Notice 2026 - Notice of Intent to Award,https://health.alaska.gov/media/tcvker5a/ak_rhtp_awardsnotice_2026.xlsx,NOTICE_OF_INTENT_TO_AWARD,MODEL_ASSISTED,AI-assisted - CONFIRM,,,,,"Maternal health; Non-Profit, Social Service, or Community Based Organization",HIGH,AMOUNT_PRELIMINARY,NON_HOSPITAL,No,"The state's own Organization Type field states 'Non-Profit, Social Service, or Community Based Organization'. §10.2 NON_HOSPITAL: the named recipient is not a hospital (§0.3a -- judged on the recipient, not the activity), and the source does not mention hospitals anywhere in the funded work. Source: Alaska DOH's rolling RHTP award notice (sheet 'Notice of Intent to Award'), project BP1-IA-068, notified 2026-08-21. The amount is published as preliminary and the document is a notice of intent to award, not a notice of award.",data/evidence/AK/2026-08-28_ak_rhtp_awardsnotice_2026.xlsx,https://health.alaska.gov/media/tcvker5a/ak_rhtp_awardsnotice_2026.xlsx,PER_PROJECT,PRELIMINARY_AS_PUBLISHED,INTENT_TO_AWARD,STATE_ORG_TYPE,Healthy Beginnings,BP1-IA-068,Implementation,Healthy Beginnings,Brave Heart Maternity Home - Strengthening Alaska’s Healthy Beginnings,"Brave Heart Maternity Home proposes establishing Alaska's first maternal stabilization home to keep pregnant and postpartum mothers and infants safely together. The project addresses the gap in maternity housing and coordinated prenatal, behavioral health, recovery, and parenting support for women in crisis, including those facing homelessness, DV, poverty, substance use, or child welfare involvement in the Matanuska-Susitna Borough and surrounding rural communities. Pregnant women experiencing homelessness are an invisible population, untracked until a crisis forces an emergency response.",Anchorage (Municipality); Matanuska-Susitna Borough,"Maternal health; Non-Profit, Social Service, or Community Based Organization",2026-08-21
AK,31,Cartwheel Health Services,993347.45,VENDOR_OR_CONTRACTOR,No,Implementation | Healthy Communities | Bristol Bay Borough; Dillingham Census Area; Fairbanks North Star Borough; Lake and Peninsula Borough,Yes,No,FY2026 (Year 1),Alaska RHTP Awards Notice 2026 - Notice of Intent to Award,https://health.alaska.gov/media/tcvker5a/ak_rhtp_awardsnotice_2026.xlsx,NOTICE_OF_INTENT_TO_AWARD,MODEL_ASSISTED,AI-assisted - CONFIRM,,,,,Behavioral health/substance use disorder treatment; Organizations providing health technology solutions; Other vendors partnering with an Alaska healthcare or community organization; Specialist,HIGH,AMOUNT_PRELIMINARY,NON_HOSPITAL,No,"The state's own Organization Type field states 'Organizations providing health technology solutions'. §10.2 NON_HOSPITAL: the named recipient is not a hospital (§0.3a -- judged on the recipient, not the activity), and the source does not mention hospitals anywhere in the funded work. Source: Alaska DOH's rolling RHTP award notice (sheet 'Notice of Intent to Award'), project BP1-IA-079, notified 2026-08-21. The amount is published as preliminary and the document is a notice of intent to award, not a notice of award.",data/evidence/AK/2026-08-28_ak_rhtp_awardsnotice_2026.xlsx,https://health.alaska.gov/media/tcvker5a/ak_rhtp_awardsnotice_2026.xlsx,PER_PROJECT,PRELIMINARY_AS_PUBLISHED,INTENT_TO_AWARD,STATE_ORG_TYPE,Healthy Communities,BP1-IA-079,Implementation,Healthy Communities,Project HEARTH: Health & Education Advancement through Rural Telehealth Hubs,"Cartwheel proposes, in partnership with the Bristol Bay Area Health Corporation and the Fairbanks and Anchorage school districts, to deliver mental health care via telehealth to rural, remote, and frontier students and families and to help schools and local providers coordinate care and bill Medicaid for school-based services. In doing so, we address long wait times, transportation barriers, and provider shortages that leave rural students and families without reliable access to behavioral health support.",Bristol Bay Borough; Dillingham Census Area; Fairbanks North Star Borough; Lake and Peninsula Borough,Behavioral health/substance use disorder treatment; Organizations providing health technology solutions; Other vendors partnering with an Alaska healthcare or community organization; Specialist,2026-08-21
AK,32,Catholic Social Services Brother Francis Shelter Clare House,820093.65,NONPROFIT_CBO,No,Implementation | Health Care Access | Anchorage (Municipality); Matanuska-Susitna Borough,Yes,No,FY2026 (Year 1),Alaska RHTP Awards Notice 2026 - Notice of Intent to Award,https://health.alaska.gov/media/tcvker5a/ak_rhtp_awardsnotice_2026.xlsx,NOTICE_OF_INTENT_TO_AWARD,MODEL_ASSISTED,AI-assisted - CONFIRM,,,,,"Non-Profit, Social Service, or Community Based Organization",HIGH,AMOUNT_PRELIMINARY,NON_HOSPITAL,No,"The state's own Organization Type field states 'Non-Profit, Social Service, or Community Based Organization'. §10.2 NON_HOSPITAL: the named recipient is not a hospital (§0.3a -- judged on the recipient, not the activity), and the source does not mention hospitals anywhere in the funded work. Source: Alaska DOH's rolling RHTP award notice (sheet 'Notice of Intent to Award'), project BP1-IA-080, notified 2026-08-21. The amount is published as preliminary and the document is a notice of intent to award, not a notice of award.",data/evidence/AK/2026-08-28_ak_rhtp_awardsnotice_2026.xlsx,https://health.alaska.gov/media/tcvker5a/ak_rhtp_awardsnotice_2026.xlsx,PER_PROJECT,PRELIMINARY_AS_PUBLISHED,INTENT_TO_AWARD,STATE_ORG_TYPE,Health Care Access,BP1-IA-080,Implementation,Health Care Access,Closing the Gap: Rural Health Care Transitions for Medically Fragile Alaskans,"Catholic Social Services proposes to implement a Medicaid-aligned Medical Respite model to support future inclusion in Alaska’s Medicaid demonstration waiver, addressing the lack of a reimbursable recovery setting for medically fragile Alaskans experiencing homelessness who are too ill to recover safely in shelter or on the street.",Anchorage (Municipality); Matanuska-Susitna Borough,"Non-Profit, Social Service, or Community Based Organization",2026-08-21
AK,33,Catholic Social Services Early Learning,954143.18,NONPROFIT_CBO,No,Implementation | Healthy Beginnings | Matanuska-Susitna Borough,Yes,No,FY2026 (Year 1),Alaska RHTP Awards Notice 2026 - Notice of Intent to Award,https://health.alaska.gov/media/tcvker5a/ak_rhtp_awardsnotice_2026.xlsx,NOTICE_OF_INTENT_TO_AWARD,MODEL_ASSISTED,AI-assisted - CONFIRM,,,,,"Clinic; Non-Profit, Social Service, or Community Based Organization",HIGH,AMOUNT_PRELIMINARY,NON_HOSPITAL,No,"The state's own Organization Type field states 'Non-Profit, Social Service, or Community Based Organization'. §10.2 NON_HOSPITAL: the named recipient is not a hospital (§0.3a -- judged on the recipient, not the activity), and the source does not mention hospitals anywhere in the funded work. Source: Alaska DOH's rolling RHTP award notice (sheet 'Notice of Intent to Award'), project BP1-IA-081, notified 2026-08-21. The amount is published as preliminary and the document is a notice of intent to award, not a notice of award.",data/evidence/AK/2026-08-28_ak_rhtp_awardsnotice_2026.xlsx,https://health.alaska.gov/media/tcvker5a/ak_rhtp_awardsnotice_2026.xlsx,PER_PROJECT,PRELIMINARY_AS_PUBLISHED,INTENT_TO_AWARD,STATE_ORG_TYPE,Healthy Beginnings,BP1-IA-081,Implementation,Healthy Beginnings,Mental Health Supports for Early Childhood,"CCS Early Learning will establish a Behavioral Health Associate training hub — using Head Start classrooms as a real-world learning environment — and an early childhood mental health clinic for children ages 0–5. In 2023–24, 44% of CCS-enrolled children qualified based on foster care or homelessness — 7 times the national Head Start average — documenting acute need for expanded behavioral health services in Alaska's Matanuska-Susitna Borough.",Matanuska-Susitna Borough,"Clinic; Non-Profit, Social Service, or Community Based Organization",2026-08-21
AK,34,Christian Health Associates,246050,NONPROFIT_CBO,No,Planning | Health Care Access | Statewide,Yes,No,FY2026 (Year 1),Alaska RHTP Awards Notice 2026 - Notice of Intent to Award,https://health.alaska.gov/media/tcvker5a/ak_rhtp_awardsnotice_2026.xlsx,NOTICE_OF_INTENT_TO_AWARD,MODEL_ASSISTED,AI-assisted - CONFIRM,,,,,"Non-Profit, Social Service, or Community Based Organization",HIGH,AMOUNT_PRELIMINARY,NON_HOSPITAL,No,"The state's own Organization Type field states 'Non-Profit, Social Service, or Community Based Organization'. §10.2 NON_HOSPITAL: the named recipient is not a hospital (§0.3a -- judged on the recipient, not the activity), and the source does not mention hospitals anywhere in the funded work. Source: Alaska DOH's rolling RHTP award notice (sheet 'Notice of Intent to Award'), project BP1-PL-011, notified 2026-08-21. The amount is published as preliminary and the document is a notice of intent to award, not a notice of award.",data/evidence/AK/2026-08-28_ak_rhtp_awardsnotice_2026.xlsx,https://health.alaska.gov/media/tcvker5a/ak_rhtp_awardsnotice_2026.xlsx,PER_PROJECT,PRELIMINARY_AS_PUBLISHED,INTENT_TO_AWARD,STATE_ORG_TYPE,Health Care Access,BP1-PL-011,Planning,Health Care Access,Expanding the Healthy Smiles Forever Model of On-site Oral Healthcare to Rural Long Term Care Facilities,"Christian Health Associates proposes to plan the expansion of its existing Healthy Smiles Forever on-site dental care model—currently operating at 5 Anchorage and Mat-Su Valley facilities for 10 years—to 5 rural long-term care facilities in Homer, Cordova, Juneau, Ketchikan, and Soldotna. Planning activities include developing a replicable expansion template, analyzing organizational structure options, building recruitment strategies, and improving Medicaid reimbursement processes. Technology upgrades for existing sites are also planned to improve operational efficiency.",Statewide,"Non-Profit, Social Service, or Community Based Organization",2026-08-21
AK,35,City and Borough of Juneau,76554,LOCAL_GOVT_OR_PUBLIC_HEALTH,No,Planning | Pay for Value | Juneau (City and Borough),Yes,No,FY2026 (Year 1),Alaska RHTP Awards Notice 2026 - Notice of Intent to Award,https://health.alaska.gov/media/tcvker5a/ak_rhtp_awardsnotice_2026.xlsx,NOTICE_OF_INTENT_TO_AWARD,MODEL_ASSISTED,AI-assisted - CONFIRM,,,,,Local Government,HIGH,AMOUNT_PRELIMINARY,NON_HOSPITAL,No,"The state's own Organization Type field states 'Local Government'. §10.2 NON_HOSPITAL: the named recipient is not a hospital (§0.3a -- judged on the recipient, not the activity), and the source does not mention hospitals anywhere in the funded work. Source: Alaska DOH's rolling RHTP award notice (sheet 'Notice of Intent to Award'), project BP1-PL-012, notified 2026-08-21. The amount is published as preliminary and the document is a notice of intent to award, not a notice of award.",data/evidence/AK/2026-08-28_ak_rhtp_awardsnotice_2026.xlsx,https://health.alaska.gov/media/tcvker5a/ak_rhtp_awardsnotice_2026.xlsx,PER_PROJECT,PRELIMINARY_AS_PUBLISHED,INTENT_TO_AWARD,STATE_ORG_TYPE,Pay for Value,BP1-PL-012,Planning,Pay for Value,Community Health Data and Billing Infrastructure,"The City and Borough of Juneau's CCFR Community Health Division proposes to hire a contractor to build billing and data infrastructure within the Imagetrend platform for its three community health teams—Mobile Integrated Health, Mobile Crisis, and Sleep-off/Sobering Center—which currently conduct nearly 5,000 annual contacts with no reimbursement or billing structure. The contractor will develop Medicaid/Medicare billing systems and automated reporting dashboards to support program sustainability and quality improvement. This infrastructure investment is designed to provide a stable funding pathway for community health programs currently dependent entirely on CBJ appropriations.",Juneau (City and Borough),Local Government,2026-08-21
AK,36,City of Bethel,209237.62,LOCAL_GOVT_OR_PUBLIC_HEALTH,No,Implementation | Health Care Access | Bethel Census Area,Yes,No,FY2026 (Year 1),Alaska RHTP Awards Notice 2026 - Notice of Intent to Award,https://health.alaska.gov/media/tcvker5a/ak_rhtp_awardsnotice_2026.xlsx,NOTICE_OF_INTENT_TO_AWARD,MODEL_ASSISTED,AI-assisted - CONFIRM,,,,,Local government,HIGH,AMOUNT_PRELIMINARY,NON_HOSPITAL,No,"The state's own Organization Type field states 'Local government'. §10.2 NON_HOSPITAL: the named recipient is not a hospital (§0.3a -- judged on the recipient, not the activity), and the source does not mention hospitals anywhere in the funded work. Source: Alaska DOH's rolling RHTP award notice (sheet 'Notice of Intent to Award'), project BP1-IA-095, notified 2026-08-21. The amount is published as preliminary and the document is a notice of intent to award, not a notice of award.",data/evidence/AK/2026-08-28_ak_rhtp_awardsnotice_2026.xlsx,https://health.alaska.gov/media/tcvker5a/ak_rhtp_awardsnotice_2026.xlsx,PER_PROJECT,PRELIMINARY_AS_PUBLISHED,INTENT_TO_AWARD,STATE_ORG_TYPE,Health Care Access,BP1-IA-095,Implementation,Health Care Access,New EKG Monitors,"The City of Bethel proposes to purchase three new state-of-the-art EKG monitors/defibrillators, now called cardiac monitors/defibrillators, to replace three ten-year old cardiac monitor/defibrillators stationed in three ambulances used by emergency medical service responders. The current equipment is at the end of its useful life, produces slower diagnostic results, is difficult to find parts for and repair, and has experienced heavy use due to Bethel's high call volume. Bethel EMS personnel serve Bethel residents and visitors 24 hours a day, 365 days a year.",Bethel Census Area,Local government,2026-08-21
AK,37,City of Togiak,225852,LOCAL_GOVT_OR_PUBLIC_HEALTH,No,Implementation | Health Care Access | Dillingham Census Area,Yes,No,FY2026 (Year 1),Alaska RHTP Awards Notice 2026 - Notice of Intent to Award,https://health.alaska.gov/media/tcvker5a/ak_rhtp_awardsnotice_2026.xlsx,NOTICE_OF_INTENT_TO_AWARD,MODEL_ASSISTED,AI-assisted - CONFIRM,,,,,Local government,HIGH,AMOUNT_PRELIMINARY,NON_HOSPITAL,No,"The state's own Organization Type field states 'Local government'. §10.2 NON_HOSPITAL: the named recipient is not a hospital (§0.3a -- judged on the recipient, not the activity), and the source does not mention hospitals anywhere in the funded work. Source: Alaska DOH's rolling RHTP award notice (sheet 'Notice of Intent to Award'), project BP1-IA-104, notified 2026-08-21. The amount is published as preliminary and the document is a notice of intent to award, not a notice of award.",data/evidence/AK/2026-08-28_ak_rhtp_awardsnotice_2026.xlsx,https://health.alaska.gov/media/tcvker5a/ak_rhtp_awardsnotice_2026.xlsx,PER_PROJECT,PRELIMINARY_AS_PUBLISHED,INTENT_TO_AWARD,STATE_ORG_TYPE,Health Care Access,BP1-IA-104,Implementation,Health Care Access,Togiak Family Resource Center Renovation: Jake's Place Satellite Facility and Community Wellness Center,"The City of Togiak proposes to renovate the Family Resource Center to establish a Jake's Place satellite residential substance use disorder treatment program, in partnership with Bristol Bay Area Health Corporation, alongside a community wellness gathering space, addressing the absence of local treatment options for Togiak and the western Bristol Bay region, where residents must leave their home communities to access care. The year one planning phase reduces risk by establishing operational sustainability before capital investment occurs.",Dillingham Census Area,Local government,2026-08-21
AK,38,Community Connections,244568,NONPROFIT_CBO,No,Implementation | Strengthen Workforce | Ketchikan Gateway Borough; Prince of Wales-Hyder Census Area,Yes,No,FY2026 (Year 1),Alaska RHTP Awards Notice 2026 - Notice of Intent to Award,https://health.alaska.gov/media/tcvker5a/ak_rhtp_awardsnotice_2026.xlsx,NOTICE_OF_INTENT_TO_AWARD,MODEL_ASSISTED,AI-assisted - CONFIRM,,,,,"Behavioral health/substance use disorder treatment; Non-Profit, Social Service, or Community Based Organization",HIGH,AMOUNT_PRELIMINARY,NON_HOSPITAL,No,"The state's own Organization Type field states 'Non-Profit, Social Service, or Community Based Organization'. §10.2 NON_HOSPITAL: the named recipient is not a hospital (§0.3a -- judged on the recipient, not the activity), and the source does not mention hospitals anywhere in the funded work. Source: Alaska DOH's rolling RHTP award notice (sheet 'Notice of Intent to Award'), project BP1-IA-106, notified 2026-08-21. The amount is published as preliminary and the document is a notice of intent to award, not a notice of award.",data/evidence/AK/2026-08-28_ak_rhtp_awardsnotice_2026.xlsx,https://health.alaska.gov/media/tcvker5a/ak_rhtp_awardsnotice_2026.xlsx,PER_PROJECT,PRELIMINARY_AS_PUBLISHED,INTENT_TO_AWARD,STATE_ORG_TYPE,Strengthen Workforce,BP1-IA-106,Implementation,Strengthen Workforce,Grow Your Own Behavioral Health Workforce and Training Supports,"Community Connections proposes to develop and implement a locally rooted behavioral health workforce pipeline to address critical workforce shortages limiting access to children’s mental health services in Ketchikan and remote communities on Prince of Wales Island, building capacity through credential advancement, structured internships, onboarding improvements, and community-based career pathways.",Ketchikan Gateway Borough; Prince of Wales-Hyder Census Area,"Behavioral health/substance use disorder treatment; Non-Profit, Social Service, or Community Based Organization",2026-08-21
AK,39,Cordova Community Medical Center,1291355,HOSPITAL_OR_SYSTEM,Yes,Implementation | Health Care Access | Chugach Census Area,Yes,No,FY2026 (Year 1),Alaska RHTP Awards Notice 2026 - Notice of Intent to Award,https://health.alaska.gov/media/tcvker5a/ak_rhtp_awardsnotice_2026.xlsx,NOTICE_OF_INTENT_TO_AWARD,MODEL_ASSISTED,AI-assisted - CONFIRM,,,,,Hospital (all types); Pharmacy,HIGH,AMOUNT_PRELIMINARY,DIRECT,Yes,"The state's own Organization Type field states 'Hospital (all types)'. §10.2 DIRECT: the named recipient is a hospital or hospital system and the state's award document names both the recipient and the amount. Source: Alaska DOH's rolling RHTP award notice (sheet 'Notice of Intent to Award'), project BP1-IA-113, notified 2026-08-21. The amount is published as preliminary and the document is a notice of intent to award, not a notice of award.",data/evidence/AK/2026-08-28_ak_rhtp_awardsnotice_2026.xlsx,https://health.alaska.gov/media/tcvker5a/ak_rhtp_awardsnotice_2026.xlsx,PER_PROJECT,PRELIMINARY_AS_PUBLISHED,INTENT_TO_AWARD,STATE_ORG_TYPE,Health Care Access,BP1-IA-113,Implementation,Health Care Access,"Rural Pharmacy Transformation: Safe Compounding, Automated Dispensing, and Infusion Care","Cordova Community Medical Center proposes to modernize its pharmacy infrastructure and clinical workforce to launch safe, on-site chemotherapy and biologic infusion services by achieving USP <797>/<800> compliance through certified cleanroom installation and deploying an automated dispensing system to replace manual medication management. These investments will close the infrastructure gap that currently forces Cordova patients to travel by plane or ferry to Anchorage for treatments that are standard of care elsewhere.",Chugach Census Area,Hospital (all types); Pharmacy,2026-08-21
AK,40,Council of Athabascan Tribal Governments,370511.6,FQHC_OR_RHC,No,Implementation | Healthy Communities | Yukon-Koyukuk Census Area,Yes,No,FY2026 (Year 1),Alaska RHTP Awards Notice 2026 - Notice of Intent to Award,https://health.alaska.gov/media/tcvker5a/ak_rhtp_awardsnotice_2026.xlsx,NOTICE_OF_INTENT_TO_AWARD,MODEL_ASSISTED,AI-assisted - CONFIRM,,,,,"Federally qualified health center; Non-Profit, Social Service, or Community Based Organization; Tribal Health Organization",HIGH,AMOUNT_PRELIMINARY,NON_HOSPITAL,No,"The state's own Organization Type field states 'Federally qualified health center'. §10.2 NON_HOSPITAL: the named recipient is not a hospital (§0.3a -- judged on the recipient, not the activity), and the source does not mention hospitals anywhere in the funded work. Source: Alaska DOH's rolling RHTP award notice (sheet 'Notice of Intent to Award'), project BP1-IA-117, notified 2026-08-21. The amount is published as preliminary and the document is a notice of intent to award, not a notice of award.",data/evidence/AK/2026-08-28_ak_rhtp_awardsnotice_2026.xlsx,https://health.alaska.gov/media/tcvker5a/ak_rhtp_awardsnotice_2026.xlsx,PER_PROJECT,PRELIMINARY_AS_PUBLISHED,INTENT_TO_AWARD,STATE_ORG_TYPE,Healthy Communities,BP1-IA-117,Implementation,Healthy Communities,"Growing Health in the Yukon Flats: SDPI Expansion for Food Security, Community Wellness, and Diabetes Prevention","The Council of Athabascan Tribal Governments proposes to expand its Special Diabetes Program for Indians by increasing access to healthy foods, nutrition education, traditional foods activities, physical activity opportunities, and diabetes prevention services to address food insecurity, chronic disease risk, and barriers to healthy living among Alaska Native residents of Arctic Village, Beaver, Fort Yukon, and Venetie through community gardening, wellness activities, healthy cooking education, food preservation training, and community-based health promotion.",Yukon-Koyukuk Census Area,"Federally qualified health center; Non-Profit, Social Service, or Community Based Organization; Tribal Health Organization",2026-08-21
AK,41,Department of Education & Early Development,4272636,STATE_AGENCY,No,Implementation | Strengthen Workforce | Statewide,Yes,No,FY2026 (Year 1),Alaska RHTP Awards Notice 2026 - Notice of Intent to Award,https://health.alaska.gov/media/tcvker5a/ak_rhtp_awardsnotice_2026.xlsx,NOTICE_OF_INTENT_TO_AWARD,MODEL_ASSISTED,AI-assisted - CONFIRM,,,,,State agency,HIGH,AMOUNT_PRELIMINARY,NON_HOSPITAL,No,"The state's own Organization Type field states 'State agency'. §10.2 NON_HOSPITAL: the named recipient is not a hospital (§0.3a -- judged on the recipient, not the activity), and the source does not mention hospitals anywhere in the funded work. Source: Alaska DOH's rolling RHTP award notice (sheet 'Notice of Intent to Award'), project BP1-INT-17, notified 2026-08-21. The amount is published as preliminary and the document is a notice of intent to award, not a notice of award.",data/evidence/AK/2026-08-28_ak_rhtp_awardsnotice_2026.xlsx,https://health.alaska.gov/media/tcvker5a/ak_rhtp_awardsnotice_2026.xlsx,PER_PROJECT,PRELIMINARY_AS_PUBLISHED,INTENT_TO_AWARD,STATE_ORG_TYPE,Strengthen Workforce,BP1-INT-17,Implementation,Strengthen Workforce,Alaska School District Healthcare Programs of Study,"The Alaska Department of Education & Early Development (DEED) will provide competitive subgrants to school districts, partnering vocation training institutions and local regional employers to deliver programs of study in healthcare careers to secondary students. Public school districts currently receive federal Carl Perkins funding to provide exposure and training to students to connect them to workforce opportunities after graduation. Of Alaska’s 53 districts, 36 small and rural districts receive only $20,000 of these federal funds to provide Career and Technical Education across fourteen different career clusters of which Healthcare and Human Services is just one. Currently, 26 of Alaska’s smallest districts do not offer any federally funded healthcare career and technical education due to limited capacity or resources. Each school district is part of DEED’s existing network that supports and promotes career and technical education programming. The healthcare program of study grants would allow smaller rural districts to focus on providing options to rural students to explore healthcare career options and receive technical training leading to careers in the local, regional, and statewide healthcare sector. The grants would serve students with priority given to smaller rural districts facing economy of scale limitations.",Statewide,State agency,2026-08-21
AK,42,"Division of Health Care Services, Department of Health",132300,STATE_AGENCY,No,Implementation | Spark Technology and Innovation | Statewide,Yes,No,FY2026 (Year 1),Alaska RHTP Awards Notice 2026 - Notice of Intent to Award,https://health.alaska.gov/media/tcvker5a/ak_rhtp_awardsnotice_2026.xlsx,NOTICE_OF_INTENT_TO_AWARD,MODEL_ASSISTED,AI-assisted - CONFIRM,,,,,State agency,HIGH,AMOUNT_PRELIMINARY,NON_HOSPITAL,No,"The state's own Organization Type field states 'State agency'. §10.2 NON_HOSPITAL: the named recipient is not a hospital (§0.3a -- judged on the recipient, not the activity), and the source does not mention hospitals anywhere in the funded work. Source: Alaska DOH's rolling RHTP award notice (sheet 'Notice of Intent to Award'), project BP1-INT-04, notified 2026-08-21. The amount is published as preliminary and the document is a notice of intent to award, not a notice of award.",data/evidence/AK/2026-08-28_ak_rhtp_awardsnotice_2026.xlsx,https://health.alaska.gov/media/tcvker5a/ak_rhtp_awardsnotice_2026.xlsx,PER_PROJECT,PRELIMINARY_AS_PUBLISHED,INTENT_TO_AWARD,STATE_ORG_TYPE,Spark Technology and Innovation,BP1-INT-04,Implementation,Spark Technology and Innovation,Real-Time Digital Access for Applicants to the Alaska Background Check Program,"The Division of Health Care Services proposes to modernize the digital Applicant Site to enable real-time background check management, addressing the delays and administrative barriers of outdated, mail-based processing that exacerbate workforce shortages for health care providers across rural and frontier Alaska.",Statewide,State agency,2026-08-21
AK,43,"Division of Public Health, Department of Health",1374000,STATE_AGENCY,No,Implementation | Healthy Communities | Statewide,Yes,No,FY2026 (Year 1),Alaska RHTP Awards Notice 2026 - Notice of Intent to Award,https://health.alaska.gov/media/tcvker5a/ak_rhtp_awardsnotice_2026.xlsx,NOTICE_OF_INTENT_TO_AWARD,MODEL_ASSISTED,AI-assisted - CONFIRM,,,,,State agency,HIGH,AMOUNT_PRELIMINARY,NON_HOSPITAL,No,"The state's own Organization Type field states 'State agency'. §10.2 NON_HOSPITAL: the named recipient is not a hospital (§0.3a -- judged on the recipient, not the activity), and the source does not mention hospitals anywhere in the funded work. Source: Alaska DOH's rolling RHTP award notice (sheet 'Notice of Intent to Award'), project BP1-INT-02, notified 2026-08-21. The amount is published as preliminary and the document is a notice of intent to award, not a notice of award.",data/evidence/AK/2026-08-28_ak_rhtp_awardsnotice_2026.xlsx,https://health.alaska.gov/media/tcvker5a/ak_rhtp_awardsnotice_2026.xlsx,PER_PROJECT,PRELIMINARY_AS_PUBLISHED,INTENT_TO_AWARD,STATE_ORG_TYPE,Healthy Communities,BP1-INT-02,Implementation,Healthy Communities,Fresh Start Expansion,"The Section of Chronic Disease Prevention and Health Promotion within the State of Alaska Department of Health, Division of Public Health, proposes to increase access to chronic disease prevention and management programs for Alaskans statewide.",Statewide,State agency,2026-08-21
AK,44,"Division of Public Health, Department of Health",618916.24,STATE_AGENCY,No,Implementation | Health Care Access | Statewide,Yes,No,FY2026 (Year 1),Alaska RHTP Awards Notice 2026 - Notice of Intent to Award,https://health.alaska.gov/media/tcvker5a/ak_rhtp_awardsnotice_2026.xlsx,NOTICE_OF_INTENT_TO_AWARD,MODEL_ASSISTED,AI-assisted - CONFIRM,,,,,State agency,HIGH,AMOUNT_PRELIMINARY,NON_HOSPITAL,No,"The state's own Organization Type field states 'State agency'. §10.2 NON_HOSPITAL: the named recipient is not a hospital (§0.3a -- judged on the recipient, not the activity), and the source does not mention hospitals anywhere in the funded work. Source: Alaska DOH's rolling RHTP award notice (sheet 'Notice of Intent to Award'), project BP1-INT-03, notified 2026-08-21. The amount is published as preliminary and the document is a notice of intent to award, not a notice of award.",data/evidence/AK/2026-08-28_ak_rhtp_awardsnotice_2026.xlsx,https://health.alaska.gov/media/tcvker5a/ak_rhtp_awardsnotice_2026.xlsx,PER_PROJECT,PRELIMINARY_AS_PUBLISHED,INTENT_TO_AWARD,STATE_ORG_TYPE,Health Care Access,BP1-INT-03,Implementation,Health Care Access,Emergency Medical Services Modernization & Expansion,"The Office of Emergency Medical Services proposes establishing statewide policies, technical assistance, standardized leadership training, and reimbursement strategies to modernize emergency medical services across Alaska. The project addresses limited reimbursement options, training and management gaps, and barriers to providing care without transport to an emergency department. It will support EMS agencies, tribal organizations, healthcare providers, and rural communities by developing standardized guidance, training, and innovative emergency care delivery models.",Statewide,State agency,2026-08-21
AK,45,Eastern Aleutian Tribes,3786120.84,FQHC_OR_RHC,No,Implementation | Health Care Access | Aleutians East Borough; Aleutians West Census Area,Yes,No,FY2026 (Year 1),Alaska RHTP Awards Notice 2026 - Notice of Intent to Award,https://health.alaska.gov/media/tcvker5a/ak_rhtp_awardsnotice_2026.xlsx,NOTICE_OF_INTENT_TO_AWARD,MODEL_ASSISTED,AI-assisted - CONFIRM,,,,,Dental; Federally qualified health center; Tribal Health Organization,HIGH,AMOUNT_PRELIMINARY,NON_HOSPITAL,No,"The state's own Organization Type field states 'Federally qualified health center'. §10.2 NON_HOSPITAL: the named recipient is not a hospital (§0.3a -- judged on the recipient, not the activity), and the source does not mention hospitals anywhere in the funded work. Source: Alaska DOH's rolling RHTP award notice (sheet 'Notice of Intent to Award'), project BP1-IA-129, notified 2026-08-21. The amount is published as preliminary and the document is a notice of intent to award, not a notice of award.",data/evidence/AK/2026-08-28_ak_rhtp_awardsnotice_2026.xlsx,https://health.alaska.gov/media/tcvker5a/ak_rhtp_awardsnotice_2026.xlsx,PER_PROJECT,PRELIMINARY_AS_PUBLISHED,INTENT_TO_AWARD,STATE_ORG_TYPE,Health Care Access,BP1-IA-129,Implementation,Health Care Access,Healthier Alaskans: Rural Oral Health Access and Dental Infrastructure Modernization Initiative,"Eastern Aleutian Tribes proposes to modernize regional dental infrastructure, replace aging equipment, deploy portable dental treatment systems, and expand oral health access across remote communities. The project addresses limited access to dental care, aging clinical infrastructure, and geographic barriers affecting residents of Adak, Akutan, Cold Bay, False Pass, King Cove, Nelson Lagoon, and Sand Point.",Aleutians East Borough; Aleutians West Census Area,Dental; Federally qualified health center; Tribal Health Organization,2026-08-21
AK,46,Eastern Aleutian Tribes,116621.59,FQHC_OR_RHC,No,Implementation | Health Care Access | Aleutians East Borough,Yes,No,FY2026 (Year 1),Alaska RHTP Awards Notice 2026 - Notice of Intent to Award,https://health.alaska.gov/media/tcvker5a/ak_rhtp_awardsnotice_2026.xlsx,NOTICE_OF_INTENT_TO_AWARD,MODEL_ASSISTED,AI-assisted - CONFIRM,,,,,Clinic; Emergency Medical Services; Family medicine or primary care; Federally qualified health center; Tribal Health Organization,HIGH,AMOUNT_PRELIMINARY,NON_HOSPITAL,No,"The state's own Organization Type field states 'Federally qualified health center'. §10.2 NON_HOSPITAL: the named recipient is not a hospital (§0.3a -- judged on the recipient, not the activity), and the source does not mention hospitals anywhere in the funded work. Source: Alaska DOH's rolling RHTP award notice (sheet 'Notice of Intent to Award'), project BP1-IA-125, notified 2026-08-21. The amount is published as preliminary and the document is a notice of intent to award, not a notice of award.",data/evidence/AK/2026-08-28_ak_rhtp_awardsnotice_2026.xlsx,https://health.alaska.gov/media/tcvker5a/ak_rhtp_awardsnotice_2026.xlsx,PER_PROJECT,PRELIMINARY_AS_PUBLISHED,INTENT_TO_AWARD,STATE_ORG_TYPE,Health Care Access,BP1-IA-125,Implementation,Health Care Access,Healthier Alaskan: Portable Digital X-Ray Access for Nelson Lagoon,"Eastern Aleutian Tribes proposes implementing portable digital x-ray services in Nelson Lagoon to improve access to diagnostic imaging, address delays in medical evaluation and treatment, and reduce transportation barriers for residents of Nelson Lagoon and surrounding rural communities in our service area.",Aleutians East Borough,Clinic; Emergency Medical Services; Family medicine or primary care; Federally qualified health center; Tribal Health Organization,2026-08-21
AK,47,Envoy Integrated Health,6349886.26,PHYSICIAN_PRACTICE,No,Implementation | Pay for Value | Statewide,Yes,No,FY2026 (Year 1),Alaska RHTP Awards Notice 2026 - Notice of Intent to Award,https://health.alaska.gov/media/tcvker5a/ak_rhtp_awardsnotice_2026.xlsx,NOTICE_OF_INTENT_TO_AWARD,MODEL_ASSISTED,AI-assisted - CONFIRM,,,,,Clinic; Family medicine or primary care; Other health care provider; Private practitioner; Specialist,HIGH,AMOUNT_PRELIMINARY,NON_HOSPITAL,No,"The state's own Organization Type field states 'Private practitioner'. §10.2 NON_HOSPITAL: the named recipient is not a hospital (§0.3a -- judged on the recipient, not the activity), and the source does not mention hospitals anywhere in the funded work. Source: Alaska DOH's rolling RHTP award notice (sheet 'Notice of Intent to Award'), project BP1-IA-137, notified 2026-08-21. The amount is published as preliminary and the document is a notice of intent to award, not a notice of award.",data/evidence/AK/2026-08-28_ak_rhtp_awardsnotice_2026.xlsx,https://health.alaska.gov/media/tcvker5a/ak_rhtp_awardsnotice_2026.xlsx,PER_PROJECT,PRELIMINARY_AS_PUBLISHED,INTENT_TO_AWARD,STATE_ORG_TYPE,Pay for Value,BP1-IA-137,Implementation,Pay for Value,Statewide Population Health Service Organization,"Envoy Integrated Health proposes building a statewide shared services model that gives Alaska’s providers access to high quality and affordable electronic health records, data analytics, and care coordination tools. This statewide population health services model addresses Alaska’s fragmented healthcare system, limited interoperability, and high infrastructure costs by enabling Alaska’s providers – especially those in small, independent, or rural practices – to manage the health of their patients and participate in value-based care.",Statewide,Clinic; Family medicine or primary care; Other health care provider; Private practitioner; Specialist,2026-08-21
AK,48,Envoy Integrated Health,1509019.17,PHYSICIAN_PRACTICE,No,Implementation | Pay for Value | Anchorage (Municipality); Kenai Peninsula Borough; Matanuska-Susitna Borough,Yes,No,FY2026 (Year 1),Alaska RHTP Awards Notice 2026 - Notice of Intent to Award,https://health.alaska.gov/media/tcvker5a/ak_rhtp_awardsnotice_2026.xlsx,NOTICE_OF_INTENT_TO_AWARD,MODEL_ASSISTED,AI-assisted - CONFIRM,,,,,Clinic; Family medicine or primary care; Other health care provider; Private practitioner; Specialist,HIGH,AMOUNT_PRELIMINARY,NON_HOSPITAL,No,"The state's own Organization Type field states 'Private practitioner'. §10.2 NON_HOSPITAL: the named recipient is not a hospital (§0.3a -- judged on the recipient, not the activity), and the source does not mention hospitals anywhere in the funded work. Source: Alaska DOH's rolling RHTP award notice (sheet 'Notice of Intent to Award'), project BP1-IA-135, notified 2026-08-21. The amount is published as preliminary and the document is a notice of intent to award, not a notice of award.",data/evidence/AK/2026-08-28_ak_rhtp_awardsnotice_2026.xlsx,https://health.alaska.gov/media/tcvker5a/ak_rhtp_awardsnotice_2026.xlsx,PER_PROJECT,PRELIMINARY_AS_PUBLISHED,INTENT_TO_AWARD,STATE_ORG_TYPE,Pay for Value,BP1-IA-135,Implementation,Pay for Value,Medicaid Accountable Care Organization Pilot,"Envoy Integrated Health proposes to pilot a Medicaid Accountable Care Organization (ACO) that brings providers together to coordinate care, improve quality, and reduce avoidable costs for Alaska Medicaid beneficiaries. Our project will take a tried-and-true value-based care model, which Envoy has already proven can be successful in Alaska, and translate it to Alaska’s Medicaid population.",Anchorage (Municipality); Kenai Peninsula Borough; Matanuska-Susitna Borough,Clinic; Family medicine or primary care; Other health care provider; Private practitioner; Specialist,2026-08-21
AK,49,Fond of You Inc (Somethings),2617260,VENDOR_OR_CONTRACTOR,No,Implementation | Health Care Access | Statewide,Yes,No,FY2026 (Year 1),Alaska RHTP Awards Notice 2026 - Notice of Intent to Award,https://health.alaska.gov/media/tcvker5a/ak_rhtp_awardsnotice_2026.xlsx,NOTICE_OF_INTENT_TO_AWARD,MODEL_ASSISTED,AI-assisted - CONFIRM,,,,,Behavioral health/substance use disorder treatment; Organizations providing health technology solutions; Other vendors partnering with an Alaska healthcare or community organization,HIGH,AMOUNT_PRELIMINARY,NON_HOSPITAL,No,"The state's own Organization Type field states 'Organizations providing health technology solutions'. §10.2 NON_HOSPITAL: the named recipient is not a hospital (§0.3a -- judged on the recipient, not the activity), and the source does not mention hospitals anywhere in the funded work. Source: Alaska DOH's rolling RHTP award notice (sheet 'Notice of Intent to Award'), project BP1-IA-141, notified 2026-08-21. The amount is published as preliminary and the document is a notice of intent to award, not a notice of award.",data/evidence/AK/2026-08-28_ak_rhtp_awardsnotice_2026.xlsx,https://health.alaska.gov/media/tcvker5a/ak_rhtp_awardsnotice_2026.xlsx,PER_PROJECT,PRELIMINARY_AS_PUBLISHED,INTENT_TO_AWARD,STATE_ORG_TYPE,Health Care Access,BP1-IA-141,Implementation,Health Care Access,Virtual Low-Bandwidth Certified Peer Support for Youth and Young Adults in Rural Alaska,"Somethings will provide accessible, low-bandwidth virtual peer mentorship to over 3,000 Alaska youth ages 13 to 26 in rural, frontier, and Alaska Native communities. Through Alaska-based Certified Peer Specialists who share lived experience and local context, the program expands behavioral health access, strengthens the peer support workforce, and opens a new front door for youth mental health care, with local partners across the state for referral pathways. The goal is to reduce depression, anxiety, and emergency department utilization in areas with limited behavioral health access.",Statewide,Behavioral health/substance use disorder treatment; Organizations providing health technology solutions; Other vendors partnering with an Alaska healthcare or community organization,2026-08-21
AK,50,Frontier Community Services,249208.8,NONPROFIT_CBO,No,Implementation | Health Care Access | Kenai Peninsula Borough,Yes,No,FY2026 (Year 1),Alaska RHTP Awards Notice 2026 - Notice of Intent to Award,https://health.alaska.gov/media/tcvker5a/ak_rhtp_awardsnotice_2026.xlsx,NOTICE_OF_INTENT_TO_AWARD,MODEL_ASSISTED,AI-assisted - CONFIRM,,,,,"Home-and-community-based services provider; Non-Profit, Social Service, or Community Based Organization",HIGH,AMOUNT_PRELIMINARY,IN_KIND_BENEFIT,Yes,"The state's own Organization Type field states 'Non-Profit, Social Service, or Community Based Organization'. §10.2 IN_KIND_BENEFIT: the recipient is not a hospital and keeps the funds, and the source names hospitals among the parties the funded work serves. These dollars must never enter a 'funds distributed to hospitals' total; they are kept visible rather than discarded. Source: Alaska DOH's rolling RHTP award notice (sheet 'Notice of Intent to Award'), project BP1-IA-143, notified 2026-08-21. The amount is published as preliminary and the document is a notice of intent to award, not a notice of award.",data/evidence/AK/2026-08-28_ak_rhtp_awardsnotice_2026.xlsx,https://health.alaska.gov/media/tcvker5a/ak_rhtp_awardsnotice_2026.xlsx,PER_PROJECT,PRELIMINARY_AS_PUBLISHED,INTENT_TO_AWARD,STATE_ORG_TYPE,Health Care Access,BP1-IA-143,Implementation,Health Care Access,Alaska Community Care for Medical Complexity Pilot,"Frontier Community Services proposes implementing a specialized community-based care model for Alaskans with intellectual and developmental disabilities who have complex medical needs. The project addresses the lack of residential providers able to support individuals with higher medical acuity, resulting in extended hospital stays and institutional placements. Services will focus on rural and frontier communities across Alaska while evaluating provider capacity, reimbursement structures, and support-level assessment approaches to inform future system planning.",Kenai Peninsula Borough,"Home-and-community-based services provider; Non-Profit, Social Service, or Community Based Organization",2026-08-21
AK,51,Frontier Community Services,240033.48,NONPROFIT_CBO,No,Implementation | Spark Technology and Innovation | Kenai Peninsula Borough,Yes,No,FY2026 (Year 1),Alaska RHTP Awards Notice 2026 - Notice of Intent to Award,https://health.alaska.gov/media/tcvker5a/ak_rhtp_awardsnotice_2026.xlsx,NOTICE_OF_INTENT_TO_AWARD,MODEL_ASSISTED,AI-assisted - CONFIRM,,,,,"Home-and-community-based services provider; Non-Profit, Social Service, or Community Based Organization",HIGH,AMOUNT_PRELIMINARY,NON_HOSPITAL,No,"The state's own Organization Type field states 'Non-Profit, Social Service, or Community Based Organization'. §10.2 NON_HOSPITAL: the named recipient is not a hospital (§0.3a -- judged on the recipient, not the activity), and the source does not mention hospitals anywhere in the funded work. Source: Alaska DOH's rolling RHTP award notice (sheet 'Notice of Intent to Award'), project BP1-IA-144, notified 2026-08-21. The amount is published as preliminary and the document is a notice of intent to award, not a notice of award.",data/evidence/AK/2026-08-28_ak_rhtp_awardsnotice_2026.xlsx,https://health.alaska.gov/media/tcvker5a/ak_rhtp_awardsnotice_2026.xlsx,PER_PROJECT,PRELIMINARY_AS_PUBLISHED,INTENT_TO_AWARD,STATE_ORG_TYPE,Spark Technology and Innovation,BP1-IA-144,Implementation,Spark Technology and Innovation,Connected Independence: Advancing Rural Aging in Place,"Frontier Community Services proposes implementing a hybrid aging-in-place service model that combines structured in-home supports with technology-enabled monitoring, communication, wellness engagement, and care coordination tools, addressing workforce shortages, transportation barriers, geographic isolation, social disconnection, and limited access to affordable safety supports for older adults living independently across the Kenai Peninsula. The model strengthens existing services while enhancing connection, safety, and access to community resources.",Kenai Peninsula Borough,"Home-and-community-based services provider; Non-Profit, Social Service, or Community Based Organization",2026-08-21
AK,52,Frontier Community Services,233922.68,NONPROFIT_CBO,No,Planning | Healthy Beginnings | Kenai Peninsula Borough,Yes,No,FY2026 (Year 1),Alaska RHTP Awards Notice 2026 - Notice of Intent to Award,https://health.alaska.gov/media/tcvker5a/ak_rhtp_awardsnotice_2026.xlsx,NOTICE_OF_INTENT_TO_AWARD,MODEL_ASSISTED,AI-assisted - CONFIRM,,,,,"Non-Profit, Social Service, or Community Based Organization",HIGH,AMOUNT_PRELIMINARY,NON_HOSPITAL,No,"The state's own Organization Type field states 'Non-Profit, Social Service, or Community Based Organization'. §10.2 NON_HOSPITAL: the named recipient is not a hospital (§0.3a -- judged on the recipient, not the activity), and the source does not mention hospitals anywhere in the funded work. Source: Alaska DOH's rolling RHTP award notice (sheet 'Notice of Intent to Award'), project BP1-PL-015, notified 2026-08-21. The amount is published as preliminary and the document is a notice of intent to award, not a notice of award.",data/evidence/AK/2026-08-28_ak_rhtp_awardsnotice_2026.xlsx,https://health.alaska.gov/media/tcvker5a/ak_rhtp_awardsnotice_2026.xlsx,PER_PROJECT,PRELIMINARY_AS_PUBLISHED,INTENT_TO_AWARD,STATE_ORG_TYPE,Healthy Beginnings,BP1-PL-015,Planning,Healthy Beginnings,Bringing Alaska’s Children Home: Community-Based Therapeutic Care and Family Supports,"Frontier Community Services proposes to develop a coordinated system of therapeutic childcare, after-school programs, and licensed therapeutic foster care for children with developmental disabilities and complex behavioral health needs on the Kenai Peninsula. The project will also work toward creating in-state residential alternatives for the more than 50 Alaska children currently in out-of-state institutional care, and will offer childcare options for Direct Support Professionals working extended shifts to support workforce retention. The approach leverages FCS's existing Medicaid provider infrastructure, billing systems, and Infant Learning Program to support sustainable implementation.",Kenai Peninsula Borough,"Non-Profit, Social Service, or Community Based Organization",2026-08-21
AK,53,healthEconnect Alaska,4570000,NONPROFIT_CBO,No,Implementation | Spark Technology and Innovation | Statewide,Yes,No,FY2026 (Year 1),Alaska RHTP Awards Notice 2026 - Notice of Intent to Award,https://health.alaska.gov/media/tcvker5a/ak_rhtp_awardsnotice_2026.xlsx,NOTICE_OF_INTENT_TO_AWARD,MODEL_ASSISTED,AI-assisted - CONFIRM,,,,,"Non-Profit, Social Service, or Community Based Organization",HIGH,AMOUNT_PRELIMINARY,NON_HOSPITAL,No,"The state's own Organization Type field states 'Non-Profit, Social Service, or Community Based Organization'. §10.2 NON_HOSPITAL: the named recipient is not a hospital (§0.3a -- judged on the recipient, not the activity), and the source does not mention hospitals anywhere in the funded work. Source: Alaska DOH's rolling RHTP award notice (sheet 'Notice of Intent to Award'), project BP1-INT-24, notified 2026-08-21. The amount is published as preliminary and the document is a notice of intent to award, not a notice of award.",data/evidence/AK/2026-08-28_ak_rhtp_awardsnotice_2026.xlsx,https://health.alaska.gov/media/tcvker5a/ak_rhtp_awardsnotice_2026.xlsx,PER_PROJECT,PRELIMINARY_AS_PUBLISHED,INTENT_TO_AWARD,STATE_ORG_TYPE,Spark Technology and Innovation,BP1-INT-24,Implementation,Spark Technology and Innovation,Statewide Health Information Exchange Expansion,"healthEconnect Alaska proposes to strengthen Alaska’s statewide health data infrastructure by expanding health information exchange connectivity and interoperability, particularly for small and rural healthcare providers. Key activities include supporting EMR interoperability standards, providing technical assistance and connectivity funding, expanding population health dashboards and claims-based analytics to support Pay For Value projects, and strengthening care coordination through real-time event notifications, care team visibility, and referral tools. These activities align with milestones identified in DOH’s RHTP application including 1) Expand statewide health information exchange; 2) Enter contracts to expand HIE interoperability; and 3) Provide targeted investments for participating in electronic health record systems.",Statewide,"Non-Profit, Social Service, or Community Based Organization",2026-08-21
AK,54,Hope Community Resources Inc,247051.27,NONPROFIT_CBO,No,Implementation | Strengthen Workforce | Anchorage (Municipality); Kenai Peninsula Borough; Kodiak Island Borough; Matanuska-Susitna Borough; North Slope Borough,Yes,No,FY2026 (Year 1),Alaska RHTP Awards Notice 2026 - Notice of Intent to Award,https://health.alaska.gov/media/tcvker5a/ak_rhtp_awardsnotice_2026.xlsx,NOTICE_OF_INTENT_TO_AWARD,MODEL_ASSISTED,AI-assisted - CONFIRM,,,,,"Behavioral health/substance use disorder treatment; Home-and-community-based services provider; Non-Profit, Social Service, or Community Based Organization",HIGH,AMOUNT_PRELIMINARY,NON_HOSPITAL,No,"The state's own Organization Type field states 'Non-Profit, Social Service, or Community Based Organization'. §10.2 NON_HOSPITAL: the named recipient is not a hospital (§0.3a -- judged on the recipient, not the activity), and the source does not mention hospitals anywhere in the funded work. Source: Alaska DOH's rolling RHTP award notice (sheet 'Notice of Intent to Award'), project BP1-IA-156, notified 2026-08-21. The amount is published as preliminary and the document is a notice of intent to award, not a notice of award.",data/evidence/AK/2026-08-28_ak_rhtp_awardsnotice_2026.xlsx,https://health.alaska.gov/media/tcvker5a/ak_rhtp_awardsnotice_2026.xlsx,PER_PROJECT,PRELIMINARY_AS_PUBLISHED,INTENT_TO_AWARD,STATE_ORG_TYPE,Strengthen Workforce,BP1-IA-156,Implementation,Strengthen Workforce,Direct Support Professional (DSP) Mentor & Internship Program,"Hope Community Resources, Inc. proposes expanding mentorship, internships, and statewide recruitment opportunities to address the high first-year turnover and workforce shortages in disability support and human services across Alaska. The program will strengthen support for new direct support professionals (DSPs) and interns serving people who experience intellectual and developmental disabilities, traumatic brain injuries, and mental health challenges, including in rural Alaska communities where consistent, qualified staffing is limited.",Anchorage (Municipality); Kenai Peninsula Borough; Kodiak Island Borough; Matanuska-Susitna Borough; North Slope Borough,"Behavioral health/substance use disorder treatment; Home-and-community-based services provider; Non-Profit, Social Service, or Community Based Organization",2026-08-21
AK,55,Interior Community Health Center,88871,FQHC_OR_RHC,No,Implementation | Healthy Communities | Denali Borough; Fairbanks North Star Borough,Yes,No,FY2026 (Year 1),Alaska RHTP Awards Notice 2026 - Notice of Intent to Award,https://health.alaska.gov/media/tcvker5a/ak_rhtp_awardsnotice_2026.xlsx,NOTICE_OF_INTENT_TO_AWARD,MODEL_ASSISTED,AI-assisted - CONFIRM,,,,,"Behavioral health/substance use disorder treatment; Clinic; Dental; Family medicine or primary care; Federally qualified health center; Non-Profit, Social Service, or Community Based Organization",HIGH,AMOUNT_PRELIMINARY,NON_HOSPITAL,No,"The state's own Organization Type field states 'Federally qualified health center'. §10.2 NON_HOSPITAL: the named recipient is not a hospital (§0.3a -- judged on the recipient, not the activity), and the source does not mention hospitals anywhere in the funded work. Source: Alaska DOH's rolling RHTP award notice (sheet 'Notice of Intent to Award'), project BP1-IA-162, notified 2026-08-21. The amount is published as preliminary and the document is a notice of intent to award, not a notice of award.",data/evidence/AK/2026-08-28_ak_rhtp_awardsnotice_2026.xlsx,https://health.alaska.gov/media/tcvker5a/ak_rhtp_awardsnotice_2026.xlsx,PER_PROJECT,PRELIMINARY_AS_PUBLISHED,INTENT_TO_AWARD,STATE_ORG_TYPE,Healthy Communities,BP1-IA-162,Implementation,Healthy Communities,"Improve blood pressure control in 50% of the 320 high needs patients who have uncontrolled hypertension by June 30, 2027.","Interior Community Health Center (ICHC), a Federally Qualified Health Center (FQHC), located in Fairbanks, Alaska within the Fairbanks North Star Borough (a hub to the Denali Borough, Southeast Fairbanks and Yukon-Koyukuk Census Areas) proposes to improve blood pressure control in 50% (160 of 320)of its patients diagnosed with uncontrolled hypertension. ICHC proposes to do this by using a remote patient monitoring (RPM) nursing service linked to the patient's home blood pressure cuff and their electronic health record (EHR), utilizing an individualized health promotion coaching intervention.",Denali Borough; Fairbanks North Star Borough,"Behavioral health/substance use disorder treatment; Clinic; Dental; Family medicine or primary care; Federally qualified health center; Non-Profit, Social Service, or Community Based Organization",2026-08-21
AK,56,Kachemak Bay Family Planning Clinic,727091.29,NONPROFIT_CBO,No,Implementation | Healthy Beginnings | Kenai Peninsula Borough,Yes,No,FY2026 (Year 1),Alaska RHTP Awards Notice 2026 - Notice of Intent to Award,https://health.alaska.gov/media/tcvker5a/ak_rhtp_awardsnotice_2026.xlsx,NOTICE_OF_INTENT_TO_AWARD,MODEL_ASSISTED,AI-assisted - CONFIRM,,,,,"Clinic; Family medicine or primary care; Maternal health; Non-Profit, Social Service, or Community Based Organization; Other health care provider",HIGH,AMOUNT_PRELIMINARY,NON_HOSPITAL,No,"The state's own Organization Type field states 'Non-Profit, Social Service, or Community Based Organization'. §10.2 NON_HOSPITAL: the named recipient is not a hospital (§0.3a -- judged on the recipient, not the activity), and the source does not mention hospitals anywhere in the funded work. Source: Alaska DOH's rolling RHTP award notice (sheet 'Notice of Intent to Award'), project BP1-IA-172, notified 2026-08-21. The amount is published as preliminary and the document is a notice of intent to award, not a notice of award.",data/evidence/AK/2026-08-28_ak_rhtp_awardsnotice_2026.xlsx,https://health.alaska.gov/media/tcvker5a/ak_rhtp_awardsnotice_2026.xlsx,PER_PROJECT,PRELIMINARY_AS_PUBLISHED,INTENT_TO_AWARD,STATE_ORG_TYPE,Healthy Beginnings,BP1-IA-172,Implementation,Healthy Beginnings,Bridging the Distance: Remote Maternal and Reproductive Health Services on the Kenai Peninsula,"Kachemak Bay Family Planning Clinic proposes to expand remote service delivery by piloting a replicable Postpartum Home Visit program and scaling Pop-Up Clinic services, addressing the shortage of accessible maternal and reproductive health care for rural and remote Alaskans living on the Kenai Peninsula.",Kenai Peninsula Borough,"Clinic; Family medicine or primary care; Maternal health; Non-Profit, Social Service, or Community Based Organization; Other health care provider",2026-08-21
AK,57,Ketchikan Indian Community,5000000,TRIBAL_ORG,No,Implementation | Health Care Access | Ketchikan Gateway Borough; Petersburg Borough; Prince of Wales-Hyder Census Area; Wrangell (City and Borough),Yes,No,FY2026 (Year 1),Alaska RHTP Awards Notice 2026 - Notice of Intent to Award,https://health.alaska.gov/media/tcvker5a/ak_rhtp_awardsnotice_2026.xlsx,NOTICE_OF_INTENT_TO_AWARD,MODEL_ASSISTED,AI-assisted - CONFIRM,,,,,"Behavioral health/substance use disorder treatment; Clinic; Non-Profit, Social Service, or Community Based Organization; Tribal Health Organization",HIGH,AMOUNT_PRELIMINARY,NON_HOSPITAL,No,"The state's own Organization Type field states 'Tribal Health Organization'. §10.2 NON_HOSPITAL: the named recipient is not a hospital (§0.3a -- judged on the recipient, not the activity), and the source does not mention hospitals anywhere in the funded work. Source: Alaska DOH's rolling RHTP award notice (sheet 'Notice of Intent to Award'), project BP1-IA-178, notified 2026-08-21. The amount is published as preliminary and the document is a notice of intent to award, not a notice of award.",data/evidence/AK/2026-08-28_ak_rhtp_awardsnotice_2026.xlsx,https://health.alaska.gov/media/tcvker5a/ak_rhtp_awardsnotice_2026.xlsx,PER_PROJECT,PRELIMINARY_AS_PUBLISHED,INTENT_TO_AWARD,STATE_ORG_TYPE,Health Care Access,BP1-IA-178,Implementation,Health Care Access,Rural Health Through Partnerships - Salmon Falls Healing Center,"Ketchikan Indian Community (KIC) will transform access to behavioral health services by developing and operationalizing the Salmon Falls Healing and Wellness Center, a first-of-its-kind tribally led residential treatment and recovery campus in Southeast Alaska. The project will expand access to coordinated, culturally responsive care by integrating residential treatment, behavioral health services, recovery supports, care coordination, workforce development, and community-based healing services into a single continuum of care.",Ketchikan Gateway Borough; Petersburg Borough; Prince of Wales-Hyder Census Area; Wrangell (City and Borough),"Behavioral health/substance use disorder treatment; Clinic; Non-Profit, Social Service, or Community Based Organization; Tribal Health Organization",2026-08-21
AK,58,Kodiak Community Health Center,241655.17,FQHC_OR_RHC,No,Implementation | Pay for Value | Kodiak Island Borough,Yes,No,FY2026 (Year 1),Alaska RHTP Awards Notice 2026 - Notice of Intent to Award,https://health.alaska.gov/media/tcvker5a/ak_rhtp_awardsnotice_2026.xlsx,NOTICE_OF_INTENT_TO_AWARD,MODEL_ASSISTED,AI-assisted - CONFIRM,,,,,"Behavioral health/substance use disorder treatment; Clinic; Family medicine or primary care; Federally qualified health center; Maternal health; Non-Profit, Social Service, or Community Based Organization; Pharmacy",HIGH,AMOUNT_PRELIMINARY,NON_HOSPITAL,No,"The state's own Organization Type field states 'Federally qualified health center'. §10.2 NON_HOSPITAL: the named recipient is not a hospital (§0.3a -- judged on the recipient, not the activity), and the source does not mention hospitals anywhere in the funded work. Source: Alaska DOH's rolling RHTP award notice (sheet 'Notice of Intent to Award'), project BP1-IA-189, notified 2026-08-21. The amount is published as preliminary and the document is a notice of intent to award, not a notice of award.",data/evidence/AK/2026-08-28_ak_rhtp_awardsnotice_2026.xlsx,https://health.alaska.gov/media/tcvker5a/ak_rhtp_awardsnotice_2026.xlsx,PER_PROJECT,PRELIMINARY_AS_PUBLISHED,INTENT_TO_AWARD,STATE_ORG_TYPE,Pay for Value,BP1-IA-189,Implementation,Pay for Value,Strengthening Financial Systems to Support Sustainable Rural Healthcare Services,"Kodiak Community Health Center proposes to strengthen its financial systems through reimbursement analysis, payer contract review, revenue cycle assessment, and financial planning to address limited internal capacity for complex financial analysis and support sustainable health care services for the Kodiak community.",Kodiak Island Borough,"Behavioral health/substance use disorder treatment; Clinic; Family medicine or primary care; Federally qualified health center; Maternal health; Non-Profit, Social Service, or Community Based Organization; Pharmacy",2026-08-21
AK,59,Kodiak Community Health Center,203091.53,FQHC_OR_RHC,No,Implementation | Health Care Access | Kodiak Island Borough,Yes,No,FY2026 (Year 1),Alaska RHTP Awards Notice 2026 - Notice of Intent to Award,https://health.alaska.gov/media/tcvker5a/ak_rhtp_awardsnotice_2026.xlsx,NOTICE_OF_INTENT_TO_AWARD,MODEL_ASSISTED,AI-assisted - CONFIRM,,,,,"Behavioral health/substance use disorder treatment; Clinic; Family medicine or primary care; Federally qualified health center; Maternal health; Non-Profit, Social Service, or Community Based Organization; Pharmacy",HIGH,AMOUNT_PRELIMINARY,NON_HOSPITAL,No,"The state's own Organization Type field states 'Federally qualified health center'. §10.2 NON_HOSPITAL: the named recipient is not a hospital (§0.3a -- judged on the recipient, not the activity), and the source does not mention hospitals anywhere in the funded work. Source: Alaska DOH's rolling RHTP award notice (sheet 'Notice of Intent to Award'), project BP1-IA-186, notified 2026-08-21. The amount is published as preliminary and the document is a notice of intent to award, not a notice of award.",data/evidence/AK/2026-08-28_ak_rhtp_awardsnotice_2026.xlsx,https://health.alaska.gov/media/tcvker5a/ak_rhtp_awardsnotice_2026.xlsx,PER_PROJECT,PRELIMINARY_AS_PUBLISHED,INTENT_TO_AWARD,STATE_ORG_TYPE,Health Care Access,BP1-IA-186,Implementation,Health Care Access,Patient Access & Capacity Optimization Initiative,"Kodiak Community Health Center (KCHC) proposes to improve patient access by evaluating and optimizing appointment scheduling, provider templates, and clinic workflows to better align available appointments with patient demand, addressing barriers to timely primary care access for patients across the Kodiak community.",Kodiak Island Borough,"Behavioral health/substance use disorder treatment; Clinic; Family medicine or primary care; Federally qualified health center; Maternal health; Non-Profit, Social Service, or Community Based Organization; Pharmacy",2026-08-21
AK,60,Kodiak Community Health Center,181093.27,FQHC_OR_RHC,No,Implementation | Spark Technology and Innovation | Kodiak Island Borough,Yes,No,FY2026 (Year 1),Alaska RHTP Awards Notice 2026 - Notice of Intent to Award,https://health.alaska.gov/media/tcvker5a/ak_rhtp_awardsnotice_2026.xlsx,NOTICE_OF_INTENT_TO_AWARD,MODEL_ASSISTED,AI-assisted - CONFIRM,,,,,"Behavioral health/substance use disorder treatment; Clinic; Family medicine or primary care; Federally qualified health center; Health Information Exchange (HIE); Maternal health; Non-Profit, Social Service, or Community Based Organization; Pharmacy",HIGH,AMOUNT_PRELIMINARY,NON_HOSPITAL,No,"The state's own Organization Type field states 'Federally qualified health center'. §10.2 NON_HOSPITAL: the named recipient is not a hospital (§0.3a -- judged on the recipient, not the activity), and the source does not mention hospitals anywhere in the funded work. Source: Alaska DOH's rolling RHTP award notice (sheet 'Notice of Intent to Award'), project BP1-IA-183, notified 2026-08-21. The amount is published as preliminary and the document is a notice of intent to award, not a notice of award.",data/evidence/AK/2026-08-28_ak_rhtp_awardsnotice_2026.xlsx,https://health.alaska.gov/media/tcvker5a/ak_rhtp_awardsnotice_2026.xlsx,PER_PROJECT,PRELIMINARY_AS_PUBLISHED,INTENT_TO_AWARD,STATE_ORG_TYPE,Spark Technology and Innovation,BP1-IA-183,Implementation,Spark Technology and Innovation,Bidirectional Exchange of Radiology and Laboratory Orders and Results with Providence,"Kodiak Community Health Center (KCHC) proposes to implement secure electronic exchange of laboratory and radiology orders and results with Providence Kodiak Island Medical Center (PKIMC), replacing paper-based and manual processes that contribute to delays, errors, privacy risks, and administrative burden for patients and providers across the Kodiak community.",Kodiak Island Borough,"Behavioral health/substance use disorder treatment; Clinic; Family medicine or primary care; Federally qualified health center; Health Information Exchange (HIE); Maternal health; Non-Profit, Social Service, or Community Based Organization; Pharmacy",2026-08-21
AK,61,Kodiak Community Health Center,25492.5,FQHC_OR_RHC,No,Implementation | Spark Technology and Innovation | Kodiak Island Borough,Yes,No,FY2026 (Year 1),Alaska RHTP Awards Notice 2026 - Notice of Intent to Award,https://health.alaska.gov/media/tcvker5a/ak_rhtp_awardsnotice_2026.xlsx,NOTICE_OF_INTENT_TO_AWARD,MODEL_ASSISTED,AI-assisted - CONFIRM,,,,,"Behavioral health/substance use disorder treatment; Clinic; Family medicine or primary care; Federally qualified health center; Maternal health; Non-Profit, Social Service, or Community Based Organization; Pharmacy",HIGH,AMOUNT_PRELIMINARY,NON_HOSPITAL,No,"The state's own Organization Type field states 'Federally qualified health center'. §10.2 NON_HOSPITAL: the named recipient is not a hospital (§0.3a -- judged on the recipient, not the activity), and the source does not mention hospitals anywhere in the funded work. Source: Alaska DOH's rolling RHTP award notice (sheet 'Notice of Intent to Award'), project BP1-IA-187, notified 2026-08-21. The amount is published as preliminary and the document is a notice of intent to award, not a notice of award.",data/evidence/AK/2026-08-28_ak_rhtp_awardsnotice_2026.xlsx,https://health.alaska.gov/media/tcvker5a/ak_rhtp_awardsnotice_2026.xlsx,PER_PROJECT,PRELIMINARY_AS_PUBLISHED,INTENT_TO_AWARD,STATE_ORG_TYPE,Spark Technology and Innovation,BP1-IA-187,Implementation,Spark Technology and Innovation,Reducing Provider Documentation Burden Through AI-Supported Clinical Documentation,"Kodiak Community Health Center (KCHC) proposes expanding the use of an AI-supported clinical documentation platform to reduce provider documentation burden and improve workflow efficiency, addressing workforce capacity constraints and access to care challenges in the Kodiak community.",Kodiak Island Borough,"Behavioral health/substance use disorder treatment; Clinic; Family medicine or primary care; Federally qualified health center; Maternal health; Non-Profit, Social Service, or Community Based Organization; Pharmacy",2026-08-21
AK,62,Kodiak Community Health Center,6354.5,FQHC_OR_RHC,No,Implementation | Spark Technology and Innovation | Kodiak Island Borough,Yes,No,FY2026 (Year 1),Alaska RHTP Awards Notice 2026 - Notice of Intent to Award,https://health.alaska.gov/media/tcvker5a/ak_rhtp_awardsnotice_2026.xlsx,NOTICE_OF_INTENT_TO_AWARD,MODEL_ASSISTED,AI-assisted - CONFIRM,,,,,"Behavioral health/substance use disorder treatment; Clinic; Family medicine or primary care; Federally qualified health center; Maternal health; Non-Profit, Social Service, or Community Based Organization; Pharmacy",HIGH,AMOUNT_PRELIMINARY,NON_HOSPITAL,No,"The state's own Organization Type field states 'Federally qualified health center'. §10.2 NON_HOSPITAL: the named recipient is not a hospital (§0.3a -- judged on the recipient, not the activity), and the source does not mention hospitals anywhere in the funded work. Source: Alaska DOH's rolling RHTP award notice (sheet 'Notice of Intent to Award'), project BP1-IA-185, notified 2026-08-21. The amount is published as preliminary and the document is a notice of intent to award, not a notice of award.",data/evidence/AK/2026-08-28_ak_rhtp_awardsnotice_2026.xlsx,https://health.alaska.gov/media/tcvker5a/ak_rhtp_awardsnotice_2026.xlsx,PER_PROJECT,PRELIMINARY_AS_PUBLISHED,INTENT_TO_AWARD,STATE_ORG_TYPE,Spark Technology and Innovation,BP1-IA-185,Implementation,Spark Technology and Innovation,Health IT Service Management & EHR Support Initiative,"Kodiak Community Health Center (KCHC) proposes to implement a centralized health information technology service management system to improve tracking, prioritization, and resolution of electronic health record and technology support requests, addressing inefficient support processes that affect clinical operations and staff efficiency across the Kodiak community.",Kodiak Island Borough,"Behavioral health/substance use disorder treatment; Clinic; Family medicine or primary care; Federally qualified health center; Maternal health; Non-Profit, Social Service, or Community Based Organization; Pharmacy",2026-08-21
AK,63,Maniilaq Association,1172759.64,HOSPITAL_OR_SYSTEM,Yes,Implementation | Health Care Access | North Slope Borough; Northwest Arctic Borough,Yes,No,FY2026 (Year 1),Alaska RHTP Awards Notice 2026 - Notice of Intent to Award,https://health.alaska.gov/media/tcvker5a/ak_rhtp_awardsnotice_2026.xlsx,NOTICE_OF_INTENT_TO_AWARD,MODEL_ASSISTED,AI-assisted - CONFIRM,,,,,"Clinic; Federally qualified health center; Hospital (all types); Non-Profit, Social Service, or Community Based Organization; Pharmacy; Tribal Health Organization",HIGH,AMOUNT_PRELIMINARY,DIRECT,Yes,"The state's own Organization Type field states 'Hospital (all types)'. §10.2 DIRECT: the named recipient is a hospital or hospital system and the state's award document names both the recipient and the amount. Source: Alaska DOH's rolling RHTP award notice (sheet 'Notice of Intent to Award'), project BP1-IA-198, notified 2026-08-21. The amount is published as preliminary and the document is a notice of intent to award, not a notice of award.",data/evidence/AK/2026-08-28_ak_rhtp_awardsnotice_2026.xlsx,https://health.alaska.gov/media/tcvker5a/ak_rhtp_awardsnotice_2026.xlsx,PER_PROJECT,PRELIMINARY_AS_PUBLISHED,INTENT_TO_AWARD,STATE_ORG_TYPE,Health Care Access,BP1-IA-198,Implementation,Health Care Access,Pharmacy Modernization Project,"Maniilaq Association proposes a pharmacy modernization project to expand access to pharmacy care for 11 off-road village communities across the 38,000-square-mile service area in the rural Northwest Arctic. This project is intended to reduce health disparities related to medication management and adherence to medication regimens, increase immediate access to more types of medications and pharmaceutical care services, and improve medication safety and accountability through technology.",North Slope Borough; Northwest Arctic Borough,"Clinic; Federally qualified health center; Hospital (all types); Non-Profit, Social Service, or Community Based Organization; Pharmacy; Tribal Health Organization",2026-08-21
AK,64,Maniilaq Association,218964,HOSPITAL_OR_SYSTEM,Yes,Implementation | Health Care Access | North Slope Borough; Northwest Arctic Borough,Yes,No,FY2026 (Year 1),Alaska RHTP Awards Notice 2026 - Notice of Intent to Award,https://health.alaska.gov/media/tcvker5a/ak_rhtp_awardsnotice_2026.xlsx,NOTICE_OF_INTENT_TO_AWARD,MODEL_ASSISTED,AI-assisted - CONFIRM,,,,,"Clinic; Emergency Medical Services; Federally qualified health center; Hospital (all types); Non-Profit, Social Service, or Community Based Organization; Tribal Health Organization",HIGH,AMOUNT_PRELIMINARY,DIRECT,Yes,"The state's own Organization Type field states 'Hospital (all types)'. §10.2 DIRECT: the named recipient is a hospital or hospital system and the state's award document names both the recipient and the amount. Source: Alaska DOH's rolling RHTP award notice (sheet 'Notice of Intent to Award'), project BP1-IA-199, notified 2026-08-21. The amount is published as preliminary and the document is a notice of intent to award, not a notice of award.",data/evidence/AK/2026-08-28_ak_rhtp_awardsnotice_2026.xlsx,https://health.alaska.gov/media/tcvker5a/ak_rhtp_awardsnotice_2026.xlsx,PER_PROJECT,PRELIMINARY_AS_PUBLISHED,INTENT_TO_AWARD,STATE_ORG_TYPE,Health Care Access,BP1-IA-199,Implementation,Health Care Access,Portable X-Ray Units for Rural Arctic Village Clinics,"Maniilaq Association proposes to install portable X-ray units in small Northwest Arctic village clinics to enable on-site, rapid, high-quality imaging. On-site imaging will: A) Reduce the need for expensive air travel for diagnostic imaging, B) Enable quicker treatment decisions, and C) Allow village clinic community health aides working via telehealth with hospital-based providers in the hub community of Kotzebue Maniilaq Health Center to quickly identify if an emergency medical evacuation is required.",North Slope Borough; Northwest Arctic Borough,"Clinic; Emergency Medical Services; Federally qualified health center; Hospital (all types); Non-Profit, Social Service, or Community Based Organization; Tribal Health Organization",2026-08-21
AK,65,MAPHABIT INC,1241085.55,VENDOR_OR_CONTRACTOR,No,Implementation | Health Care Access | Statewide,Yes,No,FY2026 (Year 1),Alaska RHTP Awards Notice 2026 - Notice of Intent to Award,https://health.alaska.gov/media/tcvker5a/ak_rhtp_awardsnotice_2026.xlsx,NOTICE_OF_INTENT_TO_AWARD,MODEL_ASSISTED,AI-assisted - CONFIRM,,,,,Home-and-community-based services provider; Organizations providing health technology solutions; Other vendors partnering with an Alaska healthcare or community organization,HIGH,AMOUNT_PRELIMINARY,NON_HOSPITAL,No,"The state's own Organization Type field states 'Organizations providing health technology solutions'. §10.2 NON_HOSPITAL: the named recipient is not a hospital (§0.3a -- judged on the recipient, not the activity), and the source does not mention hospitals anywhere in the funded work. Source: Alaska DOH's rolling RHTP award notice (sheet 'Notice of Intent to Award'), project BP1-IA-200, notified 2026-08-21. The amount is published as preliminary and the document is a notice of intent to award, not a notice of award.",data/evidence/AK/2026-08-28_ak_rhtp_awardsnotice_2026.xlsx,https://health.alaska.gov/media/tcvker5a/ak_rhtp_awardsnotice_2026.xlsx,PER_PROJECT,PRELIMINARY_AS_PUBLISHED,INTENT_TO_AWARD,STATE_ORG_TYPE,Health Care Access,BP1-IA-200,Implementation,Health Care Access,"ANCHOR: Aging & Neurodivergent Care through Health, Outreach, and Remote Support","MapHabit proposes ANCHOR, a statewide partner-led model delivering two evidence-based home- and community-based supports. MapHabit delivers AI-powered visual maps for people with intellectual and developmental disabilities, traumatic brain injury, and Alzheimer's-related dementias. Vivo delivers virtual strength programming for adults 55+ or at risk of falls. ANCHOR targets rural, remote, and frontier health access, caregiver, and workforce gaps statewide with an initial focus on the Matanuska-Susitna and Kenai Peninsula Boroughs.",Statewide,Home-and-community-based services provider; Organizations providing health technology solutions; Other vendors partnering with an Alaska healthcare or community organization,2026-08-21
AK,66,Matanuska-Susitna Borough School District,1845863.21,SCHOOL_OR_DISTRICT,No,Implementation | Strengthen Workforce | Matanuska-Susitna Borough,Yes,No,FY2026 (Year 1),Alaska RHTP Awards Notice 2026 - Notice of Intent to Award,https://health.alaska.gov/media/tcvker5a/ak_rhtp_awardsnotice_2026.xlsx,NOTICE_OF_INTENT_TO_AWARD,MODEL_ASSISTED,AI-assisted - CONFIRM,,,,,Education organization (Not public university in Alaska),HIGH,AMOUNT_PRELIMINARY,NON_HOSPITAL,No,"The state's own Organization Type field states 'Education organization (Not public university in Alaska)'. §10.2 NON_HOSPITAL: the named recipient is not a hospital (§0.3a -- judged on the recipient, not the activity), and the source does not mention hospitals anywhere in the funded work. Source: Alaska DOH's rolling RHTP award notice (sheet 'Notice of Intent to Award'), project BP1-IA-210, notified 2026-08-21. The amount is published as preliminary and the document is a notice of intent to award, not a notice of award.",data/evidence/AK/2026-08-28_ak_rhtp_awardsnotice_2026.xlsx,https://health.alaska.gov/media/tcvker5a/ak_rhtp_awardsnotice_2026.xlsx,PER_PROJECT,PRELIMINARY_AS_PUBLISHED,INTENT_TO_AWARD,STATE_ORG_TYPE,Strengthen Workforce,BP1-IA-210,Implementation,Strengthen Workforce,Building the Mat-Su Healthcare Workforce: High School Pathways for Rural Alaska,"Matanuska-Susitna Borough School District proposes building a regional healthcare workforce training network and certification hub, addressing healthcare workforce shortages, limited training capacity, and barriers to career entry for students and healthcare employers across the Mat-Su Borough and rural Alaska.",Matanuska-Susitna Borough,Education organization (Not public university in Alaska),2026-08-21
AK,67,McCarthy Emergency Services,272689,EMS_OR_PSAP,No,Implementation | Health Care Access | Copper River Census Area,Yes,No,FY2026 (Year 1),Alaska RHTP Awards Notice 2026 - Notice of Intent to Award,https://health.alaska.gov/media/tcvker5a/ak_rhtp_awardsnotice_2026.xlsx,NOTICE_OF_INTENT_TO_AWARD,MODEL_ASSISTED,AI-assisted - CONFIRM,,,,,"Clinic; Education organization (Not public university in Alaska); Emergency Medical Services; Family medicine or primary care; Maternal health; Non-Profit, Social Service, or Community Based Organization",HIGH,AMOUNT_PRELIMINARY,NON_HOSPITAL,No,"The state's own Organization Type field states 'Emergency Medical Services'. §10.2 NON_HOSPITAL: the named recipient is not a hospital (§0.3a -- judged on the recipient, not the activity), and the source does not mention hospitals anywhere in the funded work. Source: Alaska DOH's rolling RHTP award notice (sheet 'Notice of Intent to Award'), project BP1-IA-211, notified 2026-08-21. The amount is published as preliminary and the document is a notice of intent to award, not a notice of award.",data/evidence/AK/2026-08-28_ak_rhtp_awardsnotice_2026.xlsx,https://health.alaska.gov/media/tcvker5a/ak_rhtp_awardsnotice_2026.xlsx,PER_PROJECT,PRELIMINARY_AS_PUBLISHED,INTENT_TO_AWARD,STATE_ORG_TYPE,Health Care Access,BP1-IA-211,Implementation,Health Care Access,"Frontier Clinic Completion: Primary Care Access for McCarthy-Kennecott, Alaska","McCarthy Emergency Services proposes to complete and equip a frontier primary care clinic in McCarthy, Alaska, addressing the total absence of primary care infrastructure in one of the state's most remote and fastest-growing communities. The clinic will serve permanent residents, seasonal workers, and visitors across a vast, road-limited region of East-Central Alaska with no local access to a physician, nurse practitioner, or Community Health Aide.",Copper River Census Area,"Clinic; Education organization (Not public university in Alaska); Emergency Medical Services; Family medicine or primary care; Maternal health; Non-Profit, Social Service, or Community Based Organization",2026-08-21
AK,68,Mountain View Health Services,1920730,NONPROFIT_CBO,No,Implementation | Health Care Access | Anchorage (Municipality),Yes,No,FY2026 (Year 1),Alaska RHTP Awards Notice 2026 - Notice of Intent to Award,https://health.alaska.gov/media/tcvker5a/ak_rhtp_awardsnotice_2026.xlsx,NOTICE_OF_INTENT_TO_AWARD,MODEL_ASSISTED,AI-assisted - CONFIRM,,,,,"Behavioral health/substance use disorder treatment; Clinic; Family medicine or primary care; Home-and-community-based services provider; Maternal health; Non-Profit, Social Service, or Community Based Organization",HIGH,AMOUNT_PRELIMINARY,NON_HOSPITAL,No,"The state's own Organization Type field states 'Non-Profit, Social Service, or Community Based Organization'. §10.2 NON_HOSPITAL: the named recipient is not a hospital (§0.3a -- judged on the recipient, not the activity), and the source does not mention hospitals anywhere in the funded work. Source: Alaska DOH's rolling RHTP award notice (sheet 'Notice of Intent to Award'), project BP1-IA-216, notified 2026-08-21. The amount is published as preliminary and the document is a notice of intent to award, not a notice of award.",data/evidence/AK/2026-08-28_ak_rhtp_awardsnotice_2026.xlsx,https://health.alaska.gov/media/tcvker5a/ak_rhtp_awardsnotice_2026.xlsx,PER_PROJECT,PRELIMINARY_AS_PUBLISHED,INTENT_TO_AWARD,STATE_ORG_TYPE,Health Care Access,BP1-IA-216,Implementation,Health Care Access,Mountain View Community Health Transformation and Sustainability Initiative - Building a Neighborhood Health System Without Walls,"Mountain View Health Services proposes a Physician-led, Nurse-enabled, Social Work-integrated, Early Life Community Health Worker (EL-CHW)-supported neighborhood health system ""without walls"". The project combines integrated primary care, behavioral health, substance use treatment, telehealth, home visiting, and mobile health with a new Medicaid-supported EL-CHW model providing prevention and care coordination from preconception through age five to improve access and outcomes for underserved residents of Anchorage.",Anchorage (Municipality),"Behavioral health/substance use disorder treatment; Clinic; Family medicine or primary care; Home-and-community-based services provider; Maternal health; Non-Profit, Social Service, or Community Based Organization",2026-08-21
AK,69,Municipality of Anchorage,3015900,EMS_OR_PSAP,No,Implementation | Spark Technology and Innovation | Anchorage (Municipality),Yes,No,FY2026 (Year 1),Alaska RHTP Awards Notice 2026 - Notice of Intent to Award,https://health.alaska.gov/media/tcvker5a/ak_rhtp_awardsnotice_2026.xlsx,NOTICE_OF_INTENT_TO_AWARD,MODEL_ASSISTED,AI-assisted - CONFIRM,,,,,Behavioral health/substance use disorder treatment; Clinic; Emergency Medical Services; Local government; Maternal health; Organizations providing health technology solutions; Other health care provider,HIGH,AMOUNT_PRELIMINARY,NON_HOSPITAL,No,"The state's own Organization Type field states 'Emergency Medical Services'. §10.2 NON_HOSPITAL: the named recipient is not a hospital (§0.3a -- judged on the recipient, not the activity), and the source does not mention hospitals anywhere in the funded work. Source: Alaska DOH's rolling RHTP award notice (sheet 'Notice of Intent to Award'), project BP1-IA-218, notified 2026-08-21. The amount is published as preliminary and the document is a notice of intent to award, not a notice of award.",data/evidence/AK/2026-08-28_ak_rhtp_awardsnotice_2026.xlsx,https://health.alaska.gov/media/tcvker5a/ak_rhtp_awardsnotice_2026.xlsx,PER_PROJECT,PRELIMINARY_AS_PUBLISHED,INTENT_TO_AWARD,STATE_ORG_TYPE,Spark Technology and Innovation,BP1-IA-218,Implementation,Spark Technology and Innovation,Municipality of Anchorage: Connecting Crisis Care and Safety Net System to Rural Healthcare,"Municipality of Anchorage (MOA) proposes to implement technology and test pilot approaches to improve outcomes from behavioral health crisis response, especially for rural and Tribal enrollees seeking care in Anchorage. The MOA will implement interoperable client records to coordinate care with local, Tribal, and other healthcare providers, sustain services, and capture data. MOA will implement and evaluate pilot projects to fill critical gaps in Anchorage's Crisis Care and Safety Net System to improve patient outcomes and system efficiency, and identify possible new Medicaid waiver services.",Anchorage (Municipality),Behavioral health/substance use disorder treatment; Clinic; Emergency Medical Services; Local government; Maternal health; Organizations providing health technology solutions; Other health care provider,2026-08-21
AK,70,My House,965974.17,NONPROFIT_CBO,No,Implementation | Healthy Communities | Matanuska-Susitna Borough,Yes,No,FY2026 (Year 1),Alaska RHTP Awards Notice 2026 - Notice of Intent to Award,https://health.alaska.gov/media/tcvker5a/ak_rhtp_awardsnotice_2026.xlsx,NOTICE_OF_INTENT_TO_AWARD,MODEL_ASSISTED,AI-assisted - CONFIRM,,,,,"Non-Profit, Social Service, or Community Based Organization",HIGH,AMOUNT_PRELIMINARY,IN_KIND_BENEFIT,Yes,"The state's own Organization Type field states 'Non-Profit, Social Service, or Community Based Organization'. §10.2 IN_KIND_BENEFIT: the recipient is not a hospital and keeps the funds, and the source names hospitals among the parties the funded work serves. These dollars must never enter a 'funds distributed to hospitals' total; they are kept visible rather than discarded. Source: Alaska DOH's rolling RHTP award notice (sheet 'Notice of Intent to Award'), project BP1-IA-219, notified 2026-08-21. The amount is published as preliminary and the document is a notice of intent to award, not a notice of award.",data/evidence/AK/2026-08-28_ak_rhtp_awardsnotice_2026.xlsx,https://health.alaska.gov/media/tcvker5a/ak_rhtp_awardsnotice_2026.xlsx,PER_PROJECT,PRELIMINARY_AS_PUBLISHED,INTENT_TO_AWARD,STATE_ORG_TYPE,Healthy Communities,BP1-IA-219,Implementation,Healthy Communities,Jeffs Path Expansion,"My House is expanding residential behavioral health services for young adults ages 18–25 in the Mat-Su Valley by increasing capacity from 8 to 16 beds and adding ASAM Level 3.5 alongside Level 3.1 care. This service reduces the risks associated with placing young adults in mixed-age adult settings, where exposure to older, higher-acuity populations can negatively impact safety, engagement, and recovery. This expansion strengthens coordinated care with hospitals, behavioral health providers, and justice system partners to improve continuity of care and recovery outcomes.",Matanuska-Susitna Borough,"Non-Profit, Social Service, or Community Based Organization",2026-08-21
AK,71,Native Village of Eyak Ilanka Community Health Center,434202,FQHC_OR_RHC,No,Implementation | Healthy Communities | Chugach Census Area,Yes,No,FY2026 (Year 1),Alaska RHTP Awards Notice 2026 - Notice of Intent to Award,https://health.alaska.gov/media/tcvker5a/ak_rhtp_awardsnotice_2026.xlsx,NOTICE_OF_INTENT_TO_AWARD,MODEL_ASSISTED,AI-assisted - CONFIRM,,,,,Behavioral health/substance use disorder treatment; Clinic; Dental; Family medicine or primary care; Federally qualified health center; Tribe; Tribal Health Organization,HIGH,AMOUNT_PRELIMINARY,NON_HOSPITAL,No,"The state's own Organization Type field states 'Federally qualified health center'. §10.2 NON_HOSPITAL: the named recipient is not a hospital (§0.3a -- judged on the recipient, not the activity), and the source does not mention hospitals anywhere in the funded work. Source: Alaska DOH's rolling RHTP award notice (sheet 'Notice of Intent to Award'), project BP1-IA-224, notified 2026-08-21. The amount is published as preliminary and the document is a notice of intent to award, not a notice of award.",data/evidence/AK/2026-08-28_ak_rhtp_awardsnotice_2026.xlsx,https://health.alaska.gov/media/tcvker5a/ak_rhtp_awardsnotice_2026.xlsx,PER_PROJECT,PRELIMINARY_AS_PUBLISHED,INTENT_TO_AWARD,STATE_ORG_TYPE,Healthy Communities,BP1-IA-224,Implementation,Healthy Communities,Ilanka Community Health Center and Cordova Community Medical Center Exploratory/Planning Phases for One Healthcare System,"The Native Village of Eyak (NVE) proposes an exploratory/planning phases to begin the process of investigating a one healthcare system for the community of Cordova. Ilanka Community Health Center owned and operated by NVE and Cordova Community Medical Center (CCMC) are seeking the resources and support needed to begin the initial exploratory steps of a potential merger, including evaluating how combining services could strengthen financial stability, improve operational efficiency, and ultimately enhance care for the Cordova community all while keeping healthcare services close to home.",Chugach Census Area,Behavioral health/substance use disorder treatment; Clinic; Dental; Family medicine or primary care; Federally qualified health center; Tribe; Tribal Health Organization,2026-08-21
AK,72,Ninilchik Traditional Council,450000,TRIBAL_ORG,No,Implementation | Health Care Access | Kenai Peninsula Borough,Yes,No,FY2026 (Year 1),Alaska RHTP Awards Notice 2026 - Notice of Intent to Award,https://health.alaska.gov/media/tcvker5a/ak_rhtp_awardsnotice_2026.xlsx,NOTICE_OF_INTENT_TO_AWARD,MODEL_ASSISTED,AI-assisted - CONFIRM,,,,,Behavioral health/substance use disorder treatment; Clinic; Family medicine or primary care; Tribal Health Organization,HIGH,AMOUNT_PRELIMINARY,NON_HOSPITAL,No,"The state's own Organization Type field states 'Tribal Health Organization'. §10.2 NON_HOSPITAL: the named recipient is not a hospital (§0.3a -- judged on the recipient, not the activity), and the source does not mention hospitals anywhere in the funded work. Source: Alaska DOH's rolling RHTP award notice (sheet 'Notice of Intent to Award'), project BP1-IA-226, notified 2026-08-21. The amount is published as preliminary and the document is a notice of intent to award, not a notice of award.",data/evidence/AK/2026-08-28_ak_rhtp_awardsnotice_2026.xlsx,https://health.alaska.gov/media/tcvker5a/ak_rhtp_awardsnotice_2026.xlsx,PER_PROJECT,PRELIMINARY_AS_PUBLISHED,INTENT_TO_AWARD,STATE_ORG_TYPE,Health Care Access,BP1-IA-226,Implementation,Health Care Access,ADA-Accessible Mobile Integrated Health Expansion for Frontier Communities,"Ninilchik Traditional Council proposes to expand mobile health services by adding a larger, accessible mobile medical unit and establishing regular clinics concentrating in Kasilof, and other underserved communities on the southern Kenai Peninsula. The project addresses the lack of local health services and limited access to care caused by long travel distances and the existing mobile unit cannot accommodate people with disabilities or complex health needs.",Kenai Peninsula Borough,Behavioral health/substance use disorder treatment; Clinic; Family medicine or primary care; Tribal Health Organization,2026-08-21
AK,73,North Slope Borough Fire Department,221824.85,EMS_OR_PSAP,No,Implementation | Strengthen Workforce | North Slope Borough,Yes,No,FY2026 (Year 1),Alaska RHTP Awards Notice 2026 - Notice of Intent to Award,https://health.alaska.gov/media/tcvker5a/ak_rhtp_awardsnotice_2026.xlsx,NOTICE_OF_INTENT_TO_AWARD,MODEL_ASSISTED,AI-assisted - CONFIRM,,,,,Emergency Medical Services; Local government,HIGH,AMOUNT_PRELIMINARY,NON_HOSPITAL,No,"The state's own Organization Type field states 'Emergency Medical Services'. §10.2 NON_HOSPITAL: the named recipient is not a hospital (§0.3a -- judged on the recipient, not the activity), and the source does not mention hospitals anywhere in the funded work. Source: Alaska DOH's rolling RHTP award notice (sheet 'Notice of Intent to Award'), project BP1-IA-229, notified 2026-08-21. The amount is published as preliminary and the document is a notice of intent to award, not a notice of award.",data/evidence/AK/2026-08-28_ak_rhtp_awardsnotice_2026.xlsx,https://health.alaska.gov/media/tcvker5a/ak_rhtp_awardsnotice_2026.xlsx,PER_PROJECT,PRELIMINARY_AS_PUBLISHED,INTENT_TO_AWARD,STATE_ORG_TYPE,Strengthen Workforce,BP1-IA-229,Implementation,Strengthen Workforce,Foundations for Regional EMS Training,"The North Slope Borough Fire Department proposes to establish a regional pediatric and neonatal emergency care training program for emergency responders and Community Health Aides that develops local instructor capacity, delivers simulation-based education, and expands specialty training opportunities. This project addresses gaps in pediatric and neonatal emergency care training across the North Slope Borough, where geographic isolation, limited access to specialty education, and workforce challenges affect long-term clinical competency and program sustainability.",North Slope Borough,Emergency Medical Services; Local government,2026-08-21
AK,74,Norton Sound Health Corporation,398666.23,HOSPITAL_OR_SYSTEM,Yes,Implementation | Health Care Access | Nome Census Area,Yes,No,FY2026 (Year 1),Alaska RHTP Awards Notice 2026 - Notice of Intent to Award,https://health.alaska.gov/media/tcvker5a/ak_rhtp_awardsnotice_2026.xlsx,NOTICE_OF_INTENT_TO_AWARD,MODEL_ASSISTED,AI-assisted - CONFIRM,,,,,"Behavioral health/substance use disorder treatment; Clinic; Dental; Emergency Medical Services; Family medicine or primary care; Federally qualified health center; Home-and-community-based services provider; Hospital (all types); Maternal health; Non-Profit, Social Service, or Community Based Organization; Pharmacy; Specialist; Tribal Health Organization",HIGH,AMOUNT_PRELIMINARY,DIRECT,Yes,"The state's own Organization Type field states 'Hospital (all types)'. §10.2 DIRECT: the named recipient is a hospital or hospital system and the state's award document names both the recipient and the amount. Source: Alaska DOH's rolling RHTP award notice (sheet 'Notice of Intent to Award'), project BP1-IA-236, notified 2026-08-21. The amount is published as preliminary and the document is a notice of intent to award, not a notice of award.",data/evidence/AK/2026-08-28_ak_rhtp_awardsnotice_2026.xlsx,https://health.alaska.gov/media/tcvker5a/ak_rhtp_awardsnotice_2026.xlsx,PER_PROJECT,PRELIMINARY_AS_PUBLISHED,INTENT_TO_AWARD,STATE_ORG_TYPE,Health Care Access,BP1-IA-236,Implementation,Health Care Access,Population Health Based Care Model,"Norton Sound Health Corporation proposes ""Checkpoint for Health,"" a community health representative-led care navigation model designed to remove social, economic, and geographic barriers to clinical care for all residents across the 16 tribal communities of the Bering Strait region.",Nome Census Area,"Behavioral health/substance use disorder treatment; Clinic; Dental; Emergency Medical Services; Family medicine or primary care; Federally qualified health center; Home-and-community-based services provider; Hospital (all types); Maternal health; Non-Profit, Social Service, or Community Based Organization; Pharmacy; Specialist; Tribal Health Organization",2026-08-21
AK,75,Norton Sound Health Corporation,259551,HOSPITAL_OR_SYSTEM,Yes,Implementation | Spark Technology and Innovation | Nome Census Area,Yes,No,FY2026 (Year 1),Alaska RHTP Awards Notice 2026 - Notice of Intent to Award,https://health.alaska.gov/media/tcvker5a/ak_rhtp_awardsnotice_2026.xlsx,NOTICE_OF_INTENT_TO_AWARD,MODEL_ASSISTED,AI-assisted - CONFIRM,,,,,"Clinic; Emergency Medical Services; Family medicine or primary care; Federally qualified health center; Hospital (all types); Non-Profit, Social Service, or Community Based Organization; Specialist; Tribal Health Organization",HIGH,AMOUNT_PRELIMINARY,DIRECT,Yes,"The state's own Organization Type field states 'Hospital (all types)'. §10.2 DIRECT: the named recipient is a hospital or hospital system and the state's award document names both the recipient and the amount. Source: Alaska DOH's rolling RHTP award notice (sheet 'Notice of Intent to Award'), project BP1-IA-239, notified 2026-08-21. The amount is published as preliminary and the document is a notice of intent to award, not a notice of award.",data/evidence/AK/2026-08-28_ak_rhtp_awardsnotice_2026.xlsx,https://health.alaska.gov/media/tcvker5a/ak_rhtp_awardsnotice_2026.xlsx,PER_PROJECT,PRELIMINARY_AS_PUBLISHED,INTENT_TO_AWARD,STATE_ORG_TYPE,Spark Technology and Innovation,BP1-IA-239,Implementation,Spark Technology and Innovation,Heart Disease Screening Technology,Norton Sound Health Corporation proposes establishing a regional cardiac diagnostic center by deploying adhesive extended-wear cardiac monitors and expanding itinerant cardiology and echocardiography services to address diagnostic delays and limited access to specialty care across the 16 communities of the Bering Strait region.,Nome Census Area,"Clinic; Emergency Medical Services; Family medicine or primary care; Federally qualified health center; Hospital (all types); Non-Profit, Social Service, or Community Based Organization; Specialist; Tribal Health Organization",2026-08-21
AK,76,"Office of Health Savings, Department of Health",694200,STATE_AGENCY,No,Implementation | Health Care Access | Statewide,Yes,No,FY2026 (Year 1),Alaska RHTP Awards Notice 2026 - Notice of Intent to Award,https://health.alaska.gov/media/tcvker5a/ak_rhtp_awardsnotice_2026.xlsx,NOTICE_OF_INTENT_TO_AWARD,MODEL_ASSISTED,AI-assisted - CONFIRM,,,,,State agency,HIGH,AMOUNT_PRELIMINARY,NON_HOSPITAL,No,"The state's own Organization Type field states 'State agency'. §10.2 NON_HOSPITAL: the named recipient is not a hospital (§0.3a -- judged on the recipient, not the activity), and the source does not mention hospitals anywhere in the funded work. Source: Alaska DOH's rolling RHTP award notice (sheet 'Notice of Intent to Award'), project BP1-INT-25, notified 2026-08-21. The amount is published as preliminary and the document is a notice of intent to award, not a notice of award.",data/evidence/AK/2026-08-28_ak_rhtp_awardsnotice_2026.xlsx,https://health.alaska.gov/media/tcvker5a/ak_rhtp_awardsnotice_2026.xlsx,PER_PROJECT,PRELIMINARY_AS_PUBLISHED,INTENT_TO_AWARD,STATE_ORG_TYPE,Health Care Access,BP1-INT-25,Implementation,Health Care Access,Provider Gap Analysis,"The Office of Health Savings proposes to conduct a comprehensive, statewide Provider Gap Analysis to identify geographic, service-level, and population-based access gaps across Alaska’s health system. Activities will include provider mapping, provider-to-population and service mix analysis using Medicaid claims data, and targeted stakeholder engagement to validate findings and identify unmet needs.",Statewide,State agency,2026-08-21
AK,77,Ophthalmic Associates,3700000,PHYSICIAN_PRACTICE,No,Implementation | Health Care Access | Statewide,Yes,No,FY2026 (Year 1),Alaska RHTP Awards Notice 2026 - Notice of Intent to Award,https://health.alaska.gov/media/tcvker5a/ak_rhtp_awardsnotice_2026.xlsx,NOTICE_OF_INTENT_TO_AWARD,MODEL_ASSISTED,AI-assisted - CONFIRM,,,,,Clinic; Other health care provider; Private practitioner; Specialist,HIGH,AMOUNT_PRELIMINARY,NON_HOSPITAL,No,"The state's own Organization Type field states 'Private practitioner'. §10.2 NON_HOSPITAL: the named recipient is not a hospital (§0.3a -- judged on the recipient, not the activity), and the source does not mention hospitals anywhere in the funded work. Source: Alaska DOH's rolling RHTP award notice (sheet 'Notice of Intent to Award'), project BP1-IA-244, notified 2026-08-21. The amount is published as preliminary and the document is a notice of intent to award, not a notice of award.",data/evidence/AK/2026-08-28_ak_rhtp_awardsnotice_2026.xlsx,https://health.alaska.gov/media/tcvker5a/ak_rhtp_awardsnotice_2026.xlsx,PER_PROJECT,PRELIMINARY_AS_PUBLISHED,INTENT_TO_AWARD,STATE_ORG_TYPE,Health Care Access,BP1-IA-244,Implementation,Health Care Access,MyEyesAI Hub-and-Spoke Tele-Ophthalmology for Rural Alaska.,"Ophthalmic Associates proposes to establish a hub-and-spoke teleophthalmology network using MyEyesAI to support standardized eye intake, image capture, specialist review, triage, and referral coordination, thereby addressing delayed access to ophthalmology and avoidable travel for rural, remote, and frontier Alaskans across participating clinics, optometry practices, and community health sites.",Statewide,Clinic; Other health care provider; Private practitioner; Specialist,2026-08-21
AK,78,Optical Aleutians,64787.11,NONPROFIT_CBO,No,Implementation | Health Care Access | Aleutians West Census Area,Yes,No,FY2026 (Year 1),Alaska RHTP Awards Notice 2026 - Notice of Intent to Award,https://health.alaska.gov/media/tcvker5a/ak_rhtp_awardsnotice_2026.xlsx,NOTICE_OF_INTENT_TO_AWARD,MODEL_ASSISTED,AI-assisted - CONFIRM,,,,,Other health care provider; Specialist,LOW,RECIPIENT_TYPE_INFERRED,NON_HOSPITAL,No,"The state's Organization Type field names only a service line (Other health care provider; Specialist) and no organisational form; §8 settled fallback (session 10). §10.2 NON_HOSPITAL: the named recipient is not a hospital (§0.3a -- judged on the recipient, not the activity), and the source does not mention hospitals anywhere in the funded work. Source: Alaska DOH's rolling RHTP award notice (sheet 'Notice of Intent to Award'), project BP1-IA-245, notified 2026-08-21. The amount is published as preliminary and the document is a notice of intent to award, not a notice of award.",data/evidence/AK/2026-08-28_ak_rhtp_awardsnotice_2026.xlsx,https://health.alaska.gov/media/tcvker5a/ak_rhtp_awardsnotice_2026.xlsx,PER_PROJECT,PRELIMINARY_AS_PUBLISHED,INTENT_TO_AWARD,FALLBACK,Health Care Access,BP1-IA-245,Implementation,Health Care Access,Construction of New Exam Room,"Optical Aleutians proposes the creation of a dedicated optical exam room to replace the borrowed dentist office currently in use, as it poses multiple issues regarding ADA compliance, sanitation, consistency of access, and ability to service needs of residents with chronic issues. This will be built in Unalaska, which serves as a healthcare hub forthe rest of the western Aleutians.",Aleutians West Census Area,Other health care provider; Specialist,2026-08-21
AK,79,Organized Village of Kake,738619,TRIBAL_ORG,No,Implementation | Health Care Access | Haines Borough; Juneau (City and Borough); Ketchikan Gateway Borough; Petersburg Borough; Prince of Wales-Hyder Census Area; Sitka (City and Borough); Skagway (Municipality); Wrangell (City and Borough); Yakutat (City and Borough),Yes,No,FY2026 (Year 1),Alaska RHTP Awards Notice 2026 - Notice of Intent to Award,https://health.alaska.gov/media/tcvker5a/ak_rhtp_awardsnotice_2026.xlsx,NOTICE_OF_INTENT_TO_AWARD,MODEL_ASSISTED,AI-assisted - CONFIRM,,,,,Behavioral health/substance use disorder treatment; Tribe,HIGH,AMOUNT_PRELIMINARY,NON_HOSPITAL,No,"The state's own Organization Type field states 'Tribe'. §10.2 NON_HOSPITAL: the named recipient is not a hospital (§0.3a -- judged on the recipient, not the activity), and the source does not mention hospitals anywhere in the funded work. Source: Alaska DOH's rolling RHTP award notice (sheet 'Notice of Intent to Award'), project BP1-IA-247, notified 2026-08-21. The amount is published as preliminary and the document is a notice of intent to award, not a notice of award.",data/evidence/AK/2026-08-28_ak_rhtp_awardsnotice_2026.xlsx,https://health.alaska.gov/media/tcvker5a/ak_rhtp_awardsnotice_2026.xlsx,PER_PROJECT,PRELIMINARY_AS_PUBLISHED,INTENT_TO_AWARD,STATE_ORG_TYPE,Health Care Access,BP1-IA-247,Implementation,Health Care Access,Cultural Healing House: A Culturally-Centered Addiction Recovery Program for Southeast Alaska,"The Organized Village of Kake proposes establishing a Cultural Healing House that expands access to culturally grounded recovery and behavioral health services, addresses gaps in care for Alaska Native people and rural communities, strengthens community belonging, and increases local service capacity through peer support training across Southeast Alaska.",Haines Borough; Juneau (City and Borough); Ketchikan Gateway Borough; Petersburg Borough; Prince of Wales-Hyder Census Area; Sitka (City and Borough); Skagway (Municipality); Wrangell (City and Borough); Yakutat (City and Borough),Behavioral health/substance use disorder treatment; Tribe,2026-08-21
AK,80,PeaceHealth Ketchikan Medical Center,6518028.8,HOSPITAL_OR_SYSTEM,Yes,Implementation | Health Care Access | Ketchikan Gateway Borough; Petersburg Borough; Prince of Wales-Hyder Census Area; Wrangell (City and Borough),Yes,No,FY2026 (Year 1),Alaska RHTP Awards Notice 2026 - Notice of Intent to Award,https://health.alaska.gov/media/tcvker5a/ak_rhtp_awardsnotice_2026.xlsx,NOTICE_OF_INTENT_TO_AWARD,MODEL_ASSISTED,AI-assisted - CONFIRM,,,,,Hospital (all types),HIGH,AMOUNT_PRELIMINARY,DIRECT,Yes,"The state's own Organization Type field states 'Hospital (all types)'. §10.2 DIRECT: the named recipient is a hospital or hospital system and the state's award document names both the recipient and the amount. Source: Alaska DOH's rolling RHTP award notice (sheet 'Notice of Intent to Award'), project BP1-IA-254, notified 2026-08-21. The amount is published as preliminary and the document is a notice of intent to award, not a notice of award.",data/evidence/AK/2026-08-28_ak_rhtp_awardsnotice_2026.xlsx,https://health.alaska.gov/media/tcvker5a/ak_rhtp_awardsnotice_2026.xlsx,PER_PROJECT,PRELIMINARY_AS_PUBLISHED,INTENT_TO_AWARD,STATE_ORG_TYPE,Health Care Access,BP1-IA-254,Implementation,Health Care Access,Rural Surgical Transformation: Expanding Access and Modernizing Care,"PeaceHealth Ketchikan Medical Center proposes introducing the first robotic assisted minimally invasive surgeries in orthopedic, gastroenterology, urology, gynecology, and general surgery to Southern Southeast Alaska. This evidence-supported solution will expand local specialty capacity, reduce out-of-area referrals, and improve outcomes by overcoming longstanding access barriers. By enabling high-quality procedures close to home, the project transforms healthcare in the region and works to reduce health disparities.",Ketchikan Gateway Borough; Petersburg Borough; Prince of Wales-Hyder Census Area; Wrangell (City and Borough),Hospital (all types),2026-08-21
AK,81,PeaceHealth Ketchikan Medical Center,200767.66,HOSPITAL_OR_SYSTEM,Yes,Implementation | Healthy Beginnings | Ketchikan Gateway Borough; Petersburg Borough; Prince of Wales-Hyder Census Area; Wrangell (City and Borough),Yes,No,FY2026 (Year 1),Alaska RHTP Awards Notice 2026 - Notice of Intent to Award,https://health.alaska.gov/media/tcvker5a/ak_rhtp_awardsnotice_2026.xlsx,NOTICE_OF_INTENT_TO_AWARD,MODEL_ASSISTED,AI-assisted - CONFIRM,,,,,Clinic; Family medicine or primary care; Hospital (all types); Maternal health,HIGH,AMOUNT_PRELIMINARY,DIRECT,Yes,"The state's own Organization Type field states 'Hospital (all types)'. §10.2 DIRECT: the named recipient is a hospital or hospital system and the state's award document names both the recipient and the amount. Source: Alaska DOH's rolling RHTP award notice (sheet 'Notice of Intent to Award'), project BP1-IA-253, notified 2026-08-21. The amount is published as preliminary and the document is a notice of intent to award, not a notice of award.",data/evidence/AK/2026-08-28_ak_rhtp_awardsnotice_2026.xlsx,https://health.alaska.gov/media/tcvker5a/ak_rhtp_awardsnotice_2026.xlsx,PER_PROJECT,PRELIMINARY_AS_PUBLISHED,INTENT_TO_AWARD,STATE_ORG_TYPE,Healthy Beginnings,BP1-IA-253,Implementation,Healthy Beginnings,"Improving Maternal, Fetal and Neonatal Safety with Advanced Monitoring and Teladoc","PeaceHealth Ketchikan Medical Center proposes expanding a technology enabled maternal, fetal and neonatal care system that integrates advanced fetal monitoring, centralized surveillance, and real-time neonatology consultation, strengthening diagnostic capabilities, intrapartum monitoring, and specialty access across Southern Southeast Alaska’s rural communities.",Ketchikan Gateway Borough; Petersburg Borough; Prince of Wales-Hyder Census Area; Wrangell (City and Borough),Clinic; Family medicine or primary care; Hospital (all types); Maternal health,2026-08-21
AK,82,Petersburg Medical Center,446453,HOSPITAL_OR_SYSTEM,Yes,Implementation | Spark Technology and Innovation | Petersburg Borough,Yes,No,FY2026 (Year 1),Alaska RHTP Awards Notice 2026 - Notice of Intent to Award,https://health.alaska.gov/media/tcvker5a/ak_rhtp_awardsnotice_2026.xlsx,NOTICE_OF_INTENT_TO_AWARD,MODEL_ASSISTED,AI-assisted - CONFIRM,,,,,Clinic; Emergency Medical Services; Family medicine or primary care; Home-and-community-based services provider; Hospital (all types),HIGH,AMOUNT_PRELIMINARY,DIRECT,Yes,"The state's own Organization Type field states 'Hospital (all types)'. §10.2 DIRECT: the named recipient is a hospital or hospital system and the state's award document names both the recipient and the amount. Source: Alaska DOH's rolling RHTP award notice (sheet 'Notice of Intent to Award'), project BP1-IA-260, notified 2026-08-21. The amount is published as preliminary and the document is a notice of intent to award, not a notice of award.",data/evidence/AK/2026-08-28_ak_rhtp_awardsnotice_2026.xlsx,https://health.alaska.gov/media/tcvker5a/ak_rhtp_awardsnotice_2026.xlsx,PER_PROJECT,PRELIMINARY_AS_PUBLISHED,INTENT_TO_AWARD,STATE_ORG_TYPE,Spark Technology and Innovation,BP1-IA-260,Implementation,Spark Technology and Innovation,Petersburg Medical Center Telehealth Integration,"Petersburg Medical Center proposes to establish an integrated Telehealth Program, serving all departments of Petersburg Borough’s only hospital and primary care clinic, bridging critical gaps in access to specialty care for chronic disease screening and management for the remote communities in and around this Southeast Alaska Borough through in-depth partnership with telemedicine providers.",Petersburg Borough,Clinic; Emergency Medical Services; Family medicine or primary care; Home-and-community-based services provider; Hospital (all types),2026-08-21
AK,83,Petersburg Medical Center,437542,HOSPITAL_OR_SYSTEM,Yes,Implementation | Health Care Access | Petersburg Borough,Yes,No,FY2026 (Year 1),Alaska RHTP Awards Notice 2026 - Notice of Intent to Award,https://health.alaska.gov/media/tcvker5a/ak_rhtp_awardsnotice_2026.xlsx,NOTICE_OF_INTENT_TO_AWARD,MODEL_ASSISTED,AI-assisted - CONFIRM,,,,,Behavioral health/substance use disorder treatment; Clinic; Emergency Medical Services; Family medicine or primary care; Home-and-community-based services provider; Hospital (all types),HIGH,AMOUNT_PRELIMINARY,DIRECT,Yes,"The state's own Organization Type field states 'Hospital (all types)'. §10.2 DIRECT: the named recipient is a hospital or hospital system and the state's award document names both the recipient and the amount. Source: Alaska DOH's rolling RHTP award notice (sheet 'Notice of Intent to Award'), project BP1-IA-258, notified 2026-08-21. The amount is published as preliminary and the document is a notice of intent to award, not a notice of award.",data/evidence/AK/2026-08-28_ak_rhtp_awardsnotice_2026.xlsx,https://health.alaska.gov/media/tcvker5a/ak_rhtp_awardsnotice_2026.xlsx,PER_PROJECT,PRELIMINARY_AS_PUBLISHED,INTENT_TO_AWARD,STATE_ORG_TYPE,Health Care Access,BP1-IA-258,Implementation,Health Care Access,Petersburg Medical Center Behavioral Health Department Launch,"Petersburg Medical Center proposes the launch of a full Behavioral Health Department, integrated within Petersburg Borough’s only hospital and primary care clinic to bridge critical gaps in access to in-person psychiatric and clinical behavioral health services for the remote communities in and around this Southeast Alaska Borough.",Petersburg Borough,Behavioral health/substance use disorder treatment; Clinic; Emergency Medical Services; Family medicine or primary care; Home-and-community-based services provider; Hospital (all types),2026-08-21
AK,84,Providence Health & Services- Washington,4559450.53,NONPROFIT_CBO,No,Implementation | Strengthen Workforce | Statewide,Yes,No,FY2026 (Year 1),Alaska RHTP Awards Notice 2026 - Notice of Intent to Award,https://health.alaska.gov/media/tcvker5a/ak_rhtp_awardsnotice_2026.xlsx,NOTICE_OF_INTENT_TO_AWARD,MODEL_ASSISTED,AI-assisted - CONFIRM,,,,,Family medicine or primary care,LOW,RECIPIENT_TYPE_VARIES_IN_SOURCE,NON_HOSPITAL,No,"The state's Organization Type field names only a service line (Family medicine or primary care) and no organisational form; §8 settled fallback (session 10). §10.2 NON_HOSPITAL: the named recipient is not a hospital (§0.3a -- judged on the recipient, not the activity), and the source does not mention hospitals anywhere in the funded work. Source: Alaska DOH's rolling RHTP award notice (sheet 'Notice of Intent to Award'), project BP1-IA-265, notified 2026-08-21. The amount is published as preliminary and the document is a notice of intent to award, not a notice of award. NOTE: Alaska's Organization Type field gives this recipient a different organisational form on another of its own projects (HOSPITAL_OR_SYSTEM / NONPROFIT_CBO). The per-row value is kept as the state published it and is not harmonised; a reviewer resolves which form the entity has.",data/evidence/AK/2026-08-28_ak_rhtp_awardsnotice_2026.xlsx,https://health.alaska.gov/media/tcvker5a/ak_rhtp_awardsnotice_2026.xlsx,PER_PROJECT,PRELIMINARY_AS_PUBLISHED,INTENT_TO_AWARD,FALLBACK,Strengthen Workforce,BP1-IA-265,Implementation,Strengthen Workforce,Coordinating to Drive Redesign and Sustainability of Alaska's Graduate Medical Education Programs,"Providence Health & Services -Washington proposes to strengthen workforce capacity by stabilizing and enhancing the Alaska Family Medicine Residency Program. This project invests in recruitment, rural training, faculty development, and clinical training infrastructure to address Alaska’s shortage of primary care physicians and limited in-state residency capacity. This work supports a critical physician pipeline serving rural, frontier, and geographically dispersed communities across Alaska.",Statewide,Family medicine or primary care,2026-08-21
AK,85,Providence Health & Services- Washington,381512.34,HOSPITAL_OR_SYSTEM,Yes,Implementation | Healthy Communities | Kenai Peninsula Borough,Yes,No,FY2026 (Year 1),Alaska RHTP Awards Notice 2026 - Notice of Intent to Award,https://health.alaska.gov/media/tcvker5a/ak_rhtp_awardsnotice_2026.xlsx,NOTICE_OF_INTENT_TO_AWARD,MODEL_ASSISTED,AI-assisted - CONFIRM,,,,,Hospital (all types),HIGH,RECIPIENT_TYPE_VARIES_IN_SOURCE,DIRECT,Yes,"The state's own Organization Type field states 'Hospital (all types)'. §10.2 DIRECT: the named recipient is a hospital or hospital system and the state's award document names both the recipient and the amount. Source: Alaska DOH's rolling RHTP award notice (sheet 'Notice of Intent to Award'), project BP1-IA-269, notified 2026-08-21. The amount is published as preliminary and the document is a notice of intent to award, not a notice of award. NOTE: Alaska's Organization Type field gives this recipient a different organisational form on another of its own projects (HOSPITAL_OR_SYSTEM / NONPROFIT_CBO). The per-row value is kept as the state published it and is not harmonised; a reviewer resolves which form the entity has.",data/evidence/AK/2026-08-28_ak_rhtp_awardsnotice_2026.xlsx,https://health.alaska.gov/media/tcvker5a/ak_rhtp_awardsnotice_2026.xlsx,PER_PROJECT,PRELIMINARY_AS_PUBLISHED,INTENT_TO_AWARD,STATE_ORG_TYPE,Healthy Communities,BP1-IA-269,Implementation,Healthy Communities,Seward Social Services Hub: Advancing Health Through Coordinated Social Support Services,"Providence Seward Medical Center proposes to establish a coordinated social services hub in Seward, Alaska to address housing instability, food insecurity, unsafe living conditions, and limited access to behavioral health support services. The project will centralize emergency and transitional housing support, domestic violence response services, food access programs, care coordination, and community-based services for vulnerable residents in Seward and surrounding rural communities impacted by adverse social determinants of health.",Kenai Peninsula Borough,Hospital (all types),2026-08-21
AK,86,Resource Center for Parents and Children,390334.08,NONPROFIT_CBO,No,Implementation | Healthy Beginnings | Denali Borough; Fairbanks North Star Borough; North Slope Borough; Southeast Fairbanks Census Area; Yukon-Koyukuk Census Area,Yes,No,FY2026 (Year 1),Alaska RHTP Awards Notice 2026 - Notice of Intent to Award,https://health.alaska.gov/media/tcvker5a/ak_rhtp_awardsnotice_2026.xlsx,NOTICE_OF_INTENT_TO_AWARD,MODEL_ASSISTED,AI-assisted - CONFIRM,,,,,"Behavioral health/substance use disorder treatment; Non-Profit, Social Service, or Community Based Organization",HIGH,AMOUNT_PRELIMINARY,NON_HOSPITAL,No,"The state's own Organization Type field states 'Non-Profit, Social Service, or Community Based Organization'. §10.2 NON_HOSPITAL: the named recipient is not a hospital (§0.3a -- judged on the recipient, not the activity), and the source does not mention hospitals anywhere in the funded work. Source: Alaska DOH's rolling RHTP award notice (sheet 'Notice of Intent to Award'), project BP1-IA-281, notified 2026-08-21. The amount is published as preliminary and the document is a notice of intent to award, not a notice of award.",data/evidence/AK/2026-08-28_ak_rhtp_awardsnotice_2026.xlsx,https://health.alaska.gov/media/tcvker5a/ak_rhtp_awardsnotice_2026.xlsx,PER_PROJECT,PRELIMINARY_AS_PUBLISHED,INTENT_TO_AWARD,STATE_ORG_TYPE,Healthy Beginnings,BP1-IA-281,Implementation,Healthy Beginnings,"Pathways to Healing for Children, Parents, and Families","The Resource Center for Parents and Children proposes expanding behavioral health services for children, families, pregnant and postpartum parents, and caregivers through evidence-based trauma treatment, case management, and family support services. The project addresses significant gaps in access to behavioral health care, particularly for individuals impacted by child abuse, neglect, family violence, substance misuse, adverse childhood experiences, child-on-child problematic sexual behaviors, and child welfare involvement across rural and remote Interior Alaska and North Slope communities.",Denali Borough; Fairbanks North Star Borough; North Slope Borough; Southeast Fairbanks Census Area; Yukon-Koyukuk Census Area,"Behavioral health/substance use disorder treatment; Non-Profit, Social Service, or Community Based Organization",2026-08-21
AK,87,Seattle Children's Alaska Track Pediatric Residency,279270,SCHOOL_OR_DISTRICT,No,Implementation | Strengthen Workforce | Anchorage (Municipality); Bethel Census Area; Fairbanks North Star Borough; Matanuska-Susitna Borough,Yes,No,FY2026 (Year 1),Alaska RHTP Awards Notice 2026 - Notice of Intent to Award,https://health.alaska.gov/media/tcvker5a/ak_rhtp_awardsnotice_2026.xlsx,NOTICE_OF_INTENT_TO_AWARD,MODEL_ASSISTED,AI-assisted - CONFIRM,,,,,Education organization (Not public university in Alaska),HIGH,AMOUNT_PRELIMINARY,NON_HOSPITAL,No,"The state's own Organization Type field states 'Education organization (Not public university in Alaska)'. §10.2 NON_HOSPITAL: the named recipient is not a hospital (§0.3a -- judged on the recipient, not the activity), and the source does not mention hospitals anywhere in the funded work. Source: Alaska DOH's rolling RHTP award notice (sheet 'Notice of Intent to Award'), project BP1-IA-286, notified 2026-08-21. The amount is published as preliminary and the document is a notice of intent to award, not a notice of award.",data/evidence/AK/2026-08-28_ak_rhtp_awardsnotice_2026.xlsx,https://health.alaska.gov/media/tcvker5a/ak_rhtp_awardsnotice_2026.xlsx,PER_PROJECT,PRELIMINARY_AS_PUBLISHED,INTENT_TO_AWARD,STATE_ORG_TYPE,Strengthen Workforce,BP1-IA-286,Implementation,Strengthen Workforce,Pediatric Workforce Development in Alaska,"By investing in faculty development, resident and fellow physician training capacity, and statewide educational partnerships, the Pediatric Residency Alaska Track creates lasting improvements in Alaska’s pediatric workforce with a direct impact on access to care for communities throughout the state.",Anchorage (Municipality); Bethel Census Area; Fairbanks North Star Borough; Matanuska-Susitna Borough,Education organization (Not public university in Alaska),2026-08-21
AK,88,"Senior and Disability Services, Department of Health",850000,STATE_AGENCY,No,Implementation | Health Care Access | Statewide,Yes,No,FY2026 (Year 1),Alaska RHTP Awards Notice 2026 - Notice of Intent to Award,https://health.alaska.gov/media/tcvker5a/ak_rhtp_awardsnotice_2026.xlsx,NOTICE_OF_INTENT_TO_AWARD,MODEL_ASSISTED,AI-assisted - CONFIRM,,,,,State agency,HIGH,AMOUNT_PRELIMINARY,NON_HOSPITAL,No,"The state's own Organization Type field states 'State agency'. §10.2 NON_HOSPITAL: the named recipient is not a hospital (§0.3a -- judged on the recipient, not the activity), and the source does not mention hospitals anywhere in the funded work. Source: Alaska DOH's rolling RHTP award notice (sheet 'Notice of Intent to Award'), project BP1-INT-01, notified 2026-08-21. The amount is published as preliminary and the document is a notice of intent to award, not a notice of award.",data/evidence/AK/2026-08-28_ak_rhtp_awardsnotice_2026.xlsx,https://health.alaska.gov/media/tcvker5a/ak_rhtp_awardsnotice_2026.xlsx,PER_PROJECT,PRELIMINARY_AS_PUBLISHED,INTENT_TO_AWARD,STATE_ORG_TYPE,Health Care Access,BP1-INT-01,Implementation,Health Care Access,Increase telehealth services for Individuals with Intellectual and/or Developmental Disabilities on HCBS waivers,The Division of Senior and Disabilities Services (SDS) proposes to provide access to telehealth services to more individuals receiving Home and Community Based Services (HCBS). This project will expand telehealth services through a contract with RingMD to address the unique health and behavioral needs of HCBS recipients across Alaska.,Statewide,State agency,2026-08-21
AK,89,Seward Prevention Coalition,415000,NONPROFIT_CBO,No,Implementation | Healthy Beginnings | Kenai Peninsula Borough,Yes,No,FY2026 (Year 1),Alaska RHTP Awards Notice 2026 - Notice of Intent to Award,https://health.alaska.gov/media/tcvker5a/ak_rhtp_awardsnotice_2026.xlsx,NOTICE_OF_INTENT_TO_AWARD,MODEL_ASSISTED,AI-assisted - CONFIRM,,,,,"Non-Profit, Social Service, or Community Based Organization",HIGH,AMOUNT_PRELIMINARY,NON_HOSPITAL,No,"The state's own Organization Type field states 'Non-Profit, Social Service, or Community Based Organization'. §10.2 NON_HOSPITAL: the named recipient is not a hospital (§0.3a -- judged on the recipient, not the activity), and the source does not mention hospitals anywhere in the funded work. Source: Alaska DOH's rolling RHTP award notice (sheet 'Notice of Intent to Award'), project BP1-IA-290, notified 2026-08-21. The amount is published as preliminary and the document is a notice of intent to award, not a notice of award.",data/evidence/AK/2026-08-28_ak_rhtp_awardsnotice_2026.xlsx,https://health.alaska.gov/media/tcvker5a/ak_rhtp_awardsnotice_2026.xlsx,PER_PROJECT,PRELIMINARY_AS_PUBLISHED,INTENT_TO_AWARD,STATE_ORG_TYPE,Healthy Beginnings,BP1-IA-290,Implementation,Healthy Beginnings,Healthy Beginnings Through Integrated Infant and Toddler Expansion in Partnership with Chugachmiut Early Head Start,"Seward Prevention Coalition proposes partnering with Chugachmiut Early Head Start to establish an Early Head Start classroom, expanding early learning and care for infants and toddlers and addressing the limited birth to three child care capacity, developmental screening access, and family support services available to families in Seward and surrounding rural communities on the Kenai Peninsula.",Kenai Peninsula Borough,"Non-Profit, Social Service, or Community Based Organization",2026-08-21
AK,90,Sitka Counseling and Prevention Services Inc.,256985.33,NONPROFIT_CBO,No,Implementation | Health Care Access | Sitka (City and Borough),Yes,No,FY2026 (Year 1),Alaska RHTP Awards Notice 2026 - Notice of Intent to Award,https://health.alaska.gov/media/tcvker5a/ak_rhtp_awardsnotice_2026.xlsx,NOTICE_OF_INTENT_TO_AWARD,MODEL_ASSISTED,AI-assisted - CONFIRM,,,,,"Behavioral health/substance use disorder treatment; Non-Profit, Social Service, or Community Based Organization",HIGH,AMOUNT_PRELIMINARY,NON_HOSPITAL,No,"The state's own Organization Type field states 'Non-Profit, Social Service, or Community Based Organization'. §10.2 NON_HOSPITAL: the named recipient is not a hospital (§0.3a -- judged on the recipient, not the activity), and the source does not mention hospitals anywhere in the funded work. Source: Alaska DOH's rolling RHTP award notice (sheet 'Notice of Intent to Award'), project BP1-IA-291, notified 2026-08-21. The amount is published as preliminary and the document is a notice of intent to award, not a notice of award.",data/evidence/AK/2026-08-28_ak_rhtp_awardsnotice_2026.xlsx,https://health.alaska.gov/media/tcvker5a/ak_rhtp_awardsnotice_2026.xlsx,PER_PROJECT,PRELIMINARY_AS_PUBLISHED,INTENT_TO_AWARD,STATE_ORG_TYPE,Health Care Access,BP1-IA-291,Implementation,Health Care Access,Sitka Counseling Therapeutic Services Expansion and Renovation Project,"Sitka Counseling proposes to expand behavioral health service capacity by planning improvements to facilities, workforce development, and technology systems. The project addresses limited space, workforce shortages, and barriers to accessing outpatient, residential, and family services. Planning will focus on children and families in Sitka while developing partnerships for clinical training, consultation, and supervision to support service delivery in rural and underserved communities.",Sitka (City and Borough),"Behavioral health/substance use disorder treatment; Non-Profit, Social Service, or Community Based Organization",2026-08-21
AK,91,Southcentral Foundation,3635988,TRIBAL_ORG,No,Implementation | Healthy Beginnings | Statewide,Yes,No,FY2026 (Year 1),Alaska RHTP Awards Notice 2026 - Notice of Intent to Award,https://health.alaska.gov/media/tcvker5a/ak_rhtp_awardsnotice_2026.xlsx,NOTICE_OF_INTENT_TO_AWARD,MODEL_ASSISTED,AI-assisted - CONFIRM,,,,,Tribal Health Organization,HIGH,RECIPIENT_TYPE_VARIES_IN_SOURCE,NON_HOSPITAL,No,"The state's own Organization Type field states 'Tribal Health Organization'. §10.2 NON_HOSPITAL: the named recipient is not a hospital (§0.3a -- judged on the recipient, not the activity), and the source does not mention hospitals anywhere in the funded work. Source: Alaska DOH's rolling RHTP award notice (sheet 'Notice of Intent to Award'), project BP1-IA-301, notified 2026-08-21. The amount is published as preliminary and the document is a notice of intent to award, not a notice of award. NOTE: Alaska's Organization Type field gives this recipient a different organisational form on another of its own projects (FQHC_OR_RHC / TRIBAL_ORG). The per-row value is kept as the state published it and is not harmonised; a reviewer resolves which form the entity has.",data/evidence/AK/2026-08-28_ak_rhtp_awardsnotice_2026.xlsx,https://health.alaska.gov/media/tcvker5a/ak_rhtp_awardsnotice_2026.xlsx,PER_PROJECT,PRELIMINARY_AS_PUBLISHED,INTENT_TO_AWARD,STATE_ORG_TYPE,Healthy Beginnings,BP1-IA-301,Implementation,Healthy Beginnings,Expansion of Specialty Pediatric Services,"Southcentral Foundation proposes to expand its Specialty Pediatric Clinic, a critical statewide access point that addresses gaps in specialized care for Alaska Native and American Indian children with complex medical and developmental needs across Alaska, including those from rural, remote, and frontier communities who must travel for care.",Statewide,Tribal Health Organization,2026-08-21
AK,92,Southcentral Foundation,1548208,TRIBAL_ORG,No,Implementation | Health Care Access | Statewide,Yes,No,FY2026 (Year 1),Alaska RHTP Awards Notice 2026 - Notice of Intent to Award,https://health.alaska.gov/media/tcvker5a/ak_rhtp_awardsnotice_2026.xlsx,NOTICE_OF_INTENT_TO_AWARD,MODEL_ASSISTED,AI-assisted - CONFIRM,,,,,Behavioral health/substance use disorder treatment; Emergency Medical Services; Tribal Health Organization,HIGH,RECIPIENT_TYPE_VARIES_IN_SOURCE,NON_HOSPITAL,No,"The state's own Organization Type field states 'Tribal Health Organization'. §10.2 NON_HOSPITAL: the named recipient is not a hospital (§0.3a -- judged on the recipient, not the activity), and the source does not mention hospitals anywhere in the funded work. Source: Alaska DOH's rolling RHTP award notice (sheet 'Notice of Intent to Award'), project BP1-IA-308, notified 2026-08-21. The amount is published as preliminary and the document is a notice of intent to award, not a notice of award. NOTE: Alaska's Organization Type field gives this recipient a different organisational form on another of its own projects (FQHC_OR_RHC / TRIBAL_ORG). The per-row value is kept as the state published it and is not harmonised; a reviewer resolves which form the entity has.",data/evidence/AK/2026-08-28_ak_rhtp_awardsnotice_2026.xlsx,https://health.alaska.gov/media/tcvker5a/ak_rhtp_awardsnotice_2026.xlsx,PER_PROJECT,PRELIMINARY_AS_PUBLISHED,INTENT_TO_AWARD,STATE_ORG_TYPE,Health Care Access,BP1-IA-308,Implementation,Health Care Access,Yeshjesh T'uh Crisis Project,"Southcentral Foundation’s Yeshjesh T’uh Crisis Project proposes strengthening system capacity by providing new innovative services, connecting the gaps in fragmented systems, and increasing access to culturally competent mental health and substance use disorder services in Mental Health Professional Shortage Areas here in Alaska. The proposed Yeshjesh T’uh Crisis Project provides high-intensity behavioral health services, including crisis stabilization and crisis residential care, for individuals from rural and remote Alaska communities.",Statewide,Behavioral health/substance use disorder treatment; Emergency Medical Services; Tribal Health Organization,2026-08-21
AK,93,Southcentral Foundation,1443165,TRIBAL_ORG,No,Implementation | Health Care Access | Statewide,Yes,No,FY2026 (Year 1),Alaska RHTP Awards Notice 2026 - Notice of Intent to Award,https://health.alaska.gov/media/tcvker5a/ak_rhtp_awardsnotice_2026.xlsx,NOTICE_OF_INTENT_TO_AWARD,MODEL_ASSISTED,AI-assisted - CONFIRM,,,,,Tribal Health Organization,HIGH,RECIPIENT_TYPE_VARIES_IN_SOURCE,NON_HOSPITAL,No,"The state's own Organization Type field states 'Tribal Health Organization'. §10.2 NON_HOSPITAL: the named recipient is not a hospital (§0.3a -- judged on the recipient, not the activity), and the source does not mention hospitals anywhere in the funded work. Source: Alaska DOH's rolling RHTP award notice (sheet 'Notice of Intent to Award'), project BP1-IA-306, notified 2026-08-21. The amount is published as preliminary and the document is a notice of intent to award, not a notice of award. NOTE: Alaska's Organization Type field gives this recipient a different organisational form on another of its own projects (FQHC_OR_RHC / TRIBAL_ORG). The per-row value is kept as the state published it and is not harmonised; a reviewer resolves which form the entity has.",data/evidence/AK/2026-08-28_ak_rhtp_awardsnotice_2026.xlsx,https://health.alaska.gov/media/tcvker5a/ak_rhtp_awardsnotice_2026.xlsx,PER_PROJECT,PRELIMINARY_AS_PUBLISHED,INTENT_TO_AWARD,STATE_ORG_TYPE,Health Care Access,BP1-IA-306,Implementation,Health Care Access,Traditional Healing Project,"Southcentral Foundation proposes to integrate traditional healing practices at its rural community health centers, standard clinical services, and the Alaska Native Medical Center (ANMC), by expanding the Traditional Healing practitioner base; creating an Alaska traditional healing network and exchange; and improving long-term sustainability. This project will have state-wide impact through ANMC services and addresses the need for traditional wellness practices, such as ceremony, ritual, emotional and spiritual support beyond its clinic at the Anchorage Native Primary Care Center.",Statewide,Tribal Health Organization,2026-08-21
AK,94,Southcentral Foundation,281295.1,TRIBAL_ORG,No,Implementation | Health Care Access | Copper River Census Area,Yes,No,FY2026 (Year 1),Alaska RHTP Awards Notice 2026 - Notice of Intent to Award,https://health.alaska.gov/media/tcvker5a/ak_rhtp_awardsnotice_2026.xlsx,NOTICE_OF_INTENT_TO_AWARD,MODEL_ASSISTED,AI-assisted - CONFIRM,,,,,Clinic; Tribal Health Organization,HIGH,RECIPIENT_TYPE_VARIES_IN_SOURCE,NON_HOSPITAL,No,"The state's own Organization Type field states 'Tribal Health Organization'. §10.2 NON_HOSPITAL: the named recipient is not a hospital (§0.3a -- judged on the recipient, not the activity), and the source does not mention hospitals anywhere in the funded work. Source: Alaska DOH's rolling RHTP award notice (sheet 'Notice of Intent to Award'), project BP1-IA-299, notified 2026-08-21. The amount is published as preliminary and the document is a notice of intent to award, not a notice of award. NOTE: Alaska's Organization Type field gives this recipient a different organisational form on another of its own projects (FQHC_OR_RHC / TRIBAL_ORG). The per-row value is kept as the state published it and is not harmonised; a reviewer resolves which form the entity has.",data/evidence/AK/2026-08-28_ak_rhtp_awardsnotice_2026.xlsx,https://health.alaska.gov/media/tcvker5a/ak_rhtp_awardsnotice_2026.xlsx,PER_PROJECT,PRELIMINARY_AS_PUBLISHED,INTENT_TO_AWARD,STATE_ORG_TYPE,Health Care Access,BP1-IA-299,Implementation,Health Care Access,Chitina Community Health Clinic Expansion,"Southcentral Foundation proposes to expand resources at the Chitina Community Clinic (located along the Edgerton Highway, south of Glennallen but east of Tonsina and northwest of Wrangell-St. Elias National Park and Preserve), improving the use of space for customer-owners* and providers, purchasing a vehicle, and providing community outreach for permanent residents and visitors to increase encounters at the clinic and thereby improve the financial stability of the community health center. *SCF term for individuals they serve, instead of patient",Copper River Census Area,Clinic; Tribal Health Organization,2026-08-21
AK,95,Southeast Alaska Regional Health Consortium,1350027,HOSPITAL_OR_SYSTEM,Yes,Implementation | Health Care Access | Haines Borough; Hoonah-Angoon Census Area; Juneau (City and Borough); Petersburg Borough; Prince of Wales-Hyder Census Area; Sitka (City and Borough); Skagway (Municipality); Wrangell (City and Borough),Yes,No,FY2026 (Year 1),Alaska RHTP Awards Notice 2026 - Notice of Intent to Award,https://health.alaska.gov/media/tcvker5a/ak_rhtp_awardsnotice_2026.xlsx,NOTICE_OF_INTENT_TO_AWARD,MODEL_ASSISTED,AI-assisted - CONFIRM,,,,,"Behavioral health/substance use disorder treatment; Clinic; Dental; Family medicine or primary care; Federally qualified health center; Health Information Exchange (HIE); Hospital (all types); Maternal health; Non-Profit, Social Service, or Community Based Organization; Pharmacy; Specialist; Tribal Health Organization",HIGH,AMOUNT_PRELIMINARY,DIRECT,Yes,"The state's own Organization Type field states 'Hospital (all types)'. §10.2 DIRECT: the named recipient is a hospital or hospital system and the state's award document names both the recipient and the amount. Source: Alaska DOH's rolling RHTP award notice (sheet 'Notice of Intent to Award'), project BP1-IA-310, notified 2026-08-21. The amount is published as preliminary and the document is a notice of intent to award, not a notice of award.",data/evidence/AK/2026-08-28_ak_rhtp_awardsnotice_2026.xlsx,https://health.alaska.gov/media/tcvker5a/ak_rhtp_awardsnotice_2026.xlsx,PER_PROJECT,PRELIMINARY_AS_PUBLISHED,INTENT_TO_AWARD,STATE_ORG_TYPE,Health Care Access,BP1-IA-310,Implementation,Health Care Access,Mammo On the Go Southeast,"SEARHC proposes to establish a SEARHC-owned mobile mammography coach to bring breast cancer screening to women in Angoon, Kake, Hoonah, Gustavus, and Skagway expanding regionally after the year 1 project period. The project addresses the current lack of dedicated mobile mammography service and the travel barriers that make routine screening difficult for women in isolated Southeast Alaska communities.",Haines Borough; Hoonah-Angoon Census Area; Juneau (City and Borough); Petersburg Borough; Prince of Wales-Hyder Census Area; Sitka (City and Borough); Skagway (Municipality); Wrangell (City and Borough),"Behavioral health/substance use disorder treatment; Clinic; Dental; Family medicine or primary care; Federally qualified health center; Health Information Exchange (HIE); Hospital (all types); Maternal health; Non-Profit, Social Service, or Community Based Organization; Pharmacy; Specialist; Tribal Health Organization",2026-08-21
AK,96,Southeast Childhood Collective,231623,NONPROFIT_CBO,No,Implementation | Strengthen Workforce | Haines Borough; Juneau (City and Borough); Ketchikan Gateway Borough; Sitka (City and Borough); Skagway (Municipality),Yes,No,FY2026 (Year 1),Alaska RHTP Awards Notice 2026 - Notice of Intent to Award,https://health.alaska.gov/media/tcvker5a/ak_rhtp_awardsnotice_2026.xlsx,NOTICE_OF_INTENT_TO_AWARD,MODEL_ASSISTED,AI-assisted - CONFIRM,,,,,"Non-Profit, Social Service, or Community Based Organization",HIGH,AMOUNT_PRELIMINARY,NON_HOSPITAL,No,"The state's own Organization Type field states 'Non-Profit, Social Service, or Community Based Organization'. §10.2 NON_HOSPITAL: the named recipient is not a hospital (§0.3a -- judged on the recipient, not the activity), and the source does not mention hospitals anywhere in the funded work. Source: Alaska DOH's rolling RHTP award notice (sheet 'Notice of Intent to Award'), project BP1-IA-312, notified 2026-08-21. The amount is published as preliminary and the document is a notice of intent to award, not a notice of award.",data/evidence/AK/2026-08-28_ak_rhtp_awardsnotice_2026.xlsx,https://health.alaska.gov/media/tcvker5a/ak_rhtp_awardsnotice_2026.xlsx,PER_PROJECT,PRELIMINARY_AS_PUBLISHED,INTENT_TO_AWARD,STATE_ORG_TYPE,Strengthen Workforce,BP1-IA-312,Implementation,Strengthen Workforce,Child Care Apprenticeship Program Expansion,"Southeast Childhood Collective proposes expanding its Child Care Apprenticeship Program to train more early childhood educators in Southeast Alaska communities where child care shortages affect health care and other essential workers. The project addresses the shortage of trained child care staff, which limits the availability of reliable care for working families.",Haines Borough; Juneau (City and Borough); Ketchikan Gateway Borough; Sitka (City and Borough); Skagway (Municipality),"Non-Profit, Social Service, or Community Based Organization",2026-08-21
AK,97,Southeast Childhood Collective,210115,NONPROFIT_CBO,No,Implementation | Strengthen Workforce | Haines Borough; Juneau (City and Borough); Ketchikan Gateway Borough; Sitka (City and Borough); Skagway (Municipality),Yes,No,FY2026 (Year 1),Alaska RHTP Awards Notice 2026 - Notice of Intent to Award,https://health.alaska.gov/media/tcvker5a/ak_rhtp_awardsnotice_2026.xlsx,NOTICE_OF_INTENT_TO_AWARD,MODEL_ASSISTED,AI-assisted - CONFIRM,,,,,"Non-Profit, Social Service, or Community Based Organization",HIGH,AMOUNT_PRELIMINARY,IN_KIND_BENEFIT,Yes,"The state's own Organization Type field states 'Non-Profit, Social Service, or Community Based Organization'. §10.2 IN_KIND_BENEFIT: the recipient is not a hospital and keeps the funds, and the source names hospitals among the parties the funded work serves. These dollars must never enter a 'funds distributed to hospitals' total; they are kept visible rather than discarded. Source: Alaska DOH's rolling RHTP award notice (sheet 'Notice of Intent to Award'), project BP1-IA-313, notified 2026-08-21. The amount is published as preliminary and the document is a notice of intent to award, not a notice of award.",data/evidence/AK/2026-08-28_ak_rhtp_awardsnotice_2026.xlsx,https://health.alaska.gov/media/tcvker5a/ak_rhtp_awardsnotice_2026.xlsx,PER_PROJECT,PRELIMINARY_AS_PUBLISHED,INTENT_TO_AWARD,STATE_ORG_TYPE,Strengthen Workforce,BP1-IA-313,Implementation,Strengthen Workforce,Develop Near Site Child Care for Bartlett Regional Hospital,"Southeast Childhood Collective (SCC) proposes developing dedicated child care capacity for Bartlett Regional Hospital (BRH) employees by supporting a licensed child care provider to add spaces prioritized for hospital staff. The project addresses limited access to reliable child care, a barrier to recruiting and retaining health care workers at BRH, which serves Juneau and communities across Southeast Alaska.",Haines Borough; Juneau (City and Borough); Ketchikan Gateway Borough; Sitka (City and Borough); Skagway (Municipality),"Non-Profit, Social Service, or Community Based Organization",2026-08-21
AK,98,Southeast Childhood Collective,154343.5,NONPROFIT_CBO,No,Implementation | Healthy Beginnings | Haines Borough; Juneau (City and Borough); Ketchikan Gateway Borough; Sitka (City and Borough); Skagway (Municipality),Yes,No,FY2026 (Year 1),Alaska RHTP Awards Notice 2026 - Notice of Intent to Award,https://health.alaska.gov/media/tcvker5a/ak_rhtp_awardsnotice_2026.xlsx,NOTICE_OF_INTENT_TO_AWARD,MODEL_ASSISTED,AI-assisted - CONFIRM,,,,,"Non-Profit, Social Service, or Community Based Organization",HIGH,AMOUNT_PRELIMINARY,NON_HOSPITAL,No,"The state's own Organization Type field states 'Non-Profit, Social Service, or Community Based Organization'. §10.2 NON_HOSPITAL: the named recipient is not a hospital (§0.3a -- judged on the recipient, not the activity), and the source does not mention hospitals anywhere in the funded work. Source: Alaska DOH's rolling RHTP award notice (sheet 'Notice of Intent to Award'), project BP1-IA-314, notified 2026-08-21. The amount is published as preliminary and the document is a notice of intent to award, not a notice of award.",data/evidence/AK/2026-08-28_ak_rhtp_awardsnotice_2026.xlsx,https://health.alaska.gov/media/tcvker5a/ak_rhtp_awardsnotice_2026.xlsx,PER_PROJECT,PRELIMINARY_AS_PUBLISHED,INTENT_TO_AWARD,STATE_ORG_TYPE,Healthy Beginnings,BP1-IA-314,Implementation,Healthy Beginnings,Parents as Teachers 4th Trimester Initiative,"Southeast Childhood Collective proposes expanding Parents as Teachers home visiting for families from birth through 16 weeks postpartum (the 4th trimester) to address delayed access to early family support, geographic isolation, and limited postpartum mental health resources in Juneau, Petersburg, Ketchikan, Gustavus, Pelican, and Tenakee Springs.",Haines Borough; Juneau (City and Borough); Ketchikan Gateway Borough; Sitka (City and Borough); Skagway (Municipality),"Non-Profit, Social Service, or Community Based Organization",2026-08-21
AK,99,Statewide Independent Living Council,2125312.32,NONPROFIT_CBO,No,Implementation | Health Care Access | Statewide,Yes,No,FY2026 (Year 1),Alaska RHTP Awards Notice 2026 - Notice of Intent to Award,https://health.alaska.gov/media/tcvker5a/ak_rhtp_awardsnotice_2026.xlsx,NOTICE_OF_INTENT_TO_AWARD,MODEL_ASSISTED,AI-assisted - CONFIRM,,,,,"Non-Profit, Social Service, or Community Based Organization",HIGH,AMOUNT_PRELIMINARY,NON_HOSPITAL,No,"The state's own Organization Type field states 'Non-Profit, Social Service, or Community Based Organization'. §10.2 NON_HOSPITAL: the named recipient is not a hospital (§0.3a -- judged on the recipient, not the activity), and the source does not mention hospitals anywhere in the funded work. Source: Alaska DOH's rolling RHTP award notice (sheet 'Notice of Intent to Award'), project BP1-IA-320, notified 2026-08-21. The amount is published as preliminary and the document is a notice of intent to award, not a notice of award.",data/evidence/AK/2026-08-28_ak_rhtp_awardsnotice_2026.xlsx,https://health.alaska.gov/media/tcvker5a/ak_rhtp_awardsnotice_2026.xlsx,PER_PROJECT,PRELIMINARY_AS_PUBLISHED,INTENT_TO_AWARD,STATE_ORG_TYPE,Health Care Access,BP1-IA-320,Implementation,Health Care Access,Community Partners Improving Home Accessibility,"Statewide Independent Living Council of Alaska proposes to install durable, ADA-compliant modular aluminum and composite ramps at the homes of Alaskans with disabilities and aging Alaskans statewide, replacing wood ramps that fail within three to five years in Alaska's climate, for rural, remote, and frontier communities where existing home modification programs leave residents waiting years for safe entry access.",Statewide,"Non-Profit, Social Service, or Community Based Organization",2026-08-21
AK,100,Statewide Independent Living Council,141702.7,NONPROFIT_CBO,No,Implementation | Spark Technology and Innovation | Statewide,Yes,No,FY2026 (Year 1),Alaska RHTP Awards Notice 2026 - Notice of Intent to Award,https://health.alaska.gov/media/tcvker5a/ak_rhtp_awardsnotice_2026.xlsx,NOTICE_OF_INTENT_TO_AWARD,MODEL_ASSISTED,AI-assisted - CONFIRM,,,,,"Non-Profit, Social Service, or Community Based Organization",HIGH,AMOUNT_PRELIMINARY,NON_HOSPITAL,No,"The state's own Organization Type field states 'Non-Profit, Social Service, or Community Based Organization'. §10.2 NON_HOSPITAL: the named recipient is not a hospital (§0.3a -- judged on the recipient, not the activity), and the source does not mention hospitals anywhere in the funded work. Source: Alaska DOH's rolling RHTP award notice (sheet 'Notice of Intent to Award'), project BP1-IA-319, notified 2026-08-21. The amount is published as preliminary and the document is a notice of intent to award, not a notice of award.",data/evidence/AK/2026-08-28_ak_rhtp_awardsnotice_2026.xlsx,https://health.alaska.gov/media/tcvker5a/ak_rhtp_awardsnotice_2026.xlsx,PER_PROJECT,PRELIMINARY_AS_PUBLISHED,INTENT_TO_AWARD,STATE_ORG_TYPE,Spark Technology and Innovation,BP1-IA-319,Implementation,Spark Technology and Innovation,AI Assistive Technology Needs Assessment Tool,"The Statewide Independent Living Council of Alaska proposes to develop an artificial-intelligence assistive technology needs assessment tool that matches people to devices based on their functional needs, preferences, and home environment, connects users to additional resources including possible funding pathways, and addresses a shortage of qualified assessors that leaves rural Alaskans with disabilities, chronic conditions, and aging-related needs unable to obtain technology suited to their lives across rural, remote, and frontier communities statewide.",Statewide,"Non-Profit, Social Service, or Community Based Organization",2026-08-21
AK,101,Sunshine Community Health Center,792431,FQHC_OR_RHC,No,Implementation | Strengthen Workforce | Statewide,Yes,No,FY2026 (Year 1),Alaska RHTP Awards Notice 2026 - Notice of Intent to Award,https://health.alaska.gov/media/tcvker5a/ak_rhtp_awardsnotice_2026.xlsx,NOTICE_OF_INTENT_TO_AWARD,MODEL_ASSISTED,AI-assisted - CONFIRM,,,,,"Clinic; Family medicine or primary care; Federally qualified health center; Non-Profit, Social Service, or Community Based Organization",HIGH,AMOUNT_PRELIMINARY,NON_HOSPITAL,No,"The state's own Organization Type field states 'Federally qualified health center'. §10.2 NON_HOSPITAL: the named recipient is not a hospital (§0.3a -- judged on the recipient, not the activity), and the source does not mention hospitals anywhere in the funded work. Source: Alaska DOH's rolling RHTP award notice (sheet 'Notice of Intent to Award'), project BP1-IA-324, notified 2026-08-21. The amount is published as preliminary and the document is a notice of intent to award, not a notice of award.",data/evidence/AK/2026-08-28_ak_rhtp_awardsnotice_2026.xlsx,https://health.alaska.gov/media/tcvker5a/ak_rhtp_awardsnotice_2026.xlsx,PER_PROJECT,PRELIMINARY_AS_PUBLISHED,INTENT_TO_AWARD,STATE_ORG_TYPE,Strengthen Workforce,BP1-IA-324,Implementation,Strengthen Workforce,Mat-Su Rural Teaching Health Center: Denali Family Medicine Residency Program Development,"Sunshine Community Health Center proposes to develop a community-based Family Medicine Residency Program, addressing Alaska’s critical shortage of rural primary care physicians by building a permanent, self-sustaining physician workforce pipeline in the Mat-Su Borough.",Statewide,"Clinic; Family medicine or primary care; Federally qualified health center; Non-Profit, Social Service, or Community Based Organization",2026-08-21
AK,102,Tanana Chiefs Conference,1625408,FQHC_OR_RHC,No,Implementation | Healthy Communities | Denali Borough; Fairbanks North Star Borough; North Slope Borough; Southeast Fairbanks Census Area; Yukon-Koyukuk Census Area,Yes,No,FY2026 (Year 1),Alaska RHTP Awards Notice 2026 - Notice of Intent to Award,https://health.alaska.gov/media/tcvker5a/ak_rhtp_awardsnotice_2026.xlsx,NOTICE_OF_INTENT_TO_AWARD,MODEL_ASSISTED,AI-assisted - CONFIRM,,,,,Federally qualified health center; Tribal Health Organization,HIGH,RECIPIENT_TYPE_VARIES_IN_SOURCE,NON_HOSPITAL,No,"The state's own Organization Type field states 'Federally qualified health center'. §10.2 NON_HOSPITAL: the named recipient is not a hospital (§0.3a -- judged on the recipient, not the activity), and the source does not mention hospitals anywhere in the funded work. Source: Alaska DOH's rolling RHTP award notice (sheet 'Notice of Intent to Award'), project BP1-IA-331, notified 2026-08-21. The amount is published as preliminary and the document is a notice of intent to award, not a notice of award. NOTE: Alaska's Organization Type field gives this recipient a different organisational form on another of its own projects (FQHC_OR_RHC / TRIBAL_ORG). The per-row value is kept as the state published it and is not harmonised; a reviewer resolves which form the entity has.",data/evidence/AK/2026-08-28_ak_rhtp_awardsnotice_2026.xlsx,https://health.alaska.gov/media/tcvker5a/ak_rhtp_awardsnotice_2026.xlsx,PER_PROJECT,PRELIMINARY_AS_PUBLISHED,INTENT_TO_AWARD,STATE_ORG_TYPE,Healthy Communities,BP1-IA-331,Implementation,Healthy Communities,"Strong Traditions, Healthy Communities: Lifestyle & Preventive Medicine Initiative","Tanana Chiefs Conference proposes an integrated Lifestyle Medicine and Clinical Prevention model to strengthen prevention and improve early detection. The project addresses high burdens of chronic disease and cancer, low screening rates, and barriers to care across the TCC region. Built from within TCC in response to community-identified needs, the initiative redesigns preventive care delivery and expands access to lifestyle medicine grounded in locally tailored, community-driven approaches that reflect rural health priorities focused on prevention, wellness, and healthy communities.",Denali Borough; Fairbanks North Star Borough; North Slope Borough; Southeast Fairbanks Census Area; Yukon-Koyukuk Census Area,Federally qualified health center; Tribal Health Organization,2026-08-21
AK,103,Tanana Chiefs Conference,927247,FQHC_OR_RHC,No,Implementation | Healthy Beginnings | Denali Borough; Fairbanks North Star Borough; North Slope Borough; Southeast Fairbanks Census Area; Yukon-Koyukuk Census Area,Yes,No,FY2026 (Year 1),Alaska RHTP Awards Notice 2026 - Notice of Intent to Award,https://health.alaska.gov/media/tcvker5a/ak_rhtp_awardsnotice_2026.xlsx,NOTICE_OF_INTENT_TO_AWARD,MODEL_ASSISTED,AI-assisted - CONFIRM,,,,,Federally qualified health center; Tribal Health Organization,HIGH,RECIPIENT_TYPE_VARIES_IN_SOURCE,NON_HOSPITAL,No,"The state's own Organization Type field states 'Federally qualified health center'. §10.2 NON_HOSPITAL: the named recipient is not a hospital (§0.3a -- judged on the recipient, not the activity), and the source does not mention hospitals anywhere in the funded work. Source: Alaska DOH's rolling RHTP award notice (sheet 'Notice of Intent to Award'), project BP1-IA-329, notified 2026-08-21. The amount is published as preliminary and the document is a notice of intent to award, not a notice of award. NOTE: Alaska's Organization Type field gives this recipient a different organisational form on another of its own projects (FQHC_OR_RHC / TRIBAL_ORG). The per-row value is kept as the state published it and is not harmonised; a reviewer resolves which form the entity has.",data/evidence/AK/2026-08-28_ak_rhtp_awardsnotice_2026.xlsx,https://health.alaska.gov/media/tcvker5a/ak_rhtp_awardsnotice_2026.xlsx,PER_PROJECT,PRELIMINARY_AS_PUBLISHED,INTENT_TO_AWARD,STATE_ORG_TYPE,Healthy Beginnings,BP1-IA-329,Implementation,Healthy Beginnings,Healthy Beginnings: Comprehensive Prenatal & Postpartum Care for Alaska Native Families,"Tanana Chiefs Conference proposes implementing the Healthy Beginnings program to provide prenatal education, doula labor support, lactation services, parenting education, home visits, and coordinated maternal-infant care that address gaps in pregnancy, birth, and postpartum support for Alaska Native families, including those from remote villages, across 32 rural Interior Alaska communities.",Denali Borough; Fairbanks North Star Borough; North Slope Borough; Southeast Fairbanks Census Area; Yukon-Koyukuk Census Area,Federally qualified health center; Tribal Health Organization,2026-08-21
AK,104,The Greater Fairbanks Community Hospital Foundation,16009453.33,HOSPITAL_OR_SYSTEM,Yes,Implementation | Pay for Value | Denali Borough; Fairbanks North Star Borough; Southeast Fairbanks Census Area; Yukon-Koyukuk Census Area,Yes,No,FY2026 (Year 1),Alaska RHTP Awards Notice 2026 - Notice of Intent to Award,https://health.alaska.gov/media/tcvker5a/ak_rhtp_awardsnotice_2026.xlsx,NOTICE_OF_INTENT_TO_AWARD,MODEL_ASSISTED,AI-assisted - CONFIRM,,,,,Family medicine or primary care; Hospital (all types),HIGH,AMOUNT_PRELIMINARY,DIRECT,Yes,"The state's own Organization Type field states 'Hospital (all types)'. §10.2 DIRECT: the named recipient is a hospital or hospital system and the state's award document names both the recipient and the amount. Source: Alaska DOH's rolling RHTP award notice (sheet 'Notice of Intent to Award'), project BP1-IA-339, notified 2026-08-21. The amount is published as preliminary and the document is a notice of intent to award, not a notice of award.",data/evidence/AK/2026-08-28_ak_rhtp_awardsnotice_2026.xlsx,https://health.alaska.gov/media/tcvker5a/ak_rhtp_awardsnotice_2026.xlsx,PER_PROJECT,PRELIMINARY_AS_PUBLISHED,INTENT_TO_AWARD,STATE_ORG_TYPE,Pay for Value,BP1-IA-339,Implementation,Pay for Value,"Team-Based, Value-Driven Primary Care Transformation in Interior Alaska","Foundation Health Partners proposes to transform the primary care system in Interior Alaska from an overburdened physician-centric fragmented, and reactive model to a patient-centered, coordinated, team based, technology enabled system that delivers timely, preventive, and continuous care for rural and frontier residents. The project will develop the clinic, IT, data and workforce infrastructure, and core competencies necessary for long-term participation in value-based care arrangements.",Denali Borough; Fairbanks North Star Borough; Southeast Fairbanks Census Area; Yukon-Koyukuk Census Area,Family medicine or primary care; Hospital (all types),2026-08-21
AK,105,Yukon-Koyukuk School District,525450,SCHOOL_OR_DISTRICT,No,Implementation | Strengthen Workforce | Copper River Census Area; Denali Borough; Fairbanks North Star Borough; Yukon-Koyukuk Census Area,Yes,No,FY2026 (Year 1),Alaska RHTP Awards Notice 2026 - Notice of Intent to Award,https://health.alaska.gov/media/tcvker5a/ak_rhtp_awardsnotice_2026.xlsx,NOTICE_OF_INTENT_TO_AWARD,MODEL_ASSISTED,AI-assisted - CONFIRM,,,,,Education organization (Not public university in Alaska),HIGH,AMOUNT_PRELIMINARY,NON_HOSPITAL,No,"The state's own Organization Type field states 'Education organization (Not public university in Alaska)'. §10.2 NON_HOSPITAL: the named recipient is not a hospital (§0.3a -- judged on the recipient, not the activity), and the source does not mention hospitals anywhere in the funded work. Source: Alaska DOH's rolling RHTP award notice (sheet 'Notice of Intent to Award'), project BP1-IA-355, notified 2026-08-21. The amount is published as preliminary and the document is a notice of intent to award, not a notice of award.",data/evidence/AK/2026-08-28_ak_rhtp_awardsnotice_2026.xlsx,https://health.alaska.gov/media/tcvker5a/ak_rhtp_awardsnotice_2026.xlsx,PER_PROJECT,PRELIMINARY_AS_PUBLISHED,INTENT_TO_AWARD,STATE_ORG_TYPE,Strengthen Workforce,BP1-IA-355,Implementation,Strengthen Workforce,Pathways for Alaska's Technical Healthcare Careers,"Yukon Koyukuk School District proposes implementing dual healthcare career pathways in Certified Nurse Aide training and remote patient monitoring support to address healthcare workforce shortages, limited local care capacity, and growing telehealth needs in rural Alaska. The project serves high school students and healthcare partners across Yukon Koyukuk School District, YKSD partner school districts and communities, strengthening access to healthcare training and technology-enabled care support.",Copper River Census Area; Denali Borough; Fairbanks North Star Borough; Yukon-Koyukuk Census Area,Education organization (Not public university in Alaska),2026-08-21
AK,106,Alaska Primary Care Association,862939,NONPROFIT_CBO,No,Implementation | Pay for Value | Anchorage (Municipality); Denali Borough; Kenai Peninsula Borough; Kodiak Island Borough; Matanuska-Susitna Borough,Yes,No,FY2026 (Year 1),Alaska RHTP Awards Notice 2026 - Notice of Intent to Award,https://health.alaska.gov/media/tcvker5a/ak_rhtp_awardsnotice_2026.xlsx,NOTICE_OF_INTENT_TO_AWARD,MODEL_ASSISTED,AI-assisted - CONFIRM,,,,,Association,MEDIUM,AMOUNT_PRELIMINARY,NON_HOSPITAL,No,"The state's own Organization Type field states 'Association'. §10.2 NON_HOSPITAL: the named recipient is not a hospital (§0.3a -- judged on the recipient, not the activity), and the source does not mention hospitals anywhere in the funded work. Source: Alaska DOH's rolling RHTP award notice (sheet 'Notice of Intent to Award'), project BP1-IA-039, notified 2026-08-14. The amount is published as preliminary and the document is a notice of intent to award, not a notice of award.",data/evidence/AK/2026-08-28_ak_rhtp_awardsnotice_2026.xlsx,https://health.alaska.gov/media/tcvker5a/ak_rhtp_awardsnotice_2026.xlsx,PER_PROJECT,PRELIMINARY_AS_PUBLISHED,INTENT_TO_AWARD,STATE_ORG_TYPE,Pay for Value,BP1-IA-039,Implementation,Pay for Value,Community Health Led Medicaid Value Initiative,"The Community Health Led Value Initiative will transform community health centers into a strong primary care–led value platform for Alaska Medicaid. By combining team-based care, coordinated outreach, expanded access, and shared data infrastructure, the initiative will reduce avoidable utilization, improve chronic disease outcomes, and create an accountable, sustainable model of care for Medicaid patients throughout Alaska.",Anchorage (Municipality); Denali Borough; Kenai Peninsula Borough; Kodiak Island Borough; Matanuska-Susitna Borough,Association,2026-08-14
AK,107,Chugachmiut,2016025,TRIBAL_ORG,No,Implementation | Health Care Access | Chugach Census Area; Kenai Peninsula Borough,Yes,No,FY2026 (Year 1),Alaska RHTP Awards Notice 2026 - Notice of Intent to Award,https://health.alaska.gov/media/tcvker5a/ak_rhtp_awardsnotice_2026.xlsx,NOTICE_OF_INTENT_TO_AWARD,MODEL_ASSISTED,AI-assisted - CONFIRM,,,,,Behavioral health/substance use disorder treatment; Tribal Health Organization,HIGH,AMOUNT_PRELIMINARY,NON_HOSPITAL,No,"The state's own Organization Type field states 'Tribal Health Organization'. §10.2 NON_HOSPITAL: the named recipient is not a hospital (§0.3a -- judged on the recipient, not the activity), and the source does not mention hospitals anywhere in the funded work. Source: Alaska DOH's rolling RHTP award notice (sheet 'Notice of Intent to Award'), project BP1-IA-087, notified 2026-08-14. The amount is published as preliminary and the document is a notice of intent to award, not a notice of award.",data/evidence/AK/2026-08-28_ak_rhtp_awardsnotice_2026.xlsx,https://health.alaska.gov/media/tcvker5a/ak_rhtp_awardsnotice_2026.xlsx,PER_PROJECT,PRELIMINARY_AS_PUBLISHED,INTENT_TO_AWARD,STATE_ORG_TYPE,Health Care Access,BP1-IA-087,Implementation,Health Care Access,Expanding Rural Access to Comprehensive Behavioral Health Services,"Chugachmiut proposes the development and implementation of a comprehensive program for the Chugach region and State of Alaska that provides psychological and neurological assessments, autism services, fetal alcohol spectrum disorder assessments, peri natal services, therapy services, and case management support, thereby expanding and localizing access to specialized behavioral health services for rural communities by providing telehealth and in-person clinical services, allowing families to receive timely evaluations, treatment planning, and follow-up care locally.",Chugach Census Area; Kenai Peninsula Borough,Behavioral health/substance use disorder treatment; Tribal Health Organization,2026-08-14
AK,108,Chugachmiut,259820.8,TRIBAL_ORG,No,Implementation | Health Care Access | Chugach Census Area; Kenai Peninsula Borough,Yes,No,FY2026 (Year 1),Alaska RHTP Awards Notice 2026 - Notice of Intent to Award,https://health.alaska.gov/media/tcvker5a/ak_rhtp_awardsnotice_2026.xlsx,NOTICE_OF_INTENT_TO_AWARD,MODEL_ASSISTED,AI-assisted - CONFIRM,,,,,Dental; Tribal Health Organization,HIGH,AMOUNT_PRELIMINARY,NON_HOSPITAL,No,"The state's own Organization Type field states 'Tribal Health Organization'. §10.2 NON_HOSPITAL: the named recipient is not a hospital (§0.3a -- judged on the recipient, not the activity), and the source does not mention hospitals anywhere in the funded work. Source: Alaska DOH's rolling RHTP award notice (sheet 'Notice of Intent to Award'), project BP1-IA-091, notified 2026-08-14. The amount is published as preliminary and the document is a notice of intent to award, not a notice of award.",data/evidence/AK/2026-08-28_ak_rhtp_awardsnotice_2026.xlsx,https://health.alaska.gov/media/tcvker5a/ak_rhtp_awardsnotice_2026.xlsx,PER_PROJECT,PRELIMINARY_AS_PUBLISHED,INTENT_TO_AWARD,STATE_ORG_TYPE,Health Care Access,BP1-IA-091,Implementation,Health Care Access,Strengthening Rural Alaska Dental Access Through In-Clinic Digital Dentistry,"Chugachmiut proposes to expand restorative dental services by implementing digital dental scanning and in-clinic 3D printing technology across four clinics in the Chugach Region, addressing treatment delays, laboratory dependence, and travel barriers that limit timely access to custom dental appliances for residents of rural and remote Alaska communities.",Chugach Census Area; Kenai Peninsula Borough,Dental; Tribal Health Organization,2026-08-14
AK,109,Chugachmiut,67290.33,TRIBAL_ORG,No,Implementation | Health Care Access | Chugach Census Area; Kenai Peninsula Borough,Yes,No,FY2026 (Year 1),Alaska RHTP Awards Notice 2026 - Notice of Intent to Award,https://health.alaska.gov/media/tcvker5a/ak_rhtp_awardsnotice_2026.xlsx,NOTICE_OF_INTENT_TO_AWARD,MODEL_ASSISTED,AI-assisted - CONFIRM,,,,,Dental; Tribal Health Organization,HIGH,AMOUNT_PRELIMINARY,NON_HOSPITAL,No,"The state's own Organization Type field states 'Tribal Health Organization'. §10.2 NON_HOSPITAL: the named recipient is not a hospital (§0.3a -- judged on the recipient, not the activity), and the source does not mention hospitals anywhere in the funded work. Source: Alaska DOH's rolling RHTP award notice (sheet 'Notice of Intent to Award'), project BP1-IA-092, notified 2026-08-14. The amount is published as preliminary and the document is a notice of intent to award, not a notice of award.",data/evidence/AK/2026-08-28_ak_rhtp_awardsnotice_2026.xlsx,https://health.alaska.gov/media/tcvker5a/ak_rhtp_awardsnotice_2026.xlsx,PER_PROJECT,PRELIMINARY_AS_PUBLISHED,INTENT_TO_AWARD,STATE_ORG_TYPE,Health Care Access,BP1-IA-092,Implementation,Health Care Access,Strengthening Rural Dental Care with Advanced 3D Imaging,"Chugachmiut proposes to implement advanced 3D dental imaging services at the Chugachmiut Regional Health Center in Seward to address limited access to diagnostic imaging for rural residents of the Chugach Region. Patients currently travel outside the region for cone beam computed tomography (CBCT) imaging needed for complex dental diagnosis and treatment planning. The project will expand local access to specialty dental diagnostics for rural, remote, and frontier Alaska communities.",Chugach Census Area; Kenai Peninsula Borough,Dental; Tribal Health Organization,2026-08-14
AK,110,Interior AIDS Association,42627,NONPROFIT_CBO,No,Implementation | Health Care Access | Fairbanks North Star Borough,Yes,No,FY2026 (Year 1),Alaska RHTP Awards Notice 2026 - Notice of Intent to Award,https://health.alaska.gov/media/tcvker5a/ak_rhtp_awardsnotice_2026.xlsx,NOTICE_OF_INTENT_TO_AWARD,MODEL_ASSISTED,AI-assisted - CONFIRM,,,,,"Behavioral health/substance use disorder treatment; Non-Profit, Social Service, or Community Based Organization",HIGH,AMOUNT_PRELIMINARY,NON_HOSPITAL,No,"The state's own Organization Type field states 'Non-Profit, Social Service, or Community Based Organization'. §10.2 NON_HOSPITAL: the named recipient is not a hospital (§0.3a -- judged on the recipient, not the activity), and the source does not mention hospitals anywhere in the funded work. Source: Alaska DOH's rolling RHTP award notice (sheet 'Notice of Intent to Award'), project BP1-IA-160, notified 2026-08-14. The amount is published as preliminary and the document is a notice of intent to award, not a notice of award.",data/evidence/AK/2026-08-28_ak_rhtp_awardsnotice_2026.xlsx,https://health.alaska.gov/media/tcvker5a/ak_rhtp_awardsnotice_2026.xlsx,PER_PROJECT,PRELIMINARY_AS_PUBLISHED,INTENT_TO_AWARD,STATE_ORG_TYPE,Health Care Access,BP1-IA-160,Implementation,Health Care Access,Hepatitis C Confirmation Test Machine,"The Interior AIDS Association proposes to purchase a medical testing device that will provide a confirmed Hepatitis C diagnosis. The problem that this machine solves is that Hepatitis C positive test confirmations are expensive and hard to access in the Fairbanks North Star Borough, especially for people we serve who have active SUD and who may not have a primary care provider or insurance.",Fairbanks North Star Borough,"Behavioral health/substance use disorder treatment; Non-Profit, Social Service, or Community Based Organization",2026-08-14
AK,111,Interior Community Health Center,128987,FQHC_OR_RHC,No,Implementation | Health Care Access | Denali Borough; Fairbanks North Star Borough,Yes,No,FY2026 (Year 1),Alaska RHTP Awards Notice 2026 - Notice of Intent to Award,https://health.alaska.gov/media/tcvker5a/ak_rhtp_awardsnotice_2026.xlsx,NOTICE_OF_INTENT_TO_AWARD,MODEL_ASSISTED,AI-assisted - CONFIRM,,,,,"Behavioral health/substance use disorder treatment; Clinic; Dental; Family medicine or primary care; Federally qualified health center; Non-Profit, Social Service, or Community Based Organization",HIGH,AMOUNT_PRELIMINARY,NON_HOSPITAL,No,"The state's own Organization Type field states 'Federally qualified health center'. §10.2 NON_HOSPITAL: the named recipient is not a hospital (§0.3a -- judged on the recipient, not the activity), and the source does not mention hospitals anywhere in the funded work. Source: Alaska DOH's rolling RHTP award notice (sheet 'Notice of Intent to Award'), project BP1-IA-163, notified 2026-08-14. The amount is published as preliminary and the document is a notice of intent to award, not a notice of award.",data/evidence/AK/2026-08-28_ak_rhtp_awardsnotice_2026.xlsx,https://health.alaska.gov/media/tcvker5a/ak_rhtp_awardsnotice_2026.xlsx,PER_PROJECT,PRELIMINARY_AS_PUBLISHED,INTENT_TO_AWARD,STATE_ORG_TYPE,Health Care Access,BP1-IA-163,Implementation,Health Care Access,Increase access to low-cost medications for Interior Community Health Center patients who are living in poverty.,"Interior Community Health Center (ICHC), a Federally Qualified Health Center (FQHC), located in Fairbanks, within the Fairbanks North Star Borough (FNSB), a hub to the surrounding Denali Borough, Southeast Fairbanks Census Area and Yukon-Koyukuk Census Area. In 2025, ICHC saw 2,361 people living at or below 200% of poverty, with a significant number unable to fill their prescriptions due to the cost. ICHC proposes to address this barrier by expanding its 340B Drug Pricing Program to give patients access to discounted medications.",Denali Borough; Fairbanks North Star Borough,"Behavioral health/substance use disorder treatment; Clinic; Dental; Family medicine or primary care; Federally qualified health center; Non-Profit, Social Service, or Community Based Organization",2026-08-14
AK,112,Ketchikan Wellness Coalition,350000,SCHOOL_OR_DISTRICT,No,Implementation | Healthy Communities | Ketchikan Gateway Borough; Prince of Wales-Hyder Census Area,Yes,No,FY2026 (Year 1),Alaska RHTP Awards Notice 2026 - Notice of Intent to Award,https://health.alaska.gov/media/tcvker5a/ak_rhtp_awardsnotice_2026.xlsx,NOTICE_OF_INTENT_TO_AWARD,MODEL_ASSISTED,AI-assisted - CONFIRM,,,,,"Education organization (Not public university in Alaska); Home-and-community-based services provider; Non-Profit, Social Service, or Community Based Organization",HIGH,AMOUNT_PRELIMINARY,NON_HOSPITAL,No,"The state's own Organization Type field states 'Education organization (Not public university in Alaska)'. §10.2 NON_HOSPITAL: the named recipient is not a hospital (§0.3a -- judged on the recipient, not the activity), and the source does not mention hospitals anywhere in the funded work. Source: Alaska DOH's rolling RHTP award notice (sheet 'Notice of Intent to Award'), project BP1-IA-179, notified 2026-08-14. The amount is published as preliminary and the document is a notice of intent to award, not a notice of award.",data/evidence/AK/2026-08-28_ak_rhtp_awardsnotice_2026.xlsx,https://health.alaska.gov/media/tcvker5a/ak_rhtp_awardsnotice_2026.xlsx,PER_PROJECT,PRELIMINARY_AS_PUBLISHED,INTENT_TO_AWARD,STATE_ORG_TYPE,Healthy Communities,BP1-IA-179,Implementation,Healthy Communities,Malasakit Matters: Filipino Healthy Community Project,"Ketchikan Wellness Coalition proposes to add two Community Health Workers, activate 30 youth (age 15 to 19 years) as health advocates, and create an archive to inform approaches to Filipino health and access. Many rural Filipino households are shaped by ""pakikisama"", a cultural value that uses silence to show respect at the expense of self-advocacy. Youth, using storytelling as a vehicle, break through the silence to increase trust while building the archive of community health knowledge. The project will reach 500 elder residents of Ketchikan Gateway Borough and Prince of Wales annually.",Ketchikan Gateway Borough; Prince of Wales-Hyder Census Area,"Education organization (Not public university in Alaska); Home-and-community-based services provider; Non-Profit, Social Service, or Community Based Organization",2026-08-14
AK,113,Maniilaq Association,430000,HOSPITAL_OR_SYSTEM,Yes,Implementation | Spark Technology and Innovation | North Slope Borough; Northwest Arctic Borough,Yes,No,FY2026 (Year 1),Alaska RHTP Awards Notice 2026 - Notice of Intent to Award,https://health.alaska.gov/media/tcvker5a/ak_rhtp_awardsnotice_2026.xlsx,NOTICE_OF_INTENT_TO_AWARD,MODEL_ASSISTED,AI-assisted - CONFIRM,,,,,"Behavioral health/substance use disorder treatment; Clinic; Federally qualified health center; Home-and-community-based services provider; Hospital (all types); Non-Profit, Social Service, or Community Based Organization; Tribal Health Organization",HIGH,AMOUNT_PRELIMINARY,DIRECT,Yes,"The state's own Organization Type field states 'Hospital (all types)'. §10.2 DIRECT: the named recipient is a hospital or hospital system and the state's award document names both the recipient and the amount. Source: Alaska DOH's rolling RHTP award notice (sheet 'Notice of Intent to Award'), project BP1-IA-194, notified 2026-08-14. The amount is published as preliminary and the document is a notice of intent to award, not a notice of award.",data/evidence/AK/2026-08-28_ak_rhtp_awardsnotice_2026.xlsx,https://health.alaska.gov/media/tcvker5a/ak_rhtp_awardsnotice_2026.xlsx,PER_PROJECT,PRELIMINARY_AS_PUBLISHED,INTENT_TO_AWARD,STATE_ORG_TYPE,Spark Technology and Innovation,BP1-IA-194,Implementation,Spark Technology and Innovation,Maniilaq Association Behavioral Health AI Clinical Documentation,"Maniilaq Association Behavioral Health AI Clinical Documentation project proposes the adoption of an AI-enabled integrated behavioral technology platform that will reduce administrative documentation burdens and improve services and efficiency of their provision for the people in the Maniilaq Service Area, a remote roadless area in northwest Alaska. Most notably, the documentation burden has been cited as a driver of therapist turnover.",North Slope Borough; Northwest Arctic Borough,"Behavioral health/substance use disorder treatment; Clinic; Federally qualified health center; Home-and-community-based services provider; Hospital (all types); Non-Profit, Social Service, or Community Based Organization; Tribal Health Organization",2026-08-14
AK,114,Maniilaq Association,1151900,HOSPITAL_OR_SYSTEM,Yes,Implementation | Spark Technology and Innovation | North Slope Borough; Northwest Arctic Borough,Yes,No,FY2026 (Year 1),Alaska RHTP Awards Notice 2026 - Notice of Intent to Award,https://health.alaska.gov/media/tcvker5a/ak_rhtp_awardsnotice_2026.xlsx,NOTICE_OF_INTENT_TO_AWARD,MODEL_ASSISTED,AI-assisted - CONFIRM,,,,,"Behavioral health/substance use disorder treatment; Clinic; Dental; Emergency Medical Services; Federally qualified health center; Home-and-community-based services provider; Hospital (all types); Non-Profit, Social Service, or Community Based Organization; Pharmacy; Tribal Health Organization",HIGH,AMOUNT_PRELIMINARY,DIRECT,Yes,"The state's own Organization Type field states 'Hospital (all types)'. §10.2 DIRECT: the named recipient is a hospital or hospital system and the state's award document names both the recipient and the amount. Source: Alaska DOH's rolling RHTP award notice (sheet 'Notice of Intent to Award'), project BP1-IA-197, notified 2026-08-14. The amount is published as preliminary and the document is a notice of intent to award, not a notice of award.",data/evidence/AK/2026-08-28_ak_rhtp_awardsnotice_2026.xlsx,https://health.alaska.gov/media/tcvker5a/ak_rhtp_awardsnotice_2026.xlsx,PER_PROJECT,PRELIMINARY_AS_PUBLISHED,INTENT_TO_AWARD,STATE_ORG_TYPE,Spark Technology and Innovation,BP1-IA-197,Implementation,Spark Technology and Innovation,Maniilaq Association Modernizing of Health IT Infrastructure,"Maniilaq Association proposes modernizing its IT infrastructure to provide upgraded computing power and high-quality data transmission for remote and roadless Northwest Arctic Alaska. High-speed networking switches and upgraded compute platforms (servers) will support Maniilaq Health Center EHR systems and telemedicine. For the Maniilaq service region, it is essential to connect patients to providers without the need for costly air travel. These upgrades improve participation in health information exchanges, allow for adoption of new technologies, and support advanced cybersecurity.",North Slope Borough; Northwest Arctic Borough,"Behavioral health/substance use disorder treatment; Clinic; Dental; Emergency Medical Services; Federally qualified health center; Home-and-community-based services provider; Hospital (all types); Non-Profit, Social Service, or Community Based Organization; Pharmacy; Tribal Health Organization",2026-08-14
AK,115,"Mat-Su Health Services, Inc.",967641.74,FQHC_OR_RHC,No,Implementation | Spark Technology and Innovation | Matanuska-Susitna Borough,Yes,No,FY2026 (Year 1),Alaska RHTP Awards Notice 2026 - Notice of Intent to Award,https://health.alaska.gov/media/tcvker5a/ak_rhtp_awardsnotice_2026.xlsx,NOTICE_OF_INTENT_TO_AWARD,MODEL_ASSISTED,AI-assisted - CONFIRM,,,,,"Behavioral health/substance use disorder treatment; Clinic; Dental; Family medicine or primary care; Federally qualified health center; Non-Profit, Social Service, or Community Based Organization; Specialist",HIGH,AMOUNT_PRELIMINARY,NON_HOSPITAL,No,"The state's own Organization Type field states 'Federally qualified health center'. §10.2 NON_HOSPITAL: the named recipient is not a hospital (§0.3a -- judged on the recipient, not the activity), and the source does not mention hospitals anywhere in the funded work. Source: Alaska DOH's rolling RHTP award notice (sheet 'Notice of Intent to Award'), project BP1-IA-201, notified 2026-08-14. The amount is published as preliminary and the document is a notice of intent to award, not a notice of award.",data/evidence/AK/2026-08-28_ak_rhtp_awardsnotice_2026.xlsx,https://health.alaska.gov/media/tcvker5a/ak_rhtp_awardsnotice_2026.xlsx,PER_PROJECT,PRELIMINARY_AS_PUBLISHED,INTENT_TO_AWARD,STATE_ORG_TYPE,Spark Technology and Innovation,BP1-IA-201,Implementation,Spark Technology and Innovation,Mat-Su Health Services Rural Health Transformation Project Phase I,"Mat-Su Health Services proposes modernizing health care technology infrastructure, expanding telehealth services, implementing remote vision care, and building workforce capacity, addressing geographic barriers, workforce shortages, and limited access to specialty services for residents of the Matanuska-Susitna Valley and rural Alaska.",Matanuska-Susitna Borough,"Behavioral health/substance use disorder treatment; Clinic; Dental; Family medicine or primary care; Federally qualified health center; Non-Profit, Social Service, or Community Based Organization; Specialist",2026-08-14
AK,116,Norton Sound Health Corporation,4978914,HOSPITAL_OR_SYSTEM,Yes,Implementation | Spark Technology and Innovation | Nome Census Area,Yes,No,FY2026 (Year 1),Alaska RHTP Awards Notice 2026 - Notice of Intent to Award,https://health.alaska.gov/media/tcvker5a/ak_rhtp_awardsnotice_2026.xlsx,NOTICE_OF_INTENT_TO_AWARD,MODEL_ASSISTED,AI-assisted - CONFIRM,,,,,"Behavioral health/substance use disorder treatment; Clinic; Dental; Emergency Medical Services; Family medicine or primary care; Federally qualified health center; Home-and-community-based services provider; Hospital (all types); Maternal health; Non-Profit, Social Service, or Community Based Organization; Pharmacy; Specialist; Tribal Health Organization",HIGH,AMOUNT_PRELIMINARY,DIRECT,Yes,"The state's own Organization Type field states 'Hospital (all types)'. §10.2 DIRECT: the named recipient is a hospital or hospital system and the state's award document names both the recipient and the amount. Source: Alaska DOH's rolling RHTP award notice (sheet 'Notice of Intent to Award'), project BP1-IA-234, notified 2026-08-14. The amount is published as preliminary and the document is a notice of intent to award, not a notice of award.",data/evidence/AK/2026-08-28_ak_rhtp_awardsnotice_2026.xlsx,https://health.alaska.gov/media/tcvker5a/ak_rhtp_awardsnotice_2026.xlsx,PER_PROJECT,PRELIMINARY_AS_PUBLISHED,INTENT_TO_AWARD,STATE_ORG_TYPE,Spark Technology and Innovation,BP1-IA-234,Implementation,Spark Technology and Innovation,New Computers/Servers for Norton Sound Health Corporation,"Norton Sound Health Corporation proposes installing modern core data storage, high-speed routing networks, and clinical workstations to replace end-of-life IT infrastructure that threatens system reliability and patient data security across fifteen remote village clinics and the regional hub of Nome.",Nome Census Area,"Behavioral health/substance use disorder treatment; Clinic; Dental; Emergency Medical Services; Family medicine or primary care; Federally qualified health center; Home-and-community-based services provider; Hospital (all types); Maternal health; Non-Profit, Social Service, or Community Based Organization; Pharmacy; Specialist; Tribal Health Organization",2026-08-14
AK,117,Norton Sound Health Corporation,364764.4,HOSPITAL_OR_SYSTEM,Yes,Implementation | Health Care Access | Nome Census Area,Yes,No,FY2026 (Year 1),Alaska RHTP Awards Notice 2026 - Notice of Intent to Award,https://health.alaska.gov/media/tcvker5a/ak_rhtp_awardsnotice_2026.xlsx,NOTICE_OF_INTENT_TO_AWARD,MODEL_ASSISTED,AI-assisted - CONFIRM,,,,,"Behavioral health/substance use disorder treatment; Clinic; Education organization (Not public university in Alaska); Family medicine or primary care; Federally qualified health center; Home-and-community-based services provider; Hospital (all types); Maternal health; Non-Profit, Social Service, or Community Based Organization; Organizations providing health technology solutions; Tribal Health Organization",HIGH,AMOUNT_PRELIMINARY,DIRECT,Yes,"The state's own Organization Type field states 'Hospital (all types)'. §10.2 DIRECT: the named recipient is a hospital or hospital system and the state's award document names both the recipient and the amount. Source: Alaska DOH's rolling RHTP award notice (sheet 'Notice of Intent to Award'), project BP1-IA-235, notified 2026-08-14. The amount is published as preliminary and the document is a notice of intent to award, not a notice of award.",data/evidence/AK/2026-08-28_ak_rhtp_awardsnotice_2026.xlsx,https://health.alaska.gov/media/tcvker5a/ak_rhtp_awardsnotice_2026.xlsx,PER_PROJECT,PRELIMINARY_AS_PUBLISHED,INTENT_TO_AWARD,STATE_ORG_TYPE,Health Care Access,BP1-IA-235,Implementation,Health Care Access,Behavioral Health Integration and Care,"Norton Sound Health Corporation proposes integrating behavioral health services into primary care settings by hiring specialized clinicians and implementing universal screening protocols. This addresses the fragmented delivery system and long wait times for mental health services, ensuring residents of the Norton Sound region receive immediate, coordinated access to both behavioral and physical health care.",Nome Census Area,"Behavioral health/substance use disorder treatment; Clinic; Education organization (Not public university in Alaska); Family medicine or primary care; Federally qualified health center; Home-and-community-based services provider; Hospital (all types); Maternal health; Non-Profit, Social Service, or Community Based Organization; Organizations providing health technology solutions; Tribal Health Organization",2026-08-14
AK,118,Providence Health & Services- Washington,1086793.17,HOSPITAL_OR_SYSTEM,Yes,Implementation | Healthy Beginnings | Kenai Peninsula Borough,Yes,No,FY2026 (Year 1),Alaska RHTP Awards Notice 2026 - Notice of Intent to Award,https://health.alaska.gov/media/tcvker5a/ak_rhtp_awardsnotice_2026.xlsx,NOTICE_OF_INTENT_TO_AWARD,MODEL_ASSISTED,AI-assisted - CONFIRM,,,,,Family medicine or primary care; Hospital (all types); Maternal health,HIGH,RECIPIENT_TYPE_VARIES_IN_SOURCE,DIRECT,Yes,"The state's own Organization Type field states 'Hospital (all types)'. §10.2 DIRECT: the named recipient is a hospital or hospital system and the state's award document names both the recipient and the amount. Source: Alaska DOH's rolling RHTP award notice (sheet 'Notice of Intent to Award'), project BP1-IA-264, notified 2026-08-14. The amount is published as preliminary and the document is a notice of intent to award, not a notice of award. NOTE: Alaska's Organization Type field gives this recipient a different organisational form on another of its own projects (HOSPITAL_OR_SYSTEM / NONPROFIT_CBO). The per-row value is kept as the state published it and is not harmonised; a reviewer resolves which form the entity has.",data/evidence/AK/2026-08-28_ak_rhtp_awardsnotice_2026.xlsx,https://health.alaska.gov/media/tcvker5a/ak_rhtp_awardsnotice_2026.xlsx,PER_PROJECT,PRELIMINARY_AS_PUBLISHED,INTENT_TO_AWARD,STATE_ORG_TYPE,Healthy Beginnings,BP1-IA-264,Implementation,Healthy Beginnings,Advanced Prenatal Access - Implementing a Hybrid Obstetric Access Model in Seward and Anchorage,"Providence Health & Services – Washington proposes to establish a maternal telehealth and pregnancy monitoring program for Seward and surrounding communities. In conjunction with Providence Seward Medical Center and Providence Alaska Medical Center, the project will expand access to pregnancy care through telehealth consultations, fetal monitoring, ultrasound services, and care coordination for pregnant individuals who currently face significant travel, weather, and geographic barriers to obtaining obstetric and specialty care.",Kenai Peninsula Borough,Family medicine or primary care; Hospital (all types); Maternal health,2026-08-14
AK,119,Providence Health & Services- Washington,871718.47,HOSPITAL_OR_SYSTEM,Yes,Implementation | Pay for Value | Statewide,Yes,No,FY2026 (Year 1),Alaska RHTP Awards Notice 2026 - Notice of Intent to Award,https://health.alaska.gov/media/tcvker5a/ak_rhtp_awardsnotice_2026.xlsx,NOTICE_OF_INTENT_TO_AWARD,MODEL_ASSISTED,AI-assisted - CONFIRM,,,,,Behavioral health/substance use disorder treatment; Clinic; Emergency Medical Services; Family medicine or primary care; Hospital (all types); Maternal health; Pharmacy,HIGH,RECIPIENT_TYPE_VARIES_IN_SOURCE,DIRECT,Yes,"The state's own Organization Type field states 'Hospital (all types)'. §10.2 DIRECT: the named recipient is a hospital or hospital system and the state's award document names both the recipient and the amount. Source: Alaska DOH's rolling RHTP award notice (sheet 'Notice of Intent to Award'), project BP1-IA-266, notified 2026-08-14. The amount is published as preliminary and the document is a notice of intent to award, not a notice of award. NOTE: Alaska's Organization Type field gives this recipient a different organisational form on another of its own projects (HOSPITAL_OR_SYSTEM / NONPROFIT_CBO). The per-row value is kept as the state published it and is not harmonised; a reviewer resolves which form the entity has.",data/evidence/AK/2026-08-28_ak_rhtp_awardsnotice_2026.xlsx,https://health.alaska.gov/media/tcvker5a/ak_rhtp_awardsnotice_2026.xlsx,PER_PROJECT,PRELIMINARY_AS_PUBLISHED,INTENT_TO_AWARD,STATE_ORG_TYPE,Pay for Value,BP1-IA-266,Implementation,Pay for Value,Dual-Eligible Value-Based Care (VBC) Model Design and Readiness Initiative,"Providence Health & Services – Washington proposes to design a provider-led, statewide value-based care framework for Alaska’s dual-eligible population. The project addresses fragmented Medicare-Medicaid financing, rising costs, avoidable utilization, and care coordination barriers affecting rural Alaskans with complex needs. The analytic, payment-design, and implementation roadmap will be built to support future voluntary alternative payment models and integrated care arrangements.",Statewide,Behavioral health/substance use disorder treatment; Clinic; Emergency Medical Services; Family medicine or primary care; Hospital (all types); Maternal health; Pharmacy,2026-08-14
AK,120,Railbelt Mental Health & Addictions,51992.33,NONPROFIT_CBO,No,Implementation | Spark Technology and Innovation | Denali Borough; Yukon-Koyukuk Census Area,Yes,No,FY2026 (Year 1),Alaska RHTP Awards Notice 2026 - Notice of Intent to Award,https://health.alaska.gov/media/tcvker5a/ak_rhtp_awardsnotice_2026.xlsx,NOTICE_OF_INTENT_TO_AWARD,MODEL_ASSISTED,AI-assisted - CONFIRM,,,,,Behavioral health/substance use disorder treatment,LOW,RECIPIENT_TYPE_INFERRED,NON_HOSPITAL,No,"The state's Organization Type field names only a service line (Behavioral health/substance use disorder treatment) and no organisational form; §8 settled fallback (session 10). §10.2 NON_HOSPITAL: the named recipient is not a hospital (§0.3a -- judged on the recipient, not the activity), and the source does not mention hospitals anywhere in the funded work. Source: Alaska DOH's rolling RHTP award notice (sheet 'Notice of Intent to Award'), project BP1-IA-277, notified 2026-08-14. The amount is published as preliminary and the document is a notice of intent to award, not a notice of award.",data/evidence/AK/2026-08-28_ak_rhtp_awardsnotice_2026.xlsx,https://health.alaska.gov/media/tcvker5a/ak_rhtp_awardsnotice_2026.xlsx,PER_PROJECT,PRELIMINARY_AS_PUBLISHED,INTENT_TO_AWARD,FALLBACK,Spark Technology and Innovation,BP1-IA-277,Implementation,Spark Technology and Innovation,Technology Upgrades,"Railbelt Mental Health and Addictions proposes modernizing and expanding telehealth, technology, and data infrastructure to address outdated systems that limit service delivery, workforce efficiency, and access to care for rural residents across Nenana and the Denali Borough service area, spanning approximately 150 road miles along the Parks Highway.",Denali Borough; Yukon-Koyukuk Census Area,Behavioral health/substance use disorder treatment,2026-08-14
AK,121,South Peninsula Hospital,220481,HOSPITAL_OR_SYSTEM,Yes,Implementation | Spark Technology and Innovation | Kenai Peninsula Borough,Yes,No,FY2026 (Year 1),Alaska RHTP Awards Notice 2026 - Notice of Intent to Award,https://health.alaska.gov/media/tcvker5a/ak_rhtp_awardsnotice_2026.xlsx,NOTICE_OF_INTENT_TO_AWARD,MODEL_ASSISTED,AI-assisted - CONFIRM,,,,,Hospital (all types),HIGH,AMOUNT_PRELIMINARY,DIRECT,Yes,"The state's own Organization Type field states 'Hospital (all types)'. §10.2 DIRECT: the named recipient is a hospital or hospital system and the state's award document names both the recipient and the amount. Source: Alaska DOH's rolling RHTP award notice (sheet 'Notice of Intent to Award'), project BP1-IA-297, notified 2026-08-14. The amount is published as preliminary and the document is a notice of intent to award, not a notice of award.",data/evidence/AK/2026-08-28_ak_rhtp_awardsnotice_2026.xlsx,https://health.alaska.gov/media/tcvker5a/ak_rhtp_awardsnotice_2026.xlsx,PER_PROJECT,PRELIMINARY_AS_PUBLISHED,INTENT_TO_AWARD,STATE_ORG_TYPE,Spark Technology and Innovation,BP1-IA-297,Implementation,Spark Technology and Innovation,Modernize and Automate Medication Dispensing for Safety and Efficiency,"South Peninsula Hospital proposes to launch a project to implement an automated medication dispensing system fully integrated with its Epic EHR in the SPH Pharmacy, which serves the 17,000 rural residents of the southern Kenai Peninsula. Currently, SPH relies heavily on manual processes and dated systems, which limit the scalability as SPH seeks to expand specialty services (such as infusion) to meet growing needs. AMDS will improve medication safety, streamline pharmacy workflows, reduce drug errors and waste, and position SPH to increase healthcare access and quality in our rural region.",Kenai Peninsula Borough,Hospital (all types),2026-08-14
AK,122,Southcentral Foundation,1547223,FQHC_OR_RHC,No,Implementation | Health Care Access | Aleutians West Census Area; Anchorage (Municipality); Copper River Census Area that; Kenai Peninsula Borough; Lake and Peninsula Borough; Matanuska-Susitna Borough; Yukon-Koyukuk Census Area,Yes,No,FY2026 (Year 1),Alaska RHTP Awards Notice 2026 - Notice of Intent to Award,https://health.alaska.gov/media/tcvker5a/ak_rhtp_awardsnotice_2026.xlsx,NOTICE_OF_INTENT_TO_AWARD,MODEL_ASSISTED,AI-assisted - CONFIRM,,,,,"Clinic; Federally qualified health center; Non-Profit, Social Service, or Community Based Organization; Pharmacy; Tribal Health Organization",HIGH,RECIPIENT_TYPE_VARIES_IN_SOURCE,NON_HOSPITAL,No,"The state's own Organization Type field states 'Federally qualified health center'. §10.2 NON_HOSPITAL: the named recipient is not a hospital (§0.3a -- judged on the recipient, not the activity), and the source does not mention hospitals anywhere in the funded work. Source: Alaska DOH's rolling RHTP award notice (sheet 'Notice of Intent to Award'), project BP1-IA-305, notified 2026-08-14. The amount is published as preliminary and the document is a notice of intent to award, not a notice of award. NOTE: Alaska's Organization Type field gives this recipient a different organisational form on another of its own projects (FQHC_OR_RHC / TRIBAL_ORG). The per-row value is kept as the state published it and is not harmonised; a reviewer resolves which form the entity has.",data/evidence/AK/2026-08-28_ak_rhtp_awardsnotice_2026.xlsx,https://health.alaska.gov/media/tcvker5a/ak_rhtp_awardsnotice_2026.xlsx,PER_PROJECT,PRELIMINARY_AS_PUBLISHED,INTENT_TO_AWARD,STATE_ORG_TYPE,Health Care Access,BP1-IA-305,Implementation,Health Care Access,Rural Pharmacy Upgrade,"Southcentral Foundation (SCF) proposes to improve pharmacy facilities and replace outdated secure, pharmacy-monitored, medicine-dispensing units (called “PickPoints”) in 14 rural clinics from Chitina to St. Paul, bringing SCF’s telepharmacies into functional alignment with security, software, and environmental needs, and making any minor modification necessary to ensure security, safety, and connectivity.",Aleutians West Census Area; Anchorage (Municipality); Copper River Census Area that; Kenai Peninsula Borough; Lake and Peninsula Borough; Matanuska-Susitna Borough; Yukon-Koyukuk Census Area,"Clinic; Federally qualified health center; Non-Profit, Social Service, or Community Based Organization; Pharmacy; Tribal Health Organization",2026-08-14
AK,123,Special Olympics Alaska Inc,331115.61,NONPROFIT_CBO,No,Implementation | Healthy Communities | Statewide,Yes,No,FY2026 (Year 1),Alaska RHTP Awards Notice 2026 - Notice of Intent to Award,https://health.alaska.gov/media/tcvker5a/ak_rhtp_awardsnotice_2026.xlsx,NOTICE_OF_INTENT_TO_AWARD,MODEL_ASSISTED,AI-assisted - CONFIRM,,,,,"Non-Profit, Social Service, or Community Based Organization",HIGH,AMOUNT_PRELIMINARY,NON_HOSPITAL,No,"The state's own Organization Type field states 'Non-Profit, Social Service, or Community Based Organization'. §10.2 NON_HOSPITAL: the named recipient is not a hospital (§0.3a -- judged on the recipient, not the activity), and the source does not mention hospitals anywhere in the funded work. Source: Alaska DOH's rolling RHTP award notice (sheet 'Notice of Intent to Award'), project BP1-IA-318, notified 2026-08-14. The amount is published as preliminary and the document is a notice of intent to award, not a notice of award.",data/evidence/AK/2026-08-28_ak_rhtp_awardsnotice_2026.xlsx,https://health.alaska.gov/media/tcvker5a/ak_rhtp_awardsnotice_2026.xlsx,PER_PROJECT,PRELIMINARY_AS_PUBLISHED,INTENT_TO_AWARD,STATE_ORG_TYPE,Healthy Communities,BP1-IA-318,Implementation,Healthy Communities,Inclusive Healthcare for Individuals with Intellectual Disabilities - Phase 1,"Special Olympics Alaska proposes to expand health screenings, train community health workers, and provide in-state neurological screening events to address limited preventive and specialty care for people with intellectual and developmental disabilities in rural and remote Alaska.",Statewide,"Non-Profit, Social Service, or Community Based Organization",2026-08-14
AK,124,Tanana Chiefs Conference,608672,FQHC_OR_RHC,No,Implementation | Health Care Access | Denali Borough; Fairbanks North Star Borough; Nome Census Area; Southeast Fairbanks Census Area; Yukon-Koyukuk Census Area,Yes,No,FY2026 (Year 1),Alaska RHTP Awards Notice 2026 - Notice of Intent to Award,https://health.alaska.gov/media/tcvker5a/ak_rhtp_awardsnotice_2026.xlsx,NOTICE_OF_INTENT_TO_AWARD,MODEL_ASSISTED,AI-assisted - CONFIRM,,,,,Federally qualified health center; Tribal Health Organization,HIGH,RECIPIENT_TYPE_VARIES_IN_SOURCE,NON_HOSPITAL,No,"The state's own Organization Type field states 'Federally qualified health center'. §10.2 NON_HOSPITAL: the named recipient is not a hospital (§0.3a -- judged on the recipient, not the activity), and the source does not mention hospitals anywhere in the funded work. Source: Alaska DOH's rolling RHTP award notice (sheet 'Notice of Intent to Award'), project BP1-IA-332, notified 2026-08-14. The amount is published as preliminary and the document is a notice of intent to award, not a notice of award. NOTE: Alaska's Organization Type field gives this recipient a different organisational form on another of its own projects (FQHC_OR_RHC / TRIBAL_ORG). The per-row value is kept as the state published it and is not harmonised; a reviewer resolves which form the entity has.",data/evidence/AK/2026-08-28_ak_rhtp_awardsnotice_2026.xlsx,https://health.alaska.gov/media/tcvker5a/ak_rhtp_awardsnotice_2026.xlsx,PER_PROJECT,PRELIMINARY_AS_PUBLISHED,INTENT_TO_AWARD,STATE_ORG_TYPE,Health Care Access,BP1-IA-332,Implementation,Health Care Access,Village and Home Based Culturally Grounded End of Life Care,"Tanana Chiefs Conference (TCC) proposes to strengthen access, quality and sustainability of palliative and end-of-life care to address the lack of local support identified in a 2024 TCC Annual Convention Resolution. This will enable seriously ill Elders in the Yukon Koyukuk, Yukon Tanana, Yukon Flats, and Upper Tanana subregions to remain in their home villages with trained caregivers, coordinated care teams, and palliative care services aligned with their goals.",Denali Borough; Fairbanks North Star Borough; Nome Census Area; Southeast Fairbanks Census Area; Yukon-Koyukuk Census Area,Federally qualified health center; Tribal Health Organization,2026-08-14
AK,125,Whale Tail Pharmacy,341274,NONPROFIT_CBO,No,Implementation | Health Care Access | Prince of Wales-Hyder Census Area,Yes,No,FY2026 (Year 1),Alaska RHTP Awards Notice 2026 - Notice of Intent to Award,https://health.alaska.gov/media/tcvker5a/ak_rhtp_awardsnotice_2026.xlsx,NOTICE_OF_INTENT_TO_AWARD,MODEL_ASSISTED,AI-assisted - CONFIRM,,,,,Pharmacy,LOW,RECIPIENT_TYPE_INFERRED,IN_KIND_BENEFIT,Yes,"The state's Organization Type field names only a service line (Pharmacy) and no organisational form; §8 settled fallback (session 10). §10.2 IN_KIND_BENEFIT: the recipient is not a hospital and keeps the funds, and the source names hospitals among the parties the funded work serves. These dollars must never enter a 'funds distributed to hospitals' total; they are kept visible rather than discarded. Source: Alaska DOH's rolling RHTP award notice (sheet 'Notice of Intent to Award'), project BP1-IA-351, notified 2026-08-14. The amount is published as preliminary and the document is a notice of intent to award, not a notice of award.",data/evidence/AK/2026-08-28_ak_rhtp_awardsnotice_2026.xlsx,https://health.alaska.gov/media/tcvker5a/ak_rhtp_awardsnotice_2026.xlsx,PER_PROJECT,PRELIMINARY_AS_PUBLISHED,INTENT_TO_AWARD,FALLBACK,Health Care Access,BP1-IA-351,Implementation,Health Care Access,Bridging Gaps and Expanding Access Through Community Pharmacy-Based Care for Remote Patients,"Whale Tail Pharmacy proposes to establish eight community pharmacy-based health programs — including remote chronic disease monitoring, point-of-care testing, medication packaging, and transition of care support — to address the numerous healthcare needs and gaps in care on Prince of Wales Island, a roadless island in Southeast Alaska serving approximately 5,000 residents across 12 communities with no hospital, no home health nor long-term care, and limited physician access.",Prince of Wales-Hyder Census Area,Pharmacy,2026-08-14
AK,126,White's Incorporated,18980,NONPROFIT_CBO,No,Implementation | Health Care Access | Sitka (City and Borough),Yes,No,FY2026 (Year 1),Alaska RHTP Awards Notice 2026 - Notice of Intent to Award,https://health.alaska.gov/media/tcvker5a/ak_rhtp_awardsnotice_2026.xlsx,NOTICE_OF_INTENT_TO_AWARD,MODEL_ASSISTED,AI-assisted - CONFIRM,,,,,Pharmacy,LOW,RECIPIENT_TYPE_INFERRED,NON_HOSPITAL,No,"The state's Organization Type field names only a service line (Pharmacy) and no organisational form; §8 settled fallback (session 10). §10.2 NON_HOSPITAL: the named recipient is not a hospital (§0.3a -- judged on the recipient, not the activity), and the source does not mention hospitals anywhere in the funded work. Source: Alaska DOH's rolling RHTP award notice (sheet 'Notice of Intent to Award'), project BP1-IA-352, notified 2026-08-14. The amount is published as preliminary and the document is a notice of intent to award, not a notice of award.",data/evidence/AK/2026-08-28_ak_rhtp_awardsnotice_2026.xlsx,https://health.alaska.gov/media/tcvker5a/ak_rhtp_awardsnotice_2026.xlsx,PER_PROJECT,PRELIMINARY_AS_PUBLISHED,INTENT_TO_AWARD,FALLBACK,Health Care Access,BP1-IA-352,Implementation,Health Care Access,After Hours Access to Pharmaceuticals,White's Inc proposes to purchase and install a Pharmaself24 medication cabinet at 106 Lincoln Street in Sitka to improve access to medication therapy for those unable to reach the pharmacy during normal operating hours. This will help to serve the population of Sitka and the surrounding local islands.,Sitka (City and Borough),Pharmacy,2026-08-14
AK,127,"Alaska Psychiatric Institute, Department of Family & Community Services",300000,STATE_AGENCY,No,Implementation | Spark Technology and Innovation | Statewide,Yes,No,FY2026 (Year 1),Alaska RHTP Awards Notice 2026 - Notice of Intent to Award,https://health.alaska.gov/media/tcvker5a/ak_rhtp_awardsnotice_2026.xlsx,NOTICE_OF_INTENT_TO_AWARD,MODEL_ASSISTED,AI-assisted - CONFIRM,,,,,State Agency,HIGH,AMOUNT_PRELIMINARY,NON_HOSPITAL,No,"The state's own Organization Type field states 'State Agency'. §10.2 NON_HOSPITAL: the named recipient is not a hospital (§0.3a -- judged on the recipient, not the activity), and the source does not mention hospitals anywhere in the funded work. Source: Alaska DOH's rolling RHTP award notice (sheet 'Notice of Intent to Award'), project BP1-INT-07, notified 2026-08-14. The amount is published as preliminary and the document is a notice of intent to award, not a notice of award.",data/evidence/AK/2026-08-28_ak_rhtp_awardsnotice_2026.xlsx,https://health.alaska.gov/media/tcvker5a/ak_rhtp_awardsnotice_2026.xlsx,PER_PROJECT,PRELIMINARY_AS_PUBLISHED,INTENT_TO_AWARD,STATE_ORG_TYPE,Spark Technology and Innovation,BP1-INT-07,Implementation,Spark Technology and Innovation,Alaska Psychiatric Institute Electronic Medical Record (EMR) Improvements,"Alaska Psychiatric Insitute (API) proposes to upgrade its EMR which will strengthen secure exchange of health information with partner providers and improve continuity of care for individuals receiving services at API, including those returning to rural and underserved communities throughout Alaska.",Statewide,State Agency,2026-08-14
AK,128,"Division of Juvenile Justice, Department of Family & Community Services",180000,STATE_AGENCY,No,Implementation | Spark Technology and Innovation | Statewide,Yes,No,FY2026 (Year 1),Alaska RHTP Awards Notice 2026 - Notice of Intent to Award,https://health.alaska.gov/media/tcvker5a/ak_rhtp_awardsnotice_2026.xlsx,NOTICE_OF_INTENT_TO_AWARD,MODEL_ASSISTED,AI-assisted - CONFIRM,,,,,State Agency,HIGH,AMOUNT_PRELIMINARY,NON_HOSPITAL,No,"The state's own Organization Type field states 'State Agency'. §10.2 NON_HOSPITAL: the named recipient is not a hospital (§0.3a -- judged on the recipient, not the activity), and the source does not mention hospitals anywhere in the funded work. Source: Alaska DOH's rolling RHTP award notice (sheet 'Notice of Intent to Award'), project BP1-INT-09, notified 2026-08-14. The amount is published as preliminary and the document is a notice of intent to award, not a notice of award.",data/evidence/AK/2026-08-28_ak_rhtp_awardsnotice_2026.xlsx,https://health.alaska.gov/media/tcvker5a/ak_rhtp_awardsnotice_2026.xlsx,PER_PROJECT,PRELIMINARY_AS_PUBLISHED,INTENT_TO_AWARD,STATE_ORG_TYPE,Spark Technology and Innovation,BP1-INT-09,Implementation,Spark Technology and Innovation,Division of Juvenile Justice (DJJ) Electronic Health Record,"The Division of Juvenile Justice (DJJ) prooses to upgrade to a cloud based EHR that will improve quality, continuity, and coordination of healthcare services for justice-involved youth by providing secure, real-time access to critical medical and behavioral health information as well as sharing information.",Statewide,State Agency,2026-08-14
AK,129,"Office of Children's Services, Department of Family & Community Services",2985000,STATE_AGENCY,No,Implementation | Spark Technology and Innovation | Statewide,Yes,No,FY2026 (Year 1),Alaska RHTP Awards Notice 2026 - Notice of Intent to Award,https://health.alaska.gov/media/tcvker5a/ak_rhtp_awardsnotice_2026.xlsx,NOTICE_OF_INTENT_TO_AWARD,MODEL_ASSISTED,AI-assisted - CONFIRM,,,,,State Agency,HIGH,AMOUNT_PRELIMINARY,NON_HOSPITAL,No,"The state's own Organization Type field states 'State Agency'. §10.2 NON_HOSPITAL: the named recipient is not a hospital (§0.3a -- judged on the recipient, not the activity), and the source does not mention hospitals anywhere in the funded work. Source: Alaska DOH's rolling RHTP award notice (sheet 'Notice of Intent to Award'), project BP1-INT-10, notified 2026-08-14. The amount is published as preliminary and the document is a notice of intent to award, not a notice of award.",data/evidence/AK/2026-08-28_ak_rhtp_awardsnotice_2026.xlsx,https://health.alaska.gov/media/tcvker5a/ak_rhtp_awardsnotice_2026.xlsx,PER_PROJECT,PRELIMINARY_AS_PUBLISHED,INTENT_TO_AWARD,STATE_ORG_TYPE,Spark Technology and Innovation,BP1-INT-10,Implementation,Spark Technology and Innovation,Alaska Comprehensive Child Welfare Information System (CCWIS) Project,"The Office of Children's Services proposes to modernize the Comprehensive Child Welfare Information System (CCWIS) . CCWIS modernization is especially consequential for Alaska’s rural and remote communities, where families are served across vast distances, limited connectivity, and a dispersed network of providers, regional hubs, and tribal partners. This investment is designed to provide lasting value beyond the initial RHTP performance period by advancing a modular CCWIS that integrates with existing State of Alaska systems and is built to federal design and interoperability standards.",Statewide,State Agency,2026-08-14
AK,130,Department of Corrections,3882015.88,STATE_AGENCY,No,Implementation | Health Care Access | Statewide,Yes,No,FY2026 (Year 1),Alaska RHTP Awards Notice 2026 - Notice of Intent to Award,https://health.alaska.gov/media/tcvker5a/ak_rhtp_awardsnotice_2026.xlsx,NOTICE_OF_INTENT_TO_AWARD,MODEL_ASSISTED,AI-assisted - CONFIRM,,,,,State Agency,HIGH,AMOUNT_PRELIMINARY,NON_HOSPITAL,No,"The state's own Organization Type field states 'State Agency'. §10.2 NON_HOSPITAL: the named recipient is not a hospital (§0.3a -- judged on the recipient, not the activity), and the source does not mention hospitals anywhere in the funded work. Source: Alaska DOH's rolling RHTP award notice (sheet 'Notice of Intent to Award'), project BP1-INT-11, notified 2026-08-14. The amount is published as preliminary and the document is a notice of intent to award, not a notice of award.",data/evidence/AK/2026-08-28_ak_rhtp_awardsnotice_2026.xlsx,https://health.alaska.gov/media/tcvker5a/ak_rhtp_awardsnotice_2026.xlsx,PER_PROJECT,PRELIMINARY_AS_PUBLISHED,INTENT_TO_AWARD,STATE_ORG_TYPE,Health Care Access,BP1-INT-11,Implementation,Health Care Access,Strengthening Alaska’s Correctional Health System Through Virtual Care,"The Department of Corrections (DOC) proposes to implement telemedicine and teledental equipment across correctional facilities. This expansion connects incarcerated Alaskans with healthcare providers in their home communities and across the state, improving continuity of care both during incarceration and after release. Many individuals enter custody with untreated chronic medical and mental health conditions; by introducing them to telehealth services and establishing relationships with community-based providers, DOC supports smoother transitions to care upon reentry.",Statewide,State Agency,2026-08-14
AK,131,"Office of Children's Services, Department of Family & Community Services",2000000,STATE_AGENCY,No,Implementation | Health Care Access | Statewide,Yes,No,FY2026 (Year 1),Alaska RHTP Awards Notice 2026 - Notice of Intent to Award,https://health.alaska.gov/media/tcvker5a/ak_rhtp_awardsnotice_2026.xlsx,NOTICE_OF_INTENT_TO_AWARD,MODEL_ASSISTED,AI-assisted - CONFIRM,,,,,State Agency,HIGH,AMOUNT_PRELIMINARY,NON_HOSPITAL,No,"The state's own Organization Type field states 'State Agency'. §10.2 NON_HOSPITAL: the named recipient is not a hospital (§0.3a -- judged on the recipient, not the activity), and the source does not mention hospitals anywhere in the funded work. Source: Alaska DOH's rolling RHTP award notice (sheet 'Notice of Intent to Award'), project BP1-INT-13, notified 2026-08-14. The amount is published as preliminary and the document is a notice of intent to award, not a notice of award.",data/evidence/AK/2026-08-28_ak_rhtp_awardsnotice_2026.xlsx,https://health.alaska.gov/media/tcvker5a/ak_rhtp_awardsnotice_2026.xlsx,PER_PROJECT,PRELIMINARY_AS_PUBLISHED,INTENT_TO_AWARD,STATE_ORG_TYPE,Health Care Access,BP1-INT-13,Implementation,Health Care Access,Alaska Child Welfare Referral Process Improvement Project,"The Office of Children's Services (OCS) proposes investing in a bridge solution that works with Alaska's existing systems and the health information exchange to close gaps now, while remaining compatible with the future Comprehensive Child Welfare Information System (CCWIS).",Statewide,State Agency,2026-08-14
AK,132,Department of Corrections,242000,STATE_AGENCY,No,Implementation | Healthy Communities | Statewide,Yes,No,FY2026 (Year 1),Alaska RHTP Awards Notice 2026 - Notice of Intent to Award,https://health.alaska.gov/media/tcvker5a/ak_rhtp_awardsnotice_2026.xlsx,NOTICE_OF_INTENT_TO_AWARD,MODEL_ASSISTED,AI-assisted - CONFIRM,,,,,State Agency,HIGH,AMOUNT_PRELIMINARY,NON_HOSPITAL,No,"The state's own Organization Type field states 'State Agency'. §10.2 NON_HOSPITAL: the named recipient is not a hospital (§0.3a -- judged on the recipient, not the activity), and the source does not mention hospitals anywhere in the funded work. Source: Alaska DOH's rolling RHTP award notice (sheet 'Notice of Intent to Award'), project BP1-INT-16, notified 2026-08-14. The amount is published as preliminary and the document is a notice of intent to award, not a notice of award.",data/evidence/AK/2026-08-28_ak_rhtp_awardsnotice_2026.xlsx,https://health.alaska.gov/media/tcvker5a/ak_rhtp_awardsnotice_2026.xlsx,PER_PROJECT,PRELIMINARY_AS_PUBLISHED,INTENT_TO_AWARD,STATE_ORG_TYPE,Healthy Communities,BP1-INT-16,Implementation,Healthy Communities,Engaging in the Health Information System to Improve Care Coordination for Rural Alaskans,"The Department of Corrections (DOC) proposes to integrate its electronic medical records with Alaska’s Health Information Exchange and Prescription Drug Monitoring Program to strengthen care transitions as individuals move between DOC and rural community providers. This will address gaps in care coordination, incomplete medical histories, and limited visibility into controlled substance use for incarcerated Alaskans across remote communities. These gaps disproportionately impact rural Alaskans, who rely heavily on continuity of care across Tribal, regional, and local health systems.",Statewide,State Agency,2026-08-14
AK,133,University of Alaska Anchorage,487022,UNIVERSITY_OR_AHC,No,Implementation | Strengthen Workforce | Statewide,Yes,No,FY2026 (Year 1),Alaska RHTP Awards Notice 2026 - Notice of Intent to Award,https://health.alaska.gov/media/tcvker5a/ak_rhtp_awardsnotice_2026.xlsx,NOTICE_OF_INTENT_TO_AWARD,MODEL_ASSISTED,AI-assisted - CONFIRM,,,,,University,HIGH,AMOUNT_PRELIMINARY,NON_HOSPITAL,No,"The state's own Organization Type field states 'University'. §10.2 NON_HOSPITAL: the named recipient is not a hospital (§0.3a -- judged on the recipient, not the activity), and the source does not mention hospitals anywhere in the funded work. Source: Alaska DOH's rolling RHTP award notice (sheet 'Notice of Intent to Award'), project BP1-INT-21, notified 2026-08-14. The amount is published as preliminary and the document is a notice of intent to award, not a notice of award.",data/evidence/AK/2026-08-28_ak_rhtp_awardsnotice_2026.xlsx,https://health.alaska.gov/media/tcvker5a/ak_rhtp_awardsnotice_2026.xlsx,PER_PROJECT,PRELIMINARY_AS_PUBLISHED,INTENT_TO_AWARD,STATE_ORG_TYPE,Strengthen Workforce,BP1-INT-21,Implementation,Strengthen Workforce,Alaska Graduate Medical Education (AKGME) Council: Building Alaska's Rural Physician Workforce Infrastructure,"The University of Alaska Anchorage, College of Health, Area Health Education Centers (AHEC) proposes establishing the Alaska Graduate Medical Education Council to coordinate physician residency training, support healthcare organizations in developing training programs, strengthen faculty and preceptor capacity, and assess physician workforce needs, addressing Alaska's shortage of residency training opportunities and physicians across rural, remote, frontier, and underserved communities statewide.",Statewide,University,2026-08-14
AK,134,Department of Education and Early Development,1150000,STATE_AGENCY,No,Implementation | Healthy Beginnings | Statewide,Yes,No,FY2026 (Year 1),Alaska RHTP Awards Notice 2026 - Notice of Intent to Award,https://health.alaska.gov/media/tcvker5a/ak_rhtp_awardsnotice_2026.xlsx,NOTICE_OF_INTENT_TO_AWARD,MODEL_ASSISTED,AI-assisted - CONFIRM,,,,,State Agency,HIGH,AMOUNT_PRELIMINARY,NON_HOSPITAL,No,"The state's own Organization Type field states 'State Agency'. §10.2 NON_HOSPITAL: the named recipient is not a hospital (§0.3a -- judged on the recipient, not the activity), and the source does not mention hospitals anywhere in the funded work. Source: Alaska DOH's rolling RHTP award notice (sheet 'Notice of Intent to Award'), project BP1-INT-22, notified 2026-08-14. The amount is published as preliminary and the document is a notice of intent to award, not a notice of award.",data/evidence/AK/2026-08-28_ak_rhtp_awardsnotice_2026.xlsx,https://health.alaska.gov/media/tcvker5a/ak_rhtp_awardsnotice_2026.xlsx,PER_PROJECT,PRELIMINARY_AS_PUBLISHED,INTENT_TO_AWARD,STATE_ORG_TYPE,Healthy Beginnings,BP1-INT-22,Implementation,Healthy Beginnings,Alaska Presidential Physical Fitness Testing (APPFT),The Alaska Department of Education & Early Development (DEED) proposes providing funding to Alaska School Districts to implement the Presidential Physical Fitness test.,Statewide,State Agency,2026-08-14
AK,135,University of Alaska Fairbanks - Community and Technical College,987204.7,UNIVERSITY_OR_AHC,No,Implementation | Strengthen Workforce | Statewide,Yes,No,FY2026 (Year 1),Alaska RHTP Awards Notice 2026 - Notice of Intent to Award,https://health.alaska.gov/media/tcvker5a/ak_rhtp_awardsnotice_2026.xlsx,NOTICE_OF_INTENT_TO_AWARD,MODEL_ASSISTED,AI-assisted - CONFIRM,,,,,University,HIGH,AMOUNT_PRELIMINARY,NON_HOSPITAL,No,"The state's own Organization Type field states 'University'. §10.2 NON_HOSPITAL: the named recipient is not a hospital (§0.3a -- judged on the recipient, not the activity), and the source does not mention hospitals anywhere in the funded work. Source: Alaska DOH's rolling RHTP award notice (sheet 'Notice of Intent to Award'), project BP1-INT-23, notified 2026-08-14. The amount is published as preliminary and the document is a notice of intent to award, not a notice of award.",data/evidence/AK/2026-08-28_ak_rhtp_awardsnotice_2026.xlsx,https://health.alaska.gov/media/tcvker5a/ak_rhtp_awardsnotice_2026.xlsx,PER_PROJECT,PRELIMINARY_AS_PUBLISHED,INTENT_TO_AWARD,STATE_ORG_TYPE,Strengthen Workforce,BP1-INT-23,Implementation,Strengthen Workforce,Alaska Immersive Training Project,"The University of Alaska Fairbanks Community and Technical College proposes to expand healthcare workforce training by deploying mobile and fixed immersive simulation systems serving rural Alaska. The project addresses limited access to clinical training caused by geographic isolation, low patient volumes, and shortages of specialty training opportunities. Immersive learning environments will provide realistic patient care scenarios and hands-on skills practice for emergency medical personnel, nurses, community health aides, and other healthcare workers in rural communities throughout Alaska.",Statewide,University,2026-08-14
AK,136,Alaska Eating Disorders Alliance,317111,NONPROFIT_CBO,No,Planning | Strengthen Workforce | Statewide,Yes,No,FY2026 (Year 1),Alaska RHTP Awards Notice 2026 - Notice of Intent to Award,https://health.alaska.gov/media/tcvker5a/ak_rhtp_awardsnotice_2026.xlsx,NOTICE_OF_INTENT_TO_AWARD,MODEL_ASSISTED,AI-assisted - CONFIRM,,,,,"Non-Profit, Social Service, or Community Based Organization",HIGH,AMOUNT_PRELIMINARY,NON_HOSPITAL,No,"The state's own Organization Type field states 'Non-Profit, Social Service, or Community Based Organization'. §10.2 NON_HOSPITAL: the named recipient is not a hospital (§0.3a -- judged on the recipient, not the activity), and the source does not mention hospitals anywhere in the funded work. Source: Alaska DOH's rolling RHTP award notice (sheet 'Notice of Intent to Award'), project BP1-PL-001, notified 2026-08-14. The amount is published as preliminary and the document is a notice of intent to award, not a notice of award.",data/evidence/AK/2026-08-28_ak_rhtp_awardsnotice_2026.xlsx,https://health.alaska.gov/media/tcvker5a/ak_rhtp_awardsnotice_2026.xlsx,PER_PROJECT,PRELIMINARY_AS_PUBLISHED,INTENT_TO_AWARD,STATE_ORG_TYPE,Strengthen Workforce,BP1-PL-001,Planning,Strengthen Workforce,Eating Disorders Workforce Development and Interdisciplinary Training Infrastructure Initiative,"Alaska Eating Disorders Alliance (AKEDA) proposes a 12-month planning and early implementation phase to develop a statewide interdisciplinary workforce training infrastructure for eating disorder identification and treatment, in partnership with UAA College of Health. Activities include a mixed-methods workforce needs assessment, identification of continuing education opportunities, establishment of an interdisciplinary advisory structure, and exploration of a graduate-level training pathway. The initiative addresses a critical statewide gap: Alaska has no dedicated eating disorder care and no coordinated training pathways for an estimated 65,000 Alaskans living with eating disorders.",Statewide,"Non-Profit, Social Service, or Community Based Organization",2026-08-14
AK,137,Alaska Hospital & Healthcare Association,249958.4,NONPROFIT_CBO,No,Planning | Strengthen Workforce | Anchorage (Municipality); Bethel Census Area; Bristol Bay Borough; Chugach Census Area; Dillingham Census Area; Fairbanks North Star Borough; Hoonah-Angoon Census Area; Juneau (City and Borough); Kenai Peninsula Borough; Ketchikan Gateway Borough; Kodiak Island Borough; Matanuska-Susitna Borough; Nome Census Area; North Slope Borough; Northwest Arctic Borough; Petersburg Borough; Sitka (City and Borough); Wrangell (City and Borough); Yukon-Koyukuk Census Area,Yes,No,FY2026 (Year 1),Alaska RHTP Awards Notice 2026 - Notice of Intent to Award,https://health.alaska.gov/media/tcvker5a/ak_rhtp_awardsnotice_2026.xlsx,NOTICE_OF_INTENT_TO_AWARD,MODEL_ASSISTED,AI-assisted - CONFIRM,,,,,Association,MEDIUM,AMOUNT_PRELIMINARY,NON_HOSPITAL,No,"The state's own Organization Type field states 'Association'. §10.2 NON_HOSPITAL: the named recipient is not a hospital (§0.3a -- judged on the recipient, not the activity), and the source does not mention hospitals anywhere in the funded work. Source: Alaska DOH's rolling RHTP award notice (sheet 'Notice of Intent to Award'), project BP1-PL-002, notified 2026-08-14. The amount is published as preliminary and the document is a notice of intent to award, not a notice of award.",data/evidence/AK/2026-08-28_ak_rhtp_awardsnotice_2026.xlsx,https://health.alaska.gov/media/tcvker5a/ak_rhtp_awardsnotice_2026.xlsx,PER_PROJECT,PRELIMINARY_AS_PUBLISHED,INTENT_TO_AWARD,STATE_ORG_TYPE,Strengthen Workforce,BP1-PL-002,Planning,Strengthen Workforce,Development of an Alaska Nursing Workforce Center,"AHHA proposes to incubate the Alaska Nursing Workforce Center, which would serve as Alaska's first dedicated hub for nursing workforce data, research, and strategic planning—addressing a gap as one of only four states without such a center. Year 1 activities focus on finalizing a three-year strategic plan, strengthening governance and operational infrastructure, and beginning statewide nursing workforce data collection. The long-term goal is for the Center to transition to an independent 501(c)(3) organization that informs statewide recruitment, retention, and nursing education policy.",Anchorage (Municipality); Bethel Census Area; Bristol Bay Borough; Chugach Census Area; Dillingham Census Area; Fairbanks North Star Borough; Hoonah-Angoon Census Area; Juneau (City and Borough); Kenai Peninsula Borough; Ketchikan Gateway Borough; Kodiak Island Borough; Matanuska-Susitna Borough; Nome Census Area; North Slope Borough; Northwest Arctic Borough; Petersburg Borough; Sitka (City and Borough); Wrangell (City and Borough); Yukon-Koyukuk Census Area,Association,2026-08-14
AK,138,City of Aleknagik,110500,LOCAL_GOVT_OR_PUBLIC_HEALTH,No,Planning | Health Care Access | Dillingham Census Area,Yes,No,FY2026 (Year 1),Alaska RHTP Awards Notice 2026 - Notice of Intent to Award,https://health.alaska.gov/media/tcvker5a/ak_rhtp_awardsnotice_2026.xlsx,NOTICE_OF_INTENT_TO_AWARD,MODEL_ASSISTED,AI-assisted - CONFIRM,,,,,Local Government,HIGH,AMOUNT_PRELIMINARY,NON_HOSPITAL,No,"The state's own Organization Type field states 'Local Government'. §10.2 NON_HOSPITAL: the named recipient is not a hospital (§0.3a -- judged on the recipient, not the activity), and the source does not mention hospitals anywhere in the funded work. Source: Alaska DOH's rolling RHTP award notice (sheet 'Notice of Intent to Award'), project BP1-PL-013, notified 2026-08-14. The amount is published as preliminary and the document is a notice of intent to award, not a notice of award.",data/evidence/AK/2026-08-28_ak_rhtp_awardsnotice_2026.xlsx,https://health.alaska.gov/media/tcvker5a/ak_rhtp_awardsnotice_2026.xlsx,PER_PROJECT,PRELIMINARY_AS_PUBLISHED,INTENT_TO_AWARD,STATE_ORG_TYPE,Health Care Access,BP1-PL-013,Planning,Health Care Access,Aleknagik Rural Health Access Strategic Plan,"The City of Aleknagik proposes a 12-month strategic planning effort to address healthcare access barriers for this remote community of approximately 200 residents on the shores of Lake Aleknagik in Southwest Alaska. The plan addresses three areas: a sustainable rural workforce strategy including recruitment pathways and clinician housing options, an operational review and capital improvement plan for the municipally owned clinic, and transportation and connectivity improvements to strengthen access to higher levels of care. Deliverables include a costed, 5-year phased implementation roadmap adopted by City resolution.",Dillingham Census Area,Local Government,2026-08-14
AK,139,Denali Insight LLC,43000,VENDOR_OR_CONTRACTOR,No,Planning | Healthy Communities | Yukon-Koyukuk Census Area,Yes,No,FY2026 (Year 1),Alaska RHTP Awards Notice 2026 - Notice of Intent to Award,https://health.alaska.gov/media/tcvker5a/ak_rhtp_awardsnotice_2026.xlsx,NOTICE_OF_INTENT_TO_AWARD,MODEL_ASSISTED,AI-assisted - CONFIRM,,,,,Vendor Partnering with an Alaska Organization,HIGH,AMOUNT_PRELIMINARY,NON_HOSPITAL,No,"The state's own Organization Type field states 'Vendor Partnering with an Alaska Organization'. §10.2 NON_HOSPITAL: the named recipient is not a hospital (§0.3a -- judged on the recipient, not the activity), and the source does not mention hospitals anywhere in the funded work. Source: Alaska DOH's rolling RHTP award notice (sheet 'Notice of Intent to Award'), project BP1-PL-014, notified 2026-08-14. The amount is published as preliminary and the document is a notice of intent to award, not a notice of award.",data/evidence/AK/2026-08-28_ak_rhtp_awardsnotice_2026.xlsx,https://health.alaska.gov/media/tcvker5a/ak_rhtp_awardsnotice_2026.xlsx,PER_PROJECT,PRELIMINARY_AS_PUBLISHED,INTENT_TO_AWARD,STATE_ORG_TYPE,Healthy Communities,BP1-PL-014,Planning,Healthy Communities,Nenana Community Health & Wellness Strategic Planning Initiative,"Denali Insight Consulting proposes a community health and wellness needs assessment and strategic planning initiative for Nenana, a rural Interior Alaska community of approximately 350 residents that serves as a regional service hub but lacks a formal health committee or shared strategic framework. The project will conduct community surveys, stakeholder interviews, and facilitated engagement to identify service gaps and priorities, followed by formation of a cross-sector Community Health & Wellness Steering Committee with defined roles and measurable outcomes. Deliverables include a final assessment report and a strategic direction document to guide coordinated health investments in Nenana and surrounding communities.",Yukon-Koyukuk Census Area,Vendor Partnering with an Alaska Organization,2026-08-14
AK,140,Petersburg Medical Center,159947,HOSPITAL_OR_SYSTEM,Yes,Planning | Healthy Beginnings | Petersburg Borough,Yes,No,FY2026 (Year 1),Alaska RHTP Awards Notice 2026 - Notice of Intent to Award,https://health.alaska.gov/media/tcvker5a/ak_rhtp_awardsnotice_2026.xlsx,NOTICE_OF_INTENT_TO_AWARD,MODEL_ASSISTED,AI-assisted - CONFIRM,,,,,"Hospital (all types); Non-Profit, Social Service, or Community Based Organization",HIGH,AMOUNT_PRELIMINARY,DIRECT,Yes,"The state's own Organization Type field states 'Hospital (all types)'. §10.2 DIRECT: the named recipient is a hospital or hospital system and the state's award document names both the recipient and the amount. Source: Alaska DOH's rolling RHTP award notice (sheet 'Notice of Intent to Award'), project BP1-PL-023, notified 2026-08-14. The amount is published as preliminary and the document is a notice of intent to award, not a notice of award.",data/evidence/AK/2026-08-28_ak_rhtp_awardsnotice_2026.xlsx,https://health.alaska.gov/media/tcvker5a/ak_rhtp_awardsnotice_2026.xlsx,PER_PROJECT,PRELIMINARY_AS_PUBLISHED,INTENT_TO_AWARD,STATE_ORG_TYPE,Healthy Beginnings,BP1-PL-023,Planning,Healthy Beginnings,Petersburg Medical Center Maternal Health & Early Childhood Planning Project,"Petersburg Medical Center, an independent non-profit Critical Access Hospital serving remote Southeast Alaska communities accessible only by boat or plane, proposes to launch lactation consultant services—filling a complete gap in the service area—and engage Community Wellness leadership in planning for future expansion of maternal and early childhood community-based supports. The project will integrate lactation services into the primary care clinic and Cerner EMR, train additional staff to lactation consultant certification, and assess the viability of further service expansion such as home visiting. This work addresses documented postpartum care gaps for a population that must leave the community to give birth.",Petersburg Borough,"Hospital (all types); Non-Profit, Social Service, or Community Based Organization",2026-08-14
AK,141,Railbelt Mental Health & Addictions,82691.88,NONPROFIT_CBO,No,Planning | Health Care Access | Denali Borough; Yukon-Koyukuk Census Area,Yes,No,FY2026 (Year 1),Alaska RHTP Awards Notice 2026 - Notice of Intent to Award,https://health.alaska.gov/media/tcvker5a/ak_rhtp_awardsnotice_2026.xlsx,NOTICE_OF_INTENT_TO_AWARD,MODEL_ASSISTED,AI-assisted - CONFIRM,,,,,"Behavioral health/substance use disorder treatment; Clinic; Non-Profit, Social Service, or Community Based Organization",HIGH,AMOUNT_PRELIMINARY,NON_HOSPITAL,No,"The state's own Organization Type field states 'Non-Profit, Social Service, or Community Based Organization'. §10.2 NON_HOSPITAL: the named recipient is not a hospital (§0.3a -- judged on the recipient, not the activity), and the source does not mention hospitals anywhere in the funded work. Source: Alaska DOH's rolling RHTP award notice (sheet 'Notice of Intent to Award'), project BP1-PL-025, notified 2026-08-14. The amount is published as preliminary and the document is a notice of intent to award, not a notice of award.",data/evidence/AK/2026-08-28_ak_rhtp_awardsnotice_2026.xlsx,https://health.alaska.gov/media/tcvker5a/ak_rhtp_awardsnotice_2026.xlsx,PER_PROJECT,PRELIMINARY_AS_PUBLISHED,INTENT_TO_AWARD,STATE_ORG_TYPE,Health Care Access,BP1-PL-025,Planning,Health Care Access,Building Capacity for Certified Community Behavioral Health Clinic (CCBHC) Status,"Railbelt Mental Health & Addictions proposes a planning and readiness phase toward achieving Certified Community Behavioral Health Clinic (CCBHC) designation in a frontier region spanning 180 road miles of the Parks Highway, serving communities of 100–800 residents approximately 50–150 miles from Fairbanks and Wasilla. Planning activities include conducting a needs assessment, determining CCBHC certification requirements, engaging stakeholders, and building the administrative and operational infrastructure necessary for a full CCBHC application. CCBHC designation would enable same-day assessments, 24/7 crisis services, and comprehensive behavioral health care regardless of ability to pay.",Denali Borough; Yukon-Koyukuk Census Area,"Behavioral health/substance use disorder treatment; Clinic; Non-Profit, Social Service, or Community Based Organization",2026-08-14
AK,142,Tanana Chiefs Conference,250000,TRIBAL_ORG,No,Planning | Spark Technology and Innovation | Denali Borough; Fairbanks North Star Borough; North Slope Borough; Southeast Fairbanks Census Area; Yukon-Koyukuk Census Area,Yes,No,FY2026 (Year 1),Alaska RHTP Awards Notice 2026 - Notice of Intent to Award,https://health.alaska.gov/media/tcvker5a/ak_rhtp_awardsnotice_2026.xlsx,NOTICE_OF_INTENT_TO_AWARD,MODEL_ASSISTED,AI-assisted - CONFIRM,,,,,"Non-Profit, Social Service, or Community Based Organization; Tribe and/or Tribal Health Organization",HIGH,RECIPIENT_TYPE_VARIES_IN_SOURCE,NON_HOSPITAL,No,"The state's own Organization Type field states 'Tribe and/or Tribal Health Organization'. §10.2 NON_HOSPITAL: the named recipient is not a hospital (§0.3a -- judged on the recipient, not the activity), and the source does not mention hospitals anywhere in the funded work. Source: Alaska DOH's rolling RHTP award notice (sheet 'Notice of Intent to Award'), project BP1-PL-026, notified 2026-08-14. The amount is published as preliminary and the document is a notice of intent to award, not a notice of award. NOTE: Alaska's Organization Type field gives this recipient a different organisational form on another of its own projects (FQHC_OR_RHC / TRIBAL_ORG). The per-row value is kept as the state published it and is not harmonised; a reviewer resolves which form the entity has.",data/evidence/AK/2026-08-28_ak_rhtp_awardsnotice_2026.xlsx,https://health.alaska.gov/media/tcvker5a/ak_rhtp_awardsnotice_2026.xlsx,PER_PROJECT,PRELIMINARY_AS_PUBLISHED,INTENT_TO_AWARD,STATE_ORG_TYPE,Spark Technology and Innovation,BP1-PL-026,Planning,Spark Technology and Innovation,Pharmaceutical and Medical Supplies Drone Transportation System For Interior Alaska Villages,"Tanana Chiefs Conference proposes a concept formation and planning year to develop the regulatory, technical, and community engagement framework for a drone-based pharmaceutical delivery system connecting TCC's Fairbanks hub to 42 Interior Alaska villages across 94,000 square miles, where medication delivery delays of 5–14 days are common during winter. The project will partner with UAF's Alaska Center for Unmanned Aircraft Systems Integration (ACUASI) to address FAA BVLOS waiver requirements, chain-of-custody and DEA compliance, temperature maintenance, and tribal community readiness. Year 1 deliverables include a regulatory roadmap, safety and compliance framework, initial short-distance flight testing, and a 5-year phased implementation timeline.",Denali Borough; Fairbanks North Star Borough; North Slope Borough; Southeast Fairbanks Census Area; Yukon-Koyukuk Census Area,"Non-Profit, Social Service, or Community Based Organization; Tribe and/or Tribal Health Organization",2026-08-14
AK,143,Alaska Behavioral Health,593100,NONPROFIT_CBO,No,Implementation | Health Care Access | Anchorage (Municipality),Yes,No,FY2026 (Year 1),Alaska RHTP Awards Notice 2026 - Notice of Intent to Award,https://health.alaska.gov/media/tcvker5a/ak_rhtp_awardsnotice_2026.xlsx,NOTICE_OF_INTENT_TO_AWARD,MODEL_ASSISTED,AI-assisted - CONFIRM,,,,,"Behavioral health/substance use disorder treatment; Non-Profit, Social Service, or Community Based Organization",HIGH,RECIPIENT_TYPE_VARIES_IN_SOURCE,NON_HOSPITAL,No,"The state's own Organization Type field states 'Non-Profit, Social Service, or Community Based Organization'. §10.2 NON_HOSPITAL: the named recipient is not a hospital (§0.3a -- judged on the recipient, not the activity), and the source does not mention hospitals anywhere in the funded work. Source: Alaska DOH's rolling RHTP award notice (sheet 'Notice of Intent to Award'), project BP1-IA-006, notified 2026-08-07. The amount is published as preliminary and the document is a notice of intent to award, not a notice of award. NOTE: Alaska's Organization Type field gives this recipient a different organisational form on another of its own projects (EMS_OR_PSAP / NONPROFIT_CBO). The per-row value is kept as the state published it and is not harmonised; a reviewer resolves which form the entity has.",data/evidence/AK/2026-08-28_ak_rhtp_awardsnotice_2026.xlsx,https://health.alaska.gov/media/tcvker5a/ak_rhtp_awardsnotice_2026.xlsx,PER_PROJECT,PRELIMINARY_AS_PUBLISHED,INTENT_TO_AWARD,STATE_ORG_TYPE,Health Care Access,BP1-IA-006,Implementation,Health Care Access,Alaska Seeds of Change Model Expansion for Behavioral Health Engagement,"Alaska Behavioral Health proposes expanding the Alaska Seeds of Change model to increase behavioral health engagement and reduce treatment dropout among Alaskans with mental health challenges and serious mental illness by creating therapeutic group, activity, and skill-building experiences in a structured hydroponic growing space in Anchorage, serving clients of all ages, including those transitioning to and from rural communities.",Anchorage (Municipality),"Behavioral health/substance use disorder treatment; Non-Profit, Social Service, or Community Based Organization",2026-08-07
AK,144,Alaska Hospital & Healthcare Association,236031,NONPROFIT_CBO,No,Implementation | Strengthen Workforce | Statewide,Yes,No,FY2026 (Year 1),Alaska RHTP Awards Notice 2026 - Notice of Intent to Award,https://health.alaska.gov/media/tcvker5a/ak_rhtp_awardsnotice_2026.xlsx,NOTICE_OF_INTENT_TO_AWARD,MODEL_ASSISTED,AI-assisted - CONFIRM,,,,,Association,MEDIUM,AMOUNT_PRELIMINARY,IN_KIND_BENEFIT,Yes,"The state's own Organization Type field states 'Association'. §10.2 IN_KIND_BENEFIT: the recipient is not a hospital and keeps the funds, and the source names hospitals among the parties the funded work serves. These dollars must never enter a 'funds distributed to hospitals' total; they are kept visible rather than discarded. Source: Alaska DOH's rolling RHTP award notice (sheet 'Notice of Intent to Award'), project BP1-IA-022, notified 2026-08-07. The amount is published as preliminary and the document is a notice of intent to award, not a notice of award.",data/evidence/AK/2026-08-28_ak_rhtp_awardsnotice_2026.xlsx,https://health.alaska.gov/media/tcvker5a/ak_rhtp_awardsnotice_2026.xlsx,PER_PROJECT,PRELIMINARY_AS_PUBLISHED,INTENT_TO_AWARD,STATE_ORG_TYPE,Strengthen Workforce,BP1-IA-022,Implementation,Strengthen Workforce,Find Your Fit,"The Alaska Hospital & Healthcare Association (AHHA) requests funding to expand and enhance “Find Your Fit”, a comprehensive career platform and targeted recruitment campaign. Developed in partnership with Alaska’s 24 hospitals, 20 skilled nursing facilities, and tribal health system, this coordinated statewide initiative builds a robust ""grow our own"" pipeline to address critical shortages by connecting high schoolers, adult learners, and direct care professionals to certification pathways and rural training opportunities, career pathways, and employment opportunities.",Statewide,Association,2026-08-07
AK,145,Alaska Impact Alliance,178579,NONPROFIT_CBO,No,Implementation | Healthy Communities | Statewide,Yes,No,FY2026 (Year 1),Alaska RHTP Awards Notice 2026 - Notice of Intent to Award,https://health.alaska.gov/media/tcvker5a/ak_rhtp_awardsnotice_2026.xlsx,NOTICE_OF_INTENT_TO_AWARD,MODEL_ASSISTED,AI-assisted - CONFIRM,,,,,"Non-Profit, Social Service, or Community Based Organization",HIGH,AMOUNT_PRELIMINARY,NON_HOSPITAL,No,"The state's own Organization Type field states 'Non-Profit, Social Service, or Community Based Organization'. §10.2 NON_HOSPITAL: the named recipient is not a hospital (§0.3a -- judged on the recipient, not the activity), and the source does not mention hospitals anywhere in the funded work. Source: Alaska DOH's rolling RHTP award notice (sheet 'Notice of Intent to Award'), project BP1-IA-025, notified 2026-08-07. The amount is published as preliminary and the document is a notice of intent to award, not a notice of award.",data/evidence/AK/2026-08-28_ak_rhtp_awardsnotice_2026.xlsx,https://health.alaska.gov/media/tcvker5a/ak_rhtp_awardsnotice_2026.xlsx,PER_PROJECT,PRELIMINARY_AS_PUBLISHED,INTENT_TO_AWARD,STATE_ORG_TYPE,Healthy Communities,BP1-IA-025,Implementation,Healthy Communities,907 Navigation App Expansion Project,"The Alaska Impact Alliance will expand the 907 Navigation platform to connect residents with health care, social services, public benefits, local resources, and timely community information, addressing gaps in service navigation, referral coordination, and access to reliable information for rural, remote, and frontier communities across Alaska.",Statewide,"Non-Profit, Social Service, or Community Based Organization",2026-08-07
AK,146,Alaska Primary Care Association,650190,NONPROFIT_CBO,No,Implementation | Pay for Value | Anchorage (Municipality); Kodiak Island Borough; Matanuska-Susitna Borough,Yes,No,FY2026 (Year 1),Alaska RHTP Awards Notice 2026 - Notice of Intent to Award,https://health.alaska.gov/media/tcvker5a/ak_rhtp_awardsnotice_2026.xlsx,NOTICE_OF_INTENT_TO_AWARD,MODEL_ASSISTED,AI-assisted - CONFIRM,,,,,Association,MEDIUM,AMOUNT_PRELIMINARY,NON_HOSPITAL,No,"The state's own Organization Type field states 'Association'. §10.2 NON_HOSPITAL: the named recipient is not a hospital (§0.3a -- judged on the recipient, not the activity), and the source does not mention hospitals anywhere in the funded work. Source: Alaska DOH's rolling RHTP award notice (sheet 'Notice of Intent to Award'), project BP1-IA-040, notified 2026-08-07. The amount is published as preliminary and the document is a notice of intent to award, not a notice of award.",data/evidence/AK/2026-08-28_ak_rhtp_awardsnotice_2026.xlsx,https://health.alaska.gov/media/tcvker5a/ak_rhtp_awardsnotice_2026.xlsx,PER_PROJECT,PRELIMINARY_AS_PUBLISHED,INTENT_TO_AWARD,STATE_ORG_TYPE,Pay for Value,BP1-IA-040,Implementation,Pay for Value,Rural FQHC Transformation for Alaska Medicare Beneficiaries,"The Alaska Primary Care Association, on behalf of Resolute Health Alliance of Alaska LLC, proposes to implement a Medicare Shared Savings Program value-based care model across four Federally Qualified Health Centers serving rural and underserved Alaskans. This project builds on initial work started in January 2026, and accelerates the transition from volume-based to value-based care by building the clinical workflows, workforce capacity, and population health data systems needed to improve care quality and long-term financial sustainability for rural Alaska's Medicare beneficiaries.",Anchorage (Municipality); Kodiak Island Borough; Matanuska-Susitna Borough,Association,2026-08-07
AK,147,Camai CHC,250000,FQHC_OR_RHC,No,Implementation | Health Care Access | Bristol Bay Borough,Yes,No,FY2026 (Year 1),Alaska RHTP Awards Notice 2026 - Notice of Intent to Award,https://health.alaska.gov/media/tcvker5a/ak_rhtp_awardsnotice_2026.xlsx,NOTICE_OF_INTENT_TO_AWARD,MODEL_ASSISTED,AI-assisted - CONFIRM,,,,,Federally qualified health center,HIGH,AMOUNT_PRELIMINARY,NON_HOSPITAL,No,"The state's own Organization Type field states 'Federally qualified health center'. §10.2 NON_HOSPITAL: the named recipient is not a hospital (§0.3a -- judged on the recipient, not the activity), and the source does not mention hospitals anywhere in the funded work. Source: Alaska DOH's rolling RHTP award notice (sheet 'Notice of Intent to Award'), project BP1-IA-076, notified 2026-08-07. The amount is published as preliminary and the document is a notice of intent to award, not a notice of award.",data/evidence/AK/2026-08-28_ak_rhtp_awardsnotice_2026.xlsx,https://health.alaska.gov/media/tcvker5a/ak_rhtp_awardsnotice_2026.xlsx,PER_PROJECT,PRELIMINARY_AS_PUBLISHED,INTENT_TO_AWARD,STATE_ORG_TYPE,Health Care Access,BP1-IA-076,Implementation,Health Care Access,Bristol Bay Regional Specialty Care Hub Transformation Project,"Camai Community Health Center proposes designing a regional specialty care hub to expand local access to visiting specialists, tele-optometry, behavioral health, and victim support services that rural residents of Bristol Bay Borough currently travel great distances to reach or cannot access at all.",Bristol Bay Borough,Federally qualified health center,2026-08-07
AK,148,Cancer Connection,109500,NONPROFIT_CBO,No,Implementation | Healthy Communities | Haines Borough; Hoonah-Angoon Census Area; Juneau (City and Borough); Ketchikan Gateway Borough; Petersburg Borough; Prince of Wales-Hyder Census Area; Sitka (City and Borough); Skagway (Municipality); Wrangell (City and Borough),Yes,No,FY2026 (Year 1),Alaska RHTP Awards Notice 2026 - Notice of Intent to Award,https://health.alaska.gov/media/tcvker5a/ak_rhtp_awardsnotice_2026.xlsx,NOTICE_OF_INTENT_TO_AWARD,MODEL_ASSISTED,AI-assisted - CONFIRM,,,,,"Non-Profit, Social Service, or Community Based Organization",HIGH,AMOUNT_PRELIMINARY,NON_HOSPITAL,No,"The state's own Organization Type field states 'Non-Profit, Social Service, or Community Based Organization'. §10.2 NON_HOSPITAL: the named recipient is not a hospital (§0.3a -- judged on the recipient, not the activity), and the source does not mention hospitals anywhere in the funded work. Source: Alaska DOH's rolling RHTP award notice (sheet 'Notice of Intent to Award'), project BP1-IA-078, notified 2026-08-07. The amount is published as preliminary and the document is a notice of intent to award, not a notice of award.",data/evidence/AK/2026-08-28_ak_rhtp_awardsnotice_2026.xlsx,https://health.alaska.gov/media/tcvker5a/ak_rhtp_awardsnotice_2026.xlsx,PER_PROJECT,PRELIMINARY_AS_PUBLISHED,INTENT_TO_AWARD,STATE_ORG_TYPE,Healthy Communities,BP1-IA-078,Implementation,Healthy Communities,Southeast Alaska Cancer Care Support Network,"Cancer Connection will create a Southeast Alaska Cancer Support Network, uniting nonprofit organizations serving rural communities across the region. Network participants will increase knowledge of each organization’s programs, develop strategies to improve patient and provider awareness, and establish a framework to strengthen referrals and access to services. By linking independent programs through shared information, joint initiatives, and healthcare partnerships, the Network will expand access to cancer prevention, treatment, and survivorship support for patients and families.",Haines Borough; Hoonah-Angoon Census Area; Juneau (City and Borough); Ketchikan Gateway Borough; Petersburg Borough; Prince of Wales-Hyder Census Area; Sitka (City and Borough); Skagway (Municipality); Wrangell (City and Borough),"Non-Profit, Social Service, or Community Based Organization",2026-08-07
AK,149,Chugachmuit,627180,TRIBAL_ORG,No,Implementation | Health Care Access | Chugach Census Area; Kenai Peninsula Borough,Yes,No,FY2026 (Year 1),Alaska RHTP Awards Notice 2026 - Notice of Intent to Award,https://health.alaska.gov/media/tcvker5a/ak_rhtp_awardsnotice_2026.xlsx,NOTICE_OF_INTENT_TO_AWARD,MODEL_ASSISTED,AI-assisted - CONFIRM,,,,,Tribal Health Organization,HIGH,AMOUNT_PRELIMINARY,NON_HOSPITAL,No,"The state's own Organization Type field states 'Tribal Health Organization'. §10.2 NON_HOSPITAL: the named recipient is not a hospital (§0.3a -- judged on the recipient, not the activity), and the source does not mention hospitals anywhere in the funded work. Source: Alaska DOH's rolling RHTP award notice (sheet 'Notice of Intent to Award'), project BP1-IA-088, notified 2026-08-07. The amount is published as preliminary and the document is a notice of intent to award, not a notice of award.",data/evidence/AK/2026-08-28_ak_rhtp_awardsnotice_2026.xlsx,https://health.alaska.gov/media/tcvker5a/ak_rhtp_awardsnotice_2026.xlsx,PER_PROJECT,PRELIMINARY_AS_PUBLISHED,INTENT_TO_AWARD,STATE_ORG_TYPE,Health Care Access,BP1-IA-088,Implementation,Health Care Access,Expanding Rural Access to Diagnostic Imaging Through Digital X-Ray Technology,"Chugachmiut proposes expanding access to diagnostic imaging by implementing portable digital X-ray services at five rural clinics across the Chugach Region. The project addresses limited local access to diagnostic imaging in geographically isolated communities, where patients currently must travel long distances for basic imaging studies, resulting in delays in diagnosis and treatment.",Chugach Census Area; Kenai Peninsula Borough,Tribal Health Organization,2026-08-07
AK,150,Community Connections,74263,NONPROFIT_CBO,No,Implementation | Spark Technology and Innovation | Ketchikan Gateway Borough; Prince of Wales-Hyder Census Area,Yes,No,FY2026 (Year 1),Alaska RHTP Awards Notice 2026 - Notice of Intent to Award,https://health.alaska.gov/media/tcvker5a/ak_rhtp_awardsnotice_2026.xlsx,NOTICE_OF_INTENT_TO_AWARD,MODEL_ASSISTED,AI-assisted - CONFIRM,,,,,"Behavioral health/substance use disorder treatment; Non-Profit, Social Service, or Community Based Organization",HIGH,AMOUNT_PRELIMINARY,NON_HOSPITAL,No,"The state's own Organization Type field states 'Non-Profit, Social Service, or Community Based Organization'. §10.2 NON_HOSPITAL: the named recipient is not a hospital (§0.3a -- judged on the recipient, not the activity), and the source does not mention hospitals anywhere in the funded work. Source: Alaska DOH's rolling RHTP award notice (sheet 'Notice of Intent to Award'), project BP1-IA-105, notified 2026-08-07. The amount is published as preliminary and the document is a notice of intent to award, not a notice of award.",data/evidence/AK/2026-08-28_ak_rhtp_awardsnotice_2026.xlsx,https://health.alaska.gov/media/tcvker5a/ak_rhtp_awardsnotice_2026.xlsx,PER_PROJECT,PRELIMINARY_AS_PUBLISHED,INTENT_TO_AWARD,STATE_ORG_TYPE,Spark Technology and Innovation,BP1-IA-105,Implementation,Spark Technology and Innovation,EHR Optimization and Scheduling/Service Coordination System Improvements,"Community Connections proposes to optimize its electronic health record and implement a scheduling system to improve access to behavioral health services for youth and families in Ketchikan and the seven remote communities on Prince of Wales Island, addressing administrative burden, fragmented coordination, and technology gaps that limit timely care in rural, geographically isolated communities.",Ketchikan Gateway Borough; Prince of Wales-Hyder Census Area,"Behavioral health/substance use disorder treatment; Non-Profit, Social Service, or Community Based Organization",2026-08-07
AK,151,Denali Borough,107985,LOCAL_GOVT_OR_PUBLIC_HEALTH,No,Implementation | Health Care Access | Denali Borough,Yes,No,FY2026 (Year 1),Alaska RHTP Awards Notice 2026 - Notice of Intent to Award,https://health.alaska.gov/media/tcvker5a/ak_rhtp_awardsnotice_2026.xlsx,NOTICE_OF_INTENT_TO_AWARD,MODEL_ASSISTED,AI-assisted - CONFIRM,,,,,Local government,HIGH,AMOUNT_PRELIMINARY,NON_HOSPITAL,No,"The state's own Organization Type field states 'Local government'. §10.2 NON_HOSPITAL: the named recipient is not a hospital (§0.3a -- judged on the recipient, not the activity), and the source does not mention hospitals anywhere in the funded work. Source: Alaska DOH's rolling RHTP award notice (sheet 'Notice of Intent to Award'), project BP1-IA-121, notified 2026-08-07. The amount is published as preliminary and the document is a notice of intent to award, not a notice of award.",data/evidence/AK/2026-08-28_ak_rhtp_awardsnotice_2026.xlsx,https://health.alaska.gov/media/tcvker5a/ak_rhtp_awardsnotice_2026.xlsx,PER_PROJECT,PRELIMINARY_AS_PUBLISHED,INTENT_TO_AWARD,STATE_ORG_TYPE,Health Care Access,BP1-IA-121,Implementation,Health Care Access,Denali Borough Rural Health Care Transformation Project Coordinator,"Denali Borough proposes establishing a Rural Health Project Coordinator position to strengthen regional health care partnerships, coordinate public health initiatives, advance rural health infrastructure projects, and support health workforce development, addressing persistent gaps in health care access, service coordination, and system capacity across the Denali Borough.",Denali Borough,Local government,2026-08-07
AK,152,Girdwood Health Clinic Inc,100000,FQHC_OR_RHC,No,Implementation | Healthy Communities | Anchorage (Municipality); Chugach Census Area; Kenai Peninsula Borough,Yes,No,FY2026 (Year 1),Alaska RHTP Awards Notice 2026 - Notice of Intent to Award,https://health.alaska.gov/media/tcvker5a/ak_rhtp_awardsnotice_2026.xlsx,NOTICE_OF_INTENT_TO_AWARD,MODEL_ASSISTED,AI-assisted - CONFIRM,,,,,"Behavioral health/substance use disorder treatment; Clinic; Family medicine or primary care; Federally qualified health center; Non-Profit, Social Service, or Community Based Organization",HIGH,AMOUNT_PRELIMINARY,NON_HOSPITAL,No,"The state's own Organization Type field states 'Federally qualified health center'. §10.2 NON_HOSPITAL: the named recipient is not a hospital (§0.3a -- judged on the recipient, not the activity), and the source does not mention hospitals anywhere in the funded work. Source: Alaska DOH's rolling RHTP award notice (sheet 'Notice of Intent to Award'), project BP1-IA-146, notified 2026-08-07. The amount is published as preliminary and the document is a notice of intent to award, not a notice of award.",data/evidence/AK/2026-08-28_ak_rhtp_awardsnotice_2026.xlsx,https://health.alaska.gov/media/tcvker5a/ak_rhtp_awardsnotice_2026.xlsx,PER_PROJECT,PRELIMINARY_AS_PUBLISHED,INTENT_TO_AWARD,STATE_ORG_TYPE,Healthy Communities,BP1-IA-146,Implementation,Healthy Communities,Fresh Start Clinical Integration: Connecting Prevention with Rural Chronic Disease Monitoring,"Turnagain Community Health proposes to strengthen coordination between Fresh Start public health prevention resources and primary care-based chronic disease management through nursing support, self-measured blood pressure monitoring, treatment adherence support, and Community Health Worker involvement, addressing gaps in prevention, early intervention, follow-up, and patient self-management for adults with hypertension, diabetes, and cardiovascular risk factors across the Turnagain Arm communities.",Anchorage (Municipality); Chugach Census Area; Kenai Peninsula Borough,"Behavioral health/substance use disorder treatment; Clinic; Family medicine or primary care; Federally qualified health center; Non-Profit, Social Service, or Community Based Organization",2026-08-07
AK,153,Girdwood Health Clinic Inc,100000,FQHC_OR_RHC,No,Implementation | Health Care Access | Anchorage (Municipality); Chugach Census Area; Kenai Peninsula Borough,Yes,No,FY2026 (Year 1),Alaska RHTP Awards Notice 2026 - Notice of Intent to Award,https://health.alaska.gov/media/tcvker5a/ak_rhtp_awardsnotice_2026.xlsx,NOTICE_OF_INTENT_TO_AWARD,MODEL_ASSISTED,AI-assisted - CONFIRM,,,,,"Behavioral health/substance use disorder treatment; Clinic; Family medicine or primary care; Federally qualified health center; Non-Profit, Social Service, or Community Based Organization",HIGH,AMOUNT_PRELIMINARY,NON_HOSPITAL,No,"The state's own Organization Type field states 'Federally qualified health center'. §10.2 NON_HOSPITAL: the named recipient is not a hospital (§0.3a -- judged on the recipient, not the activity), and the source does not mention hospitals anywhere in the funded work. Source: Alaska DOH's rolling RHTP award notice (sheet 'Notice of Intent to Award'), project BP1-IA-147, notified 2026-08-07. The amount is published as preliminary and the document is a notice of intent to award, not a notice of award.",data/evidence/AK/2026-08-28_ak_rhtp_awardsnotice_2026.xlsx,https://health.alaska.gov/media/tcvker5a/ak_rhtp_awardsnotice_2026.xlsx,PER_PROJECT,PRELIMINARY_AS_PUBLISHED,INTENT_TO_AWARD,STATE_ORG_TYPE,Health Care Access,BP1-IA-147,Implementation,Health Care Access,Integrated Community Health Worker Navigation: Bridging Health Care & Community in Rural Alaska,"Turnagain Community Health proposes to expand integrated community health worker navigation for rural residents of Girdwood, Hope, Whittier, Bird Creek, Indian, and surrounding Turnagain Arm communities, addressing transportation barriers, health-related social needs, public benefit navigation, chronic disease support, behavioral health engagement, and gaps in care coordination.",Anchorage (Municipality); Chugach Census Area; Kenai Peninsula Borough,"Behavioral health/substance use disorder treatment; Clinic; Family medicine or primary care; Federally qualified health center; Non-Profit, Social Service, or Community Based Organization",2026-08-07
AK,154,Norton Sound Health Corporation,292006,HOSPITAL_OR_SYSTEM,Yes,Implementation | Healthy Communities | Nome Census Area,Yes,No,FY2026 (Year 1),Alaska RHTP Awards Notice 2026 - Notice of Intent to Award,https://health.alaska.gov/media/tcvker5a/ak_rhtp_awardsnotice_2026.xlsx,NOTICE_OF_INTENT_TO_AWARD,MODEL_ASSISTED,AI-assisted - CONFIRM,,,,,"Behavioral health/substance use disorder treatment; Clinic; Dental; Family medicine or primary care; Federally qualified health center; Hospital (all types); Maternal health; Non-Profit, Social Service, or Community Based Organization; Tribal Health Organization",HIGH,AMOUNT_PRELIMINARY,DIRECT,Yes,"The state's own Organization Type field states 'Hospital (all types)'. §10.2 DIRECT: the named recipient is a hospital or hospital system and the state's award document names both the recipient and the amount. Source: Alaska DOH's rolling RHTP award notice (sheet 'Notice of Intent to Award'), project BP1-IA-237, notified 2026-08-07. The amount is published as preliminary and the document is a notice of intent to award, not a notice of award.",data/evidence/AK/2026-08-28_ak_rhtp_awardsnotice_2026.xlsx,https://health.alaska.gov/media/tcvker5a/ak_rhtp_awardsnotice_2026.xlsx,PER_PROJECT,PRELIMINARY_AS_PUBLISHED,INTENT_TO_AWARD,STATE_ORG_TYPE,Healthy Communities,BP1-IA-237,Implementation,Healthy Communities,2C Centralized Patient Navigation Project,"Norton Sound Health Corporation proposes to establish a centralized scheduling hub utilizing four cross-trained schedulers to integrate appointment systems across all fifteen remote village clinics, the Nome Family Medicine clinic, and the Norton Sound Regional Hospital. Equipped with population health dashboards, this model enables cross-facility booking and proactive clinical care gap closures during a single phone call, mitigating regional staffing shortages and reducing patient travel expenses.",Nome Census Area,"Behavioral health/substance use disorder treatment; Clinic; Dental; Family medicine or primary care; Federally qualified health center; Hospital (all types); Maternal health; Non-Profit, Social Service, or Community Based Organization; Tribal Health Organization",2026-08-07
AK,155,Sunshine Community Health Center,222333,FQHC_OR_RHC,No,Implementation | Pay for Value | Matanuska-Susitna Borough,Yes,No,FY2026 (Year 1),Alaska RHTP Awards Notice 2026 - Notice of Intent to Award,https://health.alaska.gov/media/tcvker5a/ak_rhtp_awardsnotice_2026.xlsx,NOTICE_OF_INTENT_TO_AWARD,MODEL_ASSISTED,AI-assisted - CONFIRM,,,,,Clinic; Family medicine or primary care; Federally qualified health center; Home-and-community-based services provider,HIGH,AMOUNT_PRELIMINARY,NON_HOSPITAL,No,"The state's own Organization Type field states 'Federally qualified health center'. §10.2 NON_HOSPITAL: the named recipient is not a hospital (§0.3a -- judged on the recipient, not the activity), and the source does not mention hospitals anywhere in the funded work. Source: Alaska DOH's rolling RHTP award notice (sheet 'Notice of Intent to Award'), project BP1-IA-325, notified 2026-08-07. The amount is published as preliminary and the document is a notice of intent to award, not a notice of award.",data/evidence/AK/2026-08-28_ak_rhtp_awardsnotice_2026.xlsx,https://health.alaska.gov/media/tcvker5a/ak_rhtp_awardsnotice_2026.xlsx,PER_PROJECT,PRELIMINARY_AS_PUBLISHED,INTENT_TO_AWARD,STATE_ORG_TYPE,Pay for Value,BP1-IA-325,Implementation,Pay for Value,RN Care Management Billing Innovation & Outcome Analytics Infrastructure,"Sunshine Community Health Center proposes to build documentation and data analytics infrastructure to capture registered nurse care management services currently delivered but not tracked or reimbursed under Alaska Medicaid. This infrastructure will measure patient health outcomes attributable to those services, supporting a formal request to expand the clinic's reimbursable scope of services and demonstrating the value of nursing care for patients with chronic conditions in the northern Mat-Su Valley.",Matanuska-Susitna Borough,Clinic; Family medicine or primary care; Federally qualified health center; Home-and-community-based services provider,2026-08-07
AK,156,Alaska Hospital & Healthcare Association,249197,NONPROFIT_CBO,No,Planning | Pay for Value | Chugach Census Area; Juneau (City and Borough); Kenai Peninsula Borough; Petersburg Borough,Yes,No,FY2026 (Year 1),Alaska RHTP Awards Notice 2026 - Notice of Intent to Award,https://health.alaska.gov/media/tcvker5a/ak_rhtp_awardsnotice_2026.xlsx,NOTICE_OF_INTENT_TO_AWARD,MODEL_ASSISTED,AI-assisted - CONFIRM,,,,,Association,MEDIUM,AMOUNT_PRELIMINARY,IN_KIND_BENEFIT,Yes,"The state's own Organization Type field states 'Association'. §10.2 IN_KIND_BENEFIT: the recipient is not a hospital and keeps the funds, and the source names hospitals among the parties the funded work serves. These dollars must never enter a 'funds distributed to hospitals' total; they are kept visible rather than discarded. Source: Alaska DOH's rolling RHTP award notice (sheet 'Notice of Intent to Award'), project BP1-PL-003, notified 2026-08-07. The amount is published as preliminary and the document is a notice of intent to award, not a notice of award.",data/evidence/AK/2026-08-28_ak_rhtp_awardsnotice_2026.xlsx,https://health.alaska.gov/media/tcvker5a/ak_rhtp_awardsnotice_2026.xlsx,PER_PROJECT,PRELIMINARY_AS_PUBLISHED,INTENT_TO_AWARD,STATE_ORG_TYPE,Pay for Value,BP1-PL-003,Planning,Pay for Value,Rural Health Clinic (RHC) Transformation & Financial Sustainability Project,"AHHA proposes Strategic, Financial, and Operational Assessments (SFOAs) for three independent Critical Access Hospitals—Petersburg Medical Center, Cordova Community Medical Center, and South Peninsula Hospital—plus implementation assistance for Rural Health Clinic (RHC) designation for those four facilities. The assessments will evaluate revenue cycle efficiency, Medicare cost report optimization, service line performance, and swing bed growth, with a median expectation of approximately $2.4M in identified improvement opportunity per hospital. The project targets financially fragile rural hospitals that serve as sole providers for their communities.",Chugach Census Area; Juneau (City and Borough); Kenai Peninsula Borough; Petersburg Borough,Association,2026-08-07
AK,157,Alaska Impact Alliance,176359,NONPROFIT_CBO,No,Planning | Healthy Communities | Anchorage (Municipality); Kenai Peninsula Borough; Ketchikan Gateway Borough,Yes,No,FY2026 (Year 1),Alaska RHTP Awards Notice 2026 - Notice of Intent to Award,https://health.alaska.gov/media/tcvker5a/ak_rhtp_awardsnotice_2026.xlsx,NOTICE_OF_INTENT_TO_AWARD,MODEL_ASSISTED,AI-assisted - CONFIRM,,,,,"Non-Profit, Social Service, or Community Based Organization",HIGH,AMOUNT_PRELIMINARY,NON_HOSPITAL,No,"The state's own Organization Type field states 'Non-Profit, Social Service, or Community Based Organization'. §10.2 NON_HOSPITAL: the named recipient is not a hospital (§0.3a -- judged on the recipient, not the activity), and the source does not mention hospitals anywhere in the funded work. Source: Alaska DOH's rolling RHTP award notice (sheet 'Notice of Intent to Award'), project BP1-PL-004, notified 2026-08-07. The amount is published as preliminary and the document is a notice of intent to award, not a notice of award.",data/evidence/AK/2026-08-28_ak_rhtp_awardsnotice_2026.xlsx,https://health.alaska.gov/media/tcvker5a/ak_rhtp_awardsnotice_2026.xlsx,PER_PROJECT,PRELIMINARY_AS_PUBLISHED,INTENT_TO_AWARD,STATE_ORG_TYPE,Healthy Communities,BP1-PL-004,Planning,Healthy Communities,Alaska 100% Communities: Community-Led Systems for Access to Care,"Alaska Impact Alliance proposes to implement the '100% Communities' model in three communities—Central Kenai Peninsula, Southern Kenai Peninsula, and Ketchikan—creating cross-sector action teams, shared referral pathways, and community navigator roles to address fragmented service access. The project will conduct a Community Access Assessment, map existing services into the 907 Navigation platform, and establish inter-agency coordination infrastructure designed to outlast the grant period. The model focuses on social determinants of health barriers—transportation, childcare, housing, and service navigation—that prevent rural residents from accessing available care.",Anchorage (Municipality); Kenai Peninsula Borough; Ketchikan Gateway Borough,"Non-Profit, Social Service, or Community Based Organization",2026-08-07
AK,158,Assets Inc.,249653.52,NONPROFIT_CBO,No,Planning | Spark Technology & Innovation | Anchorage (Municipality),Yes,No,FY2026 (Year 1),Alaska RHTP Awards Notice 2026 - Notice of Intent to Award,https://health.alaska.gov/media/tcvker5a/ak_rhtp_awardsnotice_2026.xlsx,NOTICE_OF_INTENT_TO_AWARD,MODEL_ASSISTED,AI-assisted - CONFIRM,,,,,"Non-Profit, Social Service, or Community Based Organization",HIGH,AMOUNT_PRELIMINARY,NON_HOSPITAL,No,"The state's own Organization Type field states 'Non-Profit, Social Service, or Community Based Organization'. §10.2 NON_HOSPITAL: the named recipient is not a hospital (§0.3a -- judged on the recipient, not the activity), and the source does not mention hospitals anywhere in the funded work. Source: Alaska DOH's rolling RHTP award notice (sheet 'Notice of Intent to Award'), project BP1-PL-008, notified 2026-08-07. The amount is published as preliminary and the document is a notice of intent to award, not a notice of award.",data/evidence/AK/2026-08-28_ak_rhtp_awardsnotice_2026.xlsx,https://health.alaska.gov/media/tcvker5a/ak_rhtp_awardsnotice_2026.xlsx,PER_PROJECT,PRELIMINARY_AS_PUBLISHED,INTENT_TO_AWARD,STATE_ORG_TYPE,Spark Technology & Innovation,BP1-PL-008,Planning,Spark Technology & Innovation,I/DD Remote Monitoring Feasibility Study,"Assets Inc. proposes a feasibility study to evaluate the potential for remote monitoring of individuals with intellectual and developmental disabilities (I/DD) in rural Alaska communities, assessing connectivity, equipment, staffing, and cost-effectiveness as an alternative to urban institutional care. The study will include community interviews in a selected pilot location to gauge user comfort, digital literacy, and training needs, alongside regulatory and vendor evaluation. Results will inform a follow-on pilot project and eventual expansion of telehealth-based in-home support for rural I/DD clients.",Anchorage (Municipality),"Non-Profit, Social Service, or Community Based Organization",2026-08-07
AK,159,Girdwood Health Clinic Inc,100000,FQHC_OR_RHC,No,Planning | Health Care Access | Anchorage (Municipality); Chugach Census Area; Kenai Peninsula Borough,Yes,No,FY2026 (Year 1),Alaska RHTP Awards Notice 2026 - Notice of Intent to Award,https://health.alaska.gov/media/tcvker5a/ak_rhtp_awardsnotice_2026.xlsx,NOTICE_OF_INTENT_TO_AWARD,MODEL_ASSISTED,AI-assisted - CONFIRM,,,,,"Behavioral health/substance use disorder treatment; Clinic; Family medicine or primary care; Federally qualified health center; Non-Profit, Social Service, or Community Based Organization",HIGH,AMOUNT_PRELIMINARY,NON_HOSPITAL,No,"The state's own Organization Type field states 'Federally qualified health center'. §10.2 NON_HOSPITAL: the named recipient is not a hospital (§0.3a -- judged on the recipient, not the activity), and the source does not mention hospitals anywhere in the funded work. Source: Alaska DOH's rolling RHTP award notice (sheet 'Notice of Intent to Award'), project BP1-PL-016, notified 2026-08-07. The amount is published as preliminary and the document is a notice of intent to award, not a notice of award.",data/evidence/AK/2026-08-28_ak_rhtp_awardsnotice_2026.xlsx,https://health.alaska.gov/media/tcvker5a/ak_rhtp_awardsnotice_2026.xlsx,PER_PROJECT,PRELIMINARY_AS_PUBLISHED,INTENT_TO_AWARD,STATE_ORG_TYPE,Health Care Access,BP1-PL-016,Planning,Health Care Access,Rural Pharmacy Innovation: Expanding Medication Access Through Innovative Technologies,"Girdwood Health Clinic (dba Turnagain Community Health, an FQHC) proposes to stabilize and expand pharmacy access in the Turnagain Arm service area by transitioning the community's sole at-risk pharmacy into an FQHC-integrated telepharmacy model supported by the federal 340B Drug Pricing Program. The project will test technology-enabled dispensing solutions including automated kiosks, integrate clinical pharmacy services with primary care and behavioral health, and create a financially sustainable model designed for potential replication in other small rural Alaska communities. Without this intervention, residents of Girdwood, Hope, Whittier, Bird Creek, and Indian would face 40–90 mile trips to Anchorage for prescription medications.",Anchorage (Municipality); Chugach Census Area; Kenai Peninsula Borough,"Behavioral health/substance use disorder treatment; Clinic; Family medicine or primary care; Federally qualified health center; Non-Profit, Social Service, or Community Based Organization",2026-08-07
AK,160,Medical Park Family Care,225436.6,NONPROFIT_CBO,No,Planning | Pay for Value | Anchorage (Municipality),Yes,No,FY2026 (Year 1),Alaska RHTP Awards Notice 2026 - Notice of Intent to Award,https://health.alaska.gov/media/tcvker5a/ak_rhtp_awardsnotice_2026.xlsx,NOTICE_OF_INTENT_TO_AWARD,MODEL_ASSISTED,AI-assisted - CONFIRM,,,,,Family medicine or primary care,LOW,RECIPIENT_TYPE_INFERRED,NON_HOSPITAL,No,"The state's Organization Type field names only a service line (Family medicine or primary care) and no organisational form; §8 settled fallback (session 10). §10.2 NON_HOSPITAL: the named recipient is not a hospital (§0.3a -- judged on the recipient, not the activity), and the source does not mention hospitals anywhere in the funded work. Source: Alaska DOH's rolling RHTP award notice (sheet 'Notice of Intent to Award'), project BP1-PL-019, notified 2026-08-07. The amount is published as preliminary and the document is a notice of intent to award, not a notice of award.",data/evidence/AK/2026-08-28_ak_rhtp_awardsnotice_2026.xlsx,https://health.alaska.gov/media/tcvker5a/ak_rhtp_awardsnotice_2026.xlsx,PER_PROJECT,PRELIMINARY_AS_PUBLISHED,INTENT_TO_AWARD,FALLBACK,Pay for Value,BP1-PL-019,Planning,Pay for Value,Pay for Value - Alternative Payment Models,"Medical Park Family Care, an Anchorage-based family medicine clinic serving patients from over 60 Alaska communities, proposes to evaluate and implement an alternative payment model focused on rewarding primary care and preventive services—addressing a reimbursement environment where their largest payer has not increased rates in 10 years. The planning phase will analyze patient data to identify potential employer and insurer partners, followed by program design discussions; implementation is anticipated in the second year. The project aims to create a shared-savings APM model that reduces administrative burden, improves provider retention, and improves patient health outcomes.",Anchorage (Municipality),Family medicine or primary care,2026-08-07
AK,161,Nenana Volunteer Fire/EMS Department,50000,EMS_OR_PSAP,No,Planning | Health Care Access | Denali Borough; Yukon-Koyukuk Census Area,Yes,No,FY2026 (Year 1),Alaska RHTP Awards Notice 2026 - Notice of Intent to Award,https://health.alaska.gov/media/tcvker5a/ak_rhtp_awardsnotice_2026.xlsx,NOTICE_OF_INTENT_TO_AWARD,MODEL_ASSISTED,AI-assisted - CONFIRM,,,,,Emergency Medical Services,HIGH,AMOUNT_PRELIMINARY,NON_HOSPITAL,No,"The state's own Organization Type field states 'Emergency Medical Services'. §10.2 NON_HOSPITAL: the named recipient is not a hospital (§0.3a -- judged on the recipient, not the activity), and the source does not mention hospitals anywhere in the funded work. Source: Alaska DOH's rolling RHTP award notice (sheet 'Notice of Intent to Award'), project BP1-PL-022, notified 2026-08-07. The amount is published as preliminary and the document is a notice of intent to award, not a notice of award.",data/evidence/AK/2026-08-28_ak_rhtp_awardsnotice_2026.xlsx,https://health.alaska.gov/media/tcvker5a/ak_rhtp_awardsnotice_2026.xlsx,PER_PROJECT,PRELIMINARY_AS_PUBLISHED,INTENT_TO_AWARD,STATE_ORG_TYPE,Health Care Access,BP1-PL-022,Planning,Health Care Access,Nenana Mobile Crisis Team,"The Nenana Volunteer Fire/EMS Department proposes a 6-month planning phase to design and operationalize a Mobile Crisis Team (MCT), given that behavioral health calls currently account for approximately 33% of all emergency responses in this community without a structured crisis response model or specialized training. Planning activities will develop operational policies, cross-agency coordination agreements with behavioral health providers and schools, workforce and training strategies, potential Medicaid billing pathways, and a phased implementation roadmap. The goal is a coordinated, treat-in-place crisis response model that reduces unnecessary emergency department use and out-of-community placements.",Denali Borough; Yukon-Koyukuk Census Area,Emergency Medical Services,2026-08-07
