state,row_no,awardee,amount,recipient_type,distributed_to_hospital,note,recipient_confirmed,amount_confirmed,fiscal_year,source_document_title,state_source_url,validation_source_type,extraction_method,validator,ccn,aha_id,rural_designation,reviewer,recipient_type_source,determination_confidence,flag_reason,flow_type,hospital_benefiting,determination_basis,source_archive_path,recipient_names_source_url,amount_basis,amount_precision,disbursement_status,classification_rule,activity_type_raw,initiative_raw,award_sequence,counties_served,project_description
AL,1,Alabama Primary Health Care Association,867102,NONPROFIT_CBO,No,"Collaborative Electronic Health Record (EHR), IT and Cybersecurity Initiative",Yes,Yes,FY2026 (Year 1),Governor Ivey Announces First Grants in Major New Rural Healthcare Program Totaling More than $144 Million,https://governor.alabama.gov/newsroom/2026/08/governor-ivey-announces-first-grants-in-major-new-rural-healthcare-program-totaling-more-than-144-million/,GOVERNOR_PRESS_RELEASE,MODEL_ASSISTED,AI-assisted - CONFIRM,,,,,,MEDIUM,,IN_KIND_BENEFIT,Yes,"Curated override: statewide FQHC membership association, not itself a health center. §10.2 IN_KIND_BENEFIT: the recipient is not a hospital and keeps the funds; hospitals use or are served by what the funds build. These dollars must never enter a 'funds distributed to hospitals' total. Source: Governor Ivey's 2026-08-24 release, which states the awarding of 138 grants and names this recipient, amount, initiative and counties.",data/evidence/AL/2026-08-24_governor_ivey_first_arhtp_grants.html,https://governor.alabama.gov/newsroom/2026/08/governor-ivey-announces-first-grants-in-major-new-rural-healthcare-program-totaling-more-than-144-million/,PER_AWARD_ACTION,EXACT_AS_PUBLISHED,AWARDED,OVERRIDE,"Collaborative Electronic Health Record (EHR), IT and Cybersecurity Initiative","Collaborative Electronic Health Record (EHR), IT and Cybersecurity Initiative",FIRST,"Baldwin, Barbour, Bibb, Blount, Chambers, Cherokee, Chilton, Choctaw, Clarke, Clay, Cleburne, Coffee, Conecuh, Coosa, Covington, Crenshaw, Cullman, Dale, Dallas, DeKalb, Escambia, Greene, Henry, Jackson, Jefferson, Lamar, Lowndes, Macon, Madison, Marengo, Marshall, Mobile, Monroe, Perry, Pickens, Pike, Randolph, Sumter, Talladega, Walker, Washington, Wilcox, Winston","Alabama Primary Health Care Association – $867,102 to establish a shared rural health technology and care coordination framework to strengthen collaboration among participating health centers, rural clinics, hospitals and community mental health providers in 43 counties (Baldwin, Barbour, Bibb, Blount, Chambers, Cherokee, Chilton, Choctaw, Clarke, Clay, Cleburne, Coffee, Conecuh, Coosa, Covington, Crenshaw, Cullman, Dale, Dallas, DeKalb, Escambia, Greene, Henry, Jackson, Jefferson, Lamar, Lowndes, Macon, Madison, Marengo, Marshall, Mobile, Monroe, Perry, Pickens, Pike, Randolph, Sumter, Talladega, Walker, Washington, Wilcox, Winston)."
AL,2,AltaPointe Health Systems Inc.,457073,NONPROFIT_CBO,No,"Collaborative Electronic Health Record (EHR), IT and Cybersecurity Initiative",Yes,Yes,FY2026 (Year 1),Governor Ivey Announces First Grants in Major New Rural Healthcare Program Totaling More than $144 Million,https://governor.alabama.gov/newsroom/2026/08/governor-ivey-announces-first-grants-in-major-new-rural-healthcare-program-totaling-more-than-144-million/,GOVERNOR_PRESS_RELEASE,MODEL_ASSISTED,AI-assisted - CONFIRM,,,,,,LOW,,NON_HOSPITAL,No,"Curated override: community mental health provider; it operates psychiatric hospitals, but the release does not state which entity received the grant -- confirm before coding as a hospital. §10.2 NON_HOSPITAL: the named recipient is not a hospital (§0.3a -- judged on the recipient, not the activity), and the source does not state that hospitals receive or use the funded activity. Source: Governor Ivey's 2026-08-24 release, which states the awarding of 138 grants and names this recipient, amount, initiative and counties.",data/evidence/AL/2026-08-24_governor_ivey_first_arhtp_grants.html,https://governor.alabama.gov/newsroom/2026/08/governor-ivey-announces-first-grants-in-major-new-rural-healthcare-program-totaling-more-than-144-million/,PER_AWARD_ACTION,EXACT_AS_PUBLISHED,AWARDED,OVERRIDE,"Collaborative Electronic Health Record (EHR), IT and Cybersecurity Initiative","Collaborative Electronic Health Record (EHR), IT and Cybersecurity Initiative",FIRST,"Baldwin, Clay, Coosa, Mobile, Randolph, Talladega, Washington","AltaPointe Health Systems Inc. – $457,073 to enhance cybersecurity protections across its rural behavioral health network to protect patient information and maintain reliable access to care in seven counties (Baldwin, Clay, Coosa, Mobile, Randolph, Talladega, Washington)."
AL,3,Auburn University,6380000,UNIVERSITY_OR_AHC,No,"Collaborative Electronic Health Record (EHR), IT and Cybersecurity Initiative",Yes,Yes,FY2026 (Year 1),Governor Ivey Announces First Grants in Major New Rural Healthcare Program Totaling More than $144 Million,https://governor.alabama.gov/newsroom/2026/08/governor-ivey-announces-first-grants-in-major-new-rural-healthcare-program-totaling-more-than-144-million/,GOVERNOR_PRESS_RELEASE,MODEL_ASSISTED,AI-assisted - CONFIRM,,,,,,HIGH,AMOUNT_ROUNDED_IN_SOURCE,IN_KIND_BENEFIT,Yes,"Recipient name rule: name states a university or college. §10.2 IN_KIND_BENEFIT: the recipient is not a hospital and keeps the funds; hospitals use or are served by what the funds build. These dollars must never enter a 'funds distributed to hospitals' total. Source: Governor Ivey's 2026-08-24 release, which states the awarding of 138 grants and names this recipient, amount, initiative and counties. The release publishes this amount rounded to millions; it is recorded as published and is not exact to the dollar.",data/evidence/AL/2026-08-24_governor_ivey_first_arhtp_grants.html,https://governor.alabama.gov/newsroom/2026/08/governor-ivey-announces-first-grants-in-major-new-rural-healthcare-program-totaling-more-than-144-million/,PER_AWARD_ACTION,ROUNDED_TO_MILLIONS,AWARDED,PATTERN,"Collaborative Electronic Health Record (EHR), IT and Cybersecurity Initiative","Collaborative Electronic Health Record (EHR), IT and Cybersecurity Initiative",FIRST,"Barbour, Bullock, Chambers, Covington, Dale, Geneva, Henry, Macon, Monroe, Pike, Tallapoosa, Washington","Auburn University – $6.38 million to establish a shared digital health and cybersecurity network to improve access to care, information sharing and technology support for rural healthcare providers in 12 counties (Barbour, Bullock, Chambers, Covington, Dale, Geneva, Henry, Macon, Monroe, Pike, Tallapoosa, Washington)."
AL,4,Birmingham Obstetrics Gynecology PC,17500,PHYSICIAN_PRACTICE,No,"Collaborative Electronic Health Record (EHR), IT and Cybersecurity Initiative",Yes,Yes,FY2026 (Year 1),Governor Ivey Announces First Grants in Major New Rural Healthcare Program Totaling More than $144 Million,https://governor.alabama.gov/newsroom/2026/08/governor-ivey-announces-first-grants-in-major-new-rural-healthcare-program-totaling-more-than-144-million/,GOVERNOR_PRESS_RELEASE,MODEL_ASSISTED,AI-assisted - CONFIRM,,,,,,HIGH,,NON_HOSPITAL,No,"Recipient name rule: professional corporation suffix. §10.2 NON_HOSPITAL: the named recipient is not a hospital (§0.3a -- judged on the recipient, not the activity), and the source does not state that hospitals receive or use the funded activity. Source: Governor Ivey's 2026-08-24 release, which states the awarding of 138 grants and names this recipient, amount, initiative and counties.",data/evidence/AL/2026-08-24_governor_ivey_first_arhtp_grants.html,https://governor.alabama.gov/newsroom/2026/08/governor-ivey-announces-first-grants-in-major-new-rural-healthcare-program-totaling-more-than-144-million/,PER_AWARD_ACTION,EXACT_AS_PUBLISHED,AWARDED,PATTERN,"Collaborative Electronic Health Record (EHR), IT and Cybersecurity Initiative","Collaborative Electronic Health Record (EHR), IT and Cybersecurity Initiative",FIRST,,"Birmingham Obstetrics Gynecology PC – $17,500 to connect its electronic health record system to Alabama’s statewide health information exchange to improve continuity and coordination of maternity care for rural patients statewide."
AL,5,Cahaba Medical Care Foundation,212180,FQHC_OR_RHC,No,"Collaborative Electronic Health Record (EHR), IT and Cybersecurity Initiative",Yes,Yes,FY2026 (Year 1),Governor Ivey Announces First Grants in Major New Rural Healthcare Program Totaling More than $144 Million,https://governor.alabama.gov/newsroom/2026/08/governor-ivey-announces-first-grants-in-major-new-rural-healthcare-program-totaling-more-than-144-million/,GOVERNOR_PRESS_RELEASE,MODEL_ASSISTED,AI-assisted - CONFIRM,,,,,,MEDIUM,,NON_HOSPITAL,No,"Curated override: federally qualified health center; one of its own awards establishes a further FQHC site. §10.2 NON_HOSPITAL: the named recipient is not a hospital (§0.3a -- judged on the recipient, not the activity), and the source does not state that hospitals receive or use the funded activity. Source: Governor Ivey's 2026-08-24 release, which states the awarding of 138 grants and names this recipient, amount, initiative and counties.",data/evidence/AL/2026-08-24_governor_ivey_first_arhtp_grants.html,https://governor.alabama.gov/newsroom/2026/08/governor-ivey-announces-first-grants-in-major-new-rural-healthcare-program-totaling-more-than-144-million/,PER_AWARD_ACTION,EXACT_AS_PUBLISHED,AWARDED,OVERRIDE,"Collaborative Electronic Health Record (EHR), IT and Cybersecurity Initiative","Collaborative Electronic Health Record (EHR), IT and Cybersecurity Initiative",FIRST,"Bibb, Chilton, Dallas, Marengo, Perry, Wilcox","Cahaba Medical Care Foundation – $212,180 to strengthen cybersecurity protections across its rural health center network to protect patient information and maintain reliable access to care in six counties (Bibb, Chilton, Dallas, Marengo, Perry, Wilcox)."
AL,6,The City of York Health Care Authority DBA Hill Hospital of Sumter County,344269,HOSPITAL_OR_SYSTEM,Yes,"Collaborative Electronic Health Record (EHR), IT and Cybersecurity Initiative",Yes,Yes,FY2026 (Year 1),Governor Ivey Announces First Grants in Major New Rural Healthcare Program Totaling More than $144 Million,https://governor.alabama.gov/newsroom/2026/08/governor-ivey-announces-first-grants-in-major-new-rural-healthcare-program-totaling-more-than-144-million/,GOVERNOR_PRESS_RELEASE,MODEL_ASSISTED,AI-assisted - CONFIRM,,,,,,HIGH,,DIRECT,Yes,"Recipient name rule: name states a hospital. §10.2 DIRECT: the named recipient is a hospital or hospital system and the state's award document names both the recipient and the amount. Source: Governor Ivey's 2026-08-24 release, which states the awarding of 138 grants and names this recipient, amount, initiative and counties.",data/evidence/AL/2026-08-24_governor_ivey_first_arhtp_grants.html,https://governor.alabama.gov/newsroom/2026/08/governor-ivey-announces-first-grants-in-major-new-rural-healthcare-program-totaling-more-than-144-million/,PER_AWARD_ACTION,EXACT_AS_PUBLISHED,AWARDED,PATTERN,"Collaborative Electronic Health Record (EHR), IT and Cybersecurity Initiative","Collaborative Electronic Health Record (EHR), IT and Cybersecurity Initiative",FIRST,"Choctaw, Pickens, Sumter","The City of York Health Care Authority DBA Hill Hospital of Sumter County – $344,269 to strengthen its health information technology, cybersecurity and electronic health record systems to improve care coordination and protect patient information in three counties (Choctaw, Pickens, Sumter)."
AL,7,Clay County Healthcare Authority,814941,HOSPITAL_OR_SYSTEM,Yes,"Collaborative Electronic Health Record (EHR), IT and Cybersecurity Initiative",Yes,Yes,FY2026 (Year 1),Governor Ivey Announces First Grants in Major New Rural Healthcare Program Totaling More than $144 Million,https://governor.alabama.gov/newsroom/2026/08/governor-ivey-announces-first-grants-in-major-new-rural-healthcare-program-totaling-more-than-144-million/,GOVERNOR_PRESS_RELEASE,MODEL_ASSISTED,AI-assisted - CONFIRM,,,,,,MEDIUM,,DIRECT,Yes,"Recipient name rule: Alabama hospital authority. §10.2 DIRECT: the named recipient is a hospital or hospital system and the state's award document names both the recipient and the amount. Source: Governor Ivey's 2026-08-24 release, which states the awarding of 138 grants and names this recipient, amount, initiative and counties.",data/evidence/AL/2026-08-24_governor_ivey_first_arhtp_grants.html,https://governor.alabama.gov/newsroom/2026/08/governor-ivey-announces-first-grants-in-major-new-rural-healthcare-program-totaling-more-than-144-million/,PER_AWARD_ACTION,EXACT_AS_PUBLISHED,AWARDED,PATTERN,"Collaborative Electronic Health Record (EHR), IT and Cybersecurity Initiative","Collaborative Electronic Health Record (EHR), IT and Cybersecurity Initiative",FIRST,,"Clay County Healthcare Authority – $814,941 to upgrade its clinical, operational and cybersecurity technology infrastructure to improve connectivity, information sharing and reliable access to care in Clay County."
AL,8,Gadsden Regional Medical Center LLC,1400000,HOSPITAL_OR_SYSTEM,Yes,"Collaborative Electronic Health Record (EHR), IT and Cybersecurity Initiative",Yes,Yes,FY2026 (Year 1),Governor Ivey Announces First Grants in Major New Rural Healthcare Program Totaling More than $144 Million,https://governor.alabama.gov/newsroom/2026/08/governor-ivey-announces-first-grants-in-major-new-rural-healthcare-program-totaling-more-than-144-million/,GOVERNOR_PRESS_RELEASE,MODEL_ASSISTED,AI-assisted - CONFIRM,,,,,,HIGH,AMOUNT_ROUNDED_IN_SOURCE,DIRECT,Yes,"Recipient name rule: name states a medical center. §10.2 DIRECT: the named recipient is a hospital or hospital system and the state's award document names both the recipient and the amount. Source: Governor Ivey's 2026-08-24 release, which states the awarding of 138 grants and names this recipient, amount, initiative and counties. The release publishes this amount rounded to millions; it is recorded as published and is not exact to the dollar.",data/evidence/AL/2026-08-24_governor_ivey_first_arhtp_grants.html,https://governor.alabama.gov/newsroom/2026/08/governor-ivey-announces-first-grants-in-major-new-rural-healthcare-program-totaling-more-than-144-million/,PER_AWARD_ACTION,ROUNDED_TO_MILLIONS,AWARDED,PATTERN,"Collaborative Electronic Health Record (EHR), IT and Cybersecurity Initiative","Collaborative Electronic Health Record (EHR), IT and Cybersecurity Initiative",FIRST,,"Gadsden Regional Medical Center LLC – $1.4 million to modernize hospital security and emergency communication systems to strengthen patient safety, protect sensitive information and maintain reliable operations during disruptions in Etowah County."
AL,9,Haynes Ambulance of Alabama Inc.,283314,EMS_OR_PSAP,No,"Collaborative Electronic Health Record (EHR), IT and Cybersecurity Initiative",Yes,Yes,FY2026 (Year 1),Governor Ivey Announces First Grants in Major New Rural Healthcare Program Totaling More than $144 Million,https://governor.alabama.gov/newsroom/2026/08/governor-ivey-announces-first-grants-in-major-new-rural-healthcare-program-totaling-more-than-144-million/,GOVERNOR_PRESS_RELEASE,MODEL_ASSISTED,AI-assisted - CONFIRM,,,,,,HIGH,,NON_HOSPITAL,No,"Recipient name rule: name states an EMS entity. §10.2 NON_HOSPITAL: the named recipient is not a hospital (§0.3a -- judged on the recipient, not the activity), and the source does not state that hospitals receive or use the funded activity. Source: Governor Ivey's 2026-08-24 release, which states the awarding of 138 grants and names this recipient, amount, initiative and counties.",data/evidence/AL/2026-08-24_governor_ivey_first_arhtp_grants.html,https://governor.alabama.gov/newsroom/2026/08/governor-ivey-announces-first-grants-in-major-new-rural-healthcare-program-totaling-more-than-144-million/,PER_AWARD_ACTION,EXACT_AS_PUBLISHED,AWARDED,PATTERN,"Collaborative Electronic Health Record (EHR), IT and Cybersecurity Initiative","Collaborative Electronic Health Record (EHR), IT and Cybersecurity Initiative",FIRST,"Bullock, Covington, Crenshaw, Elmore, Lowndes, Macon, Pike, Tallapoosa","Haynes Ambulance of Alabama Inc. – $283,314 to strengthen cybersecurity and information technology systems across its rural emergency medical service stations to protect patient information and improve operational reliability in eight counties (Bullock, Covington, Crenshaw, Elmore, Lowndes, Macon, Pike, Tallapoosa)."
AL,10,HH Health System – Athens Limestone LLC,886464,HOSPITAL_OR_SYSTEM,Yes,"Collaborative Electronic Health Record (EHR), IT and Cybersecurity Initiative",Yes,Yes,FY2026 (Year 1),Governor Ivey Announces First Grants in Major New Rural Healthcare Program Totaling More than $144 Million,https://governor.alabama.gov/newsroom/2026/08/governor-ivey-announces-first-grants-in-major-new-rural-healthcare-program-totaling-more-than-144-million/,GOVERNOR_PRESS_RELEASE,MODEL_ASSISTED,AI-assisted - CONFIRM,,,,,,MEDIUM,,DIRECT,Yes,"Recipient name rule: name states a health system. §10.2 DIRECT: the named recipient is a hospital or hospital system and the state's award document names both the recipient and the amount. Source: Governor Ivey's 2026-08-24 release, which states the awarding of 138 grants and names this recipient, amount, initiative and counties.",data/evidence/AL/2026-08-24_governor_ivey_first_arhtp_grants.html,https://governor.alabama.gov/newsroom/2026/08/governor-ivey-announces-first-grants-in-major-new-rural-healthcare-program-totaling-more-than-144-million/,PER_AWARD_ACTION,EXACT_AS_PUBLISHED,AWARDED,PATTERN,"Collaborative Electronic Health Record (EHR), IT and Cybersecurity Initiative","Collaborative Electronic Health Record (EHR), IT and Cybersecurity Initiative",FIRST,,"HH Health System – Athens Limestone LLC – $886,464 to expand its shared electronic health record system to Athens-Limestone Hospital to improve care coordination, information sharing and cybersecurity in Limestone County."
AL,11,HH Health System – Jackson LLC,1890000,HOSPITAL_OR_SYSTEM,Yes,"Collaborative Electronic Health Record (EHR), IT and Cybersecurity Initiative",Yes,Yes,FY2026 (Year 1),Governor Ivey Announces First Grants in Major New Rural Healthcare Program Totaling More than $144 Million,https://governor.alabama.gov/newsroom/2026/08/governor-ivey-announces-first-grants-in-major-new-rural-healthcare-program-totaling-more-than-144-million/,GOVERNOR_PRESS_RELEASE,MODEL_ASSISTED,AI-assisted - CONFIRM,,,,,,MEDIUM,AMOUNT_ROUNDED_IN_SOURCE,DIRECT,Yes,"Recipient name rule: name states a health system. §10.2 DIRECT: the named recipient is a hospital or hospital system and the state's award document names both the recipient and the amount. Source: Governor Ivey's 2026-08-24 release, which states the awarding of 138 grants and names this recipient, amount, initiative and counties. The release publishes this amount rounded to millions; it is recorded as published and is not exact to the dollar.",data/evidence/AL/2026-08-24_governor_ivey_first_arhtp_grants.html,https://governor.alabama.gov/newsroom/2026/08/governor-ivey-announces-first-grants-in-major-new-rural-healthcare-program-totaling-more-than-144-million/,PER_AWARD_ACTION,ROUNDED_TO_MILLIONS,AWARDED,PATTERN,"Collaborative Electronic Health Record (EHR), IT and Cybersecurity Initiative","Collaborative Electronic Health Record (EHR), IT and Cybersecurity Initiative",FIRST,,"HH Health System – Jackson LLC – $1.89 million to modernize Highlands Medical Center’s electronic health record system and related technology infrastructure to improve patient care, cybersecurity and operational reliability in Jackson County."
AL,12,Infirmary Health System Inc.,3500000,HOSPITAL_OR_SYSTEM,Yes,"Collaborative Electronic Health Record (EHR), IT and Cybersecurity Initiative",Yes,Yes,FY2026 (Year 1),Governor Ivey Announces First Grants in Major New Rural Healthcare Program Totaling More than $144 Million,https://governor.alabama.gov/newsroom/2026/08/governor-ivey-announces-first-grants-in-major-new-rural-healthcare-program-totaling-more-than-144-million/,GOVERNOR_PRESS_RELEASE,MODEL_ASSISTED,AI-assisted - CONFIRM,,,,,,MEDIUM,AMOUNT_ROUNDED_IN_SOURCE,DIRECT,Yes,"Recipient name rule: name states a health system. §10.2 DIRECT: the named recipient is a hospital or hospital system and the state's award document names both the recipient and the amount. Source: Governor Ivey's 2026-08-24 release, which states the awarding of 138 grants and names this recipient, amount, initiative and counties. The release publishes this amount rounded to millions; it is recorded as published and is not exact to the dollar.",data/evidence/AL/2026-08-24_governor_ivey_first_arhtp_grants.html,https://governor.alabama.gov/newsroom/2026/08/governor-ivey-announces-first-grants-in-major-new-rural-healthcare-program-totaling-more-than-144-million/,PER_AWARD_ACTION,ROUNDED_TO_MILLIONS,AWARDED,PATTERN,"Collaborative Electronic Health Record (EHR), IT and Cybersecurity Initiative","Collaborative Electronic Health Record (EHR), IT and Cybersecurity Initiative",FIRST,"Clarke, Mobile, Washington","Infirmary Health System Inc. – $3.5 million to establish a regional referral and technology network to improve secure information sharing, care coordination and cybersecurity for rural hospitals and clinics in three counties (Clarke, Mobile, Washington)."
AL,13,Ivy Creek Healthcare LLC,530600,NONPROFIT_CBO,No,"Collaborative Electronic Health Record (EHR), IT and Cybersecurity Initiative",Yes,Yes,FY2026 (Year 1),Governor Ivey Announces First Grants in Major New Rural Healthcare Program Totaling More than $144 Million,https://governor.alabama.gov/newsroom/2026/08/governor-ivey-announces-first-grants-in-major-new-rural-healthcare-program-totaling-more-than-144-million/,GOVERNOR_PRESS_RELEASE,MODEL_ASSISTED,AI-assisted - CONFIRM,,,,,,LOW,RECIPIENT_TYPE_INFERRED,NON_HOSPITAL,No,"Recipient is named but the source does not state its organisational form; §8 settled fallback (session 10). §10.2 NON_HOSPITAL: the named recipient is not a hospital (§0.3a -- judged on the recipient, not the activity), and the source does not state that hospitals receive or use the funded activity. Source: Governor Ivey's 2026-08-24 release, which states the awarding of 138 grants and names this recipient, amount, initiative and counties.",data/evidence/AL/2026-08-24_governor_ivey_first_arhtp_grants.html,https://governor.alabama.gov/newsroom/2026/08/governor-ivey-announces-first-grants-in-major-new-rural-healthcare-program-totaling-more-than-144-million/,PER_AWARD_ACTION,EXACT_AS_PUBLISHED,AWARDED,FALLBACK,"Collaborative Electronic Health Record (EHR), IT and Cybersecurity Initiative","Collaborative Electronic Health Record (EHR), IT and Cybersecurity Initiative",FIRST,,"Ivy Creek Healthcare LLC – $530,600 to upgrade its electronic health record and cybersecurity systems to improve information sharing, streamline care and protect patient data in Elmore and Tallapoosa counties."
AL,14,Mental Health Board of Chilton and Shelby Counties Inc. DBA Central Alabama Wellness,43580,LOCAL_GOVT_OR_PUBLIC_HEALTH,No,"Collaborative Electronic Health Record (EHR), IT and Cybersecurity Initiative",Yes,Yes,FY2026 (Year 1),Governor Ivey Announces First Grants in Major New Rural Healthcare Program Totaling More than $144 Million,https://governor.alabama.gov/newsroom/2026/08/governor-ivey-announces-first-grants-in-major-new-rural-healthcare-program-totaling-more-than-144-million/,GOVERNOR_PRESS_RELEASE,MODEL_ASSISTED,AI-assisted - CONFIRM,,,,,,MEDIUM,,NON_HOSPITAL,No,"Curated override: county mental health board, a public body. §10.2 NON_HOSPITAL: the named recipient is not a hospital (§0.3a -- judged on the recipient, not the activity), and the source does not state that hospitals receive or use the funded activity. Source: Governor Ivey's 2026-08-24 release, which states the awarding of 138 grants and names this recipient, amount, initiative and counties.",data/evidence/AL/2026-08-24_governor_ivey_first_arhtp_grants.html,https://governor.alabama.gov/newsroom/2026/08/governor-ivey-announces-first-grants-in-major-new-rural-healthcare-program-totaling-more-than-144-million/,PER_AWARD_ACTION,EXACT_AS_PUBLISHED,AWARDED,OVERRIDE,"Collaborative Electronic Health Record (EHR), IT and Cybersecurity Initiative","Collaborative Electronic Health Record (EHR), IT and Cybersecurity Initiative",FIRST,,"Mental Health Board of Chilton and Shelby Counties Inc. DBA Central Alabama Wellness – $43,580 to upgrade its electronic health record system to improve care coordination, patient access and information sharing across behavioral health and other healthcare providers in Chilton and Shelby counties."
AL,15,NorthStar EMS Inc,169501,EMS_OR_PSAP,No,"Collaborative Electronic Health Record (EHR), IT and Cybersecurity Initiative",Yes,Yes,FY2026 (Year 1),Governor Ivey Announces First Grants in Major New Rural Healthcare Program Totaling More than $144 Million,https://governor.alabama.gov/newsroom/2026/08/governor-ivey-announces-first-grants-in-major-new-rural-healthcare-program-totaling-more-than-144-million/,GOVERNOR_PRESS_RELEASE,MODEL_ASSISTED,AI-assisted - CONFIRM,,,,,,HIGH,,NON_HOSPITAL,No,"Recipient name rule: name states an EMS entity. §10.2 NON_HOSPITAL: the named recipient is not a hospital (§0.3a -- judged on the recipient, not the activity), and the source does not state that hospitals receive or use the funded activity. Source: Governor Ivey's 2026-08-24 release, which states the awarding of 138 grants and names this recipient, amount, initiative and counties.",data/evidence/AL/2026-08-24_governor_ivey_first_arhtp_grants.html,https://governor.alabama.gov/newsroom/2026/08/governor-ivey-announces-first-grants-in-major-new-rural-healthcare-program-totaling-more-than-144-million/,PER_AWARD_ACTION,EXACT_AS_PUBLISHED,AWARDED,PATTERN,"Collaborative Electronic Health Record (EHR), IT and Cybersecurity Initiative","Collaborative Electronic Health Record (EHR), IT and Cybersecurity Initiative",FIRST,"Fayette, Marion, Talladega, Tuscaloosa","NorthStar EMS Inc. – $169,501 to upgrade the technology and cybersecurity infrastructure supporting its 911 dispatch hub to improve reliability and maintain emergency response during cyber incidents, equipment failures or other disruptions in four counties (Fayette, Marion, Talladega, Tuscaloosa)."
AL,16,Regional Paramedical Services,43260,EMS_OR_PSAP,No,"Collaborative Electronic Health Record (EHR), IT and Cybersecurity Initiative",Yes,Yes,FY2026 (Year 1),Governor Ivey Announces First Grants in Major New Rural Healthcare Program Totaling More than $144 Million,https://governor.alabama.gov/newsroom/2026/08/governor-ivey-announces-first-grants-in-major-new-rural-healthcare-program-totaling-more-than-144-million/,GOVERNOR_PRESS_RELEASE,MODEL_ASSISTED,AI-assisted - CONFIRM,,,,,,HIGH,,NON_HOSPITAL,No,"Recipient name rule: name states an EMS entity. §10.2 NON_HOSPITAL: the named recipient is not a hospital (§0.3a -- judged on the recipient, not the activity), and the source does not state that hospitals receive or use the funded activity. Source: Governor Ivey's 2026-08-24 release, which states the awarding of 138 grants and names this recipient, amount, initiative and counties.",data/evidence/AL/2026-08-24_governor_ivey_first_arhtp_grants.html,https://governor.alabama.gov/newsroom/2026/08/governor-ivey-announces-first-grants-in-major-new-rural-healthcare-program-totaling-more-than-144-million/,PER_AWARD_ACTION,EXACT_AS_PUBLISHED,AWARDED,PATTERN,"Collaborative Electronic Health Record (EHR), IT and Cybersecurity Initiative","Collaborative Electronic Health Record (EHR), IT and Cybersecurity Initiative",FIRST,"Chilton, Jefferson, Marion, Shelby, St. Clair, Walker, Winston","Regional Paramedical Services – This organization is receiving two grants from this initiative, including $43,260 to strengthen cybersecurity across its rural emergency medical service bases to protect patient information and support reliable emergency response operations in seven counties (Chilton, Jefferson, Marion, Shelby, St. Clair, Walker, Winston)."
AL,17,Regional Paramedical Services,42451,EMS_OR_PSAP,No,"Collaborative Electronic Health Record (EHR), IT and Cybersecurity Initiative | second grant to this recipient under this initiative",Yes,Yes,FY2026 (Year 1),Governor Ivey Announces First Grants in Major New Rural Healthcare Program Totaling More than $144 Million,https://governor.alabama.gov/newsroom/2026/08/governor-ivey-announces-first-grants-in-major-new-rural-healthcare-program-totaling-more-than-144-million/,GOVERNOR_PRESS_RELEASE,MODEL_ASSISTED,AI-assisted - CONFIRM,,,,,,HIGH,,NON_HOSPITAL,No,"Recipient name rule: name states an EMS entity. §10.2 NON_HOSPITAL: the named recipient is not a hospital (§0.3a -- judged on the recipient, not the activity), and the source does not state that hospitals receive or use the funded activity. Source: Governor Ivey's 2026-08-24 release, which states the awarding of 138 grants and names this recipient, amount, initiative and counties. This is the second of two grants to this recipient under this initiative; the release carries it in a continuation paragraph that names no recipient of its own.",data/evidence/AL/2026-08-24_governor_ivey_first_arhtp_grants.html,https://governor.alabama.gov/newsroom/2026/08/governor-ivey-announces-first-grants-in-major-new-rural-healthcare-program-totaling-more-than-144-million/,PER_AWARD_ACTION,EXACT_AS_PUBLISHED,AWARDED,PATTERN,"Collaborative Electronic Health Record (EHR), IT and Cybersecurity Initiative","Collaborative Electronic Health Record (EHR), IT and Cybersecurity Initiative",SECOND,"Chilton, Jefferson, Marion, Shelby, St. Clair, Walker, Winston","A second grant of $42,451 will upgrade network security at Regional Paramedical Services’ main operations base and failover dispatch center to protect critical emergency medical systems and maintain reliable response capabilities in seven counties (Chilton, Jefferson, Marion, Shelby, St. Clair, Walker, Winston)."
AL,18,The Russell Hospital Corporation,839753,HOSPITAL_OR_SYSTEM,Yes,"Collaborative Electronic Health Record (EHR), IT and Cybersecurity Initiative",Yes,Yes,FY2026 (Year 1),Governor Ivey Announces First Grants in Major New Rural Healthcare Program Totaling More than $144 Million,https://governor.alabama.gov/newsroom/2026/08/governor-ivey-announces-first-grants-in-major-new-rural-healthcare-program-totaling-more-than-144-million/,GOVERNOR_PRESS_RELEASE,MODEL_ASSISTED,AI-assisted - CONFIRM,,,,,,HIGH,,DIRECT,Yes,"Recipient name rule: name states a hospital. §10.2 DIRECT: the named recipient is a hospital or hospital system and the state's award document names both the recipient and the amount. Source: Governor Ivey's 2026-08-24 release, which states the awarding of 138 grants and names this recipient, amount, initiative and counties.",data/evidence/AL/2026-08-24_governor_ivey_first_arhtp_grants.html,https://governor.alabama.gov/newsroom/2026/08/governor-ivey-announces-first-grants-in-major-new-rural-healthcare-program-totaling-more-than-144-million/,PER_AWARD_ACTION,EXACT_AS_PUBLISHED,AWARDED,PATTERN,"Collaborative Electronic Health Record (EHR), IT and Cybersecurity Initiative","Collaborative Electronic Health Record (EHR), IT and Cybersecurity Initiative",FIRST,"Chambers, Clay, Coosa, Elmore, Lee, Talladega, Tallapoosa","The Russell Hospital Corporation – $839,753 to modernize its technology and cybersecurity infrastructure to strengthen patient care, protect health information and improve operational resilience in seven counties (Chambers, Clay, Coosa, Elmore, Lee, Talladega, Tallapoosa)."
AL,19,Clair Community Health Clinic Inc.,1170000,NONPROFIT_CBO,No,"Collaborative Electronic Health Record (EHR), IT and Cybersecurity Initiative",Yes,Yes,FY2026 (Year 1),Governor Ivey Announces First Grants in Major New Rural Healthcare Program Totaling More than $144 Million,https://governor.alabama.gov/newsroom/2026/08/governor-ivey-announces-first-grants-in-major-new-rural-healthcare-program-totaling-more-than-144-million/,GOVERNOR_PRESS_RELEASE,MODEL_ASSISTED,AI-assisted - CONFIRM,,,,,,LOW,AMOUNT_ROUNDED_IN_SOURCE,NON_HOSPITAL,No,"Curated override: free clinic for uninsured rural adults in St. Clair County; the release publishes the name without its leading 'St.'. §10.2 NON_HOSPITAL: the named recipient is not a hospital (§0.3a -- judged on the recipient, not the activity), and the source does not state that hospitals receive or use the funded activity. Source: Governor Ivey's 2026-08-24 release, which states the awarding of 138 grants and names this recipient, amount, initiative and counties. The release publishes this amount rounded to millions; it is recorded as published and is not exact to the dollar.",data/evidence/AL/2026-08-24_governor_ivey_first_arhtp_grants.html,https://governor.alabama.gov/newsroom/2026/08/governor-ivey-announces-first-grants-in-major-new-rural-healthcare-program-totaling-more-than-144-million/,PER_AWARD_ACTION,ROUNDED_TO_MILLIONS,AWARDED,OVERRIDE,"Collaborative Electronic Health Record (EHR), IT and Cybersecurity Initiative","Collaborative Electronic Health Record (EHR), IT and Cybersecurity Initiative",FIRST,,"Clair Community Health Clinic Inc. – $1.17 million to upgrade its electronic health record, pharmacy, cybersecurity and digital infrastructure to improve care coordination, protect patient information and support more efficient care for uninsured rural adults in St. Clair County."
AL,20,Sylacauga Healthcare Authority,2020000,HOSPITAL_OR_SYSTEM,Yes,"Collaborative Electronic Health Record (EHR), IT and Cybersecurity Initiative",Yes,Yes,FY2026 (Year 1),Governor Ivey Announces First Grants in Major New Rural Healthcare Program Totaling More than $144 Million,https://governor.alabama.gov/newsroom/2026/08/governor-ivey-announces-first-grants-in-major-new-rural-healthcare-program-totaling-more-than-144-million/,GOVERNOR_PRESS_RELEASE,MODEL_ASSISTED,AI-assisted - CONFIRM,,,,,,MEDIUM,AMOUNT_ROUNDED_IN_SOURCE,DIRECT,Yes,"Recipient name rule: Alabama hospital authority. §10.2 DIRECT: the named recipient is a hospital or hospital system and the state's award document names both the recipient and the amount. Source: Governor Ivey's 2026-08-24 release, which states the awarding of 138 grants and names this recipient, amount, initiative and counties. The release publishes this amount rounded to millions; it is recorded as published and is not exact to the dollar.",data/evidence/AL/2026-08-24_governor_ivey_first_arhtp_grants.html,https://governor.alabama.gov/newsroom/2026/08/governor-ivey-announces-first-grants-in-major-new-rural-healthcare-program-totaling-more-than-144-million/,PER_AWARD_ACTION,ROUNDED_TO_MILLIONS,AWARDED,PATTERN,"Collaborative Electronic Health Record (EHR), IT and Cybersecurity Initiative","Collaborative Electronic Health Record (EHR), IT and Cybersecurity Initiative",FIRST,"Clay, Coosa, Talladega","Sylacauga Healthcare Authority – $2.02 million to upgrade its information technology and cybersecurity infrastructure to improve system reliability, protect patient information and support safe clinical operations in three counties (Clay, Coosa, Talladega)."
AL,21,TLC Pediatrics & Family,200000,PHYSICIAN_PRACTICE,No,"Collaborative Electronic Health Record (EHR), IT and Cybersecurity Initiative",Yes,Yes,FY2026 (Year 1),Governor Ivey Announces First Grants in Major New Rural Healthcare Program Totaling More than $144 Million,https://governor.alabama.gov/newsroom/2026/08/governor-ivey-announces-first-grants-in-major-new-rural-healthcare-program-totaling-more-than-144-million/,GOVERNOR_PRESS_RELEASE,MODEL_ASSISTED,AI-assisted - CONFIRM,,,,,,MEDIUM,,NON_HOSPITAL,No,"Recipient name rule: name states a clinical practice. §10.2 NON_HOSPITAL: the named recipient is not a hospital (§0.3a -- judged on the recipient, not the activity), and the source does not state that hospitals receive or use the funded activity. Source: Governor Ivey's 2026-08-24 release, which states the awarding of 138 grants and names this recipient, amount, initiative and counties.",data/evidence/AL/2026-08-24_governor_ivey_first_arhtp_grants.html,https://governor.alabama.gov/newsroom/2026/08/governor-ivey-announces-first-grants-in-major-new-rural-healthcare-program-totaling-more-than-144-million/,PER_AWARD_ACTION,EXACT_AS_PUBLISHED,AWARDED,PATTERN,"Collaborative Electronic Health Record (EHR), IT and Cybersecurity Initiative","Collaborative Electronic Health Record (EHR), IT and Cybersecurity Initiative",FIRST,,"TLC Pediatrics & Family – $200,000 to enhance its information technology and cybersecurity systems to protect patient information and maintain reliable access to care in Limestone County."
AL,22,UAB St. Vincent’s Blount,839753,HOSPITAL_OR_SYSTEM,Yes,"Collaborative Electronic Health Record (EHR), IT and Cybersecurity Initiative",Yes,Yes,FY2026 (Year 1),Governor Ivey Announces First Grants in Major New Rural Healthcare Program Totaling More than $144 Million,https://governor.alabama.gov/newsroom/2026/08/governor-ivey-announces-first-grants-in-major-new-rural-healthcare-program-totaling-more-than-144-million/,GOVERNOR_PRESS_RELEASE,MODEL_ASSISTED,AI-assisted - CONFIRM,,,,,,MEDIUM,,DIRECT,Yes,"Curated override: UAB St. Vincent's Blount is a hospital; the name carries no hospital token. §10.2 DIRECT: the named recipient is a hospital or hospital system and the state's award document names both the recipient and the amount. Source: Governor Ivey's 2026-08-24 release, which states the awarding of 138 grants and names this recipient, amount, initiative and counties.",data/evidence/AL/2026-08-24_governor_ivey_first_arhtp_grants.html,https://governor.alabama.gov/newsroom/2026/08/governor-ivey-announces-first-grants-in-major-new-rural-healthcare-program-totaling-more-than-144-million/,PER_AWARD_ACTION,EXACT_AS_PUBLISHED,AWARDED,OVERRIDE,"Collaborative Electronic Health Record (EHR), IT and Cybersecurity Initiative","Collaborative Electronic Health Record (EHR), IT and Cybersecurity Initiative",FIRST,,"UAB St. Vincent’s Blount – $839,753 to modernize its information technology, cybersecurity and electronic health record systems to strengthen patient care, protect health information and improve operational reliability in Blount County."
AL,23,UAB St. Vincent’s Chilton LLC,839753,HOSPITAL_OR_SYSTEM,Yes,"Collaborative Electronic Health Record (EHR), IT and Cybersecurity Initiative",Yes,Yes,FY2026 (Year 1),Governor Ivey Announces First Grants in Major New Rural Healthcare Program Totaling More than $144 Million,https://governor.alabama.gov/newsroom/2026/08/governor-ivey-announces-first-grants-in-major-new-rural-healthcare-program-totaling-more-than-144-million/,GOVERNOR_PRESS_RELEASE,MODEL_ASSISTED,AI-assisted - CONFIRM,,,,,,MEDIUM,,DIRECT,Yes,"Curated override: UAB St. Vincent's Chilton is a hospital; the name carries no hospital token. §10.2 DIRECT: the named recipient is a hospital or hospital system and the state's award document names both the recipient and the amount. Source: Governor Ivey's 2026-08-24 release, which states the awarding of 138 grants and names this recipient, amount, initiative and counties.",data/evidence/AL/2026-08-24_governor_ivey_first_arhtp_grants.html,https://governor.alabama.gov/newsroom/2026/08/governor-ivey-announces-first-grants-in-major-new-rural-healthcare-program-totaling-more-than-144-million/,PER_AWARD_ACTION,EXACT_AS_PUBLISHED,AWARDED,OVERRIDE,"Collaborative Electronic Health Record (EHR), IT and Cybersecurity Initiative","Collaborative Electronic Health Record (EHR), IT and Cybersecurity Initiative",FIRST,"Bibb, Chilton, Coosa, Elmore, Perry","UAB St. Vincent’s Chilton LLC – $839,753 to strengthen its information technology, cybersecurity, and electronic health record systems to improve care coordination, protect patient information and support reliable hospital operations in five counties (Bibb, Chilton, Coosa, Elmore, Perry)."
AL,24,UAB St. Vincent’s St. Clair,839753,HOSPITAL_OR_SYSTEM,Yes,"Collaborative Electronic Health Record (EHR), IT and Cybersecurity Initiative",Yes,Yes,FY2026 (Year 1),Governor Ivey Announces First Grants in Major New Rural Healthcare Program Totaling More than $144 Million,https://governor.alabama.gov/newsroom/2026/08/governor-ivey-announces-first-grants-in-major-new-rural-healthcare-program-totaling-more-than-144-million/,GOVERNOR_PRESS_RELEASE,MODEL_ASSISTED,AI-assisted - CONFIRM,,,,,,MEDIUM,,DIRECT,Yes,"Curated override: UAB St. Vincent's St. Clair is a hospital; the name carries no hospital token. §10.2 DIRECT: the named recipient is a hospital or hospital system and the state's award document names both the recipient and the amount. Source: Governor Ivey's 2026-08-24 release, which states the awarding of 138 grants and names this recipient, amount, initiative and counties.",data/evidence/AL/2026-08-24_governor_ivey_first_arhtp_grants.html,https://governor.alabama.gov/newsroom/2026/08/governor-ivey-announces-first-grants-in-major-new-rural-healthcare-program-totaling-more-than-144-million/,PER_AWARD_ACTION,EXACT_AS_PUBLISHED,AWARDED,OVERRIDE,"Collaborative Electronic Health Record (EHR), IT and Cybersecurity Initiative","Collaborative Electronic Health Record (EHR), IT and Cybersecurity Initiative",FIRST,"Bibb, Chilton, Coosa, Elmore, Perry, St. Clair","UAB St. Vincent’s St. Clair – $839,753 to enhance its information technology, cybersecurity and electronic health record systems to improve care coordination, protect patient information and support reliable hospital operations serving six counties (Bibb, Chilton, Coosa, Elmore, Perry, St. Clair)."
AL,25,The University of Alabama,2450000,UNIVERSITY_OR_AHC,No,"Collaborative Electronic Health Record (EHR), IT and Cybersecurity Initiative",Yes,Yes,FY2026 (Year 1),Governor Ivey Announces First Grants in Major New Rural Healthcare Program Totaling More than $144 Million,https://governor.alabama.gov/newsroom/2026/08/governor-ivey-announces-first-grants-in-major-new-rural-healthcare-program-totaling-more-than-144-million/,GOVERNOR_PRESS_RELEASE,MODEL_ASSISTED,AI-assisted - CONFIRM,,,,,,HIGH,AMOUNT_ROUNDED_IN_SOURCE,NON_HOSPITAL,No,"Recipient name rule: name states a university or college. §10.2 NON_HOSPITAL: the named recipient is not a hospital (§0.3a -- judged on the recipient, not the activity), and the source does not state that hospitals receive or use the funded activity. Source: Governor Ivey's 2026-08-24 release, which states the awarding of 138 grants and names this recipient, amount, initiative and counties. The release publishes this amount rounded to millions; it is recorded as published and is not exact to the dollar.",data/evidence/AL/2026-08-24_governor_ivey_first_arhtp_grants.html,https://governor.alabama.gov/newsroom/2026/08/governor-ivey-announces-first-grants-in-major-new-rural-healthcare-program-totaling-more-than-144-million/,PER_AWARD_ACTION,ROUNDED_TO_MILLIONS,AWARDED,PATTERN,"Collaborative Electronic Health Record (EHR), IT and Cybersecurity Initiative","Collaborative Electronic Health Record (EHR), IT and Cybersecurity Initiative",FIRST,"Cullman, Fayette, Greene, Hale, Lee, Marengo, Montgomery, Pickens, Sumter, Talladega, Tallapoosa, Tuscaloosa","The University of Alabama – $2.45 million to establish a shared support hub to help rural healthcare providers improve referral coordination, health information technology and cybersecurity readiness in 12 counties (Cullman, Fayette, Greene, Hale, Lee, Marengo, Montgomery, Pickens, Sumter, Talladega, Tallapoosa, Tuscaloosa)."
AL,26,University of South Alabama,1510000,UNIVERSITY_OR_AHC,No,"Collaborative Electronic Health Record (EHR), IT and Cybersecurity Initiative",Yes,Yes,FY2026 (Year 1),Governor Ivey Announces First Grants in Major New Rural Healthcare Program Totaling More than $144 Million,https://governor.alabama.gov/newsroom/2026/08/governor-ivey-announces-first-grants-in-major-new-rural-healthcare-program-totaling-more-than-144-million/,GOVERNOR_PRESS_RELEASE,MODEL_ASSISTED,AI-assisted - CONFIRM,,,,,,HIGH,AMOUNT_ROUNDED_IN_SOURCE,IN_KIND_BENEFIT,Yes,"Recipient name rule: name states a university or college. §10.2 IN_KIND_BENEFIT: the recipient is not a hospital and keeps the funds; hospitals use or are served by what the funds build. These dollars must never enter a 'funds distributed to hospitals' total. Source: Governor Ivey's 2026-08-24 release, which states the awarding of 138 grants and names this recipient, amount, initiative and counties. The release publishes this amount rounded to millions; it is recorded as published and is not exact to the dollar.",data/evidence/AL/2026-08-24_governor_ivey_first_arhtp_grants.html,https://governor.alabama.gov/newsroom/2026/08/governor-ivey-announces-first-grants-in-major-new-rural-healthcare-program-totaling-more-than-144-million/,PER_AWARD_ACTION,ROUNDED_TO_MILLIONS,AWARDED,PATTERN,"Collaborative Electronic Health Record (EHR), IT and Cybersecurity Initiative","Collaborative Electronic Health Record (EHR), IT and Cybersecurity Initiative",FIRST,"Butler, Choctaw, Clarke, Conecuh, Covington, Crenshaw, Dallas, Escambia, Greene, Hale, Lowndes, Marengo, Monroe, Perry, Sumter, Washington, Wilcox","University of South Alabama – $1.51 million to establish a regional healthcare technology and interoperability network serving 10 rural hospitals across south Alabama through a coordinated hub-and-spoke model that combines shared technology services, enhanced interoperability, cybersecurity modernization and standardized operational platforms to improve provider sustainability and patient care in 17 counties (Butler, Choctaw, Clarke, Conecuh, Covington, Crenshaw, Dallas, Escambia, Greene, Hale, Lowndes, Marengo, Monroe, Perry, Sumter, Washington, Wilcox)."
AL,27,"The Washington County Health Care Authority, Inc.",27000,HOSPITAL_OR_SYSTEM,Yes,"Collaborative Electronic Health Record (EHR), IT and Cybersecurity Initiative",Yes,Yes,FY2026 (Year 1),Governor Ivey Announces First Grants in Major New Rural Healthcare Program Totaling More than $144 Million,https://governor.alabama.gov/newsroom/2026/08/governor-ivey-announces-first-grants-in-major-new-rural-healthcare-program-totaling-more-than-144-million/,GOVERNOR_PRESS_RELEASE,MODEL_ASSISTED,AI-assisted - CONFIRM,,,,,,MEDIUM,,DIRECT,Yes,"Recipient name rule: Alabama hospital authority. §10.2 DIRECT: the named recipient is a hospital or hospital system and the state's award document names both the recipient and the amount. Source: Governor Ivey's 2026-08-24 release, which states the awarding of 138 grants and names this recipient, amount, initiative and counties.",data/evidence/AL/2026-08-24_governor_ivey_first_arhtp_grants.html,https://governor.alabama.gov/newsroom/2026/08/governor-ivey-announces-first-grants-in-major-new-rural-healthcare-program-totaling-more-than-144-million/,PER_AWARD_ACTION,EXACT_AS_PUBLISHED,AWARDED,PATTERN,"Collaborative Electronic Health Record (EHR), IT and Cybersecurity Initiative","Collaborative Electronic Health Record (EHR), IT and Cybersecurity Initiative",FIRST,,"The Washington County Health Care Authority, Inc. – $27,000 to strengthen its health information technology infrastructure and cybersecurity protections to improve system reliability and protect patient information in Washington County."
AL,28,Whatley Health Services Inc.,3490000,FQHC_OR_RHC,No,"Collaborative Electronic Health Record (EHR), IT and Cybersecurity Initiative",Yes,Yes,FY2026 (Year 1),Governor Ivey Announces First Grants in Major New Rural Healthcare Program Totaling More than $144 Million,https://governor.alabama.gov/newsroom/2026/08/governor-ivey-announces-first-grants-in-major-new-rural-healthcare-program-totaling-more-than-144-million/,GOVERNOR_PRESS_RELEASE,MODEL_ASSISTED,AI-assisted - CONFIRM,,,,,,MEDIUM,AMOUNT_ROUNDED_IN_SOURCE,NON_HOSPITAL,No,"Curated override: federally qualified health center network. §10.2 NON_HOSPITAL: the named recipient is not a hospital (§0.3a -- judged on the recipient, not the activity), and the source does not state that hospitals receive or use the funded activity. Source: Governor Ivey's 2026-08-24 release, which states the awarding of 138 grants and names this recipient, amount, initiative and counties. The release publishes this amount rounded to millions; it is recorded as published and is not exact to the dollar.",data/evidence/AL/2026-08-24_governor_ivey_first_arhtp_grants.html,https://governor.alabama.gov/newsroom/2026/08/governor-ivey-announces-first-grants-in-major-new-rural-healthcare-program-totaling-more-than-144-million/,PER_AWARD_ACTION,ROUNDED_TO_MILLIONS,AWARDED,OVERRIDE,"Collaborative Electronic Health Record (EHR), IT and Cybersecurity Initiative","Collaborative Electronic Health Record (EHR), IT and Cybersecurity Initiative",FIRST,"Greene, Hale, Lamar, Pickens, Sumter, Tuscaloosa, Walker","Whatley Health Services Inc. – $3.49 million to strengthen its electronic health record, cybersecurity and information technology systems across its rural clinic network to improve care coordination, protect patient information and support reliable healthcare operations in seven counties (Greene, Hale, Lamar, Pickens, Sumter, Tuscaloosa, Walker)."
AL,29,Wilcox Hospital Board DBA J. Paul Jones Rural Emergency Hospital,839753,HOSPITAL_OR_SYSTEM,Yes,"Collaborative Electronic Health Record (EHR), IT and Cybersecurity Initiative",Yes,Yes,FY2026 (Year 1),Governor Ivey Announces First Grants in Major New Rural Healthcare Program Totaling More than $144 Million,https://governor.alabama.gov/newsroom/2026/08/governor-ivey-announces-first-grants-in-major-new-rural-healthcare-program-totaling-more-than-144-million/,GOVERNOR_PRESS_RELEASE,MODEL_ASSISTED,AI-assisted - CONFIRM,,,,,,HIGH,,DIRECT,Yes,"Recipient name rule: name states a hospital. §10.2 DIRECT: the named recipient is a hospital or hospital system and the state's award document names both the recipient and the amount. Source: Governor Ivey's 2026-08-24 release, which states the awarding of 138 grants and names this recipient, amount, initiative and counties.",data/evidence/AL/2026-08-24_governor_ivey_first_arhtp_grants.html,https://governor.alabama.gov/newsroom/2026/08/governor-ivey-announces-first-grants-in-major-new-rural-healthcare-program-totaling-more-than-144-million/,PER_AWARD_ACTION,EXACT_AS_PUBLISHED,AWARDED,PATTERN,"Collaborative Electronic Health Record (EHR), IT and Cybersecurity Initiative","Collaborative Electronic Health Record (EHR), IT and Cybersecurity Initiative",FIRST,"Chilton, Coosa, Elmore, Perry, Wilcox","Wilcox Hospital Board DBA J. Paul Jones Rural Emergency Hospital – $839,753 to upgrade its information technology, cybersecurity and electronic health record systems to improve secure information sharing, protect patient data and support reliable healthcare operations in five counties (Chilton, Coosa, Elmore, Perry, Wilcox)."
AL,30,Alabama Vascular Specialists,241894,PHYSICIAN_PRACTICE,No,Rural Health Initiative,Yes,Yes,FY2026 (Year 1),Governor Ivey Announces First Grants in Major New Rural Healthcare Program Totaling More than $144 Million,https://governor.alabama.gov/newsroom/2026/08/governor-ivey-announces-first-grants-in-major-new-rural-healthcare-program-totaling-more-than-144-million/,GOVERNOR_PRESS_RELEASE,MODEL_ASSISTED,AI-assisted - CONFIRM,,,,,,MEDIUM,,NON_HOSPITAL,No,"Recipient name rule: name states a clinical practice. §10.2 NON_HOSPITAL: the named recipient is not a hospital (§0.3a -- judged on the recipient, not the activity), and the source does not state that hospitals receive or use the funded activity. Source: Governor Ivey's 2026-08-24 release, which states the awarding of 138 grants and names this recipient, amount, initiative and counties.",data/evidence/AL/2026-08-24_governor_ivey_first_arhtp_grants.html,https://governor.alabama.gov/newsroom/2026/08/governor-ivey-announces-first-grants-in-major-new-rural-healthcare-program-totaling-more-than-144-million/,PER_AWARD_ACTION,EXACT_AS_PUBLISHED,AWARDED,PATTERN,Rural Health Initiative,Rural Health Initiative,FIRST,"Bibb, Bullock, Butler, Choctaw, Clarke, Conecuh, Dallas, Greene, Hale, Lowndes, Macon, Marengo, Monroe, Montgomery, Perry, Pickens, Sumter, Washington, Wilcox","Alabama Vascular Specialists – $241,894 to expand vascular specialty services at its Selma satellite clinic by purchasing ultrasound, circulation-testing, and accessible examination equipment. The new equipment will allow the clinic to increase diagnostic testing capacity, improve patient triage, and expand clinic frequency from one to two days per week. (Bibb, Bullock, Butler, Choctaw, Clarke, Conecuh, Dallas, Greene, Hale, Lowndes, Macon, Marengo, Monroe, Montgomery, Perry, Pickens, Sumter, Washington, Wilcox)."
AL,31,Andalusia Health,625257,HOSPITAL_OR_SYSTEM,Yes,Rural Health Initiative,Yes,Yes,FY2026 (Year 1),Governor Ivey Announces First Grants in Major New Rural Healthcare Program Totaling More than $144 Million,https://governor.alabama.gov/newsroom/2026/08/governor-ivey-announces-first-grants-in-major-new-rural-healthcare-program-totaling-more-than-144-million/,GOVERNOR_PRESS_RELEASE,MODEL_ASSISTED,AI-assisted - CONFIRM,,,,,,MEDIUM,,DIRECT,Yes,"Curated override: the release's own prose calls it a hospital. §10.2 DIRECT: the named recipient is a hospital or hospital system and the state's award document names both the recipient and the amount. Source: Governor Ivey's 2026-08-24 release, which states the awarding of 138 grants and names this recipient, amount, initiative and counties.",data/evidence/AL/2026-08-24_governor_ivey_first_arhtp_grants.html,https://governor.alabama.gov/newsroom/2026/08/governor-ivey-announces-first-grants-in-major-new-rural-healthcare-program-totaling-more-than-144-million/,PER_AWARD_ACTION,EXACT_AS_PUBLISHED,AWARDED,OVERRIDE,Rural Health Initiative,Rural Health Initiative,FIRST,Covington,"Andalusia Health – This hospital has received two grants under this initiative, including $625,257 to replace an obsolete CT scanner with a modern imaging system to accommodate a wider range of patients and help emergency teams diagnose heart and stroke conditions more quickly so more care can remain close to home (Covington)."
AL,32,Andalusia Health,176980,HOSPITAL_OR_SYSTEM,Yes,Rural Health Initiative | second grant to this recipient under this initiative,Yes,Yes,FY2026 (Year 1),Governor Ivey Announces First Grants in Major New Rural Healthcare Program Totaling More than $144 Million,https://governor.alabama.gov/newsroom/2026/08/governor-ivey-announces-first-grants-in-major-new-rural-healthcare-program-totaling-more-than-144-million/,GOVERNOR_PRESS_RELEASE,MODEL_ASSISTED,AI-assisted - CONFIRM,,,,,,MEDIUM,,DIRECT,Yes,"Curated override: the release's own prose calls it a hospital. §10.2 DIRECT: the named recipient is a hospital or hospital system and the state's award document names both the recipient and the amount. Source: Governor Ivey's 2026-08-24 release, which states the awarding of 138 grants and names this recipient, amount, initiative and counties. This is the second of two grants to this recipient under this initiative; the release carries it in a continuation paragraph that names no recipient of its own.",data/evidence/AL/2026-08-24_governor_ivey_first_arhtp_grants.html,https://governor.alabama.gov/newsroom/2026/08/governor-ivey-announces-first-grants-in-major-new-rural-healthcare-program-totaling-more-than-144-million/,PER_AWARD_ACTION,EXACT_AS_PUBLISHED,AWARDED,OVERRIDE,Rural Health Initiative,Rural Health Initiative,SECOND,"Butler, Coffee, Conecuh, Covington, Crenshaw, Escambia","A second grant for $176,980 will purchase and operationalize a dedicated non-emergency transportation vehicle to provide safe, reliable transport for discharged patients who live in six counties (Butler, Coffee, Conecuh, Covington, Crenshaw, Escambia)."
AL,33,"The Arc of Madison County, Inc.",1340000,NONPROFIT_CBO,No,Rural Health Initiative,Yes,Yes,FY2026 (Year 1),Governor Ivey Announces First Grants in Major New Rural Healthcare Program Totaling More than $144 Million,https://governor.alabama.gov/newsroom/2026/08/governor-ivey-announces-first-grants-in-major-new-rural-healthcare-program-totaling-more-than-144-million/,GOVERNOR_PRESS_RELEASE,MODEL_ASSISTED,AI-assisted - CONFIRM,,,,,,LOW,RECIPIENT_TYPE_INFERRED,NON_HOSPITAL,No,"Recipient is named but the source does not state its organisational form; §8 settled fallback (session 10). §10.2 NON_HOSPITAL: the named recipient is not a hospital (§0.3a -- judged on the recipient, not the activity), and the source does not state that hospitals receive or use the funded activity. Source: Governor Ivey's 2026-08-24 release, which states the awarding of 138 grants and names this recipient, amount, initiative and counties. The release publishes this amount rounded to millions; it is recorded as published and is not exact to the dollar.",data/evidence/AL/2026-08-24_governor_ivey_first_arhtp_grants.html,https://governor.alabama.gov/newsroom/2026/08/governor-ivey-announces-first-grants-in-major-new-rural-healthcare-program-totaling-more-than-144-million/,PER_AWARD_ACTION,ROUNDED_TO_MILLIONS,AWARDED,FALLBACK,Rural Health Initiative,Rural Health Initiative,FIRST,"Madison, Shelby, Walker","The Arc of Madison County, Inc. – $1.34 million to expand the Physician-Assisted Autism Diagnostic Pathways program through virtual occupational therapy, speech therapy and coordinated support for young children after a diagnosis of developmental delay or autism (Madison, Shelby, Walker)."
AL,34,Auburn University,4000000,UNIVERSITY_OR_AHC,No,Rural Health Initiative,Yes,Yes,FY2026 (Year 1),Governor Ivey Announces First Grants in Major New Rural Healthcare Program Totaling More than $144 Million,https://governor.alabama.gov/newsroom/2026/08/governor-ivey-announces-first-grants-in-major-new-rural-healthcare-program-totaling-more-than-144-million/,GOVERNOR_PRESS_RELEASE,MODEL_ASSISTED,AI-assisted - CONFIRM,,,,,,HIGH,AMOUNT_ROUNDED_IN_SOURCE,NON_HOSPITAL,No,"Recipient name rule: name states a university or college. §10.2 NON_HOSPITAL: the named recipient is not a hospital (§0.3a -- judged on the recipient, not the activity), and the source does not state that hospitals receive or use the funded activity. Source: Governor Ivey's 2026-08-24 release, which states the awarding of 138 grants and names this recipient, amount, initiative and counties. The release publishes this amount rounded to millions; it is recorded as published and is not exact to the dollar.",data/evidence/AL/2026-08-24_governor_ivey_first_arhtp_grants.html,https://governor.alabama.gov/newsroom/2026/08/governor-ivey-announces-first-grants-in-major-new-rural-healthcare-program-totaling-more-than-144-million/,PER_AWARD_ACTION,ROUNDED_TO_MILLIONS,AWARDED,PATTERN,Rural Health Initiative,Rural Health Initiative,FIRST,"Barbour, Bibb, Bullock, Chambers, Clay, Conecuh, Covington, Dale, Franklin, Geneva, Henry, Macon, Marion, Pike, Tallapoosa, Washington","Auburn University – $4 million to create a network of local healthcare access sites connected to a central virtual clinic to expand preventive and primary care in rural communities. The project will use virtual visits and remote health monitoring to connect residents with routine care, specialty services, chronic condition management, mental health support and coordinated care while reducing travel and strengthening rural providers (Barbour, Bibb, Bullock, Chambers, Clay, Conecuh, Covington, Dale, Franklin, Geneva, Henry, Macon, Marion, Pike, Tallapoosa, Washington)."
AL,35,TTC LLC DBA BHG Cullman Treatment Center,339580,NONPROFIT_CBO,No,Rural Health Initiative,Yes,Yes,FY2026 (Year 1),Governor Ivey Announces First Grants in Major New Rural Healthcare Program Totaling More than $144 Million,https://governor.alabama.gov/newsroom/2026/08/governor-ivey-announces-first-grants-in-major-new-rural-healthcare-program-totaling-more-than-144-million/,GOVERNOR_PRESS_RELEASE,MODEL_ASSISTED,AI-assisted - CONFIRM,,,,,,LOW,RECIPIENT_TYPE_INFERRED,NON_HOSPITAL,No,"Recipient is named but the source does not state its organisational form; §8 settled fallback (session 10). §10.2 NON_HOSPITAL: the named recipient is not a hospital (§0.3a -- judged on the recipient, not the activity), and the source does not state that hospitals receive or use the funded activity. Source: Governor Ivey's 2026-08-24 release, which states the awarding of 138 grants and names this recipient, amount, initiative and counties.",data/evidence/AL/2026-08-24_governor_ivey_first_arhtp_grants.html,https://governor.alabama.gov/newsroom/2026/08/governor-ivey-announces-first-grants-in-major-new-rural-healthcare-program-totaling-more-than-144-million/,PER_AWARD_ACTION,EXACT_AS_PUBLISHED,AWARDED,FALLBACK,Rural Health Initiative,Rural Health Initiative,FIRST,Cullman,"TTC LLC DBA BHG Cullman Treatment Center – $339,580 to implement technology to strengthen access to opioid treatment services, medication management and treatment continuity at the Cullman treatment center (Cullman)."
AL,36,Cahaba Medical Care Foundation,106500,FQHC_OR_RHC,No,Rural Health Initiative,Yes,Yes,FY2026 (Year 1),Governor Ivey Announces First Grants in Major New Rural Healthcare Program Totaling More than $144 Million,https://governor.alabama.gov/newsroom/2026/08/governor-ivey-announces-first-grants-in-major-new-rural-healthcare-program-totaling-more-than-144-million/,GOVERNOR_PRESS_RELEASE,MODEL_ASSISTED,AI-assisted - CONFIRM,,,,,,MEDIUM,,NON_HOSPITAL,No,"Curated override: federally qualified health center; one of its own awards establishes a further FQHC site. §10.2 NON_HOSPITAL: the named recipient is not a hospital (§0.3a -- judged on the recipient, not the activity), and the source does not state that hospitals receive or use the funded activity. Source: Governor Ivey's 2026-08-24 release, which states the awarding of 138 grants and names this recipient, amount, initiative and counties.",data/evidence/AL/2026-08-24_governor_ivey_first_arhtp_grants.html,https://governor.alabama.gov/newsroom/2026/08/governor-ivey-announces-first-grants-in-major-new-rural-healthcare-program-totaling-more-than-144-million/,PER_AWARD_ACTION,EXACT_AS_PUBLISHED,AWARDED,OVERRIDE,Rural Health Initiative,Rural Health Initiative,FIRST,"Bibb, Chilton, Perry, Wilcox","Cahaba Medical Care Foundation – This healthcare institution has received two grants under this initiative, including one for $106,500 to establish a two-tier telehealth and specialty consultation program across six rural clinics to expand access to dermatology services closer to home (Bibb, Chilton, Perry, Wilcox)."
AL,37,Cahaba Medical Care Foundation,2280000,FQHC_OR_RHC,No,Rural Health Initiative | second grant to this recipient under this initiative,Yes,Yes,FY2026 (Year 1),Governor Ivey Announces First Grants in Major New Rural Healthcare Program Totaling More than $144 Million,https://governor.alabama.gov/newsroom/2026/08/governor-ivey-announces-first-grants-in-major-new-rural-healthcare-program-totaling-more-than-144-million/,GOVERNOR_PRESS_RELEASE,MODEL_ASSISTED,AI-assisted - CONFIRM,,,,,,MEDIUM,AMOUNT_ROUNDED_IN_SOURCE,NON_HOSPITAL,No,"Curated override: federally qualified health center; one of its own awards establishes a further FQHC site. §10.2 NON_HOSPITAL: the named recipient is not a hospital (§0.3a -- judged on the recipient, not the activity), and the source does not state that hospitals receive or use the funded activity. Source: Governor Ivey's 2026-08-24 release, which states the awarding of 138 grants and names this recipient, amount, initiative and counties. The release publishes this amount rounded to millions; it is recorded as published and is not exact to the dollar. This is the second of two grants to this recipient under this initiative; the release carries it in a continuation paragraph that names no recipient of its own.",data/evidence/AL/2026-08-24_governor_ivey_first_arhtp_grants.html,https://governor.alabama.gov/newsroom/2026/08/governor-ivey-announces-first-grants-in-major-new-rural-healthcare-program-totaling-more-than-144-million/,PER_AWARD_ACTION,ROUNDED_TO_MILLIONS,AWARDED,OVERRIDE,Rural Health Initiative,Rural Health Initiative,SECOND,"Bibb, Dallas, Marengo, Perry, Wilcox","A second grant for $2.28 million will help establish a centralized rural shared-services hub and expand clinical capacity to support new and expanded primary care and behavioral health services across Alabama’s Black Belt (Bibb, Dallas, Marengo, Perry, Wilcox)."
AL,38,Capstone Health,260060,NONPROFIT_CBO,No,Rural Health Initiative,Yes,Yes,FY2026 (Year 1),Governor Ivey Announces First Grants in Major New Rural Healthcare Program Totaling More than $144 Million,https://governor.alabama.gov/newsroom/2026/08/governor-ivey-announces-first-grants-in-major-new-rural-healthcare-program-totaling-more-than-144-million/,GOVERNOR_PRESS_RELEASE,MODEL_ASSISTED,AI-assisted - CONFIRM,,,,,,LOW,RECIPIENT_TYPE_INFERRED,NON_HOSPITAL,No,"Recipient is named but the source does not state its organisational form; §8 settled fallback (session 10). §10.2 NON_HOSPITAL: the named recipient is not a hospital (§0.3a -- judged on the recipient, not the activity), and the source does not state that hospitals receive or use the funded activity. Source: Governor Ivey's 2026-08-24 release, which states the awarding of 138 grants and names this recipient, amount, initiative and counties.",data/evidence/AL/2026-08-24_governor_ivey_first_arhtp_grants.html,https://governor.alabama.gov/newsroom/2026/08/governor-ivey-announces-first-grants-in-major-new-rural-healthcare-program-totaling-more-than-144-million/,PER_AWARD_ACTION,EXACT_AS_PUBLISHED,AWARDED,FALLBACK,Rural Health Initiative,Rural Health Initiative,FIRST,"Walker, Winston","Capstone Health – $260,060 to establish the Capstone Health Access and Mentorship Partnership to expand local Hepatitis C screening, treatment and care coordination in rural communities in two counties (Walker, Winston)."
AL,39,City of Jackson Healthcare Authority DBA Jackson Medical Center,98300,HOSPITAL_OR_SYSTEM,Yes,Rural Health Initiative,Yes,Yes,FY2026 (Year 1),Governor Ivey Announces First Grants in Major New Rural Healthcare Program Totaling More than $144 Million,https://governor.alabama.gov/newsroom/2026/08/governor-ivey-announces-first-grants-in-major-new-rural-healthcare-program-totaling-more-than-144-million/,GOVERNOR_PRESS_RELEASE,MODEL_ASSISTED,AI-assisted - CONFIRM,,,,,,HIGH,,DIRECT,Yes,"Recipient name rule: name states a medical center. §10.2 DIRECT: the named recipient is a hospital or hospital system and the state's award document names both the recipient and the amount. Source: Governor Ivey's 2026-08-24 release, which states the awarding of 138 grants and names this recipient, amount, initiative and counties.",data/evidence/AL/2026-08-24_governor_ivey_first_arhtp_grants.html,https://governor.alabama.gov/newsroom/2026/08/governor-ivey-announces-first-grants-in-major-new-rural-healthcare-program-totaling-more-than-144-million/,PER_AWARD_ACTION,EXACT_AS_PUBLISHED,AWARDED,PATTERN,Rural Health Initiative,Rural Health Initiative,FIRST,"Clarke, Washington","City of Jackson Healthcare Authority DBA Jackson Medical Center – $98,300 to establish The Bridge Project, a dedicated non-emergency medical transportation program for mobility-impaired residents and behavioral health patients who need reliable access to healthcare services (Clarke, Washington)."
AL,40,Clay County Healthcare Authority,1540000,HOSPITAL_OR_SYSTEM,Yes,Rural Health Initiative,Yes,Yes,FY2026 (Year 1),Governor Ivey Announces First Grants in Major New Rural Healthcare Program Totaling More than $144 Million,https://governor.alabama.gov/newsroom/2026/08/governor-ivey-announces-first-grants-in-major-new-rural-healthcare-program-totaling-more-than-144-million/,GOVERNOR_PRESS_RELEASE,MODEL_ASSISTED,AI-assisted - CONFIRM,,,,,,MEDIUM,AMOUNT_ROUNDED_IN_SOURCE,DIRECT,Yes,"Recipient name rule: Alabama hospital authority. §10.2 DIRECT: the named recipient is a hospital or hospital system and the state's award document names both the recipient and the amount. Source: Governor Ivey's 2026-08-24 release, which states the awarding of 138 grants and names this recipient, amount, initiative and counties. The release publishes this amount rounded to millions; it is recorded as published and is not exact to the dollar.",data/evidence/AL/2026-08-24_governor_ivey_first_arhtp_grants.html,https://governor.alabama.gov/newsroom/2026/08/governor-ivey-announces-first-grants-in-major-new-rural-healthcare-program-totaling-more-than-144-million/,PER_AWARD_ACTION,ROUNDED_TO_MILLIONS,AWARDED,PATTERN,Rural Health Initiative,Rural Health Initiative,FIRST,Clay,Clay County Healthcare Authority – $1.54 million to expand primary and specialty care by converting existing office and surgical space into a rural health clinic staffed by a primary care physician (Clay).
AL,41,Crenshaw County Healthcare Authority,1080000,HOSPITAL_OR_SYSTEM,Yes,Rural Health Initiative,Yes,Yes,FY2026 (Year 1),Governor Ivey Announces First Grants in Major New Rural Healthcare Program Totaling More than $144 Million,https://governor.alabama.gov/newsroom/2026/08/governor-ivey-announces-first-grants-in-major-new-rural-healthcare-program-totaling-more-than-144-million/,GOVERNOR_PRESS_RELEASE,MODEL_ASSISTED,AI-assisted - CONFIRM,,,,,,MEDIUM,AMOUNT_ROUNDED_IN_SOURCE,DIRECT,Yes,"Recipient name rule: Alabama hospital authority. §10.2 DIRECT: the named recipient is a hospital or hospital system and the state's award document names both the recipient and the amount. Source: Governor Ivey's 2026-08-24 release, which states the awarding of 138 grants and names this recipient, amount, initiative and counties. The release publishes this amount rounded to millions; it is recorded as published and is not exact to the dollar.",data/evidence/AL/2026-08-24_governor_ivey_first_arhtp_grants.html,https://governor.alabama.gov/newsroom/2026/08/governor-ivey-announces-first-grants-in-major-new-rural-healthcare-program-totaling-more-than-144-million/,PER_AWARD_ACTION,ROUNDED_TO_MILLIONS,AWARDED,PATTERN,Rural Health Initiative,Rural Health Initiative,FIRST,Crenshaw,"Crenshaw County Healthcare Authority – $1.08 million to establish a tele-psychiatry program to expand access to behavioral health care for rural patients and reduce unnecessary travel, transfers and delays in psychiatric evaluation (Crenshaw)."
AL,42,Dale Medical Center,305775,HOSPITAL_OR_SYSTEM,Yes,Rural Health Initiative,Yes,Yes,FY2026 (Year 1),Governor Ivey Announces First Grants in Major New Rural Healthcare Program Totaling More than $144 Million,https://governor.alabama.gov/newsroom/2026/08/governor-ivey-announces-first-grants-in-major-new-rural-healthcare-program-totaling-more-than-144-million/,GOVERNOR_PRESS_RELEASE,MODEL_ASSISTED,AI-assisted - CONFIRM,,,,,,HIGH,,DIRECT,Yes,"Recipient name rule: name states a medical center. §10.2 DIRECT: the named recipient is a hospital or hospital system and the state's award document names both the recipient and the amount. Source: Governor Ivey's 2026-08-24 release, which states the awarding of 138 grants and names this recipient, amount, initiative and counties.",data/evidence/AL/2026-08-24_governor_ivey_first_arhtp_grants.html,https://governor.alabama.gov/newsroom/2026/08/governor-ivey-announces-first-grants-in-major-new-rural-healthcare-program-totaling-more-than-144-million/,PER_AWARD_ACTION,EXACT_AS_PUBLISHED,AWARDED,PATTERN,Rural Health Initiative,Rural Health Initiative,FIRST,"Coffee, Dale, Geneva, Henry, Houston, Pike","Dale Medical Center – $305,775 to replace aging mammography equipment with a modern 3D imaging system to preserve local breast cancer screening and support earlier detection (Coffee, Dale, Geneva, Henry, Houston, Pike)."
AL,43,The DCH Health Care Authority,2000000,HOSPITAL_OR_SYSTEM,Yes,Rural Health Initiative,Yes,Yes,FY2026 (Year 1),Governor Ivey Announces First Grants in Major New Rural Healthcare Program Totaling More than $144 Million,https://governor.alabama.gov/newsroom/2026/08/governor-ivey-announces-first-grants-in-major-new-rural-healthcare-program-totaling-more-than-144-million/,GOVERNOR_PRESS_RELEASE,MODEL_ASSISTED,AI-assisted - CONFIRM,,,,,,MEDIUM,AMOUNT_ROUNDED_IN_SOURCE,DIRECT,Yes,"Recipient name rule: Alabama hospital authority. §10.2 DIRECT: the named recipient is a hospital or hospital system and the state's award document names both the recipient and the amount. Source: Governor Ivey's 2026-08-24 release, which states the awarding of 138 grants and names this recipient, amount, initiative and counties. The release publishes this amount rounded to millions; it is recorded as published and is not exact to the dollar.",data/evidence/AL/2026-08-24_governor_ivey_first_arhtp_grants.html,https://governor.alabama.gov/newsroom/2026/08/governor-ivey-announces-first-grants-in-major-new-rural-healthcare-program-totaling-more-than-144-million/,PER_AWARD_ACTION,ROUNDED_TO_MILLIONS,AWARDED,PATTERN,Rural Health Initiative,Rural Health Initiative,FIRST,"Fayette, Pickens, Greene, Hale, Lamar, Perry, Sumter, Marengo, Choctaw, Bibb","The DCH Health Care Authority – $2 million to establish a dedicated non-emergency medical transportation program to improve access to healthcare services and support patient movement across west Alabama (Fayette, Pickens, Greene, Hale, Lamar, Perry, Sumter, Marengo, Choctaw, Bibb)."
AL,44,The East Alabama Health Care Authority,6770000,HOSPITAL_OR_SYSTEM,Yes,Rural Health Initiative,Yes,Yes,FY2026 (Year 1),Governor Ivey Announces First Grants in Major New Rural Healthcare Program Totaling More than $144 Million,https://governor.alabama.gov/newsroom/2026/08/governor-ivey-announces-first-grants-in-major-new-rural-healthcare-program-totaling-more-than-144-million/,GOVERNOR_PRESS_RELEASE,MODEL_ASSISTED,AI-assisted - CONFIRM,,,,,,MEDIUM,AMOUNT_ROUNDED_IN_SOURCE,DIRECT,Yes,"Recipient name rule: Alabama hospital authority. §10.2 DIRECT: the named recipient is a hospital or hospital system and the state's award document names both the recipient and the amount. Source: Governor Ivey's 2026-08-24 release, which states the awarding of 138 grants and names this recipient, amount, initiative and counties. The release publishes this amount rounded to millions; it is recorded as published and is not exact to the dollar.",data/evidence/AL/2026-08-24_governor_ivey_first_arhtp_grants.html,https://governor.alabama.gov/newsroom/2026/08/governor-ivey-announces-first-grants-in-major-new-rural-healthcare-program-totaling-more-than-144-million/,PER_AWARD_ACTION,ROUNDED_TO_MILLIONS,AWARDED,PATTERN,Rural Health Initiative,Rural Health Initiative,FIRST,"Barbour, Bullock, Chambers, Clay, Elmore, Lee","The East Alabama Health Care Authority – This healthcare institution has received two grants under this initiative, including one for $6.77 million to establish a Regional Shared Services Hub to strengthen the operations and sustainability of rural partner hospitals across the region (Barbour, Bullock, Chambers, Clay, Elmore, Lee)."
AL,45,The East Alabama Health Care Authority,1290000,HOSPITAL_OR_SYSTEM,Yes,Rural Health Initiative | second grant to this recipient under this initiative,Yes,Yes,FY2026 (Year 1),Governor Ivey Announces First Grants in Major New Rural Healthcare Program Totaling More than $144 Million,https://governor.alabama.gov/newsroom/2026/08/governor-ivey-announces-first-grants-in-major-new-rural-healthcare-program-totaling-more-than-144-million/,GOVERNOR_PRESS_RELEASE,MODEL_ASSISTED,AI-assisted - CONFIRM,,,,,,MEDIUM,AMOUNT_ROUNDED_IN_SOURCE,DIRECT,Yes,"Recipient name rule: Alabama hospital authority. §10.2 DIRECT: the named recipient is a hospital or hospital system and the state's award document names both the recipient and the amount. Source: Governor Ivey's 2026-08-24 release, which states the awarding of 138 grants and names this recipient, amount, initiative and counties. The release publishes this amount rounded to millions; it is recorded as published and is not exact to the dollar. This is the second of two grants to this recipient under this initiative; the release carries it in a continuation paragraph that names no recipient of its own.",data/evidence/AL/2026-08-24_governor_ivey_first_arhtp_grants.html,https://governor.alabama.gov/newsroom/2026/08/governor-ivey-announces-first-grants-in-major-new-rural-healthcare-program-totaling-more-than-144-million/,PER_AWARD_ACTION,ROUNDED_TO_MILLIONS,AWARDED,PATTERN,Rural Health Initiative,Rural Health Initiative,SECOND,"Chambers, Macon, Tallapoosa","A second grant for $1.29 million will be used to acquire a mobile outreach bus, replicating a current bus model, connecting residents in underserved rural communities to primary care resources and preventative health screenings (Chambers, Macon, Tallapoosa)."
AL,46,Evergreen Nephrology LLC,891588,PHYSICIAN_PRACTICE,No,Rural Health Initiative,Yes,Yes,FY2026 (Year 1),Governor Ivey Announces First Grants in Major New Rural Healthcare Program Totaling More than $144 Million,https://governor.alabama.gov/newsroom/2026/08/governor-ivey-announces-first-grants-in-major-new-rural-healthcare-program-totaling-more-than-144-million/,GOVERNOR_PRESS_RELEASE,MODEL_ASSISTED,AI-assisted - CONFIRM,,,,,,MEDIUM,,NON_HOSPITAL,No,"Recipient name rule: name states a clinical practice. §10.2 NON_HOSPITAL: the named recipient is not a hospital (§0.3a -- judged on the recipient, not the activity), and the source does not state that hospitals receive or use the funded activity. Source: Governor Ivey's 2026-08-24 release, which states the awarding of 138 grants and names this recipient, amount, initiative and counties.",data/evidence/AL/2026-08-24_governor_ivey_first_arhtp_grants.html,https://governor.alabama.gov/newsroom/2026/08/governor-ivey-announces-first-grants-in-major-new-rural-healthcare-program-totaling-more-than-144-million/,PER_AWARD_ACTION,EXACT_AS_PUBLISHED,AWARDED,PATTERN,Rural Health Initiative,Rural Health Initiative,FIRST,"Blount, Calhoun, Chilton, Cullman, Etowah, Fayette, Jackson, Lauderdale, Limestone, Marion, Marshall, Shelby, St. Clair, Talladega, Walker","Evergreen Nephrology LLC – $891,588 to operate the Evergreen Rural Connected Care program to provide virtual care management and at-home health monitoring for rural residents with chronic kidney disease, high blood pressure, diabetes, heart failure and related conditions (Blount, Calhoun, Chilton, Cullman, Etowah, Fayette, Jackson, Lauderdale, Limestone, Marion, Marshall, Shelby, St. Clair, Talladega, Walker)."
AL,47,Faulkner University,2080000,UNIVERSITY_OR_AHC,No,Rural Health Initiative,Yes,Yes,FY2026 (Year 1),Governor Ivey Announces First Grants in Major New Rural Healthcare Program Totaling More than $144 Million,https://governor.alabama.gov/newsroom/2026/08/governor-ivey-announces-first-grants-in-major-new-rural-healthcare-program-totaling-more-than-144-million/,GOVERNOR_PRESS_RELEASE,MODEL_ASSISTED,AI-assisted - CONFIRM,,,,,,HIGH,AMOUNT_ROUNDED_IN_SOURCE,NON_HOSPITAL,No,"Recipient name rule: name states a university or college. §10.2 NON_HOSPITAL: the named recipient is not a hospital (§0.3a -- judged on the recipient, not the activity), and the source does not state that hospitals receive or use the funded activity. Source: Governor Ivey's 2026-08-24 release, which states the awarding of 138 grants and names this recipient, amount, initiative and counties. The release publishes this amount rounded to millions; it is recorded as published and is not exact to the dollar.",data/evidence/AL/2026-08-24_governor_ivey_first_arhtp_grants.html,https://governor.alabama.gov/newsroom/2026/08/governor-ivey-announces-first-grants-in-major-new-rural-healthcare-program-totaling-more-than-144-million/,PER_AWARD_ACTION,ROUNDED_TO_MILLIONS,AWARDED,PATTERN,Rural Health Initiative,Rural Health Initiative,FIRST,"Bullock, Butler, Dallas, Lowndes, Macon, Marengo, Perry, Wilcox","Faulkner University – $2.08 million to establish the Eagle Care Mobile Health Network using two mobile healthcare units, virtual visits, remote health monitoring and care coordination to bring ongoing services directly to underserved rural communities (Bullock, Butler, Dallas, Lowndes, Macon, Marengo, Perry, Wilcox)."
AL,48,Floyd Cherokee Medical Center,500000,HOSPITAL_OR_SYSTEM,Yes,Rural Health Initiative,Yes,Yes,FY2026 (Year 1),Governor Ivey Announces First Grants in Major New Rural Healthcare Program Totaling More than $144 Million,https://governor.alabama.gov/newsroom/2026/08/governor-ivey-announces-first-grants-in-major-new-rural-healthcare-program-totaling-more-than-144-million/,GOVERNOR_PRESS_RELEASE,MODEL_ASSISTED,AI-assisted - CONFIRM,,,,,,HIGH,,DIRECT,Yes,"Recipient name rule: name states a medical center. §10.2 DIRECT: the named recipient is a hospital or hospital system and the state's award document names both the recipient and the amount. Source: Governor Ivey's 2026-08-24 release, which states the awarding of 138 grants and names this recipient, amount, initiative and counties.",data/evidence/AL/2026-08-24_governor_ivey_first_arhtp_grants.html,https://governor.alabama.gov/newsroom/2026/08/governor-ivey-announces-first-grants-in-major-new-rural-healthcare-program-totaling-more-than-144-million/,PER_AWARD_ACTION,EXACT_AS_PUBLISHED,AWARDED,PATTERN,Rural Health Initiative,Rural Health Initiative,FIRST,Etowah,"Floyd Cherokee Medical Center – $500,000 to replace aging radiography equipment with a modern digital imaging system to maintain reliable access to diagnostic services and reduce delays in diagnosis and treatment (Etowah)."
AL,49,Floyd Healthcare Management DBA Atrium Health Floyd EMS,604470,EMS_OR_PSAP,No,Rural Health Initiative,Yes,Yes,FY2026 (Year 1),Governor Ivey Announces First Grants in Major New Rural Healthcare Program Totaling More than $144 Million,https://governor.alabama.gov/newsroom/2026/08/governor-ivey-announces-first-grants-in-major-new-rural-healthcare-program-totaling-more-than-144-million/,GOVERNOR_PRESS_RELEASE,MODEL_ASSISTED,AI-assisted - CONFIRM,,,,,,HIGH,,NON_HOSPITAL,No,"Curated override: the DBA names the hospital's EMS division, which is the recipient. §10.2 NON_HOSPITAL: the named recipient is not a hospital (§0.3a -- judged on the recipient, not the activity), and the source does not state that hospitals receive or use the funded activity. Source: Governor Ivey's 2026-08-24 release, which states the awarding of 138 grants and names this recipient, amount, initiative and counties.",data/evidence/AL/2026-08-24_governor_ivey_first_arhtp_grants.html,https://governor.alabama.gov/newsroom/2026/08/governor-ivey-announces-first-grants-in-major-new-rural-healthcare-program-totaling-more-than-144-million/,PER_AWARD_ACTION,EXACT_AS_PUBLISHED,AWARDED,OVERRIDE,Rural Health Initiative,Rural Health Initiative,FIRST,"Calhoun, Cherokee","Floyd Healthcare Management DBA Atrium Health Floyd EMS – $604,470 to expand the healthcare provider’s existing non-emergency medical transportation program by adding a dedicated transport ambulance and a wheelchair-accessible vehicle to improve access to medically necessary care (Calhoun, Cherokee)."
AL,50,Franklin Primary Health Center Inc.,574091,FQHC_OR_RHC,No,Rural Health Initiative,Yes,Yes,FY2026 (Year 1),Governor Ivey Announces First Grants in Major New Rural Healthcare Program Totaling More than $144 Million,https://governor.alabama.gov/newsroom/2026/08/governor-ivey-announces-first-grants-in-major-new-rural-healthcare-program-totaling-more-than-144-million/,GOVERNOR_PRESS_RELEASE,MODEL_ASSISTED,AI-assisted - CONFIRM,,,,,,MEDIUM,,NON_HOSPITAL,No,"Recipient name rule: community/primary health center. §10.2 NON_HOSPITAL: the named recipient is not a hospital (§0.3a -- judged on the recipient, not the activity), and the source does not state that hospitals receive or use the funded activity. Source: Governor Ivey's 2026-08-24 release, which states the awarding of 138 grants and names this recipient, amount, initiative and counties.",data/evidence/AL/2026-08-24_governor_ivey_first_arhtp_grants.html,https://governor.alabama.gov/newsroom/2026/08/governor-ivey-announces-first-grants-in-major-new-rural-healthcare-program-totaling-more-than-144-million/,PER_AWARD_ACTION,EXACT_AS_PUBLISHED,AWARDED,PATTERN,Rural Health Initiative,Rural Health Initiative,FIRST,"Baldwin, Choctaw, Conecuh, Escambia, Monroe","Franklin Primary Health Center Inc. – $574,091 to establish the Franklin Rural Behavioral Health Telehealth and Teleconsult Initiative to expand access to behavioral health services through a hybrid in-person and telehealth model (Baldwin, Choctaw, Conecuh, Escambia, Monroe)."
AL,51,Gadsden Regional Medical Center,150000,HOSPITAL_OR_SYSTEM,Yes,Rural Health Initiative,Yes,Yes,FY2026 (Year 1),Governor Ivey Announces First Grants in Major New Rural Healthcare Program Totaling More than $144 Million,https://governor.alabama.gov/newsroom/2026/08/governor-ivey-announces-first-grants-in-major-new-rural-healthcare-program-totaling-more-than-144-million/,GOVERNOR_PRESS_RELEASE,MODEL_ASSISTED,AI-assisted - CONFIRM,,,,,,HIGH,,DIRECT,Yes,"Recipient name rule: name states a medical center. §10.2 DIRECT: the named recipient is a hospital or hospital system and the state's award document names both the recipient and the amount. Source: Governor Ivey's 2026-08-24 release, which states the awarding of 138 grants and names this recipient, amount, initiative and counties.",data/evidence/AL/2026-08-24_governor_ivey_first_arhtp_grants.html,https://governor.alabama.gov/newsroom/2026/08/governor-ivey-announces-first-grants-in-major-new-rural-healthcare-program-totaling-more-than-144-million/,PER_AWARD_ACTION,EXACT_AS_PUBLISHED,AWARDED,PATTERN,Rural Health Initiative,Rural Health Initiative,FIRST,"Cherokee, Etowah","Gadsden Regional Medical Center – $150,000 to establish a non-emergency transportation service by purchasing a wheelchair-accessible van and hiring a full-time driver (Cherokee, Etowah)."
AL,52,Affinity Hospital DBA Grandview Medical Center,451350,HOSPITAL_OR_SYSTEM,Yes,Rural Health Initiative,Yes,Yes,FY2026 (Year 1),Governor Ivey Announces First Grants in Major New Rural Healthcare Program Totaling More than $144 Million,https://governor.alabama.gov/newsroom/2026/08/governor-ivey-announces-first-grants-in-major-new-rural-healthcare-program-totaling-more-than-144-million/,GOVERNOR_PRESS_RELEASE,MODEL_ASSISTED,AI-assisted - CONFIRM,,,,,,HIGH,,DIRECT,Yes,"Recipient name rule: name states a hospital. §10.2 DIRECT: the named recipient is a hospital or hospital system and the state's award document names both the recipient and the amount. Source: Governor Ivey's 2026-08-24 release, which states the awarding of 138 grants and names this recipient, amount, initiative and counties.",data/evidence/AL/2026-08-24_governor_ivey_first_arhtp_grants.html,https://governor.alabama.gov/newsroom/2026/08/governor-ivey-announces-first-grants-in-major-new-rural-healthcare-program-totaling-more-than-144-million/,PER_AWARD_ACTION,EXACT_AS_PUBLISHED,AWARDED,PATTERN,Rural Health Initiative,Rural Health Initiative,FIRST,"Clay, Coosa","Affinity Hospital DBA Grandview Medical Center – $451,350 to establish a virtual specialty care network and dedicated referral phone line connecting rural patients and providers with heart, lung and kidney specialists (Clay, Coosa)."
AL,53,Hale County Hospital,2410000,HOSPITAL_OR_SYSTEM,Yes,Rural Health Initiative,Yes,Yes,FY2026 (Year 1),Governor Ivey Announces First Grants in Major New Rural Healthcare Program Totaling More than $144 Million,https://governor.alabama.gov/newsroom/2026/08/governor-ivey-announces-first-grants-in-major-new-rural-healthcare-program-totaling-more-than-144-million/,GOVERNOR_PRESS_RELEASE,MODEL_ASSISTED,AI-assisted - CONFIRM,,,,,,HIGH,AMOUNT_ROUNDED_IN_SOURCE,DIRECT,Yes,"Recipient name rule: name states a hospital. §10.2 DIRECT: the named recipient is a hospital or hospital system and the state's award document names both the recipient and the amount. Source: Governor Ivey's 2026-08-24 release, which states the awarding of 138 grants and names this recipient, amount, initiative and counties. The release publishes this amount rounded to millions; it is recorded as published and is not exact to the dollar.",data/evidence/AL/2026-08-24_governor_ivey_first_arhtp_grants.html,https://governor.alabama.gov/newsroom/2026/08/governor-ivey-announces-first-grants-in-major-new-rural-healthcare-program-totaling-more-than-144-million/,PER_AWARD_ACTION,ROUNDED_TO_MILLIONS,AWARDED,PATTERN,Rural Health Initiative,Rural Health Initiative,FIRST,Hale,"Hale County Hospital – $2.41 million to upgrade equipment and infrastructure to strengthen emergency and maternal care, expand diagnostic services and improve the reliability of essential hospital operations (Hale)."
AL,54,Healthcare Authority of the City of Greenville – L.V. Stabler Hospital,4170000,HOSPITAL_OR_SYSTEM,Yes,Rural Health Initiative,Yes,Yes,FY2026 (Year 1),Governor Ivey Announces First Grants in Major New Rural Healthcare Program Totaling More than $144 Million,https://governor.alabama.gov/newsroom/2026/08/governor-ivey-announces-first-grants-in-major-new-rural-healthcare-program-totaling-more-than-144-million/,GOVERNOR_PRESS_RELEASE,MODEL_ASSISTED,AI-assisted - CONFIRM,,,,,,HIGH,AMOUNT_ROUNDED_IN_SOURCE,DIRECT,Yes,"Recipient name rule: name states a hospital. §10.2 DIRECT: the named recipient is a hospital or hospital system and the state's award document names both the recipient and the amount. Source: Governor Ivey's 2026-08-24 release, which states the awarding of 138 grants and names this recipient, amount, initiative and counties. The release publishes this amount rounded to millions; it is recorded as published and is not exact to the dollar.",data/evidence/AL/2026-08-24_governor_ivey_first_arhtp_grants.html,https://governor.alabama.gov/newsroom/2026/08/governor-ivey-announces-first-grants-in-major-new-rural-healthcare-program-totaling-more-than-144-million/,PER_AWARD_ACTION,ROUNDED_TO_MILLIONS,AWARDED,PATTERN,Rural Health Initiative,Rural Health Initiative,FIRST,Butler,Healthcare Authority of the City of Greenville – L.V. Stabler Hospital – $4.17 million to establish a telehealth intensive care program and expand general surgery services at Regional Medical Center of Central Alabama to strengthen access to critical and specialty care close to home (Butler).
AL,55,Huntsville Hospital Health System,2800000,HOSPITAL_OR_SYSTEM,Yes,Rural Health Initiative,Yes,Yes,FY2026 (Year 1),Governor Ivey Announces First Grants in Major New Rural Healthcare Program Totaling More than $144 Million,https://governor.alabama.gov/newsroom/2026/08/governor-ivey-announces-first-grants-in-major-new-rural-healthcare-program-totaling-more-than-144-million/,GOVERNOR_PRESS_RELEASE,MODEL_ASSISTED,AI-assisted - CONFIRM,,,,,,HIGH,AMOUNT_ROUNDED_IN_SOURCE,DIRECT,Yes,"Recipient name rule: name states a hospital. §10.2 DIRECT: the named recipient is a hospital or hospital system and the state's award document names both the recipient and the amount. Source: Governor Ivey's 2026-08-24 release, which states the awarding of 138 grants and names this recipient, amount, initiative and counties. The release publishes this amount rounded to millions; it is recorded as published and is not exact to the dollar.",data/evidence/AL/2026-08-24_governor_ivey_first_arhtp_grants.html,https://governor.alabama.gov/newsroom/2026/08/governor-ivey-announces-first-grants-in-major-new-rural-healthcare-program-totaling-more-than-144-million/,PER_AWARD_ACTION,ROUNDED_TO_MILLIONS,AWARDED,PATTERN,Rural Health Initiative,Rural Health Initiative,FIRST,"DeKalb, Jackson, Limestone, Madison, Marshall","Huntsville Hospital Health System – $2.80 million to establish the North Alabama Rural Specialty Access Network to expand access to specialty care and help rural patients receive more services closer to home (DeKalb, Jackson, Limestone, Madison, Marshall)."
AL,56,City of York Health Care Authority DBA Hill Hospital of Sumter County,1530000,HOSPITAL_OR_SYSTEM,Yes,Rural Health Initiative,Yes,Yes,FY2026 (Year 1),Governor Ivey Announces First Grants in Major New Rural Healthcare Program Totaling More than $144 Million,https://governor.alabama.gov/newsroom/2026/08/governor-ivey-announces-first-grants-in-major-new-rural-healthcare-program-totaling-more-than-144-million/,GOVERNOR_PRESS_RELEASE,MODEL_ASSISTED,AI-assisted - CONFIRM,,,,,,HIGH,AMOUNT_ROUNDED_IN_SOURCE,DIRECT,Yes,"Recipient name rule: name states a hospital. §10.2 DIRECT: the named recipient is a hospital or hospital system and the state's award document names both the recipient and the amount. Source: Governor Ivey's 2026-08-24 release, which states the awarding of 138 grants and names this recipient, amount, initiative and counties. The release publishes this amount rounded to millions; it is recorded as published and is not exact to the dollar.",data/evidence/AL/2026-08-24_governor_ivey_first_arhtp_grants.html,https://governor.alabama.gov/newsroom/2026/08/governor-ivey-announces-first-grants-in-major-new-rural-healthcare-program-totaling-more-than-144-million/,PER_AWARD_ACTION,ROUNDED_TO_MILLIONS,AWARDED,PATTERN,Rural Health Initiative,Rural Health Initiative,FIRST,"Choctaw, Jefferson, Sumter, Pickens, Tuscaloosa","City of York Health Care Authority DBA Hill Hospital of Sumter County – $1.53 million to expand access to healthcare services by combining telehealth technology with transportation resources for rural and medically underserved residents of West Alabama (Choctaw, Jefferson, Sumter, Pickens, Tuscaloosa)."
AL,57,Infirmary Health System Inc.,386000,HOSPITAL_OR_SYSTEM,Yes,Rural Health Initiative,Yes,Yes,FY2026 (Year 1),Governor Ivey Announces First Grants in Major New Rural Healthcare Program Totaling More than $144 Million,https://governor.alabama.gov/newsroom/2026/08/governor-ivey-announces-first-grants-in-major-new-rural-healthcare-program-totaling-more-than-144-million/,GOVERNOR_PRESS_RELEASE,MODEL_ASSISTED,AI-assisted - CONFIRM,,,,,,MEDIUM,,DIRECT,Yes,"Recipient name rule: name states a health system. §10.2 DIRECT: the named recipient is a hospital or hospital system and the state's award document names both the recipient and the amount. Source: Governor Ivey's 2026-08-24 release, which states the awarding of 138 grants and names this recipient, amount, initiative and counties.",data/evidence/AL/2026-08-24_governor_ivey_first_arhtp_grants.html,https://governor.alabama.gov/newsroom/2026/08/governor-ivey-announces-first-grants-in-major-new-rural-healthcare-program-totaling-more-than-144-million/,PER_AWARD_ACTION,EXACT_AS_PUBLISHED,AWARDED,PATTERN,Rural Health Initiative,Rural Health Initiative,FIRST,"Clarke, Washington","Infirmary Health System Inc. – This nonprofit health system based in Mobile and Baldwin counties has received two grants under this initiative, including one for $386,000 to establish the Rural Women’s Health Hub of Southwest Alabama to expand access to women’s health, maternal health and specialty care closer to home (Clarke, Washington)."
AL,58,Infirmary Health System Inc.,1120000,HOSPITAL_OR_SYSTEM,Yes,Rural Health Initiative | second grant to this recipient under this initiative,Yes,Yes,FY2026 (Year 1),Governor Ivey Announces First Grants in Major New Rural Healthcare Program Totaling More than $144 Million,https://governor.alabama.gov/newsroom/2026/08/governor-ivey-announces-first-grants-in-major-new-rural-healthcare-program-totaling-more-than-144-million/,GOVERNOR_PRESS_RELEASE,MODEL_ASSISTED,AI-assisted - CONFIRM,,,,,,MEDIUM,AMOUNT_ROUNDED_IN_SOURCE,DIRECT,Yes,"Recipient name rule: name states a health system. §10.2 DIRECT: the named recipient is a hospital or hospital system and the state's award document names both the recipient and the amount. Source: Governor Ivey's 2026-08-24 release, which states the awarding of 138 grants and names this recipient, amount, initiative and counties. The release publishes this amount rounded to millions; it is recorded as published and is not exact to the dollar. This is the second of two grants to this recipient under this initiative; the release carries it in a continuation paragraph that names no recipient of its own.",data/evidence/AL/2026-08-24_governor_ivey_first_arhtp_grants.html,https://governor.alabama.gov/newsroom/2026/08/governor-ivey-announces-first-grants-in-major-new-rural-healthcare-program-totaling-more-than-144-million/,PER_AWARD_ACTION,ROUNDED_TO_MILLIONS,AWARDED,PATTERN,Rural Health Initiative,Rural Health Initiative,SECOND,"Baldwin, Clarke, Conecuh, Escambia","A second grant for $1.12 million will allow Infirmary Health to implement the Women’s Access to Care Close to Home Initiative to expand preventive, prenatal, postpartum and specialty-connected care for women in rural communities (Baldwin, Clarke, Conecuh, Escambia)."
AL,59,Ivy Creek Healthcare,1660000,NONPROFIT_CBO,No,Rural Health Initiative,Yes,Yes,FY2026 (Year 1),Governor Ivey Announces First Grants in Major New Rural Healthcare Program Totaling More than $144 Million,https://governor.alabama.gov/newsroom/2026/08/governor-ivey-announces-first-grants-in-major-new-rural-healthcare-program-totaling-more-than-144-million/,GOVERNOR_PRESS_RELEASE,MODEL_ASSISTED,AI-assisted - CONFIRM,,,,,,LOW,RECIPIENT_TYPE_INFERRED,NON_HOSPITAL,No,"Recipient is named but the source does not state its organisational form; §8 settled fallback (session 10). §10.2 NON_HOSPITAL: the named recipient is not a hospital (§0.3a -- judged on the recipient, not the activity), and the source does not state that hospitals receive or use the funded activity. Source: Governor Ivey's 2026-08-24 release, which states the awarding of 138 grants and names this recipient, amount, initiative and counties. The release publishes this amount rounded to millions; it is recorded as published and is not exact to the dollar.",data/evidence/AL/2026-08-24_governor_ivey_first_arhtp_grants.html,https://governor.alabama.gov/newsroom/2026/08/governor-ivey-announces-first-grants-in-major-new-rural-healthcare-program-totaling-more-than-144-million/,PER_AWARD_ACTION,ROUNDED_TO_MILLIONS,AWARDED,FALLBACK,Rural Health Initiative,Rural Health Initiative,FIRST,"Elmore, Tallapoosa","Ivy Creek Healthcare – $1.66 million to expand and modernize rural healthcare services by strengthening diagnostic imaging, establishing emergency telepsychiatry and telemedicine services, creating an in-house microbiology laboratory and supporting non-emergency medical transportation (Elmore, Tallapoosa)."
AL,60,Lakeland Community Hospital Inc.,490800,HOSPITAL_OR_SYSTEM,Yes,Rural Health Initiative,Yes,Yes,FY2026 (Year 1),Governor Ivey Announces First Grants in Major New Rural Healthcare Program Totaling More than $144 Million,https://governor.alabama.gov/newsroom/2026/08/governor-ivey-announces-first-grants-in-major-new-rural-healthcare-program-totaling-more-than-144-million/,GOVERNOR_PRESS_RELEASE,MODEL_ASSISTED,AI-assisted - CONFIRM,,,,,,HIGH,,DIRECT,Yes,"Recipient name rule: name states a hospital. §10.2 DIRECT: the named recipient is a hospital or hospital system and the state's award document names both the recipient and the amount. Source: Governor Ivey's 2026-08-24 release, which states the awarding of 138 grants and names this recipient, amount, initiative and counties.",data/evidence/AL/2026-08-24_governor_ivey_first_arhtp_grants.html,https://governor.alabama.gov/newsroom/2026/08/governor-ivey-announces-first-grants-in-major-new-rural-healthcare-program-totaling-more-than-144-million/,PER_AWARD_ACTION,EXACT_AS_PUBLISHED,AWARDED,PATTERN,Rural Health Initiative,Rural Health Initiative,FIRST,Winston,"Lakeland Community Hospital Inc. – $490,800 to implement telehealth technology and establish a non-emergency transportation program to improve access to healthcare services for rural patients (Winston)."
AL,61,RCHP-Florence LLC DBA North Alabama Shoals Hospital,179607,HOSPITAL_OR_SYSTEM,Yes,Rural Health Initiative,Yes,Yes,FY2026 (Year 1),Governor Ivey Announces First Grants in Major New Rural Healthcare Program Totaling More than $144 Million,https://governor.alabama.gov/newsroom/2026/08/governor-ivey-announces-first-grants-in-major-new-rural-healthcare-program-totaling-more-than-144-million/,GOVERNOR_PRESS_RELEASE,MODEL_ASSISTED,AI-assisted - CONFIRM,,,,,,HIGH,,DIRECT,Yes,"Recipient name rule: name states a hospital. §10.2 DIRECT: the named recipient is a hospital or hospital system and the state's award document names both the recipient and the amount. Source: Governor Ivey's 2026-08-24 release, which states the awarding of 138 grants and names this recipient, amount, initiative and counties.",data/evidence/AL/2026-08-24_governor_ivey_first_arhtp_grants.html,https://governor.alabama.gov/newsroom/2026/08/governor-ivey-announces-first-grants-in-major-new-rural-healthcare-program-totaling-more-than-144-million/,PER_AWARD_ACTION,EXACT_AS_PUBLISHED,AWARDED,PATTERN,Rural Health Initiative,Rural Health Initiative,FIRST,Colbert,"RCHP-Florence LLC DBA North Alabama Shoals Hospital – The hospital has received two grants under this initiative, including one for $179,607 to implement an artificial intelligence-enabled patient monitoring system to improve fall prevention and patient safety in its geriatric psychiatry and inpatient rehabilitation units (Colbert)."
AL,62,RCHP-Florence LLC DBA North Alabama Shoals Hospital,123000,HOSPITAL_OR_SYSTEM,Yes,Rural Health Initiative | second grant to this recipient under this initiative,Yes,Yes,FY2026 (Year 1),Governor Ivey Announces First Grants in Major New Rural Healthcare Program Totaling More than $144 Million,https://governor.alabama.gov/newsroom/2026/08/governor-ivey-announces-first-grants-in-major-new-rural-healthcare-program-totaling-more-than-144-million/,GOVERNOR_PRESS_RELEASE,MODEL_ASSISTED,AI-assisted - CONFIRM,,,,,,HIGH,,DIRECT,Yes,"Recipient name rule: name states a hospital. §10.2 DIRECT: the named recipient is a hospital or hospital system and the state's award document names both the recipient and the amount. Source: Governor Ivey's 2026-08-24 release, which states the awarding of 138 grants and names this recipient, amount, initiative and counties. This is the second of two grants to this recipient under this initiative; the release carries it in a continuation paragraph that names no recipient of its own.",data/evidence/AL/2026-08-24_governor_ivey_first_arhtp_grants.html,https://governor.alabama.gov/newsroom/2026/08/governor-ivey-announces-first-grants-in-major-new-rural-healthcare-program-totaling-more-than-144-million/,PER_AWARD_ACTION,EXACT_AS_PUBLISHED,AWARDED,PATTERN,Rural Health Initiative,Rural Health Initiative,SECOND,"Franklin, Lauderdale","A second grant for $123,000 will help establish a coordinated telecardiology program to expand access to specialized cardiac care for rural patients (Franklin, Lauderdale)."
AL,63,NorthStar EMS Inc.,987906,EMS_OR_PSAP,No,Rural Health Initiative,Yes,Yes,FY2026 (Year 1),Governor Ivey Announces First Grants in Major New Rural Healthcare Program Totaling More than $144 Million,https://governor.alabama.gov/newsroom/2026/08/governor-ivey-announces-first-grants-in-major-new-rural-healthcare-program-totaling-more-than-144-million/,GOVERNOR_PRESS_RELEASE,MODEL_ASSISTED,AI-assisted - CONFIRM,,,,,,HIGH,,NON_HOSPITAL,No,"Recipient name rule: name states an EMS entity. §10.2 NON_HOSPITAL: the named recipient is not a hospital (§0.3a -- judged on the recipient, not the activity), and the source does not state that hospitals receive or use the funded activity. Source: Governor Ivey's 2026-08-24 release, which states the awarding of 138 grants and names this recipient, amount, initiative and counties.",data/evidence/AL/2026-08-24_governor_ivey_first_arhtp_grants.html,https://governor.alabama.gov/newsroom/2026/08/governor-ivey-announces-first-grants-in-major-new-rural-healthcare-program-totaling-more-than-144-million/,PER_AWARD_ACTION,EXACT_AS_PUBLISHED,AWARDED,PATTERN,Rural Health Initiative,Rural Health Initiative,FIRST,"Fayette, Marion, Talladega","NorthStar EMS Inc. – $987,906 to replace outdated emergency transport equipment with modern heart monitors, airway equipment, ventilators and automated CPR devices (Fayette, Marion, Talladega)."
AL,64,Poarch Band of Creek Indians,242112,TRIBAL_ORG,No,Rural Health Initiative,Yes,Yes,FY2026 (Year 1),Governor Ivey Announces First Grants in Major New Rural Healthcare Program Totaling More than $144 Million,https://governor.alabama.gov/newsroom/2026/08/governor-ivey-announces-first-grants-in-major-new-rural-healthcare-program-totaling-more-than-144-million/,GOVERNOR_PRESS_RELEASE,MODEL_ASSISTED,AI-assisted - CONFIRM,,,,,,HIGH,,NON_HOSPITAL,No,"Recipient name rule: name states a tribal entity. §10.2 NON_HOSPITAL: the named recipient is not a hospital (§0.3a -- judged on the recipient, not the activity), and the source does not state that hospitals receive or use the funded activity. Source: Governor Ivey's 2026-08-24 release, which states the awarding of 138 grants and names this recipient, amount, initiative and counties.",data/evidence/AL/2026-08-24_governor_ivey_first_arhtp_grants.html,https://governor.alabama.gov/newsroom/2026/08/governor-ivey-announces-first-grants-in-major-new-rural-healthcare-program-totaling-more-than-144-million/,PER_AWARD_ACTION,EXACT_AS_PUBLISHED,AWARDED,PATTERN,Rural Health Initiative,Rural Health Initiative,FIRST,Escambia,"Poarch Band of Creek Indians – $242,112 to modernize its dental clinic to expand access to restorative and pediatric dental care and improve the efficiency of services provided locally (Escambia)."
AL,65,QHG of Enterprise Inc.,2770000,HOSPITAL_OR_SYSTEM,Yes,Rural Health Initiative,Yes,Yes,FY2026 (Year 1),Governor Ivey Announces First Grants in Major New Rural Healthcare Program Totaling More than $144 Million,https://governor.alabama.gov/newsroom/2026/08/governor-ivey-announces-first-grants-in-major-new-rural-healthcare-program-totaling-more-than-144-million/,GOVERNOR_PRESS_RELEASE,MODEL_ASSISTED,AI-assisted - CONFIRM,,,,,,MEDIUM,AMOUNT_ROUNDED_IN_SOURCE,DIRECT,Yes,"Curated override: the release calls the recipient 'the medical center'. §10.2 DIRECT: the named recipient is a hospital or hospital system and the state's award document names both the recipient and the amount. Source: Governor Ivey's 2026-08-24 release, which states the awarding of 138 grants and names this recipient, amount, initiative and counties. The release publishes this amount rounded to millions; it is recorded as published and is not exact to the dollar.",data/evidence/AL/2026-08-24_governor_ivey_first_arhtp_grants.html,https://governor.alabama.gov/newsroom/2026/08/governor-ivey-announces-first-grants-in-major-new-rural-healthcare-program-totaling-more-than-144-million/,PER_AWARD_ACTION,ROUNDED_TO_MILLIONS,AWARDED,OVERRIDE,Rural Health Initiative,Rural Health Initiative,FIRST,"Coffee, Covington, Crenshaw, Dale, Geneva, Pike","QHG of Enterprise Inc. – $2.77 million to modernize the medical center’s diagnostic imaging services by upgrading its existing MRI unit and replacing its only CT scanner (Coffee, Covington, Crenshaw, Dale, Geneva, Pike)."
AL,66,Regional Air Medical Services,56109,EMS_OR_PSAP,No,Rural Health Initiative,Yes,Yes,FY2026 (Year 1),Governor Ivey Announces First Grants in Major New Rural Healthcare Program Totaling More than $144 Million,https://governor.alabama.gov/newsroom/2026/08/governor-ivey-announces-first-grants-in-major-new-rural-healthcare-program-totaling-more-than-144-million/,GOVERNOR_PRESS_RELEASE,MODEL_ASSISTED,AI-assisted - CONFIRM,,,,,,HIGH,,NON_HOSPITAL,No,"Recipient name rule: name states an EMS entity. §10.2 NON_HOSPITAL: the named recipient is not a hospital (§0.3a -- judged on the recipient, not the activity), and the source does not state that hospitals receive or use the funded activity. Source: Governor Ivey's 2026-08-24 release, which states the awarding of 138 grants and names this recipient, amount, initiative and counties.",data/evidence/AL/2026-08-24_governor_ivey_first_arhtp_grants.html,https://governor.alabama.gov/newsroom/2026/08/governor-ivey-announces-first-grants-in-major-new-rural-healthcare-program-totaling-more-than-144-million/,PER_AWARD_ACTION,EXACT_AS_PUBLISHED,AWARDED,PATTERN,Rural Health Initiative,Rural Health Initiative,FIRST,"Jefferson, Marion, Shelby, St. Clair, Walker, Winston","Regional Air Medical Services – $56,109 to purchase and implement transport ventilators and related equipment to strengthen emergency air medical care for critically ill and injured patients (Jefferson, Marion, Shelby, St. Clair, Walker, Winston)."
AL,67,Regional Paramedical Services,112423,EMS_OR_PSAP,No,Rural Health Initiative,Yes,Yes,FY2026 (Year 1),Governor Ivey Announces First Grants in Major New Rural Healthcare Program Totaling More than $144 Million,https://governor.alabama.gov/newsroom/2026/08/governor-ivey-announces-first-grants-in-major-new-rural-healthcare-program-totaling-more-than-144-million/,GOVERNOR_PRESS_RELEASE,MODEL_ASSISTED,AI-assisted - CONFIRM,,,,,,HIGH,,NON_HOSPITAL,No,"Recipient name rule: name states an EMS entity. §10.2 NON_HOSPITAL: the named recipient is not a hospital (§0.3a -- judged on the recipient, not the activity), and the source does not state that hospitals receive or use the funded activity. Source: Governor Ivey's 2026-08-24 release, which states the awarding of 138 grants and names this recipient, amount, initiative and counties.",data/evidence/AL/2026-08-24_governor_ivey_first_arhtp_grants.html,https://governor.alabama.gov/newsroom/2026/08/governor-ivey-announces-first-grants-in-major-new-rural-healthcare-program-totaling-more-than-144-million/,PER_AWARD_ACTION,EXACT_AS_PUBLISHED,AWARDED,PATTERN,Rural Health Initiative,Rural Health Initiative,FIRST,"Chilton, Jefferson, Marion, Shelby, St. Clair, Walker, Winston","Regional Paramedical Services – This emergency medical services provider has received two grants, including one for $112,423 to install a battery backup system to keep emergency dispatch services operating during power outages and grid disruptions (Chilton, Jefferson, Marion, Shelby, St. Clair, Walker, Winston)."
AL,68,Regional Paramedical Services,211029,EMS_OR_PSAP,No,Rural Health Initiative | second grant to this recipient under this initiative,Yes,Yes,FY2026 (Year 1),Governor Ivey Announces First Grants in Major New Rural Healthcare Program Totaling More than $144 Million,https://governor.alabama.gov/newsroom/2026/08/governor-ivey-announces-first-grants-in-major-new-rural-healthcare-program-totaling-more-than-144-million/,GOVERNOR_PRESS_RELEASE,MODEL_ASSISTED,AI-assisted - CONFIRM,,,,,,HIGH,,NON_HOSPITAL,No,"Recipient name rule: name states an EMS entity. §10.2 NON_HOSPITAL: the named recipient is not a hospital (§0.3a -- judged on the recipient, not the activity), and the source does not state that hospitals receive or use the funded activity. Source: Governor Ivey's 2026-08-24 release, which states the awarding of 138 grants and names this recipient, amount, initiative and counties. This is the second of two grants to this recipient under this initiative; the release carries it in a continuation paragraph that names no recipient of its own.",data/evidence/AL/2026-08-24_governor_ivey_first_arhtp_grants.html,https://governor.alabama.gov/newsroom/2026/08/governor-ivey-announces-first-grants-in-major-new-rural-healthcare-program-totaling-more-than-144-million/,PER_AWARD_ACTION,EXACT_AS_PUBLISHED,AWARDED,PATTERN,Rural Health Initiative,Rural Health Initiative,SECOND,"Chilton, Jefferson, Marion, Shelby, St. Clair, Walker, Winston","A second grant for $211,029 will help equip emergency response units with modern ventilators and related equipment to provide advanced breathing support during medical emergencies (Chilton, Jefferson, Marion, Shelby, St. Clair, Walker, Winston)."
AL,69,The Russell Hospital Corporation,1250000,HOSPITAL_OR_SYSTEM,Yes,Rural Health Initiative,Yes,Yes,FY2026 (Year 1),Governor Ivey Announces First Grants in Major New Rural Healthcare Program Totaling More than $144 Million,https://governor.alabama.gov/newsroom/2026/08/governor-ivey-announces-first-grants-in-major-new-rural-healthcare-program-totaling-more-than-144-million/,GOVERNOR_PRESS_RELEASE,MODEL_ASSISTED,AI-assisted - CONFIRM,,,,,,HIGH,AMOUNT_ROUNDED_IN_SOURCE,DIRECT,Yes,"Recipient name rule: name states a hospital. §10.2 DIRECT: the named recipient is a hospital or hospital system and the state's award document names both the recipient and the amount. Source: Governor Ivey's 2026-08-24 release, which states the awarding of 138 grants and names this recipient, amount, initiative and counties. The release publishes this amount rounded to millions; it is recorded as published and is not exact to the dollar.",data/evidence/AL/2026-08-24_governor_ivey_first_arhtp_grants.html,https://governor.alabama.gov/newsroom/2026/08/governor-ivey-announces-first-grants-in-major-new-rural-healthcare-program-totaling-more-than-144-million/,PER_AWARD_ACTION,ROUNDED_TO_MILLIONS,AWARDED,PATTERN,Rural Health Initiative,Rural Health Initiative,FIRST,Tallapoosa,"The Russell Hospital Corporation – This healthcare institution has received two grants under this initiative, including one for $1.25 million to implement an inpatient virtual care and tele-specialty program to expand access to clinical support for rural patients and strengthen bedside care (Tallapoosa)."
AL,70,The Russell Hospital Corporation,439720,HOSPITAL_OR_SYSTEM,Yes,Rural Health Initiative | second grant to this recipient under this initiative,Yes,Yes,FY2026 (Year 1),Governor Ivey Announces First Grants in Major New Rural Healthcare Program Totaling More than $144 Million,https://governor.alabama.gov/newsroom/2026/08/governor-ivey-announces-first-grants-in-major-new-rural-healthcare-program-totaling-more-than-144-million/,GOVERNOR_PRESS_RELEASE,MODEL_ASSISTED,AI-assisted - CONFIRM,,,,,,HIGH,,DIRECT,Yes,"Recipient name rule: name states a hospital. §10.2 DIRECT: the named recipient is a hospital or hospital system and the state's award document names both the recipient and the amount. Source: Governor Ivey's 2026-08-24 release, which states the awarding of 138 grants and names this recipient, amount, initiative and counties. This is the second of two grants to this recipient under this initiative; the release carries it in a continuation paragraph that names no recipient of its own.",data/evidence/AL/2026-08-24_governor_ivey_first_arhtp_grants.html,https://governor.alabama.gov/newsroom/2026/08/governor-ivey-announces-first-grants-in-major-new-rural-healthcare-program-totaling-more-than-144-million/,PER_AWARD_ACTION,EXACT_AS_PUBLISHED,AWARDED,PATTERN,Rural Health Initiative,Rural Health Initiative,SECOND,Tallapoosa,"A second grant for $439,720 will allow Russell Medical to modernize its cardiovascular technology to strengthen access to advanced heart care and improve coordination for rural patients (Tallapoosa)."
AL,71,Russellville Hospital,1290000,HOSPITAL_OR_SYSTEM,Yes,Rural Health Initiative,Yes,Yes,FY2026 (Year 1),Governor Ivey Announces First Grants in Major New Rural Healthcare Program Totaling More than $144 Million,https://governor.alabama.gov/newsroom/2026/08/governor-ivey-announces-first-grants-in-major-new-rural-healthcare-program-totaling-more-than-144-million/,GOVERNOR_PRESS_RELEASE,MODEL_ASSISTED,AI-assisted - CONFIRM,,,,,,HIGH,AMOUNT_ROUNDED_IN_SOURCE,DIRECT,Yes,"Recipient name rule: name states a hospital. §10.2 DIRECT: the named recipient is a hospital or hospital system and the state's award document names both the recipient and the amount. Source: Governor Ivey's 2026-08-24 release, which states the awarding of 138 grants and names this recipient, amount, initiative and counties. The release publishes this amount rounded to millions; it is recorded as published and is not exact to the dollar.",data/evidence/AL/2026-08-24_governor_ivey_first_arhtp_grants.html,https://governor.alabama.gov/newsroom/2026/08/governor-ivey-announces-first-grants-in-major-new-rural-healthcare-program-totaling-more-than-144-million/,PER_AWARD_ACTION,ROUNDED_TO_MILLIONS,AWARDED,PATTERN,Rural Health Initiative,Rural Health Initiative,FIRST,Franklin,"Russellville Hospital – $1.29 million to implement a coordinated rural health access and care management initiative to help Franklin County residents receive timely specialty, behavioral health and follow-up care closer to home (Franklin)."
AL,72,Clair Community Health Clinic,1410000,NONPROFIT_CBO,No,Rural Health Initiative,Yes,Yes,FY2026 (Year 1),Governor Ivey Announces First Grants in Major New Rural Healthcare Program Totaling More than $144 Million,https://governor.alabama.gov/newsroom/2026/08/governor-ivey-announces-first-grants-in-major-new-rural-healthcare-program-totaling-more-than-144-million/,GOVERNOR_PRESS_RELEASE,MODEL_ASSISTED,AI-assisted - CONFIRM,,,,,,LOW,AMOUNT_ROUNDED_IN_SOURCE,NON_HOSPITAL,No,"Curated override: free clinic for uninsured rural adults in St. Clair County; the release publishes the name without its leading 'St.'. §10.2 NON_HOSPITAL: the named recipient is not a hospital (§0.3a -- judged on the recipient, not the activity), and the source does not state that hospitals receive or use the funded activity. Source: Governor Ivey's 2026-08-24 release, which states the awarding of 138 grants and names this recipient, amount, initiative and counties. The release publishes this amount rounded to millions; it is recorded as published and is not exact to the dollar.",data/evidence/AL/2026-08-24_governor_ivey_first_arhtp_grants.html,https://governor.alabama.gov/newsroom/2026/08/governor-ivey-announces-first-grants-in-major-new-rural-healthcare-program-totaling-more-than-144-million/,PER_AWARD_ACTION,ROUNDED_TO_MILLIONS,AWARDED,OVERRIDE,Rural Health Initiative,Rural Health Initiative,FIRST,St. Clair,"Clair Community Health Clinic – $1.41 million to expand telehealth, remote patient monitoring, home-based support and onsite diagnostic services to improve access to care for rural residents (St. Clair)."
AL,73,UAB St. Vincent’s Chilton,1210000,HOSPITAL_OR_SYSTEM,Yes,Rural Health Initiative,Yes,Yes,FY2026 (Year 1),Governor Ivey Announces First Grants in Major New Rural Healthcare Program Totaling More than $144 Million,https://governor.alabama.gov/newsroom/2026/08/governor-ivey-announces-first-grants-in-major-new-rural-healthcare-program-totaling-more-than-144-million/,GOVERNOR_PRESS_RELEASE,MODEL_ASSISTED,AI-assisted - CONFIRM,,,,,,MEDIUM,AMOUNT_ROUNDED_IN_SOURCE,DIRECT,Yes,"Curated override: UAB St. Vincent's Chilton is a hospital; the name carries no hospital token. §10.2 DIRECT: the named recipient is a hospital or hospital system and the state's award document names both the recipient and the amount. Source: Governor Ivey's 2026-08-24 release, which states the awarding of 138 grants and names this recipient, amount, initiative and counties. The release publishes this amount rounded to millions; it is recorded as published and is not exact to the dollar.",data/evidence/AL/2026-08-24_governor_ivey_first_arhtp_grants.html,https://governor.alabama.gov/newsroom/2026/08/governor-ivey-announces-first-grants-in-major-new-rural-healthcare-program-totaling-more-than-144-million/,PER_AWARD_ACTION,ROUNDED_TO_MILLIONS,AWARDED,OVERRIDE,Rural Health Initiative,Rural Health Initiative,FIRST,Chilton,"UAB St. Vincent’s Chilton – $1.21 million to install secure video connections in every hospital room to expand virtual care services. The technology will support remote nursing and patient observation and connect local patients with heart and hormone specialists at the University of Alabama at Birmingham, reducing unnecessary travel and transfers (Chilton)."
AL,74,Sylacauga Healthcare Authority DBA Coosa Valley Medical Center,5680,HOSPITAL_OR_SYSTEM,Yes,Rural Health Initiative,Yes,Yes,FY2026 (Year 1),Governor Ivey Announces First Grants in Major New Rural Healthcare Program Totaling More than $144 Million,https://governor.alabama.gov/newsroom/2026/08/governor-ivey-announces-first-grants-in-major-new-rural-healthcare-program-totaling-more-than-144-million/,GOVERNOR_PRESS_RELEASE,MODEL_ASSISTED,AI-assisted - CONFIRM,,,,,,HIGH,,DIRECT,Yes,"Recipient name rule: name states a medical center. §10.2 DIRECT: the named recipient is a hospital or hospital system and the state's award document names both the recipient and the amount. Source: Governor Ivey's 2026-08-24 release, which states the awarding of 138 grants and names this recipient, amount, initiative and counties.",data/evidence/AL/2026-08-24_governor_ivey_first_arhtp_grants.html,https://governor.alabama.gov/newsroom/2026/08/governor-ivey-announces-first-grants-in-major-new-rural-healthcare-program-totaling-more-than-144-million/,PER_AWARD_ACTION,EXACT_AS_PUBLISHED,AWARDED,PATTERN,Rural Health Initiative,Rural Health Initiative,FIRST,"Coosa, Talladega","Sylacauga Healthcare Authority DBA Coosa Valley Medical Center – The authority has received two grants under this initiative, including one for $5,680 to improve an existing non-emergency transportation program by adding technology for scheduling, route planning and ride coordination (Coosa, Talladega)."
AL,75,Sylacauga Healthcare Authority DBA Coosa Valley Medical Center,84278,HOSPITAL_OR_SYSTEM,Yes,Rural Health Initiative | second grant to this recipient under this initiative,Yes,Yes,FY2026 (Year 1),Governor Ivey Announces First Grants in Major New Rural Healthcare Program Totaling More than $144 Million,https://governor.alabama.gov/newsroom/2026/08/governor-ivey-announces-first-grants-in-major-new-rural-healthcare-program-totaling-more-than-144-million/,GOVERNOR_PRESS_RELEASE,MODEL_ASSISTED,AI-assisted - CONFIRM,,,,,,HIGH,,DIRECT,Yes,"Recipient name rule: name states a medical center. §10.2 DIRECT: the named recipient is a hospital or hospital system and the state's award document names both the recipient and the amount. Source: Governor Ivey's 2026-08-24 release, which states the awarding of 138 grants and names this recipient, amount, initiative and counties. This is the second of two grants to this recipient under this initiative; the release carries it in a continuation paragraph that names no recipient of its own.",data/evidence/AL/2026-08-24_governor_ivey_first_arhtp_grants.html,https://governor.alabama.gov/newsroom/2026/08/governor-ivey-announces-first-grants-in-major-new-rural-healthcare-program-totaling-more-than-144-million/,PER_AWARD_ACTION,EXACT_AS_PUBLISHED,AWARDED,PATTERN,Rural Health Initiative,Rural Health Initiative,SECOND,"Clay, Coosa, Shelby, Talladega, Tallapoosa","A second grant for $84,278 will allow the medical center to expand inpatient mental health care for older adults by increasing beds and adding beds equipped for patients with mobility limitations or other medical needs (Clay, Coosa, Shelby, Talladega, Tallapoosa)."
AL,76,Tanner Medical Center Alabama Inc.,289921,HOSPITAL_OR_SYSTEM,Yes,Rural Health Initiative,Yes,Yes,FY2026 (Year 1),Governor Ivey Announces First Grants in Major New Rural Healthcare Program Totaling More than $144 Million,https://governor.alabama.gov/newsroom/2026/08/governor-ivey-announces-first-grants-in-major-new-rural-healthcare-program-totaling-more-than-144-million/,GOVERNOR_PRESS_RELEASE,MODEL_ASSISTED,AI-assisted - CONFIRM,,,,,,HIGH,,DIRECT,Yes,"Recipient name rule: name states a medical center. §10.2 DIRECT: the named recipient is a hospital or hospital system and the state's award document names both the recipient and the amount. Source: Governor Ivey's 2026-08-24 release, which states the awarding of 138 grants and names this recipient, amount, initiative and counties.",data/evidence/AL/2026-08-24_governor_ivey_first_arhtp_grants.html,https://governor.alabama.gov/newsroom/2026/08/governor-ivey-announces-first-grants-in-major-new-rural-healthcare-program-totaling-more-than-144-million/,PER_AWARD_ACTION,EXACT_AS_PUBLISHED,AWARDED,PATTERN,Rural Health Initiative,Rural Health Initiative,FIRST,Randolph,"Tanner Medical Center Alabama Inc. – $289,921 to expand rural healthcare capacity by adding clinical support staff, telehealth access and reliable broadband connectivity across four clinical sites (Randolph)."
AL,77,TLC Pediatrics & Family,174117,PHYSICIAN_PRACTICE,No,Rural Health Initiative,Yes,Yes,FY2026 (Year 1),Governor Ivey Announces First Grants in Major New Rural Healthcare Program Totaling More than $144 Million,https://governor.alabama.gov/newsroom/2026/08/governor-ivey-announces-first-grants-in-major-new-rural-healthcare-program-totaling-more-than-144-million/,GOVERNOR_PRESS_RELEASE,MODEL_ASSISTED,AI-assisted - CONFIRM,,,,,,MEDIUM,,NON_HOSPITAL,No,"Recipient name rule: name states a clinical practice. §10.2 NON_HOSPITAL: the named recipient is not a hospital (§0.3a -- judged on the recipient, not the activity), and the source does not state that hospitals receive or use the funded activity. Source: Governor Ivey's 2026-08-24 release, which states the awarding of 138 grants and names this recipient, amount, initiative and counties.",data/evidence/AL/2026-08-24_governor_ivey_first_arhtp_grants.html,https://governor.alabama.gov/newsroom/2026/08/governor-ivey-announces-first-grants-in-major-new-rural-healthcare-program-totaling-more-than-144-million/,PER_AWARD_ACTION,EXACT_AS_PUBLISHED,AWARDED,PATTERN,Rural Health Initiative,Rural Health Initiative,FIRST,Limestone,"TLC Pediatrics & Family – This medical clinic has received two grants under this initiative, including one for $174,117 to establish the Rural Maternal-Infant Wellness and Lactation Access Program by hiring a full-time certified breastfeeding specialist and creating a dedicated space for breastfeeding and family support (Limestone)."
AL,78,TLC Pediatrics & Family,33508,PHYSICIAN_PRACTICE,No,Rural Health Initiative | second grant to this recipient under this initiative,Yes,Yes,FY2026 (Year 1),Governor Ivey Announces First Grants in Major New Rural Healthcare Program Totaling More than $144 Million,https://governor.alabama.gov/newsroom/2026/08/governor-ivey-announces-first-grants-in-major-new-rural-healthcare-program-totaling-more-than-144-million/,GOVERNOR_PRESS_RELEASE,MODEL_ASSISTED,AI-assisted - CONFIRM,,,,,,MEDIUM,,NON_HOSPITAL,No,"Recipient name rule: name states a clinical practice. §10.2 NON_HOSPITAL: the named recipient is not a hospital (§0.3a -- judged on the recipient, not the activity), and the source does not state that hospitals receive or use the funded activity. Source: Governor Ivey's 2026-08-24 release, which states the awarding of 138 grants and names this recipient, amount, initiative and counties. This is the second of two grants to this recipient under this initiative; the release carries it in a continuation paragraph that names no recipient of its own.",data/evidence/AL/2026-08-24_governor_ivey_first_arhtp_grants.html,https://governor.alabama.gov/newsroom/2026/08/governor-ivey-announces-first-grants-in-major-new-rural-healthcare-program-totaling-more-than-144-million/,PER_AWARD_ACTION,EXACT_AS_PUBLISHED,AWARDED,PATTERN,Rural Health Initiative,Rural Health Initiative,SECOND,Limestone,"A second grant for $33,508 will help establish the Rural Newborn Screening and Early Childhood Development Initiative to provide in-clinic newborn jaundice screening and standardized developmental and social-emotional screenings during routine pediatric visits (Limestone)."
AL,79,Touchstone Residential Services DBA Touchstone Transport,1120000,NONPROFIT_CBO,No,Rural Health Initiative,Yes,Yes,FY2026 (Year 1),Governor Ivey Announces First Grants in Major New Rural Healthcare Program Totaling More than $144 Million,https://governor.alabama.gov/newsroom/2026/08/governor-ivey-announces-first-grants-in-major-new-rural-healthcare-program-totaling-more-than-144-million/,GOVERNOR_PRESS_RELEASE,MODEL_ASSISTED,AI-assisted - CONFIRM,,,,,,LOW,RECIPIENT_TYPE_INFERRED,NON_HOSPITAL,No,"Recipient is named but the source does not state its organisational form; §8 settled fallback (session 10). §10.2 NON_HOSPITAL: the named recipient is not a hospital (§0.3a -- judged on the recipient, not the activity), and the source does not state that hospitals receive or use the funded activity. Source: Governor Ivey's 2026-08-24 release, which states the awarding of 138 grants and names this recipient, amount, initiative and counties. The release publishes this amount rounded to millions; it is recorded as published and is not exact to the dollar.",data/evidence/AL/2026-08-24_governor_ivey_first_arhtp_grants.html,https://governor.alabama.gov/newsroom/2026/08/governor-ivey-announces-first-grants-in-major-new-rural-healthcare-program-totaling-more-than-144-million/,PER_AWARD_ACTION,ROUNDED_TO_MILLIONS,AWARDED,FALLBACK,Rural Health Initiative,Rural Health Initiative,FIRST,"Cullman, Lawrence, Limestone, Morgan","Touchstone Residential Services DBA Touchstone Transport – $1.12 million to establish a non-emergency medical transportation program using wheelchair-accessible electric vehicles (Cullman, Lawrence, Limestone, Morgan)."
AL,80,The Troy Hospital Health Care Authority,623000,HOSPITAL_OR_SYSTEM,Yes,Rural Health Initiative,Yes,Yes,FY2026 (Year 1),Governor Ivey Announces First Grants in Major New Rural Healthcare Program Totaling More than $144 Million,https://governor.alabama.gov/newsroom/2026/08/governor-ivey-announces-first-grants-in-major-new-rural-healthcare-program-totaling-more-than-144-million/,GOVERNOR_PRESS_RELEASE,MODEL_ASSISTED,AI-assisted - CONFIRM,,,,,,HIGH,,DIRECT,Yes,"Recipient name rule: name states a hospital. §10.2 DIRECT: the named recipient is a hospital or hospital system and the state's award document names both the recipient and the amount. Source: Governor Ivey's 2026-08-24 release, which states the awarding of 138 grants and names this recipient, amount, initiative and counties.",data/evidence/AL/2026-08-24_governor_ivey_first_arhtp_grants.html,https://governor.alabama.gov/newsroom/2026/08/governor-ivey-announces-first-grants-in-major-new-rural-healthcare-program-totaling-more-than-144-million/,PER_AWARD_ACTION,EXACT_AS_PUBLISHED,AWARDED,PATTERN,Rural Health Initiative,Rural Health Initiative,FIRST,"Barbour, Coffee, Crenshaw, Montgomery, Pike","The Troy Hospital Health Care Authority – $623,000 to renovate an intensive care unit that is more than 30 years old to improve patient safety and support hospital staff (Barbour, Coffee, Crenshaw, Montgomery, Pike)."
AL,81,Wiregrass Medical Center,391000,HOSPITAL_OR_SYSTEM,Yes,Rural Health Initiative,Yes,Yes,FY2026 (Year 1),Governor Ivey Announces First Grants in Major New Rural Healthcare Program Totaling More than $144 Million,https://governor.alabama.gov/newsroom/2026/08/governor-ivey-announces-first-grants-in-major-new-rural-healthcare-program-totaling-more-than-144-million/,GOVERNOR_PRESS_RELEASE,MODEL_ASSISTED,AI-assisted - CONFIRM,,,,,,HIGH,,DIRECT,Yes,"Recipient name rule: name states a medical center. §10.2 DIRECT: the named recipient is a hospital or hospital system and the state's award document names both the recipient and the amount. Source: Governor Ivey's 2026-08-24 release, which states the awarding of 138 grants and names this recipient, amount, initiative and counties.",data/evidence/AL/2026-08-24_governor_ivey_first_arhtp_grants.html,https://governor.alabama.gov/newsroom/2026/08/governor-ivey-announces-first-grants-in-major-new-rural-healthcare-program-totaling-more-than-144-million/,PER_AWARD_ACTION,EXACT_AS_PUBLISHED,AWARDED,PATTERN,Rural Health Initiative,Rural Health Initiative,FIRST,Geneva,"Wiregrass Medical Center – $391,000 to establish an in-house microbiology laboratory to provide faster diagnostic testing for patients and healthcare providers in rural southeast Alabama (Geneva)."
AL,82,UAB Montgomery,2089999.9999999998,UNIVERSITY_OR_AHC,No,Rural Health Initiative,Yes,Yes,FY2026 (Year 1),Governor Ivey Announces First Grants in Major New Rural Healthcare Program Totaling More than $144 Million,https://governor.alabama.gov/newsroom/2026/08/governor-ivey-announces-first-grants-in-major-new-rural-healthcare-program-totaling-more-than-144-million/,GOVERNOR_PRESS_RELEASE,MODEL_ASSISTED,AI-assisted - CONFIRM,,,,,,MEDIUM,AMOUNT_ROUNDED_IN_SOURCE,NON_HOSPITAL,No,"Curated override: UAB's Montgomery regional medical campus; the name carries no university token. §10.2 NON_HOSPITAL: the named recipient is not a hospital (§0.3a -- judged on the recipient, not the activity), and the source does not state that hospitals receive or use the funded activity. Source: Governor Ivey's 2026-08-24 release, which states the awarding of 138 grants and names this recipient, amount, initiative and counties. The release publishes this amount rounded to millions; it is recorded as published and is not exact to the dollar.",data/evidence/AL/2026-08-24_governor_ivey_first_arhtp_grants.html,https://governor.alabama.gov/newsroom/2026/08/governor-ivey-announces-first-grants-in-major-new-rural-healthcare-program-totaling-more-than-144-million/,PER_AWARD_ACTION,ROUNDED_TO_MILLIONS,AWARDED,OVERRIDE,Rural Health Initiative,Rural Health Initiative,FIRST,Lowndes,UAB Montgomery – $2.09 million to implement the Lowndes County “Street MAP” Clinic to expand access to healthcare services for underserved residents in Lowndes County (Lowndes).
AL,83,University of Alabama,1460000,UNIVERSITY_OR_AHC,No,Rural Health Initiative,Yes,Yes,FY2026 (Year 1),Governor Ivey Announces First Grants in Major New Rural Healthcare Program Totaling More than $144 Million,https://governor.alabama.gov/newsroom/2026/08/governor-ivey-announces-first-grants-in-major-new-rural-healthcare-program-totaling-more-than-144-million/,GOVERNOR_PRESS_RELEASE,MODEL_ASSISTED,AI-assisted - CONFIRM,,,,,,HIGH,AMOUNT_ROUNDED_IN_SOURCE,NON_HOSPITAL,No,"Recipient name rule: name states a university or college. §10.2 NON_HOSPITAL: the named recipient is not a hospital (§0.3a -- judged on the recipient, not the activity), and the source does not state that hospitals receive or use the funded activity. Source: Governor Ivey's 2026-08-24 release, which states the awarding of 138 grants and names this recipient, amount, initiative and counties. The release publishes this amount rounded to millions; it is recorded as published and is not exact to the dollar.",data/evidence/AL/2026-08-24_governor_ivey_first_arhtp_grants.html,https://governor.alabama.gov/newsroom/2026/08/governor-ivey-announces-first-grants-in-major-new-rural-healthcare-program-totaling-more-than-144-million/,PER_AWARD_ACTION,ROUNDED_TO_MILLIONS,AWARDED,PATTERN,Rural Health Initiative,Rural Health Initiative,FIRST,Statewide,"University of Alabama – $1.46 million to establish the Brain Health Rural Integrated Delivery and Guidance Exchange to connect services for brain injuries, mental health, substance use and social needs (Statewide)."
AL,84,Vaughan Regional Medical Center,780332,HOSPITAL_OR_SYSTEM,Yes,Rural Health Initiative,Yes,Yes,FY2026 (Year 1),Governor Ivey Announces First Grants in Major New Rural Healthcare Program Totaling More than $144 Million,https://governor.alabama.gov/newsroom/2026/08/governor-ivey-announces-first-grants-in-major-new-rural-healthcare-program-totaling-more-than-144-million/,GOVERNOR_PRESS_RELEASE,MODEL_ASSISTED,AI-assisted - CONFIRM,,,,,,HIGH,,DIRECT,Yes,"Recipient name rule: name states a medical center. §10.2 DIRECT: the named recipient is a hospital or hospital system and the state's award document names both the recipient and the amount. Source: Governor Ivey's 2026-08-24 release, which states the awarding of 138 grants and names this recipient, amount, initiative and counties.",data/evidence/AL/2026-08-24_governor_ivey_first_arhtp_grants.html,https://governor.alabama.gov/newsroom/2026/08/governor-ivey-announces-first-grants-in-major-new-rural-healthcare-program-totaling-more-than-144-million/,PER_AWARD_ACTION,EXACT_AS_PUBLISHED,AWARDED,PATTERN,Rural Health Initiative,Rural Health Initiative,FIRST,Dallas,"Vaughan Regional Medical Center – $780,332 to replace its outdated nurse call system with a modern facility-wide communication system to improve patient safety, clinical response and care coordination (Dallas)."
AL,85,Tombigbee Healthcare Authority DBA Whitfield Regional Hospital,259011,HOSPITAL_OR_SYSTEM,Yes,Rural Health Initiative,Yes,Yes,FY2026 (Year 1),Governor Ivey Announces First Grants in Major New Rural Healthcare Program Totaling More than $144 Million,https://governor.alabama.gov/newsroom/2026/08/governor-ivey-announces-first-grants-in-major-new-rural-healthcare-program-totaling-more-than-144-million/,GOVERNOR_PRESS_RELEASE,MODEL_ASSISTED,AI-assisted - CONFIRM,,,,,,HIGH,,DIRECT,Yes,"Recipient name rule: name states a hospital. §10.2 DIRECT: the named recipient is a hospital or hospital system and the state's award document names both the recipient and the amount. Source: Governor Ivey's 2026-08-24 release, which states the awarding of 138 grants and names this recipient, amount, initiative and counties.",data/evidence/AL/2026-08-24_governor_ivey_first_arhtp_grants.html,https://governor.alabama.gov/newsroom/2026/08/governor-ivey-announces-first-grants-in-major-new-rural-healthcare-program-totaling-more-than-144-million/,PER_AWARD_ACTION,EXACT_AS_PUBLISHED,AWARDED,PATTERN,Rural Health Initiative,Rural Health Initiative,FIRST,"Dallas, Greene, Marengo, Sumter, Wilcox","Tombigbee Healthcare Authority DBA Whitfield Regional Hospital – $259,011 to expand community wellness events that provide health screenings, education, referral assistance and access to virtual primary and specialty care (Dallas, Greene, Marengo, Sumter, Wilcox)."
AL,86,Wilcox Hospital Board DBA J. Paul Jones Rural Emergency Hospital,116880,HOSPITAL_OR_SYSTEM,Yes,Rural Health Initiative,Yes,Yes,FY2026 (Year 1),Governor Ivey Announces First Grants in Major New Rural Healthcare Program Totaling More than $144 Million,https://governor.alabama.gov/newsroom/2026/08/governor-ivey-announces-first-grants-in-major-new-rural-healthcare-program-totaling-more-than-144-million/,GOVERNOR_PRESS_RELEASE,MODEL_ASSISTED,AI-assisted - CONFIRM,,,,,,HIGH,,DIRECT,Yes,"Recipient name rule: name states a hospital. §10.2 DIRECT: the named recipient is a hospital or hospital system and the state's award document names both the recipient and the amount. Source: Governor Ivey's 2026-08-24 release, which states the awarding of 138 grants and names this recipient, amount, initiative and counties.",data/evidence/AL/2026-08-24_governor_ivey_first_arhtp_grants.html,https://governor.alabama.gov/newsroom/2026/08/governor-ivey-announces-first-grants-in-major-new-rural-healthcare-program-totaling-more-than-144-million/,PER_AWARD_ACTION,EXACT_AS_PUBLISHED,AWARDED,PATTERN,Rural Health Initiative,Rural Health Initiative,FIRST,"Chilton, Coosa, Elmore, Perry, Wilcox","Wilcox Hospital Board DBA J. Paul Jones Rural Emergency Hospital – $116,880 to implement a two-part technology upgrade to reduce provider documentation burden and strengthen time-sensitive tele-neurology and stroke care across rural Alabama (Chilton, Coosa, Elmore, Perry, Wilcox)."
AL,87,Alabama Community College System,464000,UNIVERSITY_OR_AHC,No,Rural Workforce Initiative,Yes,Yes,FY2026 (Year 1),Governor Ivey Announces First Grants in Major New Rural Healthcare Program Totaling More than $144 Million,https://governor.alabama.gov/newsroom/2026/08/governor-ivey-announces-first-grants-in-major-new-rural-healthcare-program-totaling-more-than-144-million/,GOVERNOR_PRESS_RELEASE,MODEL_ASSISTED,AI-assisted - CONFIRM,,,,,,HIGH,,NON_HOSPITAL,No,"Recipient name rule: name states a university or college. §10.2 NON_HOSPITAL: the named recipient is not a hospital (§0.3a -- judged on the recipient, not the activity), and the source does not state that hospitals receive or use the funded activity. Source: Governor Ivey's 2026-08-24 release, which states the awarding of 138 grants and names this recipient, amount, initiative and counties.",data/evidence/AL/2026-08-24_governor_ivey_first_arhtp_grants.html,https://governor.alabama.gov/newsroom/2026/08/governor-ivey-announces-first-grants-in-major-new-rural-healthcare-program-totaling-more-than-144-million/,PER_AWARD_ACTION,EXACT_AS_PUBLISHED,AWARDED,PATTERN,Rural Workforce Initiative,Rural Workforce Initiative,FIRST,,"Alabama Community College System – The system received two grants from this initiative, including $464,000 to establish a statewide training network that awards college credit for qualifying military training and creates accelerated pathways for veterans to complete healthcare credentials."
AL,88,Alabama Community College System,319540,UNIVERSITY_OR_AHC,No,Rural Workforce Initiative | second grant to this recipient under this initiative,Yes,Yes,FY2026 (Year 1),Governor Ivey Announces First Grants in Major New Rural Healthcare Program Totaling More than $144 Million,https://governor.alabama.gov/newsroom/2026/08/governor-ivey-announces-first-grants-in-major-new-rural-healthcare-program-totaling-more-than-144-million/,GOVERNOR_PRESS_RELEASE,MODEL_ASSISTED,AI-assisted - CONFIRM,,,,,,HIGH,,NON_HOSPITAL,No,"Recipient name rule: name states a university or college. §10.2 NON_HOSPITAL: the named recipient is not a hospital (§0.3a -- judged on the recipient, not the activity), and the source does not state that hospitals receive or use the funded activity. Source: Governor Ivey's 2026-08-24 release, which states the awarding of 138 grants and names this recipient, amount, initiative and counties. This is the second of two grants to this recipient under this initiative; the release carries it in a continuation paragraph that names no recipient of its own.",data/evidence/AL/2026-08-24_governor_ivey_first_arhtp_grants.html,https://governor.alabama.gov/newsroom/2026/08/governor-ivey-announces-first-grants-in-major-new-rural-healthcare-program-totaling-more-than-144-million/,PER_AWARD_ACTION,EXACT_AS_PUBLISHED,AWARDED,PATTERN,Rural Workforce Initiative,Rural Workforce Initiative,SECOND,"Baldwin, Coffee, Colbert, Conecuh, Covington, Cullman, Dallas, DeKalb, Etowah, Houston, Jefferson, Limestone, Madison, Marshall, Mobile, Montgomery, Randolph, Russell, Tallapoosa, Tuscaloosa, Walker","A second grant totaling $319,540 will establish a registered earn-and-learn apprenticeship to expand the nursing faculty workforce and increase nursing education capacity in 21 counties (Baldwin, Coffee, Colbert, Conecuh, Covington, Cullman, Dallas, DeKalb, Etowah, Houston, Jefferson, Limestone, Madison, Marshall, Mobile, Montgomery, Randolph, Russell, Tallapoosa, Tuscaloosa, Walker)."
AL,89,Alabama Fire College,756559,UNIVERSITY_OR_AHC,No,Rural Workforce Initiative,Yes,Yes,FY2026 (Year 1),Governor Ivey Announces First Grants in Major New Rural Healthcare Program Totaling More than $144 Million,https://governor.alabama.gov/newsroom/2026/08/governor-ivey-announces-first-grants-in-major-new-rural-healthcare-program-totaling-more-than-144-million/,GOVERNOR_PRESS_RELEASE,MODEL_ASSISTED,AI-assisted - CONFIRM,,,,,,HIGH,,NON_HOSPITAL,No,"Recipient name rule: name states a university or college. §10.2 NON_HOSPITAL: the named recipient is not a hospital (§0.3a -- judged on the recipient, not the activity), and the source does not state that hospitals receive or use the funded activity. Source: Governor Ivey's 2026-08-24 release, which states the awarding of 138 grants and names this recipient, amount, initiative and counties.",data/evidence/AL/2026-08-24_governor_ivey_first_arhtp_grants.html,https://governor.alabama.gov/newsroom/2026/08/governor-ivey-announces-first-grants-in-major-new-rural-healthcare-program-totaling-more-than-144-million/,PER_AWARD_ACTION,EXACT_AS_PUBLISHED,AWARDED,PATTERN,Rural Workforce Initiative,Rural Workforce Initiative,FIRST,,"Alabama Fire College – $756,559 to expand emergency medical services education across rural Alabama by providing scholarship-supported training for volunteer firefighters, rescue squad members, career firefighters, ambulance service employees and community members seeking emergency medical services credentials in rural communities statewide."
AL,90,Auburn University,5000000,UNIVERSITY_OR_AHC,No,Rural Workforce Initiative,Yes,Yes,FY2026 (Year 1),Governor Ivey Announces First Grants in Major New Rural Healthcare Program Totaling More than $144 Million,https://governor.alabama.gov/newsroom/2026/08/governor-ivey-announces-first-grants-in-major-new-rural-healthcare-program-totaling-more-than-144-million/,GOVERNOR_PRESS_RELEASE,MODEL_ASSISTED,AI-assisted - CONFIRM,,,,,,HIGH,AMOUNT_ROUNDED_IN_SOURCE,NON_HOSPITAL,No,"Recipient name rule: name states a university or college. §10.2 NON_HOSPITAL: the named recipient is not a hospital (§0.3a -- judged on the recipient, not the activity), and the source does not state that hospitals receive or use the funded activity. Source: Governor Ivey's 2026-08-24 release, which states the awarding of 138 grants and names this recipient, amount, initiative and counties. The release publishes this amount rounded to millions; it is recorded as published and is not exact to the dollar.",data/evidence/AL/2026-08-24_governor_ivey_first_arhtp_grants.html,https://governor.alabama.gov/newsroom/2026/08/governor-ivey-announces-first-grants-in-major-new-rural-healthcare-program-totaling-more-than-144-million/,PER_AWARD_ACTION,ROUNDED_TO_MILLIONS,AWARDED,PATTERN,Rural Workforce Initiative,Rural Workforce Initiative,FIRST,"Barbour, Bullock, Chambers, Covington, Dale, Geneva, Henry, Macon, Monroe, Pike, Tallapoosa, Washington","Auburn University – $5 million to establish a multidisciplinary Rural Workforce Academy to strengthen the pipeline of healthcare professionals in 12 counties (Barbour, Bullock, Chambers, Covington, Dale, Geneva, Henry, Macon, Monroe, Pike, Tallapoosa, Washington)."
AL,91,Cahaba Medical Care Foundation,100127,FQHC_OR_RHC,No,Rural Workforce Initiative,Yes,Yes,FY2026 (Year 1),Governor Ivey Announces First Grants in Major New Rural Healthcare Program Totaling More than $144 Million,https://governor.alabama.gov/newsroom/2026/08/governor-ivey-announces-first-grants-in-major-new-rural-healthcare-program-totaling-more-than-144-million/,GOVERNOR_PRESS_RELEASE,MODEL_ASSISTED,AI-assisted - CONFIRM,,,,,,MEDIUM,,NON_HOSPITAL,No,"Curated override: federally qualified health center; one of its own awards establishes a further FQHC site. §10.2 NON_HOSPITAL: the named recipient is not a hospital (§0.3a -- judged on the recipient, not the activity), and the source does not state that hospitals receive or use the funded activity. Source: Governor Ivey's 2026-08-24 release, which states the awarding of 138 grants and names this recipient, amount, initiative and counties.",data/evidence/AL/2026-08-24_governor_ivey_first_arhtp_grants.html,https://governor.alabama.gov/newsroom/2026/08/governor-ivey-announces-first-grants-in-major-new-rural-healthcare-program-totaling-more-than-144-million/,PER_AWARD_ACTION,EXACT_AS_PUBLISHED,AWARDED,OVERRIDE,Rural Workforce Initiative,Rural Workforce Initiative,FIRST,"Bibb, Perry, Wilcox","Cahaba Medical Care Foundation – The foundation received two grants from this initiative, including $100,127 to provide recruitment incentives to fourth-year medical students who enter the Cahaba+UAB Family Medicine Residency rural or frontier track and commit to at least five years of rural service in three counties (Bibb, Perry, Wilcox)."
AL,92,Cahaba Medical Care Foundation,430304,FQHC_OR_RHC,Unclear,Rural Workforce Initiative | second grant to this recipient under this initiative,Yes,Yes,FY2026 (Year 1),Governor Ivey Announces First Grants in Major New Rural Healthcare Program Totaling More than $144 Million,https://governor.alabama.gov/newsroom/2026/08/governor-ivey-announces-first-grants-in-major-new-rural-healthcare-program-totaling-more-than-144-million/,GOVERNOR_PRESS_RELEASE,MODEL_ASSISTED,AI-assisted - CONFIRM,,,,,,MEDIUM,ELIGIBILITY_NOT_RECEIPT,PASS_THROUGH_UNRESOLVED,Yes,"Curated override: federally qualified health center; one of its own awards establishes a further FQHC site. §10.2 PASS_THROUGH_UNRESOLVED: the recipient is not a hospital, and the source states that funds reach hospitals it does not name. §0.3 -- eligibility is not receipt -- so this is not imputed to Yes. Source: Governor Ivey's 2026-08-24 release, which states the awarding of 138 grants and names this recipient, amount, initiative and counties. This is the second of two grants to this recipient under this initiative; the release carries it in a continuation paragraph that names no recipient of its own.",data/evidence/AL/2026-08-24_governor_ivey_first_arhtp_grants.html,https://governor.alabama.gov/newsroom/2026/08/governor-ivey-announces-first-grants-in-major-new-rural-healthcare-program-totaling-more-than-144-million/,PER_AWARD_ACTION,EXACT_AS_PUBLISHED,AWARDED,OVERRIDE,Rural Workforce Initiative,Rural Workforce Initiative,SECOND,"Bibb, Coffee, Dallas, Talladega","A second grant totaling $430,304 will establish rural obstetric training capacity at four Alabama hospitals to strengthen the pipeline of physicians prepared to provide maternity care in four counties (Bibb, Coffee, Dallas, Talladega)."
AL,93,Clay County Healthcare Authority,293000,HOSPITAL_OR_SYSTEM,Yes,Rural Workforce Initiative,Yes,Yes,FY2026 (Year 1),Governor Ivey Announces First Grants in Major New Rural Healthcare Program Totaling More than $144 Million,https://governor.alabama.gov/newsroom/2026/08/governor-ivey-announces-first-grants-in-major-new-rural-healthcare-program-totaling-more-than-144-million/,GOVERNOR_PRESS_RELEASE,MODEL_ASSISTED,AI-assisted - CONFIRM,,,,,,MEDIUM,,DIRECT,Yes,"Recipient name rule: Alabama hospital authority. §10.2 DIRECT: the named recipient is a hospital or hospital system and the state's award document names both the recipient and the amount. Source: Governor Ivey's 2026-08-24 release, which states the awarding of 138 grants and names this recipient, amount, initiative and counties.",data/evidence/AL/2026-08-24_governor_ivey_first_arhtp_grants.html,https://governor.alabama.gov/newsroom/2026/08/governor-ivey-announces-first-grants-in-major-new-rural-healthcare-program-totaling-more-than-144-million/,PER_AWARD_ACTION,EXACT_AS_PUBLISHED,AWARDED,PATTERN,Rural Workforce Initiative,Rural Workforce Initiative,FIRST,Clay,"Clay County Healthcare Authority – $293,000 to strengthen its local healthcare workforce by supporting credential advancement for existing employees, sustaining a high school healthcare education pipeline and recruiting the county’s first employed primary care physician at its rural emergency hospital (Clay)."
AL,94,Cullman Regional Medical Center Inc.,3800000,HOSPITAL_OR_SYSTEM,Yes,Rural Workforce Initiative,Yes,Yes,FY2026 (Year 1),Governor Ivey Announces First Grants in Major New Rural Healthcare Program Totaling More than $144 Million,https://governor.alabama.gov/newsroom/2026/08/governor-ivey-announces-first-grants-in-major-new-rural-healthcare-program-totaling-more-than-144-million/,GOVERNOR_PRESS_RELEASE,MODEL_ASSISTED,AI-assisted - CONFIRM,,,,,,HIGH,AMOUNT_ROUNDED_IN_SOURCE,DIRECT,Yes,"Recipient name rule: name states a medical center. §10.2 DIRECT: the named recipient is a hospital or hospital system and the state's award document names both the recipient and the amount. Source: Governor Ivey's 2026-08-24 release, which states the awarding of 138 grants and names this recipient, amount, initiative and counties. The release publishes this amount rounded to millions; it is recorded as published and is not exact to the dollar.",data/evidence/AL/2026-08-24_governor_ivey_first_arhtp_grants.html,https://governor.alabama.gov/newsroom/2026/08/governor-ivey-announces-first-grants-in-major-new-rural-healthcare-program-totaling-more-than-144-million/,PER_AWARD_ACTION,ROUNDED_TO_MILLIONS,AWARDED,PATTERN,Rural Workforce Initiative,Rural Workforce Initiative,FIRST,"Blount, Cullman, Lawrence, Marshall, Morgan, Walker, Winston","Cullman Regional Medical Center Inc. – $3.8 million to establish a family medicine residency training program with a focused obstetrics track to strengthen the pipeline of physicians prepared to provide maternity care in seven counties (Blount, Cullman, Lawrence, Marshall, Morgan, Walker, Winston)."
AL,95,The DCH Health Care Authority,3000000,HOSPITAL_OR_SYSTEM,Yes,Rural Workforce Initiative,Yes,Yes,FY2026 (Year 1),Governor Ivey Announces First Grants in Major New Rural Healthcare Program Totaling More than $144 Million,https://governor.alabama.gov/newsroom/2026/08/governor-ivey-announces-first-grants-in-major-new-rural-healthcare-program-totaling-more-than-144-million/,GOVERNOR_PRESS_RELEASE,MODEL_ASSISTED,AI-assisted - CONFIRM,,,,,,MEDIUM,AMOUNT_ROUNDED_IN_SOURCE,DIRECT,Yes,"Recipient name rule: Alabama hospital authority. §10.2 DIRECT: the named recipient is a hospital or hospital system and the state's award document names both the recipient and the amount. Source: Governor Ivey's 2026-08-24 release, which states the awarding of 138 grants and names this recipient, amount, initiative and counties. The release publishes this amount rounded to millions; it is recorded as published and is not exact to the dollar.",data/evidence/AL/2026-08-24_governor_ivey_first_arhtp_grants.html,https://governor.alabama.gov/newsroom/2026/08/governor-ivey-announces-first-grants-in-major-new-rural-healthcare-program-totaling-more-than-144-million/,PER_AWARD_ACTION,ROUNDED_TO_MILLIONS,AWARDED,PATTERN,Rural Workforce Initiative,Rural Workforce Initiative,FIRST,"Tuscaloosa, Fayette, Pickens, Greene, Hale, Lamar, Perry, Sumter, Marengo, Choctaw, Bibb","The DCH Health Care Authority – $3 million to recruit and retain two interventional cardiologists, one heart rhythm specialist and two advanced practice providers to strengthen access to cardiovascular care in several west Alabama counties (Tuscaloosa, Fayette, Pickens, Greene, Hale, Lamar, Perry, Sumter, Marengo, Choctaw, Bibb)."
AL,96,East Alabama Health Care Authority,1500000,HOSPITAL_OR_SYSTEM,Yes,Rural Workforce Initiative,Yes,Yes,FY2026 (Year 1),Governor Ivey Announces First Grants in Major New Rural Healthcare Program Totaling More than $144 Million,https://governor.alabama.gov/newsroom/2026/08/governor-ivey-announces-first-grants-in-major-new-rural-healthcare-program-totaling-more-than-144-million/,GOVERNOR_PRESS_RELEASE,MODEL_ASSISTED,AI-assisted - CONFIRM,,,,,,MEDIUM,AMOUNT_ROUNDED_IN_SOURCE,DIRECT,Yes,"Recipient name rule: Alabama hospital authority. §10.2 DIRECT: the named recipient is a hospital or hospital system and the state's award document names both the recipient and the amount. Source: Governor Ivey's 2026-08-24 release, which states the awarding of 138 grants and names this recipient, amount, initiative and counties. The release publishes this amount rounded to millions; it is recorded as published and is not exact to the dollar.",data/evidence/AL/2026-08-24_governor_ivey_first_arhtp_grants.html,https://governor.alabama.gov/newsroom/2026/08/governor-ivey-announces-first-grants-in-major-new-rural-healthcare-program-totaling-more-than-144-million/,PER_AWARD_ACTION,ROUNDED_TO_MILLIONS,AWARDED,PATTERN,Rural Workforce Initiative,Rural Workforce Initiative,FIRST,"Barbour, Bullock, Chambers, Clay, Elmore, Lee, Randolph, Talladega, Tallapoosa","East Alabama Health Care Authority – $1.5 million to establish a new rural family medicine residency program to train and retain more primary care physicians to serve nine counties (Barbour, Bullock, Chambers, Clay, Elmore, Lee, Randolph, Talladega, Tallapoosa)."
AL,97,Faulkner University,975000,UNIVERSITY_OR_AHC,No,Rural Workforce Initiative,Yes,Yes,FY2026 (Year 1),Governor Ivey Announces First Grants in Major New Rural Healthcare Program Totaling More than $144 Million,https://governor.alabama.gov/newsroom/2026/08/governor-ivey-announces-first-grants-in-major-new-rural-healthcare-program-totaling-more-than-144-million/,GOVERNOR_PRESS_RELEASE,MODEL_ASSISTED,AI-assisted - CONFIRM,,,,,,HIGH,,NON_HOSPITAL,No,"Recipient name rule: name states a university or college. §10.2 NON_HOSPITAL: the named recipient is not a hospital (§0.3a -- judged on the recipient, not the activity), and the source does not state that hospitals receive or use the funded activity. Source: Governor Ivey's 2026-08-24 release, which states the awarding of 138 grants and names this recipient, amount, initiative and counties.",data/evidence/AL/2026-08-24_governor_ivey_first_arhtp_grants.html,https://governor.alabama.gov/newsroom/2026/08/governor-ivey-announces-first-grants-in-major-new-rural-healthcare-program-totaling-more-than-144-million/,PER_AWARD_ACTION,EXACT_AS_PUBLISHED,AWARDED,PATTERN,Rural Workforce Initiative,Rural Workforce Initiative,FIRST,"Baldwin, Barbour, Bibb, Blount, Bullock, Butler, Calhoun, Chambers, Cherokee, Chilton, Choctaw, Clarke, Clay, Cleburne, Coffee, Conecuh, Coosa, Covington, Crenshaw, Cullman, Dale, Dallas, DeKalb, Elmore, Escambia, Etowah, Fayette, Franklin, Geneva, Greene, Hale, Henry, Jackson, Lamar, Lauderdale, Lawrence, Limestone, Lowndes, Macon, Marengo, Marion, Marshall, Mobile, Monroe, Morgan, Perry, Pickens, Pike, Randolph, Shelby, St. Clair, Sumter, Talladega, Tallapoosa, Walker, Washington, Wilcox, Winston","Faulkner University – $975,000 to establish a rural healthcare workforce program that provides tuition assistance to eligible health profession students who commit to five years of employment in rural Alabama and support housing, travel and related costs for students completing rural clinical rotations in 58 counties (Baldwin, Barbour, Bibb, Blount, Bullock, Butler, Calhoun, Chambers, Cherokee, Chilton, Choctaw, Clarke, Clay, Cleburne, Coffee, Conecuh, Coosa, Covington, Crenshaw, Cullman, Dale, Dallas, DeKalb, Elmore, Escambia, Etowah, Fayette, Franklin, Geneva, Greene, Hale, Henry, Jackson, Lamar, Lauderdale, Lawrence, Limestone, Lowndes, Macon, Marengo, Marion, Marshall, Mobile, Monroe, Morgan, Perry, Pickens, Pike, Randolph, Shelby, St. Clair, Sumter, Talladega, Tallapoosa, Walker, Washington, Wilcox, Winston)."
AL,98,Franklin Primary Health Center Inc.,1100000,FQHC_OR_RHC,No,Rural Workforce Initiative,Yes,Yes,FY2026 (Year 1),Governor Ivey Announces First Grants in Major New Rural Healthcare Program Totaling More than $144 Million,https://governor.alabama.gov/newsroom/2026/08/governor-ivey-announces-first-grants-in-major-new-rural-healthcare-program-totaling-more-than-144-million/,GOVERNOR_PRESS_RELEASE,MODEL_ASSISTED,AI-assisted - CONFIRM,,,,,,MEDIUM,AMOUNT_ROUNDED_IN_SOURCE,NON_HOSPITAL,No,"Recipient name rule: community/primary health center. §10.2 NON_HOSPITAL: the named recipient is not a hospital (§0.3a -- judged on the recipient, not the activity), and the source does not state that hospitals receive or use the funded activity. Source: Governor Ivey's 2026-08-24 release, which states the awarding of 138 grants and names this recipient, amount, initiative and counties. The release publishes this amount rounded to millions; it is recorded as published and is not exact to the dollar.",data/evidence/AL/2026-08-24_governor_ivey_first_arhtp_grants.html,https://governor.alabama.gov/newsroom/2026/08/governor-ivey-announces-first-grants-in-major-new-rural-healthcare-program-totaling-more-than-144-million/,PER_AWARD_ACTION,ROUNDED_TO_MILLIONS,AWARDED,PATTERN,Rural Workforce Initiative,Rural Workforce Initiative,FIRST,,Franklin Primary Health Center Inc. – $1.1 million to expand its accredited family medicine residency program by developing a rural training track to strengthen the pipeline of primary care physicians prepared to practice in rural communities in Baldwin County.
AL,99,Gadsden Regional Medical Center LLC,550000,HOSPITAL_OR_SYSTEM,Yes,Rural Workforce Initiative,Yes,Yes,FY2026 (Year 1),Governor Ivey Announces First Grants in Major New Rural Healthcare Program Totaling More than $144 Million,https://governor.alabama.gov/newsroom/2026/08/governor-ivey-announces-first-grants-in-major-new-rural-healthcare-program-totaling-more-than-144-million/,GOVERNOR_PRESS_RELEASE,MODEL_ASSISTED,AI-assisted - CONFIRM,,,,,,HIGH,,DIRECT,Yes,"Recipient name rule: name states a medical center. §10.2 DIRECT: the named recipient is a hospital or hospital system and the state's award document names both the recipient and the amount. Source: Governor Ivey's 2026-08-24 release, which states the awarding of 138 grants and names this recipient, amount, initiative and counties.",data/evidence/AL/2026-08-24_governor_ivey_first_arhtp_grants.html,https://governor.alabama.gov/newsroom/2026/08/governor-ivey-announces-first-grants-in-major-new-rural-healthcare-program-totaling-more-than-144-million/,PER_AWARD_ACTION,EXACT_AS_PUBLISHED,AWARDED,PATTERN,Rural Workforce Initiative,Rural Workforce Initiative,FIRST,,"Gadsden Regional Medical Center LLC – $550,000 to strengthen its nursing workforce by recruiting 20 registered nurses who commit to five years of rural service and expanding training opportunities for its existing nursing staff in Cherokee and Etowah counties."
AL,100,HH Health System – Marshall LLC,935000,HOSPITAL_OR_SYSTEM,Yes,Rural Workforce Initiative,Yes,Yes,FY2026 (Year 1),Governor Ivey Announces First Grants in Major New Rural Healthcare Program Totaling More than $144 Million,https://governor.alabama.gov/newsroom/2026/08/governor-ivey-announces-first-grants-in-major-new-rural-healthcare-program-totaling-more-than-144-million/,GOVERNOR_PRESS_RELEASE,MODEL_ASSISTED,AI-assisted - CONFIRM,,,,,,MEDIUM,,DIRECT,Yes,"Recipient name rule: name states a health system. §10.2 DIRECT: the named recipient is a hospital or hospital system and the state's award document names both the recipient and the amount. Source: Governor Ivey's 2026-08-24 release, which states the awarding of 138 grants and names this recipient, amount, initiative and counties.",data/evidence/AL/2026-08-24_governor_ivey_first_arhtp_grants.html,https://governor.alabama.gov/newsroom/2026/08/governor-ivey-announces-first-grants-in-major-new-rural-healthcare-program-totaling-more-than-144-million/,PER_AWARD_ACTION,EXACT_AS_PUBLISHED,AWARDED,PATTERN,Rural Workforce Initiative,Rural Workforce Initiative,FIRST,,"HH Health System – Marshall LLC – $935,000 to establish the training and operational infrastructure needed to launch a new rural family medicine residency program in Marshall County."
AL,101,Infirmary Health System Inc.,342147,HOSPITAL_OR_SYSTEM,Yes,Rural Workforce Initiative,Yes,Yes,FY2026 (Year 1),Governor Ivey Announces First Grants in Major New Rural Healthcare Program Totaling More than $144 Million,https://governor.alabama.gov/newsroom/2026/08/governor-ivey-announces-first-grants-in-major-new-rural-healthcare-program-totaling-more-than-144-million/,GOVERNOR_PRESS_RELEASE,MODEL_ASSISTED,AI-assisted - CONFIRM,,,,,,MEDIUM,,DIRECT,Yes,"Recipient name rule: name states a health system. §10.2 DIRECT: the named recipient is a hospital or hospital system and the state's award document names both the recipient and the amount. Source: Governor Ivey's 2026-08-24 release, which states the awarding of 138 grants and names this recipient, amount, initiative and counties.",data/evidence/AL/2026-08-24_governor_ivey_first_arhtp_grants.html,https://governor.alabama.gov/newsroom/2026/08/governor-ivey-announces-first-grants-in-major-new-rural-healthcare-program-totaling-more-than-144-million/,PER_AWARD_ACTION,EXACT_AS_PUBLISHED,AWARDED,PATTERN,Rural Workforce Initiative,Rural Workforce Initiative,FIRST,"Baldwin, Clarke, Escambia, Mobile, Washington","Infirmary Health System Inc. – $342,147 to establish structured rural clinical rotations for internal medicine residents to strengthen the physician workforce pipeline and expand supervised clinical capacity in five counties (Baldwin, Clarke, Escambia, Mobile, Washington)."
AL,102,Professional Medical Associates PC,800000,PHYSICIAN_PRACTICE,No,Rural Workforce Initiative,Yes,Yes,FY2026 (Year 1),Governor Ivey Announces First Grants in Major New Rural Healthcare Program Totaling More than $144 Million,https://governor.alabama.gov/newsroom/2026/08/governor-ivey-announces-first-grants-in-major-new-rural-healthcare-program-totaling-more-than-144-million/,GOVERNOR_PRESS_RELEASE,MODEL_ASSISTED,AI-assisted - CONFIRM,,,,,,HIGH,,NON_HOSPITAL,No,"Recipient name rule: professional corporation suffix. §10.2 NON_HOSPITAL: the named recipient is not a hospital (§0.3a -- judged on the recipient, not the activity), and the source does not state that hospitals receive or use the funded activity. Source: Governor Ivey's 2026-08-24 release, which states the awarding of 138 grants and names this recipient, amount, initiative and counties.",data/evidence/AL/2026-08-24_governor_ivey_first_arhtp_grants.html,https://governor.alabama.gov/newsroom/2026/08/governor-ivey-announces-first-grants-in-major-new-rural-healthcare-program-totaling-more-than-144-million/,PER_AWARD_ACTION,EXACT_AS_PUBLISHED,AWARDED,PATTERN,Rural Workforce Initiative,Rural Workforce Initiative,FIRST,"Coffee, Covington, Crenshaw, Dale, Geneva","Professional Medical Associates PC – $800,000 to provide recruitment and retention incentives for clinicians, onboarding support, technology modernization, and expanded patient access to address clinician shortages, large provider panel sizes, and chronic disease burden (Coffee, Covington, Crenshaw, Dale, Geneva)."
AL,103,Regional Training Institute,1380000,NONPROFIT_CBO,No,Rural Workforce Initiative,Yes,Yes,FY2026 (Year 1),Governor Ivey Announces First Grants in Major New Rural Healthcare Program Totaling More than $144 Million,https://governor.alabama.gov/newsroom/2026/08/governor-ivey-announces-first-grants-in-major-new-rural-healthcare-program-totaling-more-than-144-million/,GOVERNOR_PRESS_RELEASE,MODEL_ASSISTED,AI-assisted - CONFIRM,,,,,,LOW,AMOUNT_ROUNDED_IN_SOURCE,NON_HOSPITAL,No,"Curated override: training body; organisational form not stated by the source. §10.2 NON_HOSPITAL: the named recipient is not a hospital (§0.3a -- judged on the recipient, not the activity), and the source does not state that hospitals receive or use the funded activity. Source: Governor Ivey's 2026-08-24 release, which states the awarding of 138 grants and names this recipient, amount, initiative and counties. The release publishes this amount rounded to millions; it is recorded as published and is not exact to the dollar.",data/evidence/AL/2026-08-24_governor_ivey_first_arhtp_grants.html,https://governor.alabama.gov/newsroom/2026/08/governor-ivey-announces-first-grants-in-major-new-rural-healthcare-program-totaling-more-than-144-million/,PER_AWARD_ACTION,ROUNDED_TO_MILLIONS,AWARDED,OVERRIDE,Rural Workforce Initiative,Rural Workforce Initiative,FIRST,"Bibb, Blount, Calhoun, Chambers, Cherokee, Chilton, Coosa, Covington, Crenshaw, Cullman, Dallas, DeKalb, Elmore, Etowah, Fayette, Franklin, Hale, Jackson, Jefferson, Lamar, Lawrence, Limestone, Lowndes, Macon, Marengo, Marion, Marshall, Morgan, Perry, Pickens, Randolph, Shelby, St. Clair, Talladega, Walker, Winston","Regional Training Institute – $1.38 million to purchase and equip two mobile training units to bring hands-on emergency medical services training to rural residents who may have difficulty traveling to a training location. The project will serve 36 counties (Bibb, Blount, Calhoun, Chambers, Cherokee, Chilton, Coosa, Covington, Crenshaw, Cullman, Dallas, DeKalb, Elmore, Etowah, Fayette, Franklin, Hale, Jackson, Jefferson, Lamar, Lawrence, Limestone, Lowndes, Macon, Marengo, Marion, Marshall, Morgan, Perry, Pickens, Randolph, Shelby, St. Clair, Talladega, Walker, Winston)."
AL,104,Clair Community Health Clinic Inc.,1350000,NONPROFIT_CBO,No,Rural Workforce Initiative,Yes,Yes,FY2026 (Year 1),Governor Ivey Announces First Grants in Major New Rural Healthcare Program Totaling More than $144 Million,https://governor.alabama.gov/newsroom/2026/08/governor-ivey-announces-first-grants-in-major-new-rural-healthcare-program-totaling-more-than-144-million/,GOVERNOR_PRESS_RELEASE,MODEL_ASSISTED,AI-assisted - CONFIRM,,,,,,LOW,AMOUNT_ROUNDED_IN_SOURCE,NON_HOSPITAL,No,"Curated override: free clinic for uninsured rural adults in St. Clair County; the release publishes the name without its leading 'St.'. §10.2 NON_HOSPITAL: the named recipient is not a hospital (§0.3a -- judged on the recipient, not the activity), and the source does not state that hospitals receive or use the funded activity. Source: Governor Ivey's 2026-08-24 release, which states the awarding of 138 grants and names this recipient, amount, initiative and counties. The release publishes this amount rounded to millions; it is recorded as published and is not exact to the dollar.",data/evidence/AL/2026-08-24_governor_ivey_first_arhtp_grants.html,https://governor.alabama.gov/newsroom/2026/08/governor-ivey-announces-first-grants-in-major-new-rural-healthcare-program-totaling-more-than-144-million/,PER_AWARD_ACTION,ROUNDED_TO_MILLIONS,AWARDED,OVERRIDE,Rural Workforce Initiative,Rural Workforce Initiative,FIRST,,"Clair Community Health Clinic Inc. – $1.35 million to expand rural clinical training opportunities to strengthen the workforce providing diagnostic, chronic disease and community-based care in St. Clair County."
AL,105,Sylacauga Healthcare Authority,600000,HOSPITAL_OR_SYSTEM,Yes,Rural Workforce Initiative,Yes,Yes,FY2026 (Year 1),Governor Ivey Announces First Grants in Major New Rural Healthcare Program Totaling More than $144 Million,https://governor.alabama.gov/newsroom/2026/08/governor-ivey-announces-first-grants-in-major-new-rural-healthcare-program-totaling-more-than-144-million/,GOVERNOR_PRESS_RELEASE,MODEL_ASSISTED,AI-assisted - CONFIRM,,,,,,MEDIUM,,DIRECT,Yes,"Recipient name rule: Alabama hospital authority. §10.2 DIRECT: the named recipient is a hospital or hospital system and the state's award document names both the recipient and the amount. Source: Governor Ivey's 2026-08-24 release, which states the awarding of 138 grants and names this recipient, amount, initiative and counties.",data/evidence/AL/2026-08-24_governor_ivey_first_arhtp_grants.html,https://governor.alabama.gov/newsroom/2026/08/governor-ivey-announces-first-grants-in-major-new-rural-healthcare-program-totaling-more-than-144-million/,PER_AWARD_ACTION,EXACT_AS_PUBLISHED,AWARDED,PATTERN,Rural Workforce Initiative,Rural Workforce Initiative,FIRST,,"Sylacauga Healthcare Authority – $600,000 to provide recruitment incentives to hire two psychiatrists who will practice primarily in Talladega County and help establish a rural psychiatry training and workforce program."
AL,106,Triad of Alabama DBA Flowers Hospital,727000,HOSPITAL_OR_SYSTEM,Yes,Rural Workforce Initiative,Yes,Yes,FY2026 (Year 1),Governor Ivey Announces First Grants in Major New Rural Healthcare Program Totaling More than $144 Million,https://governor.alabama.gov/newsroom/2026/08/governor-ivey-announces-first-grants-in-major-new-rural-healthcare-program-totaling-more-than-144-million/,GOVERNOR_PRESS_RELEASE,MODEL_ASSISTED,AI-assisted - CONFIRM,,,,,,HIGH,,DIRECT,Yes,"Recipient name rule: name states a hospital. §10.2 DIRECT: the named recipient is a hospital or hospital system and the state's award document names both the recipient and the amount. Source: Governor Ivey's 2026-08-24 release, which states the awarding of 138 grants and names this recipient, amount, initiative and counties.",data/evidence/AL/2026-08-24_governor_ivey_first_arhtp_grants.html,https://governor.alabama.gov/newsroom/2026/08/governor-ivey-announces-first-grants-in-major-new-rural-healthcare-program-totaling-more-than-144-million/,PER_AWARD_ACTION,EXACT_AS_PUBLISHED,AWARDED,PATTERN,Rural Workforce Initiative,Rural Workforce Initiative,FIRST,Houston,"Triad of Alabama DBA Flowers Hospital – $727,000 to expand the hospital’s surgical technology training program, increasing access to high-quality workforce training opportunities for individuals pursuing allied health careers and deploying recruitment and retention strategies for specialized nurses and allied health professions through service-based initiatives (Houston)."
AL,107,Troy University,118070,UNIVERSITY_OR_AHC,No,Rural Workforce Initiative,Yes,Yes,FY2026 (Year 1),Governor Ivey Announces First Grants in Major New Rural Healthcare Program Totaling More than $144 Million,https://governor.alabama.gov/newsroom/2026/08/governor-ivey-announces-first-grants-in-major-new-rural-healthcare-program-totaling-more-than-144-million/,GOVERNOR_PRESS_RELEASE,MODEL_ASSISTED,AI-assisted - CONFIRM,,,,,,HIGH,,NON_HOSPITAL,No,"Recipient name rule: name states a university or college. §10.2 NON_HOSPITAL: the named recipient is not a hospital (§0.3a -- judged on the recipient, not the activity), and the source does not state that hospitals receive or use the funded activity. Source: Governor Ivey's 2026-08-24 release, which states the awarding of 138 grants and names this recipient, amount, initiative and counties.",data/evidence/AL/2026-08-24_governor_ivey_first_arhtp_grants.html,https://governor.alabama.gov/newsroom/2026/08/governor-ivey-announces-first-grants-in-major-new-rural-healthcare-program-totaling-more-than-144-million/,PER_AWARD_ACTION,EXACT_AS_PUBLISHED,AWARDED,PATTERN,Rural Workforce Initiative,Rural Workforce Initiative,FIRST,,"Troy University – $118,070 to establish an interprofessional training program that brings nursing and emergency medical services students together through virtual clinical simulations to strengthen communication and coordination during patient handoffs in Coffee and Pike counties."
AL,108,The University of Alabama at Birmingham,7000000,UNIVERSITY_OR_AHC,No,Rural Workforce Initiative,Yes,Yes,FY2026 (Year 1),Governor Ivey Announces First Grants in Major New Rural Healthcare Program Totaling More than $144 Million,https://governor.alabama.gov/newsroom/2026/08/governor-ivey-announces-first-grants-in-major-new-rural-healthcare-program-totaling-more-than-144-million/,GOVERNOR_PRESS_RELEASE,MODEL_ASSISTED,AI-assisted - CONFIRM,,,,,,HIGH,AMOUNT_ROUNDED_IN_SOURCE,NON_HOSPITAL,No,"Recipient name rule: name states a university or college. §10.2 NON_HOSPITAL: the named recipient is not a hospital (§0.3a -- judged on the recipient, not the activity), and the source does not state that hospitals receive or use the funded activity. Source: Governor Ivey's 2026-08-24 release, which states the awarding of 138 grants and names this recipient, amount, initiative and counties. The release publishes this amount rounded to millions; it is recorded as published and is not exact to the dollar.",data/evidence/AL/2026-08-24_governor_ivey_first_arhtp_grants.html,https://governor.alabama.gov/newsroom/2026/08/governor-ivey-announces-first-grants-in-major-new-rural-healthcare-program-totaling-more-than-144-million/,PER_AWARD_ACTION,ROUNDED_TO_MILLIONS,AWARDED,PATTERN,Rural Workforce Initiative,Rural Workforce Initiative,FIRST,"Baldwin, Barbour, Bibb, Blount, Calhoun, Cherokee, Chilton, Coffee, Cullman, Dallas, DeKalb, Elmore, Etowah, Fayette, Franklin, Hale, Jackson, Jefferson, Lauderdale, Lawrence, Lee, Limestone, Madison, Marengo, Marion, Marshall, Mobile, Montgomery, Shelby, St. Clair, Talladega, Tallapoosa, Tuscaloosa, Walker, Winston","The University of Alabama at Birmingham – The university received two grants from this initiative, including $7 million to strengthen Alabama’s rural primary care workforce by expanding the pipeline for recruiting, training and retaining physicians for rural practice to serve 35 counties (Baldwin, Barbour, Bibb, Blount, Calhoun, Cherokee, Chilton, Coffee, Cullman, Dallas, DeKalb, Elmore, Etowah, Fayette, Franklin, Hale, Jackson, Jefferson, Lauderdale, Lawrence, Lee, Limestone, Madison, Marengo, Marion, Marshall, Mobile, Montgomery, Shelby, St. Clair, Talladega, Tallapoosa, Tuscaloosa, Walker, Winston)."
AL,109,The University of Alabama at Birmingham,887616,UNIVERSITY_OR_AHC,No,Rural Workforce Initiative | second grant to this recipient under this initiative,Yes,Yes,FY2026 (Year 1),Governor Ivey Announces First Grants in Major New Rural Healthcare Program Totaling More than $144 Million,https://governor.alabama.gov/newsroom/2026/08/governor-ivey-announces-first-grants-in-major-new-rural-healthcare-program-totaling-more-than-144-million/,GOVERNOR_PRESS_RELEASE,MODEL_ASSISTED,AI-assisted - CONFIRM,,,,,,HIGH,,NON_HOSPITAL,No,"Recipient name rule: name states a university or college. §10.2 NON_HOSPITAL: the named recipient is not a hospital (§0.3a -- judged on the recipient, not the activity), and the source does not state that hospitals receive or use the funded activity. Source: Governor Ivey's 2026-08-24 release, which states the awarding of 138 grants and names this recipient, amount, initiative and counties. This is the second of two grants to this recipient under this initiative; the release carries it in a continuation paragraph that names no recipient of its own.",data/evidence/AL/2026-08-24_governor_ivey_first_arhtp_grants.html,https://governor.alabama.gov/newsroom/2026/08/governor-ivey-announces-first-grants-in-major-new-rural-healthcare-program-totaling-more-than-144-million/,PER_AWARD_ACTION,EXACT_AS_PUBLISHED,AWARDED,PATTERN,Rural Workforce Initiative,Rural Workforce Initiative,SECOND,"Jefferson, Mobile, Sumter, Tuscaloosa, Wilcox","A second grant totaling $887,616 will establish a youth workforce development program to introduce high school students to careers in emergency medical services, emergency preparedness and public health response in five counties (Jefferson, Mobile, Sumter, Tuscaloosa, Wilcox)."
AL,110,The University of Alabama in Huntsville,1470000,UNIVERSITY_OR_AHC,No,Rural Workforce Initiative,Yes,Yes,FY2026 (Year 1),Governor Ivey Announces First Grants in Major New Rural Healthcare Program Totaling More than $144 Million,https://governor.alabama.gov/newsroom/2026/08/governor-ivey-announces-first-grants-in-major-new-rural-healthcare-program-totaling-more-than-144-million/,GOVERNOR_PRESS_RELEASE,MODEL_ASSISTED,AI-assisted - CONFIRM,,,,,,HIGH,AMOUNT_ROUNDED_IN_SOURCE,NON_HOSPITAL,No,"Recipient name rule: name states a university or college. §10.2 NON_HOSPITAL: the named recipient is not a hospital (§0.3a -- judged on the recipient, not the activity), and the source does not state that hospitals receive or use the funded activity. Source: Governor Ivey's 2026-08-24 release, which states the awarding of 138 grants and names this recipient, amount, initiative and counties. The release publishes this amount rounded to millions; it is recorded as published and is not exact to the dollar.",data/evidence/AL/2026-08-24_governor_ivey_first_arhtp_grants.html,https://governor.alabama.gov/newsroom/2026/08/governor-ivey-announces-first-grants-in-major-new-rural-healthcare-program-totaling-more-than-144-million/,PER_AWARD_ACTION,ROUNDED_TO_MILLIONS,AWARDED,PATTERN,Rural Workforce Initiative,Rural Workforce Initiative,FIRST,"Cullman, DeKalb, Franklin, Jackson, Lauderdale, Lawrence, Limestone, Marshall, Morgan","The University of Alabama in Huntsville – $1.47 million to establish the Rural Alabama Nursing Scholars Program to strengthen the nursing workforce in nine north Alabama counties (Cullman, DeKalb, Franklin, Jackson, Lauderdale, Lawrence, Limestone, Marshall, Morgan)."
AL,111,The University of South Alabama,1250000,UNIVERSITY_OR_AHC,No,Rural Workforce Initiative,Yes,Yes,FY2026 (Year 1),Governor Ivey Announces First Grants in Major New Rural Healthcare Program Totaling More than $144 Million,https://governor.alabama.gov/newsroom/2026/08/governor-ivey-announces-first-grants-in-major-new-rural-healthcare-program-totaling-more-than-144-million/,GOVERNOR_PRESS_RELEASE,MODEL_ASSISTED,AI-assisted - CONFIRM,,,,,,HIGH,AMOUNT_ROUNDED_IN_SOURCE,NON_HOSPITAL,No,"Recipient name rule: name states a university or college. §10.2 NON_HOSPITAL: the named recipient is not a hospital (§0.3a -- judged on the recipient, not the activity), and the source does not state that hospitals receive or use the funded activity. Source: Governor Ivey's 2026-08-24 release, which states the awarding of 138 grants and names this recipient, amount, initiative and counties. The release publishes this amount rounded to millions; it is recorded as published and is not exact to the dollar.",data/evidence/AL/2026-08-24_governor_ivey_first_arhtp_grants.html,https://governor.alabama.gov/newsroom/2026/08/governor-ivey-announces-first-grants-in-major-new-rural-healthcare-program-totaling-more-than-144-million/,PER_AWARD_ACTION,ROUNDED_TO_MILLIONS,AWARDED,PATTERN,Rural Workforce Initiative,Rural Workforce Initiative,FIRST,"Butler, Choctaw, Clarke, Conecuh, Covington, Crenshaw, Dallas, Escambia, Greene, Hale, Lowndes, Marengo, Monroe, Perry, Sumter, Washington, Wilcox","The University of South Alabama – $1.25 million to strengthen the rural healthcare workforce by expanding physician residency training in rural settings and developing training and support for community health workers, telehealth implementation and healthcare revenue-cycle staff in 17 counties (Butler, Choctaw, Clarke, Conecuh, Covington, Crenshaw, Dallas, Escambia, Greene, Hale, Lowndes, Marengo, Monroe, Perry, Sumter, Washington, Wilcox)."
AL,112,AltaPointe Health Systems,2210000,NONPROFIT_CBO,No,Rural Health Practice Initiative,Yes,Yes,FY2026 (Year 1),Governor Ivey Announces First Grants in Major New Rural Healthcare Program Totaling More than $144 Million,https://governor.alabama.gov/newsroom/2026/08/governor-ivey-announces-first-grants-in-major-new-rural-healthcare-program-totaling-more-than-144-million/,GOVERNOR_PRESS_RELEASE,MODEL_ASSISTED,AI-assisted - CONFIRM,,,,,,LOW,AMOUNT_ROUNDED_IN_SOURCE,NON_HOSPITAL,No,"Curated override: community mental health provider; it operates psychiatric hospitals, but the release does not state which entity received the grant -- confirm before coding as a hospital. §10.2 NON_HOSPITAL: the named recipient is not a hospital (§0.3a -- judged on the recipient, not the activity), and the source does not state that hospitals receive or use the funded activity. Source: Governor Ivey's 2026-08-24 release, which states the awarding of 138 grants and names this recipient, amount, initiative and counties. The release publishes this amount rounded to millions; it is recorded as published and is not exact to the dollar.",data/evidence/AL/2026-08-24_governor_ivey_first_arhtp_grants.html,https://governor.alabama.gov/newsroom/2026/08/governor-ivey-announces-first-grants-in-major-new-rural-healthcare-program-totaling-more-than-144-million/,PER_AWARD_ACTION,ROUNDED_TO_MILLIONS,AWARDED,OVERRIDE,Rural Health Practice Initiative,Rural Health Practice Initiative,FIRST,"Clay, Talladega","AltaPointe Health Systems – $2.21 million to establish two integrated primary and behavioral health care access points in Ashland and Sylacauga to improve access to coordinated care for rural residents (Clay, Talladega)."
AL,113,Anderson Family Care,177961,PHYSICIAN_PRACTICE,No,Rural Health Practice Initiative,Yes,Yes,FY2026 (Year 1),Governor Ivey Announces First Grants in Major New Rural Healthcare Program Totaling More than $144 Million,https://governor.alabama.gov/newsroom/2026/08/governor-ivey-announces-first-grants-in-major-new-rural-healthcare-program-totaling-more-than-144-million/,GOVERNOR_PRESS_RELEASE,MODEL_ASSISTED,AI-assisted - CONFIRM,,,,,,MEDIUM,,NON_HOSPITAL,No,"Recipient name rule: name states a clinical practice. §10.2 NON_HOSPITAL: the named recipient is not a hospital (§0.3a -- judged on the recipient, not the activity), and the source does not state that hospitals receive or use the funded activity. Source: Governor Ivey's 2026-08-24 release, which states the awarding of 138 grants and names this recipient, amount, initiative and counties.",data/evidence/AL/2026-08-24_governor_ivey_first_arhtp_grants.html,https://governor.alabama.gov/newsroom/2026/08/governor-ivey-announces-first-grants-in-major-new-rural-healthcare-program-totaling-more-than-144-million/,PER_AWARD_ACTION,EXACT_AS_PUBLISHED,AWARDED,PATTERN,Rural Health Practice Initiative,Rural Health Practice Initiative,FIRST,"Greene, Hale, Marengo, Perry, Sumter","Anderson Family Care – $177,961 to establish weekend clinic hours in Demopolis to give rural patients access to non-emergency care within their existing medical practice instead of relying on emergency departments or urgent care (Greene, Hale, Marengo, Perry, Sumter)."
AL,114,Cahaba Medical Care Foundation,69159,FQHC_OR_RHC,No,Rural Health Practice Initiative,Yes,Yes,FY2026 (Year 1),Governor Ivey Announces First Grants in Major New Rural Healthcare Program Totaling More than $144 Million,https://governor.alabama.gov/newsroom/2026/08/governor-ivey-announces-first-grants-in-major-new-rural-healthcare-program-totaling-more-than-144-million/,GOVERNOR_PRESS_RELEASE,MODEL_ASSISTED,AI-assisted - CONFIRM,,,,,,MEDIUM,,NON_HOSPITAL,No,"Curated override: federally qualified health center; one of its own awards establishes a further FQHC site. §10.2 NON_HOSPITAL: the named recipient is not a hospital (§0.3a -- judged on the recipient, not the activity), and the source does not state that hospitals receive or use the funded activity. Source: Governor Ivey's 2026-08-24 release, which states the awarding of 138 grants and names this recipient, amount, initiative and counties.",data/evidence/AL/2026-08-24_governor_ivey_first_arhtp_grants.html,https://governor.alabama.gov/newsroom/2026/08/governor-ivey-announces-first-grants-in-major-new-rural-healthcare-program-totaling-more-than-144-million/,PER_AWARD_ACTION,EXACT_AS_PUBLISHED,AWARDED,OVERRIDE,Rural Health Practice Initiative,Rural Health Practice Initiative,FIRST,"Bibb, Chilton, Marengo, Perry, Wilcox","Cahaba Medical Care Foundation – The foundation has received two grants under this initiative, including one for $69,159 to replace Cahaba Medical Care’s current telehealth platform with a more user-friendly system to improve reliable access to virtual primary care and behavioral health services for rural patients (Bibb, Chilton, Marengo, Perry, Wilcox)."
AL,115,Cahaba Medical Care Foundation,280579,FQHC_OR_RHC,No,Rural Health Practice Initiative | second grant to this recipient under this initiative,Yes,Yes,FY2026 (Year 1),Governor Ivey Announces First Grants in Major New Rural Healthcare Program Totaling More than $144 Million,https://governor.alabama.gov/newsroom/2026/08/governor-ivey-announces-first-grants-in-major-new-rural-healthcare-program-totaling-more-than-144-million/,GOVERNOR_PRESS_RELEASE,MODEL_ASSISTED,AI-assisted - CONFIRM,,,,,,MEDIUM,,NON_HOSPITAL,No,"Curated override: federally qualified health center; one of its own awards establishes a further FQHC site. §10.2 NON_HOSPITAL: the named recipient is not a hospital (§0.3a -- judged on the recipient, not the activity), and the source does not state that hospitals receive or use the funded activity. Source: Governor Ivey's 2026-08-24 release, which states the awarding of 138 grants and names this recipient, amount, initiative and counties. This is the second of two grants to this recipient under this initiative; the release carries it in a continuation paragraph that names no recipient of its own.",data/evidence/AL/2026-08-24_governor_ivey_first_arhtp_grants.html,https://governor.alabama.gov/newsroom/2026/08/governor-ivey-announces-first-grants-in-major-new-rural-healthcare-program-totaling-more-than-144-million/,PER_AWARD_ACTION,EXACT_AS_PUBLISHED,AWARDED,OVERRIDE,Rural Health Practice Initiative,Rural Health Practice Initiative,SECOND,Dallas,"A second grant for $280,579 will allow the Foundation to establish a new Federally Qualified Health Center service site in Selma by completing targeted renovations and purchasing equipment for existing medical office space (Dallas)."
AL,116,Capstone Health,250000,NONPROFIT_CBO,No,Rural Health Practice Initiative,Yes,Yes,FY2026 (Year 1),Governor Ivey Announces First Grants in Major New Rural Healthcare Program Totaling More than $144 Million,https://governor.alabama.gov/newsroom/2026/08/governor-ivey-announces-first-grants-in-major-new-rural-healthcare-program-totaling-more-than-144-million/,GOVERNOR_PRESS_RELEASE,MODEL_ASSISTED,AI-assisted - CONFIRM,,,,,,LOW,RECIPIENT_TYPE_INFERRED,NON_HOSPITAL,No,"Recipient is named but the source does not state its organisational form; §8 settled fallback (session 10). §10.2 NON_HOSPITAL: the named recipient is not a hospital (§0.3a -- judged on the recipient, not the activity), and the source does not state that hospitals receive or use the funded activity. Source: Governor Ivey's 2026-08-24 release, which states the awarding of 138 grants and names this recipient, amount, initiative and counties.",data/evidence/AL/2026-08-24_governor_ivey_first_arhtp_grants.html,https://governor.alabama.gov/newsroom/2026/08/governor-ivey-announces-first-grants-in-major-new-rural-healthcare-program-totaling-more-than-144-million/,PER_AWARD_ACTION,EXACT_AS_PUBLISHED,AWARDED,FALLBACK,Rural Health Practice Initiative,Rural Health Practice Initiative,FIRST,Walker,"Capstone Health – $250,000 to expand access to primary care by implementing routine weekend clinic operations at an existing health center in Jasper, giving rural residents more opportunities to receive care outside traditional weekday hours (Walker)."
AL,117,City of Jackson Healthcare Authority DBA Jackson Medical Center,158215,HOSPITAL_OR_SYSTEM,Yes,Rural Health Practice Initiative,Yes,Yes,FY2026 (Year 1),Governor Ivey Announces First Grants in Major New Rural Healthcare Program Totaling More than $144 Million,https://governor.alabama.gov/newsroom/2026/08/governor-ivey-announces-first-grants-in-major-new-rural-healthcare-program-totaling-more-than-144-million/,GOVERNOR_PRESS_RELEASE,MODEL_ASSISTED,AI-assisted - CONFIRM,,,,,,HIGH,,DIRECT,Yes,"Recipient name rule: name states a medical center. §10.2 DIRECT: the named recipient is a hospital or hospital system and the state's award document names both the recipient and the amount. Source: Governor Ivey's 2026-08-24 release, which states the awarding of 138 grants and names this recipient, amount, initiative and counties.",data/evidence/AL/2026-08-24_governor_ivey_first_arhtp_grants.html,https://governor.alabama.gov/newsroom/2026/08/governor-ivey-announces-first-grants-in-major-new-rural-healthcare-program-totaling-more-than-144-million/,PER_AWARD_ACTION,EXACT_AS_PUBLISHED,AWARDED,PATTERN,Rural Health Practice Initiative,Rural Health Practice Initiative,FIRST,"Clarke, Washington","City of Jackson Healthcare Authority DBA Jackson Medical Center – $158,215 to modernize aging clinical and office equipment at Family Medical of Jackson to maintain reliable access to primary care in rural communities (Clarke, Washington)."
AL,118,Neil Rasmussen MD PC,243000,PHYSICIAN_PRACTICE,No,Rural Health Practice Initiative,Yes,Yes,FY2026 (Year 1),Governor Ivey Announces First Grants in Major New Rural Healthcare Program Totaling More than $144 Million,https://governor.alabama.gov/newsroom/2026/08/governor-ivey-announces-first-grants-in-major-new-rural-healthcare-program-totaling-more-than-144-million/,GOVERNOR_PRESS_RELEASE,MODEL_ASSISTED,AI-assisted - CONFIRM,,,,,,HIGH,,NON_HOSPITAL,No,"Recipient name rule: professional corporation suffix. §10.2 NON_HOSPITAL: the named recipient is not a hospital (§0.3a -- judged on the recipient, not the activity), and the source does not state that hospitals receive or use the funded activity. Source: Governor Ivey's 2026-08-24 release, which states the awarding of 138 grants and names this recipient, amount, initiative and counties.",data/evidence/AL/2026-08-24_governor_ivey_first_arhtp_grants.html,https://governor.alabama.gov/newsroom/2026/08/governor-ivey-announces-first-grants-in-major-new-rural-healthcare-program-totaling-more-than-144-million/,PER_AWARD_ACTION,EXACT_AS_PUBLISHED,AWARDED,PATTERN,Rural Health Practice Initiative,Rural Health Practice Initiative,FIRST,Henry,"Neil Rasmussen MD PC – $243,000 for Headland Family Medicine to expand primary and preventive care capacity in rural Henry County by recruiting and onboarding a full-time primary care physician and adding women’s health services, including annual screenings and family planning (Henry)."
AL,119,East Alabama Health Care Authority,731055,HOSPITAL_OR_SYSTEM,Yes,Rural Health Practice Initiative,Yes,Yes,FY2026 (Year 1),Governor Ivey Announces First Grants in Major New Rural Healthcare Program Totaling More than $144 Million,https://governor.alabama.gov/newsroom/2026/08/governor-ivey-announces-first-grants-in-major-new-rural-healthcare-program-totaling-more-than-144-million/,GOVERNOR_PRESS_RELEASE,MODEL_ASSISTED,AI-assisted - CONFIRM,,,,,,MEDIUM,,DIRECT,Yes,"Recipient name rule: Alabama hospital authority. §10.2 DIRECT: the named recipient is a hospital or hospital system and the state's award document names both the recipient and the amount. Source: Governor Ivey's 2026-08-24 release, which states the awarding of 138 grants and names this recipient, amount, initiative and counties.",data/evidence/AL/2026-08-24_governor_ivey_first_arhtp_grants.html,https://governor.alabama.gov/newsroom/2026/08/governor-ivey-announces-first-grants-in-major-new-rural-healthcare-program-totaling-more-than-144-million/,PER_AWARD_ACTION,EXACT_AS_PUBLISHED,AWARDED,PATTERN,Rural Health Practice Initiative,Rural Health Practice Initiative,FIRST,Bullock,"East Alabama Health Care Authority – $731,055 for an integrated school-based and mobile healthcare initiative to expand access to primary, preventative, behavioral health and chronic disease services for students, workers and underserved residents in Bullock County in partnership with Auburn University College of Nursing (Bullock)."
AL,120,Franklin Primary Health Center,881190,FQHC_OR_RHC,No,Rural Health Practice Initiative,Yes,Yes,FY2026 (Year 1),Governor Ivey Announces First Grants in Major New Rural Healthcare Program Totaling More than $144 Million,https://governor.alabama.gov/newsroom/2026/08/governor-ivey-announces-first-grants-in-major-new-rural-healthcare-program-totaling-more-than-144-million/,GOVERNOR_PRESS_RELEASE,MODEL_ASSISTED,AI-assisted - CONFIRM,,,,,,MEDIUM,,NON_HOSPITAL,No,"Curated override: federally qualified health center. §10.2 NON_HOSPITAL: the named recipient is not a hospital (§0.3a -- judged on the recipient, not the activity), and the source does not state that hospitals receive or use the funded activity. Source: Governor Ivey's 2026-08-24 release, which states the awarding of 138 grants and names this recipient, amount, initiative and counties.",data/evidence/AL/2026-08-24_governor_ivey_first_arhtp_grants.html,https://governor.alabama.gov/newsroom/2026/08/governor-ivey-announces-first-grants-in-major-new-rural-healthcare-program-totaling-more-than-144-million/,PER_AWARD_ACTION,EXACT_AS_PUBLISHED,AWARDED,OVERRIDE,Rural Health Practice Initiative,Rural Health Practice Initiative,FIRST,"Baldwin, Choctaw, Conecuh, Escambia, Monroe","Franklin Primary Health Center – $881,190 to expand clinic-based behavioral health services across the health center’s rural primary care network to improve access to counseling, care coordination and follow-up support closer to home (Baldwin, Choctaw, Conecuh, Escambia, Monroe)."
AL,121,City of York Health Care Authority DBA Hill Hospital of Sumter County,677120,HOSPITAL_OR_SYSTEM,Yes,Rural Health Practice Initiative,Yes,Yes,FY2026 (Year 1),Governor Ivey Announces First Grants in Major New Rural Healthcare Program Totaling More than $144 Million,https://governor.alabama.gov/newsroom/2026/08/governor-ivey-announces-first-grants-in-major-new-rural-healthcare-program-totaling-more-than-144-million/,GOVERNOR_PRESS_RELEASE,MODEL_ASSISTED,AI-assisted - CONFIRM,,,,,,HIGH,,DIRECT,Yes,"Recipient name rule: name states a hospital. §10.2 DIRECT: the named recipient is a hospital or hospital system and the state's award document names both the recipient and the amount. Source: Governor Ivey's 2026-08-24 release, which states the awarding of 138 grants and names this recipient, amount, initiative and counties.",data/evidence/AL/2026-08-24_governor_ivey_first_arhtp_grants.html,https://governor.alabama.gov/newsroom/2026/08/governor-ivey-announces-first-grants-in-major-new-rural-healthcare-program-totaling-more-than-144-million/,PER_AWARD_ACTION,EXACT_AS_PUBLISHED,AWARDED,PATTERN,Rural Health Practice Initiative,Rural Health Practice Initiative,FIRST,"Sumter, Tuscaloosa","City of York Health Care Authority DBA Hill Hospital of Sumter County – $677,120 to establish the Sumter County Pediatric Clinic on the Hill Hospital campus to expand access to pediatric primary care for children and adolescents in a rural area without a practicing pediatrician (Sumter, Tuscaloosa)."
AL,122,Regional Air Medical Services,13765,EMS_OR_PSAP,No,Rural Health Practice Initiative,Yes,Yes,FY2026 (Year 1),Governor Ivey Announces First Grants in Major New Rural Healthcare Program Totaling More than $144 Million,https://governor.alabama.gov/newsroom/2026/08/governor-ivey-announces-first-grants-in-major-new-rural-healthcare-program-totaling-more-than-144-million/,GOVERNOR_PRESS_RELEASE,MODEL_ASSISTED,AI-assisted - CONFIRM,,,,,,HIGH,,NON_HOSPITAL,No,"Recipient name rule: name states an EMS entity. §10.2 NON_HOSPITAL: the named recipient is not a hospital (§0.3a -- judged on the recipient, not the activity), and the source does not state that hospitals receive or use the funded activity. Source: Governor Ivey's 2026-08-24 release, which states the awarding of 138 grants and names this recipient, amount, initiative and counties.",data/evidence/AL/2026-08-24_governor_ivey_first_arhtp_grants.html,https://governor.alabama.gov/newsroom/2026/08/governor-ivey-announces-first-grants-in-major-new-rural-healthcare-program-totaling-more-than-144-million/,PER_AWARD_ACTION,EXACT_AS_PUBLISHED,AWARDED,PATTERN,Rural Health Practice Initiative,Rural Health Practice Initiative,FIRST,"Jefferson, Marion, Shelby, St. Clair, Walker, Winston","Regional Air Medical Services – $13,765 to purchase clinical simulation and training equipment to strengthen the skills of flight paramedics and flight nurses who provide emergency care and air transport in rural Alabama (Jefferson, Marion, Shelby, St. Clair, Walker, Winston)."
AL,123,Troy University,60000,UNIVERSITY_OR_AHC,No,Rural Health Practice Initiative,Yes,Yes,FY2026 (Year 1),Governor Ivey Announces First Grants in Major New Rural Healthcare Program Totaling More than $144 Million,https://governor.alabama.gov/newsroom/2026/08/governor-ivey-announces-first-grants-in-major-new-rural-healthcare-program-totaling-more-than-144-million/,GOVERNOR_PRESS_RELEASE,MODEL_ASSISTED,AI-assisted - CONFIRM,,,,,,HIGH,,NON_HOSPITAL,No,"Recipient name rule: name states a university or college. §10.2 NON_HOSPITAL: the named recipient is not a hospital (§0.3a -- judged on the recipient, not the activity), and the source does not state that hospitals receive or use the funded activity. Source: Governor Ivey's 2026-08-24 release, which states the awarding of 138 grants and names this recipient, amount, initiative and counties.",data/evidence/AL/2026-08-24_governor_ivey_first_arhtp_grants.html,https://governor.alabama.gov/newsroom/2026/08/governor-ivey-announces-first-grants-in-major-new-rural-healthcare-program-totaling-more-than-144-million/,PER_AWARD_ACTION,EXACT_AS_PUBLISHED,AWARDED,PATTERN,Rural Health Practice Initiative,Rural Health Practice Initiative,FIRST,Pike,"Troy University – $60,000 for the School of Nursing to establish TROY COMPASS, a peer mentorship and rural workforce development program that will support nursing students throughout Bachelor of Science in Nursing program and strengthen the pipeline of nurses prepared to serve rural communities (Pike)."
AL,124,The University of Alabama at Birmingham,974084,UNIVERSITY_OR_AHC,No,Rural Health Practice Initiative,Yes,Yes,FY2026 (Year 1),Governor Ivey Announces First Grants in Major New Rural Healthcare Program Totaling More than $144 Million,https://governor.alabama.gov/newsroom/2026/08/governor-ivey-announces-first-grants-in-major-new-rural-healthcare-program-totaling-more-than-144-million/,GOVERNOR_PRESS_RELEASE,MODEL_ASSISTED,AI-assisted - CONFIRM,,,,,,HIGH,,NON_HOSPITAL,No,"Recipient name rule: name states a university or college. §10.2 NON_HOSPITAL: the named recipient is not a hospital (§0.3a -- judged on the recipient, not the activity), and the source does not state that hospitals receive or use the funded activity. Source: Governor Ivey's 2026-08-24 release, which states the awarding of 138 grants and names this recipient, amount, initiative and counties.",data/evidence/AL/2026-08-24_governor_ivey_first_arhtp_grants.html,https://governor.alabama.gov/newsroom/2026/08/governor-ivey-announces-first-grants-in-major-new-rural-healthcare-program-totaling-more-than-144-million/,PER_AWARD_ACTION,EXACT_AS_PUBLISHED,AWARDED,PATTERN,Rural Health Practice Initiative,Rural Health Practice Initiative,FIRST,Dallas,"The University of Alabama at Birmingham – $974,084 for Selma Family Medicine to modernize its technology and care coordination systems to strengthen rural primary care and prepare the clinic for expanded specialty access through telehealth (Dallas)."
AL,125,Weiss Family Care,1060000,PHYSICIAN_PRACTICE,No,Rural Health Practice Initiative,Yes,Yes,FY2026 (Year 1),Governor Ivey Announces First Grants in Major New Rural Healthcare Program Totaling More than $144 Million,https://governor.alabama.gov/newsroom/2026/08/governor-ivey-announces-first-grants-in-major-new-rural-healthcare-program-totaling-more-than-144-million/,GOVERNOR_PRESS_RELEASE,MODEL_ASSISTED,AI-assisted - CONFIRM,,,,,,MEDIUM,AMOUNT_ROUNDED_IN_SOURCE,NON_HOSPITAL,No,"Recipient name rule: name states a clinical practice. §10.2 NON_HOSPITAL: the named recipient is not a hospital (§0.3a -- judged on the recipient, not the activity), and the source does not state that hospitals receive or use the funded activity. Source: Governor Ivey's 2026-08-24 release, which states the awarding of 138 grants and names this recipient, amount, initiative and counties. The release publishes this amount rounded to millions; it is recorded as published and is not exact to the dollar.",data/evidence/AL/2026-08-24_governor_ivey_first_arhtp_grants.html,https://governor.alabama.gov/newsroom/2026/08/governor-ivey-announces-first-grants-in-major-new-rural-healthcare-program-totaling-more-than-144-million/,PER_AWARD_ACTION,ROUNDED_TO_MILLIONS,AWARDED,PATTERN,Rural Health Practice Initiative,Rural Health Practice Initiative,FIRST,Cherokee,"Weiss Family Care – $1.06 million to expand clinic and telehealth capacity in rural Leesburg to improve access to primary care, urgent care and sexual health services closer to home (Cherokee)."
AL,126,AltaPointe Health Systems,935895,NONPROFIT_CBO,No,Mental Health Initiative,Yes,Yes,FY2026 (Year 1),Governor Ivey Announces First Grants in Major New Rural Healthcare Program Totaling More than $144 Million,https://governor.alabama.gov/newsroom/2026/08/governor-ivey-announces-first-grants-in-major-new-rural-healthcare-program-totaling-more-than-144-million/,GOVERNOR_PRESS_RELEASE,MODEL_ASSISTED,AI-assisted - CONFIRM,,,,,,LOW,,NON_HOSPITAL,No,"Curated override: community mental health provider; it operates psychiatric hospitals, but the release does not state which entity received the grant -- confirm before coding as a hospital. §10.2 NON_HOSPITAL: the named recipient is not a hospital (§0.3a -- judged on the recipient, not the activity), and the source does not state that hospitals receive or use the funded activity. Source: Governor Ivey's 2026-08-24 release, which states the awarding of 138 grants and names this recipient, amount, initiative and counties.",data/evidence/AL/2026-08-24_governor_ivey_first_arhtp_grants.html,https://governor.alabama.gov/newsroom/2026/08/governor-ivey-announces-first-grants-in-major-new-rural-healthcare-program-totaling-more-than-144-million/,PER_AWARD_ACTION,EXACT_AS_PUBLISHED,AWARDED,OVERRIDE,Mental Health Initiative,Mental Health Initiative,FIRST,"Autauga, Baldwin, Bibb, Blount, Chambers, Cherokee, Chilton, Choctaw, Clay, Coosa, Dallas, DeKalb, Elmore, Etowah, Fayette, Franklin, Greene, Hale, Jackson, Jefferson, Lamar, Lauderdale, Lawrence, Lee, Limestone, Lowndes, Marengo, Marion, Marshall, Mobile, Montgomery, Morgan, Perry, Pickens, Randolph, Shelby, St. Clair, Sumter, Talladega, Tallapoosa, Tuscaloosa, Walker, Washington, Wilcox","AltaPointe Health Systems – $935,895 to establish the Alabama School Mental Health Network to expand school-based mental health crisis services through a coordinated telehealth model, helping students in rural communities receive timely support during a behavioral health crisis (Autauga, Baldwin, Bibb, Blount, Chambers, Cherokee, Chilton, Choctaw, Clay, Coosa, Dallas, DeKalb, Elmore, Etowah, Fayette, Franklin, Greene, Hale, Jackson, Jefferson, Lamar, Lauderdale, Lawrence, Lee, Limestone, Lowndes, Marengo, Marion, Marshall, Mobile, Montgomery, Morgan, Perry, Pickens, Randolph, Shelby, St. Clair, Sumter, Talladega, Tallapoosa, Tuscaloosa, Walker, Washington, Wilcox)."
AL,127,Cahaba Medical Care Foundation,958307,FQHC_OR_RHC,No,Mental Health Initiative,Yes,Yes,FY2026 (Year 1),Governor Ivey Announces First Grants in Major New Rural Healthcare Program Totaling More than $144 Million,https://governor.alabama.gov/newsroom/2026/08/governor-ivey-announces-first-grants-in-major-new-rural-healthcare-program-totaling-more-than-144-million/,GOVERNOR_PRESS_RELEASE,MODEL_ASSISTED,AI-assisted - CONFIRM,,,,,,MEDIUM,,NON_HOSPITAL,No,"Curated override: federally qualified health center; one of its own awards establishes a further FQHC site. §10.2 NON_HOSPITAL: the named recipient is not a hospital (§0.3a -- judged on the recipient, not the activity), and the source does not state that hospitals receive or use the funded activity. Source: Governor Ivey's 2026-08-24 release, which states the awarding of 138 grants and names this recipient, amount, initiative and counties.",data/evidence/AL/2026-08-24_governor_ivey_first_arhtp_grants.html,https://governor.alabama.gov/newsroom/2026/08/governor-ivey-announces-first-grants-in-major-new-rural-healthcare-program-totaling-more-than-144-million/,PER_AWARD_ACTION,EXACT_AS_PUBLISHED,AWARDED,OVERRIDE,Mental Health Initiative,Mental Health Initiative,FIRST,"Bibb, Perry","Cahaba Medical Care Foundation – $958,307 to expand school-based behavioral health services in Bibb County and establish new services in Perry County to improve students’ access to mental health care (Bibb, Perry)."
AL,128,Montgomery Area Mental Health Authority DBA Carastar Health,1040000,LOCAL_GOVT_OR_PUBLIC_HEALTH,No,Mental Health Initiative,Yes,Yes,FY2026 (Year 1),Governor Ivey Announces First Grants in Major New Rural Healthcare Program Totaling More than $144 Million,https://governor.alabama.gov/newsroom/2026/08/governor-ivey-announces-first-grants-in-major-new-rural-healthcare-program-totaling-more-than-144-million/,GOVERNOR_PRESS_RELEASE,MODEL_ASSISTED,AI-assisted - CONFIRM,,,,,,MEDIUM,AMOUNT_ROUNDED_IN_SOURCE,NON_HOSPITAL,No,"Curated override: area mental health authority, a public body. §10.2 NON_HOSPITAL: the named recipient is not a hospital (§0.3a -- judged on the recipient, not the activity), and the source does not state that hospitals receive or use the funded activity. Source: Governor Ivey's 2026-08-24 release, which states the awarding of 138 grants and names this recipient, amount, initiative and counties. The release publishes this amount rounded to millions; it is recorded as published and is not exact to the dollar.",data/evidence/AL/2026-08-24_governor_ivey_first_arhtp_grants.html,https://governor.alabama.gov/newsroom/2026/08/governor-ivey-announces-first-grants-in-major-new-rural-healthcare-program-totaling-more-than-144-million/,PER_AWARD_ACTION,ROUNDED_TO_MILLIONS,AWARDED,OVERRIDE,Mental Health Initiative,Mental Health Initiative,FIRST,"Elmore, Lowndes","Montgomery Area Mental Health Authority DBA Carastar Health – $1.04 million to expand behavioral health services and strengthen operational infrastructure to support Certified Community Behavioral Health Clinic certification and improve access to coordinated care in rural communities (Elmore, Lowndes)."
AL,129,Southwest Alabama Behavioral Health Care Systems DBA CarePath Behavioral Health,865600,NONPROFIT_CBO,No,Mental Health Initiative,Yes,Yes,FY2026 (Year 1),Governor Ivey Announces First Grants in Major New Rural Healthcare Program Totaling More than $144 Million,https://governor.alabama.gov/newsroom/2026/08/governor-ivey-announces-first-grants-in-major-new-rural-healthcare-program-totaling-more-than-144-million/,GOVERNOR_PRESS_RELEASE,MODEL_ASSISTED,AI-assisted - CONFIRM,,,,,,MEDIUM,,NON_HOSPITAL,No,"Curated override: community behavioral health provider; the 'Health Care Systems' token would otherwise read as a hospital system. §10.2 NON_HOSPITAL: the named recipient is not a hospital (§0.3a -- judged on the recipient, not the activity), and the source does not state that hospitals receive or use the funded activity. Source: Governor Ivey's 2026-08-24 release, which states the awarding of 138 grants and names this recipient, amount, initiative and counties.",data/evidence/AL/2026-08-24_governor_ivey_first_arhtp_grants.html,https://governor.alabama.gov/newsroom/2026/08/governor-ivey-announces-first-grants-in-major-new-rural-healthcare-program-totaling-more-than-144-million/,PER_AWARD_ACTION,EXACT_AS_PUBLISHED,AWARDED,OVERRIDE,Mental Health Initiative,Mental Health Initiative,FIRST,"Clarke, Conecuh, Escambia, Monroe","Southwest Alabama Behavioral Health Care Systems DBA CarePath Behavioral Health – $865,600 to expand access to mental health and substance abuse disorder services and strengthen five rural locations as they transition to the Certified Community Behavioral Health Clinic model (Clarke, Conecuh, Escambia, Monroe)."
AL,130,Mental Health Board of Chilton and Shelby Counties Inc. DBA Central Alabama Wellness,589096,LOCAL_GOVT_OR_PUBLIC_HEALTH,No,Mental Health Initiative,Yes,Yes,FY2026 (Year 1),Governor Ivey Announces First Grants in Major New Rural Healthcare Program Totaling More than $144 Million,https://governor.alabama.gov/newsroom/2026/08/governor-ivey-announces-first-grants-in-major-new-rural-healthcare-program-totaling-more-than-144-million/,GOVERNOR_PRESS_RELEASE,MODEL_ASSISTED,AI-assisted - CONFIRM,,,,,,MEDIUM,,NON_HOSPITAL,No,"Curated override: county mental health board, a public body. §10.2 NON_HOSPITAL: the named recipient is not a hospital (§0.3a -- judged on the recipient, not the activity), and the source does not state that hospitals receive or use the funded activity. Source: Governor Ivey's 2026-08-24 release, which states the awarding of 138 grants and names this recipient, amount, initiative and counties.",data/evidence/AL/2026-08-24_governor_ivey_first_arhtp_grants.html,https://governor.alabama.gov/newsroom/2026/08/governor-ivey-announces-first-grants-in-major-new-rural-healthcare-program-totaling-more-than-144-million/,PER_AWARD_ACTION,EXACT_AS_PUBLISHED,AWARDED,OVERRIDE,Mental Health Initiative,Mental Health Initiative,FIRST,"Chilton, Shelby","Mental Health Board of Chilton and Shelby Counties Inc. DBA Central Alabama Wellness – $589,096 to establish a 24/7 mobile crisis service to provide in-person behavioral health crisis response and support its transition to the Certified Community Behavioral Health Clinic model (Chilton, Shelby)."
AL,131,Floyd Cherokee Medical Center LLC,31152,HOSPITAL_OR_SYSTEM,Yes,Mental Health Initiative,Yes,Yes,FY2026 (Year 1),Governor Ivey Announces First Grants in Major New Rural Healthcare Program Totaling More than $144 Million,https://governor.alabama.gov/newsroom/2026/08/governor-ivey-announces-first-grants-in-major-new-rural-healthcare-program-totaling-more-than-144-million/,GOVERNOR_PRESS_RELEASE,MODEL_ASSISTED,AI-assisted - CONFIRM,,,,,,HIGH,,DIRECT,Yes,"Recipient name rule: name states a medical center. §10.2 DIRECT: the named recipient is a hospital or hospital system and the state's award document names both the recipient and the amount. Source: Governor Ivey's 2026-08-24 release, which states the awarding of 138 grants and names this recipient, amount, initiative and counties.",data/evidence/AL/2026-08-24_governor_ivey_first_arhtp_grants.html,https://governor.alabama.gov/newsroom/2026/08/governor-ivey-announces-first-grants-in-major-new-rural-healthcare-program-totaling-more-than-144-million/,PER_AWARD_ACTION,EXACT_AS_PUBLISHED,AWARDED,PATTERN,Mental Health Initiative,Mental Health Initiative,FIRST,Cherokee,"Floyd Cherokee Medical Center LLC – $31,152 to expand virtual school-based mental health therapy services to improve students’ access to behavioral health care (Cherokee)."
AL,132,HARTT Inc. DBA HARTT Counseling and Wellness,222347,NONPROFIT_CBO,No,Mental Health Initiative,Yes,Yes,FY2026 (Year 1),Governor Ivey Announces First Grants in Major New Rural Healthcare Program Totaling More than $144 Million,https://governor.alabama.gov/newsroom/2026/08/governor-ivey-announces-first-grants-in-major-new-rural-healthcare-program-totaling-more-than-144-million/,GOVERNOR_PRESS_RELEASE,MODEL_ASSISTED,AI-assisted - CONFIRM,,,,,,LOW,RECIPIENT_TYPE_INFERRED,NON_HOSPITAL,No,"Recipient is named but the source does not state its organisational form; §8 settled fallback (session 10). §10.2 NON_HOSPITAL: the named recipient is not a hospital (§0.3a -- judged on the recipient, not the activity), and the source does not state that hospitals receive or use the funded activity. Source: Governor Ivey's 2026-08-24 release, which states the awarding of 138 grants and names this recipient, amount, initiative and counties.",data/evidence/AL/2026-08-24_governor_ivey_first_arhtp_grants.html,https://governor.alabama.gov/newsroom/2026/08/governor-ivey-announces-first-grants-in-major-new-rural-healthcare-program-totaling-more-than-144-million/,PER_AWARD_ACTION,EXACT_AS_PUBLISHED,AWARDED,FALLBACK,Mental Health Initiative,Mental Health Initiative,FIRST,"Walker, Winston","HARTT Inc. DBA HARTT Counseling and Wellness – $222,347 to expand school-based behavioral health services to improve access to mental health care for students in rural communities (Walker, Winston)."
AL,133,"East Alabama Mental Health-Mental Retardation Board, Inc. DBA Integrea Community Mental Health System",867545,LOCAL_GOVT_OR_PUBLIC_HEALTH,No,Mental Health Initiative,Yes,Yes,FY2026 (Year 1),Governor Ivey Announces First Grants in Major New Rural Healthcare Program Totaling More than $144 Million,https://governor.alabama.gov/newsroom/2026/08/governor-ivey-announces-first-grants-in-major-new-rural-healthcare-program-totaling-more-than-144-million/,GOVERNOR_PRESS_RELEASE,MODEL_ASSISTED,AI-assisted - CONFIRM,,,,,,MEDIUM,,NON_HOSPITAL,No,"Curated override: county mental health board; the 'System' token would otherwise read as a hospital system. §10.2 NON_HOSPITAL: the named recipient is not a hospital (§0.3a -- judged on the recipient, not the activity), and the source does not state that hospitals receive or use the funded activity. Source: Governor Ivey's 2026-08-24 release, which states the awarding of 138 grants and names this recipient, amount, initiative and counties.",data/evidence/AL/2026-08-24_governor_ivey_first_arhtp_grants.html,https://governor.alabama.gov/newsroom/2026/08/governor-ivey-announces-first-grants-in-major-new-rural-healthcare-program-totaling-more-than-144-million/,PER_AWARD_ACTION,EXACT_AS_PUBLISHED,AWARDED,OVERRIDE,Mental Health Initiative,Mental Health Initiative,FIRST,"Chambers, Tallapoosa","East Alabama Mental Health-Mental Retardation Board, Inc. DBA Integrea Community Mental Health System – $867,545 to expand and strengthen behavioral health services as it transitions to the Certified Community Behavioral Health Clinic model, improving access to coordinated mental health and substance use disorder care (Chambers, Tallapoosa)."
AL,134,Jefferson-Blount-St. Clair Mental Health Authority,542965,LOCAL_GOVT_OR_PUBLIC_HEALTH,No,Mental Health Initiative,Yes,Yes,FY2026 (Year 1),Governor Ivey Announces First Grants in Major New Rural Healthcare Program Totaling More than $144 Million,https://governor.alabama.gov/newsroom/2026/08/governor-ivey-announces-first-grants-in-major-new-rural-healthcare-program-totaling-more-than-144-million/,GOVERNOR_PRESS_RELEASE,MODEL_ASSISTED,AI-assisted - CONFIRM,,,,,,MEDIUM,,NON_HOSPITAL,No,"Curated override: county mental health authority, a public body. §10.2 NON_HOSPITAL: the named recipient is not a hospital (§0.3a -- judged on the recipient, not the activity), and the source does not state that hospitals receive or use the funded activity. Source: Governor Ivey's 2026-08-24 release, which states the awarding of 138 grants and names this recipient, amount, initiative and counties.",data/evidence/AL/2026-08-24_governor_ivey_first_arhtp_grants.html,https://governor.alabama.gov/newsroom/2026/08/governor-ivey-announces-first-grants-in-major-new-rural-healthcare-program-totaling-more-than-144-million/,PER_AWARD_ACTION,EXACT_AS_PUBLISHED,AWARDED,OVERRIDE,Mental Health Initiative,Mental Health Initiative,FIRST,"Blount, Jefferson, St. Clair","Jefferson-Blount-St. Clair Mental Health Authority – $542,965 to develop the infrastructure needed to transition from a community mental health center to the Certified Community Behavioral Health Clinic model (Blount, Jefferson, St. Clair)."
AL,135,Northwest Alabama Mental Health Center,480408,NONPROFIT_CBO,No,Mental Health Initiative,Yes,Yes,FY2026 (Year 1),Governor Ivey Announces First Grants in Major New Rural Healthcare Program Totaling More than $144 Million,https://governor.alabama.gov/newsroom/2026/08/governor-ivey-announces-first-grants-in-major-new-rural-healthcare-program-totaling-more-than-144-million/,GOVERNOR_PRESS_RELEASE,MODEL_ASSISTED,AI-assisted - CONFIRM,,,,,,LOW,RECIPIENT_TYPE_INFERRED,NON_HOSPITAL,No,"Recipient is named but the source does not state its organisational form; §8 settled fallback (session 10). §10.2 NON_HOSPITAL: the named recipient is not a hospital (§0.3a -- judged on the recipient, not the activity), and the source does not state that hospitals receive or use the funded activity. Source: Governor Ivey's 2026-08-24 release, which states the awarding of 138 grants and names this recipient, amount, initiative and counties.",data/evidence/AL/2026-08-24_governor_ivey_first_arhtp_grants.html,https://governor.alabama.gov/newsroom/2026/08/governor-ivey-announces-first-grants-in-major-new-rural-healthcare-program-totaling-more-than-144-million/,PER_AWARD_ACTION,EXACT_AS_PUBLISHED,AWARDED,FALLBACK,Mental Health Initiative,Mental Health Initiative,FIRST,"Fayette, Lamar, Marion, Walker, Winston","Northwest Alabama Mental Health Center – $480,408 to strengthen staffing and care delivery infrastructure to support the health center’s conversion to a Certified Community Behavioral Health Clinic and expand access to comprehensive mental health and substance use disorder services (Fayette, Lamar, Marion, Walker, Winston)."
AL,136,River Region Psychiatry Associates LLC,600550,PHYSICIAN_PRACTICE,No,Mental Health Initiative,Yes,Yes,FY2026 (Year 1),Governor Ivey Announces First Grants in Major New Rural Healthcare Program Totaling More than $144 Million,https://governor.alabama.gov/newsroom/2026/08/governor-ivey-announces-first-grants-in-major-new-rural-healthcare-program-totaling-more-than-144-million/,GOVERNOR_PRESS_RELEASE,MODEL_ASSISTED,AI-assisted - CONFIRM,,,,,,MEDIUM,,NON_HOSPITAL,No,"Recipient name rule: name states a clinical practice. §10.2 NON_HOSPITAL: the named recipient is not a hospital (§0.3a -- judged on the recipient, not the activity), and the source does not state that hospitals receive or use the funded activity. Source: Governor Ivey's 2026-08-24 release, which states the awarding of 138 grants and names this recipient, amount, initiative and counties.",data/evidence/AL/2026-08-24_governor_ivey_first_arhtp_grants.html,https://governor.alabama.gov/newsroom/2026/08/governor-ivey-announces-first-grants-in-major-new-rural-healthcare-program-totaling-more-than-144-million/,PER_AWARD_ACTION,EXACT_AS_PUBLISHED,AWARDED,PATTERN,Mental Health Initiative,Mental Health Initiative,FIRST,Marengo,"River Region Psychiatry Associates LLC – $600,550 to establish a mobile school-based behavioral health program to improve access to mental health services for students in rural schools in Marengo County (Marengo)."
AL,137,Rural Health Medical Program Inc.,660527,FQHC_OR_RHC,No,Mental Health Initiative,Yes,Yes,FY2026 (Year 1),Governor Ivey Announces First Grants in Major New Rural Healthcare Program Totaling More than $144 Million,https://governor.alabama.gov/newsroom/2026/08/governor-ivey-announces-first-grants-in-major-new-rural-healthcare-program-totaling-more-than-144-million/,GOVERNOR_PRESS_RELEASE,MODEL_ASSISTED,AI-assisted - CONFIRM,,,,,,MEDIUM,,NON_HOSPITAL,No,"Curated override: federally qualified health center. §10.2 NON_HOSPITAL: the named recipient is not a hospital (§0.3a -- judged on the recipient, not the activity), and the source does not state that hospitals receive or use the funded activity. Source: Governor Ivey's 2026-08-24 release, which states the awarding of 138 grants and names this recipient, amount, initiative and counties.",data/evidence/AL/2026-08-24_governor_ivey_first_arhtp_grants.html,https://governor.alabama.gov/newsroom/2026/08/governor-ivey-announces-first-grants-in-major-new-rural-healthcare-program-totaling-more-than-144-million/,PER_AWARD_ACTION,EXACT_AS_PUBLISHED,AWARDED,OVERRIDE,Mental Health Initiative,Mental Health Initiative,FIRST,"Clarke, Dallas, Marengo, Monroe, Perry, Wilcox","Rural Health Medical Program Inc. – $660,527 to establish school-based behavioral health services to improve access to mental health care for students in rural communities in six west Alabama counties (Clarke, Dallas, Marengo, Monroe, Perry, Wilcox)."
AL,138,WellStone Inc.,86660,NONPROFIT_CBO,No,Mental Health Initiative,Yes,Yes,FY2026 (Year 1),Governor Ivey Announces First Grants in Major New Rural Healthcare Program Totaling More than $144 Million,https://governor.alabama.gov/newsroom/2026/08/governor-ivey-announces-first-grants-in-major-new-rural-healthcare-program-totaling-more-than-144-million/,GOVERNOR_PRESS_RELEASE,MODEL_ASSISTED,AI-assisted - CONFIRM,,,,,,LOW,RECIPIENT_TYPE_INFERRED,NON_HOSPITAL,No,"Recipient is named but the source does not state its organisational form; §8 settled fallback (session 10). §10.2 NON_HOSPITAL: the named recipient is not a hospital (§0.3a -- judged on the recipient, not the activity), and the source does not state that hospitals receive or use the funded activity. Source: Governor Ivey's 2026-08-24 release, which states the awarding of 138 grants and names this recipient, amount, initiative and counties.",data/evidence/AL/2026-08-24_governor_ivey_first_arhtp_grants.html,https://governor.alabama.gov/newsroom/2026/08/governor-ivey-announces-first-grants-in-major-new-rural-healthcare-program-totaling-more-than-144-million/,PER_AWARD_ACTION,EXACT_AS_PUBLISHED,AWARDED,FALLBACK,Mental Health Initiative,Mental Health Initiative,FIRST,Cullman,"WellStone Inc. – $86,660 for the Cullman County School-Based Mental Health project to expand access to school-based mental health care by providing specialized tablets in every Cullman County school for immediate telehealth connections to local WellStone mental health therapists when in-person therapists are unavailable (Cullman)."
