state,row_no,awardee,amount,recipient_type,distributed_to_hospital,note,recipient_confirmed,amount_confirmed,fiscal_year,source_document_title,state_source_url,validation_source_type,extraction_method,validator,ccn,aha_id,rural_designation,reviewer,award_pool,site,recipient_type_source,determination_confidence,flag_reason,budget_period,flow_type,hospital_benefiting,hospital_attribution,intermediary_name,determination_basis,amount_basis,basis_type,round_amount,announcement_date,source_archive_path
CO,1,Alliance Against Domestic Abuse,423120,NONPROFIT_CBO,No,"HCPF RHTP award line, announced 2026-09-28 ('organizations selected to receive funding').",Yes,Yes,FY2026 (Year 1),"HCPF, About our RHTP Awardees (Our Awardees), read 2026-10-01",https://hcpf.colorado.gov/RHTP-awardees,AGENCY_PRESS_RELEASE,DIRECT_TEXT,R/03bo_co_year1_awardees.R,,,,,"Colorado RHTP subrecipient grants, round announced 2026-09-28",,"TYPED (session 82, FALLBACK): The source states no form and no CMS CO Hospital, FQHC or RHC enrolment carries the string (§8's standing fallback, RECIPIENT_TYPE_INFERRED); queued as CO_RECIPIENT_FORM_NOT_STATED. Classifier said NONPROFIT_CBO/LOW.",LOW,RECIPIENT_TYPE_INFERRED,Budget Period 1,NON_HOSPITAL,Unclear,NOT_HOSPITAL,,"§10.2 NON_HOSPITAL: The source states no form and no CMS CO Hospital, FQHC or RHC enrolment carries the string (§8's standing fallback, RECIPIENT_TYPE_INFERRED); queued as CO_RECIPIENT_FORM_NOT_STATED.","The line's own amount on HCPF's awardee page, exact. THE PAGE PRINTS NO TOTAL: its 92 lines sum to $170,210,575.26, against HCPF's release figure of $169,587,181 ($623,394.26 apart). Neither is adjusted here; see co_year1_status.csv.",,,2026-09-28,data/evidence/CO/2026-10-01_hcpf_rhtp_awardees.html
CO,2,Arkansas Valley Regional Medical Center,3564484,HOSPITAL_OR_SYSTEM,Yes,"HCPF RHTP award line, announced 2026-09-28 ('organizations selected to receive funding').",Yes,Yes,FY2026 (Year 1),"HCPF, About our RHTP Awardees (Our Awardees), read 2026-10-01",https://hcpf.colorado.gov/RHTP-awardees,AGENCY_PRESS_RELEASE,DIRECT_TEXT,R/03bo_co_year1_awardees.R,061336,,,,"Colorado RHTP subrecipient grants, round announced 2026-09-28",,"TYPED (session 82, FEDERAL RECORD): EXACT federal record: CMS CO Hospital Enrollment carries this string (or its dba) as an ORGANIZATION NAME or DBA at CCN 061336. Classifier said HOSPITAL_OR_SYSTEM/HIGH.",MEDIUM,,Budget Period 1,DIRECT,Yes,NAMED_HOSPITAL,,§10.2 DIRECT: EXACT federal record: CMS CO Hospital Enrollment carries this string (or its dba) as an ORGANIZATION NAME or DBA at CCN 061336. §0.3a: the recipient is a hospital whatever the activity.,"The line's own amount on HCPF's awardee page, exact. THE PAGE PRINTS NO TOTAL: its 92 lines sum to $170,210,575.26, against HCPF's release figure of $169,587,181 ($623,394.26 apart). Neither is adjusted here; see co_year1_status.csv.",ORG_WEBSITE,,2026-09-28,data/evidence/CO/2026-10-01_hcpf_rhtp_awardees.html
CO,3,Banner Health Foundation,385871,HOSPITAL_OR_SYSTEM,Yes,"HCPF RHTP award line, announced 2026-09-28 ('organizations selected to receive funding').",Yes,Yes,FY2026 (Year 1),"HCPF, About our RHTP Awardees (Our Awardees), read 2026-10-01",https://hcpf.colorado.gov/RHTP-awardees,AGENCY_PRESS_RELEASE,DIRECT_TEXT,R/03bo_co_year1_awardees.R,,,,,"Colorado RHTP subrecipient grants, round announced 2026-09-28",,"TYPED (session 82, HAND-READ): §10.2 HOSPITAL-FOUNDATION ROW: the foundation of a NAMED health system, Banner Health, which CMS CO Hospital Enrollment carries as BANNER HEALTH (CCN 060126, Fort Collins) and which operates North Colorado Medical Center and Sterling Regional MedCenter. The parent tie is read from the name, so LOW and subtractable. Two lines, priced separately, not merged. Classifier said NONPROFIT_CBO/LOW.",LOW,,Budget Period 1,DIRECT,Yes,NAMED_HOSPITAL,,"§10.2 DIRECT: §10.2 HOSPITAL-FOUNDATION ROW: the foundation of a NAMED health system, Banner Health, which CMS CO Hospital Enrollment carries as BANNER HEALTH (CCN 060126, Fort Collins) and which operates North Colorado Medical Center and Sterling Regional MedCenter. The parent tie is read from the name, so LOW and subtractable. Two lines, priced separately, not merged. §0.3a: the recipient is a hospital whatever the activity.","The line's own amount on HCPF's awardee page, exact. THE PAGE PRINTS NO TOTAL: its 92 lines sum to $170,210,575.26, against HCPF's release figure of $169,587,181 ($623,394.26 apart). Neither is adjusted here; see co_year1_status.csv.",GENERAL_KNOWLEDGE,,2026-09-28,data/evidence/CO/2026-10-01_hcpf_rhtp_awardees.html
CO,4,Banner Health Foundation,243271,HOSPITAL_OR_SYSTEM,Yes,"HCPF RHTP award line, announced 2026-09-28 ('organizations selected to receive funding').",Yes,Yes,FY2026 (Year 1),"HCPF, About our RHTP Awardees (Our Awardees), read 2026-10-01",https://hcpf.colorado.gov/RHTP-awardees,AGENCY_PRESS_RELEASE,DIRECT_TEXT,R/03bo_co_year1_awardees.R,,,,,"Colorado RHTP subrecipient grants, round announced 2026-09-28",,"TYPED (session 82, HAND-READ): §10.2 HOSPITAL-FOUNDATION ROW: the foundation of a NAMED health system, Banner Health, which CMS CO Hospital Enrollment carries as BANNER HEALTH (CCN 060126, Fort Collins) and which operates North Colorado Medical Center and Sterling Regional MedCenter. The parent tie is read from the name, so LOW and subtractable. Two lines, priced separately, not merged. Classifier said NONPROFIT_CBO/LOW.",LOW,,Budget Period 1,DIRECT,Yes,NAMED_HOSPITAL,,"§10.2 DIRECT: §10.2 HOSPITAL-FOUNDATION ROW: the foundation of a NAMED health system, Banner Health, which CMS CO Hospital Enrollment carries as BANNER HEALTH (CCN 060126, Fort Collins) and which operates North Colorado Medical Center and Sterling Regional MedCenter. The parent tie is read from the name, so LOW and subtractable. Two lines, priced separately, not merged. §0.3a: the recipient is a hospital whatever the activity.","The line's own amount on HCPF's awardee page, exact. THE PAGE PRINTS NO TOTAL: its 92 lines sum to $170,210,575.26, against HCPF's release figure of $169,587,181 ($623,394.26 apart). Neither is adjusted here; see co_year1_status.csv.",GENERAL_KNOWLEDGE,,2026-09-28,data/evidence/CO/2026-10-01_hcpf_rhtp_awardees.html
CO,5,"Basin Clinic, Inc",660840,FQHC_OR_RHC,No,"HCPF RHTP award line, announced 2026-09-28 ('organizations selected to receive funding').",Yes,Yes,FY2026 (Year 1),"HCPF, About our RHTP Awardees (Our Awardees), read 2026-10-01",https://hcpf.colorado.gov/RHTP-awardees,AGENCY_PRESS_RELEASE,DIRECT_TEXT,R/03bo_co_year1_awardees.R,,,,,"Colorado RHTP subrecipient grants, round announced 2026-09-28",,"TYPED (session 82, FEDERAL RECORD): EXACT federal record: CMS CO RHC Enrollment carries this string (or its dba) as an ORGANIZATION NAME or DBA at CCNs 063876. Classifier said NONPROFIT_CBO/LOW.",MEDIUM,,Budget Period 1,NON_HOSPITAL,Unclear,NOT_HOSPITAL,,§10.2 NON_HOSPITAL: EXACT federal record: CMS CO RHC Enrollment carries this string (or its dba) as an ORGANIZATION NAME or DBA at CCNs 063876.,"The line's own amount on HCPF's awardee page, exact. THE PAGE PRINTS NO TOTAL: its 92 lines sum to $170,210,575.26, against HCPF's release figure of $169,587,181 ($623,394.26 apart). Neither is adjusted here; see co_year1_status.csv.",ORG_WEBSITE,,2026-09-28,data/evidence/CO/2026-10-01_hcpf_rhtp_awardees.html
CO,6,Board of Trustees of Lincoln Community Hospital d/b/a Lincoln Health,3375541,HOSPITAL_OR_SYSTEM,Yes,"HCPF RHTP award line, announced 2026-09-28 ('organizations selected to receive funding').",Yes,Yes,FY2026 (Year 1),"HCPF, About our RHTP Awardees (Our Awardees), read 2026-10-01",https://hcpf.colorado.gov/RHTP-awardees,AGENCY_PRESS_RELEASE,DIRECT_TEXT,R/03bo_co_year1_awardees.R,061306,,,,"Colorado RHTP subrecipient grants, round announced 2026-09-28",,"TYPED (session 82, HAND-READ): HAND-READ BRIDGE: CMS CO Hospital Enrollment carries LINCOLN COMMUNITY HOSPITAL dba LINCOLN HEALTH HOSPITAL (CAH, CCN 061306, Hugo). The awardee is that hospital's board of trustees; the string is not the enrolled name, so LOW. Classifier said HOSPITAL_OR_SYSTEM/HIGH.",LOW,,Budget Period 1,DIRECT,Yes,NAMED_HOSPITAL,,"§10.2 DIRECT: HAND-READ BRIDGE: CMS CO Hospital Enrollment carries LINCOLN COMMUNITY HOSPITAL dba LINCOLN HEALTH HOSPITAL (CAH, CCN 061306, Hugo). The awardee is that hospital's board of trustees; the string is not the enrolled name, so LOW. §0.3a: the recipient is a hospital whatever the activity.","The line's own amount on HCPF's awardee page, exact. THE PAGE PRINTS NO TOTAL: its 92 lines sum to $170,210,575.26, against HCPF's release figure of $169,587,181 ($623,394.26 apart). Neither is adjusted here; see co_year1_status.csv.",ORG_WEBSITE,,2026-09-28,data/evidence/CO/2026-10-01_hcpf_rhtp_awardees.html
CO,7,Castle Valley Children's Clinic Inc,702458,NONPROFIT_CBO,No,"HCPF RHTP award line, announced 2026-09-28 ('organizations selected to receive funding').",Yes,Yes,FY2026 (Year 1),"HCPF, About our RHTP Awardees (Our Awardees), read 2026-10-01",https://hcpf.colorado.gov/RHTP-awardees,AGENCY_PRESS_RELEASE,DIRECT_TEXT,R/03bo_co_year1_awardees.R,,,,,"Colorado RHTP subrecipient grants, round announced 2026-09-28",,"TYPED (session 82, FALLBACK): The source states no form and no CMS CO Hospital, FQHC or RHC enrolment carries the string (§8's standing fallback, RECIPIENT_TYPE_INFERRED); queued as CO_RECIPIENT_FORM_NOT_STATED. Classifier said NONPROFIT_CBO/LOW.",LOW,RECIPIENT_TYPE_INFERRED,Budget Period 1,NON_HOSPITAL,Unclear,NOT_HOSPITAL,,"§10.2 NON_HOSPITAL: The source states no form and no CMS CO Hospital, FQHC or RHC enrolment carries the string (§8's standing fallback, RECIPIENT_TYPE_INFERRED); queued as CO_RECIPIENT_FORM_NOT_STATED.","The line's own amount on HCPF's awardee page, exact. THE PAGE PRINTS NO TOTAL: its 92 lines sum to $170,210,575.26, against HCPF's release figure of $169,587,181 ($623,394.26 apart). Neither is adjusted here; see co_year1_status.csv.",,,2026-09-28,data/evidence/CO/2026-10-01_hcpf_rhtp_awardees.html
CO,8,Catholic Health Initiatives Colorado,3117288,HOSPITAL_OR_SYSTEM,Yes,"HCPF RHTP award line, announced 2026-09-28 ('organizations selected to receive funding').",Yes,Yes,FY2026 (Year 1),"HCPF, About our RHTP Awardees (Our Awardees), read 2026-10-01",https://hcpf.colorado.gov/RHTP-awardees,AGENCY_PRESS_RELEASE,DIRECT_TEXT,R/03bo_co_year1_awardees.R,,,,,"Colorado RHTP subrecipient grants, round announced 2026-09-28",,"TYPED (session 82, FEDERAL RECORD): EXACT federal record: CMS CO Hospital Enrollment carries this string (or its dba) as an ORGANIZATION NAME or DBA at CCNs 060012/060013/060015/060031/060044/060104/060118/060133/061344; its RHC/FQHC records are the same legal entity's. Classifier said NONPROFIT_CBO/LOW.",MEDIUM,,Budget Period 1,DIRECT,Yes,NAMED_HOSPITAL,,§10.2 DIRECT: EXACT federal record: CMS CO Hospital Enrollment carries this string (or its dba) as an ORGANIZATION NAME or DBA at CCNs 060012/060013/060015/060031/060044/060104/060118/060133/061344; its RHC/FQHC records are the same legal entity's. §0.3a: the recipient is a hospital whatever the activity.,"The line's own amount on HCPF's awardee page, exact. THE PAGE PRINTS NO TOTAL: its 92 lines sum to $170,210,575.26, against HCPF's release figure of $169,587,181 ($623,394.26 apart). Neither is adjusted here; see co_year1_status.csv.",ORG_WEBSITE,,2026-09-28,data/evidence/CO/2026-10-01_hcpf_rhtp_awardees.html
CO,9,"Centennial Mental Health Center, Inc",2265024,NONPROFIT_CBO,No,"HCPF RHTP award line, announced 2026-09-28 ('organizations selected to receive funding').",Yes,Yes,FY2026 (Year 1),"HCPF, About our RHTP Awardees (Our Awardees), read 2026-10-01",https://hcpf.colorado.gov/RHTP-awardees,AGENCY_PRESS_RELEASE,DIRECT_TEXT,R/03bo_co_year1_awardees.R,,,,,"Colorado RHTP subrecipient grants, round announced 2026-09-28",,"TYPED (session 82, FALLBACK): The source states no form and no CMS CO Hospital, FQHC or RHC enrolment carries the string (§8's standing fallback, RECIPIENT_TYPE_INFERRED); queued as CO_RECIPIENT_FORM_NOT_STATED. Classifier said NONPROFIT_CBO/LOW.",LOW,RECIPIENT_TYPE_INFERRED,Budget Period 1,NON_HOSPITAL,Unclear,NOT_HOSPITAL,,"§10.2 NON_HOSPITAL: The source states no form and no CMS CO Hospital, FQHC or RHC enrolment carries the string (§8's standing fallback, RECIPIENT_TYPE_INFERRED); queued as CO_RECIPIENT_FORM_NOT_STATED.","The line's own amount on HCPF's awardee page, exact. THE PAGE PRINTS NO TOTAL: its 92 lines sum to $170,210,575.26, against HCPF's release figure of $169,587,181 ($623,394.26 apart). Neither is adjusted here; see co_year1_status.csv.",,,2026-09-28,data/evidence/CO/2026-10-01_hcpf_rhtp_awardees.html
CO,10,Cheyenne County dba Plains to Peaks RETAC,1938921,LOCAL_GOVT_OR_PUBLIC_HEALTH,No,"HCPF RHTP award line, announced 2026-09-28 ('organizations selected to receive funding').",Yes,Yes,FY2026 (Year 1),"HCPF, About our RHTP Awardees (Our Awardees), read 2026-10-01",https://hcpf.colorado.gov/RHTP-awardees,AGENCY_PRESS_RELEASE,DIRECT_TEXT,R/03bo_co_year1_awardees.R,,,,,"Colorado RHTP subrecipient grants, round announced 2026-09-28",,"TYPED (session 82, HAND-READ): A county government, stated in the state's own string, acting as fiscal agent for a Regional Emergency Medical and Trauma Advisory Council. Classifier said NONPROFIT_CBO/LOW.",MEDIUM,,Budget Period 1,NON_HOSPITAL,Unclear,NOT_HOSPITAL,,"§10.2 NON_HOSPITAL: A county government, stated in the state's own string, acting as fiscal agent for a Regional Emergency Medical and Trauma Advisory Council.","The line's own amount on HCPF's awardee page, exact. THE PAGE PRINTS NO TOTAL: its 92 lines sum to $170,210,575.26, against HCPF's release figure of $169,587,181 ($623,394.26 apart). Neither is adjusted here; see co_year1_status.csv.",STATE_SOURCE,,2026-09-28,data/evidence/CO/2026-10-01_hcpf_rhtp_awardees.html
CO,11,Children's Hospital Colorado,1897643,HOSPITAL_OR_SYSTEM,Yes,"HCPF RHTP award line, announced 2026-09-28 ('organizations selected to receive funding').",Yes,Yes,FY2026 (Year 1),"HCPF, About our RHTP Awardees (Our Awardees), read 2026-10-01",https://hcpf.colorado.gov/RHTP-awardees,AGENCY_PRESS_RELEASE,DIRECT_TEXT,R/03bo_co_year1_awardees.R,,,,,"Colorado RHTP subrecipient grants, round announced 2026-09-28",,"TYPED (session 82, FEDERAL RECORD): EXACT federal record: CMS CO Hospital Enrollment carries this string (or its dba) as an ORGANIZATION NAME or DBA at CCNs 063301/063303. Classifier said HOSPITAL_OR_SYSTEM/HIGH.",MEDIUM,,Budget Period 1,DIRECT,Yes,NAMED_HOSPITAL,,§10.2 DIRECT: EXACT federal record: CMS CO Hospital Enrollment carries this string (or its dba) as an ORGANIZATION NAME or DBA at CCNs 063301/063303. §0.3a: the recipient is a hospital whatever the activity.,"The line's own amount on HCPF's awardee page, exact. THE PAGE PRINTS NO TOTAL: its 92 lines sum to $170,210,575.26, against HCPF's release figure of $169,587,181 ($623,394.26 apart). Neither is adjusted here; see co_year1_status.csv.",ORG_WEBSITE,,2026-09-28,data/evidence/CO/2026-10-01_hcpf_rhtp_awardees.html
CO,12,"City of Yuma, Colorado, operating the City of Yuma Ambulance Service",1914671,LOCAL_GOVT_OR_PUBLIC_HEALTH,No,"HCPF RHTP award line, announced 2026-09-28 ('organizations selected to receive funding').",Yes,Yes,FY2026 (Year 1),"HCPF, About our RHTP Awardees (Our Awardees), read 2026-10-01",https://hcpf.colorado.gov/RHTP-awardees,AGENCY_PRESS_RELEASE,DIRECT_TEXT,R/03bo_co_year1_awardees.R,,,,,"Colorado RHTP subrecipient grants, round announced 2026-09-28",,"TYPED (session 82, HAND-READ): A municipal government operating an ambulance service, both stated in the state's own string. Not Yuma District Hospital, a different recipient on this roster. Classifier said EMS_OR_PSAP/HIGH.",MEDIUM,,Budget Period 1,NON_HOSPITAL,Unclear,NOT_HOSPITAL,,"§10.2 NON_HOSPITAL: A municipal government operating an ambulance service, both stated in the state's own string. Not Yuma District Hospital, a different recipient on this roster.","The line's own amount on HCPF's awardee page, exact. THE PAGE PRINTS NO TOTAL: its 92 lines sum to $170,210,575.26, against HCPF's release figure of $169,587,181 ($623,394.26 apart). Neither is adjusted here; see co_year1_status.csv.",STATE_SOURCE,,2026-09-28,data/evidence/CO/2026-10-01_hcpf_rhtp_awardees.html
CO,13,Clinica Campesina Family Health Services,498745,FQHC_OR_RHC,No,"HCPF RHTP award line, announced 2026-09-28 ('organizations selected to receive funding').",Yes,Yes,FY2026 (Year 1),"HCPF, About our RHTP Awardees (Our Awardees), read 2026-10-01",https://hcpf.colorado.gov/RHTP-awardees,AGENCY_PRESS_RELEASE,DIRECT_TEXT,R/03bo_co_year1_awardees.R,,,,,"Colorado RHTP subrecipient grants, round announced 2026-09-28",,"TYPED (session 82, FEDERAL RECORD): EXACT federal record: CMS CO FQHC Enrollment carries this string (or its dba) as an ORGANIZATION NAME or DBA at CCNs 061033/061034/061803/061836/061854/061868/061913/061920. Classifier said NONPROFIT_CBO/LOW.",MEDIUM,,Budget Period 1,NON_HOSPITAL,Unclear,NOT_HOSPITAL,,§10.2 NON_HOSPITAL: EXACT federal record: CMS CO FQHC Enrollment carries this string (or its dba) as an ORGANIZATION NAME or DBA at CCNs 061033/061034/061803/061836/061854/061868/061913/061920.,"The line's own amount on HCPF's awardee page, exact. THE PAGE PRINTS NO TOTAL: its 92 lines sum to $170,210,575.26, against HCPF's release figure of $169,587,181 ($623,394.26 apart). Neither is adjusted here; see co_year1_status.csv.",ORG_WEBSITE,,2026-09-28,data/evidence/CO/2026-10-01_hcpf_rhtp_awardees.html
CO,14,Colorado Behavioral Healthcare Council,2923943,NONPROFIT_CBO,No,"HCPF RHTP award line, announced 2026-09-28 ('organizations selected to receive funding').",Yes,Yes,FY2026 (Year 1),"HCPF, About our RHTP Awardees (Our Awardees), read 2026-10-01",https://hcpf.colorado.gov/RHTP-awardees,AGENCY_PRESS_RELEASE,DIRECT_TEXT,R/03bo_co_year1_awardees.R,,,,,"Colorado RHTP subrecipient grants, round announced 2026-09-28",,"TYPED (session 82, FALLBACK): The source states no form and no CMS CO Hospital, FQHC or RHC enrolment carries the string (§8's standing fallback, RECIPIENT_TYPE_INFERRED); queued as CO_RECIPIENT_FORM_NOT_STATED. Classifier said NONPROFIT_CBO/LOW.",LOW,RECIPIENT_TYPE_INFERRED,Budget Period 1,NON_HOSPITAL,Unclear,NOT_HOSPITAL,,"§10.2 NON_HOSPITAL: The source states no form and no CMS CO Hospital, FQHC or RHC enrolment carries the string (§8's standing fallback, RECIPIENT_TYPE_INFERRED); queued as CO_RECIPIENT_FORM_NOT_STATED.","The line's own amount on HCPF's awardee page, exact. THE PAGE PRINTS NO TOTAL: its 92 lines sum to $170,210,575.26, against HCPF's release figure of $169,587,181 ($623,394.26 apart). Neither is adjusted here; see co_year1_status.csv.",,,2026-09-28,data/evidence/CO/2026-10-01_hcpf_rhtp_awardees.html
CO,15,Colorado Community Health Network,688728,NONPROFIT_CBO,No,"HCPF RHTP award line, announced 2026-09-28 ('organizations selected to receive funding').",Yes,Yes,FY2026 (Year 1),"HCPF, About our RHTP Awardees (Our Awardees), read 2026-10-01",https://hcpf.colorado.gov/RHTP-awardees,AGENCY_PRESS_RELEASE,DIRECT_TEXT,R/03bo_co_year1_awardees.R,,,,,"Colorado RHTP subrecipient grants, round announced 2026-09-28",,"TYPED (session 82, FALLBACK): The source states no form and no CMS CO Hospital, FQHC or RHC enrolment carries the string (§8's standing fallback, RECIPIENT_TYPE_INFERRED); queued as CO_RECIPIENT_FORM_NOT_STATED. Classifier said NONPROFIT_CBO/LOW.",LOW,RECIPIENT_TYPE_INFERRED,Budget Period 1,NON_HOSPITAL,Unclear,NOT_HOSPITAL,,"§10.2 NON_HOSPITAL: The source states no form and no CMS CO Hospital, FQHC or RHC enrolment carries the string (§8's standing fallback, RECIPIENT_TYPE_INFERRED); queued as CO_RECIPIENT_FORM_NOT_STATED.","The line's own amount on HCPF's awardee page, exact. THE PAGE PRINTS NO TOTAL: its 92 lines sum to $170,210,575.26, against HCPF's release figure of $169,587,181 ($623,394.26 apart). Neither is adjusted here; see co_year1_status.csv.",,,2026-09-28,data/evidence/CO/2026-10-01_hcpf_rhtp_awardees.html
CO,16,Colorado Community Managed Care Network d/b/a Carina Health Network,5443867,NONPROFIT_CBO,No,"HCPF RHTP award line, announced 2026-09-28 ('organizations selected to receive funding').",Yes,Yes,FY2026 (Year 1),"HCPF, About our RHTP Awardees (Our Awardees), read 2026-10-01",https://hcpf.colorado.gov/RHTP-awardees,AGENCY_PRESS_RELEASE,DIRECT_TEXT,R/03bo_co_year1_awardees.R,,,,,"Colorado RHTP subrecipient grants, round announced 2026-09-28",,"TYPED (session 82, FALLBACK): The source states no form and no CMS CO Hospital, FQHC or RHC enrolment carries the string (§8's standing fallback, RECIPIENT_TYPE_INFERRED); queued as CO_RECIPIENT_FORM_NOT_STATED. Classifier said NONPROFIT_CBO/LOW.",LOW,RECIPIENT_TYPE_INFERRED,Budget Period 1,NON_HOSPITAL,Unclear,NOT_HOSPITAL,,"§10.2 NON_HOSPITAL: The source states no form and no CMS CO Hospital, FQHC or RHC enrolment carries the string (§8's standing fallback, RECIPIENT_TYPE_INFERRED); queued as CO_RECIPIENT_FORM_NOT_STATED.","The line's own amount on HCPF's awardee page, exact. THE PAGE PRINTS NO TOTAL: its 92 lines sum to $170,210,575.26, against HCPF's release figure of $169,587,181 ($623,394.26 apart). Neither is adjusted here; see co_year1_status.csv.",,,2026-09-28,data/evidence/CO/2026-10-01_hcpf_rhtp_awardees.html
CO,17,Colorado Mountain College (CMC),1867538,UNIVERSITY_OR_AHC,No,"HCPF RHTP award line, announced 2026-09-28 ('organizations selected to receive funding').",Yes,Yes,FY2026 (Year 1),"HCPF, About our RHTP Awardees (Our Awardees), read 2026-10-01",https://hcpf.colorado.gov/RHTP-awardees,AGENCY_PRESS_RELEASE,DIRECT_TEXT,R/03bo_co_year1_awardees.R,,,,,"Colorado RHTP subrecipient grants, round announced 2026-09-28",,"TYPED (session 82, HAND-READ): A public college; the form is in the state's own string. Classifier said UNIVERSITY_OR_AHC/HIGH.",MEDIUM,,Budget Period 1,NON_HOSPITAL,Unclear,NOT_HOSPITAL,,§10.2 NON_HOSPITAL: A public college; the form is in the state's own string.,"The line's own amount on HCPF's awardee page, exact. THE PAGE PRINTS NO TOTAL: its 92 lines sum to $170,210,575.26, against HCPF's release figure of $169,587,181 ($623,394.26 apart). Neither is adjusted here; see co_year1_status.csv.",STATE_SOURCE,,2026-09-28,data/evidence/CO/2026-10-01_hcpf_rhtp_awardees.html
CO,18,Colorado Perinatal Care Quality Collaborative,319650,NONPROFIT_CBO,No,"HCPF RHTP award line, announced 2026-09-28 ('organizations selected to receive funding').",Yes,Yes,FY2026 (Year 1),"HCPF, About our RHTP Awardees (Our Awardees), read 2026-10-01",https://hcpf.colorado.gov/RHTP-awardees,AGENCY_PRESS_RELEASE,DIRECT_TEXT,R/03bo_co_year1_awardees.R,,,,,"Colorado RHTP subrecipient grants, round announced 2026-09-28",,"TYPED (session 82, FALLBACK): The source states no form and no CMS CO Hospital, FQHC or RHC enrolment carries the string (§8's standing fallback, RECIPIENT_TYPE_INFERRED); queued as CO_RECIPIENT_FORM_NOT_STATED. Classifier said NONPROFIT_CBO/LOW.",LOW,RECIPIENT_TYPE_INFERRED,Budget Period 1,NON_HOSPITAL,Unclear,NOT_HOSPITAL,,"§10.2 NON_HOSPITAL: The source states no form and no CMS CO Hospital, FQHC or RHC enrolment carries the string (§8's standing fallback, RECIPIENT_TYPE_INFERRED); queued as CO_RECIPIENT_FORM_NOT_STATED.","The line's own amount on HCPF's awardee page, exact. THE PAGE PRINTS NO TOTAL: its 92 lines sum to $170,210,575.26, against HCPF's release figure of $169,587,181 ($623,394.26 apart). Neither is adjusted here; see co_year1_status.csv.",,,2026-09-28,data/evidence/CO/2026-10-01_hcpf_rhtp_awardees.html
CO,19,"Colorado West Regional Mental Health, Inc DBA Health Solutions West",639753,NONPROFIT_CBO,No,"HCPF RHTP award line, announced 2026-09-28 ('organizations selected to receive funding').",Yes,Yes,FY2026 (Year 1),"HCPF, About our RHTP Awardees (Our Awardees), read 2026-10-01",https://hcpf.colorado.gov/RHTP-awardees,AGENCY_PRESS_RELEASE,DIRECT_TEXT,R/03bo_co_year1_awardees.R,,,,,"Colorado RHTP subrecipient grants, round announced 2026-09-28",,"TYPED (session 82, FALLBACK): The source states no form and no CMS CO Hospital, FQHC or RHC enrolment carries the string (§8's standing fallback, RECIPIENT_TYPE_INFERRED); queued as CO_RECIPIENT_FORM_NOT_STATED. Classifier said NONPROFIT_CBO/LOW.",LOW,RECIPIENT_TYPE_INFERRED,Budget Period 1,NON_HOSPITAL,Unclear,NOT_HOSPITAL,,"§10.2 NON_HOSPITAL: The source states no form and no CMS CO Hospital, FQHC or RHC enrolment carries the string (§8's standing fallback, RECIPIENT_TYPE_INFERRED); queued as CO_RECIPIENT_FORM_NOT_STATED.","The line's own amount on HCPF's awardee page, exact. THE PAGE PRINTS NO TOTAL: its 92 lines sum to $170,210,575.26, against HCPF's release figure of $169,587,181 ($623,394.26 apart). Neither is adjusted here; see co_year1_status.csv.",,,2026-09-28,data/evidence/CO/2026-10-01_hcpf_rhtp_awardees.html
CO,20,Colorado Whole Blood Coalition,5048348,NONPROFIT_CBO,No,"HCPF RHTP award line, announced 2026-09-28 ('organizations selected to receive funding').",Yes,Yes,FY2026 (Year 1),"HCPF, About our RHTP Awardees (Our Awardees), read 2026-10-01",https://hcpf.colorado.gov/RHTP-awardees,AGENCY_PRESS_RELEASE,DIRECT_TEXT,R/03bo_co_year1_awardees.R,,,,,"Colorado RHTP subrecipient grants, round announced 2026-09-28",,"TYPED (session 82, FALLBACK): The source states no form and no CMS CO Hospital, FQHC or RHC enrolment carries the string (§8's standing fallback, RECIPIENT_TYPE_INFERRED); queued as CO_RECIPIENT_FORM_NOT_STATED. Classifier said NONPROFIT_CBO/LOW.",LOW,RECIPIENT_TYPE_INFERRED,Budget Period 1,NON_HOSPITAL,Unclear,NOT_HOSPITAL,,"§10.2 NON_HOSPITAL: The source states no form and no CMS CO Hospital, FQHC or RHC enrolment carries the string (§8's standing fallback, RECIPIENT_TYPE_INFERRED); queued as CO_RECIPIENT_FORM_NOT_STATED.","The line's own amount on HCPF's awardee page, exact. THE PAGE PRINTS NO TOTAL: its 92 lines sum to $170,210,575.26, against HCPF's release figure of $169,587,181 ($623,394.26 apart). Neither is adjusted here; see co_year1_status.csv.",,,2026-09-28,data/evidence/CO/2026-10-01_hcpf_rhtp_awardees.html
CO,21,County of Logan,2096141,LOCAL_GOVT_OR_PUBLIC_HEALTH,No,"HCPF RHTP award line, announced 2026-09-28 ('organizations selected to receive funding').",Yes,Yes,FY2026 (Year 1),"HCPF, About our RHTP Awardees (Our Awardees), read 2026-10-01",https://hcpf.colorado.gov/RHTP-awardees,AGENCY_PRESS_RELEASE,DIRECT_TEXT,R/03bo_co_year1_awardees.R,,,,,"Colorado RHTP subrecipient grants, round announced 2026-09-28",,"TYPED (session 82, HAND-READ): A county government; the form is in the state's own string. Classifier said LOCAL_GOVT_OR_PUBLIC_HEALTH/MEDIUM.",MEDIUM,,Budget Period 1,NON_HOSPITAL,Unclear,NOT_HOSPITAL,,§10.2 NON_HOSPITAL: A county government; the form is in the state's own string.,"The line's own amount on HCPF's awardee page, exact. THE PAGE PRINTS NO TOTAL: its 92 lines sum to $170,210,575.26, against HCPF's release figure of $169,587,181 ($623,394.26 apart). Neither is adjusted here; see co_year1_status.csv.",STATE_SOURCE,,2026-09-28,data/evidence/CO/2026-10-01_hcpf_rhtp_awardees.html
CO,22,Delta County Ambulance District,793958,EMS_OR_PSAP,No,"HCPF RHTP award line, announced 2026-09-28 ('organizations selected to receive funding').",Yes,Yes,FY2026 (Year 1),"HCPF, About our RHTP Awardees (Our Awardees), read 2026-10-01",https://hcpf.colorado.gov/RHTP-awardees,AGENCY_PRESS_RELEASE,DIRECT_TEXT,R/03bo_co_year1_awardees.R,,,,,"Colorado RHTP subrecipient grants, round announced 2026-09-28",,"TYPED (session 82, HAND-READ): An ambulance district; the form is in the state's own string. Not Delta County Memorial Hospital District, a different recipient on this roster. Classifier said EMS_OR_PSAP/HIGH.",MEDIUM,,Budget Period 1,NON_HOSPITAL,Unclear,NOT_HOSPITAL,,"§10.2 NON_HOSPITAL: An ambulance district; the form is in the state's own string. Not Delta County Memorial Hospital District, a different recipient on this roster.","The line's own amount on HCPF's awardee page, exact. THE PAGE PRINTS NO TOTAL: its 92 lines sum to $170,210,575.26, against HCPF's release figure of $169,587,181 ($623,394.26 apart). Neither is adjusted here; see co_year1_status.csv.",STATE_SOURCE,,2026-09-28,data/evidence/CO/2026-10-01_hcpf_rhtp_awardees.html
CO,23,Delta County Memorial Hospital District,781428,HOSPITAL_OR_SYSTEM,Yes,"HCPF RHTP award line, announced 2026-09-28 ('organizations selected to receive funding').",Yes,Yes,FY2026 (Year 1),"HCPF, About our RHTP Awardees (Our Awardees), read 2026-10-01",https://hcpf.colorado.gov/RHTP-awardees,AGENCY_PRESS_RELEASE,DIRECT_TEXT,R/03bo_co_year1_awardees.R,060071,,,,"Colorado RHTP subrecipient grants, round announced 2026-09-28",,"TYPED (session 82, HAND-READ): HAND-READ BRIDGE: CMS CO Hospital Enrollment carries DELTA COUNTY MEMORIAL HOSPITAL (CCN 060071, Delta). The awardee adds 'District'; the enrolled name is a prefix of it, which §2 forbids a machine resolving, so LOW. Classifier said HOSPITAL_OR_SYSTEM/HIGH.",LOW,,Budget Period 1,DIRECT,Yes,NAMED_HOSPITAL,,"§10.2 DIRECT: HAND-READ BRIDGE: CMS CO Hospital Enrollment carries DELTA COUNTY MEMORIAL HOSPITAL (CCN 060071, Delta). The awardee adds 'District'; the enrolled name is a prefix of it, which §2 forbids a machine resolving, so LOW. §0.3a: the recipient is a hospital whatever the activity.","The line's own amount on HCPF's awardee page, exact. THE PAGE PRINTS NO TOTAL: its 92 lines sum to $170,210,575.26, against HCPF's release figure of $169,587,181 ($623,394.26 apart). Neither is adjusted here; see co_year1_status.csv.",ORG_WEBSITE,,2026-09-28,data/evidence/CO/2026-10-01_hcpf_rhtp_awardees.html
CO,24,Denver Health and Hospital Authority,936186,HOSPITAL_OR_SYSTEM,Yes,"HCPF RHTP award line, announced 2026-09-28 ('organizations selected to receive funding').",Yes,Yes,FY2026 (Year 1),"HCPF, About our RHTP Awardees (Our Awardees), read 2026-10-01",https://hcpf.colorado.gov/RHTP-awardees,AGENCY_PRESS_RELEASE,DIRECT_TEXT,R/03bo_co_year1_awardees.R,060011,,,,"Colorado RHTP subrecipient grants, round announced 2026-09-28",,"TYPED (session 82, FEDERAL RECORD): EXACT federal record: CMS CO Hospital Enrollment carries this string (or its dba) as an ORGANIZATION NAME or DBA at CCN 060011; its RHC/FQHC records are the same legal entity's. Classifier said HOSPITAL_OR_SYSTEM/HIGH.",MEDIUM,,Budget Period 1,DIRECT,Yes,NAMED_HOSPITAL,,§10.2 DIRECT: EXACT federal record: CMS CO Hospital Enrollment carries this string (or its dba) as an ORGANIZATION NAME or DBA at CCN 060011; its RHC/FQHC records are the same legal entity's. §0.3a: the recipient is a hospital whatever the activity.,"The line's own amount on HCPF's awardee page, exact. THE PAGE PRINTS NO TOTAL: its 92 lines sum to $170,210,575.26, against HCPF's release figure of $169,587,181 ($623,394.26 apart). Neither is adjusted here; see co_year1_status.csv.",ORG_WEBSITE,,2026-09-28,data/evidence/CO/2026-10-01_hcpf_rhtp_awardees.html
CO,25,"Denver Recovery Group, LLC",4939342,NONPROFIT_CBO,No,"HCPF RHTP award line, announced 2026-09-28 ('organizations selected to receive funding').",Yes,Yes,FY2026 (Year 1),"HCPF, About our RHTP Awardees (Our Awardees), read 2026-10-01",https://hcpf.colorado.gov/RHTP-awardees,AGENCY_PRESS_RELEASE,DIRECT_TEXT,R/03bo_co_year1_awardees.R,,,,,"Colorado RHTP subrecipient grants, round announced 2026-09-28",,"TYPED (session 82, FALLBACK): The source states no form and no CMS CO Hospital, FQHC or RHC enrolment carries the string (§8's standing fallback, RECIPIENT_TYPE_INFERRED); queued as CO_RECIPIENT_FORM_NOT_STATED. Classifier said NONPROFIT_CBO/LOW.",LOW,RECIPIENT_TYPE_INFERRED,Budget Period 1,NON_HOSPITAL,Unclear,NOT_HOSPITAL,,"§10.2 NON_HOSPITAL: The source states no form and no CMS CO Hospital, FQHC or RHC enrolment carries the string (§8's standing fallback, RECIPIENT_TYPE_INFERRED); queued as CO_RECIPIENT_FORM_NOT_STATED.","The line's own amount on HCPF's awardee page, exact. THE PAGE PRINTS NO TOTAL: its 92 lines sum to $170,210,575.26, against HCPF's release figure of $169,587,181 ($623,394.26 apart). Neither is adjusted here; see co_year1_status.csv.",,,2026-09-28,data/evidence/CO/2026-10-01_hcpf_rhtp_awardees.html
CO,26,East Phillips County Hospital,5858333,HOSPITAL_OR_SYSTEM,Yes,"HCPF RHTP award line, announced 2026-09-28 ('organizations selected to receive funding').",Yes,Yes,FY2026 (Year 1),"HCPF, About our RHTP Awardees (Our Awardees), read 2026-10-01",https://hcpf.colorado.gov/RHTP-awardees,AGENCY_PRESS_RELEASE,DIRECT_TEXT,R/03bo_co_year1_awardees.R,061305,,,,"Colorado RHTP subrecipient grants, round announced 2026-09-28",,"TYPED (session 82, HAND-READ): HAND-READ BRIDGE (LEGAL_NAME_TRUNCATED): CMS CO Hospital Enrollment carries EAST PHILLIPS COUNTY HOSPITAL DISTRICT dba MELISSA MEMORIAL HOSPITAL (CAH, CCN 061305, Holyoke). The awardee string drops 'District', so LOW. Classifier said HOSPITAL_OR_SYSTEM/HIGH.",LOW,,Budget Period 1,DIRECT,Yes,NAMED_HOSPITAL,,"§10.2 DIRECT: HAND-READ BRIDGE (LEGAL_NAME_TRUNCATED): CMS CO Hospital Enrollment carries EAST PHILLIPS COUNTY HOSPITAL DISTRICT dba MELISSA MEMORIAL HOSPITAL (CAH, CCN 061305, Holyoke). The awardee string drops 'District', so LOW. §0.3a: the recipient is a hospital whatever the activity.","The line's own amount on HCPF's awardee page, exact. THE PAGE PRINTS NO TOTAL: its 92 lines sum to $170,210,575.26, against HCPF's release figure of $169,587,181 ($623,394.26 apart). Neither is adjusted here; see co_year1_status.csv.",ORG_WEBSITE,,2026-09-28,data/evidence/CO/2026-10-01_hcpf_rhtp_awardees.html
CO,27,Eastern Plains Healthcare Consortium,1420182,NONPROFIT_CBO,No,"HCPF RHTP award line, announced 2026-09-28 ('organizations selected to receive funding').",Yes,Yes,FY2026 (Year 1),"HCPF, About our RHTP Awardees (Our Awardees), read 2026-10-01",https://hcpf.colorado.gov/RHTP-awardees,AGENCY_PRESS_RELEASE,DIRECT_TEXT,R/03bo_co_year1_awardees.R,,,,,"Colorado RHTP subrecipient grants, round announced 2026-09-28",,"TYPED (session 82, FALLBACK): The source states no form and no CMS CO Hospital, FQHC or RHC enrolment carries the string (§8's standing fallback, RECIPIENT_TYPE_INFERRED); queued as CO_RECIPIENT_FORM_NOT_STATED. Classifier said NONPROFIT_CBO/LOW.",LOW,RECIPIENT_TYPE_INFERRED,Budget Period 1,NON_HOSPITAL,Unclear,NOT_HOSPITAL,,"§10.2 NON_HOSPITAL: The source states no form and no CMS CO Hospital, FQHC or RHC enrolment carries the string (§8's standing fallback, RECIPIENT_TYPE_INFERRED); queued as CO_RECIPIENT_FORM_NOT_STATED.","The line's own amount on HCPF's awardee page, exact. THE PAGE PRINTS NO TOTAL: its 92 lines sum to $170,210,575.26, against HCPF's release figure of $169,587,181 ($623,394.26 apart). Neither is adjusted here; see co_year1_status.csv.",,,2026-09-28,data/evidence/CO/2026-10-01_hcpf_rhtp_awardees.html
CO,28,Eastern Rio Blanco County Health Service District,1204379,HOSPITAL_OR_SYSTEM,Yes,"HCPF RHTP award line, announced 2026-09-28 ('organizations selected to receive funding').",Yes,Yes,FY2026 (Year 1),"HCPF, About our RHTP Awardees (Our Awardees), read 2026-10-01",https://hcpf.colorado.gov/RHTP-awardees,AGENCY_PRESS_RELEASE,DIRECT_TEXT,R/03bo_co_year1_awardees.R,061325,,,,"Colorado RHTP subrecipient grants, round announced 2026-09-28",,"TYPED (session 82, FEDERAL RECORD): EXACT federal record: CMS CO Hospital Enrollment carries this string (or its dba) as an ORGANIZATION NAME or DBA at CCN 061325; its RHC/FQHC records are the same legal entity's. Classifier said NONPROFIT_CBO/LOW.",MEDIUM,,Budget Period 1,DIRECT,Yes,NAMED_HOSPITAL,,§10.2 DIRECT: EXACT federal record: CMS CO Hospital Enrollment carries this string (or its dba) as an ORGANIZATION NAME or DBA at CCN 061325; its RHC/FQHC records are the same legal entity's. §0.3a: the recipient is a hospital whatever the activity.,"The line's own amount on HCPF's awardee page, exact. THE PAGE PRINTS NO TOTAL: its 92 lines sum to $170,210,575.26, against HCPF's release figure of $169,587,181 ($623,394.26 apart). Neither is adjusted here; see co_year1_status.csv.",ORG_WEBSITE,,2026-09-28,data/evidence/CO/2026-10-01_hcpf_rhtp_awardees.html
CO,29,Epifluence Health PLLC,113786,PHYSICIAN_PRACTICE,No,"HCPF RHTP award line, announced 2026-09-28 ('organizations selected to receive funding').",Yes,Yes,FY2026 (Year 1),"HCPF, About our RHTP Awardees (Our Awardees), read 2026-10-01",https://hcpf.colorado.gov/RHTP-awardees,AGENCY_PRESS_RELEASE,DIRECT_TEXT,R/03bo_co_year1_awardees.R,,,,,"Colorado RHTP subrecipient grants, round announced 2026-09-28",,"TYPED (session 82, HAND-READ): A professional limited liability company (PLLC is a licensed-professional form in the state's own string). A DIFFERENT LEGAL FORM from the three 'Epifluence LLC' lines; not merged with them (§2). Classifier said NONPROFIT_CBO/LOW.",LOW,,Budget Period 1,NON_HOSPITAL,Unclear,NOT_HOSPITAL,,§10.2 NON_HOSPITAL: A professional limited liability company (PLLC is a licensed-professional form in the state's own string). A DIFFERENT LEGAL FORM from the three 'Epifluence LLC' lines; not merged with them (§2).,"The line's own amount on HCPF's awardee page, exact. THE PAGE PRINTS NO TOTAL: its 92 lines sum to $170,210,575.26, against HCPF's release figure of $169,587,181 ($623,394.26 apart). Neither is adjusted here; see co_year1_status.csv.",STATE_SOURCE,,2026-09-28,data/evidence/CO/2026-10-01_hcpf_rhtp_awardees.html
CO,30,Epifluence LLC - Eastern Plains,1230739,NONPROFIT_CBO,No,"HCPF RHTP award line, announced 2026-09-28 ('organizations selected to receive funding').",Yes,Yes,FY2026 (Year 1),"HCPF, About our RHTP Awardees (Our Awardees), read 2026-10-01",https://hcpf.colorado.gov/RHTP-awardees,AGENCY_PRESS_RELEASE,DIRECT_TEXT,R/03bo_co_year1_awardees.R,,,,,"Colorado RHTP subrecipient grants, round announced 2026-09-28",,"TYPED (session 82, FALLBACK): The source states no form and no CMS CO Hospital, FQHC or RHC enrolment carries the string (§8's standing fallback, RECIPIENT_TYPE_INFERRED); queued as CO_RECIPIENT_FORM_NOT_STATED. Classifier said NONPROFIT_CBO/LOW.",LOW,RECIPIENT_TYPE_INFERRED,Budget Period 1,NON_HOSPITAL,Unclear,NOT_HOSPITAL,,"§10.2 NON_HOSPITAL: The source states no form and no CMS CO Hospital, FQHC or RHC enrolment carries the string (§8's standing fallback, RECIPIENT_TYPE_INFERRED); queued as CO_RECIPIENT_FORM_NOT_STATED.","The line's own amount on HCPF's awardee page, exact. THE PAGE PRINTS NO TOTAL: its 92 lines sum to $170,210,575.26, against HCPF's release figure of $169,587,181 ($623,394.26 apart). Neither is adjusted here; see co_year1_status.csv.",,,2026-09-28,data/evidence/CO/2026-10-01_hcpf_rhtp_awardees.html
CO,31,Epifluence LLC - Rocky Mountain,430654,NONPROFIT_CBO,No,"HCPF RHTP award line, announced 2026-09-28 ('organizations selected to receive funding').",Yes,Yes,FY2026 (Year 1),"HCPF, About our RHTP Awardees (Our Awardees), read 2026-10-01",https://hcpf.colorado.gov/RHTP-awardees,AGENCY_PRESS_RELEASE,DIRECT_TEXT,R/03bo_co_year1_awardees.R,,,,,"Colorado RHTP subrecipient grants, round announced 2026-09-28",,"TYPED (session 82, FALLBACK): The source states no form and no CMS CO Hospital, FQHC or RHC enrolment carries the string (§8's standing fallback, RECIPIENT_TYPE_INFERRED); queued as CO_RECIPIENT_FORM_NOT_STATED. Classifier said NONPROFIT_CBO/LOW.",LOW,RECIPIENT_TYPE_INFERRED,Budget Period 1,NON_HOSPITAL,Unclear,NOT_HOSPITAL,,"§10.2 NON_HOSPITAL: The source states no form and no CMS CO Hospital, FQHC or RHC enrolment carries the string (§8's standing fallback, RECIPIENT_TYPE_INFERRED); queued as CO_RECIPIENT_FORM_NOT_STATED.","The line's own amount on HCPF's awardee page, exact. THE PAGE PRINTS NO TOTAL: its 92 lines sum to $170,210,575.26, against HCPF's release figure of $169,587,181 ($623,394.26 apart). Neither is adjusted here; see co_year1_status.csv.",,,2026-09-28,data/evidence/CO/2026-10-01_hcpf_rhtp_awardees.html
CO,32,Epifluence LLC - Western Slope,576360,NONPROFIT_CBO,No,"HCPF RHTP award line, announced 2026-09-28 ('organizations selected to receive funding').",Yes,Yes,FY2026 (Year 1),"HCPF, About our RHTP Awardees (Our Awardees), read 2026-10-01",https://hcpf.colorado.gov/RHTP-awardees,AGENCY_PRESS_RELEASE,DIRECT_TEXT,R/03bo_co_year1_awardees.R,,,,,"Colorado RHTP subrecipient grants, round announced 2026-09-28",,"TYPED (session 82, FALLBACK): The source states no form and no CMS CO Hospital, FQHC or RHC enrolment carries the string (§8's standing fallback, RECIPIENT_TYPE_INFERRED); queued as CO_RECIPIENT_FORM_NOT_STATED. Classifier said NONPROFIT_CBO/LOW.",LOW,RECIPIENT_TYPE_INFERRED,Budget Period 1,NON_HOSPITAL,Unclear,NOT_HOSPITAL,,"§10.2 NON_HOSPITAL: The source states no form and no CMS CO Hospital, FQHC or RHC enrolment carries the string (§8's standing fallback, RECIPIENT_TYPE_INFERRED); queued as CO_RECIPIENT_FORM_NOT_STATED.","The line's own amount on HCPF's awardee page, exact. THE PAGE PRINTS NO TOTAL: its 92 lines sum to $170,210,575.26, against HCPF's release figure of $169,587,181 ($623,394.26 apart). Neither is adjusted here; see co_year1_status.csv.",,,2026-09-28,data/evidence/CO/2026-10-01_hcpf_rhtp_awardees.html
CO,33,"Event Medical Solutions Unlimited, LLC dba EMS Unlimited",587604,EMS_OR_PSAP,No,"HCPF RHTP award line, announced 2026-09-28 ('organizations selected to receive funding').",Yes,Yes,FY2026 (Year 1),"HCPF, About our RHTP Awardees (Our Awardees), read 2026-10-01",https://hcpf.colorado.gov/RHTP-awardees,AGENCY_PRESS_RELEASE,DIRECT_TEXT,R/03bo_co_year1_awardees.R,,,,,"Colorado RHTP subrecipient grants, round announced 2026-09-28",,"TYPED (session 82, HAND-READ): A private EMS company; 'EMS' is in the state's own dba. Classifier said EMS_OR_PSAP/HIGH.",MEDIUM,,Budget Period 1,NON_HOSPITAL,Unclear,NOT_HOSPITAL,,§10.2 NON_HOSPITAL: A private EMS company; 'EMS' is in the state's own dba.,"The line's own amount on HCPF's awardee page, exact. THE PAGE PRINTS NO TOTAL: its 92 lines sum to $170,210,575.26, against HCPF's release figure of $169,587,181 ($623,394.26 apart). Neither is adjusted here; see co_year1_status.csv.",STATE_SOURCE,,2026-09-28,data/evidence/CO/2026-10-01_hcpf_rhtp_awardees.html
CO,34,Fort Lewis Mesa Fire Protection District,108769,EMS_OR_PSAP,No,"HCPF RHTP award line, announced 2026-09-28 ('organizations selected to receive funding').",Yes,Yes,FY2026 (Year 1),"HCPF, About our RHTP Awardees (Our Awardees), read 2026-10-01",https://hcpf.colorado.gov/RHTP-awardees,AGENCY_PRESS_RELEASE,DIRECT_TEXT,R/03bo_co_year1_awardees.R,,,,,"Colorado RHTP subrecipient grants, round announced 2026-09-28",,"TYPED (session 82, HAND-READ): A fire protection district; the form is in the state's own string. Classifier said NONPROFIT_CBO/LOW.",MEDIUM,,Budget Period 1,NON_HOSPITAL,Unclear,NOT_HOSPITAL,,§10.2 NON_HOSPITAL: A fire protection district; the form is in the state's own string.,"The line's own amount on HCPF's awardee page, exact. THE PAGE PRINTS NO TOTAL: its 92 lines sum to $170,210,575.26, against HCPF's release figure of $169,587,181 ($623,394.26 apart). Neither is adjusted here; see co_year1_status.csv.",STATE_SOURCE,,2026-09-28,data/evidence/CO/2026-10-01_hcpf_rhtp_awardees.html
CO,35,Four Corners Ob/Gyn,204893,PHYSICIAN_PRACTICE,No,"HCPF RHTP award line, announced 2026-09-28 ('organizations selected to receive funding').",Yes,Yes,FY2026 (Year 1),"HCPF, About our RHTP Awardees (Our Awardees), read 2026-10-01",https://hcpf.colorado.gov/RHTP-awardees,AGENCY_PRESS_RELEASE,DIRECT_TEXT,R/03bo_co_year1_awardees.R,,,,,"Colorado RHTP subrecipient grants, round announced 2026-09-28",,"TYPED (session 82, HAND-READ): An obstetrics and gynaecology practice; the specialty is the state's own string and no institutional enrolment exists under it. Classifier said NONPROFIT_CBO/LOW.",MEDIUM,,Budget Period 1,NON_HOSPITAL,Unclear,NOT_HOSPITAL,,§10.2 NON_HOSPITAL: An obstetrics and gynaecology practice; the specialty is the state's own string and no institutional enrolment exists under it.,"The line's own amount on HCPF's awardee page, exact. THE PAGE PRINTS NO TOTAL: its 92 lines sum to $170,210,575.26, against HCPF's release figure of $169,587,181 ($623,394.26 apart). Neither is adjusted here; see co_year1_status.csv.",STATE_SOURCE,,2026-09-28,data/evidence/CO/2026-10-01_hcpf_rhtp_awardees.html
CO,36,Grand County Emergency Medical Services,284647,EMS_OR_PSAP,No,"HCPF RHTP award line, announced 2026-09-28 ('organizations selected to receive funding').",Yes,Yes,FY2026 (Year 1),"HCPF, About our RHTP Awardees (Our Awardees), read 2026-10-01",https://hcpf.colorado.gov/RHTP-awardees,AGENCY_PRESS_RELEASE,DIRECT_TEXT,R/03bo_co_year1_awardees.R,,,,,"Colorado RHTP subrecipient grants, round announced 2026-09-28",,"TYPED (session 82, CLASSIFIER): The form is in the state's own string, and the shared classifier's name rule reads it. Classifier said EMS_OR_PSAP/HIGH.",MEDIUM,,Budget Period 1,NON_HOSPITAL,Unclear,NOT_HOSPITAL,,"§10.2 NON_HOSPITAL: The form is in the state's own string, and the shared classifier's name rule reads it.","The line's own amount on HCPF's awardee page, exact. THE PAGE PRINTS NO TOTAL: its 92 lines sum to $170,210,575.26, against HCPF's release figure of $169,587,181 ($623,394.26 apart). Neither is adjusted here; see co_year1_status.csv.",STATE_SOURCE,,2026-09-28,data/evidence/CO/2026-10-01_hcpf_rhtp_awardees.html
CO,37,Gunnison Valley Hospital,4527669,HOSPITAL_OR_SYSTEM,Yes,"HCPF RHTP award line, announced 2026-09-28 ('organizations selected to receive funding').",Yes,Yes,FY2026 (Year 1),"HCPF, About our RHTP Awardees (Our Awardees), read 2026-10-01",https://hcpf.colorado.gov/RHTP-awardees,AGENCY_PRESS_RELEASE,DIRECT_TEXT,R/03bo_co_year1_awardees.R,061320,,,,"Colorado RHTP subrecipient grants, round announced 2026-09-28",,"TYPED (session 82, FEDERAL RECORD): EXACT federal record: CMS CO Hospital Enrollment carries this string (or its dba) as an ORGANIZATION NAME or DBA at CCN 061320; its RHC/FQHC records are the same legal entity's. Classifier said HOSPITAL_OR_SYSTEM/HIGH.",MEDIUM,,Budget Period 1,DIRECT,Yes,NAMED_HOSPITAL,,§10.2 DIRECT: EXACT federal record: CMS CO Hospital Enrollment carries this string (or its dba) as an ORGANIZATION NAME or DBA at CCN 061320; its RHC/FQHC records are the same legal entity's. §0.3a: the recipient is a hospital whatever the activity.,"The line's own amount on HCPF's awardee page, exact. THE PAGE PRINTS NO TOTAL: its 92 lines sum to $170,210,575.26, against HCPF's release figure of $169,587,181 ($623,394.26 apart). Neither is adjusted here; see co_year1_status.csv.",ORG_WEBSITE,,2026-09-28,data/evidence/CO/2026-10-01_hcpf_rhtp_awardees.html
CO,38,Haxtun Hospital District,2972520,HOSPITAL_OR_SYSTEM,Yes,"HCPF RHTP award line, announced 2026-09-28 ('organizations selected to receive funding').",Yes,Yes,FY2026 (Year 1),"HCPF, About our RHTP Awardees (Our Awardees), read 2026-10-01",https://hcpf.colorado.gov/RHTP-awardees,AGENCY_PRESS_RELEASE,DIRECT_TEXT,R/03bo_co_year1_awardees.R,061304,,,,"Colorado RHTP subrecipient grants, round announced 2026-09-28",,"TYPED (session 82, FEDERAL RECORD): EXACT federal record: CMS CO Hospital Enrollment carries this string (or its dba) as an ORGANIZATION NAME or DBA at CCN 061304. Classifier said HOSPITAL_OR_SYSTEM/HIGH.",MEDIUM,,Budget Period 1,DIRECT,Yes,NAMED_HOSPITAL,,§10.2 DIRECT: EXACT federal record: CMS CO Hospital Enrollment carries this string (or its dba) as an ORGANIZATION NAME or DBA at CCN 061304. §0.3a: the recipient is a hospital whatever the activity.,"The line's own amount on HCPF's awardee page, exact. THE PAGE PRINTS NO TOTAL: its 92 lines sum to $170,210,575.26, against HCPF's release figure of $169,587,181 ($623,394.26 apart). Neither is adjusted here; see co_year1_status.csv.",ORG_WEBSITE,,2026-09-28,data/evidence/CO/2026-10-01_hcpf_rhtp_awardees.html
CO,39,"High Plains Community Health Center, Incorporated",2114713,FQHC_OR_RHC,No,"HCPF RHTP award line, announced 2026-09-28 ('organizations selected to receive funding').",Yes,Yes,FY2026 (Year 1),"HCPF, About our RHTP Awardees (Our Awardees), read 2026-10-01",https://hcpf.colorado.gov/RHTP-awardees,AGENCY_PRESS_RELEASE,DIRECT_TEXT,R/03bo_co_year1_awardees.R,,,,,"Colorado RHTP subrecipient grants, round announced 2026-09-28",,"TYPED (session 82, FEDERAL RECORD): EXACT federal record: CMS CO FQHC Enrollment carries this string (or its dba) as an ORGANIZATION NAME or DBA at CCNs 061844/061939/061953. Classifier said FQHC_OR_RHC/MEDIUM.",MEDIUM,,Budget Period 1,NON_HOSPITAL,Unclear,NOT_HOSPITAL,,§10.2 NON_HOSPITAL: EXACT federal record: CMS CO FQHC Enrollment carries this string (or its dba) as an ORGANIZATION NAME or DBA at CCNs 061844/061939/061953.,"The line's own amount on HCPF's awardee page, exact. THE PAGE PRINTS NO TOTAL: its 92 lines sum to $170,210,575.26, against HCPF's release figure of $169,587,181 ($623,394.26 apart). Neither is adjusted here; see co_year1_status.csv.",ORG_WEBSITE,,2026-09-28,data/evidence/CO/2026-10-01_hcpf_rhtp_awardees.html
CO,40,Hinsdale County Emergency Medical Services,626750,EMS_OR_PSAP,No,"HCPF RHTP award line, announced 2026-09-28 ('organizations selected to receive funding').",Yes,Yes,FY2026 (Year 1),"HCPF, About our RHTP Awardees (Our Awardees), read 2026-10-01",https://hcpf.colorado.gov/RHTP-awardees,AGENCY_PRESS_RELEASE,DIRECT_TEXT,R/03bo_co_year1_awardees.R,,,,,"Colorado RHTP subrecipient grants, round announced 2026-09-28",,"TYPED (session 82, CLASSIFIER): The form is in the state's own string, and the shared classifier's name rule reads it. Classifier said EMS_OR_PSAP/HIGH.",MEDIUM,,Budget Period 1,NON_HOSPITAL,Unclear,NOT_HOSPITAL,,"§10.2 NON_HOSPITAL: The form is in the state's own string, and the shared classifier's name rule reads it.","The line's own amount on HCPF's awardee page, exact. THE PAGE PRINTS NO TOTAL: its 92 lines sum to $170,210,575.26, against HCPF's release figure of $169,587,181 ($623,394.26 apart). Neither is adjusted here; see co_year1_status.csv.",STATE_SOURCE,,2026-09-28,data/evidence/CO/2026-10-01_hcpf_rhtp_awardees.html
CO,41,Huerfano County Hospital District,706605,HOSPITAL_OR_SYSTEM,Yes,"HCPF RHTP award line, announced 2026-09-28 ('organizations selected to receive funding').",Yes,Yes,FY2026 (Year 1),"HCPF, About our RHTP Awardees (Our Awardees), read 2026-10-01",https://hcpf.colorado.gov/RHTP-awardees,AGENCY_PRESS_RELEASE,DIRECT_TEXT,R/03bo_co_year1_awardees.R,061316,,,,"Colorado RHTP subrecipient grants, round announced 2026-09-28",,"TYPED (session 82, FEDERAL RECORD): EXACT federal record: CMS CO Hospital Enrollment carries this string (or its dba) as an ORGANIZATION NAME or DBA at CCN 061316; its RHC/FQHC records are the same legal entity's. Classifier said HOSPITAL_OR_SYSTEM/HIGH.",MEDIUM,,Budget Period 1,DIRECT,Yes,NAMED_HOSPITAL,,§10.2 DIRECT: EXACT federal record: CMS CO Hospital Enrollment carries this string (or its dba) as an ORGANIZATION NAME or DBA at CCN 061316; its RHC/FQHC records are the same legal entity's. §0.3a: the recipient is a hospital whatever the activity.,"The line's own amount on HCPF's awardee page, exact. THE PAGE PRINTS NO TOTAL: its 92 lines sum to $170,210,575.26, against HCPF's release figure of $169,587,181 ($623,394.26 apart). Neither is adjusted here; see co_year1_status.csv.",ORG_WEBSITE,,2026-09-28,data/evidence/CO/2026-10-01_hcpf_rhtp_awardees.html
CO,42,Illuminate Colorado,100327,NONPROFIT_CBO,No,"HCPF RHTP award line, announced 2026-09-28 ('organizations selected to receive funding').",Yes,Yes,FY2026 (Year 1),"HCPF, About our RHTP Awardees (Our Awardees), read 2026-10-01",https://hcpf.colorado.gov/RHTP-awardees,AGENCY_PRESS_RELEASE,DIRECT_TEXT,R/03bo_co_year1_awardees.R,,,,,"Colorado RHTP subrecipient grants, round announced 2026-09-28",,"TYPED (session 82, FALLBACK): The source states no form and no CMS CO Hospital, FQHC or RHC enrolment carries the string (§8's standing fallback, RECIPIENT_TYPE_INFERRED); queued as CO_RECIPIENT_FORM_NOT_STATED. Classifier said NONPROFIT_CBO/LOW.",LOW,RECIPIENT_TYPE_INFERRED,Budget Period 1,NON_HOSPITAL,Unclear,NOT_HOSPITAL,,"§10.2 NON_HOSPITAL: The source states no form and no CMS CO Hospital, FQHC or RHC enrolment carries the string (§8's standing fallback, RECIPIENT_TYPE_INFERRED); queued as CO_RECIPIENT_FORM_NOT_STATED.","The line's own amount on HCPF's awardee page, exact. THE PAGE PRINTS NO TOTAL: its 92 lines sum to $170,210,575.26, against HCPF's release figure of $169,587,181 ($623,394.26 apart). Neither is adjusted here; see co_year1_status.csv.",,,2026-09-28,data/evidence/CO/2026-10-01_hcpf_rhtp_awardees.html
CO,43,Keefe Memorial Health Service District dba Keefe Memorial Hospital,4087098,HOSPITAL_OR_SYSTEM,Yes,"HCPF RHTP award line, announced 2026-09-28 ('organizations selected to receive funding').",Yes,Yes,FY2026 (Year 1),"HCPF, About our RHTP Awardees (Our Awardees), read 2026-10-01",https://hcpf.colorado.gov/RHTP-awardees,AGENCY_PRESS_RELEASE,DIRECT_TEXT,R/03bo_co_year1_awardees.R,061343,,,,"Colorado RHTP subrecipient grants, round announced 2026-09-28",,"TYPED (session 82, FEDERAL RECORD): EXACT federal record: CMS CO Hospital Enrollment carries this string (or its dba) as an ORGANIZATION NAME or DBA at CCN 061343; its RHC/FQHC records are the same legal entity's. Classifier said HOSPITAL_OR_SYSTEM/HIGH.",MEDIUM,,Budget Period 1,DIRECT,Yes,NAMED_HOSPITAL,,§10.2 DIRECT: EXACT federal record: CMS CO Hospital Enrollment carries this string (or its dba) as an ORGANIZATION NAME or DBA at CCN 061343; its RHC/FQHC records are the same legal entity's. §0.3a: the recipient is a hospital whatever the activity.,"The line's own amount on HCPF's awardee page, exact. THE PAGE PRINTS NO TOTAL: its 92 lines sum to $170,210,575.26, against HCPF's release figure of $169,587,181 ($623,394.26 apart). Neither is adjusted here; see co_year1_status.csv.",ORG_WEBSITE,,2026-09-28,data/evidence/CO/2026-10-01_hcpf_rhtp_awardees.html
CO,44,Kiowa County Hospital District dba Weisbrod Health,1470288,HOSPITAL_OR_SYSTEM,Yes,"HCPF RHTP award line, announced 2026-09-28 ('organizations selected to receive funding').",Yes,Yes,FY2026 (Year 1),"HCPF, About our RHTP Awardees (Our Awardees), read 2026-10-01",https://hcpf.colorado.gov/RHTP-awardees,AGENCY_PRESS_RELEASE,DIRECT_TEXT,R/03bo_co_year1_awardees.R,061300,,,,"Colorado RHTP subrecipient grants, round announced 2026-09-28",,"TYPED (session 82, FEDERAL RECORD): EXACT federal record: CMS CO Hospital Enrollment carries this string (or its dba) as an ORGANIZATION NAME or DBA at CCN 061300. Classifier said HOSPITAL_OR_SYSTEM/HIGH.",MEDIUM,,Budget Period 1,DIRECT,Yes,NAMED_HOSPITAL,,§10.2 DIRECT: EXACT federal record: CMS CO Hospital Enrollment carries this string (or its dba) as an ORGANIZATION NAME or DBA at CCN 061300. §0.3a: the recipient is a hospital whatever the activity.,"The line's own amount on HCPF's awardee page, exact. THE PAGE PRINTS NO TOTAL: its 92 lines sum to $170,210,575.26, against HCPF's release figure of $169,587,181 ($623,394.26 apart). Neither is adjusted here; see co_year1_status.csv.",ORG_WEBSITE,,2026-09-28,data/evidence/CO/2026-10-01_hcpf_rhtp_awardees.html
CO,45,Kit Carson County Health Service District,2733655,HOSPITAL_OR_SYSTEM,Yes,"HCPF RHTP award line, announced 2026-09-28 ('organizations selected to receive funding').",Yes,Yes,FY2026 (Year 1),"HCPF, About our RHTP Awardees (Our Awardees), read 2026-10-01",https://hcpf.colorado.gov/RHTP-awardees,AGENCY_PRESS_RELEASE,DIRECT_TEXT,R/03bo_co_year1_awardees.R,061313,,,,"Colorado RHTP subrecipient grants, round announced 2026-09-28",,"TYPED (session 82, HAND-READ): HAND-READ BRIDGE: CMS CO Hospital Enrollment carries KIT CARSON COUNTY HEALTH SERVICES DISTRICT dba KIT CARSON COUNTY MEMORIAL HOSPITAL (CAH, CCN 061313, Burlington). 'Service' against 'Services', so LOW. Classifier said NONPROFIT_CBO/LOW.",LOW,,Budget Period 1,DIRECT,Yes,NAMED_HOSPITAL,,"§10.2 DIRECT: HAND-READ BRIDGE: CMS CO Hospital Enrollment carries KIT CARSON COUNTY HEALTH SERVICES DISTRICT dba KIT CARSON COUNTY MEMORIAL HOSPITAL (CAH, CCN 061313, Burlington). 'Service' against 'Services', so LOW. §0.3a: the recipient is a hospital whatever the activity.","The line's own amount on HCPF's awardee page, exact. THE PAGE PRINTS NO TOTAL: its 92 lines sum to $170,210,575.26, against HCPF's release figure of $169,587,181 ($623,394.26 apart). Neither is adjusted here; see co_year1_status.csv.",ORG_WEBSITE,,2026-09-28,data/evidence/CO/2026-10-01_hcpf_rhtp_awardees.html
CO,46,"Kremmling Memorial Hospital District, dba Middle Park Health",7747490,HOSPITAL_OR_SYSTEM,Yes,"HCPF RHTP award line, announced 2026-09-28 ('organizations selected to receive funding').",Yes,Yes,FY2026 (Year 1),"HCPF, About our RHTP Awardees (Our Awardees), read 2026-10-01",https://hcpf.colorado.gov/RHTP-awardees,AGENCY_PRESS_RELEASE,DIRECT_TEXT,R/03bo_co_year1_awardees.R,061318,,,,"Colorado RHTP subrecipient grants, round announced 2026-09-28",,"TYPED (session 82, FEDERAL RECORD): EXACT federal record: CMS CO Hospital Enrollment carries this string (or its dba) as an ORGANIZATION NAME or DBA at CCN 061318; its RHC/FQHC records are the same legal entity's. Classifier said HOSPITAL_OR_SYSTEM/HIGH.",MEDIUM,,Budget Period 1,DIRECT,Yes,NAMED_HOSPITAL,,§10.2 DIRECT: EXACT federal record: CMS CO Hospital Enrollment carries this string (or its dba) as an ORGANIZATION NAME or DBA at CCN 061318; its RHC/FQHC records are the same legal entity's. §0.3a: the recipient is a hospital whatever the activity.,"The line's own amount on HCPF's awardee page, exact. THE PAGE PRINTS NO TOTAL: its 92 lines sum to $170,210,575.26, against HCPF's release figure of $169,587,181 ($623,394.26 apart). Neither is adjusted here; see co_year1_status.csv.",ORG_WEBSITE,,2026-09-28,data/evidence/CO/2026-10-01_hcpf_rhtp_awardees.html
CO,47,La Plata Family Medicine Associates P.C.,574909,PHYSICIAN_PRACTICE,No,"HCPF RHTP award line, announced 2026-09-28 ('organizations selected to receive funding').",Yes,Yes,FY2026 (Year 1),"HCPF, About our RHTP Awardees (Our Awardees), read 2026-10-01",https://hcpf.colorado.gov/RHTP-awardees,AGENCY_PRESS_RELEASE,DIRECT_TEXT,R/03bo_co_year1_awardees.R,,,,,"Colorado RHTP subrecipient grants, round announced 2026-09-28",,"TYPED (session 82, HAND-READ): A professional corporation of family physicians; 'P.C.' and 'Family Medicine Associates' are the state's own string. Classifier said PHYSICIAN_PRACTICE/HIGH.",MEDIUM,,Budget Period 1,NON_HOSPITAL,Unclear,NOT_HOSPITAL,,§10.2 NON_HOSPITAL: A professional corporation of family physicians; 'P.C.' and 'Family Medicine Associates' are the state's own string.,"The line's own amount on HCPF's awardee page, exact. THE PAGE PRINTS NO TOTAL: its 92 lines sum to $170,210,575.26, against HCPF's release figure of $169,587,181 ($623,394.26 apart). Neither is adjusted here; see co_year1_status.csv.",STATE_SOURCE,,2026-09-28,data/evidence/CO/2026-10-01_hcpf_rhtp_awardees.html
CO,48,Lake Fork Health Services District,799949,FQHC_OR_RHC,No,"HCPF RHTP award line, announced 2026-09-28 ('organizations selected to receive funding').",Yes,Yes,FY2026 (Year 1),"HCPF, About our RHTP Awardees (Our Awardees), read 2026-10-01",https://hcpf.colorado.gov/RHTP-awardees,AGENCY_PRESS_RELEASE,DIRECT_TEXT,R/03bo_co_year1_awardees.R,,,,,"Colorado RHTP subrecipient grants, round announced 2026-09-28",,"TYPED (session 82, FEDERAL RECORD): EXACT federal record: CMS CO RHC Enrollment carries this string (or its dba) as an ORGANIZATION NAME or DBA at CCNs 063810. Classifier said NONPROFIT_CBO/LOW.",MEDIUM,,Budget Period 1,NON_HOSPITAL,Unclear,NOT_HOSPITAL,,§10.2 NON_HOSPITAL: EXACT federal record: CMS CO RHC Enrollment carries this string (or its dba) as an ORGANIZATION NAME or DBA at CCNs 063810.,"The line's own amount on HCPF's awardee page, exact. THE PAGE PRINTS NO TOTAL: its 92 lines sum to $170,210,575.26, against HCPF's release figure of $169,587,181 ($623,394.26 apart). Neither is adjusted here; see co_year1_status.csv.",ORG_WEBSITE,,2026-09-28,data/evidence/CO/2026-10-01_hcpf_rhtp_awardees.html
CO,49,Lutheran Hospital Association of the San Luis Valley dba San Luis Valley Health (Regional Medical Center),7889561,HOSPITAL_OR_SYSTEM,Yes,"HCPF RHTP award line, announced 2026-09-28 ('organizations selected to receive funding'). SITE (not the recipient): Regional Medical Center.",Yes,Yes,FY2026 (Year 1),"HCPF, About our RHTP Awardees (Our Awardees), read 2026-10-01",https://hcpf.colorado.gov/RHTP-awardees,AGENCY_PRESS_RELEASE,DIRECT_TEXT,R/03bo_co_year1_awardees.R,060008,,,,"Colorado RHTP subrecipient grants, round announced 2026-09-28",Regional Medical Center,"TYPED (session 82, FEDERAL RECORD): EXACT federal record: CMS CO Hospital Enrollment carries this string (or its dba) as an ORGANIZATION NAME or DBA at CCN 060008; its RHC/FQHC records are the same legal entity's. Classifier said HOSPITAL_OR_SYSTEM/HIGH.",MEDIUM,,Budget Period 1,DIRECT,Yes,NAMED_HOSPITAL,,§10.2 DIRECT: EXACT federal record: CMS CO Hospital Enrollment carries this string (or its dba) as an ORGANIZATION NAME or DBA at CCN 060008; its RHC/FQHC records are the same legal entity's. §0.3a: the recipient is a hospital whatever the activity.,"The line's own amount on HCPF's awardee page, exact. THE PAGE PRINTS NO TOTAL: its 92 lines sum to $170,210,575.26, against HCPF's release figure of $169,587,181 ($623,394.26 apart). Neither is adjusted here; see co_year1_status.csv.",ORG_WEBSITE,,2026-09-28,data/evidence/CO/2026-10-01_hcpf_rhtp_awardees.html
CO,50,"Lutheran Hospital Association of the San Luis Valley, DBA San Luis Valley Health (Conejos County Hospital)",1280385,HOSPITAL_OR_SYSTEM,Yes,"HCPF RHTP award line, announced 2026-09-28 ('organizations selected to receive funding'). SITE (not the recipient): Conejos County Hospital.",Yes,Yes,FY2026 (Year 1),"HCPF, About our RHTP Awardees (Our Awardees), read 2026-10-01",https://hcpf.colorado.gov/RHTP-awardees,AGENCY_PRESS_RELEASE,DIRECT_TEXT,R/03bo_co_year1_awardees.R,061308,,,,"Colorado RHTP subrecipient grants, round announced 2026-09-28",Conejos County Hospital,"TYPED (session 82, FEDERAL RECORD): EXACT federal record: CMS CO Hospital Enrollment carries this string (or its dba) as an ORGANIZATION NAME or DBA at CCN 061308; its RHC/FQHC records are the same legal entity's. Classifier said HOSPITAL_OR_SYSTEM/HIGH.",MEDIUM,,Budget Period 1,DIRECT,Yes,NAMED_HOSPITAL,,§10.2 DIRECT: EXACT federal record: CMS CO Hospital Enrollment carries this string (or its dba) as an ORGANIZATION NAME or DBA at CCN 061308; its RHC/FQHC records are the same legal entity's. §0.3a: the recipient is a hospital whatever the activity.,"The line's own amount on HCPF's awardee page, exact. THE PAGE PRINTS NO TOTAL: its 92 lines sum to $170,210,575.26, against HCPF's release figure of $169,587,181 ($623,394.26 apart). Neither is adjusted here; see co_year1_status.csv.",ORG_WEBSITE,,2026-09-28,data/evidence/CO/2026-10-01_hcpf_rhtp_awardees.html
CO,51,"Metro Community Provider Network, Inc., DBA STRIDE Community Health Center",223697,FQHC_OR_RHC,No,"HCPF RHTP award line, announced 2026-09-28 ('organizations selected to receive funding').",Yes,Yes,FY2026 (Year 1),"HCPF, About our RHTP Awardees (Our Awardees), read 2026-10-01",https://hcpf.colorado.gov/RHTP-awardees,AGENCY_PRESS_RELEASE,DIRECT_TEXT,R/03bo_co_year1_awardees.R,,,,,"Colorado RHTP subrecipient grants, round announced 2026-09-28",,"TYPED (session 82, FEDERAL RECORD): EXACT federal record: CMS CO FQHC Enrollment carries this string (or its dba) as an ORGANIZATION NAME or DBA at CCNs 061038/061039/061040/061041/061042/061043/061048/061049/061052/061066/061886/061891/061899/061928/061933/061936/061969. Classifier said FQHC_OR_RHC/MEDIUM.",MEDIUM,,Budget Period 1,NON_HOSPITAL,Unclear,NOT_HOSPITAL,,§10.2 NON_HOSPITAL: EXACT federal record: CMS CO FQHC Enrollment carries this string (or its dba) as an ORGANIZATION NAME or DBA at CCNs 061038/061039/061040/061041/061042/061043/061048/061049/061052/061066/061886/061891/061899/061928/061933/061936/061969.,"The line's own amount on HCPF's awardee page, exact. THE PAGE PRINTS NO TOTAL: its 92 lines sum to $170,210,575.26, against HCPF's release figure of $169,587,181 ($623,394.26 apart). Neither is adjusted here; see co_year1_status.csv.",ORG_WEBSITE,,2026-09-28,data/evidence/CO/2026-10-01_hcpf_rhtp_awardees.html
CO,52,Midvalley Family Practice PC,637339,PHYSICIAN_PRACTICE,No,"HCPF RHTP award line, announced 2026-09-28 ('organizations selected to receive funding').",Yes,Yes,FY2026 (Year 1),"HCPF, About our RHTP Awardees (Our Awardees), read 2026-10-01",https://hcpf.colorado.gov/RHTP-awardees,AGENCY_PRESS_RELEASE,DIRECT_TEXT,R/03bo_co_year1_awardees.R,,,,,"Colorado RHTP subrecipient grants, round announced 2026-09-28",,"TYPED (session 82, HAND-READ): A professional corporation family practice; the form is in the state's own string. Classifier said PHYSICIAN_PRACTICE/HIGH.",MEDIUM,,Budget Period 1,NON_HOSPITAL,Unclear,NOT_HOSPITAL,,§10.2 NON_HOSPITAL: A professional corporation family practice; the form is in the state's own string.,"The line's own amount on HCPF's awardee page, exact. THE PAGE PRINTS NO TOTAL: its 92 lines sum to $170,210,575.26, against HCPF's release figure of $169,587,181 ($623,394.26 apart). Neither is adjusted here; see co_year1_status.csv.",STATE_SOURCE,,2026-09-28,data/evidence/CO/2026-10-01_hcpf_rhtp_awardees.html
CO,53,"Montrose Memorial Hospital, Inc. dba Montrose Regional Health",3820154,HOSPITAL_OR_SYSTEM,Yes,"HCPF RHTP award line, announced 2026-09-28 ('organizations selected to receive funding').",Yes,Yes,FY2026 (Year 1),"HCPF, About our RHTP Awardees (Our Awardees), read 2026-10-01",https://hcpf.colorado.gov/RHTP-awardees,AGENCY_PRESS_RELEASE,DIRECT_TEXT,R/03bo_co_year1_awardees.R,060006,,,,"Colorado RHTP subrecipient grants, round announced 2026-09-28",,"TYPED (session 82, FEDERAL RECORD): EXACT federal record: CMS CO Hospital Enrollment carries this string (or its dba) as an ORGANIZATION NAME or DBA at CCN 060006. Classifier said HOSPITAL_OR_SYSTEM/HIGH.",MEDIUM,,Budget Period 1,DIRECT,Yes,NAMED_HOSPITAL,,§10.2 DIRECT: EXACT federal record: CMS CO Hospital Enrollment carries this string (or its dba) as an ORGANIZATION NAME or DBA at CCN 060006. §0.3a: the recipient is a hospital whatever the activity.,"The line's own amount on HCPF's awardee page, exact. THE PAGE PRINTS NO TOTAL: its 92 lines sum to $170,210,575.26, against HCPF's release figure of $169,587,181 ($623,394.26 apart). Neither is adjusted here; see co_year1_status.csv.",ORG_WEBSITE,,2026-09-28,data/evidence/CO/2026-10-01_hcpf_rhtp_awardees.html
CO,54,Mountain Family Health Centers,1689440,FQHC_OR_RHC,No,"HCPF RHTP award line, announced 2026-09-28 ('organizations selected to receive funding').",Yes,Yes,FY2026 (Year 1),"HCPF, About our RHTP Awardees (Our Awardees), read 2026-10-01",https://hcpf.colorado.gov/RHTP-awardees,AGENCY_PRESS_RELEASE,DIRECT_TEXT,R/03bo_co_year1_awardees.R,,,,,"Colorado RHTP subrecipient grants, round announced 2026-09-28",,"TYPED (session 82, FEDERAL RECORD): EXACT federal record: CMS CO FQHC Enrollment carries this string (or its dba) as an ORGANIZATION NAME or DBA at CCNs 061046/061051/061872/061911/061912/061975. Classifier said NONPROFIT_CBO/LOW.",MEDIUM,,Budget Period 1,NON_HOSPITAL,Unclear,NOT_HOSPITAL,,§10.2 NON_HOSPITAL: EXACT federal record: CMS CO FQHC Enrollment carries this string (or its dba) as an ORGANIZATION NAME or DBA at CCNs 061046/061051/061872/061911/061912/061975.,"The line's own amount on HCPF's awardee page, exact. THE PAGE PRINTS NO TOTAL: its 92 lines sum to $170,210,575.26, against HCPF's release figure of $169,587,181 ($623,394.26 apart). Neither is adjusted here; see co_year1_status.csv.",ORG_WEBSITE,,2026-09-28,data/evidence/CO/2026-10-01_hcpf_rhtp_awardees.html
CO,55,North Range Behavioral Health,496562,NONPROFIT_CBO,No,"HCPF RHTP award line, announced 2026-09-28 ('organizations selected to receive funding').",Yes,Yes,FY2026 (Year 1),"HCPF, About our RHTP Awardees (Our Awardees), read 2026-10-01",https://hcpf.colorado.gov/RHTP-awardees,AGENCY_PRESS_RELEASE,DIRECT_TEXT,R/03bo_co_year1_awardees.R,,,,,"Colorado RHTP subrecipient grants, round announced 2026-09-28",,"TYPED (session 82, FALLBACK): The source states no form and no CMS CO Hospital, FQHC or RHC enrolment carries the string (§8's standing fallback, RECIPIENT_TYPE_INFERRED); queued as CO_RECIPIENT_FORM_NOT_STATED. Classifier said NONPROFIT_CBO/LOW.",LOW,RECIPIENT_TYPE_INFERRED,Budget Period 1,NON_HOSPITAL,Unclear,NOT_HOSPITAL,,"§10.2 NON_HOSPITAL: The source states no form and no CMS CO Hospital, FQHC or RHC enrolment carries the string (§8's standing fallback, RECIPIENT_TYPE_INFERRED); queued as CO_RECIPIENT_FORM_NOT_STATED.","The line's own amount on HCPF's awardee page, exact. THE PAGE PRINTS NO TOTAL: its 92 lines sum to $170,210,575.26, against HCPF's release figure of $169,587,181 ($623,394.26 apart). Neither is adjusted here; see co_year1_status.csv.",,,2026-09-28,data/evidence/CO/2026-10-01_hcpf_rhtp_awardees.html
CO,56,Paragon Behavioral Health Connections,470331,NONPROFIT_CBO,No,"HCPF RHTP award line, announced 2026-09-28 ('organizations selected to receive funding').",Yes,Yes,FY2026 (Year 1),"HCPF, About our RHTP Awardees (Our Awardees), read 2026-10-01",https://hcpf.colorado.gov/RHTP-awardees,AGENCY_PRESS_RELEASE,DIRECT_TEXT,R/03bo_co_year1_awardees.R,,,,,"Colorado RHTP subrecipient grants, round announced 2026-09-28",,"TYPED (session 82, FALLBACK): The source states no form and no CMS CO Hospital, FQHC or RHC enrolment carries the string (§8's standing fallback, RECIPIENT_TYPE_INFERRED); queued as CO_RECIPIENT_FORM_NOT_STATED. Classifier said NONPROFIT_CBO/LOW.",LOW,RECIPIENT_TYPE_INFERRED,Budget Period 1,NON_HOSPITAL,Unclear,NOT_HOSPITAL,,"§10.2 NON_HOSPITAL: The source states no form and no CMS CO Hospital, FQHC or RHC enrolment carries the string (§8's standing fallback, RECIPIENT_TYPE_INFERRED); queued as CO_RECIPIENT_FORM_NOT_STATED.","The line's own amount on HCPF's awardee page, exact. THE PAGE PRINTS NO TOTAL: its 92 lines sum to $170,210,575.26, against HCPF's release figure of $169,587,181 ($623,394.26 apart). Neither is adjusted here; see co_year1_status.csv.",,,2026-09-28,data/evidence/CO/2026-10-01_hcpf_rhtp_awardees.html
CO,57,Paragon Behavioral Health Connections (with Partners),840010,NONPROFIT_CBO,No,"HCPF RHTP award line, announced 2026-09-28 ('organizations selected to receive funding').",Yes,Yes,FY2026 (Year 1),"HCPF, About our RHTP Awardees (Our Awardees), read 2026-10-01",https://hcpf.colorado.gov/RHTP-awardees,AGENCY_PRESS_RELEASE,DIRECT_TEXT,R/03bo_co_year1_awardees.R,,,,,"Colorado RHTP subrecipient grants, round announced 2026-09-28",,"TYPED (session 82, FALLBACK): The source states no form and no CMS CO Hospital, FQHC or RHC enrolment carries the string (§8's standing fallback, RECIPIENT_TYPE_INFERRED); queued as CO_RECIPIENT_FORM_NOT_STATED. Classifier said NONPROFIT_CBO/LOW.",LOW,RECIPIENT_TYPE_INFERRED,Budget Period 1,NON_HOSPITAL,Unclear,NOT_HOSPITAL,,"§10.2 NON_HOSPITAL: The source states no form and no CMS CO Hospital, FQHC or RHC enrolment carries the string (§8's standing fallback, RECIPIENT_TYPE_INFERRED); queued as CO_RECIPIENT_FORM_NOT_STATED.","The line's own amount on HCPF's awardee page, exact. THE PAGE PRINTS NO TOTAL: its 92 lines sum to $170,210,575.26, against HCPF's release figure of $169,587,181 ($623,394.26 apart). Neither is adjusted here; see co_year1_status.csv.",,,2026-09-28,data/evidence/CO/2026-10-01_hcpf_rhtp_awardees.html
CO,58,"Peak Vista Community Health Centers, Inc.",613812,FQHC_OR_RHC,No,"HCPF RHTP award line, announced 2026-09-28 ('organizations selected to receive funding').",Yes,Yes,FY2026 (Year 1),"HCPF, About our RHTP Awardees (Our Awardees), read 2026-10-01",https://hcpf.colorado.gov/RHTP-awardees,AGENCY_PRESS_RELEASE,DIRECT_TEXT,R/03bo_co_year1_awardees.R,,,,,"Colorado RHTP subrecipient grants, round announced 2026-09-28",,"TYPED (session 82, FEDERAL RECORD): EXACT federal record: CMS CO FQHC Enrollment carries this string (or its dba) as an ORGANIZATION NAME or DBA at CCNs 061007/061032/061067/061070/061833/061850/061877/061878/061879/061881/061882/061883/061892/061895/061903/061904/061909/061914/061917/061940/061948/061979/061988. Classifier said FQHC_OR_RHC/MEDIUM.",MEDIUM,,Budget Period 1,NON_HOSPITAL,Unclear,NOT_HOSPITAL,,§10.2 NON_HOSPITAL: EXACT federal record: CMS CO FQHC Enrollment carries this string (or its dba) as an ORGANIZATION NAME or DBA at CCNs 061007/061032/061067/061070/061833/061850/061877/061878/061879/061881/061882/061883/061892/061895/061903/061904/061909/061914/061917/061940/061948/061979/061988.,"The line's own amount on HCPF's awardee page, exact. THE PAGE PRINTS NO TOTAL: its 92 lines sum to $170,210,575.26, against HCPF's release figure of $169,587,181 ($623,394.26 apart). Neither is adjusted here; see co_year1_status.csv.",ORG_WEBSITE,,2026-09-28,data/evidence/CO/2026-10-01_hcpf_rhtp_awardees.html
CO,59,Pediatric Partners of the Southwest,101847,PHYSICIAN_PRACTICE,No,"HCPF RHTP award line, announced 2026-09-28 ('organizations selected to receive funding').",Yes,Yes,FY2026 (Year 1),"HCPF, About our RHTP Awardees (Our Awardees), read 2026-10-01",https://hcpf.colorado.gov/RHTP-awardees,AGENCY_PRESS_RELEASE,DIRECT_TEXT,R/03bo_co_year1_awardees.R,,,,,"Colorado RHTP subrecipient grants, round announced 2026-09-28",,"TYPED (session 82, HAND-READ): A pediatric group practice by name; no institutional enrolment under it. Classifier said NONPROFIT_CBO/LOW.",LOW,,Budget Period 1,NON_HOSPITAL,Unclear,NOT_HOSPITAL,,§10.2 NON_HOSPITAL: A pediatric group practice by name; no institutional enrolment under it.,"The line's own amount on HCPF's awardee page, exact. THE PAGE PRINTS NO TOTAL: its 92 lines sum to $170,210,575.26, against HCPF's release figure of $169,587,181 ($623,394.26 apart). Neither is adjusted here; see co_year1_status.csv.",GENERAL_KNOWLEDGE,,2026-09-28,data/evidence/CO/2026-10-01_hcpf_rhtp_awardees.html
CO,60,"Pediatrics of Steamboat Springs, P.C.",350512,PHYSICIAN_PRACTICE,No,"HCPF RHTP award line, announced 2026-09-28 ('organizations selected to receive funding').",Yes,Yes,FY2026 (Year 1),"HCPF, About our RHTP Awardees (Our Awardees), read 2026-10-01",https://hcpf.colorado.gov/RHTP-awardees,AGENCY_PRESS_RELEASE,DIRECT_TEXT,R/03bo_co_year1_awardees.R,,,,,"Colorado RHTP subrecipient grants, round announced 2026-09-28",,"TYPED (session 82, HAND-READ): A professional corporation pediatric practice; the form is in the state's own string. Classifier said PHYSICIAN_PRACTICE/HIGH.",MEDIUM,,Budget Period 1,NON_HOSPITAL,Unclear,NOT_HOSPITAL,,§10.2 NON_HOSPITAL: A professional corporation pediatric practice; the form is in the state's own string.,"The line's own amount on HCPF's awardee page, exact. THE PAGE PRINTS NO TOTAL: its 92 lines sum to $170,210,575.26, against HCPF's release figure of $169,587,181 ($623,394.26 apart). Neither is adjusted here; see co_year1_status.csv.",STATE_SOURCE,,2026-09-28,data/evidence/CO/2026-10-01_hcpf_rhtp_awardees.html
CO,61,Prowers County Hospital District d/b/a Prowers Medical Center,776458,HOSPITAL_OR_SYSTEM,Yes,"HCPF RHTP award line, announced 2026-09-28 ('organizations selected to receive funding').",Yes,Yes,FY2026 (Year 1),"HCPF, About our RHTP Awardees (Our Awardees), read 2026-10-01",https://hcpf.colorado.gov/RHTP-awardees,AGENCY_PRESS_RELEASE,DIRECT_TEXT,R/03bo_co_year1_awardees.R,061323,,,,"Colorado RHTP subrecipient grants, round announced 2026-09-28",,"TYPED (session 82, FEDERAL RECORD): EXACT federal record: CMS CO Hospital Enrollment carries this string (or its dba) as an ORGANIZATION NAME or DBA at CCN 061323; its RHC/FQHC records are the same legal entity's. Classifier said HOSPITAL_OR_SYSTEM/HIGH.",MEDIUM,,Budget Period 1,DIRECT,Yes,NAMED_HOSPITAL,,§10.2 DIRECT: EXACT federal record: CMS CO Hospital Enrollment carries this string (or its dba) as an ORGANIZATION NAME or DBA at CCN 061323; its RHC/FQHC records are the same legal entity's. §0.3a: the recipient is a hospital whatever the activity.,"The line's own amount on HCPF's awardee page, exact. THE PAGE PRINTS NO TOTAL: its 92 lines sum to $170,210,575.26, against HCPF's release figure of $169,587,181 ($623,394.26 apart). Neither is adjusted here; see co_year1_status.csv.",ORG_WEBSITE,,2026-09-28,data/evidence/CO/2026-10-01_hcpf_rhtp_awardees.html
CO,62,Rangely Hospital District,700000,HOSPITAL_OR_SYSTEM,Yes,"HCPF RHTP award line, announced 2026-09-28 ('organizations selected to receive funding').",Yes,Yes,FY2026 (Year 1),"HCPF, About our RHTP Awardees (Our Awardees), read 2026-10-01",https://hcpf.colorado.gov/RHTP-awardees,AGENCY_PRESS_RELEASE,DIRECT_TEXT,R/03bo_co_year1_awardees.R,061307,,,,"Colorado RHTP subrecipient grants, round announced 2026-09-28",,"TYPED (session 82, FEDERAL RECORD): EXACT federal record: CMS CO Hospital Enrollment carries this string (or its dba) as an ORGANIZATION NAME or DBA at CCN 061307; its RHC/FQHC records are the same legal entity's. Classifier said HOSPITAL_OR_SYSTEM/HIGH.",MEDIUM,,Budget Period 1,DIRECT,Yes,NAMED_HOSPITAL,,§10.2 DIRECT: EXACT federal record: CMS CO Hospital Enrollment carries this string (or its dba) as an ORGANIZATION NAME or DBA at CCN 061307; its RHC/FQHC records are the same legal entity's. §0.3a: the recipient is a hospital whatever the activity.,"The line's own amount on HCPF's awardee page, exact. THE PAGE PRINTS NO TOTAL: its 92 lines sum to $170,210,575.26, against HCPF's release figure of $169,587,181 ($623,394.26 apart). Neither is adjusted here; see co_year1_status.csv.",ORG_WEBSITE,,2026-09-28,data/evidence/CO/2026-10-01_hcpf_rhtp_awardees.html
CO,63,Red White & Blue Fire Protection District,183913,EMS_OR_PSAP,No,"HCPF RHTP award line, announced 2026-09-28 ('organizations selected to receive funding').",Yes,Yes,FY2026 (Year 1),"HCPF, About our RHTP Awardees (Our Awardees), read 2026-10-01",https://hcpf.colorado.gov/RHTP-awardees,AGENCY_PRESS_RELEASE,DIRECT_TEXT,R/03bo_co_year1_awardees.R,,,,,"Colorado RHTP subrecipient grants, round announced 2026-09-28",,"TYPED (session 82, HAND-READ): A fire protection district; the form is in the state's own string. Classifier said NONPROFIT_CBO/LOW.",MEDIUM,,Budget Period 1,NON_HOSPITAL,Unclear,NOT_HOSPITAL,,§10.2 NON_HOSPITAL: A fire protection district; the form is in the state's own string.,"The line's own amount on HCPF's awardee page, exact. THE PAGE PRINTS NO TOTAL: its 92 lines sum to $170,210,575.26, against HCPF's release figure of $169,587,181 ($623,394.26 apart). Neither is adjusted here; see co_year1_status.csv.",STATE_SOURCE,,2026-09-28,data/evidence/CO/2026-10-01_hcpf_rhtp_awardees.html
CO,64,"Rocky Mountain Clinics, LLC dba Porch Light Health",6623827,NONPROFIT_CBO,No,"HCPF RHTP award line, announced 2026-09-28 ('organizations selected to receive funding').",Yes,Yes,FY2026 (Year 1),"HCPF, About our RHTP Awardees (Our Awardees), read 2026-10-01",https://hcpf.colorado.gov/RHTP-awardees,AGENCY_PRESS_RELEASE,DIRECT_TEXT,R/03bo_co_year1_awardees.R,,,,,"Colorado RHTP subrecipient grants, round announced 2026-09-28",,"TYPED (session 82, FALLBACK): The source states no form and no CMS CO Hospital, FQHC or RHC enrolment carries the string (§8's standing fallback, RECIPIENT_TYPE_INFERRED); queued as CO_RECIPIENT_FORM_NOT_STATED. Classifier said NONPROFIT_CBO/LOW.",LOW,RECIPIENT_TYPE_INFERRED,Budget Period 1,NON_HOSPITAL,Unclear,NOT_HOSPITAL,,"§10.2 NON_HOSPITAL: The source states no form and no CMS CO Hospital, FQHC or RHC enrolment carries the string (§8's standing fallback, RECIPIENT_TYPE_INFERRED); queued as CO_RECIPIENT_FORM_NOT_STATED.","The line's own amount on HCPF's awardee page, exact. THE PAGE PRINTS NO TOTAL: its 92 lines sum to $170,210,575.26, against HCPF's release figure of $169,587,181 ($623,394.26 apart). Neither is adjusted here; see co_year1_status.csv.",,,2026-09-28,data/evidence/CO/2026-10-01_hcpf_rhtp_awardees.html
CO,65,"Rocky Mountain Youth Medical & Nursing Consultants, Inc. dba Every Child Pediatrics",623395.26,PHYSICIAN_PRACTICE,No,"HCPF RHTP award line, announced 2026-09-28 ('organizations selected to receive funding').",Yes,Yes,FY2026 (Year 1),"HCPF, About our RHTP Awardees (Our Awardees), read 2026-10-01",https://hcpf.colorado.gov/RHTP-awardees,AGENCY_PRESS_RELEASE,DIRECT_TEXT,R/03bo_co_year1_awardees.R,,,,,"Colorado RHTP subrecipient grants, round announced 2026-09-28",,"TYPED (session 82, HAND-READ): A pediatric practice by its dba. THE ONLY LINE WITH CENTS, AND WITHIN $1.00 OF THE ROSTER-VS-RELEASE GAP ($623,394.26); see the header. Kept, never dropped on arithmetic. Classifier said PHYSICIAN_PRACTICE/MEDIUM.",LOW,,Budget Period 1,NON_HOSPITAL,Unclear,NOT_HOSPITAL,,"§10.2 NON_HOSPITAL: A pediatric practice by its dba. THE ONLY LINE WITH CENTS, AND WITHIN $1.00 OF THE ROSTER-VS-RELEASE GAP ($623,394.26); see the header. Kept, never dropped on arithmetic.","The line's own amount on HCPF's awardee page, exact. THE PAGE PRINTS NO TOTAL: its 92 lines sum to $170,210,575.26, against HCPF's release figure of $169,587,181 ($623,394.26 apart). Neither is adjusted here; see co_year1_status.csv.",GENERAL_KNOWLEDGE,,2026-09-28,data/evidence/CO/2026-10-01_hcpf_rhtp_awardees.html
CO,66,Salida Hospital District,619275,HOSPITAL_OR_SYSTEM,Yes,"HCPF RHTP award line, announced 2026-09-28 ('organizations selected to receive funding').",Yes,Yes,FY2026 (Year 1),"HCPF, About our RHTP Awardees (Our Awardees), read 2026-10-01",https://hcpf.colorado.gov/RHTP-awardees,AGENCY_PRESS_RELEASE,DIRECT_TEXT,R/03bo_co_year1_awardees.R,061322,,,,"Colorado RHTP subrecipient grants, round announced 2026-09-28",,"TYPED (session 82, FEDERAL RECORD): EXACT federal record: CMS CO Hospital Enrollment carries this string (or its dba) as an ORGANIZATION NAME or DBA at CCN 061322; its RHC/FQHC records are the same legal entity's. Classifier said HOSPITAL_OR_SYSTEM/HIGH.",MEDIUM,,Budget Period 1,DIRECT,Yes,NAMED_HOSPITAL,,§10.2 DIRECT: EXACT federal record: CMS CO Hospital Enrollment carries this string (or its dba) as an ORGANIZATION NAME or DBA at CCN 061322; its RHC/FQHC records are the same legal entity's. §0.3a: the recipient is a hospital whatever the activity.,"The line's own amount on HCPF's awardee page, exact. THE PAGE PRINTS NO TOTAL: its 92 lines sum to $170,210,575.26, against HCPF's release figure of $169,587,181 ($623,394.26 apart). Neither is adjusted here; see co_year1_status.csv.",ORG_WEBSITE,,2026-09-28,data/evidence/CO/2026-10-01_hcpf_rhtp_awardees.html
CO,67,Salida Hospital District DBA Heart of the Rockies Regional Medical Center (HRRMC),402375,HOSPITAL_OR_SYSTEM,Yes,"HCPF RHTP award line, announced 2026-09-28 ('organizations selected to receive funding').",Yes,Yes,FY2026 (Year 1),"HCPF, About our RHTP Awardees (Our Awardees), read 2026-10-01",https://hcpf.colorado.gov/RHTP-awardees,AGENCY_PRESS_RELEASE,DIRECT_TEXT,R/03bo_co_year1_awardees.R,061322,,,,"Colorado RHTP subrecipient grants, round announced 2026-09-28",,"TYPED (session 82, FEDERAL RECORD): EXACT federal record: CMS CO Hospital Enrollment carries this string (or its dba) as an ORGANIZATION NAME or DBA at CCN 061322; its RHC/FQHC records are the same legal entity's. Classifier said HOSPITAL_OR_SYSTEM/HIGH.",MEDIUM,,Budget Period 1,DIRECT,Yes,NAMED_HOSPITAL,,§10.2 DIRECT: EXACT federal record: CMS CO Hospital Enrollment carries this string (or its dba) as an ORGANIZATION NAME or DBA at CCN 061322; its RHC/FQHC records are the same legal entity's. §0.3a: the recipient is a hospital whatever the activity.,"The line's own amount on HCPF's awardee page, exact. THE PAGE PRINTS NO TOTAL: its 92 lines sum to $170,210,575.26, against HCPF's release figure of $169,587,181 ($623,394.26 apart). Neither is adjusted here; see co_year1_status.csv.",ORG_WEBSITE,,2026-09-28,data/evidence/CO/2026-10-01_hcpf_rhtp_awardees.html
CO,68,Salud Family Health,8417247,FQHC_OR_RHC,No,"HCPF RHTP award line, announced 2026-09-28 ('organizations selected to receive funding').",Yes,Yes,FY2026 (Year 1),"HCPF, About our RHTP Awardees (Our Awardees), read 2026-10-01",https://hcpf.colorado.gov/RHTP-awardees,AGENCY_PRESS_RELEASE,DIRECT_TEXT,R/03bo_co_year1_awardees.R,,,,,"Colorado RHTP subrecipient grants, round announced 2026-09-28",,"TYPED (session 82, FEDERAL RECORD): EXACT federal record: CMS CO FQHC Enrollment carries this string (or its dba) as an ORGANIZATION NAME or DBA at CCNs 061009/061011/061030/061808/061809/061810/061811/061813/061843/061864/061869/061870/061967/061980. Classifier said NONPROFIT_CBO/LOW.",MEDIUM,,Budget Period 1,NON_HOSPITAL,Unclear,NOT_HOSPITAL,,§10.2 NON_HOSPITAL: EXACT federal record: CMS CO FQHC Enrollment carries this string (or its dba) as an ORGANIZATION NAME or DBA at CCNs 061009/061011/061030/061808/061809/061810/061811/061813/061843/061864/061869/061870/061967/061980.,"The line's own amount on HCPF's awardee page, exact. THE PAGE PRINTS NO TOTAL: its 92 lines sum to $170,210,575.26, against HCPF's release figure of $169,587,181 ($623,394.26 apart). Neither is adjusted here; see co_year1_status.csv.",ORG_WEBSITE,,2026-09-28,data/evidence/CO/2026-10-01_hcpf_rhtp_awardees.html
CO,69,Sedgwick County Memorial Hospital (DBA Sedgwick County Health Center),3065779,HOSPITAL_OR_SYSTEM,Yes,"HCPF RHTP award line, announced 2026-09-28 ('organizations selected to receive funding').",Yes,Yes,FY2026 (Year 1),"HCPF, About our RHTP Awardees (Our Awardees), read 2026-10-01",https://hcpf.colorado.gov/RHTP-awardees,AGENCY_PRESS_RELEASE,DIRECT_TEXT,R/03bo_co_year1_awardees.R,061310,,,,"Colorado RHTP subrecipient grants, round announced 2026-09-28",,"TYPED (session 82, FEDERAL RECORD): EXACT federal record: CMS CO Hospital Enrollment carries this string (or its dba) as an ORGANIZATION NAME or DBA at CCN 061310; its RHC/FQHC records are the same legal entity's. Classifier said HOSPITAL_OR_SYSTEM/HIGH.",MEDIUM,,Budget Period 1,DIRECT,Yes,NAMED_HOSPITAL,,§10.2 DIRECT: EXACT federal record: CMS CO Hospital Enrollment carries this string (or its dba) as an ORGANIZATION NAME or DBA at CCN 061310; its RHC/FQHC records are the same legal entity's. §0.3a: the recipient is a hospital whatever the activity.,"The line's own amount on HCPF's awardee page, exact. THE PAGE PRINTS NO TOTAL: its 92 lines sum to $170,210,575.26, against HCPF's release figure of $169,587,181 ($623,394.26 apart). Neither is adjusted here; see co_year1_status.csv.",ORG_WEBSITE,,2026-09-28,data/evidence/CO/2026-10-01_hcpf_rhtp_awardees.html
CO,70,Southeast Colorado Hospital District,237015,HOSPITAL_OR_SYSTEM,Yes,"HCPF RHTP award line, announced 2026-09-28 ('organizations selected to receive funding').",Yes,Yes,FY2026 (Year 1),"HCPF, About our RHTP Awardees (Our Awardees), read 2026-10-01",https://hcpf.colorado.gov/RHTP-awardees,AGENCY_PRESS_RELEASE,DIRECT_TEXT,R/03bo_co_year1_awardees.R,061311,,,,"Colorado RHTP subrecipient grants, round announced 2026-09-28",,"TYPED (session 82, FEDERAL RECORD): EXACT federal record: CMS CO Hospital Enrollment carries this string (or its dba) as an ORGANIZATION NAME or DBA at CCN 061311; its RHC/FQHC records are the same legal entity's. Classifier said HOSPITAL_OR_SYSTEM/HIGH.",MEDIUM,,Budget Period 1,DIRECT,Yes,NAMED_HOSPITAL,,§10.2 DIRECT: EXACT federal record: CMS CO Hospital Enrollment carries this string (or its dba) as an ORGANIZATION NAME or DBA at CCN 061311; its RHC/FQHC records are the same legal entity's. §0.3a: the recipient is a hospital whatever the activity.,"The line's own amount on HCPF's awardee page, exact. THE PAGE PRINTS NO TOTAL: its 92 lines sum to $170,210,575.26, against HCPF's release figure of $169,587,181 ($623,394.26 apart). Neither is adjusted here; see co_year1_status.csv.",ORG_WEBSITE,,2026-09-28,data/evidence/CO/2026-10-01_hcpf_rhtp_awardees.html
CO,71,"Southwest Health System, Inc.",1150707,HOSPITAL_OR_SYSTEM,Yes,"HCPF RHTP award line, announced 2026-09-28 ('organizations selected to receive funding').",Yes,Yes,FY2026 (Year 1),"HCPF, About our RHTP Awardees (Our Awardees), read 2026-10-01",https://hcpf.colorado.gov/RHTP-awardees,AGENCY_PRESS_RELEASE,DIRECT_TEXT,R/03bo_co_year1_awardees.R,061327,,,,"Colorado RHTP subrecipient grants, round announced 2026-09-28",,"TYPED (session 82, FEDERAL RECORD): EXACT federal record: CMS CO Hospital Enrollment carries this string (or its dba) as an ORGANIZATION NAME or DBA at CCN 061327; its RHC/FQHC records are the same legal entity's. Classifier said HOSPITAL_OR_SYSTEM/MEDIUM.",MEDIUM,,Budget Period 1,DIRECT,Yes,NAMED_HOSPITAL,,§10.2 DIRECT: EXACT federal record: CMS CO Hospital Enrollment carries this string (or its dba) as an ORGANIZATION NAME or DBA at CCN 061327; its RHC/FQHC records are the same legal entity's. §0.3a: the recipient is a hospital whatever the activity.,"The line's own amount on HCPF's awardee page, exact. THE PAGE PRINTS NO TOTAL: its 92 lines sum to $170,210,575.26, against HCPF's release figure of $169,587,181 ($623,394.26 apart). Neither is adjusted here; see co_year1_status.csv.",ORG_WEBSITE,,2026-09-28,data/evidence/CO/2026-10-01_hcpf_rhtp_awardees.html
CO,72,St. Vincent General Hospital District,2094405,HOSPITAL_OR_SYSTEM,Yes,"HCPF RHTP award line, announced 2026-09-28 ('organizations selected to receive funding').",Yes,Yes,FY2026 (Year 1),"HCPF, About our RHTP Awardees (Our Awardees), read 2026-10-01",https://hcpf.colorado.gov/RHTP-awardees,AGENCY_PRESS_RELEASE,DIRECT_TEXT,R/03bo_co_year1_awardees.R,061319,,,,"Colorado RHTP subrecipient grants, round announced 2026-09-28",,"TYPED (session 82, FEDERAL RECORD): EXACT federal record: CMS CO Hospital Enrollment carries this string (or its dba) as an ORGANIZATION NAME or DBA at CCN 061319; its RHC/FQHC records are the same legal entity's. Classifier said HOSPITAL_OR_SYSTEM/HIGH.",MEDIUM,,Budget Period 1,DIRECT,Yes,NAMED_HOSPITAL,,§10.2 DIRECT: EXACT federal record: CMS CO Hospital Enrollment carries this string (or its dba) as an ORGANIZATION NAME or DBA at CCN 061319; its RHC/FQHC records are the same legal entity's. §0.3a: the recipient is a hospital whatever the activity.,"The line's own amount on HCPF's awardee page, exact. THE PAGE PRINTS NO TOTAL: its 92 lines sum to $170,210,575.26, against HCPF's release figure of $169,587,181 ($623,394.26 apart). Neither is adjusted here; see co_year1_status.csv.",ORG_WEBSITE,,2026-09-28,data/evidence/CO/2026-10-01_hcpf_rhtp_awardees.html
CO,73,"Summit Community Care Clinic Inc., dba Elevated Community Health",3378387,FQHC_OR_RHC,No,"HCPF RHTP award line, announced 2026-09-28 ('organizations selected to receive funding').",Yes,Yes,FY2026 (Year 1),"HCPF, About our RHTP Awardees (Our Awardees), read 2026-10-01",https://hcpf.colorado.gov/RHTP-awardees,AGENCY_PRESS_RELEASE,DIRECT_TEXT,R/03bo_co_year1_awardees.R,,,,,"Colorado RHTP subrecipient grants, round announced 2026-09-28",,"TYPED (session 82, FEDERAL RECORD): EXACT federal record: CMS CO FQHC Enrollment carries this string (or its dba) as an ORGANIZATION NAME or DBA at CCNs 061068/061077/061923/061957/061958/061959/061960/061964. Classifier said NONPROFIT_CBO/LOW.",MEDIUM,,Budget Period 1,NON_HOSPITAL,Unclear,NOT_HOSPITAL,,§10.2 NON_HOSPITAL: EXACT federal record: CMS CO FQHC Enrollment carries this string (or its dba) as an ORGANIZATION NAME or DBA at CCNs 061068/061077/061923/061957/061958/061959/061960/061964.,"The line's own amount on HCPF's awardee page, exact. THE PAGE PRINTS NO TOTAL: its 92 lines sum to $170,210,575.26, against HCPF's release figure of $169,587,181 ($623,394.26 apart). Neither is adjusted here; see co_year1_status.csv.",ORG_WEBSITE,,2026-09-28,data/evidence/CO/2026-10-01_hcpf_rhtp_awardees.html
CO,74,Summit Urgent Care at Dillon,72386,NONPROFIT_CBO,No,"HCPF RHTP award line, announced 2026-09-28 ('organizations selected to receive funding').",Yes,Yes,FY2026 (Year 1),"HCPF, About our RHTP Awardees (Our Awardees), read 2026-10-01",https://hcpf.colorado.gov/RHTP-awardees,AGENCY_PRESS_RELEASE,DIRECT_TEXT,R/03bo_co_year1_awardees.R,,,,,"Colorado RHTP subrecipient grants, round announced 2026-09-28",,"TYPED (session 82, FALLBACK): The source states no form and no CMS CO Hospital, FQHC or RHC enrolment carries the string (§8's standing fallback, RECIPIENT_TYPE_INFERRED); queued as CO_RECIPIENT_FORM_NOT_STATED. Classifier said NONPROFIT_CBO/LOW.",LOW,RECIPIENT_TYPE_INFERRED,Budget Period 1,NON_HOSPITAL,Unclear,NOT_HOSPITAL,,"§10.2 NON_HOSPITAL: The source states no form and no CMS CO Hospital, FQHC or RHC enrolment carries the string (§8's standing fallback, RECIPIENT_TYPE_INFERRED); queued as CO_RECIPIENT_FORM_NOT_STATED.","The line's own amount on HCPF's awardee page, exact. THE PAGE PRINTS NO TOTAL: its 92 lines sum to $170,210,575.26, against HCPF's release figure of $169,587,181 ($623,394.26 apart). Neither is adjusted here; see co_year1_status.csv.",,,2026-09-28,data/evidence/CO/2026-10-01_hcpf_rhtp_awardees.html
CO,75,Telluride Regional Medical Center,443462,NONPROFIT_CBO,No,"HCPF RHTP award line, announced 2026-09-28 ('organizations selected to receive funding').",Yes,Yes,FY2026 (Year 1),"HCPF, About our RHTP Awardees (Our Awardees), read 2026-10-01",https://hcpf.colorado.gov/RHTP-awardees,AGENCY_PRESS_RELEASE,DIRECT_TEXT,R/03bo_co_year1_awardees.R,,,,,"Colorado RHTP subrecipient grants, round announced 2026-09-28",,"TYPED (session 82, HAND-READ): 'MEDICAL CENTER' IS A NAME, NOT AN ENROLMENT: no CMS CO Hospital, FQHC or RHC Enrollment record under this name. §8's standing fallback, NOT promoted (§0.4). Queued. Classifier said HOSPITAL_OR_SYSTEM/HIGH.",LOW,RECIPIENT_TYPE_INFERRED,Budget Period 1,NON_HOSPITAL,Unclear,NOT_HOSPITAL,,"§10.2 NON_HOSPITAL: 'MEDICAL CENTER' IS A NAME, NOT AN ENROLMENT: no CMS CO Hospital, FQHC or RHC Enrollment record under this name. §8's standing fallback, NOT promoted (§0.4). Queued.","The line's own amount on HCPF's awardee page, exact. THE PAGE PRINTS NO TOTAL: its 92 lines sum to $170,210,575.26, against HCPF's release figure of $169,587,181 ($623,394.26 apart). Neither is adjusted here; see co_year1_status.csv.",,,2026-09-28,data/evidence/CO/2026-10-01_hcpf_rhtp_awardees.html
CO,76,The Memorial Hospital (dba Memorial Regional Health),2180298,HOSPITAL_OR_SYSTEM,Yes,"HCPF RHTP award line, announced 2026-09-28 ('organizations selected to receive funding').",Yes,Yes,FY2026 (Year 1),"HCPF, About our RHTP Awardees (Our Awardees), read 2026-10-01",https://hcpf.colorado.gov/RHTP-awardees,AGENCY_PRESS_RELEASE,DIRECT_TEXT,R/03bo_co_year1_awardees.R,061314,,,,"Colorado RHTP subrecipient grants, round announced 2026-09-28",,"TYPED (session 82, FEDERAL RECORD): EXACT federal record: CMS CO Hospital Enrollment carries this string (or its dba) as an ORGANIZATION NAME or DBA at CCN 061314; its RHC/FQHC records are the same legal entity's. Classifier said HOSPITAL_OR_SYSTEM/HIGH.",MEDIUM,,Budget Period 1,DIRECT,Yes,NAMED_HOSPITAL,,§10.2 DIRECT: EXACT federal record: CMS CO Hospital Enrollment carries this string (or its dba) as an ORGANIZATION NAME or DBA at CCN 061314; its RHC/FQHC records are the same legal entity's. §0.3a: the recipient is a hospital whatever the activity.,"The line's own amount on HCPF's awardee page, exact. THE PAGE PRINTS NO TOTAL: its 92 lines sum to $170,210,575.26, against HCPF's release figure of $169,587,181 ($623,394.26 apart). Neither is adjusted here; see co_year1_status.csv.",ORG_WEBSITE,,2026-09-28,data/evidence/CO/2026-10-01_hcpf_rhtp_awardees.html
CO,77,Trinidad Area Health Association dba Mt. San Rafael Hospital,1315001,HOSPITAL_OR_SYSTEM,Yes,"HCPF RHTP award line, announced 2026-09-28 ('organizations selected to receive funding').",Yes,Yes,FY2026 (Year 1),"HCPF, About our RHTP Awardees (Our Awardees), read 2026-10-01",https://hcpf.colorado.gov/RHTP-awardees,AGENCY_PRESS_RELEASE,DIRECT_TEXT,R/03bo_co_year1_awardees.R,061321,,,,"Colorado RHTP subrecipient grants, round announced 2026-09-28",,"TYPED (session 82, FEDERAL RECORD): EXACT federal record: CMS CO Hospital Enrollment carries this string (or its dba) as an ORGANIZATION NAME or DBA at CCN 061321; its RHC/FQHC records are the same legal entity's. Classifier said HOSPITAL_OR_SYSTEM/HIGH.",MEDIUM,,Budget Period 1,DIRECT,Yes,NAMED_HOSPITAL,,§10.2 DIRECT: EXACT federal record: CMS CO Hospital Enrollment carries this string (or its dba) as an ORGANIZATION NAME or DBA at CCN 061321; its RHC/FQHC records are the same legal entity's. §0.3a: the recipient is a hospital whatever the activity.,"The line's own amount on HCPF's awardee page, exact. THE PAGE PRINTS NO TOTAL: its 92 lines sum to $170,210,575.26, against HCPF's release figure of $169,587,181 ($623,394.26 apart). Neither is adjusted here; see co_year1_status.csv.",ORG_WEBSITE,,2026-09-28,data/evidence/CO/2026-10-01_hcpf_rhtp_awardees.html
CO,78,Upper Arkansas Council of Governments,780310,LOCAL_GOVT_OR_PUBLIC_HEALTH,No,"HCPF RHTP award line, announced 2026-09-28 ('organizations selected to receive funding').",Yes,Yes,FY2026 (Year 1),"HCPF, About our RHTP Awardees (Our Awardees), read 2026-10-01",https://hcpf.colorado.gov/RHTP-awardees,AGENCY_PRESS_RELEASE,DIRECT_TEXT,R/03bo_co_year1_awardees.R,,,,,"Colorado RHTP subrecipient grants, round announced 2026-09-28",,"TYPED (session 82, HAND-READ): A regional council of governments; the form is in the state's own string. Classifier said NONPROFIT_CBO/LOW.",MEDIUM,,Budget Period 1,NON_HOSPITAL,Unclear,NOT_HOSPITAL,,§10.2 NON_HOSPITAL: A regional council of governments; the form is in the state's own string.,"The line's own amount on HCPF's awardee page, exact. THE PAGE PRINTS NO TOTAL: its 92 lines sum to $170,210,575.26, against HCPF's release figure of $169,587,181 ($623,394.26 apart). Neither is adjusted here; see co_year1_status.csv.",STATE_SOURCE,,2026-09-28,data/evidence/CO/2026-10-01_hcpf_rhtp_awardees.html
CO,79,Upper San Juan Health Service District d/b/a Pagosa Springs Medical Center (PSMC),4201527,HOSPITAL_OR_SYSTEM,Yes,"HCPF RHTP award line, announced 2026-09-28 ('organizations selected to receive funding').",Yes,Yes,FY2026 (Year 1),"HCPF, About our RHTP Awardees (Our Awardees), read 2026-10-01",https://hcpf.colorado.gov/RHTP-awardees,AGENCY_PRESS_RELEASE,DIRECT_TEXT,R/03bo_co_year1_awardees.R,061328,,,,"Colorado RHTP subrecipient grants, round announced 2026-09-28",,"TYPED (session 82, FEDERAL RECORD): EXACT federal record: CMS CO Hospital Enrollment carries this string (or its dba) as an ORGANIZATION NAME or DBA at CCN 061328; its RHC/FQHC records are the same legal entity's. Classifier said HOSPITAL_OR_SYSTEM/HIGH.",MEDIUM,,Budget Period 1,DIRECT,Yes,NAMED_HOSPITAL,,§10.2 DIRECT: EXACT federal record: CMS CO Hospital Enrollment carries this string (or its dba) as an ORGANIZATION NAME or DBA at CCN 061328; its RHC/FQHC records are the same legal entity's. §0.3a: the recipient is a hospital whatever the activity.,"The line's own amount on HCPF's awardee page, exact. THE PAGE PRINTS NO TOTAL: its 92 lines sum to $170,210,575.26, against HCPF's release figure of $169,587,181 ($623,394.26 apart). Neither is adjusted here; see co_year1_status.csv.",ORG_WEBSITE,,2026-09-28,data/evidence/CO/2026-10-01_hcpf_rhtp_awardees.html
CO,80,Ute Pass Regional Health Services District,2508877,LOCAL_GOVT_OR_PUBLIC_HEALTH,No,"HCPF RHTP award line, announced 2026-09-28 ('organizations selected to receive funding').",Yes,Yes,FY2026 (Year 1),"HCPF, About our RHTP Awardees (Our Awardees), read 2026-10-01",https://hcpf.colorado.gov/RHTP-awardees,AGENCY_PRESS_RELEASE,DIRECT_TEXT,R/03bo_co_year1_awardees.R,,,,,"Colorado RHTP subrecipient grants, round announced 2026-09-28",,"TYPED (session 82, HAND-READ): A Colorado health-services special district with no CMS hospital, FQHC or RHC enrolment. A local government; not a hospital on any record. Classifier said NONPROFIT_CBO/LOW.",LOW,,Budget Period 1,NON_HOSPITAL,Unclear,NOT_HOSPITAL,,"§10.2 NON_HOSPITAL: A Colorado health-services special district with no CMS hospital, FQHC or RHC enrolment. A local government; not a hospital on any record.","The line's own amount on HCPF's awardee page, exact. THE PAGE PRINTS NO TOTAL: its 92 lines sum to $170,210,575.26, against HCPF's release figure of $169,587,181 ($623,394.26 apart). Neither is adjusted here; see co_year1_status.csv.",GENERAL_KNOWLEDGE,,2026-09-28,data/evidence/CO/2026-10-01_hcpf_rhtp_awardees.html
CO,81,"Vail Clinic, Inc. d/b/a Vail Health Hospital",658490,HOSPITAL_OR_SYSTEM,Yes,"HCPF RHTP award line, announced 2026-09-28 ('organizations selected to receive funding').",Yes,Yes,FY2026 (Year 1),"HCPF, About our RHTP Awardees (Our Awardees), read 2026-10-01",https://hcpf.colorado.gov/RHTP-awardees,AGENCY_PRESS_RELEASE,DIRECT_TEXT,R/03bo_co_year1_awardees.R,060096,,,,"Colorado RHTP subrecipient grants, round announced 2026-09-28",,"TYPED (session 82, FEDERAL RECORD): EXACT federal record: CMS CO Hospital Enrollment carries this string (or its dba) as an ORGANIZATION NAME or DBA at CCN 060096. Classifier said HOSPITAL_OR_SYSTEM/HIGH.",MEDIUM,,Budget Period 1,DIRECT,Yes,NAMED_HOSPITAL,,§10.2 DIRECT: EXACT federal record: CMS CO Hospital Enrollment carries this string (or its dba) as an ORGANIZATION NAME or DBA at CCN 060096. §0.3a: the recipient is a hospital whatever the activity.,"The line's own amount on HCPF's awardee page, exact. THE PAGE PRINTS NO TOTAL: its 92 lines sum to $170,210,575.26, against HCPF's release figure of $169,587,181 ($623,394.26 apart). Neither is adjusted here; see co_year1_status.csv.",ORG_WEBSITE,,2026-09-28,data/evidence/CO/2026-10-01_hcpf_rhtp_awardees.html
CO,82,Valley Citizens' Foundation for Health Care Inc.,1683611,HOSPITAL_OR_SYSTEM,Yes,"HCPF RHTP award line, announced 2026-09-28 ('organizations selected to receive funding').",Yes,Yes,FY2026 (Year 1),"HCPF, About our RHTP Awardees (Our Awardees), read 2026-10-01",https://hcpf.colorado.gov/RHTP-awardees,AGENCY_PRESS_RELEASE,DIRECT_TEXT,R/03bo_co_year1_awardees.R,061301,,,,"Colorado RHTP subrecipient grants, round announced 2026-09-28",,"TYPED (session 82, FEDERAL RECORD): EXACT federal record: CMS CO Hospital Enrollment carries this string (or its dba) as an ORGANIZATION NAME or DBA at CCN 061301; its RHC/FQHC records are the same legal entity's. Classifier said NONPROFIT_CBO/LOW.",MEDIUM,,Budget Period 1,DIRECT,Yes,NAMED_HOSPITAL,,§10.2 DIRECT: EXACT federal record: CMS CO Hospital Enrollment carries this string (or its dba) as an ORGANIZATION NAME or DBA at CCN 061301; its RHC/FQHC records are the same legal entity's. §0.3a: the recipient is a hospital whatever the activity.,"The line's own amount on HCPF's awardee page, exact. THE PAGE PRINTS NO TOTAL: its 92 lines sum to $170,210,575.26, against HCPF's release figure of $169,587,181 ($623,394.26 apart). Neither is adjusted here; see co_year1_status.csv.",ORG_WEBSITE,,2026-09-28,data/evidence/CO/2026-10-01_hcpf_rhtp_awardees.html
CO,83,Valley View Hospital Association,2893793,HOSPITAL_OR_SYSTEM,Yes,"HCPF RHTP award line, announced 2026-09-28 ('organizations selected to receive funding').",Yes,Yes,FY2026 (Year 1),"HCPF, About our RHTP Awardees (Our Awardees), read 2026-10-01",https://hcpf.colorado.gov/RHTP-awardees,AGENCY_PRESS_RELEASE,DIRECT_TEXT,R/03bo_co_year1_awardees.R,060075,,,,"Colorado RHTP subrecipient grants, round announced 2026-09-28",,"TYPED (session 82, FEDERAL RECORD): EXACT federal record: CMS CO Hospital Enrollment carries this string (or its dba) as an ORGANIZATION NAME or DBA at CCN 060075. Classifier said HOSPITAL_OR_SYSTEM/HIGH.",MEDIUM,,Budget Period 1,DIRECT,Yes,NAMED_HOSPITAL,,§10.2 DIRECT: EXACT federal record: CMS CO Hospital Enrollment carries this string (or its dba) as an ORGANIZATION NAME or DBA at CCN 060075. §0.3a: the recipient is a hospital whatever the activity.,"The line's own amount on HCPF's awardee page, exact. THE PAGE PRINTS NO TOTAL: its 92 lines sum to $170,210,575.26, against HCPF's release figure of $169,587,181 ($623,394.26 apart). Neither is adjusted here; see co_year1_status.csv.",ORG_WEBSITE,,2026-09-28,data/evidence/CO/2026-10-01_hcpf_rhtp_awardees.html
CO,84,"Valley-Wide Health Systems, Inc",6389468,FQHC_OR_RHC,No,"HCPF RHTP award line, announced 2026-09-28 ('organizations selected to receive funding').",Yes,Yes,FY2026 (Year 1),"HCPF, About our RHTP Awardees (Our Awardees), read 2026-10-01",https://hcpf.colorado.gov/RHTP-awardees,AGENCY_PRESS_RELEASE,DIRECT_TEXT,R/03bo_co_year1_awardees.R,,,,,"Colorado RHTP subrecipient grants, round announced 2026-09-28",,"TYPED (session 82, FEDERAL RECORD): EXACT federal record: CMS CO FQHC Enrollment carries this string (or its dba) as an ORGANIZATION NAME or DBA at CCNs 061012/061017/061019/061024/061060/061061/061062/061063/061064/061065/061071/061072/061076/061083/061817/061818/061819/061820/061839/061853/061858/061859/061860/061896/061902/061974. Classifier said HOSPITAL_OR_SYSTEM/MEDIUM.",MEDIUM,,Budget Period 1,NON_HOSPITAL,Unclear,NOT_HOSPITAL,,§10.2 NON_HOSPITAL: EXACT federal record: CMS CO FQHC Enrollment carries this string (or its dba) as an ORGANIZATION NAME or DBA at CCNs 061012/061017/061019/061024/061060/061061/061062/061063/061064/061065/061071/061072/061076/061083/061817/061818/061819/061820/061839/061853/061858/061859/061860/061896/061902/061974.,"The line's own amount on HCPF's awardee page, exact. THE PAGE PRINTS NO TOTAL: its 92 lines sum to $170,210,575.26, against HCPF's release figure of $169,587,181 ($623,394.26 apart). Neither is adjusted here; see co_year1_status.csv.",ORG_WEBSITE,,2026-09-28,data/evidence/CO/2026-10-01_hcpf_rhtp_awardees.html
CO,85,"Valley-Wide Health Systems, Inc (SCHN)",1663689,FQHC_OR_RHC,No,"HCPF RHTP award line, announced 2026-09-28 ('organizations selected to receive funding').",Yes,Yes,FY2026 (Year 1),"HCPF, About our RHTP Awardees (Our Awardees), read 2026-10-01",https://hcpf.colorado.gov/RHTP-awardees,AGENCY_PRESS_RELEASE,DIRECT_TEXT,R/03bo_co_year1_awardees.R,,,,,"Colorado RHTP subrecipient grants, round announced 2026-09-28",,"TYPED (session 82, FEDERAL RECORD): EXACT federal record: CMS CO FQHC Enrollment carries this string (or its dba) as an ORGANIZATION NAME or DBA at CCNs 061012/061017/061019/061024/061060/061061/061062/061063/061064/061065/061071/061072/061076/061083/061817/061818/061819/061820/061839/061853/061858/061859/061860/061896/061902/061974. Classifier said HOSPITAL_OR_SYSTEM/MEDIUM.",MEDIUM,,Budget Period 1,NON_HOSPITAL,Unclear,NOT_HOSPITAL,,§10.2 NON_HOSPITAL: EXACT federal record: CMS CO FQHC Enrollment carries this string (or its dba) as an ORGANIZATION NAME or DBA at CCNs 061012/061017/061019/061024/061060/061061/061062/061063/061064/061065/061071/061072/061076/061083/061817/061818/061819/061820/061839/061853/061858/061859/061860/061896/061902/061974.,"The line's own amount on HCPF's awardee page, exact. THE PAGE PRINTS NO TOTAL: its 92 lines sum to $170,210,575.26, against HCPF's release figure of $169,587,181 ($623,394.26 apart). Neither is adjusted here; see co_year1_status.csv.",ORG_WEBSITE,,2026-09-28,data/evidence/CO/2026-10-01_hcpf_rhtp_awardees.html
CO,86,"VCPHCS XII, LLC",347267,NONPROFIT_CBO,No,"HCPF RHTP award line, announced 2026-09-28 ('organizations selected to receive funding').",Yes,Yes,FY2026 (Year 1),"HCPF, About our RHTP Awardees (Our Awardees), read 2026-10-01",https://hcpf.colorado.gov/RHTP-awardees,AGENCY_PRESS_RELEASE,DIRECT_TEXT,R/03bo_co_year1_awardees.R,,,,,"Colorado RHTP subrecipient grants, round announced 2026-09-28",,"TYPED (session 82, FALLBACK): The source states no form and no CMS CO Hospital, FQHC or RHC enrolment carries the string (§8's standing fallback, RECIPIENT_TYPE_INFERRED); queued as CO_RECIPIENT_FORM_NOT_STATED. Classifier said NONPROFIT_CBO/LOW.",LOW,RECIPIENT_TYPE_INFERRED,Budget Period 1,NON_HOSPITAL,Unclear,NOT_HOSPITAL,,"§10.2 NON_HOSPITAL: The source states no form and no CMS CO Hospital, FQHC or RHC enrolment carries the string (§8's standing fallback, RECIPIENT_TYPE_INFERRED); queued as CO_RECIPIENT_FORM_NOT_STATED.","The line's own amount on HCPF's awardee page, exact. THE PAGE PRINTS NO TOTAL: its 92 lines sum to $170,210,575.26, against HCPF's release figure of $169,587,181 ($623,394.26 apart). Neither is adjusted here; see co_year1_status.csv.",,,2026-09-28,data/evidence/CO/2026-10-01_hcpf_rhtp_awardees.html
CO,87,Walsh Hospital District,488364,LOCAL_GOVT_OR_PUBLIC_HEALTH,No,"HCPF RHTP award line, announced 2026-09-28 ('organizations selected to receive funding').",Yes,Yes,FY2026 (Year 1),"HCPF, About our RHTP Awardees (Our Awardees), read 2026-10-01",https://hcpf.colorado.gov/RHTP-awardees,AGENCY_PRESS_RELEASE,DIRECT_TEXT,R/03bo_co_year1_awardees.R,,,,,"Colorado RHTP subrecipient grants, round announced 2026-09-28",,"TYPED (session 82, HAND-READ): A HOSPITAL DISTRICT THAT IS NOT A HOSPITAL (§10.2, §0.4): no CMS CO Hospital Enrollment record. Its only federal record is an RHC, WALSH HOSPITAL DISTRICT HEALTHCARE CENTER dba WALSH MEDICAL CLINIC (063874). A Colorado special district is a local government; the name is not an enrolment. Queued. Classifier said HOSPITAL_OR_SYSTEM/HIGH.",LOW,,Budget Period 1,NON_HOSPITAL,Unclear,NOT_HOSPITAL,,"§10.2 NON_HOSPITAL: A HOSPITAL DISTRICT THAT IS NOT A HOSPITAL (§10.2, §0.4): no CMS CO Hospital Enrollment record. Its only federal record is an RHC, WALSH HOSPITAL DISTRICT HEALTHCARE CENTER dba WALSH MEDICAL CLINIC (063874). A Colorado special district is a local government; the name is not an enrolment. Queued.","The line's own amount on HCPF's awardee page, exact. THE PAGE PRINTS NO TOTAL: its 92 lines sum to $170,210,575.26, against HCPF's release figure of $169,587,181 ($623,394.26 apart). Neither is adjusted here; see co_year1_status.csv.",GENERAL_KNOWLEDGE,,2026-09-28,data/evidence/CO/2026-10-01_hcpf_rhtp_awardees.html
CO,88,"West Central Mental Health Center, Inc., dba Solvista Health",1389830,NONPROFIT_CBO,No,"HCPF RHTP award line, announced 2026-09-28 ('organizations selected to receive funding').",Yes,Yes,FY2026 (Year 1),"HCPF, About our RHTP Awardees (Our Awardees), read 2026-10-01",https://hcpf.colorado.gov/RHTP-awardees,AGENCY_PRESS_RELEASE,DIRECT_TEXT,R/03bo_co_year1_awardees.R,,,,,"Colorado RHTP subrecipient grants, round announced 2026-09-28",,"TYPED (session 82, FALLBACK): The source states no form and no CMS CO Hospital, FQHC or RHC enrolment carries the string (§8's standing fallback, RECIPIENT_TYPE_INFERRED); queued as CO_RECIPIENT_FORM_NOT_STATED. Classifier said NONPROFIT_CBO/LOW.",LOW,RECIPIENT_TYPE_INFERRED,Budget Period 1,NON_HOSPITAL,Unclear,NOT_HOSPITAL,,"§10.2 NON_HOSPITAL: The source states no form and no CMS CO Hospital, FQHC or RHC enrolment carries the string (§8's standing fallback, RECIPIENT_TYPE_INFERRED); queued as CO_RECIPIENT_FORM_NOT_STATED.","The line's own amount on HCPF's awardee page, exact. THE PAGE PRINTS NO TOTAL: its 92 lines sum to $170,210,575.26, against HCPF's release figure of $169,587,181 ($623,394.26 apart). Neither is adjusted here; see co_year1_status.csv.",,,2026-09-28,data/evidence/CO/2026-10-01_hcpf_rhtp_awardees.html
CO,89,West Custer County Hospital District,1051994,LOCAL_GOVT_OR_PUBLIC_HEALTH,No,"HCPF RHTP award line, announced 2026-09-28 ('organizations selected to receive funding').",Yes,Yes,FY2026 (Year 1),"HCPF, About our RHTP Awardees (Our Awardees), read 2026-10-01",https://hcpf.colorado.gov/RHTP-awardees,AGENCY_PRESS_RELEASE,DIRECT_TEXT,R/03bo_co_year1_awardees.R,,,,,"Colorado RHTP subrecipient grants, round announced 2026-09-28",,"TYPED (session 82, HAND-READ): A HOSPITAL DISTRICT THAT IS NOT A HOSPITAL (§10.2, §0.4): no CMS CO enrolment of any kind under this name. The Westcliffe clinic in its territory is enrolled under SALIDA HOSPITAL DISTRICT as CUSTER COUNTY HEALTH CENTER (RHC 063422). A special district, not a hospital. Queued. Classifier said HOSPITAL_OR_SYSTEM/HIGH.",LOW,,Budget Period 1,NON_HOSPITAL,Unclear,NOT_HOSPITAL,,"§10.2 NON_HOSPITAL: A HOSPITAL DISTRICT THAT IS NOT A HOSPITAL (§10.2, §0.4): no CMS CO enrolment of any kind under this name. The Westcliffe clinic in its territory is enrolled under SALIDA HOSPITAL DISTRICT as CUSTER COUNTY HEALTH CENTER (RHC 063422). A special district, not a hospital. Queued.","The line's own amount on HCPF's awardee page, exact. THE PAGE PRINTS NO TOTAL: its 92 lines sum to $170,210,575.26, against HCPF's release figure of $169,587,181 ($623,394.26 apart). Neither is adjusted here; see co_year1_status.csv.",GENERAL_KNOWLEDGE,,2026-09-28,data/evidence/CO/2026-10-01_hcpf_rhtp_awardees.html
CO,90,"Western Regional EMS Council Inc, DBA WRETAC",1392121,EMS_OR_PSAP,No,"HCPF RHTP award line, announced 2026-09-28 ('organizations selected to receive funding').",Yes,Yes,FY2026 (Year 1),"HCPF, About our RHTP Awardees (Our Awardees), read 2026-10-01",https://hcpf.colorado.gov/RHTP-awardees,AGENCY_PRESS_RELEASE,DIRECT_TEXT,R/03bo_co_year1_awardees.R,,,,,"Colorado RHTP subrecipient grants, round announced 2026-09-28",,"TYPED (session 82, HAND-READ): A regional EMS and trauma advisory council; EMS is in the state's own string. Classifier said EMS_OR_PSAP/HIGH.",MEDIUM,,Budget Period 1,NON_HOSPITAL,Unclear,NOT_HOSPITAL,,§10.2 NON_HOSPITAL: A regional EMS and trauma advisory council; EMS is in the state's own string.,"The line's own amount on HCPF's awardee page, exact. THE PAGE PRINTS NO TOTAL: its 92 lines sum to $170,210,575.26, against HCPF's release figure of $169,587,181 ($623,394.26 apart). Neither is adjusted here; see co_year1_status.csv.",STATE_SOURCE,,2026-09-28,data/evidence/CO/2026-10-01_hcpf_rhtp_awardees.html
CO,91,Wray Community District Hospital,4812762,HOSPITAL_OR_SYSTEM,Yes,"HCPF RHTP award line, announced 2026-09-28 ('organizations selected to receive funding').",Yes,Yes,FY2026 (Year 1),"HCPF, About our RHTP Awardees (Our Awardees), read 2026-10-01",https://hcpf.colorado.gov/RHTP-awardees,AGENCY_PRESS_RELEASE,DIRECT_TEXT,R/03bo_co_year1_awardees.R,061309,,,,"Colorado RHTP subrecipient grants, round announced 2026-09-28",,"TYPED (session 82, FEDERAL RECORD): EXACT federal record: CMS CO Hospital Enrollment carries this string (or its dba) as an ORGANIZATION NAME or DBA at CCN 061309; its RHC/FQHC records are the same legal entity's. Classifier said HOSPITAL_OR_SYSTEM/HIGH.",MEDIUM,,Budget Period 1,DIRECT,Yes,NAMED_HOSPITAL,,§10.2 DIRECT: EXACT federal record: CMS CO Hospital Enrollment carries this string (or its dba) as an ORGANIZATION NAME or DBA at CCN 061309; its RHC/FQHC records are the same legal entity's. §0.3a: the recipient is a hospital whatever the activity.,"The line's own amount on HCPF's awardee page, exact. THE PAGE PRINTS NO TOTAL: its 92 lines sum to $170,210,575.26, against HCPF's release figure of $169,587,181 ($623,394.26 apart). Neither is adjusted here; see co_year1_status.csv.",ORG_WEBSITE,,2026-09-28,data/evidence/CO/2026-10-01_hcpf_rhtp_awardees.html
CO,92,Yuma Hospital District dba Yuma District Hospital and Clinics,1301814,HOSPITAL_OR_SYSTEM,Yes,"HCPF RHTP award line, announced 2026-09-28 ('organizations selected to receive funding').",Yes,Yes,FY2026 (Year 1),"HCPF, About our RHTP Awardees (Our Awardees), read 2026-10-01",https://hcpf.colorado.gov/RHTP-awardees,AGENCY_PRESS_RELEASE,DIRECT_TEXT,R/03bo_co_year1_awardees.R,061315,,,,"Colorado RHTP subrecipient grants, round announced 2026-09-28",,"TYPED (session 82, HAND-READ): HAND-READ BRIDGE: CMS CO Hospital Enrollment carries YUMA DISTRICT HOSPITAL (CAH, CCN 061315). The dba adds 'and Clinics', so LOW. Classifier said HOSPITAL_OR_SYSTEM/HIGH.",LOW,,Budget Period 1,DIRECT,Yes,NAMED_HOSPITAL,,"§10.2 DIRECT: HAND-READ BRIDGE: CMS CO Hospital Enrollment carries YUMA DISTRICT HOSPITAL (CAH, CCN 061315). The dba adds 'and Clinics', so LOW. §0.3a: the recipient is a hospital whatever the activity.","The line's own amount on HCPF's awardee page, exact. THE PAGE PRINTS NO TOTAL: its 92 lines sum to $170,210,575.26, against HCPF's release figure of $169,587,181 ($623,394.26 apart). Neither is adjusted here; see co_year1_status.csv.",ORG_WEBSITE,,2026-09-28,data/evidence/CO/2026-10-01_hcpf_rhtp_awardees.html
