state,row_no,awardee,amount,recipient_type,distributed_to_hospital,note,recipient_confirmed,amount_confirmed,fiscal_year,source_document_title,state_source_url,validation_source_type,extraction_method,validator,ccn,aha_id,rural_designation,reviewer,recipient_type_source,determination_confidence,flag_reason,award_pool,budget_period,flow_type,hospital_benefiting,hospital_attribution,intermediary_name,determination_basis,amount_basis,county,provider_type,round_name,notice_date,source_archive_path,row_in_pool
IA,1,Adair County Memorial Hospital,,HOSPITAL_OR_SYSTEM,Yes,"Provider type: MD/DO. County: Adair. Published by Iowa HHS as a Notice of Intent to Award, linked from the ""Where to Find Funding Awardees"" section of its Healthy Hometowns page. THE NOTICE PUBLISHES NO AMOUNT FOR ANY RECIPIENT: the only dollar figure it carries is in its CMS financial-assistance footer, whose tier changes between Iowa's February and June notices (§0.2), so no figure is attributed to this row and none is divided (§6.2). It is an INTENT, in the notice's own words: ""this Notice does NOT constitute the formation of a contract ... The bidder shall not acquire any legal or equitable rights relative to the contract services until a contract is executed.""",Yes,No,2026,"Iowa HHS Notice of Intent to Award, RFP #PHTHORC26010 Best and Brightest - Rural Healthcare Workforce Recruitment",https://hhs.iowa.gov/media/18094/download?inline,NOTICE_OF_INTENT_TO_AWARD,PARSED_PDF_RUNS,R/03z_ia_year1_awardees.R,,,,,Recipient name rule: name states a hospital.,MEDIUM,AMOUNT_MISSING,PHTHORC26010,BP1 (12/29/2025 - 10/30/2026),DIRECT,Yes,NAMED_HOSPITAL,,Recipient name rule: name states a hospital. §10.2 DIRECT: the named recipient is a hospital or hospital system and the state's award document names both the recipient and the amount.,"Iowa publishes NO per-recipient amount. The notice's only dollar figure is its CMS footer, and that footer carries the RFP's pool in Iowa's Jan/Feb notices and the STATE ALLOTMENT in its June ones, so it is recorded per document in ia_notice_footers.csv and never attached to a recipient (§0.2, §6.2).",Adair,MD/DO,Best and Brightest - Rural Healthcare Workforce Recruitment,2026-01-30,data/evidence/IA/2026-01-30_ia_noia_phthorc26010_best_and_brightest_rural_healthcare_workforc.pdf,1
IA,2,Avera Holy Family Hospital,,HOSPITAL_OR_SYSTEM,Yes,"Provider type: Family Practice Physician (MD/DO). County: Emmet. Published by Iowa HHS as a Notice of Intent to Award, linked from the ""Where to Find Funding Awardees"" section of its Healthy Hometowns page. THE NOTICE PUBLISHES NO AMOUNT FOR ANY RECIPIENT: the only dollar figure it carries is in its CMS financial-assistance footer, whose tier changes between Iowa's February and June notices (§0.2), so no figure is attributed to this row and none is divided (§6.2). It is an INTENT, in the notice's own words: ""this Notice does NOT constitute the formation of a contract ... The bidder shall not acquire any legal or equitable rights relative to the contract services until a contract is executed.""",Yes,No,2026,"Iowa HHS Notice of Intent to Award, RFP #PHTHORC26010 Best and Brightest - Rural Healthcare Workforce Recruitment",https://hhs.iowa.gov/media/18094/download?inline,NOTICE_OF_INTENT_TO_AWARD,PARSED_PDF_RUNS,R/03z_ia_year1_awardees.R,,,,,Recipient name rule: name states a hospital.,MEDIUM,AMOUNT_MISSING,PHTHORC26010,BP1 (12/29/2025 - 10/30/2026),DIRECT,Yes,NAMED_HOSPITAL,,Recipient name rule: name states a hospital. §10.2 DIRECT: the named recipient is a hospital or hospital system and the state's award document names both the recipient and the amount.,"Iowa publishes NO per-recipient amount. The notice's only dollar figure is its CMS footer, and that footer carries the RFP's pool in Iowa's Jan/Feb notices and the STATE ALLOTMENT in its June ones, so it is recorded per document in ia_notice_footers.csv and never attached to a recipient (§0.2, §6.2).",Emmet,Family Practice Physician (MD/DO),Best and Brightest - Rural Healthcare Workforce Recruitment,2026-01-30,data/evidence/IA/2026-01-30_ia_noia_phthorc26010_best_and_brightest_rural_healthcare_workforc.pdf,2
IA,3,Avera Merrill Pioneer Hospital,,HOSPITAL_OR_SYSTEM,Yes,"Provider type: Family Practice Physician (MD/DO). County: Lyon. Published by Iowa HHS as a Notice of Intent to Award, linked from the ""Where to Find Funding Awardees"" section of its Healthy Hometowns page. THE NOTICE PUBLISHES NO AMOUNT FOR ANY RECIPIENT: the only dollar figure it carries is in its CMS financial-assistance footer, whose tier changes between Iowa's February and June notices (§0.2), so no figure is attributed to this row and none is divided (§6.2). It is an INTENT, in the notice's own words: ""this Notice does NOT constitute the formation of a contract ... The bidder shall not acquire any legal or equitable rights relative to the contract services until a contract is executed.""",Yes,No,2026,"Iowa HHS Notice of Intent to Award, RFP #PHTHORC26010 Best and Brightest - Rural Healthcare Workforce Recruitment",https://hhs.iowa.gov/media/18094/download?inline,NOTICE_OF_INTENT_TO_AWARD,PARSED_PDF_RUNS,R/03z_ia_year1_awardees.R,,,,,Recipient name rule: name states a hospital.,MEDIUM,AMOUNT_MISSING,PHTHORC26010,BP1 (12/29/2025 - 10/30/2026),DIRECT,Yes,NAMED_HOSPITAL,,Recipient name rule: name states a hospital. §10.2 DIRECT: the named recipient is a hospital or hospital system and the state's award document names both the recipient and the amount.,"Iowa publishes NO per-recipient amount. The notice's only dollar figure is its CMS footer, and that footer carries the RFP's pool in Iowa's Jan/Feb notices and the STATE ALLOTMENT in its June ones, so it is recorded per document in ia_notice_footers.csv and never attached to a recipient (§0.2, §6.2).",Lyon,Family Practice Physician (MD/DO),Best and Brightest - Rural Healthcare Workforce Recruitment,2026-01-30,data/evidence/IA/2026-01-30_ia_noia_phthorc26010_best_and_brightest_rural_healthcare_workforc.pdf,3
IA,4,Boone County Hospital,,HOSPITAL_OR_SYSTEM,Yes,"Provider type: Physician Assistant (PA). County: Boone. Published by Iowa HHS as a Notice of Intent to Award, linked from the ""Where to Find Funding Awardees"" section of its Healthy Hometowns page. THE NOTICE PUBLISHES NO AMOUNT FOR ANY RECIPIENT: the only dollar figure it carries is in its CMS financial-assistance footer, whose tier changes between Iowa's February and June notices (§0.2), so no figure is attributed to this row and none is divided (§6.2). It is an INTENT, in the notice's own words: ""this Notice does NOT constitute the formation of a contract ... The bidder shall not acquire any legal or equitable rights relative to the contract services until a contract is executed.""",Yes,No,2026,"Iowa HHS Notice of Intent to Award, RFP #PHTHORC26010 Best and Brightest - Rural Healthcare Workforce Recruitment",https://hhs.iowa.gov/media/18094/download?inline,NOTICE_OF_INTENT_TO_AWARD,PARSED_PDF_RUNS,R/03z_ia_year1_awardees.R,,,,,Recipient name rule: name states a hospital.,MEDIUM,AMOUNT_MISSING,PHTHORC26010,BP1 (12/29/2025 - 10/30/2026),DIRECT,Yes,NAMED_HOSPITAL,,Recipient name rule: name states a hospital. §10.2 DIRECT: the named recipient is a hospital or hospital system and the state's award document names both the recipient and the amount.,"Iowa publishes NO per-recipient amount. The notice's only dollar figure is its CMS footer, and that footer carries the RFP's pool in Iowa's Jan/Feb notices and the STATE ALLOTMENT in its June ones, so it is recorded per document in ia_notice_footers.csv and never attached to a recipient (§0.2, §6.2).",Boone,Physician Assistant (PA),Best and Brightest - Rural Healthcare Workforce Recruitment,2026-01-30,data/evidence/IA/2026-01-30_ia_noia_phthorc26010_best_and_brightest_rural_healthcare_workforc.pdf,4
IA,5,Boone County Hospital,,HOSPITAL_OR_SYSTEM,Yes,"Provider type: Primary Care Physician. County: Boone. Published by Iowa HHS as a Notice of Intent to Award, linked from the ""Where to Find Funding Awardees"" section of its Healthy Hometowns page. THE NOTICE PUBLISHES NO AMOUNT FOR ANY RECIPIENT: the only dollar figure it carries is in its CMS financial-assistance footer, whose tier changes between Iowa's February and June notices (§0.2), so no figure is attributed to this row and none is divided (§6.2). It is an INTENT, in the notice's own words: ""this Notice does NOT constitute the formation of a contract ... The bidder shall not acquire any legal or equitable rights relative to the contract services until a contract is executed.""",Yes,No,2026,"Iowa HHS Notice of Intent to Award, RFP #PHTHORC26010 Best and Brightest - Rural Healthcare Workforce Recruitment",https://hhs.iowa.gov/media/18094/download?inline,NOTICE_OF_INTENT_TO_AWARD,PARSED_PDF_RUNS,R/03z_ia_year1_awardees.R,,,,,Recipient name rule: name states a hospital.,MEDIUM,AMOUNT_MISSING,PHTHORC26010,BP1 (12/29/2025 - 10/30/2026),DIRECT,Yes,NAMED_HOSPITAL,,Recipient name rule: name states a hospital. §10.2 DIRECT: the named recipient is a hospital or hospital system and the state's award document names both the recipient and the amount.,"Iowa publishes NO per-recipient amount. The notice's only dollar figure is its CMS footer, and that footer carries the RFP's pool in Iowa's Jan/Feb notices and the STATE ALLOTMENT in its June ones, so it is recorded per document in ia_notice_footers.csv and never attached to a recipient (§0.2, §6.2).",Boone,Primary Care Physician,Best and Brightest - Rural Healthcare Workforce Recruitment,2026-01-30,data/evidence/IA/2026-01-30_ia_noia_phthorc26010_best_and_brightest_rural_healthcare_workforc.pdf,5
IA,6,Cass County Memorial Hospital DBA Cass Health,,HOSPITAL_OR_SYSTEM,Yes,"Provider type: Physician (MD or DO) or an Advanced Registered Nurse Practitioner (ARNP). County: Cass. Published by Iowa HHS as a Notice of Intent to Award, linked from the ""Where to Find Funding Awardees"" section of its Healthy Hometowns page. THE NOTICE PUBLISHES NO AMOUNT FOR ANY RECIPIENT: the only dollar figure it carries is in its CMS financial-assistance footer, whose tier changes between Iowa's February and June notices (§0.2), so no figure is attributed to this row and none is divided (§6.2). It is an INTENT, in the notice's own words: ""this Notice does NOT constitute the formation of a contract ... The bidder shall not acquire any legal or equitable rights relative to the contract services until a contract is executed.""",Yes,No,2026,"Iowa HHS Notice of Intent to Award, RFP #PHTHORC26010 Best and Brightest - Rural Healthcare Workforce Recruitment",https://hhs.iowa.gov/media/18094/download?inline,NOTICE_OF_INTENT_TO_AWARD,PARSED_PDF_RUNS,R/03z_ia_year1_awardees.R,,,,,Recipient name rule: name states a hospital.,MEDIUM,AMOUNT_MISSING,PHTHORC26010,BP1 (12/29/2025 - 10/30/2026),DIRECT,Yes,NAMED_HOSPITAL,,Recipient name rule: name states a hospital. §10.2 DIRECT: the named recipient is a hospital or hospital system and the state's award document names both the recipient and the amount.,"Iowa publishes NO per-recipient amount. The notice's only dollar figure is its CMS footer, and that footer carries the RFP's pool in Iowa's Jan/Feb notices and the STATE ALLOTMENT in its June ones, so it is recorded per document in ia_notice_footers.csv and never attached to a recipient (§0.2, §6.2).",Cass,Physician (MD or DO) or an Advanced Registered Nurse Practitioner (ARNP),Best and Brightest - Rural Healthcare Workforce Recruitment,2026-01-30,data/evidence/IA/2026-01-30_ia_noia_phthorc26010_best_and_brightest_rural_healthcare_workforc.pdf,6
IA,7,CHI Health Mercy Corning,,NONPROFIT_CBO,No,"Provider type: Internal Medicine Physician (MD/DO). County: Adams. Published by Iowa HHS as a Notice of Intent to Award, linked from the ""Where to Find Funding Awardees"" section of its Healthy Hometowns page. THE NOTICE PUBLISHES NO AMOUNT FOR ANY RECIPIENT: the only dollar figure it carries is in its CMS financial-assistance footer, whose tier changes between Iowa's February and June notices (§0.2), so no figure is attributed to this row and none is divided (§6.2). It is an INTENT, in the notice's own words: ""this Notice does NOT constitute the formation of a contract ... The bidder shall not acquire any legal or equitable rights relative to the contract services until a contract is executed.""",Yes,No,2026,"Iowa HHS Notice of Intent to Award, RFP #PHTHORC26010 Best and Brightest - Rural Healthcare Workforce Recruitment",https://hhs.iowa.gov/media/18094/download?inline,NOTICE_OF_INTENT_TO_AWARD,PARSED_PDF_RUNS,R/03z_ia_year1_awardees.R,,,,,Recipient is named but the source does not state its organisational form; §8 settled fallback (session 10).,LOW,AMOUNT_MISSING;RECIPIENT_TYPE_INFERRED,PHTHORC26010,BP1 (12/29/2025 - 10/30/2026),NON_HOSPITAL,No,NOT_HOSPITAL,,"Recipient is named but the source does not state its organisational form; §8 settled fallback (session 10). §10.2 NON_HOSPITAL: the named recipient is not a hospital (§0.3a -- judged on the recipient, not the activity), and the source does not mention hospitals anywhere in the funded work.","Iowa publishes NO per-recipient amount. The notice's only dollar figure is its CMS footer, and that footer carries the RFP's pool in Iowa's Jan/Feb notices and the STATE ALLOTMENT in its June ones, so it is recorded per document in ia_notice_footers.csv and never attached to a recipient (§0.2, §6.2).",Adams,Internal Medicine Physician (MD/DO),Best and Brightest - Rural Healthcare Workforce Recruitment,2026-01-30,data/evidence/IA/2026-01-30_ia_noia_phthorc26010_best_and_brightest_rural_healthcare_workforc.pdf,7
IA,8,CHI Health Mercy Corning,,NONPROFIT_CBO,No,"Provider type: RN. County: Adams. Published by Iowa HHS as a Notice of Intent to Award, linked from the ""Where to Find Funding Awardees"" section of its Healthy Hometowns page. THE NOTICE PUBLISHES NO AMOUNT FOR ANY RECIPIENT: the only dollar figure it carries is in its CMS financial-assistance footer, whose tier changes between Iowa's February and June notices (§0.2), so no figure is attributed to this row and none is divided (§6.2). It is an INTENT, in the notice's own words: ""this Notice does NOT constitute the formation of a contract ... The bidder shall not acquire any legal or equitable rights relative to the contract services until a contract is executed.""",Yes,No,2026,"Iowa HHS Notice of Intent to Award, RFP #PHTHORC26010 Best and Brightest - Rural Healthcare Workforce Recruitment",https://hhs.iowa.gov/media/18094/download?inline,NOTICE_OF_INTENT_TO_AWARD,PARSED_PDF_RUNS,R/03z_ia_year1_awardees.R,,,,,Recipient is named but the source does not state its organisational form; §8 settled fallback (session 10).,LOW,AMOUNT_MISSING;RECIPIENT_TYPE_INFERRED,PHTHORC26010,BP1 (12/29/2025 - 10/30/2026),NON_HOSPITAL,No,NOT_HOSPITAL,,"Recipient is named but the source does not state its organisational form; §8 settled fallback (session 10). §10.2 NON_HOSPITAL: the named recipient is not a hospital (§0.3a -- judged on the recipient, not the activity), and the source does not mention hospitals anywhere in the funded work.","Iowa publishes NO per-recipient amount. The notice's only dollar figure is its CMS footer, and that footer carries the RFP's pool in Iowa's Jan/Feb notices and the STATE ALLOTMENT in its June ones, so it is recorded per document in ia_notice_footers.csv and never attached to a recipient (§0.2, §6.2).",Adams,RN,Best and Brightest - Rural Healthcare Workforce Recruitment,2026-01-30,data/evidence/IA/2026-01-30_ia_noia_phthorc26010_best_and_brightest_rural_healthcare_workforc.pdf,8
IA,9,CHI Health Mercy Corning,,NONPROFIT_CBO,No,"Provider type: Registered Nurse (RN). County: Taylor. Published by Iowa HHS as a Notice of Intent to Award, linked from the ""Where to Find Funding Awardees"" section of its Healthy Hometowns page. THE NOTICE PUBLISHES NO AMOUNT FOR ANY RECIPIENT: the only dollar figure it carries is in its CMS financial-assistance footer, whose tier changes between Iowa's February and June notices (§0.2), so no figure is attributed to this row and none is divided (§6.2). It is an INTENT, in the notice's own words: ""this Notice does NOT constitute the formation of a contract ... The bidder shall not acquire any legal or equitable rights relative to the contract services until a contract is executed.""",Yes,No,2026,"Iowa HHS Notice of Intent to Award, RFP #PHTHORC26010 Best and Brightest - Rural Healthcare Workforce Recruitment",https://hhs.iowa.gov/media/18094/download?inline,NOTICE_OF_INTENT_TO_AWARD,PARSED_PDF_RUNS,R/03z_ia_year1_awardees.R,,,,,Recipient is named but the source does not state its organisational form; §8 settled fallback (session 10).,LOW,AMOUNT_MISSING;RECIPIENT_TYPE_INFERRED,PHTHORC26010,BP1 (12/29/2025 - 10/30/2026),NON_HOSPITAL,No,NOT_HOSPITAL,,"Recipient is named but the source does not state its organisational form; §8 settled fallback (session 10). §10.2 NON_HOSPITAL: the named recipient is not a hospital (§0.3a -- judged on the recipient, not the activity), and the source does not mention hospitals anywhere in the funded work.","Iowa publishes NO per-recipient amount. The notice's only dollar figure is its CMS footer, and that footer carries the RFP's pool in Iowa's Jan/Feb notices and the STATE ALLOTMENT in its June ones, so it is recorded per document in ia_notice_footers.csv and never attached to a recipient (§0.2, §6.2).",Taylor,Registered Nurse (RN),Best and Brightest - Rural Healthcare Workforce Recruitment,2026-01-30,data/evidence/IA/2026-01-30_ia_noia_phthorc26010_best_and_brightest_rural_healthcare_workforc.pdf,9
IA,10,CHI Health Missouri Valley,,NONPROFIT_CBO,No,"Provider type: Behavioral Health Nurse Practitioner (NP). County: Harrison. Published by Iowa HHS as a Notice of Intent to Award, linked from the ""Where to Find Funding Awardees"" section of its Healthy Hometowns page. THE NOTICE PUBLISHES NO AMOUNT FOR ANY RECIPIENT: the only dollar figure it carries is in its CMS financial-assistance footer, whose tier changes between Iowa's February and June notices (§0.2), so no figure is attributed to this row and none is divided (§6.2). It is an INTENT, in the notice's own words: ""this Notice does NOT constitute the formation of a contract ... The bidder shall not acquire any legal or equitable rights relative to the contract services until a contract is executed.""",Yes,No,2026,"Iowa HHS Notice of Intent to Award, RFP #PHTHORC26010 Best and Brightest - Rural Healthcare Workforce Recruitment",https://hhs.iowa.gov/media/18094/download?inline,NOTICE_OF_INTENT_TO_AWARD,PARSED_PDF_RUNS,R/03z_ia_year1_awardees.R,,,,,Recipient is named but the source does not state its organisational form; §8 settled fallback (session 10).,LOW,AMOUNT_MISSING;RECIPIENT_TYPE_INFERRED,PHTHORC26010,BP1 (12/29/2025 - 10/30/2026),NON_HOSPITAL,No,NOT_HOSPITAL,,"Recipient is named but the source does not state its organisational form; §8 settled fallback (session 10). §10.2 NON_HOSPITAL: the named recipient is not a hospital (§0.3a -- judged on the recipient, not the activity), and the source does not mention hospitals anywhere in the funded work.","Iowa publishes NO per-recipient amount. The notice's only dollar figure is its CMS footer, and that footer carries the RFP's pool in Iowa's Jan/Feb notices and the STATE ALLOTMENT in its June ones, so it is recorded per document in ia_notice_footers.csv and never attached to a recipient (§0.2, §6.2).",Harrison,Behavioral Health Nurse Practitioner (NP),Best and Brightest - Rural Healthcare Workforce Recruitment,2026-01-30,data/evidence/IA/2026-01-30_ia_noia_phthorc26010_best_and_brightest_rural_healthcare_workforc.pdf,10
IA,11,CHI Health Missouri Valley,,NONPROFIT_CBO,No,"Provider type: Clinical RN. County: Harrison. Published by Iowa HHS as a Notice of Intent to Award, linked from the ""Where to Find Funding Awardees"" section of its Healthy Hometowns page. THE NOTICE PUBLISHES NO AMOUNT FOR ANY RECIPIENT: the only dollar figure it carries is in its CMS financial-assistance footer, whose tier changes between Iowa's February and June notices (§0.2), so no figure is attributed to this row and none is divided (§6.2). It is an INTENT, in the notice's own words: ""this Notice does NOT constitute the formation of a contract ... The bidder shall not acquire any legal or equitable rights relative to the contract services until a contract is executed.""",Yes,No,2026,"Iowa HHS Notice of Intent to Award, RFP #PHTHORC26010 Best and Brightest - Rural Healthcare Workforce Recruitment",https://hhs.iowa.gov/media/18094/download?inline,NOTICE_OF_INTENT_TO_AWARD,PARSED_PDF_RUNS,R/03z_ia_year1_awardees.R,,,,,Recipient is named but the source does not state its organisational form; §8 settled fallback (session 10).,LOW,AMOUNT_MISSING;RECIPIENT_TYPE_INFERRED,PHTHORC26010,BP1 (12/29/2025 - 10/30/2026),NON_HOSPITAL,No,NOT_HOSPITAL,,"Recipient is named but the source does not state its organisational form; §8 settled fallback (session 10). §10.2 NON_HOSPITAL: the named recipient is not a hospital (§0.3a -- judged on the recipient, not the activity), and the source does not mention hospitals anywhere in the funded work.","Iowa publishes NO per-recipient amount. The notice's only dollar figure is its CMS footer, and that footer carries the RFP's pool in Iowa's Jan/Feb notices and the STATE ALLOTMENT in its June ones, so it is recorded per document in ia_notice_footers.csv and never attached to a recipient (§0.2, §6.2).",Harrison,Clinical RN,Best and Brightest - Rural Healthcare Workforce Recruitment,2026-01-30,data/evidence/IA/2026-01-30_ia_noia_phthorc26010_best_and_brightest_rural_healthcare_workforc.pdf,11
IA,12,Clarke County Hospital,,HOSPITAL_OR_SYSTEM,Yes,"Provider type: MD/DO. County: Clarke. Published by Iowa HHS as a Notice of Intent to Award, linked from the ""Where to Find Funding Awardees"" section of its Healthy Hometowns page. THE NOTICE PUBLISHES NO AMOUNT FOR ANY RECIPIENT: the only dollar figure it carries is in its CMS financial-assistance footer, whose tier changes between Iowa's February and June notices (§0.2), so no figure is attributed to this row and none is divided (§6.2). It is an INTENT, in the notice's own words: ""this Notice does NOT constitute the formation of a contract ... The bidder shall not acquire any legal or equitable rights relative to the contract services until a contract is executed.""",Yes,No,2026,"Iowa HHS Notice of Intent to Award, RFP #PHTHORC26010 Best and Brightest - Rural Healthcare Workforce Recruitment",https://hhs.iowa.gov/media/18094/download?inline,NOTICE_OF_INTENT_TO_AWARD,PARSED_PDF_RUNS,R/03z_ia_year1_awardees.R,,,,,Recipient name rule: name states a hospital.,MEDIUM,AMOUNT_MISSING,PHTHORC26010,BP1 (12/29/2025 - 10/30/2026),DIRECT,Yes,NAMED_HOSPITAL,,Recipient name rule: name states a hospital. §10.2 DIRECT: the named recipient is a hospital or hospital system and the state's award document names both the recipient and the amount.,"Iowa publishes NO per-recipient amount. The notice's only dollar figure is its CMS footer, and that footer carries the RFP's pool in Iowa's Jan/Feb notices and the STATE ALLOTMENT in its June ones, so it is recorded per document in ia_notice_footers.csv and never attached to a recipient (§0.2, §6.2).",Clarke,MD/DO,Best and Brightest - Rural Healthcare Workforce Recruitment,2026-01-30,data/evidence/IA/2026-01-30_ia_noia_phthorc26010_best_and_brightest_rural_healthcare_workforc.pdf,12
IA,13,"Community Health Care, Inc.",,NONPROFIT_CBO,No,"Provider type: Family Medicine Nurse Practitioner. County: Muscatine. Published by Iowa HHS as a Notice of Intent to Award, linked from the ""Where to Find Funding Awardees"" section of its Healthy Hometowns page. THE NOTICE PUBLISHES NO AMOUNT FOR ANY RECIPIENT: the only dollar figure it carries is in its CMS financial-assistance footer, whose tier changes between Iowa's February and June notices (§0.2), so no figure is attributed to this row and none is divided (§6.2). It is an INTENT, in the notice's own words: ""this Notice does NOT constitute the formation of a contract ... The bidder shall not acquire any legal or equitable rights relative to the contract services until a contract is executed.""",Yes,No,2026,"Iowa HHS Notice of Intent to Award, RFP #PHTHORC26010 Best and Brightest - Rural Healthcare Workforce Recruitment",https://hhs.iowa.gov/media/18094/download?inline,NOTICE_OF_INTENT_TO_AWARD,PARSED_PDF_RUNS,R/03z_ia_year1_awardees.R,,,,,Recipient is named but the source does not state its organisational form; §8 settled fallback (session 10).,LOW,AMOUNT_MISSING;RECIPIENT_TYPE_INFERRED,PHTHORC26010,BP1 (12/29/2025 - 10/30/2026),NON_HOSPITAL,No,NOT_HOSPITAL,,"Recipient is named but the source does not state its organisational form; §8 settled fallback (session 10). §10.2 NON_HOSPITAL: the named recipient is not a hospital (§0.3a -- judged on the recipient, not the activity), and the source does not mention hospitals anywhere in the funded work.","Iowa publishes NO per-recipient amount. The notice's only dollar figure is its CMS footer, and that footer carries the RFP's pool in Iowa's Jan/Feb notices and the STATE ALLOTMENT in its June ones, so it is recorded per document in ia_notice_footers.csv and never attached to a recipient (§0.2, §6.2).",Muscatine,Family Medicine Nurse Practitioner,Best and Brightest - Rural Healthcare Workforce Recruitment,2026-01-30,data/evidence/IA/2026-01-30_ia_noia_phthorc26010_best_and_brightest_rural_healthcare_workforc.pdf,13
IA,14,"Community Health Centers of Southeastern Iowa, Inc",,FQHC_OR_RHC,No,"Provider type: Pediatrician, MD or DO. County: Des Moines. Published by Iowa HHS as a Notice of Intent to Award, linked from the ""Where to Find Funding Awardees"" section of its Healthy Hometowns page. THE NOTICE PUBLISHES NO AMOUNT FOR ANY RECIPIENT: the only dollar figure it carries is in its CMS financial-assistance footer, whose tier changes between Iowa's February and June notices (§0.2), so no figure is attributed to this row and none is divided (§6.2). It is an INTENT, in the notice's own words: ""this Notice does NOT constitute the formation of a contract ... The bidder shall not acquire any legal or equitable rights relative to the contract services until a contract is executed.""",Yes,No,2026,"Iowa HHS Notice of Intent to Award, RFP #PHTHORC26010 Best and Brightest - Rural Healthcare Workforce Recruitment",https://hhs.iowa.gov/media/18094/download?inline,NOTICE_OF_INTENT_TO_AWARD,PARSED_PDF_RUNS,R/03z_ia_year1_awardees.R,,,,,Recipient name rule: community/primary health center.,MEDIUM,AMOUNT_MISSING,PHTHORC26010,BP1 (12/29/2025 - 10/30/2026),NON_HOSPITAL,No,NOT_HOSPITAL,,"Recipient name rule: community/primary health center. §10.2 NON_HOSPITAL: the named recipient is not a hospital (§0.3a -- judged on the recipient, not the activity), and the source does not mention hospitals anywhere in the funded work.","Iowa publishes NO per-recipient amount. The notice's only dollar figure is its CMS footer, and that footer carries the RFP's pool in Iowa's Jan/Feb notices and the STATE ALLOTMENT in its June ones, so it is recorded per document in ia_notice_footers.csv and never attached to a recipient (§0.2, §6.2).",Des Moines,"Pediatrician, MD or DO",Best and Brightest - Rural Healthcare Workforce Recruitment,2026-01-30,data/evidence/IA/2026-01-30_ia_noia_phthorc26010_best_and_brightest_rural_healthcare_workforc.pdf,14
IA,15,"Community Health Centers of Southeastern Iowa, Inc",,FQHC_OR_RHC,No,"Provider type: Pediatric PA. County: Des Moines. Published by Iowa HHS as a Notice of Intent to Award, linked from the ""Where to Find Funding Awardees"" section of its Healthy Hometowns page. THE NOTICE PUBLISHES NO AMOUNT FOR ANY RECIPIENT: the only dollar figure it carries is in its CMS financial-assistance footer, whose tier changes between Iowa's February and June notices (§0.2), so no figure is attributed to this row and none is divided (§6.2). It is an INTENT, in the notice's own words: ""this Notice does NOT constitute the formation of a contract ... The bidder shall not acquire any legal or equitable rights relative to the contract services until a contract is executed.""",Yes,No,2026,"Iowa HHS Notice of Intent to Award, RFP #PHTHORC26010 Best and Brightest - Rural Healthcare Workforce Recruitment",https://hhs.iowa.gov/media/18094/download?inline,NOTICE_OF_INTENT_TO_AWARD,PARSED_PDF_RUNS,R/03z_ia_year1_awardees.R,,,,,Recipient name rule: community/primary health center.,MEDIUM,AMOUNT_MISSING,PHTHORC26010,BP1 (12/29/2025 - 10/30/2026),NON_HOSPITAL,No,NOT_HOSPITAL,,"Recipient name rule: community/primary health center. §10.2 NON_HOSPITAL: the named recipient is not a hospital (§0.3a -- judged on the recipient, not the activity), and the source does not mention hospitals anywhere in the funded work.","Iowa publishes NO per-recipient amount. The notice's only dollar figure is its CMS footer, and that footer carries the RFP's pool in Iowa's Jan/Feb notices and the STATE ALLOTMENT in its June ones, so it is recorded per document in ia_notice_footers.csv and never attached to a recipient (§0.2, §6.2).",Des Moines,Pediatric PA,Best and Brightest - Rural Healthcare Workforce Recruitment,2026-01-30,data/evidence/IA/2026-01-30_ia_noia_phthorc26010_best_and_brightest_rural_healthcare_workforc.pdf,15
IA,16,"Community Health Centers of Southeastern Iowa, Inc",,FQHC_OR_RHC,No,"Provider type: Pediatrician, MD or DO. County: Lee. Published by Iowa HHS as a Notice of Intent to Award, linked from the ""Where to Find Funding Awardees"" section of its Healthy Hometowns page. THE NOTICE PUBLISHES NO AMOUNT FOR ANY RECIPIENT: the only dollar figure it carries is in its CMS financial-assistance footer, whose tier changes between Iowa's February and June notices (§0.2), so no figure is attributed to this row and none is divided (§6.2). It is an INTENT, in the notice's own words: ""this Notice does NOT constitute the formation of a contract ... The bidder shall not acquire any legal or equitable rights relative to the contract services until a contract is executed.""",Yes,No,2026,"Iowa HHS Notice of Intent to Award, RFP #PHTHORC26010 Best and Brightest - Rural Healthcare Workforce Recruitment",https://hhs.iowa.gov/media/18094/download?inline,NOTICE_OF_INTENT_TO_AWARD,PARSED_PDF_RUNS,R/03z_ia_year1_awardees.R,,,,,Recipient name rule: community/primary health center.,MEDIUM,AMOUNT_MISSING,PHTHORC26010,BP1 (12/29/2025 - 10/30/2026),NON_HOSPITAL,No,NOT_HOSPITAL,,"Recipient name rule: community/primary health center. §10.2 NON_HOSPITAL: the named recipient is not a hospital (§0.3a -- judged on the recipient, not the activity), and the source does not mention hospitals anywhere in the funded work.","Iowa publishes NO per-recipient amount. The notice's only dollar figure is its CMS footer, and that footer carries the RFP's pool in Iowa's Jan/Feb notices and the STATE ALLOTMENT in its June ones, so it is recorded per document in ia_notice_footers.csv and never attached to a recipient (§0.2, §6.2).",Lee,"Pediatrician, MD or DO",Best and Brightest - Rural Healthcare Workforce Recruitment,2026-01-30,data/evidence/IA/2026-01-30_ia_noia_phthorc26010_best_and_brightest_rural_healthcare_workforc.pdf,16
IA,17,"Community Health Centers of Southeastern Iowa, Inc",,FQHC_OR_RHC,No,"Provider type: Pediatric Physician Assistant (PA). County: Lee. Published by Iowa HHS as a Notice of Intent to Award, linked from the ""Where to Find Funding Awardees"" section of its Healthy Hometowns page. THE NOTICE PUBLISHES NO AMOUNT FOR ANY RECIPIENT: the only dollar figure it carries is in its CMS financial-assistance footer, whose tier changes between Iowa's February and June notices (§0.2), so no figure is attributed to this row and none is divided (§6.2). It is an INTENT, in the notice's own words: ""this Notice does NOT constitute the formation of a contract ... The bidder shall not acquire any legal or equitable rights relative to the contract services until a contract is executed.""",Yes,No,2026,"Iowa HHS Notice of Intent to Award, RFP #PHTHORC26010 Best and Brightest - Rural Healthcare Workforce Recruitment",https://hhs.iowa.gov/media/18094/download?inline,NOTICE_OF_INTENT_TO_AWARD,PARSED_PDF_RUNS,R/03z_ia_year1_awardees.R,,,,,Recipient name rule: community/primary health center.,MEDIUM,AMOUNT_MISSING,PHTHORC26010,BP1 (12/29/2025 - 10/30/2026),NON_HOSPITAL,No,NOT_HOSPITAL,,"Recipient name rule: community/primary health center. §10.2 NON_HOSPITAL: the named recipient is not a hospital (§0.3a -- judged on the recipient, not the activity), and the source does not mention hospitals anywhere in the funded work.","Iowa publishes NO per-recipient amount. The notice's only dollar figure is its CMS footer, and that footer carries the RFP's pool in Iowa's Jan/Feb notices and the STATE ALLOTMENT in its June ones, so it is recorded per document in ia_notice_footers.csv and never attached to a recipient (§0.2, §6.2).",Lee,Pediatric Physician Assistant (PA),Best and Brightest - Rural Healthcare Workforce Recruitment,2026-01-30,data/evidence/IA/2026-01-30_ia_noia_phthorc26010_best_and_brightest_rural_healthcare_workforc.pdf,17
IA,18,Crawford County Memorial Hospital,,HOSPITAL_OR_SYSTEM,Yes,"Provider type: Family Medicine Physician. County: Crawford. Published by Iowa HHS as a Notice of Intent to Award, linked from the ""Where to Find Funding Awardees"" section of its Healthy Hometowns page. THE NOTICE PUBLISHES NO AMOUNT FOR ANY RECIPIENT: the only dollar figure it carries is in its CMS financial-assistance footer, whose tier changes between Iowa's February and June notices (§0.2), so no figure is attributed to this row and none is divided (§6.2). It is an INTENT, in the notice's own words: ""this Notice does NOT constitute the formation of a contract ... The bidder shall not acquire any legal or equitable rights relative to the contract services until a contract is executed.""",Yes,No,2026,"Iowa HHS Notice of Intent to Award, RFP #PHTHORC26010 Best and Brightest - Rural Healthcare Workforce Recruitment",https://hhs.iowa.gov/media/18094/download?inline,NOTICE_OF_INTENT_TO_AWARD,PARSED_PDF_RUNS,R/03z_ia_year1_awardees.R,,,,,Recipient name rule: name states a hospital.,MEDIUM,AMOUNT_MISSING,PHTHORC26010,BP1 (12/29/2025 - 10/30/2026),DIRECT,Yes,NAMED_HOSPITAL,,Recipient name rule: name states a hospital. §10.2 DIRECT: the named recipient is a hospital or hospital system and the state's award document names both the recipient and the amount.,"Iowa publishes NO per-recipient amount. The notice's only dollar figure is its CMS footer, and that footer carries the RFP's pool in Iowa's Jan/Feb notices and the STATE ALLOTMENT in its June ones, so it is recorded per document in ia_notice_footers.csv and never attached to a recipient (§0.2, §6.2).",Crawford,Family Medicine Physician,Best and Brightest - Rural Healthcare Workforce Recruitment,2026-01-30,data/evidence/IA/2026-01-30_ia_noia_phthorc26010_best_and_brightest_rural_healthcare_workforc.pdf,18
IA,19,Dallas County Hospital,,HOSPITAL_OR_SYSTEM,Yes,"Provider type: Psychiatric Mental Health Nurse Practitioner. County: Dallas. Published by Iowa HHS as a Notice of Intent to Award, linked from the ""Where to Find Funding Awardees"" section of its Healthy Hometowns page. THE NOTICE PUBLISHES NO AMOUNT FOR ANY RECIPIENT: the only dollar figure it carries is in its CMS financial-assistance footer, whose tier changes between Iowa's February and June notices (§0.2), so no figure is attributed to this row and none is divided (§6.2). It is an INTENT, in the notice's own words: ""this Notice does NOT constitute the formation of a contract ... The bidder shall not acquire any legal or equitable rights relative to the contract services until a contract is executed.""",Yes,No,2026,"Iowa HHS Notice of Intent to Award, RFP #PHTHORC26010 Best and Brightest - Rural Healthcare Workforce Recruitment",https://hhs.iowa.gov/media/18094/download?inline,NOTICE_OF_INTENT_TO_AWARD,PARSED_PDF_RUNS,R/03z_ia_year1_awardees.R,,,,,Recipient name rule: name states a hospital.,MEDIUM,AMOUNT_MISSING,PHTHORC26010,BP1 (12/29/2025 - 10/30/2026),DIRECT,Yes,NAMED_HOSPITAL,,Recipient name rule: name states a hospital. §10.2 DIRECT: the named recipient is a hospital or hospital system and the state's award document names both the recipient and the amount.,"Iowa publishes NO per-recipient amount. The notice's only dollar figure is its CMS footer, and that footer carries the RFP's pool in Iowa's Jan/Feb notices and the STATE ALLOTMENT in its June ones, so it is recorded per document in ia_notice_footers.csv and never attached to a recipient (§0.2, §6.2).",Dallas,Psychiatric Mental Health Nurse Practitioner,Best and Brightest - Rural Healthcare Workforce Recruitment,2026-01-30,data/evidence/IA/2026-01-30_ia_noia_phthorc26010_best_and_brightest_rural_healthcare_workforc.pdf,19
IA,20,Davis County Hospital,,HOSPITAL_OR_SYSTEM,Yes,"Provider type: (PMHNP) Physician. County: Davis. Published by Iowa HHS as a Notice of Intent to Award, linked from the ""Where to Find Funding Awardees"" section of its Healthy Hometowns page. THE NOTICE PUBLISHES NO AMOUNT FOR ANY RECIPIENT: the only dollar figure it carries is in its CMS financial-assistance footer, whose tier changes between Iowa's February and June notices (§0.2), so no figure is attributed to this row and none is divided (§6.2). It is an INTENT, in the notice's own words: ""this Notice does NOT constitute the formation of a contract ... The bidder shall not acquire any legal or equitable rights relative to the contract services until a contract is executed.""",Yes,No,2026,"Iowa HHS Notice of Intent to Award, RFP #PHTHORC26010 Best and Brightest - Rural Healthcare Workforce Recruitment",https://hhs.iowa.gov/media/18094/download?inline,NOTICE_OF_INTENT_TO_AWARD,PARSED_PDF_RUNS,R/03z_ia_year1_awardees.R,,,,,Recipient name rule: name states a hospital.,MEDIUM,AMOUNT_MISSING,PHTHORC26010,BP1 (12/29/2025 - 10/30/2026),DIRECT,Yes,NAMED_HOSPITAL,,Recipient name rule: name states a hospital. §10.2 DIRECT: the named recipient is a hospital or hospital system and the state's award document names both the recipient and the amount.,"Iowa publishes NO per-recipient amount. The notice's only dollar figure is its CMS footer, and that footer carries the RFP's pool in Iowa's Jan/Feb notices and the STATE ALLOTMENT in its June ones, so it is recorded per document in ia_notice_footers.csv and never attached to a recipient (§0.2, §6.2).",Davis,(PMHNP) Physician,Best and Brightest - Rural Healthcare Workforce Recruitment,2026-01-30,data/evidence/IA/2026-01-30_ia_noia_phthorc26010_best_and_brightest_rural_healthcare_workforc.pdf,20
IA,21,Decatur County Hospital,,HOSPITAL_OR_SYSTEM,Yes,"Provider type: Registered Nurse (RN) or ARNP. County: Decatur. Published by Iowa HHS as a Notice of Intent to Award, linked from the ""Where to Find Funding Awardees"" section of its Healthy Hometowns page. THE NOTICE PUBLISHES NO AMOUNT FOR ANY RECIPIENT: the only dollar figure it carries is in its CMS financial-assistance footer, whose tier changes between Iowa's February and June notices (§0.2), so no figure is attributed to this row and none is divided (§6.2). It is an INTENT, in the notice's own words: ""this Notice does NOT constitute the formation of a contract ... The bidder shall not acquire any legal or equitable rights relative to the contract services until a contract is executed.""",Yes,No,2026,"Iowa HHS Notice of Intent to Award, RFP #PHTHORC26010 Best and Brightest - Rural Healthcare Workforce Recruitment",https://hhs.iowa.gov/media/18094/download?inline,NOTICE_OF_INTENT_TO_AWARD,PARSED_PDF_RUNS,R/03z_ia_year1_awardees.R,,,,,Recipient name rule: name states a hospital.,MEDIUM,AMOUNT_MISSING,PHTHORC26010,BP1 (12/29/2025 - 10/30/2026),DIRECT,Yes,NAMED_HOSPITAL,,Recipient name rule: name states a hospital. §10.2 DIRECT: the named recipient is a hospital or hospital system and the state's award document names both the recipient and the amount.,"Iowa publishes NO per-recipient amount. The notice's only dollar figure is its CMS footer, and that footer carries the RFP's pool in Iowa's Jan/Feb notices and the STATE ALLOTMENT in its June ones, so it is recorded per document in ia_notice_footers.csv and never attached to a recipient (§0.2, §6.2).",Decatur,Registered Nurse (RN) or ARNP,Best and Brightest - Rural Healthcare Workforce Recruitment,2026-01-30,data/evidence/IA/2026-01-30_ia_noia_phthorc26010_best_and_brightest_rural_healthcare_workforc.pdf,21
IA,22,Decatur County Hospital,,HOSPITAL_OR_SYSTEM,Yes,"Provider type: MD/DO. County: Decatur. Published by Iowa HHS as a Notice of Intent to Award, linked from the ""Where to Find Funding Awardees"" section of its Healthy Hometowns page. THE NOTICE PUBLISHES NO AMOUNT FOR ANY RECIPIENT: the only dollar figure it carries is in its CMS financial-assistance footer, whose tier changes between Iowa's February and June notices (§0.2), so no figure is attributed to this row and none is divided (§6.2). It is an INTENT, in the notice's own words: ""this Notice does NOT constitute the formation of a contract ... The bidder shall not acquire any legal or equitable rights relative to the contract services until a contract is executed.""",Yes,No,2026,"Iowa HHS Notice of Intent to Award, RFP #PHTHORC26010 Best and Brightest - Rural Healthcare Workforce Recruitment",https://hhs.iowa.gov/media/18094/download?inline,NOTICE_OF_INTENT_TO_AWARD,PARSED_PDF_RUNS,R/03z_ia_year1_awardees.R,,,,,Recipient name rule: name states a hospital.,MEDIUM,AMOUNT_MISSING,PHTHORC26010,BP1 (12/29/2025 - 10/30/2026),DIRECT,Yes,NAMED_HOSPITAL,,Recipient name rule: name states a hospital. §10.2 DIRECT: the named recipient is a hospital or hospital system and the state's award document names both the recipient and the amount.,"Iowa publishes NO per-recipient amount. The notice's only dollar figure is its CMS footer, and that footer carries the RFP's pool in Iowa's Jan/Feb notices and the STATE ALLOTMENT in its June ones, so it is recorded per document in ia_notice_footers.csv and never attached to a recipient (§0.2, §6.2).",Decatur,MD/DO,Best and Brightest - Rural Healthcare Workforce Recruitment,2026-01-30,data/evidence/IA/2026-01-30_ia_noia_phthorc26010_best_and_brightest_rural_healthcare_workforc.pdf,22
IA,23,Floyd County Medical Center,,HOSPITAL_OR_SYSTEM,Yes,"Provider type: MD/DO. County: Floyd. Published by Iowa HHS as a Notice of Intent to Award, linked from the ""Where to Find Funding Awardees"" section of its Healthy Hometowns page. THE NOTICE PUBLISHES NO AMOUNT FOR ANY RECIPIENT: the only dollar figure it carries is in its CMS financial-assistance footer, whose tier changes between Iowa's February and June notices (§0.2), so no figure is attributed to this row and none is divided (§6.2). It is an INTENT, in the notice's own words: ""this Notice does NOT constitute the formation of a contract ... The bidder shall not acquire any legal or equitable rights relative to the contract services until a contract is executed.""",Yes,No,2026,"Iowa HHS Notice of Intent to Award, RFP #PHTHORC26010 Best and Brightest - Rural Healthcare Workforce Recruitment",https://hhs.iowa.gov/media/18094/download?inline,NOTICE_OF_INTENT_TO_AWARD,PARSED_PDF_RUNS,R/03z_ia_year1_awardees.R,,,,,Recipient name rule: name states a medical center.,MEDIUM,AMOUNT_MISSING,PHTHORC26010,BP1 (12/29/2025 - 10/30/2026),DIRECT,Yes,NAMED_HOSPITAL,,Recipient name rule: name states a medical center. §10.2 DIRECT: the named recipient is a hospital or hospital system and the state's award document names both the recipient and the amount.,"Iowa publishes NO per-recipient amount. The notice's only dollar figure is its CMS footer, and that footer carries the RFP's pool in Iowa's Jan/Feb notices and the STATE ALLOTMENT in its June ones, so it is recorded per document in ia_notice_footers.csv and never attached to a recipient (§0.2, §6.2).",Floyd,MD/DO,Best and Brightest - Rural Healthcare Workforce Recruitment,2026-01-30,data/evidence/IA/2026-01-30_ia_noia_phthorc26010_best_and_brightest_rural_healthcare_workforc.pdf,23
IA,24,Floyd County Medical Center,,HOSPITAL_OR_SYSTEM,Yes,"Provider type: Physician Assistant. County: Floyd. Published by Iowa HHS as a Notice of Intent to Award, linked from the ""Where to Find Funding Awardees"" section of its Healthy Hometowns page. THE NOTICE PUBLISHES NO AMOUNT FOR ANY RECIPIENT: the only dollar figure it carries is in its CMS financial-assistance footer, whose tier changes between Iowa's February and June notices (§0.2), so no figure is attributed to this row and none is divided (§6.2). It is an INTENT, in the notice's own words: ""this Notice does NOT constitute the formation of a contract ... The bidder shall not acquire any legal or equitable rights relative to the contract services until a contract is executed.""",Yes,No,2026,"Iowa HHS Notice of Intent to Award, RFP #PHTHORC26010 Best and Brightest - Rural Healthcare Workforce Recruitment",https://hhs.iowa.gov/media/18094/download?inline,NOTICE_OF_INTENT_TO_AWARD,PARSED_PDF_RUNS,R/03z_ia_year1_awardees.R,,,,,Recipient name rule: name states a medical center.,MEDIUM,AMOUNT_MISSING,PHTHORC26010,BP1 (12/29/2025 - 10/30/2026),DIRECT,Yes,NAMED_HOSPITAL,,Recipient name rule: name states a medical center. §10.2 DIRECT: the named recipient is a hospital or hospital system and the state's award document names both the recipient and the amount.,"Iowa publishes NO per-recipient amount. The notice's only dollar figure is its CMS footer, and that footer carries the RFP's pool in Iowa's Jan/Feb notices and the STATE ALLOTMENT in its June ones, so it is recorded per document in ia_notice_footers.csv and never attached to a recipient (§0.2, §6.2).",Floyd,Physician Assistant,Best and Brightest - Rural Healthcare Workforce Recruitment,2026-01-30,data/evidence/IA/2026-01-30_ia_noia_phthorc26010_best_and_brightest_rural_healthcare_workforc.pdf,24
IA,25,Floyd Valley Hospital,,HOSPITAL_OR_SYSTEM,Yes,"Provider type: RN. County: Plymouth. Published by Iowa HHS as a Notice of Intent to Award, linked from the ""Where to Find Funding Awardees"" section of its Healthy Hometowns page. THE NOTICE PUBLISHES NO AMOUNT FOR ANY RECIPIENT: the only dollar figure it carries is in its CMS financial-assistance footer, whose tier changes between Iowa's February and June notices (§0.2), so no figure is attributed to this row and none is divided (§6.2). It is an INTENT, in the notice's own words: ""this Notice does NOT constitute the formation of a contract ... The bidder shall not acquire any legal or equitable rights relative to the contract services until a contract is executed.""",Yes,No,2026,"Iowa HHS Notice of Intent to Award, RFP #PHTHORC26010 Best and Brightest - Rural Healthcare Workforce Recruitment",https://hhs.iowa.gov/media/18094/download?inline,NOTICE_OF_INTENT_TO_AWARD,PARSED_PDF_RUNS,R/03z_ia_year1_awardees.R,,,,,Recipient name rule: name states a hospital.,MEDIUM,AMOUNT_MISSING,PHTHORC26010,BP1 (12/29/2025 - 10/30/2026),DIRECT,Yes,NAMED_HOSPITAL,,Recipient name rule: name states a hospital. §10.2 DIRECT: the named recipient is a hospital or hospital system and the state's award document names both the recipient and the amount.,"Iowa publishes NO per-recipient amount. The notice's only dollar figure is its CMS footer, and that footer carries the RFP's pool in Iowa's Jan/Feb notices and the STATE ALLOTMENT in its June ones, so it is recorded per document in ia_notice_footers.csv and never attached to a recipient (§0.2, §6.2).",Plymouth,RN,Best and Brightest - Rural Healthcare Workforce Recruitment,2026-01-30,data/evidence/IA/2026-01-30_ia_noia_phthorc26010_best_and_brightest_rural_healthcare_workforc.pdf,25
IA,26,Floyd Valley Hospital,,HOSPITAL_OR_SYSTEM,Yes,"Provider type: Pediatrician, MD or DO. County: Plymouth. Published by Iowa HHS as a Notice of Intent to Award, linked from the ""Where to Find Funding Awardees"" section of its Healthy Hometowns page. THE NOTICE PUBLISHES NO AMOUNT FOR ANY RECIPIENT: the only dollar figure it carries is in its CMS financial-assistance footer, whose tier changes between Iowa's February and June notices (§0.2), so no figure is attributed to this row and none is divided (§6.2). It is an INTENT, in the notice's own words: ""this Notice does NOT constitute the formation of a contract ... The bidder shall not acquire any legal or equitable rights relative to the contract services until a contract is executed.""",Yes,No,2026,"Iowa HHS Notice of Intent to Award, RFP #PHTHORC26010 Best and Brightest - Rural Healthcare Workforce Recruitment",https://hhs.iowa.gov/media/18094/download?inline,NOTICE_OF_INTENT_TO_AWARD,PARSED_PDF_RUNS,R/03z_ia_year1_awardees.R,,,,,Recipient name rule: name states a hospital.,MEDIUM,AMOUNT_MISSING,PHTHORC26010,BP1 (12/29/2025 - 10/30/2026),DIRECT,Yes,NAMED_HOSPITAL,,Recipient name rule: name states a hospital. §10.2 DIRECT: the named recipient is a hospital or hospital system and the state's award document names both the recipient and the amount.,"Iowa publishes NO per-recipient amount. The notice's only dollar figure is its CMS footer, and that footer carries the RFP's pool in Iowa's Jan/Feb notices and the STATE ALLOTMENT in its June ones, so it is recorded per document in ia_notice_footers.csv and never attached to a recipient (§0.2, §6.2).",Plymouth,"Pediatrician, MD or DO",Best and Brightest - Rural Healthcare Workforce Recruitment,2026-01-30,data/evidence/IA/2026-01-30_ia_noia_phthorc26010_best_and_brightest_rural_healthcare_workforc.pdf,26
IA,27,George C. Grape Community Hospital,,HOSPITAL_OR_SYSTEM,Yes,"Provider type: RN. County: Fremont. Published by Iowa HHS as a Notice of Intent to Award, linked from the ""Where to Find Funding Awardees"" section of its Healthy Hometowns page. THE NOTICE PUBLISHES NO AMOUNT FOR ANY RECIPIENT: the only dollar figure it carries is in its CMS financial-assistance footer, whose tier changes between Iowa's February and June notices (§0.2), so no figure is attributed to this row and none is divided (§6.2). It is an INTENT, in the notice's own words: ""this Notice does NOT constitute the formation of a contract ... The bidder shall not acquire any legal or equitable rights relative to the contract services until a contract is executed.""",Yes,No,2026,"Iowa HHS Notice of Intent to Award, RFP #PHTHORC26010 Best and Brightest - Rural Healthcare Workforce Recruitment",https://hhs.iowa.gov/media/18094/download?inline,NOTICE_OF_INTENT_TO_AWARD,PARSED_PDF_RUNS,R/03z_ia_year1_awardees.R,,,,,Recipient name rule: name states a hospital.,MEDIUM,AMOUNT_MISSING,PHTHORC26010,BP1 (12/29/2025 - 10/30/2026),DIRECT,Yes,NAMED_HOSPITAL,,Recipient name rule: name states a hospital. §10.2 DIRECT: the named recipient is a hospital or hospital system and the state's award document names both the recipient and the amount.,"Iowa publishes NO per-recipient amount. The notice's only dollar figure is its CMS footer, and that footer carries the RFP's pool in Iowa's Jan/Feb notices and the STATE ALLOTMENT in its June ones, so it is recorded per document in ia_notice_footers.csv and never attached to a recipient (§0.2, §6.2).",Fremont,RN,Best and Brightest - Rural Healthcare Workforce Recruitment,2026-01-30,data/evidence/IA/2026-01-30_ia_noia_phthorc26010_best_and_brightest_rural_healthcare_workforc.pdf,27
IA,28,George C. Grape Community Hospital,,HOSPITAL_OR_SYSTEM,Yes,"Provider type: Medical Doctor or Doctor of Osteopathic Medicine. County: Fremont. Published by Iowa HHS as a Notice of Intent to Award, linked from the ""Where to Find Funding Awardees"" section of its Healthy Hometowns page. THE NOTICE PUBLISHES NO AMOUNT FOR ANY RECIPIENT: the only dollar figure it carries is in its CMS financial-assistance footer, whose tier changes between Iowa's February and June notices (§0.2), so no figure is attributed to this row and none is divided (§6.2). It is an INTENT, in the notice's own words: ""this Notice does NOT constitute the formation of a contract ... The bidder shall not acquire any legal or equitable rights relative to the contract services until a contract is executed.""",Yes,No,2026,"Iowa HHS Notice of Intent to Award, RFP #PHTHORC26010 Best and Brightest - Rural Healthcare Workforce Recruitment",https://hhs.iowa.gov/media/18094/download?inline,NOTICE_OF_INTENT_TO_AWARD,PARSED_PDF_RUNS,R/03z_ia_year1_awardees.R,,,,,Recipient name rule: name states a hospital.,MEDIUM,AMOUNT_MISSING,PHTHORC26010,BP1 (12/29/2025 - 10/30/2026),DIRECT,Yes,NAMED_HOSPITAL,,Recipient name rule: name states a hospital. §10.2 DIRECT: the named recipient is a hospital or hospital system and the state's award document names both the recipient and the amount.,"Iowa publishes NO per-recipient amount. The notice's only dollar figure is its CMS footer, and that footer carries the RFP's pool in Iowa's Jan/Feb notices and the STATE ALLOTMENT in its June ones, so it is recorded per document in ia_notice_footers.csv and never attached to a recipient (§0.2, §6.2).",Fremont,Medical Doctor or Doctor of Osteopathic Medicine,Best and Brightest - Rural Healthcare Workforce Recruitment,2026-01-30,data/evidence/IA/2026-01-30_ia_noia_phthorc26010_best_and_brightest_rural_healthcare_workforc.pdf,28
IA,29,Good Neighbor Society,,NONPROFIT_CBO,No,"Provider type: Registered Nurse (RN). County: Delaware. Published by Iowa HHS as a Notice of Intent to Award, linked from the ""Where to Find Funding Awardees"" section of its Healthy Hometowns page. THE NOTICE PUBLISHES NO AMOUNT FOR ANY RECIPIENT: the only dollar figure it carries is in its CMS financial-assistance footer, whose tier changes between Iowa's February and June notices (§0.2), so no figure is attributed to this row and none is divided (§6.2). It is an INTENT, in the notice's own words: ""this Notice does NOT constitute the formation of a contract ... The bidder shall not acquire any legal or equitable rights relative to the contract services until a contract is executed.""",Yes,No,2026,"Iowa HHS Notice of Intent to Award, RFP #PHTHORC26010 Best and Brightest - Rural Healthcare Workforce Recruitment",https://hhs.iowa.gov/media/18094/download?inline,NOTICE_OF_INTENT_TO_AWARD,PARSED_PDF_RUNS,R/03z_ia_year1_awardees.R,,,,,Recipient is named but the source does not state its organisational form; §8 settled fallback (session 10).,LOW,AMOUNT_MISSING;RECIPIENT_TYPE_INFERRED,PHTHORC26010,BP1 (12/29/2025 - 10/30/2026),NON_HOSPITAL,No,NOT_HOSPITAL,,"Recipient is named but the source does not state its organisational form; §8 settled fallback (session 10). §10.2 NON_HOSPITAL: the named recipient is not a hospital (§0.3a -- judged on the recipient, not the activity), and the source does not mention hospitals anywhere in the funded work.","Iowa publishes NO per-recipient amount. The notice's only dollar figure is its CMS footer, and that footer carries the RFP's pool in Iowa's Jan/Feb notices and the STATE ALLOTMENT in its June ones, so it is recorded per document in ia_notice_footers.csv and never attached to a recipient (§0.2, §6.2).",Delaware,Registered Nurse (RN),Best and Brightest - Rural Healthcare Workforce Recruitment,2026-01-30,data/evidence/IA/2026-01-30_ia_noia_phthorc26010_best_and_brightest_rural_healthcare_workforc.pdf,29
IA,30,Greater Regional Medical Center,,HOSPITAL_OR_SYSTEM,Yes,"Provider type: Oncology Advanced Registered Nurse Practitioner (ARNP). County: Union. Published by Iowa HHS as a Notice of Intent to Award, linked from the ""Where to Find Funding Awardees"" section of its Healthy Hometowns page. THE NOTICE PUBLISHES NO AMOUNT FOR ANY RECIPIENT: the only dollar figure it carries is in its CMS financial-assistance footer, whose tier changes between Iowa's February and June notices (§0.2), so no figure is attributed to this row and none is divided (§6.2). It is an INTENT, in the notice's own words: ""this Notice does NOT constitute the formation of a contract ... The bidder shall not acquire any legal or equitable rights relative to the contract services until a contract is executed.""",Yes,No,2026,"Iowa HHS Notice of Intent to Award, RFP #PHTHORC26010 Best and Brightest - Rural Healthcare Workforce Recruitment",https://hhs.iowa.gov/media/18094/download?inline,NOTICE_OF_INTENT_TO_AWARD,PARSED_PDF_RUNS,R/03z_ia_year1_awardees.R,,,,,Recipient name rule: name states a medical center.,MEDIUM,AMOUNT_MISSING,PHTHORC26010,BP1 (12/29/2025 - 10/30/2026),DIRECT,Yes,NAMED_HOSPITAL,,Recipient name rule: name states a medical center. §10.2 DIRECT: the named recipient is a hospital or hospital system and the state's award document names both the recipient and the amount.,"Iowa publishes NO per-recipient amount. The notice's only dollar figure is its CMS footer, and that footer carries the RFP's pool in Iowa's Jan/Feb notices and the STATE ALLOTMENT in its June ones, so it is recorded per document in ia_notice_footers.csv and never attached to a recipient (§0.2, §6.2).",Union,Oncology Advanced Registered Nurse Practitioner (ARNP),Best and Brightest - Rural Healthcare Workforce Recruitment,2026-01-30,data/evidence/IA/2026-01-30_ia_noia_phthorc26010_best_and_brightest_rural_healthcare_workforc.pdf,30
IA,31,Greater Regional Medical Center,,HOSPITAL_OR_SYSTEM,Yes,"Provider type: Oncology Registered Nurse (RN). County: Union. Published by Iowa HHS as a Notice of Intent to Award, linked from the ""Where to Find Funding Awardees"" section of its Healthy Hometowns page. THE NOTICE PUBLISHES NO AMOUNT FOR ANY RECIPIENT: the only dollar figure it carries is in its CMS financial-assistance footer, whose tier changes between Iowa's February and June notices (§0.2), so no figure is attributed to this row and none is divided (§6.2). It is an INTENT, in the notice's own words: ""this Notice does NOT constitute the formation of a contract ... The bidder shall not acquire any legal or equitable rights relative to the contract services until a contract is executed.""",Yes,No,2026,"Iowa HHS Notice of Intent to Award, RFP #PHTHORC26010 Best and Brightest - Rural Healthcare Workforce Recruitment",https://hhs.iowa.gov/media/18094/download?inline,NOTICE_OF_INTENT_TO_AWARD,PARSED_PDF_RUNS,R/03z_ia_year1_awardees.R,,,,,Recipient name rule: name states a medical center.,MEDIUM,AMOUNT_MISSING,PHTHORC26010,BP1 (12/29/2025 - 10/30/2026),DIRECT,Yes,NAMED_HOSPITAL,,Recipient name rule: name states a medical center. §10.2 DIRECT: the named recipient is a hospital or hospital system and the state's award document names both the recipient and the amount.,"Iowa publishes NO per-recipient amount. The notice's only dollar figure is its CMS footer, and that footer carries the RFP's pool in Iowa's Jan/Feb notices and the STATE ALLOTMENT in its June ones, so it is recorded per document in ia_notice_footers.csv and never attached to a recipient (§0.2, §6.2).",Union,Oncology Registered Nurse (RN),Best and Brightest - Rural Healthcare Workforce Recruitment,2026-01-30,data/evidence/IA/2026-01-30_ia_noia_phthorc26010_best_and_brightest_rural_healthcare_workforc.pdf,31
IA,32,Guthrie County Hospital,,HOSPITAL_OR_SYSTEM,Yes,"Provider type: Primary Care Physician (MD or DO). County: Guthrie. Published by Iowa HHS as a Notice of Intent to Award, linked from the ""Where to Find Funding Awardees"" section of its Healthy Hometowns page. THE NOTICE PUBLISHES NO AMOUNT FOR ANY RECIPIENT: the only dollar figure it carries is in its CMS financial-assistance footer, whose tier changes between Iowa's February and June notices (§0.2), so no figure is attributed to this row and none is divided (§6.2). It is an INTENT, in the notice's own words: ""this Notice does NOT constitute the formation of a contract ... The bidder shall not acquire any legal or equitable rights relative to the contract services until a contract is executed.""",Yes,No,2026,"Iowa HHS Notice of Intent to Award, RFP #PHTHORC26010 Best and Brightest - Rural Healthcare Workforce Recruitment",https://hhs.iowa.gov/media/18094/download?inline,NOTICE_OF_INTENT_TO_AWARD,PARSED_PDF_RUNS,R/03z_ia_year1_awardees.R,,,,,Recipient name rule: name states a hospital.,MEDIUM,AMOUNT_MISSING,PHTHORC26010,BP1 (12/29/2025 - 10/30/2026),DIRECT,Yes,NAMED_HOSPITAL,,Recipient name rule: name states a hospital. §10.2 DIRECT: the named recipient is a hospital or hospital system and the state's award document names both the recipient and the amount.,"Iowa publishes NO per-recipient amount. The notice's only dollar figure is its CMS footer, and that footer carries the RFP's pool in Iowa's Jan/Feb notices and the STATE ALLOTMENT in its June ones, so it is recorded per document in ia_notice_footers.csv and never attached to a recipient (§0.2, §6.2).",Guthrie,Primary Care Physician (MD or DO),Best and Brightest - Rural Healthcare Workforce Recruitment,2026-01-30,data/evidence/IA/2026-01-30_ia_noia_phthorc26010_best_and_brightest_rural_healthcare_workforc.pdf,32
IA,33,Guttenberg Municipal Hospital,,HOSPITAL_OR_SYSTEM,Yes,"Provider type: Registered Nurse (RN). County: Clayton. Published by Iowa HHS as a Notice of Intent to Award, linked from the ""Where to Find Funding Awardees"" section of its Healthy Hometowns page. THE NOTICE PUBLISHES NO AMOUNT FOR ANY RECIPIENT: the only dollar figure it carries is in its CMS financial-assistance footer, whose tier changes between Iowa's February and June notices (§0.2), so no figure is attributed to this row and none is divided (§6.2). It is an INTENT, in the notice's own words: ""this Notice does NOT constitute the formation of a contract ... The bidder shall not acquire any legal or equitable rights relative to the contract services until a contract is executed.""",Yes,No,2026,"Iowa HHS Notice of Intent to Award, RFP #PHTHORC26010 Best and Brightest - Rural Healthcare Workforce Recruitment",https://hhs.iowa.gov/media/18094/download?inline,NOTICE_OF_INTENT_TO_AWARD,PARSED_PDF_RUNS,R/03z_ia_year1_awardees.R,,,,,Recipient name rule: name states a hospital.,MEDIUM,AMOUNT_MISSING,PHTHORC26010,BP1 (12/29/2025 - 10/30/2026),DIRECT,Yes,NAMED_HOSPITAL,,Recipient name rule: name states a hospital. §10.2 DIRECT: the named recipient is a hospital or hospital system and the state's award document names both the recipient and the amount.,"Iowa publishes NO per-recipient amount. The notice's only dollar figure is its CMS footer, and that footer carries the RFP's pool in Iowa's Jan/Feb notices and the STATE ALLOTMENT in its June ones, so it is recorded per document in ia_notice_footers.csv and never attached to a recipient (§0.2, §6.2).",Clayton,Registered Nurse (RN),Best and Brightest - Rural Healthcare Workforce Recruitment,2026-01-30,data/evidence/IA/2026-01-30_ia_noia_phthorc26010_best_and_brightest_rural_healthcare_workforc.pdf,33
IA,34,Guttenberg Municipal Hospital,,HOSPITAL_OR_SYSTEM,Yes,"Provider type: Advanced Practice Provider (Nurse Practitioner / Physician Assistant). County: Clayton. Published by Iowa HHS as a Notice of Intent to Award, linked from the ""Where to Find Funding Awardees"" section of its Healthy Hometowns page. THE NOTICE PUBLISHES NO AMOUNT FOR ANY RECIPIENT: the only dollar figure it carries is in its CMS financial-assistance footer, whose tier changes between Iowa's February and June notices (§0.2), so no figure is attributed to this row and none is divided (§6.2). It is an INTENT, in the notice's own words: ""this Notice does NOT constitute the formation of a contract ... The bidder shall not acquire any legal or equitable rights relative to the contract services until a contract is executed.""",Yes,No,2026,"Iowa HHS Notice of Intent to Award, RFP #PHTHORC26010 Best and Brightest - Rural Healthcare Workforce Recruitment",https://hhs.iowa.gov/media/18094/download?inline,NOTICE_OF_INTENT_TO_AWARD,PARSED_PDF_RUNS,R/03z_ia_year1_awardees.R,,,,,Recipient name rule: name states a hospital.,MEDIUM,AMOUNT_MISSING,PHTHORC26010,BP1 (12/29/2025 - 10/30/2026),DIRECT,Yes,NAMED_HOSPITAL,,Recipient name rule: name states a hospital. §10.2 DIRECT: the named recipient is a hospital or hospital system and the state's award document names both the recipient and the amount.,"Iowa publishes NO per-recipient amount. The notice's only dollar figure is its CMS footer, and that footer carries the RFP's pool in Iowa's Jan/Feb notices and the STATE ALLOTMENT in its June ones, so it is recorded per document in ia_notice_footers.csv and never attached to a recipient (§0.2, §6.2).",Clayton,Advanced Practice Provider (Nurse Practitioner / Physician Assistant),Best and Brightest - Rural Healthcare Workforce Recruitment,2026-01-30,data/evidence/IA/2026-01-30_ia_noia_phthorc26010_best_and_brightest_rural_healthcare_workforc.pdf,34
IA,35,Hamilton County Hospital dba Van Diest Medical,,HOSPITAL_OR_SYSTEM,Yes,"Provider type: Primary Care Physician (MD or DO). County: Hamilton. Published by Iowa HHS as a Notice of Intent to Award, linked from the ""Where to Find Funding Awardees"" section of its Healthy Hometowns page. THE NOTICE PUBLISHES NO AMOUNT FOR ANY RECIPIENT: the only dollar figure it carries is in its CMS financial-assistance footer, whose tier changes between Iowa's February and June notices (§0.2), so no figure is attributed to this row and none is divided (§6.2). It is an INTENT, in the notice's own words: ""this Notice does NOT constitute the formation of a contract ... The bidder shall not acquire any legal or equitable rights relative to the contract services until a contract is executed.""",Yes,No,2026,"Iowa HHS Notice of Intent to Award, RFP #PHTHORC26010 Best and Brightest - Rural Healthcare Workforce Recruitment",https://hhs.iowa.gov/media/18094/download?inline,NOTICE_OF_INTENT_TO_AWARD,PARSED_PDF_RUNS,R/03z_ia_year1_awardees.R,,,,,Recipient name rule: name states a hospital.,MEDIUM,AMOUNT_MISSING,PHTHORC26010,BP1 (12/29/2025 - 10/30/2026),DIRECT,Yes,NAMED_HOSPITAL,,Recipient name rule: name states a hospital. §10.2 DIRECT: the named recipient is a hospital or hospital system and the state's award document names both the recipient and the amount.,"Iowa publishes NO per-recipient amount. The notice's only dollar figure is its CMS footer, and that footer carries the RFP's pool in Iowa's Jan/Feb notices and the STATE ALLOTMENT in its June ones, so it is recorded per document in ia_notice_footers.csv and never attached to a recipient (§0.2, §6.2).",Hamilton,Primary Care Physician (MD or DO),Best and Brightest - Rural Healthcare Workforce Recruitment,2026-01-30,data/evidence/IA/2026-01-30_ia_noia_phthorc26010_best_and_brightest_rural_healthcare_workforc.pdf,35
IA,36,Center Hancock County Health System,,HOSPITAL_OR_SYSTEM,Yes,"Provider type: MD/DO Family Practice. County: Hancock. Published by Iowa HHS as a Notice of Intent to Award, linked from the ""Where to Find Funding Awardees"" section of its Healthy Hometowns page. THE NOTICE PUBLISHES NO AMOUNT FOR ANY RECIPIENT: the only dollar figure it carries is in its CMS financial-assistance footer, whose tier changes between Iowa's February and June notices (§0.2), so no figure is attributed to this row and none is divided (§6.2). It is an INTENT, in the notice's own words: ""this Notice does NOT constitute the formation of a contract ... The bidder shall not acquire any legal or equitable rights relative to the contract services until a contract is executed.""",Yes,No,2026,"Iowa HHS Notice of Intent to Award, RFP #PHTHORC26010 Best and Brightest - Rural Healthcare Workforce Recruitment",https://hhs.iowa.gov/media/18094/download?inline,NOTICE_OF_INTENT_TO_AWARD,PARSED_PDF_RUNS,R/03z_ia_year1_awardees.R,,,,,Recipient name rule: name states a health system.,MEDIUM,AMOUNT_MISSING,PHTHORC26010,BP1 (12/29/2025 - 10/30/2026),DIRECT,Yes,NAMED_HOSPITAL,,Recipient name rule: name states a health system. §10.2 DIRECT: the named recipient is a hospital or hospital system and the state's award document names both the recipient and the amount.,"Iowa publishes NO per-recipient amount. The notice's only dollar figure is its CMS footer, and that footer carries the RFP's pool in Iowa's Jan/Feb notices and the STATE ALLOTMENT in its June ones, so it is recorded per document in ia_notice_footers.csv and never attached to a recipient (§0.2, §6.2).",Hancock,MD/DO Family Practice,Best and Brightest - Rural Healthcare Workforce Recruitment,2026-01-30,data/evidence/IA/2026-01-30_ia_noia_phthorc26010_best_and_brightest_rural_healthcare_workforc.pdf,36
IA,37,Hegg Memorial Hospital DBA Hegg Memorial,,HOSPITAL_OR_SYSTEM,Yes,"Provider type: Registered Nurse. County: Sioux. Published by Iowa HHS as a Notice of Intent to Award, linked from the ""Where to Find Funding Awardees"" section of its Healthy Hometowns page. THE NOTICE PUBLISHES NO AMOUNT FOR ANY RECIPIENT: the only dollar figure it carries is in its CMS financial-assistance footer, whose tier changes between Iowa's February and June notices (§0.2), so no figure is attributed to this row and none is divided (§6.2). It is an INTENT, in the notice's own words: ""this Notice does NOT constitute the formation of a contract ... The bidder shall not acquire any legal or equitable rights relative to the contract services until a contract is executed.""",Yes,No,2026,"Iowa HHS Notice of Intent to Award, RFP #PHTHORC26010 Best and Brightest - Rural Healthcare Workforce Recruitment",https://hhs.iowa.gov/media/18094/download?inline,NOTICE_OF_INTENT_TO_AWARD,PARSED_PDF_RUNS,R/03z_ia_year1_awardees.R,,,,,Recipient name rule: name states a hospital.,MEDIUM,AMOUNT_MISSING,PHTHORC26010,BP1 (12/29/2025 - 10/30/2026),DIRECT,Yes,NAMED_HOSPITAL,,Recipient name rule: name states a hospital. §10.2 DIRECT: the named recipient is a hospital or hospital system and the state's award document names both the recipient and the amount.,"Iowa publishes NO per-recipient amount. The notice's only dollar figure is its CMS footer, and that footer carries the RFP's pool in Iowa's Jan/Feb notices and the STATE ALLOTMENT in its June ones, so it is recorded per document in ia_notice_footers.csv and never attached to a recipient (§0.2, §6.2).",Sioux,Registered Nurse,Best and Brightest - Rural Healthcare Workforce Recruitment,2026-01-30,data/evidence/IA/2026-01-30_ia_noia_phthorc26010_best_and_brightest_rural_healthcare_workforc.pdf,37
IA,38,Health Center Humboldt County Memorial Hospital,,HOSPITAL_OR_SYSTEM,Yes,"Provider type: Emergency Department physician MD or DO. County: Humboldt. Published by Iowa HHS as a Notice of Intent to Award, linked from the ""Where to Find Funding Awardees"" section of its Healthy Hometowns page. THE NOTICE PUBLISHES NO AMOUNT FOR ANY RECIPIENT: the only dollar figure it carries is in its CMS financial-assistance footer, whose tier changes between Iowa's February and June notices (§0.2), so no figure is attributed to this row and none is divided (§6.2). It is an INTENT, in the notice's own words: ""this Notice does NOT constitute the formation of a contract ... The bidder shall not acquire any legal or equitable rights relative to the contract services until a contract is executed.""",Yes,No,2026,"Iowa HHS Notice of Intent to Award, RFP #PHTHORC26010 Best and Brightest - Rural Healthcare Workforce Recruitment",https://hhs.iowa.gov/media/18094/download?inline,NOTICE_OF_INTENT_TO_AWARD,PARSED_PDF_RUNS,R/03z_ia_year1_awardees.R,,,,,Recipient name rule: name states a hospital.,MEDIUM,AMOUNT_MISSING,PHTHORC26010,BP1 (12/29/2025 - 10/30/2026),DIRECT,Yes,NAMED_HOSPITAL,,Recipient name rule: name states a hospital. §10.2 DIRECT: the named recipient is a hospital or hospital system and the state's award document names both the recipient and the amount.,"Iowa publishes NO per-recipient amount. The notice's only dollar figure is its CMS footer, and that footer carries the RFP's pool in Iowa's Jan/Feb notices and the STATE ALLOTMENT in its June ones, so it is recorded per document in ia_notice_footers.csv and never attached to a recipient (§0.2, §6.2).",Humboldt,Emergency Department physician MD or DO,Best and Brightest - Rural Healthcare Workforce Recruitment,2026-01-30,data/evidence/IA/2026-01-30_ia_noia_phthorc26010_best_and_brightest_rural_healthcare_workforc.pdf,38
IA,39,Ida County Iowa Community Hospital,,HOSPITAL_OR_SYSTEM,Yes,"Provider type: MD or DO. County: Ida. Published by Iowa HHS as a Notice of Intent to Award, linked from the ""Where to Find Funding Awardees"" section of its Healthy Hometowns page. THE NOTICE PUBLISHES NO AMOUNT FOR ANY RECIPIENT: the only dollar figure it carries is in its CMS financial-assistance footer, whose tier changes between Iowa's February and June notices (§0.2), so no figure is attributed to this row and none is divided (§6.2). It is an INTENT, in the notice's own words: ""this Notice does NOT constitute the formation of a contract ... The bidder shall not acquire any legal or equitable rights relative to the contract services until a contract is executed.""",Yes,No,2026,"Iowa HHS Notice of Intent to Award, RFP #PHTHORC26010 Best and Brightest - Rural Healthcare Workforce Recruitment",https://hhs.iowa.gov/media/18094/download?inline,NOTICE_OF_INTENT_TO_AWARD,PARSED_PDF_RUNS,R/03z_ia_year1_awardees.R,,,,,Recipient name rule: name states a hospital.,MEDIUM,AMOUNT_MISSING,PHTHORC26010,BP1 (12/29/2025 - 10/30/2026),DIRECT,Yes,NAMED_HOSPITAL,,Recipient name rule: name states a hospital. §10.2 DIRECT: the named recipient is a hospital or hospital system and the state's award document names both the recipient and the amount.,"Iowa publishes NO per-recipient amount. The notice's only dollar figure is its CMS footer, and that footer carries the RFP's pool in Iowa's Jan/Feb notices and the STATE ALLOTMENT in its June ones, so it is recorded per document in ia_notice_footers.csv and never attached to a recipient (§0.2, §6.2).",Ida,MD or DO,Best and Brightest - Rural Healthcare Workforce Recruitment,2026-01-30,data/evidence/IA/2026-01-30_ia_noia_phthorc26010_best_and_brightest_rural_healthcare_workforc.pdf,39
IA,40,Infinity Health,,NONPROFIT_CBO,No,"Provider type: Primary Care Physician (MD/DO). County: Decatur. Published by Iowa HHS as a Notice of Intent to Award, linked from the ""Where to Find Funding Awardees"" section of its Healthy Hometowns page. THE NOTICE PUBLISHES NO AMOUNT FOR ANY RECIPIENT: the only dollar figure it carries is in its CMS financial-assistance footer, whose tier changes between Iowa's February and June notices (§0.2), so no figure is attributed to this row and none is divided (§6.2). It is an INTENT, in the notice's own words: ""this Notice does NOT constitute the formation of a contract ... The bidder shall not acquire any legal or equitable rights relative to the contract services until a contract is executed.""",Yes,No,2026,"Iowa HHS Notice of Intent to Award, RFP #PHTHORC26010 Best and Brightest - Rural Healthcare Workforce Recruitment",https://hhs.iowa.gov/media/18094/download?inline,NOTICE_OF_INTENT_TO_AWARD,PARSED_PDF_RUNS,R/03z_ia_year1_awardees.R,,,,,Recipient is named but the source does not state its organisational form; §8 settled fallback (session 10).,LOW,AMOUNT_MISSING;RECIPIENT_TYPE_INFERRED,PHTHORC26010,BP1 (12/29/2025 - 10/30/2026),NON_HOSPITAL,No,NOT_HOSPITAL,,"Recipient is named but the source does not state its organisational form; §8 settled fallback (session 10). §10.2 NON_HOSPITAL: the named recipient is not a hospital (§0.3a -- judged on the recipient, not the activity), and the source does not mention hospitals anywhere in the funded work.","Iowa publishes NO per-recipient amount. The notice's only dollar figure is its CMS footer, and that footer carries the RFP's pool in Iowa's Jan/Feb notices and the STATE ALLOTMENT in its June ones, so it is recorded per document in ia_notice_footers.csv and never attached to a recipient (§0.2, §6.2).",Decatur,Primary Care Physician (MD/DO),Best and Brightest - Rural Healthcare Workforce Recruitment,2026-01-30,data/evidence/IA/2026-01-30_ia_noia_phthorc26010_best_and_brightest_rural_healthcare_workforc.pdf,40
IA,41,Infinity Health,,NONPROFIT_CBO,No,"Provider type: Registered Nurse (RN). County: Decatur. Published by Iowa HHS as a Notice of Intent to Award, linked from the ""Where to Find Funding Awardees"" section of its Healthy Hometowns page. THE NOTICE PUBLISHES NO AMOUNT FOR ANY RECIPIENT: the only dollar figure it carries is in its CMS financial-assistance footer, whose tier changes between Iowa's February and June notices (§0.2), so no figure is attributed to this row and none is divided (§6.2). It is an INTENT, in the notice's own words: ""this Notice does NOT constitute the formation of a contract ... The bidder shall not acquire any legal or equitable rights relative to the contract services until a contract is executed.""",Yes,No,2026,"Iowa HHS Notice of Intent to Award, RFP #PHTHORC26010 Best and Brightest - Rural Healthcare Workforce Recruitment",https://hhs.iowa.gov/media/18094/download?inline,NOTICE_OF_INTENT_TO_AWARD,PARSED_PDF_RUNS,R/03z_ia_year1_awardees.R,,,,,Recipient is named but the source does not state its organisational form; §8 settled fallback (session 10).,LOW,AMOUNT_MISSING;RECIPIENT_TYPE_INFERRED,PHTHORC26010,BP1 (12/29/2025 - 10/30/2026),NON_HOSPITAL,No,NOT_HOSPITAL,,"Recipient is named but the source does not state its organisational form; §8 settled fallback (session 10). §10.2 NON_HOSPITAL: the named recipient is not a hospital (§0.3a -- judged on the recipient, not the activity), and the source does not mention hospitals anywhere in the funded work.","Iowa publishes NO per-recipient amount. The notice's only dollar figure is its CMS footer, and that footer carries the RFP's pool in Iowa's Jan/Feb notices and the STATE ALLOTMENT in its June ones, so it is recorded per document in ia_notice_footers.csv and never attached to a recipient (§0.2, §6.2).",Decatur,Registered Nurse (RN),Best and Brightest - Rural Healthcare Workforce Recruitment,2026-01-30,data/evidence/IA/2026-01-30_ia_noia_phthorc26010_best_and_brightest_rural_healthcare_workforc.pdf,41
IA,42,Iowa Family Counseling,,NONPROFIT_CBO,No,"Provider type: ARNP. County: Washington. Published by Iowa HHS as a Notice of Intent to Award, linked from the ""Where to Find Funding Awardees"" section of its Healthy Hometowns page. THE NOTICE PUBLISHES NO AMOUNT FOR ANY RECIPIENT: the only dollar figure it carries is in its CMS financial-assistance footer, whose tier changes between Iowa's February and June notices (§0.2), so no figure is attributed to this row and none is divided (§6.2). It is an INTENT, in the notice's own words: ""this Notice does NOT constitute the formation of a contract ... The bidder shall not acquire any legal or equitable rights relative to the contract services until a contract is executed.""",Yes,No,2026,"Iowa HHS Notice of Intent to Award, RFP #PHTHORC26010 Best and Brightest - Rural Healthcare Workforce Recruitment",https://hhs.iowa.gov/media/18094/download?inline,NOTICE_OF_INTENT_TO_AWARD,PARSED_PDF_RUNS,R/03z_ia_year1_awardees.R,,,,,Recipient is named but the source does not state its organisational form; §8 settled fallback (session 10).,LOW,AMOUNT_MISSING;RECIPIENT_TYPE_INFERRED,PHTHORC26010,BP1 (12/29/2025 - 10/30/2026),NON_HOSPITAL,No,NOT_HOSPITAL,,"Recipient is named but the source does not state its organisational form; §8 settled fallback (session 10). §10.2 NON_HOSPITAL: the named recipient is not a hospital (§0.3a -- judged on the recipient, not the activity), and the source does not mention hospitals anywhere in the funded work.","Iowa publishes NO per-recipient amount. The notice's only dollar figure is its CMS footer, and that footer carries the RFP's pool in Iowa's Jan/Feb notices and the STATE ALLOTMENT in its June ones, so it is recorded per document in ia_notice_footers.csv and never attached to a recipient (§0.2, §6.2).",Washington,ARNP,Best and Brightest - Rural Healthcare Workforce Recruitment,2026-01-30,data/evidence/IA/2026-01-30_ia_noia_phthorc26010_best_and_brightest_rural_healthcare_workforc.pdf,42
IA,43,Iowa Specialty Hospital,,HOSPITAL_OR_SYSTEM,Yes,"Provider type: MD/DO FP-OB. County: Wright. Published by Iowa HHS as a Notice of Intent to Award, linked from the ""Where to Find Funding Awardees"" section of its Healthy Hometowns page. THE NOTICE PUBLISHES NO AMOUNT FOR ANY RECIPIENT: the only dollar figure it carries is in its CMS financial-assistance footer, whose tier changes between Iowa's February and June notices (§0.2), so no figure is attributed to this row and none is divided (§6.2). It is an INTENT, in the notice's own words: ""this Notice does NOT constitute the formation of a contract ... The bidder shall not acquire any legal or equitable rights relative to the contract services until a contract is executed.""",Yes,No,2026,"Iowa HHS Notice of Intent to Award, RFP #PHTHORC26010 Best and Brightest - Rural Healthcare Workforce Recruitment",https://hhs.iowa.gov/media/18094/download?inline,NOTICE_OF_INTENT_TO_AWARD,PARSED_PDF_RUNS,R/03z_ia_year1_awardees.R,,,,,Recipient name rule: name states a hospital.,MEDIUM,AMOUNT_MISSING,PHTHORC26010,BP1 (12/29/2025 - 10/30/2026),DIRECT,Yes,NAMED_HOSPITAL,,Recipient name rule: name states a hospital. §10.2 DIRECT: the named recipient is a hospital or hospital system and the state's award document names both the recipient and the amount.,"Iowa publishes NO per-recipient amount. The notice's only dollar figure is its CMS footer, and that footer carries the RFP's pool in Iowa's Jan/Feb notices and the STATE ALLOTMENT in its June ones, so it is recorded per document in ia_notice_footers.csv and never attached to a recipient (§0.2, §6.2).",Wright,MD/DO FP-OB,Best and Brightest - Rural Healthcare Workforce Recruitment,2026-01-30,data/evidence/IA/2026-01-30_ia_noia_phthorc26010_best_and_brightest_rural_healthcare_workforc.pdf,43
IA,44,Iowa Specialty Hospital,,HOSPITAL_OR_SYSTEM,Yes,"Provider type: Board-certified/eligible OB/GYN physician. County: Hamilton. Published by Iowa HHS as a Notice of Intent to Award, linked from the ""Where to Find Funding Awardees"" section of its Healthy Hometowns page. THE NOTICE PUBLISHES NO AMOUNT FOR ANY RECIPIENT: the only dollar figure it carries is in its CMS financial-assistance footer, whose tier changes between Iowa's February and June notices (§0.2), so no figure is attributed to this row and none is divided (§6.2). It is an INTENT, in the notice's own words: ""this Notice does NOT constitute the formation of a contract ... The bidder shall not acquire any legal or equitable rights relative to the contract services until a contract is executed.""",Yes,No,2026,"Iowa HHS Notice of Intent to Award, RFP #PHTHORC26010 Best and Brightest - Rural Healthcare Workforce Recruitment",https://hhs.iowa.gov/media/18094/download?inline,NOTICE_OF_INTENT_TO_AWARD,PARSED_PDF_RUNS,R/03z_ia_year1_awardees.R,,,,,Recipient name rule: name states a hospital.,MEDIUM,AMOUNT_MISSING,PHTHORC26010,BP1 (12/29/2025 - 10/30/2026),DIRECT,Yes,NAMED_HOSPITAL,,Recipient name rule: name states a hospital. §10.2 DIRECT: the named recipient is a hospital or hospital system and the state's award document names both the recipient and the amount.,"Iowa publishes NO per-recipient amount. The notice's only dollar figure is its CMS footer, and that footer carries the RFP's pool in Iowa's Jan/Feb notices and the STATE ALLOTMENT in its June ones, so it is recorded per document in ia_notice_footers.csv and never attached to a recipient (§0.2, §6.2).",Hamilton,Board-certified/eligible OB/GYN physician,Best and Brightest - Rural Healthcare Workforce Recruitment,2026-01-30,data/evidence/IA/2026-01-30_ia_noia_phthorc26010_best_and_brightest_rural_healthcare_workforc.pdf,44
IA,45,Iowa Specialty Hospital,,HOSPITAL_OR_SYSTEM,Yes,"Provider type: RN-OB. County: Wright. Published by Iowa HHS as a Notice of Intent to Award, linked from the ""Where to Find Funding Awardees"" section of its Healthy Hometowns page. THE NOTICE PUBLISHES NO AMOUNT FOR ANY RECIPIENT: the only dollar figure it carries is in its CMS financial-assistance footer, whose tier changes between Iowa's February and June notices (§0.2), so no figure is attributed to this row and none is divided (§6.2). It is an INTENT, in the notice's own words: ""this Notice does NOT constitute the formation of a contract ... The bidder shall not acquire any legal or equitable rights relative to the contract services until a contract is executed.""",Yes,No,2026,"Iowa HHS Notice of Intent to Award, RFP #PHTHORC26010 Best and Brightest - Rural Healthcare Workforce Recruitment",https://hhs.iowa.gov/media/18094/download?inline,NOTICE_OF_INTENT_TO_AWARD,PARSED_PDF_RUNS,R/03z_ia_year1_awardees.R,,,,,Recipient name rule: name states a hospital.,MEDIUM,AMOUNT_MISSING,PHTHORC26010,BP1 (12/29/2025 - 10/30/2026),DIRECT,Yes,NAMED_HOSPITAL,,Recipient name rule: name states a hospital. §10.2 DIRECT: the named recipient is a hospital or hospital system and the state's award document names both the recipient and the amount.,"Iowa publishes NO per-recipient amount. The notice's only dollar figure is its CMS footer, and that footer carries the RFP's pool in Iowa's Jan/Feb notices and the STATE ALLOTMENT in its June ones, so it is recorded per document in ia_notice_footers.csv and never attached to a recipient (§0.2, §6.2).",Wright,RN-OB,Best and Brightest - Rural Healthcare Workforce Recruitment,2026-01-30,data/evidence/IA/2026-01-30_ia_noia_phthorc26010_best_and_brightest_rural_healthcare_workforc.pdf,45
IA,46,Keokuk Area Hospital,,HOSPITAL_OR_SYSTEM,Yes,"Provider type: Emergency Medicine Physician. County: Lee. Published by Iowa HHS as a Notice of Intent to Award, linked from the ""Where to Find Funding Awardees"" section of its Healthy Hometowns page. THE NOTICE PUBLISHES NO AMOUNT FOR ANY RECIPIENT: the only dollar figure it carries is in its CMS financial-assistance footer, whose tier changes between Iowa's February and June notices (§0.2), so no figure is attributed to this row and none is divided (§6.2). It is an INTENT, in the notice's own words: ""this Notice does NOT constitute the formation of a contract ... The bidder shall not acquire any legal or equitable rights relative to the contract services until a contract is executed.""",Yes,No,2026,"Iowa HHS Notice of Intent to Award, RFP #PHTHORC26010 Best and Brightest - Rural Healthcare Workforce Recruitment",https://hhs.iowa.gov/media/18094/download?inline,NOTICE_OF_INTENT_TO_AWARD,PARSED_PDF_RUNS,R/03z_ia_year1_awardees.R,,,,,Recipient name rule: name states a hospital.,MEDIUM,AMOUNT_MISSING,PHTHORC26010,BP1 (12/29/2025 - 10/30/2026),DIRECT,Yes,NAMED_HOSPITAL,,Recipient name rule: name states a hospital. §10.2 DIRECT: the named recipient is a hospital or hospital system and the state's award document names both the recipient and the amount.,"Iowa publishes NO per-recipient amount. The notice's only dollar figure is its CMS footer, and that footer carries the RFP's pool in Iowa's Jan/Feb notices and the STATE ALLOTMENT in its June ones, so it is recorded per document in ia_notice_footers.csv and never attached to a recipient (§0.2, §6.2).",Lee,Emergency Medicine Physician,Best and Brightest - Rural Healthcare Workforce Recruitment,2026-01-30,data/evidence/IA/2026-01-30_ia_noia_phthorc26010_best_and_brightest_rural_healthcare_workforc.pdf,46
IA,47,Kossuth Regional Health Center,,NONPROFIT_CBO,No,"Provider type: RN. County: Kossuth. Published by Iowa HHS as a Notice of Intent to Award, linked from the ""Where to Find Funding Awardees"" section of its Healthy Hometowns page. THE NOTICE PUBLISHES NO AMOUNT FOR ANY RECIPIENT: the only dollar figure it carries is in its CMS financial-assistance footer, whose tier changes between Iowa's February and June notices (§0.2), so no figure is attributed to this row and none is divided (§6.2). It is an INTENT, in the notice's own words: ""this Notice does NOT constitute the formation of a contract ... The bidder shall not acquire any legal or equitable rights relative to the contract services until a contract is executed.""",Yes,No,2026,"Iowa HHS Notice of Intent to Award, RFP #PHTHORC26010 Best and Brightest - Rural Healthcare Workforce Recruitment",https://hhs.iowa.gov/media/18094/download?inline,NOTICE_OF_INTENT_TO_AWARD,PARSED_PDF_RUNS,R/03z_ia_year1_awardees.R,,,,,Recipient is named but the source does not state its organisational form; §8 settled fallback (session 10).,LOW,AMOUNT_MISSING;RECIPIENT_TYPE_INFERRED,PHTHORC26010,BP1 (12/29/2025 - 10/30/2026),NON_HOSPITAL,No,NOT_HOSPITAL,,"Recipient is named but the source does not state its organisational form; §8 settled fallback (session 10). §10.2 NON_HOSPITAL: the named recipient is not a hospital (§0.3a -- judged on the recipient, not the activity), and the source does not mention hospitals anywhere in the funded work.","Iowa publishes NO per-recipient amount. The notice's only dollar figure is its CMS footer, and that footer carries the RFP's pool in Iowa's Jan/Feb notices and the STATE ALLOTMENT in its June ones, so it is recorded per document in ia_notice_footers.csv and never attached to a recipient (§0.2, §6.2).",Kossuth,RN,Best and Brightest - Rural Healthcare Workforce Recruitment,2026-01-30,data/evidence/IA/2026-01-30_ia_noia_phthorc26010_best_and_brightest_rural_healthcare_workforc.pdf,47
IA,48,Lucas County Health Center,,NONPROFIT_CBO,No,"Provider type: Advanced Registered Nurse Practitioner (ARNP). County: Lucas. Published by Iowa HHS as a Notice of Intent to Award, linked from the ""Where to Find Funding Awardees"" section of its Healthy Hometowns page. THE NOTICE PUBLISHES NO AMOUNT FOR ANY RECIPIENT: the only dollar figure it carries is in its CMS financial-assistance footer, whose tier changes between Iowa's February and June notices (§0.2), so no figure is attributed to this row and none is divided (§6.2). It is an INTENT, in the notice's own words: ""this Notice does NOT constitute the formation of a contract ... The bidder shall not acquire any legal or equitable rights relative to the contract services until a contract is executed.""",Yes,No,2026,"Iowa HHS Notice of Intent to Award, RFP #PHTHORC26010 Best and Brightest - Rural Healthcare Workforce Recruitment",https://hhs.iowa.gov/media/18094/download?inline,NOTICE_OF_INTENT_TO_AWARD,PARSED_PDF_RUNS,R/03z_ia_year1_awardees.R,,,,,Recipient is named but the source does not state its organisational form; §8 settled fallback (session 10).,LOW,AMOUNT_MISSING;RECIPIENT_TYPE_INFERRED,PHTHORC26010,BP1 (12/29/2025 - 10/30/2026),NON_HOSPITAL,No,NOT_HOSPITAL,,"Recipient is named but the source does not state its organisational form; §8 settled fallback (session 10). §10.2 NON_HOSPITAL: the named recipient is not a hospital (§0.3a -- judged on the recipient, not the activity), and the source does not mention hospitals anywhere in the funded work.","Iowa publishes NO per-recipient amount. The notice's only dollar figure is its CMS footer, and that footer carries the RFP's pool in Iowa's Jan/Feb notices and the STATE ALLOTMENT in its June ones, so it is recorded per document in ia_notice_footers.csv and never attached to a recipient (§0.2, §6.2).",Lucas,Advanced Registered Nurse Practitioner (ARNP),Best and Brightest - Rural Healthcare Workforce Recruitment,2026-01-30,data/evidence/IA/2026-01-30_ia_noia_phthorc26010_best_and_brightest_rural_healthcare_workforc.pdf,48
IA,49,Lucas County Health Center,,NONPROFIT_CBO,No,"Provider type: Registered Nurse (RN). County: Lucas. Published by Iowa HHS as a Notice of Intent to Award, linked from the ""Where to Find Funding Awardees"" section of its Healthy Hometowns page. THE NOTICE PUBLISHES NO AMOUNT FOR ANY RECIPIENT: the only dollar figure it carries is in its CMS financial-assistance footer, whose tier changes between Iowa's February and June notices (§0.2), so no figure is attributed to this row and none is divided (§6.2). It is an INTENT, in the notice's own words: ""this Notice does NOT constitute the formation of a contract ... The bidder shall not acquire any legal or equitable rights relative to the contract services until a contract is executed.""",Yes,No,2026,"Iowa HHS Notice of Intent to Award, RFP #PHTHORC26010 Best and Brightest - Rural Healthcare Workforce Recruitment",https://hhs.iowa.gov/media/18094/download?inline,NOTICE_OF_INTENT_TO_AWARD,PARSED_PDF_RUNS,R/03z_ia_year1_awardees.R,,,,,Recipient is named but the source does not state its organisational form; §8 settled fallback (session 10).,LOW,AMOUNT_MISSING;RECIPIENT_TYPE_INFERRED,PHTHORC26010,BP1 (12/29/2025 - 10/30/2026),NON_HOSPITAL,No,NOT_HOSPITAL,,"Recipient is named but the source does not state its organisational form; §8 settled fallback (session 10). §10.2 NON_HOSPITAL: the named recipient is not a hospital (§0.3a -- judged on the recipient, not the activity), and the source does not mention hospitals anywhere in the funded work.","Iowa publishes NO per-recipient amount. The notice's only dollar figure is its CMS footer, and that footer carries the RFP's pool in Iowa's Jan/Feb notices and the STATE ALLOTMENT in its June ones, so it is recorded per document in ia_notice_footers.csv and never attached to a recipient (§0.2, §6.2).",Lucas,Registered Nurse (RN),Best and Brightest - Rural Healthcare Workforce Recruitment,2026-01-30,data/evidence/IA/2026-01-30_ia_noia_phthorc26010_best_and_brightest_rural_healthcare_workforc.pdf,49
IA,50,Madison County Healthcare System,,HOSPITAL_OR_SYSTEM,Yes,"Provider type: Pediatrician preferred; pediatric nurse practitioner as an alternative. County: Madison. Published by Iowa HHS as a Notice of Intent to Award, linked from the ""Where to Find Funding Awardees"" section of its Healthy Hometowns page. THE NOTICE PUBLISHES NO AMOUNT FOR ANY RECIPIENT: the only dollar figure it carries is in its CMS financial-assistance footer, whose tier changes between Iowa's February and June notices (§0.2), so no figure is attributed to this row and none is divided (§6.2). It is an INTENT, in the notice's own words: ""this Notice does NOT constitute the formation of a contract ... The bidder shall not acquire any legal or equitable rights relative to the contract services until a contract is executed.""",Yes,No,2026,"Iowa HHS Notice of Intent to Award, RFP #PHTHORC26010 Best and Brightest - Rural Healthcare Workforce Recruitment",https://hhs.iowa.gov/media/18094/download?inline,NOTICE_OF_INTENT_TO_AWARD,PARSED_PDF_RUNS,R/03z_ia_year1_awardees.R,,,,,Recipient name rule: name states a health system.,MEDIUM,AMOUNT_MISSING,PHTHORC26010,BP1 (12/29/2025 - 10/30/2026),DIRECT,Yes,NAMED_HOSPITAL,,Recipient name rule: name states a health system. §10.2 DIRECT: the named recipient is a hospital or hospital system and the state's award document names both the recipient and the amount.,"Iowa publishes NO per-recipient amount. The notice's only dollar figure is its CMS footer, and that footer carries the RFP's pool in Iowa's Jan/Feb notices and the STATE ALLOTMENT in its June ones, so it is recorded per document in ia_notice_footers.csv and never attached to a recipient (§0.2, §6.2).",Madison,Pediatrician preferred; pediatric nurse practitioner as an alternative,Best and Brightest - Rural Healthcare Workforce Recruitment,2026-01-30,data/evidence/IA/2026-01-30_ia_noia_phthorc26010_best_and_brightest_rural_healthcare_workforc.pdf,50
IA,51,Mahaska County Hospital dba Mahaska Health,,HOSPITAL_OR_SYSTEM,Yes,"Provider type: MD/DO. County: Mahaska. Published by Iowa HHS as a Notice of Intent to Award, linked from the ""Where to Find Funding Awardees"" section of its Healthy Hometowns page. THE NOTICE PUBLISHES NO AMOUNT FOR ANY RECIPIENT: the only dollar figure it carries is in its CMS financial-assistance footer, whose tier changes between Iowa's February and June notices (§0.2), so no figure is attributed to this row and none is divided (§6.2). It is an INTENT, in the notice's own words: ""this Notice does NOT constitute the formation of a contract ... The bidder shall not acquire any legal or equitable rights relative to the contract services until a contract is executed.""",Yes,No,2026,"Iowa HHS Notice of Intent to Award, RFP #PHTHORC26010 Best and Brightest - Rural Healthcare Workforce Recruitment",https://hhs.iowa.gov/media/18094/download?inline,NOTICE_OF_INTENT_TO_AWARD,PARSED_PDF_RUNS,R/03z_ia_year1_awardees.R,,,,,Recipient name rule: name states a hospital.,MEDIUM,AMOUNT_MISSING,PHTHORC26010,BP1 (12/29/2025 - 10/30/2026),DIRECT,Yes,NAMED_HOSPITAL,,Recipient name rule: name states a hospital. §10.2 DIRECT: the named recipient is a hospital or hospital system and the state's award document names both the recipient and the amount.,"Iowa publishes NO per-recipient amount. The notice's only dollar figure is its CMS footer, and that footer carries the RFP's pool in Iowa's Jan/Feb notices and the STATE ALLOTMENT in its June ones, so it is recorded per document in ia_notice_footers.csv and never attached to a recipient (§0.2, §6.2).",Mahaska,MD/DO,Best and Brightest - Rural Healthcare Workforce Recruitment,2026-01-30,data/evidence/IA/2026-01-30_ia_noia_phthorc26010_best_and_brightest_rural_healthcare_workforc.pdf,51
IA,52,Partnership Mahaska County Hospital dba Mahaska Health Partnership,,HOSPITAL_OR_SYSTEM,Yes,"Provider type: Physician assistant. County: Mahaska. Published by Iowa HHS as a Notice of Intent to Award, linked from the ""Where to Find Funding Awardees"" section of its Healthy Hometowns page. THE NOTICE PUBLISHES NO AMOUNT FOR ANY RECIPIENT: the only dollar figure it carries is in its CMS financial-assistance footer, whose tier changes between Iowa's February and June notices (§0.2), so no figure is attributed to this row and none is divided (§6.2). It is an INTENT, in the notice's own words: ""this Notice does NOT constitute the formation of a contract ... The bidder shall not acquire any legal or equitable rights relative to the contract services until a contract is executed.""",Yes,No,2026,"Iowa HHS Notice of Intent to Award, RFP #PHTHORC26010 Best and Brightest - Rural Healthcare Workforce Recruitment",https://hhs.iowa.gov/media/18094/download?inline,NOTICE_OF_INTENT_TO_AWARD,PARSED_PDF_RUNS,R/03z_ia_year1_awardees.R,,,,,Recipient name rule: name states a hospital.,MEDIUM,AMOUNT_MISSING,PHTHORC26010,BP1 (12/29/2025 - 10/30/2026),DIRECT,Yes,NAMED_HOSPITAL,,Recipient name rule: name states a hospital. §10.2 DIRECT: the named recipient is a hospital or hospital system and the state's award document names both the recipient and the amount.,"Iowa publishes NO per-recipient amount. The notice's only dollar figure is its CMS footer, and that footer carries the RFP's pool in Iowa's Jan/Feb notices and the STATE ALLOTMENT in its June ones, so it is recorded per document in ia_notice_footers.csv and never attached to a recipient (§0.2, §6.2).",Mahaska,Physician assistant,Best and Brightest - Rural Healthcare Workforce Recruitment,2026-01-30,data/evidence/IA/2026-01-30_ia_noia_phthorc26010_best_and_brightest_rural_healthcare_workforc.pdf,52
IA,53,Manning Regional Healthcare Center,,NONPROFIT_CBO,No,"Provider type: RN. County: Carroll. Published by Iowa HHS as a Notice of Intent to Award, linked from the ""Where to Find Funding Awardees"" section of its Healthy Hometowns page. THE NOTICE PUBLISHES NO AMOUNT FOR ANY RECIPIENT: the only dollar figure it carries is in its CMS financial-assistance footer, whose tier changes between Iowa's February and June notices (§0.2), so no figure is attributed to this row and none is divided (§6.2). It is an INTENT, in the notice's own words: ""this Notice does NOT constitute the formation of a contract ... The bidder shall not acquire any legal or equitable rights relative to the contract services until a contract is executed.""",Yes,No,2026,"Iowa HHS Notice of Intent to Award, RFP #PHTHORC26010 Best and Brightest - Rural Healthcare Workforce Recruitment",https://hhs.iowa.gov/media/18094/download?inline,NOTICE_OF_INTENT_TO_AWARD,PARSED_PDF_RUNS,R/03z_ia_year1_awardees.R,,,,,Recipient is named but the source does not state its organisational form; §8 settled fallback (session 10).,LOW,AMOUNT_MISSING;RECIPIENT_TYPE_INFERRED,PHTHORC26010,BP1 (12/29/2025 - 10/30/2026),NON_HOSPITAL,No,NOT_HOSPITAL,,"Recipient is named but the source does not state its organisational form; §8 settled fallback (session 10). §10.2 NON_HOSPITAL: the named recipient is not a hospital (§0.3a -- judged on the recipient, not the activity), and the source does not mention hospitals anywhere in the funded work.","Iowa publishes NO per-recipient amount. The notice's only dollar figure is its CMS footer, and that footer carries the RFP's pool in Iowa's Jan/Feb notices and the STATE ALLOTMENT in its June ones, so it is recorded per document in ia_notice_footers.csv and never attached to a recipient (§0.2, §6.2).",Carroll,RN,Best and Brightest - Rural Healthcare Workforce Recruitment,2026-01-30,data/evidence/IA/2026-01-30_ia_noia_phthorc26010_best_and_brightest_rural_healthcare_workforc.pdf,53
IA,54,Manning Regional Healthcare Center,,NONPROFIT_CBO,No,"Provider type: Advanced Registered Nurse Practitioner (ARNP). County: Carroll. Published by Iowa HHS as a Notice of Intent to Award, linked from the ""Where to Find Funding Awardees"" section of its Healthy Hometowns page. THE NOTICE PUBLISHES NO AMOUNT FOR ANY RECIPIENT: the only dollar figure it carries is in its CMS financial-assistance footer, whose tier changes between Iowa's February and June notices (§0.2), so no figure is attributed to this row and none is divided (§6.2). It is an INTENT, in the notice's own words: ""this Notice does NOT constitute the formation of a contract ... The bidder shall not acquire any legal or equitable rights relative to the contract services until a contract is executed.""",Yes,No,2026,"Iowa HHS Notice of Intent to Award, RFP #PHTHORC26010 Best and Brightest - Rural Healthcare Workforce Recruitment",https://hhs.iowa.gov/media/18094/download?inline,NOTICE_OF_INTENT_TO_AWARD,PARSED_PDF_RUNS,R/03z_ia_year1_awardees.R,,,,,Recipient is named but the source does not state its organisational form; §8 settled fallback (session 10).,LOW,AMOUNT_MISSING;RECIPIENT_TYPE_INFERRED,PHTHORC26010,BP1 (12/29/2025 - 10/30/2026),NON_HOSPITAL,No,NOT_HOSPITAL,,"Recipient is named but the source does not state its organisational form; §8 settled fallback (session 10). §10.2 NON_HOSPITAL: the named recipient is not a hospital (§0.3a -- judged on the recipient, not the activity), and the source does not mention hospitals anywhere in the funded work.","Iowa publishes NO per-recipient amount. The notice's only dollar figure is its CMS footer, and that footer carries the RFP's pool in Iowa's Jan/Feb notices and the STATE ALLOTMENT in its June ones, so it is recorded per document in ia_notice_footers.csv and never attached to a recipient (§0.2, §6.2).",Carroll,Advanced Registered Nurse Practitioner (ARNP),Best and Brightest - Rural Healthcare Workforce Recruitment,2026-01-30,data/evidence/IA/2026-01-30_ia_noia_phthorc26010_best_and_brightest_rural_healthcare_workforc.pdf,54
IA,55,Marengo Memorial Hospital,,HOSPITAL_OR_SYSTEM,Yes,"Provider type: MD/DO, NP, or PA-C. County: Washington. Published by Iowa HHS as a Notice of Intent to Award, linked from the ""Where to Find Funding Awardees"" section of its Healthy Hometowns page. THE NOTICE PUBLISHES NO AMOUNT FOR ANY RECIPIENT: the only dollar figure it carries is in its CMS financial-assistance footer, whose tier changes between Iowa's February and June notices (§0.2), so no figure is attributed to this row and none is divided (§6.2). It is an INTENT, in the notice's own words: ""this Notice does NOT constitute the formation of a contract ... The bidder shall not acquire any legal or equitable rights relative to the contract services until a contract is executed.""",Yes,No,2026,"Iowa HHS Notice of Intent to Award, RFP #PHTHORC26010 Best and Brightest - Rural Healthcare Workforce Recruitment",https://hhs.iowa.gov/media/18094/download?inline,NOTICE_OF_INTENT_TO_AWARD,PARSED_PDF_RUNS,R/03z_ia_year1_awardees.R,,,,,Recipient name rule: name states a hospital.,MEDIUM,AMOUNT_MISSING,PHTHORC26010,BP1 (12/29/2025 - 10/30/2026),DIRECT,Yes,NAMED_HOSPITAL,,Recipient name rule: name states a hospital. §10.2 DIRECT: the named recipient is a hospital or hospital system and the state's award document names both the recipient and the amount.,"Iowa publishes NO per-recipient amount. The notice's only dollar figure is its CMS footer, and that footer carries the RFP's pool in Iowa's Jan/Feb notices and the STATE ALLOTMENT in its June ones, so it is recorded per document in ia_notice_footers.csv and never attached to a recipient (§0.2, §6.2).",Washington,"MD/DO, NP, or PA-C",Best and Brightest - Rural Healthcare Workforce Recruitment,2026-01-30,data/evidence/IA/2026-01-30_ia_noia_phthorc26010_best_and_brightest_rural_healthcare_workforc.pdf,55
IA,56,Marengo Memorial Hospital,,HOSPITAL_OR_SYSTEM,Yes,"Provider type: Urologist. County: Iowa. Published by Iowa HHS as a Notice of Intent to Award, linked from the ""Where to Find Funding Awardees"" section of its Healthy Hometowns page. THE NOTICE PUBLISHES NO AMOUNT FOR ANY RECIPIENT: the only dollar figure it carries is in its CMS financial-assistance footer, whose tier changes between Iowa's February and June notices (§0.2), so no figure is attributed to this row and none is divided (§6.2). It is an INTENT, in the notice's own words: ""this Notice does NOT constitute the formation of a contract ... The bidder shall not acquire any legal or equitable rights relative to the contract services until a contract is executed.""",Yes,No,2026,"Iowa HHS Notice of Intent to Award, RFP #PHTHORC26010 Best and Brightest - Rural Healthcare Workforce Recruitment",https://hhs.iowa.gov/media/18094/download?inline,NOTICE_OF_INTENT_TO_AWARD,PARSED_PDF_RUNS,R/03z_ia_year1_awardees.R,,,,,Recipient name rule: name states a hospital.,MEDIUM,AMOUNT_MISSING,PHTHORC26010,BP1 (12/29/2025 - 10/30/2026),DIRECT,Yes,NAMED_HOSPITAL,,Recipient name rule: name states a hospital. §10.2 DIRECT: the named recipient is a hospital or hospital system and the state's award document names both the recipient and the amount.,"Iowa publishes NO per-recipient amount. The notice's only dollar figure is its CMS footer, and that footer carries the RFP's pool in Iowa's Jan/Feb notices and the STATE ALLOTMENT in its June ones, so it is recorded per document in ia_notice_footers.csv and never attached to a recipient (§0.2, §6.2).",Iowa,Urologist,Best and Brightest - Rural Healthcare Workforce Recruitment,2026-01-30,data/evidence/IA/2026-01-30_ia_noia_phthorc26010_best_and_brightest_rural_healthcare_workforc.pdf,56
IA,57,"Mercy Health Services- Iowa, Corp.",,NONPROFIT_CBO,No,"Provider type: Emergency Medicine ARNP. County: Dubuque / Delaware. Published by Iowa HHS as a Notice of Intent to Award, linked from the ""Where to Find Funding Awardees"" section of its Healthy Hometowns page. THE NOTICE PUBLISHES NO AMOUNT FOR ANY RECIPIENT: the only dollar figure it carries is in its CMS financial-assistance footer, whose tier changes between Iowa's February and June notices (§0.2), so no figure is attributed to this row and none is divided (§6.2). It is an INTENT, in the notice's own words: ""this Notice does NOT constitute the formation of a contract ... The bidder shall not acquire any legal or equitable rights relative to the contract services until a contract is executed.""",Yes,No,2026,"Iowa HHS Notice of Intent to Award, RFP #PHTHORC26010 Best and Brightest - Rural Healthcare Workforce Recruitment",https://hhs.iowa.gov/media/18094/download?inline,NOTICE_OF_INTENT_TO_AWARD,PARSED_PDF_RUNS,R/03z_ia_year1_awardees.R,,,,,Recipient is named but the source does not state its organisational form; §8 settled fallback (session 10).,LOW,AMOUNT_MISSING;RECIPIENT_TYPE_INFERRED,PHTHORC26010,BP1 (12/29/2025 - 10/30/2026),NON_HOSPITAL,No,NOT_HOSPITAL,,"Recipient is named but the source does not state its organisational form; §8 settled fallback (session 10). §10.2 NON_HOSPITAL: the named recipient is not a hospital (§0.3a -- judged on the recipient, not the activity), and the source does not mention hospitals anywhere in the funded work.","Iowa publishes NO per-recipient amount. The notice's only dollar figure is its CMS footer, and that footer carries the RFP's pool in Iowa's Jan/Feb notices and the STATE ALLOTMENT in its June ones, so it is recorded per document in ia_notice_footers.csv and never attached to a recipient (§0.2, §6.2).",Dubuque / Delaware,Emergency Medicine ARNP,Best and Brightest - Rural Healthcare Workforce Recruitment,2026-01-30,data/evidence/IA/2026-01-30_ia_noia_phthorc26010_best_and_brightest_rural_healthcare_workforc.pdf,57
IA,58,MercyOne Clinton Medical Center,,HOSPITAL_OR_SYSTEM,Yes,"Provider type: Family Medicine Physician (MD or DO). County: Clinton. Published by Iowa HHS as a Notice of Intent to Award, linked from the ""Where to Find Funding Awardees"" section of its Healthy Hometowns page. THE NOTICE PUBLISHES NO AMOUNT FOR ANY RECIPIENT: the only dollar figure it carries is in its CMS financial-assistance footer, whose tier changes between Iowa's February and June notices (§0.2), so no figure is attributed to this row and none is divided (§6.2). It is an INTENT, in the notice's own words: ""this Notice does NOT constitute the formation of a contract ... The bidder shall not acquire any legal or equitable rights relative to the contract services until a contract is executed.""",Yes,No,2026,"Iowa HHS Notice of Intent to Award, RFP #PHTHORC26010 Best and Brightest - Rural Healthcare Workforce Recruitment",https://hhs.iowa.gov/media/18094/download?inline,NOTICE_OF_INTENT_TO_AWARD,PARSED_PDF_RUNS,R/03z_ia_year1_awardees.R,,,,,Recipient name rule: name states a medical center.,MEDIUM,AMOUNT_MISSING,PHTHORC26010,BP1 (12/29/2025 - 10/30/2026),DIRECT,Yes,NAMED_HOSPITAL,,Recipient name rule: name states a medical center. §10.2 DIRECT: the named recipient is a hospital or hospital system and the state's award document names both the recipient and the amount.,"Iowa publishes NO per-recipient amount. The notice's only dollar figure is its CMS footer, and that footer carries the RFP's pool in Iowa's Jan/Feb notices and the STATE ALLOTMENT in its June ones, so it is recorded per document in ia_notice_footers.csv and never attached to a recipient (§0.2, §6.2).",Clinton,Family Medicine Physician (MD or DO),Best and Brightest - Rural Healthcare Workforce Recruitment,2026-01-30,data/evidence/IA/2026-01-30_ia_noia_phthorc26010_best_and_brightest_rural_healthcare_workforc.pdf,58
IA,59,MercyOne Elkader Medical Center,,HOSPITAL_OR_SYSTEM,Yes,"Provider type: Family Medicine Physician (MD/DO). County: Clayton. Published by Iowa HHS as a Notice of Intent to Award, linked from the ""Where to Find Funding Awardees"" section of its Healthy Hometowns page. THE NOTICE PUBLISHES NO AMOUNT FOR ANY RECIPIENT: the only dollar figure it carries is in its CMS financial-assistance footer, whose tier changes between Iowa's February and June notices (§0.2), so no figure is attributed to this row and none is divided (§6.2). It is an INTENT, in the notice's own words: ""this Notice does NOT constitute the formation of a contract ... The bidder shall not acquire any legal or equitable rights relative to the contract services until a contract is executed.""",Yes,No,2026,"Iowa HHS Notice of Intent to Award, RFP #PHTHORC26010 Best and Brightest - Rural Healthcare Workforce Recruitment",https://hhs.iowa.gov/media/18094/download?inline,NOTICE_OF_INTENT_TO_AWARD,PARSED_PDF_RUNS,R/03z_ia_year1_awardees.R,,,,,Recipient name rule: name states a medical center.,MEDIUM,AMOUNT_MISSING,PHTHORC26010,BP1 (12/29/2025 - 10/30/2026),DIRECT,Yes,NAMED_HOSPITAL,,Recipient name rule: name states a medical center. §10.2 DIRECT: the named recipient is a hospital or hospital system and the state's award document names both the recipient and the amount.,"Iowa publishes NO per-recipient amount. The notice's only dollar figure is its CMS footer, and that footer carries the RFP's pool in Iowa's Jan/Feb notices and the STATE ALLOTMENT in its June ones, so it is recorded per document in ia_notice_footers.csv and never attached to a recipient (§0.2, §6.2).",Clayton,Family Medicine Physician (MD/DO),Best and Brightest - Rural Healthcare Workforce Recruitment,2026-01-30,data/evidence/IA/2026-01-30_ia_noia_phthorc26010_best_and_brightest_rural_healthcare_workforc.pdf,59
IA,60,MercyOneGenesis DeWitt Medical Center,,HOSPITAL_OR_SYSTEM,Yes,"Provider type: ARNP. County: Clinton. Published by Iowa HHS as a Notice of Intent to Award, linked from the ""Where to Find Funding Awardees"" section of its Healthy Hometowns page. THE NOTICE PUBLISHES NO AMOUNT FOR ANY RECIPIENT: the only dollar figure it carries is in its CMS financial-assistance footer, whose tier changes between Iowa's February and June notices (§0.2), so no figure is attributed to this row and none is divided (§6.2). It is an INTENT, in the notice's own words: ""this Notice does NOT constitute the formation of a contract ... The bidder shall not acquire any legal or equitable rights relative to the contract services until a contract is executed.""",Yes,No,2026,"Iowa HHS Notice of Intent to Award, RFP #PHTHORC26010 Best and Brightest - Rural Healthcare Workforce Recruitment",https://hhs.iowa.gov/media/18094/download?inline,NOTICE_OF_INTENT_TO_AWARD,PARSED_PDF_RUNS,R/03z_ia_year1_awardees.R,,,,,Recipient name rule: name states a medical center.,MEDIUM,AMOUNT_MISSING,PHTHORC26010,BP1 (12/29/2025 - 10/30/2026),DIRECT,Yes,NAMED_HOSPITAL,,Recipient name rule: name states a medical center. §10.2 DIRECT: the named recipient is a hospital or hospital system and the state's award document names both the recipient and the amount.,"Iowa publishes NO per-recipient amount. The notice's only dollar figure is its CMS footer, and that footer carries the RFP's pool in Iowa's Jan/Feb notices and the STATE ALLOTMENT in its June ones, so it is recorded per document in ia_notice_footers.csv and never attached to a recipient (§0.2, §6.2).",Clinton,ARNP,Best and Brightest - Rural Healthcare Workforce Recruitment,2026-01-30,data/evidence/IA/2026-01-30_ia_noia_phthorc26010_best_and_brightest_rural_healthcare_workforc.pdf,60
IA,61,MercyOne New Hampton,,NONPROFIT_CBO,No,"Provider type: Family Medicine Physician (MD or DO). County: Chickasaw. Published by Iowa HHS as a Notice of Intent to Award, linked from the ""Where to Find Funding Awardees"" section of its Healthy Hometowns page. THE NOTICE PUBLISHES NO AMOUNT FOR ANY RECIPIENT: the only dollar figure it carries is in its CMS financial-assistance footer, whose tier changes between Iowa's February and June notices (§0.2), so no figure is attributed to this row and none is divided (§6.2). It is an INTENT, in the notice's own words: ""this Notice does NOT constitute the formation of a contract ... The bidder shall not acquire any legal or equitable rights relative to the contract services until a contract is executed.""",Yes,No,2026,"Iowa HHS Notice of Intent to Award, RFP #PHTHORC26010 Best and Brightest - Rural Healthcare Workforce Recruitment",https://hhs.iowa.gov/media/18094/download?inline,NOTICE_OF_INTENT_TO_AWARD,PARSED_PDF_RUNS,R/03z_ia_year1_awardees.R,,,,,Recipient is named but the source does not state its organisational form; §8 settled fallback (session 10).,LOW,AMOUNT_MISSING;RECIPIENT_TYPE_INFERRED,PHTHORC26010,BP1 (12/29/2025 - 10/30/2026),NON_HOSPITAL,No,NOT_HOSPITAL,,"Recipient is named but the source does not state its organisational form; §8 settled fallback (session 10). §10.2 NON_HOSPITAL: the named recipient is not a hospital (§0.3a -- judged on the recipient, not the activity), and the source does not mention hospitals anywhere in the funded work.","Iowa publishes NO per-recipient amount. The notice's only dollar figure is its CMS footer, and that footer carries the RFP's pool in Iowa's Jan/Feb notices and the STATE ALLOTMENT in its June ones, so it is recorded per document in ia_notice_footers.csv and never attached to a recipient (§0.2, §6.2).",Chickasaw,Family Medicine Physician (MD or DO),Best and Brightest - Rural Healthcare Workforce Recruitment,2026-01-30,data/evidence/IA/2026-01-30_ia_noia_phthorc26010_best_and_brightest_rural_healthcare_workforc.pdf,61
IA,62,MercyOne Newton Medical Center,,HOSPITAL_OR_SYSTEM,Yes,"Provider type: MD/DO Internal Medicine physician. County: Jasper. Published by Iowa HHS as a Notice of Intent to Award, linked from the ""Where to Find Funding Awardees"" section of its Healthy Hometowns page. THE NOTICE PUBLISHES NO AMOUNT FOR ANY RECIPIENT: the only dollar figure it carries is in its CMS financial-assistance footer, whose tier changes between Iowa's February and June notices (§0.2), so no figure is attributed to this row and none is divided (§6.2). It is an INTENT, in the notice's own words: ""this Notice does NOT constitute the formation of a contract ... The bidder shall not acquire any legal or equitable rights relative to the contract services until a contract is executed.""",Yes,No,2026,"Iowa HHS Notice of Intent to Award, RFP #PHTHORC26010 Best and Brightest - Rural Healthcare Workforce Recruitment",https://hhs.iowa.gov/media/18094/download?inline,NOTICE_OF_INTENT_TO_AWARD,PARSED_PDF_RUNS,R/03z_ia_year1_awardees.R,,,,,Recipient name rule: name states a medical center.,MEDIUM,AMOUNT_MISSING,PHTHORC26010,BP1 (12/29/2025 - 10/30/2026),DIRECT,Yes,NAMED_HOSPITAL,,Recipient name rule: name states a medical center. §10.2 DIRECT: the named recipient is a hospital or hospital system and the state's award document names both the recipient and the amount.,"Iowa publishes NO per-recipient amount. The notice's only dollar figure is its CMS footer, and that footer carries the RFP's pool in Iowa's Jan/Feb notices and the STATE ALLOTMENT in its June ones, so it is recorded per document in ia_notice_footers.csv and never attached to a recipient (§0.2, §6.2).",Jasper,MD/DO Internal Medicine physician,Best and Brightest - Rural Healthcare Workforce Recruitment,2026-01-30,data/evidence/IA/2026-01-30_ia_noia_phthorc26010_best_and_brightest_rural_healthcare_workforc.pdf,62
IA,63,MercyOne North Iowa Foundation,,NONPROFIT_CBO,No,"Provider type: MD/DO. County: Cerro Gordo. Published by Iowa HHS as a Notice of Intent to Award, linked from the ""Where to Find Funding Awardees"" section of its Healthy Hometowns page. THE NOTICE PUBLISHES NO AMOUNT FOR ANY RECIPIENT: the only dollar figure it carries is in its CMS financial-assistance footer, whose tier changes between Iowa's February and June notices (§0.2), so no figure is attributed to this row and none is divided (§6.2). It is an INTENT, in the notice's own words: ""this Notice does NOT constitute the formation of a contract ... The bidder shall not acquire any legal or equitable rights relative to the contract services until a contract is executed.""",Yes,No,2026,"Iowa HHS Notice of Intent to Award, RFP #PHTHORC26010 Best and Brightest - Rural Healthcare Workforce Recruitment",https://hhs.iowa.gov/media/18094/download?inline,NOTICE_OF_INTENT_TO_AWARD,PARSED_PDF_RUNS,R/03z_ia_year1_awardees.R,,,,,Recipient is named but the source does not state its organisational form; §8 settled fallback (session 10).,LOW,AMOUNT_MISSING;RECIPIENT_TYPE_INFERRED,PHTHORC26010,BP1 (12/29/2025 - 10/30/2026),NON_HOSPITAL,No,NOT_HOSPITAL,,"Recipient is named but the source does not state its organisational form; §8 settled fallback (session 10). §10.2 NON_HOSPITAL: the named recipient is not a hospital (§0.3a -- judged on the recipient, not the activity), and the source does not mention hospitals anywhere in the funded work.","Iowa publishes NO per-recipient amount. The notice's only dollar figure is its CMS footer, and that footer carries the RFP's pool in Iowa's Jan/Feb notices and the STATE ALLOTMENT in its June ones, so it is recorded per document in ia_notice_footers.csv and never attached to a recipient (§0.2, §6.2).",Cerro Gordo,MD/DO,Best and Brightest - Rural Healthcare Workforce Recruitment,2026-01-30,data/evidence/IA/2026-01-30_ia_noia_phthorc26010_best_and_brightest_rural_healthcare_workforc.pdf,63
IA,64,MercyOneNorth Iowa Foundation,,NONPROFIT_CBO,No,"Provider type: Family Medicine Physician (MD/DO). County: Winnebago / Hancock. Published by Iowa HHS as a Notice of Intent to Award, linked from the ""Where to Find Funding Awardees"" section of its Healthy Hometowns page. THE NOTICE PUBLISHES NO AMOUNT FOR ANY RECIPIENT: the only dollar figure it carries is in its CMS financial-assistance footer, whose tier changes between Iowa's February and June notices (§0.2), so no figure is attributed to this row and none is divided (§6.2). It is an INTENT, in the notice's own words: ""this Notice does NOT constitute the formation of a contract ... The bidder shall not acquire any legal or equitable rights relative to the contract services until a contract is executed.""",Yes,No,2026,"Iowa HHS Notice of Intent to Award, RFP #PHTHORC26010 Best and Brightest - Rural Healthcare Workforce Recruitment",https://hhs.iowa.gov/media/18094/download?inline,NOTICE_OF_INTENT_TO_AWARD,PARSED_PDF_RUNS,R/03z_ia_year1_awardees.R,,,,,Recipient is named but the source does not state its organisational form; §8 settled fallback (session 10).,LOW,AMOUNT_MISSING;RECIPIENT_TYPE_INFERRED,PHTHORC26010,BP1 (12/29/2025 - 10/30/2026),NON_HOSPITAL,No,NOT_HOSPITAL,,"Recipient is named but the source does not state its organisational form; §8 settled fallback (session 10). §10.2 NON_HOSPITAL: the named recipient is not a hospital (§0.3a -- judged on the recipient, not the activity), and the source does not mention hospitals anywhere in the funded work.","Iowa publishes NO per-recipient amount. The notice's only dollar figure is its CMS footer, and that footer carries the RFP's pool in Iowa's Jan/Feb notices and the STATE ALLOTMENT in its June ones, so it is recorded per document in ia_notice_footers.csv and never attached to a recipient (§0.2, §6.2).",Winnebago / Hancock,Family Medicine Physician (MD/DO),Best and Brightest - Rural Healthcare Workforce Recruitment,2026-01-30,data/evidence/IA/2026-01-30_ia_noia_phthorc26010_best_and_brightest_rural_healthcare_workforc.pdf,64
IA,65,MercyOne North Iowa Foundation,,NONPROFIT_CBO,No,"Provider type: Family Medicine Provider ARNP. County: Worth. Published by Iowa HHS as a Notice of Intent to Award, linked from the ""Where to Find Funding Awardees"" section of its Healthy Hometowns page. THE NOTICE PUBLISHES NO AMOUNT FOR ANY RECIPIENT: the only dollar figure it carries is in its CMS financial-assistance footer, whose tier changes between Iowa's February and June notices (§0.2), so no figure is attributed to this row and none is divided (§6.2). It is an INTENT, in the notice's own words: ""this Notice does NOT constitute the formation of a contract ... The bidder shall not acquire any legal or equitable rights relative to the contract services until a contract is executed.""",Yes,No,2026,"Iowa HHS Notice of Intent to Award, RFP #PHTHORC26010 Best and Brightest - Rural Healthcare Workforce Recruitment",https://hhs.iowa.gov/media/18094/download?inline,NOTICE_OF_INTENT_TO_AWARD,PARSED_PDF_RUNS,R/03z_ia_year1_awardees.R,,,,,Recipient is named but the source does not state its organisational form; §8 settled fallback (session 10).,LOW,AMOUNT_MISSING;RECIPIENT_TYPE_INFERRED,PHTHORC26010,BP1 (12/29/2025 - 10/30/2026),NON_HOSPITAL,No,NOT_HOSPITAL,,"Recipient is named but the source does not state its organisational form; §8 settled fallback (session 10). §10.2 NON_HOSPITAL: the named recipient is not a hospital (§0.3a -- judged on the recipient, not the activity), and the source does not mention hospitals anywhere in the funded work.","Iowa publishes NO per-recipient amount. The notice's only dollar figure is its CMS footer, and that footer carries the RFP's pool in Iowa's Jan/Feb notices and the STATE ALLOTMENT in its June ones, so it is recorded per document in ia_notice_footers.csv and never attached to a recipient (§0.2, §6.2).",Worth,Family Medicine Provider ARNP,Best and Brightest - Rural Healthcare Workforce Recruitment,2026-01-30,data/evidence/IA/2026-01-30_ia_noia_phthorc26010_best_and_brightest_rural_healthcare_workforc.pdf,65
IA,66,Mitchell County Regional Health Center,,NONPROFIT_CBO,No,"Provider type: Doctor of Medicine (MD) or a Doctor of Osteopathic Medicine (DO). County: Mitchell. Published by Iowa HHS as a Notice of Intent to Award, linked from the ""Where to Find Funding Awardees"" section of its Healthy Hometowns page. THE NOTICE PUBLISHES NO AMOUNT FOR ANY RECIPIENT: the only dollar figure it carries is in its CMS financial-assistance footer, whose tier changes between Iowa's February and June notices (§0.2), so no figure is attributed to this row and none is divided (§6.2). It is an INTENT, in the notice's own words: ""this Notice does NOT constitute the formation of a contract ... The bidder shall not acquire any legal or equitable rights relative to the contract services until a contract is executed.""",Yes,No,2026,"Iowa HHS Notice of Intent to Award, RFP #PHTHORC26010 Best and Brightest - Rural Healthcare Workforce Recruitment",https://hhs.iowa.gov/media/18094/download?inline,NOTICE_OF_INTENT_TO_AWARD,PARSED_PDF_RUNS,R/03z_ia_year1_awardees.R,,,,,Recipient is named but the source does not state its organisational form; §8 settled fallback (session 10).,LOW,AMOUNT_MISSING;RECIPIENT_TYPE_INFERRED,PHTHORC26010,BP1 (12/29/2025 - 10/30/2026),NON_HOSPITAL,No,NOT_HOSPITAL,,"Recipient is named but the source does not state its organisational form; §8 settled fallback (session 10). §10.2 NON_HOSPITAL: the named recipient is not a hospital (§0.3a -- judged on the recipient, not the activity), and the source does not mention hospitals anywhere in the funded work.","Iowa publishes NO per-recipient amount. The notice's only dollar figure is its CMS footer, and that footer carries the RFP's pool in Iowa's Jan/Feb notices and the STATE ALLOTMENT in its June ones, so it is recorded per document in ia_notice_footers.csv and never attached to a recipient (§0.2, §6.2).",Mitchell,Doctor of Medicine (MD) or a Doctor of Osteopathic Medicine (DO),Best and Brightest - Rural Healthcare Workforce Recruitment,2026-01-30,data/evidence/IA/2026-01-30_ia_noia_phthorc26010_best_and_brightest_rural_healthcare_workforc.pdf,66
IA,67,Monona County Board of Health dba Burgess Health,,NONPROFIT_CBO,No,"Provider type: Registered Nurse (RN). County: Monona. Published by Iowa HHS as a Notice of Intent to Award, linked from the ""Where to Find Funding Awardees"" section of its Healthy Hometowns page. THE NOTICE PUBLISHES NO AMOUNT FOR ANY RECIPIENT: the only dollar figure it carries is in its CMS financial-assistance footer, whose tier changes between Iowa's February and June notices (§0.2), so no figure is attributed to this row and none is divided (§6.2). It is an INTENT, in the notice's own words: ""this Notice does NOT constitute the formation of a contract ... The bidder shall not acquire any legal or equitable rights relative to the contract services until a contract is executed.""",Yes,No,2026,"Iowa HHS Notice of Intent to Award, RFP #PHTHORC26010 Best and Brightest - Rural Healthcare Workforce Recruitment",https://hhs.iowa.gov/media/18094/download?inline,NOTICE_OF_INTENT_TO_AWARD,PARSED_PDF_RUNS,R/03z_ia_year1_awardees.R,,,,,Recipient is named but the source does not state its organisational form; §8 settled fallback (session 10).,LOW,AMOUNT_MISSING;RECIPIENT_TYPE_INFERRED,PHTHORC26010,BP1 (12/29/2025 - 10/30/2026),NON_HOSPITAL,No,NOT_HOSPITAL,,"Recipient is named but the source does not state its organisational form; §8 settled fallback (session 10). §10.2 NON_HOSPITAL: the named recipient is not a hospital (§0.3a -- judged on the recipient, not the activity), and the source does not mention hospitals anywhere in the funded work.","Iowa publishes NO per-recipient amount. The notice's only dollar figure is its CMS footer, and that footer carries the RFP's pool in Iowa's Jan/Feb notices and the STATE ALLOTMENT in its June ones, so it is recorded per document in ia_notice_footers.csv and never attached to a recipient (§0.2, §6.2).",Monona,Registered Nurse (RN),Best and Brightest - Rural Healthcare Workforce Recruitment,2026-01-30,data/evidence/IA/2026-01-30_ia_noia_phthorc26010_best_and_brightest_rural_healthcare_workforc.pdf,67
IA,68,Center Monroe County Hospital,,HOSPITAL_OR_SYSTEM,Yes,"Provider type: Doctor of Medicine (MD) or Doctor of Osteopathic Medicine (DO). County: Monroe. Published by Iowa HHS as a Notice of Intent to Award, linked from the ""Where to Find Funding Awardees"" section of its Healthy Hometowns page. THE NOTICE PUBLISHES NO AMOUNT FOR ANY RECIPIENT: the only dollar figure it carries is in its CMS financial-assistance footer, whose tier changes between Iowa's February and June notices (§0.2), so no figure is attributed to this row and none is divided (§6.2). It is an INTENT, in the notice's own words: ""this Notice does NOT constitute the formation of a contract ... The bidder shall not acquire any legal or equitable rights relative to the contract services until a contract is executed.""",Yes,No,2026,"Iowa HHS Notice of Intent to Award, RFP #PHTHORC26010 Best and Brightest - Rural Healthcare Workforce Recruitment",https://hhs.iowa.gov/media/18094/download?inline,NOTICE_OF_INTENT_TO_AWARD,PARSED_PDF_RUNS,R/03z_ia_year1_awardees.R,,,,,Recipient name rule: name states a hospital.,MEDIUM,AMOUNT_MISSING,PHTHORC26010,BP1 (12/29/2025 - 10/30/2026),DIRECT,Yes,NAMED_HOSPITAL,,Recipient name rule: name states a hospital. §10.2 DIRECT: the named recipient is a hospital or hospital system and the state's award document names both the recipient and the amount.,"Iowa publishes NO per-recipient amount. The notice's only dollar figure is its CMS footer, and that footer carries the RFP's pool in Iowa's Jan/Feb notices and the STATE ALLOTMENT in its June ones, so it is recorded per document in ia_notice_footers.csv and never attached to a recipient (§0.2, §6.2).",Monroe,Doctor of Medicine (MD) or Doctor of Osteopathic Medicine (DO),Best and Brightest - Rural Healthcare Workforce Recruitment,2026-01-30,data/evidence/IA/2026-01-30_ia_noia_phthorc26010_best_and_brightest_rural_healthcare_workforc.pdf,68
IA,69,Morning Glory Birth & Wellness,,NONPROFIT_CBO,No,"Provider type: Certified Nurse Midwife (CNM). County: Sioux. Published by Iowa HHS as a Notice of Intent to Award, linked from the ""Where to Find Funding Awardees"" section of its Healthy Hometowns page. THE NOTICE PUBLISHES NO AMOUNT FOR ANY RECIPIENT: the only dollar figure it carries is in its CMS financial-assistance footer, whose tier changes between Iowa's February and June notices (§0.2), so no figure is attributed to this row and none is divided (§6.2). It is an INTENT, in the notice's own words: ""this Notice does NOT constitute the formation of a contract ... The bidder shall not acquire any legal or equitable rights relative to the contract services until a contract is executed.""",Yes,No,2026,"Iowa HHS Notice of Intent to Award, RFP #PHTHORC26010 Best and Brightest - Rural Healthcare Workforce Recruitment",https://hhs.iowa.gov/media/18094/download?inline,NOTICE_OF_INTENT_TO_AWARD,PARSED_PDF_RUNS,R/03z_ia_year1_awardees.R,,,,,Recipient is named but the source does not state its organisational form; §8 settled fallback (session 10).,LOW,AMOUNT_MISSING;RECIPIENT_TYPE_INFERRED,PHTHORC26010,BP1 (12/29/2025 - 10/30/2026),NON_HOSPITAL,No,NOT_HOSPITAL,,"Recipient is named but the source does not state its organisational form; §8 settled fallback (session 10). §10.2 NON_HOSPITAL: the named recipient is not a hospital (§0.3a -- judged on the recipient, not the activity), and the source does not mention hospitals anywhere in the funded work.","Iowa publishes NO per-recipient amount. The notice's only dollar figure is its CMS footer, and that footer carries the RFP's pool in Iowa's Jan/Feb notices and the STATE ALLOTMENT in its June ones, so it is recorded per document in ia_notice_footers.csv and never attached to a recipient (§0.2, §6.2).",Sioux,Certified Nurse Midwife (CNM),Best and Brightest - Rural Healthcare Workforce Recruitment,2026-01-30,data/evidence/IA/2026-01-30_ia_noia_phthorc26010_best_and_brightest_rural_healthcare_workforc.pdf,69
IA,70,Osceola Community Hospital DBA Osceola Regional Health Center,,HOSPITAL_OR_SYSTEM,Yes,"Provider type: Primary Care Physician (MD or DO). County: Osceola. Published by Iowa HHS as a Notice of Intent to Award, linked from the ""Where to Find Funding Awardees"" section of its Healthy Hometowns page. THE NOTICE PUBLISHES NO AMOUNT FOR ANY RECIPIENT: the only dollar figure it carries is in its CMS financial-assistance footer, whose tier changes between Iowa's February and June notices (§0.2), so no figure is attributed to this row and none is divided (§6.2). It is an INTENT, in the notice's own words: ""this Notice does NOT constitute the formation of a contract ... The bidder shall not acquire any legal or equitable rights relative to the contract services until a contract is executed.""",Yes,No,2026,"Iowa HHS Notice of Intent to Award, RFP #PHTHORC26010 Best and Brightest - Rural Healthcare Workforce Recruitment",https://hhs.iowa.gov/media/18094/download?inline,NOTICE_OF_INTENT_TO_AWARD,PARSED_PDF_RUNS,R/03z_ia_year1_awardees.R,,,,,Recipient name rule: name states a hospital.,MEDIUM,AMOUNT_MISSING,PHTHORC26010,BP1 (12/29/2025 - 10/30/2026),DIRECT,Yes,NAMED_HOSPITAL,,Recipient name rule: name states a hospital. §10.2 DIRECT: the named recipient is a hospital or hospital system and the state's award document names both the recipient and the amount.,"Iowa publishes NO per-recipient amount. The notice's only dollar figure is its CMS footer, and that footer carries the RFP's pool in Iowa's Jan/Feb notices and the STATE ALLOTMENT in its June ones, so it is recorded per document in ia_notice_footers.csv and never attached to a recipient (§0.2, §6.2).",Osceola,Primary Care Physician (MD or DO),Best and Brightest - Rural Healthcare Workforce Recruitment,2026-01-30,data/evidence/IA/2026-01-30_ia_noia_phthorc26010_best_and_brightest_rural_healthcare_workforc.pdf,70
IA,71,Ottumwa Regional Health Center,,NONPROFIT_CBO,No,"Provider type: Board-Certified General Surgeon (MD/DO). County: Wapello. Published by Iowa HHS as a Notice of Intent to Award, linked from the ""Where to Find Funding Awardees"" section of its Healthy Hometowns page. THE NOTICE PUBLISHES NO AMOUNT FOR ANY RECIPIENT: the only dollar figure it carries is in its CMS financial-assistance footer, whose tier changes between Iowa's February and June notices (§0.2), so no figure is attributed to this row and none is divided (§6.2). It is an INTENT, in the notice's own words: ""this Notice does NOT constitute the formation of a contract ... The bidder shall not acquire any legal or equitable rights relative to the contract services until a contract is executed.""",Yes,No,2026,"Iowa HHS Notice of Intent to Award, RFP #PHTHORC26010 Best and Brightest - Rural Healthcare Workforce Recruitment",https://hhs.iowa.gov/media/18094/download?inline,NOTICE_OF_INTENT_TO_AWARD,PARSED_PDF_RUNS,R/03z_ia_year1_awardees.R,,,,,Recipient is named but the source does not state its organisational form; §8 settled fallback (session 10).,LOW,AMOUNT_MISSING;RECIPIENT_TYPE_INFERRED,PHTHORC26010,BP1 (12/29/2025 - 10/30/2026),NON_HOSPITAL,No,NOT_HOSPITAL,,"Recipient is named but the source does not state its organisational form; §8 settled fallback (session 10). §10.2 NON_HOSPITAL: the named recipient is not a hospital (§0.3a -- judged on the recipient, not the activity), and the source does not mention hospitals anywhere in the funded work.","Iowa publishes NO per-recipient amount. The notice's only dollar figure is its CMS footer, and that footer carries the RFP's pool in Iowa's Jan/Feb notices and the STATE ALLOTMENT in its June ones, so it is recorded per document in ia_notice_footers.csv and never attached to a recipient (§0.2, §6.2).",Wapello,Board-Certified General Surgeon (MD/DO),Best and Brightest - Rural Healthcare Workforce Recruitment,2026-01-30,data/evidence/IA/2026-01-30_ia_noia_phthorc26010_best_and_brightest_rural_healthcare_workforc.pdf,71
IA,72,Ottumwa Regional Health Center,,NONPROFIT_CBO,No,"Provider type: Physician Assistant (PA) specialized in General Surgery and Orthopedic Surgery.. County: Wapello. Published by Iowa HHS as a Notice of Intent to Award, linked from the ""Where to Find Funding Awardees"" section of its Healthy Hometowns page. THE NOTICE PUBLISHES NO AMOUNT FOR ANY RECIPIENT: the only dollar figure it carries is in its CMS financial-assistance footer, whose tier changes between Iowa's February and June notices (§0.2), so no figure is attributed to this row and none is divided (§6.2). It is an INTENT, in the notice's own words: ""this Notice does NOT constitute the formation of a contract ... The bidder shall not acquire any legal or equitable rights relative to the contract services until a contract is executed.""",Yes,No,2026,"Iowa HHS Notice of Intent to Award, RFP #PHTHORC26010 Best and Brightest - Rural Healthcare Workforce Recruitment",https://hhs.iowa.gov/media/18094/download?inline,NOTICE_OF_INTENT_TO_AWARD,PARSED_PDF_RUNS,R/03z_ia_year1_awardees.R,,,,,Recipient is named but the source does not state its organisational form; §8 settled fallback (session 10).,LOW,AMOUNT_MISSING;RECIPIENT_TYPE_INFERRED,PHTHORC26010,BP1 (12/29/2025 - 10/30/2026),NON_HOSPITAL,No,NOT_HOSPITAL,,"Recipient is named but the source does not state its organisational form; §8 settled fallback (session 10). §10.2 NON_HOSPITAL: the named recipient is not a hospital (§0.3a -- judged on the recipient, not the activity), and the source does not mention hospitals anywhere in the funded work.","Iowa publishes NO per-recipient amount. The notice's only dollar figure is its CMS footer, and that footer carries the RFP's pool in Iowa's Jan/Feb notices and the STATE ALLOTMENT in its June ones, so it is recorded per document in ia_notice_footers.csv and never attached to a recipient (§0.2, §6.2).",Wapello,Physician Assistant (PA) specialized in General Surgery and Orthopedic Surgery.,Best and Brightest - Rural Healthcare Workforce Recruitment,2026-01-30,data/evidence/IA/2026-01-30_ia_noia_phthorc26010_best_and_brightest_rural_healthcare_workforc.pdf,72
IA,73,Palmer Lutheran Health Center,,NONPROFIT_CBO,No,"Provider type: Family Medicine Physician OB (MD or DO). County: Fayette. Published by Iowa HHS as a Notice of Intent to Award, linked from the ""Where to Find Funding Awardees"" section of its Healthy Hometowns page. THE NOTICE PUBLISHES NO AMOUNT FOR ANY RECIPIENT: the only dollar figure it carries is in its CMS financial-assistance footer, whose tier changes between Iowa's February and June notices (§0.2), so no figure is attributed to this row and none is divided (§6.2). It is an INTENT, in the notice's own words: ""this Notice does NOT constitute the formation of a contract ... The bidder shall not acquire any legal or equitable rights relative to the contract services until a contract is executed.""",Yes,No,2026,"Iowa HHS Notice of Intent to Award, RFP #PHTHORC26010 Best and Brightest - Rural Healthcare Workforce Recruitment",https://hhs.iowa.gov/media/18094/download?inline,NOTICE_OF_INTENT_TO_AWARD,PARSED_PDF_RUNS,R/03z_ia_year1_awardees.R,,,,,Recipient is named but the source does not state its organisational form; §8 settled fallback (session 10).,LOW,AMOUNT_MISSING;RECIPIENT_TYPE_INFERRED,PHTHORC26010,BP1 (12/29/2025 - 10/30/2026),NON_HOSPITAL,No,NOT_HOSPITAL,,"Recipient is named but the source does not state its organisational form; §8 settled fallback (session 10). §10.2 NON_HOSPITAL: the named recipient is not a hospital (§0.3a -- judged on the recipient, not the activity), and the source does not mention hospitals anywhere in the funded work.","Iowa publishes NO per-recipient amount. The notice's only dollar figure is its CMS footer, and that footer carries the RFP's pool in Iowa's Jan/Feb notices and the STATE ALLOTMENT in its June ones, so it is recorded per document in ia_notice_footers.csv and never attached to a recipient (§0.2, §6.2).",Fayette,Family Medicine Physician OB (MD or DO),Best and Brightest - Rural Healthcare Workforce Recruitment,2026-01-30,data/evidence/IA/2026-01-30_ia_noia_phthorc26010_best_and_brightest_rural_healthcare_workforc.pdf,73
IA,74,Palo Alto County Health System,,HOSPITAL_OR_SYSTEM,Yes,"Provider type: Advanced Registered Nurse Practitioner. County: Palo Alto. Published by Iowa HHS as a Notice of Intent to Award, linked from the ""Where to Find Funding Awardees"" section of its Healthy Hometowns page. THE NOTICE PUBLISHES NO AMOUNT FOR ANY RECIPIENT: the only dollar figure it carries is in its CMS financial-assistance footer, whose tier changes between Iowa's February and June notices (§0.2), so no figure is attributed to this row and none is divided (§6.2). It is an INTENT, in the notice's own words: ""this Notice does NOT constitute the formation of a contract ... The bidder shall not acquire any legal or equitable rights relative to the contract services until a contract is executed.""",Yes,No,2026,"Iowa HHS Notice of Intent to Award, RFP #PHTHORC26010 Best and Brightest - Rural Healthcare Workforce Recruitment",https://hhs.iowa.gov/media/18094/download?inline,NOTICE_OF_INTENT_TO_AWARD,PARSED_PDF_RUNS,R/03z_ia_year1_awardees.R,,,,,Recipient name rule: name states a health system.,MEDIUM,AMOUNT_MISSING,PHTHORC26010,BP1 (12/29/2025 - 10/30/2026),DIRECT,Yes,NAMED_HOSPITAL,,Recipient name rule: name states a health system. §10.2 DIRECT: the named recipient is a hospital or hospital system and the state's award document names both the recipient and the amount.,"Iowa publishes NO per-recipient amount. The notice's only dollar figure is its CMS footer, and that footer carries the RFP's pool in Iowa's Jan/Feb notices and the STATE ALLOTMENT in its June ones, so it is recorded per document in ia_notice_footers.csv and never attached to a recipient (§0.2, §6.2).",Palo Alto,Advanced Registered Nurse Practitioner,Best and Brightest - Rural Healthcare Workforce Recruitment,2026-01-30,data/evidence/IA/2026-01-30_ia_noia_phthorc26010_best_and_brightest_rural_healthcare_workforc.pdf,74
IA,75,Pella Regional Health Center,,NONPROFIT_CBO,No,"Provider type: Registered Nurse (RN) Navigator – Radiation. County: Marion. Published by Iowa HHS as a Notice of Intent to Award, linked from the ""Where to Find Funding Awardees"" section of its Healthy Hometowns page. THE NOTICE PUBLISHES NO AMOUNT FOR ANY RECIPIENT: the only dollar figure it carries is in its CMS financial-assistance footer, whose tier changes between Iowa's February and June notices (§0.2), so no figure is attributed to this row and none is divided (§6.2). It is an INTENT, in the notice's own words: ""this Notice does NOT constitute the formation of a contract ... The bidder shall not acquire any legal or equitable rights relative to the contract services until a contract is executed.""",Yes,No,2026,"Iowa HHS Notice of Intent to Award, RFP #PHTHORC26010 Best and Brightest - Rural Healthcare Workforce Recruitment",https://hhs.iowa.gov/media/18094/download?inline,NOTICE_OF_INTENT_TO_AWARD,PARSED_PDF_RUNS,R/03z_ia_year1_awardees.R,,,,,Recipient is named but the source does not state its organisational form; §8 settled fallback (session 10).,LOW,AMOUNT_MISSING;RECIPIENT_TYPE_INFERRED,PHTHORC26010,BP1 (12/29/2025 - 10/30/2026),NON_HOSPITAL,No,NOT_HOSPITAL,,"Recipient is named but the source does not state its organisational form; §8 settled fallback (session 10). §10.2 NON_HOSPITAL: the named recipient is not a hospital (§0.3a -- judged on the recipient, not the activity), and the source does not mention hospitals anywhere in the funded work.","Iowa publishes NO per-recipient amount. The notice's only dollar figure is its CMS footer, and that footer carries the RFP's pool in Iowa's Jan/Feb notices and the STATE ALLOTMENT in its June ones, so it is recorded per document in ia_notice_footers.csv and never attached to a recipient (§0.2, §6.2).",Marion,Registered Nurse (RN) Navigator – Radiation,Best and Brightest - Rural Healthcare Workforce Recruitment,2026-01-30,data/evidence/IA/2026-01-30_ia_noia_phthorc26010_best_and_brightest_rural_healthcare_workforc.pdf,75
IA,76,Priority Health Northwest,,NONPROFIT_CBO,No,"Provider type: Oncology Provider Type 1 or 2. County: Clay. Published by Iowa HHS as a Notice of Intent to Award, linked from the ""Where to Find Funding Awardees"" section of its Healthy Hometowns page. THE NOTICE PUBLISHES NO AMOUNT FOR ANY RECIPIENT: the only dollar figure it carries is in its CMS financial-assistance footer, whose tier changes between Iowa's February and June notices (§0.2), so no figure is attributed to this row and none is divided (§6.2). It is an INTENT, in the notice's own words: ""this Notice does NOT constitute the formation of a contract ... The bidder shall not acquire any legal or equitable rights relative to the contract services until a contract is executed.""",Yes,No,2026,"Iowa HHS Notice of Intent to Award, RFP #PHTHORC26010 Best and Brightest - Rural Healthcare Workforce Recruitment",https://hhs.iowa.gov/media/18094/download?inline,NOTICE_OF_INTENT_TO_AWARD,PARSED_PDF_RUNS,R/03z_ia_year1_awardees.R,,,,,Recipient is named but the source does not state its organisational form; §8 settled fallback (session 10).,LOW,AMOUNT_MISSING;RECIPIENT_TYPE_INFERRED,PHTHORC26010,BP1 (12/29/2025 - 10/30/2026),NON_HOSPITAL,No,NOT_HOSPITAL,,"Recipient is named but the source does not state its organisational form; §8 settled fallback (session 10). §10.2 NON_HOSPITAL: the named recipient is not a hospital (§0.3a -- judged on the recipient, not the activity), and the source does not mention hospitals anywhere in the funded work.","Iowa publishes NO per-recipient amount. The notice's only dollar figure is its CMS footer, and that footer carries the RFP's pool in Iowa's Jan/Feb notices and the STATE ALLOTMENT in its June ones, so it is recorded per document in ia_notice_footers.csv and never attached to a recipient (§0.2, §6.2).",Clay,Oncology Provider Type 1 or 2,Best and Brightest - Rural Healthcare Workforce Recruitment,2026-01-30,data/evidence/IA/2026-01-30_ia_noia_phthorc26010_best_and_brightest_rural_healthcare_workforc.pdf,76
IA,77,R & R Counseling Solutions,,NONPROFIT_CBO,No,"Provider type: Psychiatric Mental Health Nurse Practitioner (PMHNP – ARNP -. County: Van Buren. Published by Iowa HHS as a Notice of Intent to Award, linked from the ""Where to Find Funding Awardees"" section of its Healthy Hometowns page. THE NOTICE PUBLISHES NO AMOUNT FOR ANY RECIPIENT: the only dollar figure it carries is in its CMS financial-assistance footer, whose tier changes between Iowa's February and June notices (§0.2), so no figure is attributed to this row and none is divided (§6.2). It is an INTENT, in the notice's own words: ""this Notice does NOT constitute the formation of a contract ... The bidder shall not acquire any legal or equitable rights relative to the contract services until a contract is executed.""",Yes,No,2026,"Iowa HHS Notice of Intent to Award, RFP #PHTHORC26010 Best and Brightest - Rural Healthcare Workforce Recruitment",https://hhs.iowa.gov/media/18094/download?inline,NOTICE_OF_INTENT_TO_AWARD,PARSED_PDF_RUNS,R/03z_ia_year1_awardees.R,,,,,Recipient is named but the source does not state its organisational form; §8 settled fallback (session 10).,LOW,AMOUNT_MISSING;RECIPIENT_TYPE_INFERRED,PHTHORC26010,BP1 (12/29/2025 - 10/30/2026),NON_HOSPITAL,No,NOT_HOSPITAL,,"Recipient is named but the source does not state its organisational form; §8 settled fallback (session 10). §10.2 NON_HOSPITAL: the named recipient is not a hospital (§0.3a -- judged on the recipient, not the activity), and the source does not mention hospitals anywhere in the funded work.","Iowa publishes NO per-recipient amount. The notice's only dollar figure is its CMS footer, and that footer carries the RFP's pool in Iowa's Jan/Feb notices and the STATE ALLOTMENT in its June ones, so it is recorded per document in ia_notice_footers.csv and never attached to a recipient (§0.2, §6.2).",Van Buren,Psychiatric Mental Health Nurse Practitioner (PMHNP – ARNP -,Best and Brightest - Rural Healthcare Workforce Recruitment,2026-01-30,data/evidence/IA/2026-01-30_ia_noia_phthorc26010_best_and_brightest_rural_healthcare_workforc.pdf,77
IA,78,R & R Counseling Solutions,,NONPROFIT_CBO,No,"Provider type: Psychiatrist) Physician Assistant (PA). County: Jefferson. Published by Iowa HHS as a Notice of Intent to Award, linked from the ""Where to Find Funding Awardees"" section of its Healthy Hometowns page. THE NOTICE PUBLISHES NO AMOUNT FOR ANY RECIPIENT: the only dollar figure it carries is in its CMS financial-assistance footer, whose tier changes between Iowa's February and June notices (§0.2), so no figure is attributed to this row and none is divided (§6.2). It is an INTENT, in the notice's own words: ""this Notice does NOT constitute the formation of a contract ... The bidder shall not acquire any legal or equitable rights relative to the contract services until a contract is executed.""",Yes,No,2026,"Iowa HHS Notice of Intent to Award, RFP #PHTHORC26010 Best and Brightest - Rural Healthcare Workforce Recruitment",https://hhs.iowa.gov/media/18094/download?inline,NOTICE_OF_INTENT_TO_AWARD,PARSED_PDF_RUNS,R/03z_ia_year1_awardees.R,,,,,Recipient is named but the source does not state its organisational form; §8 settled fallback (session 10).,LOW,AMOUNT_MISSING;RECIPIENT_TYPE_INFERRED,PHTHORC26010,BP1 (12/29/2025 - 10/30/2026),NON_HOSPITAL,No,NOT_HOSPITAL,,"Recipient is named but the source does not state its organisational form; §8 settled fallback (session 10). §10.2 NON_HOSPITAL: the named recipient is not a hospital (§0.3a -- judged on the recipient, not the activity), and the source does not mention hospitals anywhere in the funded work.","Iowa publishes NO per-recipient amount. The notice's only dollar figure is its CMS footer, and that footer carries the RFP's pool in Iowa's Jan/Feb notices and the STATE ALLOTMENT in its June ones, so it is recorded per document in ia_notice_footers.csv and never attached to a recipient (§0.2, §6.2).",Jefferson,Psychiatrist) Physician Assistant (PA),Best and Brightest - Rural Healthcare Workforce Recruitment,2026-01-30,data/evidence/IA/2026-01-30_ia_noia_phthorc26010_best_and_brightest_rural_healthcare_workforc.pdf,78
IA,79,Regional Health Services of Howard County,,NONPROFIT_CBO,No,"Provider type: RN. County: Howard. Published by Iowa HHS as a Notice of Intent to Award, linked from the ""Where to Find Funding Awardees"" section of its Healthy Hometowns page. THE NOTICE PUBLISHES NO AMOUNT FOR ANY RECIPIENT: the only dollar figure it carries is in its CMS financial-assistance footer, whose tier changes between Iowa's February and June notices (§0.2), so no figure is attributed to this row and none is divided (§6.2). It is an INTENT, in the notice's own words: ""this Notice does NOT constitute the formation of a contract ... The bidder shall not acquire any legal or equitable rights relative to the contract services until a contract is executed.""",Yes,No,2026,"Iowa HHS Notice of Intent to Award, RFP #PHTHORC26010 Best and Brightest - Rural Healthcare Workforce Recruitment",https://hhs.iowa.gov/media/18094/download?inline,NOTICE_OF_INTENT_TO_AWARD,PARSED_PDF_RUNS,R/03z_ia_year1_awardees.R,,,,,Recipient is named but the source does not state its organisational form; §8 settled fallback (session 10).,LOW,AMOUNT_MISSING;RECIPIENT_TYPE_INFERRED,PHTHORC26010,BP1 (12/29/2025 - 10/30/2026),NON_HOSPITAL,No,NOT_HOSPITAL,,"Recipient is named but the source does not state its organisational form; §8 settled fallback (session 10). §10.2 NON_HOSPITAL: the named recipient is not a hospital (§0.3a -- judged on the recipient, not the activity), and the source does not mention hospitals anywhere in the funded work.","Iowa publishes NO per-recipient amount. The notice's only dollar figure is its CMS footer, and that footer carries the RFP's pool in Iowa's Jan/Feb notices and the STATE ALLOTMENT in its June ones, so it is recorded per document in ia_notice_footers.csv and never attached to a recipient (§0.2, §6.2).",Howard,RN,Best and Brightest - Rural Healthcare Workforce Recruitment,2026-01-30,data/evidence/IA/2026-01-30_ia_noia_phthorc26010_best_and_brightest_rural_healthcare_workforc.pdf,79
IA,80,Regional Health Services of Howard County,,NONPROFIT_CBO,No,"Provider type: On-site Radiologist. County: Howard. Published by Iowa HHS as a Notice of Intent to Award, linked from the ""Where to Find Funding Awardees"" section of its Healthy Hometowns page. THE NOTICE PUBLISHES NO AMOUNT FOR ANY RECIPIENT: the only dollar figure it carries is in its CMS financial-assistance footer, whose tier changes between Iowa's February and June notices (§0.2), so no figure is attributed to this row and none is divided (§6.2). It is an INTENT, in the notice's own words: ""this Notice does NOT constitute the formation of a contract ... The bidder shall not acquire any legal or equitable rights relative to the contract services until a contract is executed.""",Yes,No,2026,"Iowa HHS Notice of Intent to Award, RFP #PHTHORC26010 Best and Brightest - Rural Healthcare Workforce Recruitment",https://hhs.iowa.gov/media/18094/download?inline,NOTICE_OF_INTENT_TO_AWARD,PARSED_PDF_RUNS,R/03z_ia_year1_awardees.R,,,,,Recipient is named but the source does not state its organisational form; §8 settled fallback (session 10).,LOW,AMOUNT_MISSING;RECIPIENT_TYPE_INFERRED,PHTHORC26010,BP1 (12/29/2025 - 10/30/2026),NON_HOSPITAL,No,NOT_HOSPITAL,,"Recipient is named but the source does not state its organisational form; §8 settled fallback (session 10). §10.2 NON_HOSPITAL: the named recipient is not a hospital (§0.3a -- judged on the recipient, not the activity), and the source does not mention hospitals anywhere in the funded work.","Iowa publishes NO per-recipient amount. The notice's only dollar figure is its CMS footer, and that footer carries the RFP's pool in Iowa's Jan/Feb notices and the STATE ALLOTMENT in its June ones, so it is recorded per document in ia_notice_footers.csv and never attached to a recipient (§0.2, §6.2).",Howard,On-site Radiologist,Best and Brightest - Rural Healthcare Workforce Recruitment,2026-01-30,data/evidence/IA/2026-01-30_ia_noia_phthorc26010_best_and_brightest_rural_healthcare_workforc.pdf,80
IA,81,Regional Medical Center,,HOSPITAL_OR_SYSTEM,Yes,"Provider type: licensed Internal Medicine Physician (Internist). County: Delaware. Published by Iowa HHS as a Notice of Intent to Award, linked from the ""Where to Find Funding Awardees"" section of its Healthy Hometowns page. THE NOTICE PUBLISHES NO AMOUNT FOR ANY RECIPIENT: the only dollar figure it carries is in its CMS financial-assistance footer, whose tier changes between Iowa's February and June notices (§0.2), so no figure is attributed to this row and none is divided (§6.2). It is an INTENT, in the notice's own words: ""this Notice does NOT constitute the formation of a contract ... The bidder shall not acquire any legal or equitable rights relative to the contract services until a contract is executed.""",Yes,No,2026,"Iowa HHS Notice of Intent to Award, RFP #PHTHORC26010 Best and Brightest - Rural Healthcare Workforce Recruitment",https://hhs.iowa.gov/media/18094/download?inline,NOTICE_OF_INTENT_TO_AWARD,PARSED_PDF_RUNS,R/03z_ia_year1_awardees.R,,,,,Recipient name rule: name states a medical center.,MEDIUM,AMOUNT_MISSING,PHTHORC26010,BP1 (12/29/2025 - 10/30/2026),DIRECT,Yes,NAMED_HOSPITAL,,Recipient name rule: name states a medical center. §10.2 DIRECT: the named recipient is a hospital or hospital system and the state's award document names both the recipient and the amount.,"Iowa publishes NO per-recipient amount. The notice's only dollar figure is its CMS footer, and that footer carries the RFP's pool in Iowa's Jan/Feb notices and the STATE ALLOTMENT in its June ones, so it is recorded per document in ia_notice_footers.csv and never attached to a recipient (§0.2, §6.2).",Delaware,licensed Internal Medicine Physician (Internist),Best and Brightest - Rural Healthcare Workforce Recruitment,2026-01-30,data/evidence/IA/2026-01-30_ia_noia_phthorc26010_best_and_brightest_rural_healthcare_workforc.pdf,81
IA,82,Ringgold County Hospital,,HOSPITAL_OR_SYSTEM,Yes,"Provider type: Physician Assistant (PA). County: Ringgold. Published by Iowa HHS as a Notice of Intent to Award, linked from the ""Where to Find Funding Awardees"" section of its Healthy Hometowns page. THE NOTICE PUBLISHES NO AMOUNT FOR ANY RECIPIENT: the only dollar figure it carries is in its CMS financial-assistance footer, whose tier changes between Iowa's February and June notices (§0.2), so no figure is attributed to this row and none is divided (§6.2). It is an INTENT, in the notice's own words: ""this Notice does NOT constitute the formation of a contract ... The bidder shall not acquire any legal or equitable rights relative to the contract services until a contract is executed.""",Yes,No,2026,"Iowa HHS Notice of Intent to Award, RFP #PHTHORC26010 Best and Brightest - Rural Healthcare Workforce Recruitment",https://hhs.iowa.gov/media/18094/download?inline,NOTICE_OF_INTENT_TO_AWARD,PARSED_PDF_RUNS,R/03z_ia_year1_awardees.R,,,,,Recipient name rule: name states a hospital.,MEDIUM,AMOUNT_MISSING,PHTHORC26010,BP1 (12/29/2025 - 10/30/2026),DIRECT,Yes,NAMED_HOSPITAL,,Recipient name rule: name states a hospital. §10.2 DIRECT: the named recipient is a hospital or hospital system and the state's award document names both the recipient and the amount.,"Iowa publishes NO per-recipient amount. The notice's only dollar figure is its CMS footer, and that footer carries the RFP's pool in Iowa's Jan/Feb notices and the STATE ALLOTMENT in its June ones, so it is recorded per document in ia_notice_footers.csv and never attached to a recipient (§0.2, §6.2).",Ringgold,Physician Assistant (PA),Best and Brightest - Rural Healthcare Workforce Recruitment,2026-01-30,data/evidence/IA/2026-01-30_ia_noia_phthorc26010_best_and_brightest_rural_healthcare_workforc.pdf,82
IA,83,Ringgold County Hospital,,HOSPITAL_OR_SYSTEM,Yes,"Provider type: Doctor of Medicine (MD) or Doctor of Osteopathic. County: Ringgold. Published by Iowa HHS as a Notice of Intent to Award, linked from the ""Where to Find Funding Awardees"" section of its Healthy Hometowns page. THE NOTICE PUBLISHES NO AMOUNT FOR ANY RECIPIENT: the only dollar figure it carries is in its CMS financial-assistance footer, whose tier changes between Iowa's February and June notices (§0.2), so no figure is attributed to this row and none is divided (§6.2). It is an INTENT, in the notice's own words: ""this Notice does NOT constitute the formation of a contract ... The bidder shall not acquire any legal or equitable rights relative to the contract services until a contract is executed.""",Yes,No,2026,"Iowa HHS Notice of Intent to Award, RFP #PHTHORC26010 Best and Brightest - Rural Healthcare Workforce Recruitment",https://hhs.iowa.gov/media/18094/download?inline,NOTICE_OF_INTENT_TO_AWARD,PARSED_PDF_RUNS,R/03z_ia_year1_awardees.R,,,,,Recipient name rule: name states a hospital.,MEDIUM,AMOUNT_MISSING,PHTHORC26010,BP1 (12/29/2025 - 10/30/2026),DIRECT,Yes,NAMED_HOSPITAL,,Recipient name rule: name states a hospital. §10.2 DIRECT: the named recipient is a hospital or hospital system and the state's award document names both the recipient and the amount.,"Iowa publishes NO per-recipient amount. The notice's only dollar figure is its CMS footer, and that footer carries the RFP's pool in Iowa's Jan/Feb notices and the STATE ALLOTMENT in its June ones, so it is recorded per document in ia_notice_footers.csv and never attached to a recipient (§0.2, §6.2).",Ringgold,Doctor of Medicine (MD) or Doctor of Osteopathic,Best and Brightest - Rural Healthcare Workforce Recruitment,2026-01-30,data/evidence/IA/2026-01-30_ia_noia_phthorc26010_best_and_brightest_rural_healthcare_workforc.pdf,83
IA,84,Sanford Health,,NONPROFIT_CBO,No,"Provider type: Medicine (DO) RN. County: Plymouth. Published by Iowa HHS as a Notice of Intent to Award, linked from the ""Where to Find Funding Awardees"" section of its Healthy Hometowns page. THE NOTICE PUBLISHES NO AMOUNT FOR ANY RECIPIENT: the only dollar figure it carries is in its CMS financial-assistance footer, whose tier changes between Iowa's February and June notices (§0.2), so no figure is attributed to this row and none is divided (§6.2). It is an INTENT, in the notice's own words: ""this Notice does NOT constitute the formation of a contract ... The bidder shall not acquire any legal or equitable rights relative to the contract services until a contract is executed.""",Yes,No,2026,"Iowa HHS Notice of Intent to Award, RFP #PHTHORC26010 Best and Brightest - Rural Healthcare Workforce Recruitment",https://hhs.iowa.gov/media/18094/download?inline,NOTICE_OF_INTENT_TO_AWARD,PARSED_PDF_RUNS,R/03z_ia_year1_awardees.R,,,,,Recipient is named but the source does not state its organisational form; §8 settled fallback (session 10).,LOW,AMOUNT_MISSING;RECIPIENT_TYPE_INFERRED,PHTHORC26010,BP1 (12/29/2025 - 10/30/2026),NON_HOSPITAL,No,NOT_HOSPITAL,,"Recipient is named but the source does not state its organisational form; §8 settled fallback (session 10). §10.2 NON_HOSPITAL: the named recipient is not a hospital (§0.3a -- judged on the recipient, not the activity), and the source does not mention hospitals anywhere in the funded work.","Iowa publishes NO per-recipient amount. The notice's only dollar figure is its CMS footer, and that footer carries the RFP's pool in Iowa's Jan/Feb notices and the STATE ALLOTMENT in its June ones, so it is recorded per document in ia_notice_footers.csv and never attached to a recipient (§0.2, §6.2).",Plymouth,Medicine (DO) RN,Best and Brightest - Rural Healthcare Workforce Recruitment,2026-01-30,data/evidence/IA/2026-01-30_ia_noia_phthorc26010_best_and_brightest_rural_healthcare_workforc.pdf,84
IA,85,"Sanford Health Network - Sioux Falls, SD",,NONPROFIT_CBO,No,"Provider type: FAMILY MEDICINE PHYSICIAN (MD OR DO). County: Lyon. Published by Iowa HHS as a Notice of Intent to Award, linked from the ""Where to Find Funding Awardees"" section of its Healthy Hometowns page. THE NOTICE PUBLISHES NO AMOUNT FOR ANY RECIPIENT: the only dollar figure it carries is in its CMS financial-assistance footer, whose tier changes between Iowa's February and June notices (§0.2), so no figure is attributed to this row and none is divided (§6.2). It is an INTENT, in the notice's own words: ""this Notice does NOT constitute the formation of a contract ... The bidder shall not acquire any legal or equitable rights relative to the contract services until a contract is executed.""",Yes,No,2026,"Iowa HHS Notice of Intent to Award, RFP #PHTHORC26010 Best and Brightest - Rural Healthcare Workforce Recruitment",https://hhs.iowa.gov/media/18094/download?inline,NOTICE_OF_INTENT_TO_AWARD,PARSED_PDF_RUNS,R/03z_ia_year1_awardees.R,,,,,Recipient is named but the source does not state its organisational form; §8 settled fallback (session 10).,LOW,AMOUNT_MISSING;RECIPIENT_TYPE_INFERRED,PHTHORC26010,BP1 (12/29/2025 - 10/30/2026),NON_HOSPITAL,No,NOT_HOSPITAL,,"Recipient is named but the source does not state its organisational form; §8 settled fallback (session 10). §10.2 NON_HOSPITAL: the named recipient is not a hospital (§0.3a -- judged on the recipient, not the activity), and the source does not mention hospitals anywhere in the funded work.","Iowa publishes NO per-recipient amount. The notice's only dollar figure is its CMS footer, and that footer carries the RFP's pool in Iowa's Jan/Feb notices and the STATE ALLOTMENT in its June ones, so it is recorded per document in ia_notice_footers.csv and never attached to a recipient (§0.2, §6.2).",Lyon,FAMILY MEDICINE PHYSICIAN (MD OR DO),Best and Brightest - Rural Healthcare Workforce Recruitment,2026-01-30,data/evidence/IA/2026-01-30_ia_noia_phthorc26010_best_and_brightest_rural_healthcare_workforc.pdf,85
IA,86,"Shelby County Chris A Myrtue Memorial Hospital, DBA Myrtue Medical Center",,HOSPITAL_OR_SYSTEM,Yes,"Provider type: MD/DO. County: Shelby. Published by Iowa HHS as a Notice of Intent to Award, linked from the ""Where to Find Funding Awardees"" section of its Healthy Hometowns page. THE NOTICE PUBLISHES NO AMOUNT FOR ANY RECIPIENT: the only dollar figure it carries is in its CMS financial-assistance footer, whose tier changes between Iowa's February and June notices (§0.2), so no figure is attributed to this row and none is divided (§6.2). It is an INTENT, in the notice's own words: ""this Notice does NOT constitute the formation of a contract ... The bidder shall not acquire any legal or equitable rights relative to the contract services until a contract is executed.""",Yes,No,2026,"Iowa HHS Notice of Intent to Award, RFP #PHTHORC26010 Best and Brightest - Rural Healthcare Workforce Recruitment",https://hhs.iowa.gov/media/18094/download?inline,NOTICE_OF_INTENT_TO_AWARD,PARSED_PDF_RUNS,R/03z_ia_year1_awardees.R,,,,,Recipient name rule: name states a hospital.,MEDIUM,AMOUNT_MISSING,PHTHORC26010,BP1 (12/29/2025 - 10/30/2026),DIRECT,Yes,NAMED_HOSPITAL,,Recipient name rule: name states a hospital. §10.2 DIRECT: the named recipient is a hospital or hospital system and the state's award document names both the recipient and the amount.,"Iowa publishes NO per-recipient amount. The notice's only dollar figure is its CMS footer, and that footer carries the RFP's pool in Iowa's Jan/Feb notices and the STATE ALLOTMENT in its June ones, so it is recorded per document in ia_notice_footers.csv and never attached to a recipient (§0.2, §6.2).",Shelby,MD/DO,Best and Brightest - Rural Healthcare Workforce Recruitment,2026-01-30,data/evidence/IA/2026-01-30_ia_noia_phthorc26010_best_and_brightest_rural_healthcare_workforc.pdf,86
IA,87,"Shelby County Chris A Myrtue Memorial Hospital, DBA Myrtue Medical",,HOSPITAL_OR_SYSTEM,Yes,"Provider type: Registered Nurse (RN). County: Shelby. Published by Iowa HHS as a Notice of Intent to Award, linked from the ""Where to Find Funding Awardees"" section of its Healthy Hometowns page. THE NOTICE PUBLISHES NO AMOUNT FOR ANY RECIPIENT: the only dollar figure it carries is in its CMS financial-assistance footer, whose tier changes between Iowa's February and June notices (§0.2), so no figure is attributed to this row and none is divided (§6.2). It is an INTENT, in the notice's own words: ""this Notice does NOT constitute the formation of a contract ... The bidder shall not acquire any legal or equitable rights relative to the contract services until a contract is executed.""",Yes,No,2026,"Iowa HHS Notice of Intent to Award, RFP #PHTHORC26010 Best and Brightest - Rural Healthcare Workforce Recruitment",https://hhs.iowa.gov/media/18094/download?inline,NOTICE_OF_INTENT_TO_AWARD,PARSED_PDF_RUNS,R/03z_ia_year1_awardees.R,,,,,Recipient name rule: name states a hospital.,MEDIUM,AMOUNT_MISSING,PHTHORC26010,BP1 (12/29/2025 - 10/30/2026),DIRECT,Yes,NAMED_HOSPITAL,,Recipient name rule: name states a hospital. §10.2 DIRECT: the named recipient is a hospital or hospital system and the state's award document names both the recipient and the amount.,"Iowa publishes NO per-recipient amount. The notice's only dollar figure is its CMS footer, and that footer carries the RFP's pool in Iowa's Jan/Feb notices and the STATE ALLOTMENT in its June ones, so it is recorded per document in ia_notice_footers.csv and never attached to a recipient (§0.2, §6.2).",Shelby,Registered Nurse (RN),Best and Brightest - Rural Healthcare Workforce Recruitment,2026-01-30,data/evidence/IA/2026-01-30_ia_noia_phthorc26010_best_and_brightest_rural_healthcare_workforc.pdf,87
IA,88,Center Shenandoah Medical Center,,HOSPITAL_OR_SYSTEM,Yes,"Provider type: OB-GYN MD or DO. County: Page/Fremont. Published by Iowa HHS as a Notice of Intent to Award, linked from the ""Where to Find Funding Awardees"" section of its Healthy Hometowns page. THE NOTICE PUBLISHES NO AMOUNT FOR ANY RECIPIENT: the only dollar figure it carries is in its CMS financial-assistance footer, whose tier changes between Iowa's February and June notices (§0.2), so no figure is attributed to this row and none is divided (§6.2). It is an INTENT, in the notice's own words: ""this Notice does NOT constitute the formation of a contract ... The bidder shall not acquire any legal or equitable rights relative to the contract services until a contract is executed.""",Yes,No,2026,"Iowa HHS Notice of Intent to Award, RFP #PHTHORC26010 Best and Brightest - Rural Healthcare Workforce Recruitment",https://hhs.iowa.gov/media/18094/download?inline,NOTICE_OF_INTENT_TO_AWARD,PARSED_PDF_RUNS,R/03z_ia_year1_awardees.R,,,,,Recipient name rule: name states a medical center.,MEDIUM,AMOUNT_MISSING,PHTHORC26010,BP1 (12/29/2025 - 10/30/2026),DIRECT,Yes,NAMED_HOSPITAL,,Recipient name rule: name states a medical center. §10.2 DIRECT: the named recipient is a hospital or hospital system and the state's award document names both the recipient and the amount.,"Iowa publishes NO per-recipient amount. The notice's only dollar figure is its CMS footer, and that footer carries the RFP's pool in Iowa's Jan/Feb notices and the STATE ALLOTMENT in its June ones, so it is recorded per document in ia_notice_footers.csv and never attached to a recipient (§0.2, §6.2).",Page/Fremont,OB-GYN MD or DO,Best and Brightest - Rural Healthcare Workforce Recruitment,2026-01-30,data/evidence/IA/2026-01-30_ia_noia_phthorc26010_best_and_brightest_rural_healthcare_workforc.pdf,88
IA,89,Sioux Center Health,,NONPROFIT_CBO,No,"Provider type: MD, General Surgeon. County: Sioux. Published by Iowa HHS as a Notice of Intent to Award, linked from the ""Where to Find Funding Awardees"" section of its Healthy Hometowns page. THE NOTICE PUBLISHES NO AMOUNT FOR ANY RECIPIENT: the only dollar figure it carries is in its CMS financial-assistance footer, whose tier changes between Iowa's February and June notices (§0.2), so no figure is attributed to this row and none is divided (§6.2). It is an INTENT, in the notice's own words: ""this Notice does NOT constitute the formation of a contract ... The bidder shall not acquire any legal or equitable rights relative to the contract services until a contract is executed.""",Yes,No,2026,"Iowa HHS Notice of Intent to Award, RFP #PHTHORC26010 Best and Brightest - Rural Healthcare Workforce Recruitment",https://hhs.iowa.gov/media/18094/download?inline,NOTICE_OF_INTENT_TO_AWARD,PARSED_PDF_RUNS,R/03z_ia_year1_awardees.R,,,,,Recipient is named but the source does not state its organisational form; §8 settled fallback (session 10).,LOW,AMOUNT_MISSING;RECIPIENT_TYPE_INFERRED,PHTHORC26010,BP1 (12/29/2025 - 10/30/2026),NON_HOSPITAL,No,NOT_HOSPITAL,,"Recipient is named but the source does not state its organisational form; §8 settled fallback (session 10). §10.2 NON_HOSPITAL: the named recipient is not a hospital (§0.3a -- judged on the recipient, not the activity), and the source does not mention hospitals anywhere in the funded work.","Iowa publishes NO per-recipient amount. The notice's only dollar figure is its CMS footer, and that footer carries the RFP's pool in Iowa's Jan/Feb notices and the STATE ALLOTMENT in its June ones, so it is recorded per document in ia_notice_footers.csv and never attached to a recipient (§0.2, §6.2).",Sioux,"MD, General Surgeon",Best and Brightest - Rural Healthcare Workforce Recruitment,2026-01-30,data/evidence/IA/2026-01-30_ia_noia_phthorc26010_best_and_brightest_rural_healthcare_workforc.pdf,89
IA,90,Sioux Valley Memorial Hospital Association,,HOSPITAL_OR_SYSTEM,Yes,"Provider type: ARNP. County: Cherokee. Published by Iowa HHS as a Notice of Intent to Award, linked from the ""Where to Find Funding Awardees"" section of its Healthy Hometowns page. THE NOTICE PUBLISHES NO AMOUNT FOR ANY RECIPIENT: the only dollar figure it carries is in its CMS financial-assistance footer, whose tier changes between Iowa's February and June notices (§0.2), so no figure is attributed to this row and none is divided (§6.2). It is an INTENT, in the notice's own words: ""this Notice does NOT constitute the formation of a contract ... The bidder shall not acquire any legal or equitable rights relative to the contract services until a contract is executed.""",Yes,No,2026,"Iowa HHS Notice of Intent to Award, RFP #PHTHORC26010 Best and Brightest - Rural Healthcare Workforce Recruitment",https://hhs.iowa.gov/media/18094/download?inline,NOTICE_OF_INTENT_TO_AWARD,PARSED_PDF_RUNS,R/03z_ia_year1_awardees.R,,,,,Recipient name rule: name states a hospital.,MEDIUM,AMOUNT_MISSING,PHTHORC26010,BP1 (12/29/2025 - 10/30/2026),DIRECT,Yes,NAMED_HOSPITAL,,Recipient name rule: name states a hospital. §10.2 DIRECT: the named recipient is a hospital or hospital system and the state's award document names both the recipient and the amount.,"Iowa publishes NO per-recipient amount. The notice's only dollar figure is its CMS footer, and that footer carries the RFP's pool in Iowa's Jan/Feb notices and the STATE ALLOTMENT in its June ones, so it is recorded per document in ia_notice_footers.csv and never attached to a recipient (§0.2, §6.2).",Cherokee,ARNP,Best and Brightest - Rural Healthcare Workforce Recruitment,2026-01-30,data/evidence/IA/2026-01-30_ia_noia_phthorc26010_best_and_brightest_rural_healthcare_workforc.pdf,90
IA,91,Sioux Valley Memorial Hospital Association,,HOSPITAL_OR_SYSTEM,Yes,"Provider type: Family Practice Physician with Obstetrics and C-. County: Cherokee. Published by Iowa HHS as a Notice of Intent to Award, linked from the ""Where to Find Funding Awardees"" section of its Healthy Hometowns page. THE NOTICE PUBLISHES NO AMOUNT FOR ANY RECIPIENT: the only dollar figure it carries is in its CMS financial-assistance footer, whose tier changes between Iowa's February and June notices (§0.2), so no figure is attributed to this row and none is divided (§6.2). It is an INTENT, in the notice's own words: ""this Notice does NOT constitute the formation of a contract ... The bidder shall not acquire any legal or equitable rights relative to the contract services until a contract is executed.""",Yes,No,2026,"Iowa HHS Notice of Intent to Award, RFP #PHTHORC26010 Best and Brightest - Rural Healthcare Workforce Recruitment",https://hhs.iowa.gov/media/18094/download?inline,NOTICE_OF_INTENT_TO_AWARD,PARSED_PDF_RUNS,R/03z_ia_year1_awardees.R,,,,,Recipient name rule: name states a hospital.,MEDIUM,AMOUNT_MISSING,PHTHORC26010,BP1 (12/29/2025 - 10/30/2026),DIRECT,Yes,NAMED_HOSPITAL,,Recipient name rule: name states a hospital. §10.2 DIRECT: the named recipient is a hospital or hospital system and the state's award document names both the recipient and the amount.,"Iowa publishes NO per-recipient amount. The notice's only dollar figure is its CMS footer, and that footer carries the RFP's pool in Iowa's Jan/Feb notices and the STATE ALLOTMENT in its June ones, so it is recorded per document in ia_notice_footers.csv and never attached to a recipient (§0.2, §6.2).",Cherokee,Family Practice Physician with Obstetrics and C-,Best and Brightest - Rural Healthcare Workforce Recruitment,2026-01-30,data/evidence/IA/2026-01-30_ia_noia_phthorc26010_best_and_brightest_rural_healthcare_workforc.pdf,91
IA,92,Spencer Hospital,,HOSPITAL_OR_SYSTEM,Yes,"Provider type: Section Competency Family Practice/Obstetrics (FP/OB) Physician (MD or DO). County: Clay. Published by Iowa HHS as a Notice of Intent to Award, linked from the ""Where to Find Funding Awardees"" section of its Healthy Hometowns page. THE NOTICE PUBLISHES NO AMOUNT FOR ANY RECIPIENT: the only dollar figure it carries is in its CMS financial-assistance footer, whose tier changes between Iowa's February and June notices (§0.2), so no figure is attributed to this row and none is divided (§6.2). It is an INTENT, in the notice's own words: ""this Notice does NOT constitute the formation of a contract ... The bidder shall not acquire any legal or equitable rights relative to the contract services until a contract is executed.""",Yes,No,2026,"Iowa HHS Notice of Intent to Award, RFP #PHTHORC26010 Best and Brightest - Rural Healthcare Workforce Recruitment",https://hhs.iowa.gov/media/18094/download?inline,NOTICE_OF_INTENT_TO_AWARD,PARSED_PDF_RUNS,R/03z_ia_year1_awardees.R,,,,,Recipient name rule: name states a hospital.,MEDIUM,AMOUNT_MISSING,PHTHORC26010,BP1 (12/29/2025 - 10/30/2026),DIRECT,Yes,NAMED_HOSPITAL,,Recipient name rule: name states a hospital. §10.2 DIRECT: the named recipient is a hospital or hospital system and the state's award document names both the recipient and the amount.,"Iowa publishes NO per-recipient amount. The notice's only dollar figure is its CMS footer, and that footer carries the RFP's pool in Iowa's Jan/Feb notices and the STATE ALLOTMENT in its June ones, so it is recorded per document in ia_notice_footers.csv and never attached to a recipient (§0.2, §6.2).",Clay,Section Competency Family Practice/Obstetrics (FP/OB) Physician (MD or DO),Best and Brightest - Rural Healthcare Workforce Recruitment,2026-01-30,data/evidence/IA/2026-01-30_ia_noia_phthorc26010_best_and_brightest_rural_healthcare_workforc.pdf,92
IA,93,Spencer Hospital,,HOSPITAL_OR_SYSTEM,Yes,"Provider type: Certified Registered Nurse Anesthetist (CRNA). County: Clay. Published by Iowa HHS as a Notice of Intent to Award, linked from the ""Where to Find Funding Awardees"" section of its Healthy Hometowns page. THE NOTICE PUBLISHES NO AMOUNT FOR ANY RECIPIENT: the only dollar figure it carries is in its CMS financial-assistance footer, whose tier changes between Iowa's February and June notices (§0.2), so no figure is attributed to this row and none is divided (§6.2). It is an INTENT, in the notice's own words: ""this Notice does NOT constitute the formation of a contract ... The bidder shall not acquire any legal or equitable rights relative to the contract services until a contract is executed.""",Yes,No,2026,"Iowa HHS Notice of Intent to Award, RFP #PHTHORC26010 Best and Brightest - Rural Healthcare Workforce Recruitment",https://hhs.iowa.gov/media/18094/download?inline,NOTICE_OF_INTENT_TO_AWARD,PARSED_PDF_RUNS,R/03z_ia_year1_awardees.R,,,,,Recipient name rule: name states a hospital.,MEDIUM,AMOUNT_MISSING,PHTHORC26010,BP1 (12/29/2025 - 10/30/2026),DIRECT,Yes,NAMED_HOSPITAL,,Recipient name rule: name states a hospital. §10.2 DIRECT: the named recipient is a hospital or hospital system and the state's award document names both the recipient and the amount.,"Iowa publishes NO per-recipient amount. The notice's only dollar figure is its CMS footer, and that footer carries the RFP's pool in Iowa's Jan/Feb notices and the STATE ALLOTMENT in its June ones, so it is recorded per document in ia_notice_footers.csv and never attached to a recipient (§0.2, §6.2).",Clay,Certified Registered Nurse Anesthetist (CRNA),Best and Brightest - Rural Healthcare Workforce Recruitment,2026-01-30,data/evidence/IA/2026-01-30_ia_noia_phthorc26010_best_and_brightest_rural_healthcare_workforc.pdf,93
IA,94,St. Anthony Regional Hospital,,HOSPITAL_OR_SYSTEM,Yes,"Provider type: MD/DO. County: Carroll. Published by Iowa HHS as a Notice of Intent to Award, linked from the ""Where to Find Funding Awardees"" section of its Healthy Hometowns page. THE NOTICE PUBLISHES NO AMOUNT FOR ANY RECIPIENT: the only dollar figure it carries is in its CMS financial-assistance footer, whose tier changes between Iowa's February and June notices (§0.2), so no figure is attributed to this row and none is divided (§6.2). It is an INTENT, in the notice's own words: ""this Notice does NOT constitute the formation of a contract ... The bidder shall not acquire any legal or equitable rights relative to the contract services until a contract is executed.""",Yes,No,2026,"Iowa HHS Notice of Intent to Award, RFP #PHTHORC26010 Best and Brightest - Rural Healthcare Workforce Recruitment",https://hhs.iowa.gov/media/18094/download?inline,NOTICE_OF_INTENT_TO_AWARD,PARSED_PDF_RUNS,R/03z_ia_year1_awardees.R,,,,,Recipient name rule: name states a hospital.,MEDIUM,AMOUNT_MISSING,PHTHORC26010,BP1 (12/29/2025 - 10/30/2026),DIRECT,Yes,NAMED_HOSPITAL,,Recipient name rule: name states a hospital. §10.2 DIRECT: the named recipient is a hospital or hospital system and the state's award document names both the recipient and the amount.,"Iowa publishes NO per-recipient amount. The notice's only dollar figure is its CMS footer, and that footer carries the RFP's pool in Iowa's Jan/Feb notices and the STATE ALLOTMENT in its June ones, so it is recorded per document in ia_notice_footers.csv and never attached to a recipient (§0.2, §6.2).",Carroll,MD/DO,Best and Brightest - Rural Healthcare Workforce Recruitment,2026-01-30,data/evidence/IA/2026-01-30_ia_noia_phthorc26010_best_and_brightest_rural_healthcare_workforc.pdf,94
IA,95,St. Joseph's Mercy Hospital DBA MercyOne,,HOSPITAL_OR_SYSTEM,Yes,"Provider type: Family Medicine Physician (MD or DO). County: Appanoose. Published by Iowa HHS as a Notice of Intent to Award, linked from the ""Where to Find Funding Awardees"" section of its Healthy Hometowns page. THE NOTICE PUBLISHES NO AMOUNT FOR ANY RECIPIENT: the only dollar figure it carries is in its CMS financial-assistance footer, whose tier changes between Iowa's February and June notices (§0.2), so no figure is attributed to this row and none is divided (§6.2). It is an INTENT, in the notice's own words: ""this Notice does NOT constitute the formation of a contract ... The bidder shall not acquire any legal or equitable rights relative to the contract services until a contract is executed.""",Yes,No,2026,"Iowa HHS Notice of Intent to Award, RFP #PHTHORC26010 Best and Brightest - Rural Healthcare Workforce Recruitment",https://hhs.iowa.gov/media/18094/download?inline,NOTICE_OF_INTENT_TO_AWARD,PARSED_PDF_RUNS,R/03z_ia_year1_awardees.R,,,,,Recipient name rule: name states a hospital.,MEDIUM,AMOUNT_MISSING,PHTHORC26010,BP1 (12/29/2025 - 10/30/2026),DIRECT,Yes,NAMED_HOSPITAL,,Recipient name rule: name states a hospital. §10.2 DIRECT: the named recipient is a hospital or hospital system and the state's award document names both the recipient and the amount.,"Iowa publishes NO per-recipient amount. The notice's only dollar figure is its CMS footer, and that footer carries the RFP's pool in Iowa's Jan/Feb notices and the STATE ALLOTMENT in its June ones, so it is recorded per document in ia_notice_footers.csv and never attached to a recipient (§0.2, §6.2).",Appanoose,Family Medicine Physician (MD or DO),Best and Brightest - Rural Healthcare Workforce Recruitment,2026-01-30,data/evidence/IA/2026-01-30_ia_noia_phthorc26010_best_and_brightest_rural_healthcare_workforc.pdf,95
IA,96,Centerville Medical Center Stewart Memorial Community Hospital,,HOSPITAL_OR_SYSTEM,Yes,"Provider type: APRN. County: Calhoun. Published by Iowa HHS as a Notice of Intent to Award, linked from the ""Where to Find Funding Awardees"" section of its Healthy Hometowns page. THE NOTICE PUBLISHES NO AMOUNT FOR ANY RECIPIENT: the only dollar figure it carries is in its CMS financial-assistance footer, whose tier changes between Iowa's February and June notices (§0.2), so no figure is attributed to this row and none is divided (§6.2). It is an INTENT, in the notice's own words: ""this Notice does NOT constitute the formation of a contract ... The bidder shall not acquire any legal or equitable rights relative to the contract services until a contract is executed.""",Yes,No,2026,"Iowa HHS Notice of Intent to Award, RFP #PHTHORC26010 Best and Brightest - Rural Healthcare Workforce Recruitment",https://hhs.iowa.gov/media/18094/download?inline,NOTICE_OF_INTENT_TO_AWARD,PARSED_PDF_RUNS,R/03z_ia_year1_awardees.R,,,,,Recipient name rule: name states a hospital.,MEDIUM,AMOUNT_MISSING,PHTHORC26010,BP1 (12/29/2025 - 10/30/2026),DIRECT,Yes,NAMED_HOSPITAL,,Recipient name rule: name states a hospital. §10.2 DIRECT: the named recipient is a hospital or hospital system and the state's award document names both the recipient and the amount.,"Iowa publishes NO per-recipient amount. The notice's only dollar figure is its CMS footer, and that footer carries the RFP's pool in Iowa's Jan/Feb notices and the STATE ALLOTMENT in its June ones, so it is recorded per document in ia_notice_footers.csv and never attached to a recipient (§0.2, §6.2).",Calhoun,APRN,Best and Brightest - Rural Healthcare Workforce Recruitment,2026-01-30,data/evidence/IA/2026-01-30_ia_noia_phthorc26010_best_and_brightest_rural_healthcare_workforc.pdf,96
IA,97,UnityPoint Health - Marshalltown,,NONPROFIT_CBO,No,"Provider type: Oncology/Hematology Advanced Registered. County: Marshall. Published by Iowa HHS as a Notice of Intent to Award, linked from the ""Where to Find Funding Awardees"" section of its Healthy Hometowns page. THE NOTICE PUBLISHES NO AMOUNT FOR ANY RECIPIENT: the only dollar figure it carries is in its CMS financial-assistance footer, whose tier changes between Iowa's February and June notices (§0.2), so no figure is attributed to this row and none is divided (§6.2). It is an INTENT, in the notice's own words: ""this Notice does NOT constitute the formation of a contract ... The bidder shall not acquire any legal or equitable rights relative to the contract services until a contract is executed.""",Yes,No,2026,"Iowa HHS Notice of Intent to Award, RFP #PHTHORC26010 Best and Brightest - Rural Healthcare Workforce Recruitment",https://hhs.iowa.gov/media/18094/download?inline,NOTICE_OF_INTENT_TO_AWARD,PARSED_PDF_RUNS,R/03z_ia_year1_awardees.R,,,,,Recipient is named but the source does not state its organisational form; §8 settled fallback (session 10).,LOW,AMOUNT_MISSING;RECIPIENT_TYPE_INFERRED,PHTHORC26010,BP1 (12/29/2025 - 10/30/2026),NON_HOSPITAL,No,NOT_HOSPITAL,,"Recipient is named but the source does not state its organisational form; §8 settled fallback (session 10). §10.2 NON_HOSPITAL: the named recipient is not a hospital (§0.3a -- judged on the recipient, not the activity), and the source does not mention hospitals anywhere in the funded work.","Iowa publishes NO per-recipient amount. The notice's only dollar figure is its CMS footer, and that footer carries the RFP's pool in Iowa's Jan/Feb notices and the STATE ALLOTMENT in its June ones, so it is recorded per document in ia_notice_footers.csv and never attached to a recipient (§0.2, §6.2).",Marshall,Oncology/Hematology Advanced Registered,Best and Brightest - Rural Healthcare Workforce Recruitment,2026-01-30,data/evidence/IA/2026-01-30_ia_noia_phthorc26010_best_and_brightest_rural_healthcare_workforc.pdf,97
IA,98,UnityPoint Health - Marshalltown,,NONPROFIT_CBO,No,"Provider type: Nurse Practitioner Cardiology Physician's Assistant (PA). County: Marshall. Published by Iowa HHS as a Notice of Intent to Award, linked from the ""Where to Find Funding Awardees"" section of its Healthy Hometowns page. THE NOTICE PUBLISHES NO AMOUNT FOR ANY RECIPIENT: the only dollar figure it carries is in its CMS financial-assistance footer, whose tier changes between Iowa's February and June notices (§0.2), so no figure is attributed to this row and none is divided (§6.2). It is an INTENT, in the notice's own words: ""this Notice does NOT constitute the formation of a contract ... The bidder shall not acquire any legal or equitable rights relative to the contract services until a contract is executed.""",Yes,No,2026,"Iowa HHS Notice of Intent to Award, RFP #PHTHORC26010 Best and Brightest - Rural Healthcare Workforce Recruitment",https://hhs.iowa.gov/media/18094/download?inline,NOTICE_OF_INTENT_TO_AWARD,PARSED_PDF_RUNS,R/03z_ia_year1_awardees.R,,,,,Recipient is named but the source does not state its organisational form; §8 settled fallback (session 10).,LOW,AMOUNT_MISSING;RECIPIENT_TYPE_INFERRED,PHTHORC26010,BP1 (12/29/2025 - 10/30/2026),NON_HOSPITAL,No,NOT_HOSPITAL,,"Recipient is named but the source does not state its organisational form; §8 settled fallback (session 10). §10.2 NON_HOSPITAL: the named recipient is not a hospital (§0.3a -- judged on the recipient, not the activity), and the source does not mention hospitals anywhere in the funded work.","Iowa publishes NO per-recipient amount. The notice's only dollar figure is its CMS footer, and that footer carries the RFP's pool in Iowa's Jan/Feb notices and the STATE ALLOTMENT in its June ones, so it is recorded per document in ia_notice_footers.csv and never attached to a recipient (§0.2, §6.2).",Marshall,Nurse Practitioner Cardiology Physician's Assistant (PA),Best and Brightest - Rural Healthcare Workforce Recruitment,2026-01-30,data/evidence/IA/2026-01-30_ia_noia_phthorc26010_best_and_brightest_rural_healthcare_workforc.pdf,98
IA,99,Van Buren County Hospital,,HOSPITAL_OR_SYSTEM,Yes,"Provider type: Family Practice Physician (MD or DO). County: Van Buren. Published by Iowa HHS as a Notice of Intent to Award, linked from the ""Where to Find Funding Awardees"" section of its Healthy Hometowns page. THE NOTICE PUBLISHES NO AMOUNT FOR ANY RECIPIENT: the only dollar figure it carries is in its CMS financial-assistance footer, whose tier changes between Iowa's February and June notices (§0.2), so no figure is attributed to this row and none is divided (§6.2). It is an INTENT, in the notice's own words: ""this Notice does NOT constitute the formation of a contract ... The bidder shall not acquire any legal or equitable rights relative to the contract services until a contract is executed.""",Yes,No,2026,"Iowa HHS Notice of Intent to Award, RFP #PHTHORC26010 Best and Brightest - Rural Healthcare Workforce Recruitment",https://hhs.iowa.gov/media/18094/download?inline,NOTICE_OF_INTENT_TO_AWARD,PARSED_PDF_RUNS,R/03z_ia_year1_awardees.R,,,,,Recipient name rule: name states a hospital.,MEDIUM,AMOUNT_MISSING,PHTHORC26010,BP1 (12/29/2025 - 10/30/2026),DIRECT,Yes,NAMED_HOSPITAL,,Recipient name rule: name states a hospital. §10.2 DIRECT: the named recipient is a hospital or hospital system and the state's award document names both the recipient and the amount.,"Iowa publishes NO per-recipient amount. The notice's only dollar figure is its CMS footer, and that footer carries the RFP's pool in Iowa's Jan/Feb notices and the STATE ALLOTMENT in its June ones, so it is recorded per document in ia_notice_footers.csv and never attached to a recipient (§0.2, §6.2).",Van Buren,Family Practice Physician (MD or DO),Best and Brightest - Rural Healthcare Workforce Recruitment,2026-01-30,data/evidence/IA/2026-01-30_ia_noia_phthorc26010_best_and_brightest_rural_healthcare_workforc.pdf,99
IA,100,Veterans Memorial Hospital,,HOSPITAL_OR_SYSTEM,Yes,"Provider type: Family Practice Physician with Obstetrics (FPOB). County: Allamakee. Published by Iowa HHS as a Notice of Intent to Award, linked from the ""Where to Find Funding Awardees"" section of its Healthy Hometowns page. THE NOTICE PUBLISHES NO AMOUNT FOR ANY RECIPIENT: the only dollar figure it carries is in its CMS financial-assistance footer, whose tier changes between Iowa's February and June notices (§0.2), so no figure is attributed to this row and none is divided (§6.2). It is an INTENT, in the notice's own words: ""this Notice does NOT constitute the formation of a contract ... The bidder shall not acquire any legal or equitable rights relative to the contract services until a contract is executed.""",Yes,No,2026,"Iowa HHS Notice of Intent to Award, RFP #PHTHORC26010 Best and Brightest - Rural Healthcare Workforce Recruitment",https://hhs.iowa.gov/media/18094/download?inline,NOTICE_OF_INTENT_TO_AWARD,PARSED_PDF_RUNS,R/03z_ia_year1_awardees.R,,,,,Recipient name rule: name states a hospital.,MEDIUM,AMOUNT_MISSING,PHTHORC26010,BP1 (12/29/2025 - 10/30/2026),DIRECT,Yes,NAMED_HOSPITAL,,Recipient name rule: name states a hospital. §10.2 DIRECT: the named recipient is a hospital or hospital system and the state's award document names both the recipient and the amount.,"Iowa publishes NO per-recipient amount. The notice's only dollar figure is its CMS footer, and that footer carries the RFP's pool in Iowa's Jan/Feb notices and the STATE ALLOTMENT in its June ones, so it is recorded per document in ia_notice_footers.csv and never attached to a recipient (§0.2, §6.2).",Allamakee,Family Practice Physician with Obstetrics (FPOB),Best and Brightest - Rural Healthcare Workforce Recruitment,2026-01-30,data/evidence/IA/2026-01-30_ia_noia_phthorc26010_best_and_brightest_rural_healthcare_workforc.pdf,100
IA,101,Virginia Gay Hospital,,HOSPITAL_OR_SYSTEM,Yes,"Provider type: Family practice physician. County: Benton. Published by Iowa HHS as a Notice of Intent to Award, linked from the ""Where to Find Funding Awardees"" section of its Healthy Hometowns page. THE NOTICE PUBLISHES NO AMOUNT FOR ANY RECIPIENT: the only dollar figure it carries is in its CMS financial-assistance footer, whose tier changes between Iowa's February and June notices (§0.2), so no figure is attributed to this row and none is divided (§6.2). It is an INTENT, in the notice's own words: ""this Notice does NOT constitute the formation of a contract ... The bidder shall not acquire any legal or equitable rights relative to the contract services until a contract is executed.""",Yes,No,2026,"Iowa HHS Notice of Intent to Award, RFP #PHTHORC26010 Best and Brightest - Rural Healthcare Workforce Recruitment",https://hhs.iowa.gov/media/18094/download?inline,NOTICE_OF_INTENT_TO_AWARD,PARSED_PDF_RUNS,R/03z_ia_year1_awardees.R,,,,,Recipient name rule: name states a hospital.,MEDIUM,AMOUNT_MISSING,PHTHORC26010,BP1 (12/29/2025 - 10/30/2026),DIRECT,Yes,NAMED_HOSPITAL,,Recipient name rule: name states a hospital. §10.2 DIRECT: the named recipient is a hospital or hospital system and the state's award document names both the recipient and the amount.,"Iowa publishes NO per-recipient amount. The notice's only dollar figure is its CMS footer, and that footer carries the RFP's pool in Iowa's Jan/Feb notices and the STATE ALLOTMENT in its June ones, so it is recorded per document in ia_notice_footers.csv and never attached to a recipient (§0.2, §6.2).",Benton,Family practice physician,Best and Brightest - Rural Healthcare Workforce Recruitment,2026-01-30,data/evidence/IA/2026-01-30_ia_noia_phthorc26010_best_and_brightest_rural_healthcare_workforc.pdf,101
IA,102,Washington County Hospital and Clinics,,HOSPITAL_OR_SYSTEM,Yes,"Provider type: Oncology & Chemotherapy Infusion Registered Nurse. County: Washington. Published by Iowa HHS as a Notice of Intent to Award, linked from the ""Where to Find Funding Awardees"" section of its Healthy Hometowns page. THE NOTICE PUBLISHES NO AMOUNT FOR ANY RECIPIENT: the only dollar figure it carries is in its CMS financial-assistance footer, whose tier changes between Iowa's February and June notices (§0.2), so no figure is attributed to this row and none is divided (§6.2). It is an INTENT, in the notice's own words: ""this Notice does NOT constitute the formation of a contract ... The bidder shall not acquire any legal or equitable rights relative to the contract services until a contract is executed.""",Yes,No,2026,"Iowa HHS Notice of Intent to Award, RFP #PHTHORC26010 Best and Brightest - Rural Healthcare Workforce Recruitment",https://hhs.iowa.gov/media/18094/download?inline,NOTICE_OF_INTENT_TO_AWARD,PARSED_PDF_RUNS,R/03z_ia_year1_awardees.R,,,,,Recipient name rule: name states a hospital.,MEDIUM,AMOUNT_MISSING,PHTHORC26010,BP1 (12/29/2025 - 10/30/2026),DIRECT,Yes,NAMED_HOSPITAL,,Recipient name rule: name states a hospital. §10.2 DIRECT: the named recipient is a hospital or hospital system and the state's award document names both the recipient and the amount.,"Iowa publishes NO per-recipient amount. The notice's only dollar figure is its CMS footer, and that footer carries the RFP's pool in Iowa's Jan/Feb notices and the STATE ALLOTMENT in its June ones, so it is recorded per document in ia_notice_footers.csv and never attached to a recipient (§0.2, §6.2).",Washington,Oncology & Chemotherapy Infusion Registered Nurse,Best and Brightest - Rural Healthcare Workforce Recruitment,2026-01-30,data/evidence/IA/2026-01-30_ia_noia_phthorc26010_best_and_brightest_rural_healthcare_workforc.pdf,102
IA,103,Wayne County Hospital,,HOSPITAL_OR_SYSTEM,Yes,"Provider type: Cardiologist (MD degree, fully licensed). County: Wayne. Published by Iowa HHS as a Notice of Intent to Award, linked from the ""Where to Find Funding Awardees"" section of its Healthy Hometowns page. THE NOTICE PUBLISHES NO AMOUNT FOR ANY RECIPIENT: the only dollar figure it carries is in its CMS financial-assistance footer, whose tier changes between Iowa's February and June notices (§0.2), so no figure is attributed to this row and none is divided (§6.2). It is an INTENT, in the notice's own words: ""this Notice does NOT constitute the formation of a contract ... The bidder shall not acquire any legal or equitable rights relative to the contract services until a contract is executed.""",Yes,No,2026,"Iowa HHS Notice of Intent to Award, RFP #PHTHORC26010 Best and Brightest - Rural Healthcare Workforce Recruitment",https://hhs.iowa.gov/media/18094/download?inline,NOTICE_OF_INTENT_TO_AWARD,PARSED_PDF_RUNS,R/03z_ia_year1_awardees.R,,,,,Recipient name rule: name states a hospital.,MEDIUM,AMOUNT_MISSING,PHTHORC26010,BP1 (12/29/2025 - 10/30/2026),DIRECT,Yes,NAMED_HOSPITAL,,Recipient name rule: name states a hospital. §10.2 DIRECT: the named recipient is a hospital or hospital system and the state's award document names both the recipient and the amount.,"Iowa publishes NO per-recipient amount. The notice's only dollar figure is its CMS footer, and that footer carries the RFP's pool in Iowa's Jan/Feb notices and the STATE ALLOTMENT in its June ones, so it is recorded per document in ia_notice_footers.csv and never attached to a recipient (§0.2, §6.2).",Wayne,"Cardiologist (MD degree, fully licensed)",Best and Brightest - Rural Healthcare Workforce Recruitment,2026-01-30,data/evidence/IA/2026-01-30_ia_noia_phthorc26010_best_and_brightest_rural_healthcare_workforc.pdf,103
IA,104,Whiting Commercial Development Corp,,NONPROFIT_CBO,No,"Provider type: RN. County: Monona. Published by Iowa HHS as a Notice of Intent to Award, linked from the ""Where to Find Funding Awardees"" section of its Healthy Hometowns page. THE NOTICE PUBLISHES NO AMOUNT FOR ANY RECIPIENT: the only dollar figure it carries is in its CMS financial-assistance footer, whose tier changes between Iowa's February and June notices (§0.2), so no figure is attributed to this row and none is divided (§6.2). It is an INTENT, in the notice's own words: ""this Notice does NOT constitute the formation of a contract ... The bidder shall not acquire any legal or equitable rights relative to the contract services until a contract is executed.""",Yes,No,2026,"Iowa HHS Notice of Intent to Award, RFP #PHTHORC26010 Best and Brightest - Rural Healthcare Workforce Recruitment",https://hhs.iowa.gov/media/18094/download?inline,NOTICE_OF_INTENT_TO_AWARD,PARSED_PDF_RUNS,R/03z_ia_year1_awardees.R,,,,,Recipient is named but the source does not state its organisational form; §8 settled fallback (session 10).,LOW,AMOUNT_MISSING;RECIPIENT_TYPE_INFERRED,PHTHORC26010,BP1 (12/29/2025 - 10/30/2026),NON_HOSPITAL,No,NOT_HOSPITAL,,"Recipient is named but the source does not state its organisational form; §8 settled fallback (session 10). §10.2 NON_HOSPITAL: the named recipient is not a hospital (§0.3a -- judged on the recipient, not the activity), and the source does not mention hospitals anywhere in the funded work.","Iowa publishes NO per-recipient amount. The notice's only dollar figure is its CMS footer, and that footer carries the RFP's pool in Iowa's Jan/Feb notices and the STATE ALLOTMENT in its June ones, so it is recorded per document in ia_notice_footers.csv and never attached to a recipient (§0.2, §6.2).",Monona,RN,Best and Brightest - Rural Healthcare Workforce Recruitment,2026-01-30,data/evidence/IA/2026-01-30_ia_noia_phthorc26010_best_and_brightest_rural_healthcare_workforc.pdf,104
IA,105,WinnMed,,NONPROFIT_CBO,No,"Provider type: Psychiatrist MD or DO. County: Winneshiek. Published by Iowa HHS as a Notice of Intent to Award, linked from the ""Where to Find Funding Awardees"" section of its Healthy Hometowns page. THE NOTICE PUBLISHES NO AMOUNT FOR ANY RECIPIENT: the only dollar figure it carries is in its CMS financial-assistance footer, whose tier changes between Iowa's February and June notices (§0.2), so no figure is attributed to this row and none is divided (§6.2). It is an INTENT, in the notice's own words: ""this Notice does NOT constitute the formation of a contract ... The bidder shall not acquire any legal or equitable rights relative to the contract services until a contract is executed.""",Yes,No,2026,"Iowa HHS Notice of Intent to Award, RFP #PHTHORC26010 Best and Brightest - Rural Healthcare Workforce Recruitment",https://hhs.iowa.gov/media/18094/download?inline,NOTICE_OF_INTENT_TO_AWARD,PARSED_PDF_RUNS,R/03z_ia_year1_awardees.R,,,,,Recipient is named but the source does not state its organisational form; §8 settled fallback (session 10).,LOW,AMOUNT_MISSING;RECIPIENT_TYPE_INFERRED,PHTHORC26010,BP1 (12/29/2025 - 10/30/2026),NON_HOSPITAL,No,NOT_HOSPITAL,,"Recipient is named but the source does not state its organisational form; §8 settled fallback (session 10). §10.2 NON_HOSPITAL: the named recipient is not a hospital (§0.3a -- judged on the recipient, not the activity), and the source does not mention hospitals anywhere in the funded work.","Iowa publishes NO per-recipient amount. The notice's only dollar figure is its CMS footer, and that footer carries the RFP's pool in Iowa's Jan/Feb notices and the STATE ALLOTMENT in its June ones, so it is recorded per document in ia_notice_footers.csv and never attached to a recipient (§0.2, §6.2).",Winneshiek,Psychiatrist MD or DO,Best and Brightest - Rural Healthcare Workforce Recruitment,2026-01-30,data/evidence/IA/2026-01-30_ia_noia_phthorc26010_best_and_brightest_rural_healthcare_workforc.pdf,105
IA,106,Adair County Memorial Hospital,,HOSPITAL_OR_SYSTEM,Yes,"Provider type: MD/DO. County: Adair. Published by Iowa HHS as a Notice of Intent to Award, linked from the ""Where to Find Funding Awardees"" section of its Healthy Hometowns page. THE NOTICE PUBLISHES NO AMOUNT FOR ANY RECIPIENT: the only dollar figure it carries is in its CMS financial-assistance footer, whose tier changes between Iowa's February and June notices (§0.2), so no figure is attributed to this row and none is divided (§6.2). It is an INTENT, in the notice's own words: ""this Notice does NOT constitute the formation of a contract ... The bidder shall not acquire any legal or equitable rights relative to the contract services until a contract is executed.""",Yes,No,2026,"Iowa HHS Notice of Intent to Award, RFP #PHTHORC26010 Best and Brightest - Rural Healthcare Workforce Recruitment",https://hhs.iowa.gov/media/18094/download?inline,NOTICE_OF_INTENT_TO_AWARD,PARSED_PDF_RUNS,R/03z_ia_year1_awardees.R,,,,,Recipient name rule: name states a hospital.,MEDIUM,AMOUNT_MISSING,PHTHORC26010,BP1 (12/29/2025 - 10/30/2026),DIRECT,Yes,NAMED_HOSPITAL,,Recipient name rule: name states a hospital. §10.2 DIRECT: the named recipient is a hospital or hospital system and the state's award document names both the recipient and the amount.,"Iowa publishes NO per-recipient amount. The notice's only dollar figure is its CMS footer, and that footer carries the RFP's pool in Iowa's Jan/Feb notices and the STATE ALLOTMENT in its June ones, so it is recorded per document in ia_notice_footers.csv and never attached to a recipient (§0.2, §6.2).",Adair,MD/DO,Best and Brightest - Rural Healthcare Workforce Recruitment,2026-01-30,data/evidence/IA/2026-01-30_ia_noia_phthorc26010_best_and_brightest_rural_healthcare_workforc.pdf,106
IA,107,Avera Holy Family Hospital,,HOSPITAL_OR_SYSTEM,Yes,"Provider type: Family Practice Physician (MD/DO). County: Emmet. Published by Iowa HHS as a Notice of Intent to Award, linked from the ""Where to Find Funding Awardees"" section of its Healthy Hometowns page. THE NOTICE PUBLISHES NO AMOUNT FOR ANY RECIPIENT: the only dollar figure it carries is in its CMS financial-assistance footer, whose tier changes between Iowa's February and June notices (§0.2), so no figure is attributed to this row and none is divided (§6.2). It is an INTENT, in the notice's own words: ""this Notice does NOT constitute the formation of a contract ... The bidder shall not acquire any legal or equitable rights relative to the contract services until a contract is executed.""",Yes,No,2026,"Iowa HHS Notice of Intent to Award, RFP #PHTHORC26010 Best and Brightest - Rural Healthcare Workforce Recruitment",https://hhs.iowa.gov/media/18094/download?inline,NOTICE_OF_INTENT_TO_AWARD,PARSED_PDF_RUNS,R/03z_ia_year1_awardees.R,,,,,Recipient name rule: name states a hospital.,MEDIUM,AMOUNT_MISSING,PHTHORC26010,BP1 (12/29/2025 - 10/30/2026),DIRECT,Yes,NAMED_HOSPITAL,,Recipient name rule: name states a hospital. §10.2 DIRECT: the named recipient is a hospital or hospital system and the state's award document names both the recipient and the amount.,"Iowa publishes NO per-recipient amount. The notice's only dollar figure is its CMS footer, and that footer carries the RFP's pool in Iowa's Jan/Feb notices and the STATE ALLOTMENT in its June ones, so it is recorded per document in ia_notice_footers.csv and never attached to a recipient (§0.2, §6.2).",Emmet,Family Practice Physician (MD/DO),Best and Brightest - Rural Healthcare Workforce Recruitment,2026-01-30,data/evidence/IA/2026-01-30_ia_noia_phthorc26010_best_and_brightest_rural_healthcare_workforc.pdf,107
IA,108,University of Iowa Health Care,,UNIVERSITY_OR_AHC,No,"Published by Iowa HHS as a Notice of Intent to Award, linked from the ""Where to Find Funding Awardees"" section of its Healthy Hometowns page. THE NOTICE PUBLISHES NO AMOUNT FOR ANY RECIPIENT: the only dollar figure it carries is in its CMS financial-assistance footer, whose tier changes between Iowa's February and June notices (§0.2), so no figure is attributed to this row and none is divided (§6.2). It is an INTENT, in the notice's own words: ""this Notice does NOT constitute the formation of a contract ... The bidder shall not acquire any legal or equitable rights relative to the contract services until a contract is executed.""",Yes,No,2026,"Iowa HHS Notice of Intent to Award, RFP #COMPADM26001 Combat Cancer Technical Assistance Provider",https://hhs.iowa.gov/media/18135/download?inline,NOTICE_OF_INTENT_TO_AWARD,PARSED_PDF_RUNS,R/03z_ia_year1_awardees.R,,,,,Recipient name rule: name states a university or college.,HIGH,AMOUNT_MISSING,COMPADM26001,BP1 (12/29/2025 - 10/30/2026),NON_HOSPITAL,No,NOT_HOSPITAL,,"Recipient name rule: name states a university or college. §10.2 NON_HOSPITAL: the named recipient is not a hospital (§0.3a -- judged on the recipient, not the activity), and the source does not mention hospitals anywhere in the funded work.","Iowa publishes NO per-recipient amount. The notice's only dollar figure is its CMS footer, and that footer carries the RFP's pool in Iowa's Jan/Feb notices and the STATE ALLOTMENT in its June ones, so it is recorded per document in ia_notice_footers.csv and never attached to a recipient (§0.2, §6.2).",,,Combat Cancer Technical Assistance Provider,2026-02-05,data/evidence/IA/2026-02-05_ia_noia_compadm26001_combat_cancer_technical_assistance_provider.pdf,1
IA,109,Marion County Board of Health,,NONPROFIT_CBO,No,"Published by Iowa HHS as a Notice of Intent to Award, linked from the ""Where to Find Funding Awardees"" section of its Healthy Hometowns page. THE NOTICE PUBLISHES NO AMOUNT FOR ANY RECIPIENT: the only dollar figure it carries is in its CMS financial-assistance footer, whose tier changes between Iowa's February and June notices (§0.2), so no figure is attributed to this row and none is divided (§6.2). It is an INTENT, in the notice's own words: ""this Notice does NOT constitute the formation of a contract ... The bidder shall not acquire any legal or equitable rights relative to the contract services until a contract is executed.""",Yes,No,2026,"Iowa HHS Notice of Intent to Award, RFP #PHTHOCC26755 Combat Cancer Prevention and Screening",https://hhs.iowa.gov/media/18136/download?inline,NOTICE_OF_INTENT_TO_AWARD,PARSED_PDF_RUNS,R/03z_ia_year1_awardees.R,,,,,Recipient is named but the source does not state its organisational form; §8 settled fallback (session 10).,LOW,AMOUNT_MISSING;RECIPIENT_TYPE_INFERRED,PHTHOCC26755,BP1 (12/29/2025 - 10/30/2026),NON_HOSPITAL,No,NOT_HOSPITAL,,"Recipient is named but the source does not state its organisational form; §8 settled fallback (session 10). §10.2 NON_HOSPITAL: the named recipient is not a hospital (§0.3a -- judged on the recipient, not the activity), and the source does not mention hospitals anywhere in the funded work.","Iowa publishes NO per-recipient amount. The notice's only dollar figure is its CMS footer, and that footer carries the RFP's pool in Iowa's Jan/Feb notices and the STATE ALLOTMENT in its June ones, so it is recorded per document in ia_notice_footers.csv and never attached to a recipient (§0.2, §6.2).",,,Combat Cancer Prevention and Screening,2026-02-05,data/evidence/IA/2026-02-05_ia_noia_phthocc26755_combat_cancer_prevention_and_screening.pdf,1
IA,110,Shelby Co. DBA Myrtue Medical Center,,HOSPITAL_OR_SYSTEM,Yes,"Published by Iowa HHS as a Notice of Intent to Award, linked from the ""Where to Find Funding Awardees"" section of its Healthy Hometowns page. THE NOTICE PUBLISHES NO AMOUNT FOR ANY RECIPIENT: the only dollar figure it carries is in its CMS financial-assistance footer, whose tier changes between Iowa's February and June notices (§0.2), so no figure is attributed to this row and none is divided (§6.2). It is an INTENT, in the notice's own words: ""this Notice does NOT constitute the formation of a contract ... The bidder shall not acquire any legal or equitable rights relative to the contract services until a contract is executed.""",Yes,No,2026,"Iowa HHS Notice of Intent to Award, RFP #PHTHORC26008 Centers of Excellence",https://hhs.iowa.gov/media/18137/download?inline,NOTICE_OF_INTENT_TO_AWARD,PARSED_PDF_RUNS,R/03z_ia_year1_awardees.R,,,,,Recipient name rule: name states a medical center.,MEDIUM,AMOUNT_MISSING,PHTHORC26008,BP1 (12/29/2025 - 10/30/2026),DIRECT,Yes,NAMED_HOSPITAL,,Recipient name rule: name states a medical center. §10.2 DIRECT: the named recipient is a hospital or hospital system and the state's award document names both the recipient and the amount.,"Iowa publishes NO per-recipient amount. The notice's only dollar figure is its CMS footer, and that footer carries the RFP's pool in Iowa's Jan/Feb notices and the STATE ALLOTMENT in its June ones, so it is recorded per document in ia_notice_footers.csv and never attached to a recipient (§0.2, §6.2).",,,Centers of Excellence,2026-02-05,data/evidence/IA/2026-02-05_ia_noia_phthorc26008_centers_of_excellence.pdf,1
IA,111,Iowa Specialty Hospital,,HOSPITAL_OR_SYSTEM,Yes,"Published by Iowa HHS as a Notice of Intent to Award, linked from the ""Where to Find Funding Awardees"" section of its Healthy Hometowns page. THE NOTICE PUBLISHES NO AMOUNT FOR ANY RECIPIENT: the only dollar figure it carries is in its CMS financial-assistance footer, whose tier changes between Iowa's February and June notices (§0.2), so no figure is attributed to this row and none is divided (§6.2). It is an INTENT, in the notice's own words: ""this Notice does NOT constitute the formation of a contract ... The bidder shall not acquire any legal or equitable rights relative to the contract services until a contract is executed.""",Yes,No,2026,"Iowa HHS Notice of Intent to Award, RFP #PHTHORC26008 Centers of Excellence",https://hhs.iowa.gov/media/18137/download?inline,NOTICE_OF_INTENT_TO_AWARD,PARSED_PDF_RUNS,R/03z_ia_year1_awardees.R,,,,,Recipient name rule: name states a hospital.,MEDIUM,AMOUNT_MISSING,PHTHORC26008,BP1 (12/29/2025 - 10/30/2026),DIRECT,Yes,NAMED_HOSPITAL,,Recipient name rule: name states a hospital. §10.2 DIRECT: the named recipient is a hospital or hospital system and the state's award document names both the recipient and the amount.,"Iowa publishes NO per-recipient amount. The notice's only dollar figure is its CMS footer, and that footer carries the RFP's pool in Iowa's Jan/Feb notices and the STATE ALLOTMENT in its June ones, so it is recorded per document in ia_notice_footers.csv and never attached to a recipient (§0.2, §6.2).",,,Centers of Excellence,2026-02-05,data/evidence/IA/2026-02-05_ia_noia_phthorc26008_centers_of_excellence.pdf,2
IA,112,Manning Regional Health Care Center,,NONPROFIT_CBO,No,"Published by Iowa HHS as a Notice of Intent to Award, linked from the ""Where to Find Funding Awardees"" section of its Healthy Hometowns page. THE NOTICE PUBLISHES NO AMOUNT FOR ANY RECIPIENT: the only dollar figure it carries is in its CMS financial-assistance footer, whose tier changes between Iowa's February and June notices (§0.2), so no figure is attributed to this row and none is divided (§6.2). It is an INTENT, in the notice's own words: ""this Notice does NOT constitute the formation of a contract ... The bidder shall not acquire any legal or equitable rights relative to the contract services until a contract is executed.""",Yes,No,2026,"Iowa HHS Notice of Intent to Award, RFP #PHTHORC26008 Centers of Excellence",https://hhs.iowa.gov/media/18137/download?inline,NOTICE_OF_INTENT_TO_AWARD,PARSED_PDF_RUNS,R/03z_ia_year1_awardees.R,,,,,Recipient is named but the source does not state its organisational form; §8 settled fallback (session 10).,LOW,AMOUNT_MISSING;RECIPIENT_TYPE_INFERRED,PHTHORC26008,BP1 (12/29/2025 - 10/30/2026),NON_HOSPITAL,No,NOT_HOSPITAL,,"Recipient is named but the source does not state its organisational form; §8 settled fallback (session 10). §10.2 NON_HOSPITAL: the named recipient is not a hospital (§0.3a -- judged on the recipient, not the activity), and the source does not mention hospitals anywhere in the funded work.","Iowa publishes NO per-recipient amount. The notice's only dollar figure is its CMS footer, and that footer carries the RFP's pool in Iowa's Jan/Feb notices and the STATE ALLOTMENT in its June ones, so it is recorded per document in ia_notice_footers.csv and never attached to a recipient (§0.2, §6.2).",,,Centers of Excellence,2026-02-05,data/evidence/IA/2026-02-05_ia_noia_phthorc26008_centers_of_excellence.pdf,3
IA,113,Marengo Memorial Hospital,,HOSPITAL_OR_SYSTEM,Yes,"Published by Iowa HHS as a Notice of Intent to Award, linked from the ""Where to Find Funding Awardees"" section of its Healthy Hometowns page. THE NOTICE PUBLISHES NO AMOUNT FOR ANY RECIPIENT: the only dollar figure it carries is in its CMS financial-assistance footer, whose tier changes between Iowa's February and June notices (§0.2), so no figure is attributed to this row and none is divided (§6.2). It is an INTENT, in the notice's own words: ""this Notice does NOT constitute the formation of a contract ... The bidder shall not acquire any legal or equitable rights relative to the contract services until a contract is executed.""",Yes,No,2026,"Iowa HHS Notice of Intent to Award, RFP #PHTHORC26008 Centers of Excellence",https://hhs.iowa.gov/media/18137/download?inline,NOTICE_OF_INTENT_TO_AWARD,PARSED_PDF_RUNS,R/03z_ia_year1_awardees.R,,,,,Recipient name rule: name states a hospital.,MEDIUM,AMOUNT_MISSING,PHTHORC26008,BP1 (12/29/2025 - 10/30/2026),DIRECT,Yes,NAMED_HOSPITAL,,Recipient name rule: name states a hospital. §10.2 DIRECT: the named recipient is a hospital or hospital system and the state's award document names both the recipient and the amount.,"Iowa publishes NO per-recipient amount. The notice's only dollar figure is its CMS footer, and that footer carries the RFP's pool in Iowa's Jan/Feb notices and the STATE ALLOTMENT in its June ones, so it is recorded per document in ia_notice_footers.csv and never attached to a recipient (§0.2, §6.2).",,,Centers of Excellence,2026-02-05,data/evidence/IA/2026-02-05_ia_noia_phthorc26008_centers_of_excellence.pdf,4
IA,114,Jennie Edmundson Memorial Hospital,,HOSPITAL_OR_SYSTEM,Yes,"Published by Iowa HHS as a Notice of Intent to Award, linked from the ""Where to Find Funding Awardees"" section of its Healthy Hometowns page. THE NOTICE PUBLISHES NO AMOUNT FOR ANY RECIPIENT: the only dollar figure it carries is in its CMS financial-assistance footer, whose tier changes between Iowa's February and June notices (§0.2), so no figure is attributed to this row and none is divided (§6.2). It is an INTENT, in the notice's own words: ""this Notice does NOT constitute the formation of a contract ... The bidder shall not acquire any legal or equitable rights relative to the contract services until a contract is executed.""",Yes,No,2026,"Iowa HHS Notice of Intent to Award, RFP #PHTHORC26008 Centers of Excellence",https://hhs.iowa.gov/media/18137/download?inline,NOTICE_OF_INTENT_TO_AWARD,PARSED_PDF_RUNS,R/03z_ia_year1_awardees.R,,,,,Recipient name rule: name states a hospital.,MEDIUM,AMOUNT_MISSING,PHTHORC26008,BP1 (12/29/2025 - 10/30/2026),DIRECT,Yes,NAMED_HOSPITAL,,Recipient name rule: name states a hospital. §10.2 DIRECT: the named recipient is a hospital or hospital system and the state's award document names both the recipient and the amount.,"Iowa publishes NO per-recipient amount. The notice's only dollar figure is its CMS footer, and that footer carries the RFP's pool in Iowa's Jan/Feb notices and the STATE ALLOTMENT in its June ones, so it is recorded per document in ia_notice_footers.csv and never attached to a recipient (§0.2, §6.2).",,,Centers of Excellence,2026-02-05,data/evidence/IA/2026-02-05_ia_noia_phthorc26008_centers_of_excellence.pdf,5
IA,115,Decatur County Hospital,,HOSPITAL_OR_SYSTEM,Yes,"Published by Iowa HHS as a Notice of Intent to Award, linked from the ""Where to Find Funding Awardees"" section of its Healthy Hometowns page. THE NOTICE PUBLISHES NO AMOUNT FOR ANY RECIPIENT: the only dollar figure it carries is in its CMS financial-assistance footer, whose tier changes between Iowa's February and June notices (§0.2), so no figure is attributed to this row and none is divided (§6.2). It is an INTENT, in the notice's own words: ""this Notice does NOT constitute the formation of a contract ... The bidder shall not acquire any legal or equitable rights relative to the contract services until a contract is executed.""",Yes,No,2026,"Iowa HHS Notice of Intent to Award, RFP #PHTHORC26008 Centers of Excellence",https://hhs.iowa.gov/media/18137/download?inline,NOTICE_OF_INTENT_TO_AWARD,PARSED_PDF_RUNS,R/03z_ia_year1_awardees.R,,,,,Recipient name rule: name states a hospital.,MEDIUM,AMOUNT_MISSING,PHTHORC26008,BP1 (12/29/2025 - 10/30/2026),DIRECT,Yes,NAMED_HOSPITAL,,Recipient name rule: name states a hospital. §10.2 DIRECT: the named recipient is a hospital or hospital system and the state's award document names both the recipient and the amount.,"Iowa publishes NO per-recipient amount. The notice's only dollar figure is its CMS footer, and that footer carries the RFP's pool in Iowa's Jan/Feb notices and the STATE ALLOTMENT in its June ones, so it is recorded per document in ia_notice_footers.csv and never attached to a recipient (§0.2, §6.2).",,,Centers of Excellence,2026-02-05,data/evidence/IA/2026-02-05_ia_noia_phthorc26008_centers_of_excellence.pdf,6
IA,116,Knoxville Hospital and Clinics,,HOSPITAL_OR_SYSTEM,Yes,"Published by Iowa HHS as a Notice of Intent to Award, linked from the ""Where to Find Funding Awardees"" section of its Healthy Hometowns page. THE NOTICE PUBLISHES NO AMOUNT FOR ANY RECIPIENT: the only dollar figure it carries is in its CMS financial-assistance footer, whose tier changes between Iowa's February and June notices (§0.2), so no figure is attributed to this row and none is divided (§6.2). It is an INTENT, in the notice's own words: ""this Notice does NOT constitute the formation of a contract ... The bidder shall not acquire any legal or equitable rights relative to the contract services until a contract is executed.""",Yes,No,2026,"Iowa HHS Notice of Intent to Award, RFP #PHTHORC26008 Centers of Excellence",https://hhs.iowa.gov/media/18137/download?inline,NOTICE_OF_INTENT_TO_AWARD,PARSED_PDF_RUNS,R/03z_ia_year1_awardees.R,,,,,Recipient name rule: name states a hospital.,MEDIUM,AMOUNT_MISSING,PHTHORC26008,BP1 (12/29/2025 - 10/30/2026),DIRECT,Yes,NAMED_HOSPITAL,,Recipient name rule: name states a hospital. §10.2 DIRECT: the named recipient is a hospital or hospital system and the state's award document names both the recipient and the amount.,"Iowa publishes NO per-recipient amount. The notice's only dollar figure is its CMS footer, and that footer carries the RFP's pool in Iowa's Jan/Feb notices and the STATE ALLOTMENT in its June ones, so it is recorded per document in ia_notice_footers.csv and never attached to a recipient (§0.2, §6.2).",,,Centers of Excellence,2026-02-05,data/evidence/IA/2026-02-05_ia_noia_phthorc26008_centers_of_excellence.pdf,7
IA,117,Guttenberg Municipal Hospital,,HOSPITAL_OR_SYSTEM,Yes,"Published by Iowa HHS as a Notice of Intent to Award, linked from the ""Where to Find Funding Awardees"" section of its Healthy Hometowns page. THE NOTICE PUBLISHES NO AMOUNT FOR ANY RECIPIENT: the only dollar figure it carries is in its CMS financial-assistance footer, whose tier changes between Iowa's February and June notices (§0.2), so no figure is attributed to this row and none is divided (§6.2). It is an INTENT, in the notice's own words: ""this Notice does NOT constitute the formation of a contract ... The bidder shall not acquire any legal or equitable rights relative to the contract services until a contract is executed.""",Yes,No,2026,"Iowa HHS Notice of Intent to Award, RFP #PHTHORC26008 Centers of Excellence",https://hhs.iowa.gov/media/18137/download?inline,NOTICE_OF_INTENT_TO_AWARD,PARSED_PDF_RUNS,R/03z_ia_year1_awardees.R,,,,,Recipient name rule: name states a hospital.,MEDIUM,AMOUNT_MISSING,PHTHORC26008,BP1 (12/29/2025 - 10/30/2026),DIRECT,Yes,NAMED_HOSPITAL,,Recipient name rule: name states a hospital. §10.2 DIRECT: the named recipient is a hospital or hospital system and the state's award document names both the recipient and the amount.,"Iowa publishes NO per-recipient amount. The notice's only dollar figure is its CMS footer, and that footer carries the RFP's pool in Iowa's Jan/Feb notices and the STATE ALLOTMENT in its June ones, so it is recorded per document in ia_notice_footers.csv and never attached to a recipient (§0.2, §6.2).",,,Centers of Excellence,2026-02-05,data/evidence/IA/2026-02-05_ia_noia_phthorc26008_centers_of_excellence.pdf,8
IA,118,Central Iowa Hospital Corporation,,HOSPITAL_OR_SYSTEM,Yes,"Published by Iowa HHS as a Notice of Intent to Award, linked from the ""Where to Find Funding Awardees"" section of its Healthy Hometowns page. THE NOTICE PUBLISHES NO AMOUNT FOR ANY RECIPIENT: the only dollar figure it carries is in its CMS financial-assistance footer, whose tier changes between Iowa's February and June notices (§0.2), so no figure is attributed to this row and none is divided (§6.2). It is an INTENT, in the notice's own words: ""this Notice does NOT constitute the formation of a contract ... The bidder shall not acquire any legal or equitable rights relative to the contract services until a contract is executed.""",Yes,No,2026,"Iowa HHS Notice of Intent to Award, RFP #PHTHORC26008 Centers of Excellence",https://hhs.iowa.gov/media/18137/download?inline,NOTICE_OF_INTENT_TO_AWARD,PARSED_PDF_RUNS,R/03z_ia_year1_awardees.R,,,,,Recipient name rule: name states a hospital.,MEDIUM,AMOUNT_MISSING,PHTHORC26008,BP1 (12/29/2025 - 10/30/2026),DIRECT,Yes,NAMED_HOSPITAL,,Recipient name rule: name states a hospital. §10.2 DIRECT: the named recipient is a hospital or hospital system and the state's award document names both the recipient and the amount.,"Iowa publishes NO per-recipient amount. The notice's only dollar figure is its CMS footer, and that footer carries the RFP's pool in Iowa's Jan/Feb notices and the STATE ALLOTMENT in its June ones, so it is recorded per document in ia_notice_footers.csv and never attached to a recipient (§0.2, §6.2).",,,Centers of Excellence,2026-02-05,data/evidence/IA/2026-02-05_ia_noia_phthorc26008_centers_of_excellence.pdf,9
IA,119,Sioux Center Health,,NONPROFIT_CBO,No,"Published by Iowa HHS as a Notice of Intent to Award, linked from the ""Where to Find Funding Awardees"" section of its Healthy Hometowns page. THE NOTICE PUBLISHES NO AMOUNT FOR ANY RECIPIENT: the only dollar figure it carries is in its CMS financial-assistance footer, whose tier changes between Iowa's February and June notices (§0.2), so no figure is attributed to this row and none is divided (§6.2). It is an INTENT, in the notice's own words: ""this Notice does NOT constitute the formation of a contract ... The bidder shall not acquire any legal or equitable rights relative to the contract services until a contract is executed.""",Yes,No,2026,"Iowa HHS Notice of Intent to Award, RFP #PHTHORC26008 Centers of Excellence",https://hhs.iowa.gov/media/18137/download?inline,NOTICE_OF_INTENT_TO_AWARD,PARSED_PDF_RUNS,R/03z_ia_year1_awardees.R,,,,,Recipient is named but the source does not state its organisational form; §8 settled fallback (session 10).,LOW,AMOUNT_MISSING;RECIPIENT_TYPE_INFERRED,PHTHORC26008,BP1 (12/29/2025 - 10/30/2026),NON_HOSPITAL,No,NOT_HOSPITAL,,"Recipient is named but the source does not state its organisational form; §8 settled fallback (session 10). §10.2 NON_HOSPITAL: the named recipient is not a hospital (§0.3a -- judged on the recipient, not the activity), and the source does not mention hospitals anywhere in the funded work.","Iowa publishes NO per-recipient amount. The notice's only dollar figure is its CMS footer, and that footer carries the RFP's pool in Iowa's Jan/Feb notices and the STATE ALLOTMENT in its June ones, so it is recorded per document in ia_notice_footers.csv and never attached to a recipient (§0.2, §6.2).",,,Centers of Excellence,2026-02-05,data/evidence/IA/2026-02-05_ia_noia_phthorc26008_centers_of_excellence.pdf,10
IA,120,Iowa Primary Care Association,,NONPROFIT_CBO,No,"Published by Iowa HHS as a Notice of Intent to Award, linked from the ""Where to Find Funding Awardees"" section of its Healthy Hometowns page. THE NOTICE PUBLISHES NO AMOUNT FOR ANY RECIPIENT: the only dollar figure it carries is in its CMS financial-assistance footer, whose tier changes between Iowa's February and June notices (§0.2), so no figure is attributed to this row and none is divided (§6.2). It is an INTENT, in the notice's own words: ""this Notice does NOT constitute the formation of a contract ... The bidder shall not acquire any legal or equitable rights relative to the contract services until a contract is executed.""",Yes,No,2026,"Iowa HHS Notice of Intent to Award, RFP #COMPADM26003 Communities of Care Technical Assistance Provider",https://hhs.iowa.gov/media/18138/download?inline,NOTICE_OF_INTENT_TO_AWARD,PARSED_PDF_RUNS,R/03z_ia_year1_awardees.R,,,,,Recipient is named but the source does not state its organisational form; §8 settled fallback (session 10).,LOW,AMOUNT_MISSING;RECIPIENT_TYPE_INFERRED,COMPADM26003,BP1 (12/29/2025 - 10/30/2026),NON_HOSPITAL,No,NOT_HOSPITAL,,"Recipient is named but the source does not state its organisational form; §8 settled fallback (session 10). §10.2 NON_HOSPITAL: the named recipient is not a hospital (§0.3a -- judged on the recipient, not the activity), and the source does not mention hospitals anywhere in the funded work.","Iowa publishes NO per-recipient amount. The notice's only dollar figure is its CMS footer, and that footer carries the RFP's pool in Iowa's Jan/Feb notices and the STATE ALLOTMENT in its June ones, so it is recorded per document in ia_notice_footers.csv and never attached to a recipient (§0.2, §6.2).",,,Communities of Care Technical Assistance Provider,2026-02-05,data/evidence/IA/2026-02-05_ia_noia_compadm26003_communities_of_care_technical_assistance_provi.pdf,1
IA,121,University of Iowa Healthcare,,UNIVERSITY_OR_AHC,No,"Published by Iowa HHS as a Notice of Intent to Award, linked from the ""Where to Find Funding Awardees"" section of its Healthy Hometowns page. THE NOTICE PUBLISHES NO AMOUNT FOR ANY RECIPIENT: the only dollar figure it carries is in its CMS financial-assistance footer, whose tier changes between Iowa's February and June notices (§0.2), so no figure is attributed to this row and none is divided (§6.2). It is an INTENT, in the notice's own words: ""this Notice does NOT constitute the formation of a contract ... The bidder shall not acquire any legal or equitable rights relative to the contract services until a contract is executed.""",Yes,No,2026,"Iowa HHS Notice of Intent to Award, RFP #COMPADM26002 Health Hub Technical Assistance Provider",https://hhs.iowa.gov/media/18139/download?inline,NOTICE_OF_INTENT_TO_AWARD,PARSED_PDF_RUNS,R/03z_ia_year1_awardees.R,,,,,Recipient name rule: name states a university or college.,HIGH,AMOUNT_MISSING,COMPADM26002,BP1 (12/29/2025 - 10/30/2026),NON_HOSPITAL,No,NOT_HOSPITAL,,"Recipient name rule: name states a university or college. §10.2 NON_HOSPITAL: the named recipient is not a hospital (§0.3a -- judged on the recipient, not the activity), and the source does not mention hospitals anywhere in the funded work.","Iowa publishes NO per-recipient amount. The notice's only dollar figure is its CMS footer, and that footer carries the RFP's pool in Iowa's Jan/Feb notices and the STATE ALLOTMENT in its June ones, so it is recorded per document in ia_notice_footers.csv and never attached to a recipient (§0.2, §6.2).",,,Health Hub Technical Assistance Provider,2026-02-05,data/evidence/IA/2026-02-05_ia_noia_compadm26002_health_hub_technical_assistance_provider.pdf,1
IA,122,Adair County Memorial Hospital,,HOSPITAL_OR_SYSTEM,Yes,"County: Greenfield. Published by Iowa HHS as a Notice of Intent to Award, linked from the ""Where to Find Funding Awardees"" section of its Healthy Hometowns page. THE NOTICE PUBLISHES NO AMOUNT FOR ANY RECIPIENT: the only dollar figure it carries is in its CMS financial-assistance footer, whose tier changes between Iowa's February and June notices (§0.2), so no figure is attributed to this row and none is divided (§6.2). It is an INTENT, in the notice's own words: ""this Notice does NOT constitute the formation of a contract ... The bidder shall not acquire any legal or equitable rights relative to the contract services until a contract is executed.""",Yes,No,2026,"Iowa HHS Notice of Intent to Award, RFP #PHTHORC26009 Best and Brightest - Medical Equipment Procurement (re-issued)",https://hhs.iowa.gov/media/18330/download?inline,NOTICE_OF_INTENT_TO_AWARD,PARSED_PDF_RUNS,R/03z_ia_year1_awardees.R,,,,,Recipient name rule: name states a hospital.,MEDIUM,AMOUNT_MISSING,PHTHORC26009,BP1 (12/29/2025 - 10/30/2026),DIRECT,Yes,NAMED_HOSPITAL,,Recipient name rule: name states a hospital. §10.2 DIRECT: the named recipient is a hospital or hospital system and the state's award document names both the recipient and the amount.,"Iowa publishes NO per-recipient amount. The notice's only dollar figure is its CMS footer, and that footer carries the RFP's pool in Iowa's Jan/Feb notices and the STATE ALLOTMENT in its June ones, so it is recorded per document in ia_notice_footers.csv and never attached to a recipient (§0.2, §6.2).",Greenfield,,Best and Brightest - Medical Equipment Procurement (re-issued),2026-02-27,data/evidence/IA/2026-02-27_ia_noia_phthorc26009_best_and_brightest_medical_equipment_procure.pdf,1
IA,123,Avera Holy Family Hospital,,HOSPITAL_OR_SYSTEM,Yes,"County: Emmet. Published by Iowa HHS as a Notice of Intent to Award, linked from the ""Where to Find Funding Awardees"" section of its Healthy Hometowns page. THE NOTICE PUBLISHES NO AMOUNT FOR ANY RECIPIENT: the only dollar figure it carries is in its CMS financial-assistance footer, whose tier changes between Iowa's February and June notices (§0.2), so no figure is attributed to this row and none is divided (§6.2). It is an INTENT, in the notice's own words: ""this Notice does NOT constitute the formation of a contract ... The bidder shall not acquire any legal or equitable rights relative to the contract services until a contract is executed.""",Yes,No,2026,"Iowa HHS Notice of Intent to Award, RFP #PHTHORC26009 Best and Brightest - Medical Equipment Procurement (re-issued)",https://hhs.iowa.gov/media/18330/download?inline,NOTICE_OF_INTENT_TO_AWARD,PARSED_PDF_RUNS,R/03z_ia_year1_awardees.R,,,,,Recipient name rule: name states a hospital.,MEDIUM,AMOUNT_MISSING,PHTHORC26009,BP1 (12/29/2025 - 10/30/2026),DIRECT,Yes,NAMED_HOSPITAL,,Recipient name rule: name states a hospital. §10.2 DIRECT: the named recipient is a hospital or hospital system and the state's award document names both the recipient and the amount.,"Iowa publishes NO per-recipient amount. The notice's only dollar figure is its CMS footer, and that footer carries the RFP's pool in Iowa's Jan/Feb notices and the STATE ALLOTMENT in its June ones, so it is recorded per document in ia_notice_footers.csv and never attached to a recipient (§0.2, §6.2).",Emmet,,Best and Brightest - Medical Equipment Procurement (re-issued),2026-02-27,data/evidence/IA/2026-02-27_ia_noia_phthorc26009_best_and_brightest_medical_equipment_procure.pdf,2
IA,124,Belmond Community Hospital,,HOSPITAL_OR_SYSTEM,Yes,"County: Wright. Published by Iowa HHS as a Notice of Intent to Award, linked from the ""Where to Find Funding Awardees"" section of its Healthy Hometowns page. THE NOTICE PUBLISHES NO AMOUNT FOR ANY RECIPIENT: the only dollar figure it carries is in its CMS financial-assistance footer, whose tier changes between Iowa's February and June notices (§0.2), so no figure is attributed to this row and none is divided (§6.2). It is an INTENT, in the notice's own words: ""this Notice does NOT constitute the formation of a contract ... The bidder shall not acquire any legal or equitable rights relative to the contract services until a contract is executed.""",Yes,No,2026,"Iowa HHS Notice of Intent to Award, RFP #PHTHORC26009 Best and Brightest - Medical Equipment Procurement (re-issued)",https://hhs.iowa.gov/media/18330/download?inline,NOTICE_OF_INTENT_TO_AWARD,PARSED_PDF_RUNS,R/03z_ia_year1_awardees.R,,,,,Recipient name rule: name states a hospital.,MEDIUM,AMOUNT_MISSING,PHTHORC26009,BP1 (12/29/2025 - 10/30/2026),DIRECT,Yes,NAMED_HOSPITAL,,Recipient name rule: name states a hospital. §10.2 DIRECT: the named recipient is a hospital or hospital system and the state's award document names both the recipient and the amount.,"Iowa publishes NO per-recipient amount. The notice's only dollar figure is its CMS footer, and that footer carries the RFP's pool in Iowa's Jan/Feb notices and the STATE ALLOTMENT in its June ones, so it is recorded per document in ia_notice_footers.csv and never attached to a recipient (§0.2, §6.2).",Wright,,Best and Brightest - Medical Equipment Procurement (re-issued),2026-02-27,data/evidence/IA/2026-02-27_ia_noia_phthorc26009_best_and_brightest_medical_equipment_procure.pdf,3
IA,125,Burgess Health Center,,NONPROFIT_CBO,No,"County: Monona. Published by Iowa HHS as a Notice of Intent to Award, linked from the ""Where to Find Funding Awardees"" section of its Healthy Hometowns page. THE NOTICE PUBLISHES NO AMOUNT FOR ANY RECIPIENT: the only dollar figure it carries is in its CMS financial-assistance footer, whose tier changes between Iowa's February and June notices (§0.2), so no figure is attributed to this row and none is divided (§6.2). It is an INTENT, in the notice's own words: ""this Notice does NOT constitute the formation of a contract ... The bidder shall not acquire any legal or equitable rights relative to the contract services until a contract is executed.""",Yes,No,2026,"Iowa HHS Notice of Intent to Award, RFP #PHTHORC26009 Best and Brightest - Medical Equipment Procurement (re-issued)",https://hhs.iowa.gov/media/18330/download?inline,NOTICE_OF_INTENT_TO_AWARD,PARSED_PDF_RUNS,R/03z_ia_year1_awardees.R,,,,,Recipient is named but the source does not state its organisational form; §8 settled fallback (session 10).,LOW,AMOUNT_MISSING;RECIPIENT_TYPE_INFERRED,PHTHORC26009,BP1 (12/29/2025 - 10/30/2026),NON_HOSPITAL,No,NOT_HOSPITAL,,"Recipient is named but the source does not state its organisational form; §8 settled fallback (session 10). §10.2 NON_HOSPITAL: the named recipient is not a hospital (§0.3a -- judged on the recipient, not the activity), and the source does not mention hospitals anywhere in the funded work.","Iowa publishes NO per-recipient amount. The notice's only dollar figure is its CMS footer, and that footer carries the RFP's pool in Iowa's Jan/Feb notices and the STATE ALLOTMENT in its June ones, so it is recorded per document in ia_notice_footers.csv and never attached to a recipient (§0.2, §6.2).",Monona,,Best and Brightest - Medical Equipment Procurement (re-issued),2026-02-27,data/evidence/IA/2026-02-27_ia_noia_phthorc26009_best_and_brightest_medical_equipment_procure.pdf,4
IA,126,Crawford County Memorial Hospital,,HOSPITAL_OR_SYSTEM,Yes,"County: Crawford. Published by Iowa HHS as a Notice of Intent to Award, linked from the ""Where to Find Funding Awardees"" section of its Healthy Hometowns page. THE NOTICE PUBLISHES NO AMOUNT FOR ANY RECIPIENT: the only dollar figure it carries is in its CMS financial-assistance footer, whose tier changes between Iowa's February and June notices (§0.2), so no figure is attributed to this row and none is divided (§6.2). It is an INTENT, in the notice's own words: ""this Notice does NOT constitute the formation of a contract ... The bidder shall not acquire any legal or equitable rights relative to the contract services until a contract is executed.""",Yes,No,2026,"Iowa HHS Notice of Intent to Award, RFP #PHTHORC26009 Best and Brightest - Medical Equipment Procurement (re-issued)",https://hhs.iowa.gov/media/18330/download?inline,NOTICE_OF_INTENT_TO_AWARD,PARSED_PDF_RUNS,R/03z_ia_year1_awardees.R,,,,,Recipient name rule: name states a hospital.,MEDIUM,AMOUNT_MISSING,PHTHORC26009,BP1 (12/29/2025 - 10/30/2026),DIRECT,Yes,NAMED_HOSPITAL,,Recipient name rule: name states a hospital. §10.2 DIRECT: the named recipient is a hospital or hospital system and the state's award document names both the recipient and the amount.,"Iowa publishes NO per-recipient amount. The notice's only dollar figure is its CMS footer, and that footer carries the RFP's pool in Iowa's Jan/Feb notices and the STATE ALLOTMENT in its June ones, so it is recorded per document in ia_notice_footers.csv and never attached to a recipient (§0.2, §6.2).",Crawford,,Best and Brightest - Medical Equipment Procurement (re-issued),2026-02-27,data/evidence/IA/2026-02-27_ia_noia_phthorc26009_best_and_brightest_medical_equipment_procure.pdf,5
IA,127,Dallas County Hospital,,HOSPITAL_OR_SYSTEM,Yes,"County: Dallas. Published by Iowa HHS as a Notice of Intent to Award, linked from the ""Where to Find Funding Awardees"" section of its Healthy Hometowns page. THE NOTICE PUBLISHES NO AMOUNT FOR ANY RECIPIENT: the only dollar figure it carries is in its CMS financial-assistance footer, whose tier changes between Iowa's February and June notices (§0.2), so no figure is attributed to this row and none is divided (§6.2). It is an INTENT, in the notice's own words: ""this Notice does NOT constitute the formation of a contract ... The bidder shall not acquire any legal or equitable rights relative to the contract services until a contract is executed.""",Yes,No,2026,"Iowa HHS Notice of Intent to Award, RFP #PHTHORC26009 Best and Brightest - Medical Equipment Procurement (re-issued)",https://hhs.iowa.gov/media/18330/download?inline,NOTICE_OF_INTENT_TO_AWARD,PARSED_PDF_RUNS,R/03z_ia_year1_awardees.R,,,,,Recipient name rule: name states a hospital.,MEDIUM,AMOUNT_MISSING,PHTHORC26009,BP1 (12/29/2025 - 10/30/2026),DIRECT,Yes,NAMED_HOSPITAL,,Recipient name rule: name states a hospital. §10.2 DIRECT: the named recipient is a hospital or hospital system and the state's award document names both the recipient and the amount.,"Iowa publishes NO per-recipient amount. The notice's only dollar figure is its CMS footer, and that footer carries the RFP's pool in Iowa's Jan/Feb notices and the STATE ALLOTMENT in its June ones, so it is recorded per document in ia_notice_footers.csv and never attached to a recipient (§0.2, §6.2).",Dallas,,Best and Brightest - Medical Equipment Procurement (re-issued),2026-02-27,data/evidence/IA/2026-02-27_ia_noia_phthorc26009_best_and_brightest_medical_equipment_procure.pdf,6
IA,128,Davis County Hospital,,HOSPITAL_OR_SYSTEM,Yes,"County: Davis. Published by Iowa HHS as a Notice of Intent to Award, linked from the ""Where to Find Funding Awardees"" section of its Healthy Hometowns page. THE NOTICE PUBLISHES NO AMOUNT FOR ANY RECIPIENT: the only dollar figure it carries is in its CMS financial-assistance footer, whose tier changes between Iowa's February and June notices (§0.2), so no figure is attributed to this row and none is divided (§6.2). It is an INTENT, in the notice's own words: ""this Notice does NOT constitute the formation of a contract ... The bidder shall not acquire any legal or equitable rights relative to the contract services until a contract is executed.""",Yes,No,2026,"Iowa HHS Notice of Intent to Award, RFP #PHTHORC26009 Best and Brightest - Medical Equipment Procurement (re-issued)",https://hhs.iowa.gov/media/18330/download?inline,NOTICE_OF_INTENT_TO_AWARD,PARSED_PDF_RUNS,R/03z_ia_year1_awardees.R,,,,,Recipient name rule: name states a hospital.,MEDIUM,AMOUNT_MISSING,PHTHORC26009,BP1 (12/29/2025 - 10/30/2026),DIRECT,Yes,NAMED_HOSPITAL,,Recipient name rule: name states a hospital. §10.2 DIRECT: the named recipient is a hospital or hospital system and the state's award document names both the recipient and the amount.,"Iowa publishes NO per-recipient amount. The notice's only dollar figure is its CMS footer, and that footer carries the RFP's pool in Iowa's Jan/Feb notices and the STATE ALLOTMENT in its June ones, so it is recorded per document in ia_notice_footers.csv and never attached to a recipient (§0.2, §6.2).",Davis,,Best and Brightest - Medical Equipment Procurement (re-issued),2026-02-27,data/evidence/IA/2026-02-27_ia_noia_phthorc26009_best_and_brightest_medical_equipment_procure.pdf,7
IA,129,Decatur County Hospital,,HOSPITAL_OR_SYSTEM,Yes,"County: Decatur. Published by Iowa HHS as a Notice of Intent to Award, linked from the ""Where to Find Funding Awardees"" section of its Healthy Hometowns page. THE NOTICE PUBLISHES NO AMOUNT FOR ANY RECIPIENT: the only dollar figure it carries is in its CMS financial-assistance footer, whose tier changes between Iowa's February and June notices (§0.2), so no figure is attributed to this row and none is divided (§6.2). It is an INTENT, in the notice's own words: ""this Notice does NOT constitute the formation of a contract ... The bidder shall not acquire any legal or equitable rights relative to the contract services until a contract is executed.""",Yes,No,2026,"Iowa HHS Notice of Intent to Award, RFP #PHTHORC26009 Best and Brightest - Medical Equipment Procurement (re-issued)",https://hhs.iowa.gov/media/18330/download?inline,NOTICE_OF_INTENT_TO_AWARD,PARSED_PDF_RUNS,R/03z_ia_year1_awardees.R,,,,,Recipient name rule: name states a hospital.,MEDIUM,AMOUNT_MISSING,PHTHORC26009,BP1 (12/29/2025 - 10/30/2026),DIRECT,Yes,NAMED_HOSPITAL,,Recipient name rule: name states a hospital. §10.2 DIRECT: the named recipient is a hospital or hospital system and the state's award document names both the recipient and the amount.,"Iowa publishes NO per-recipient amount. The notice's only dollar figure is its CMS footer, and that footer carries the RFP's pool in Iowa's Jan/Feb notices and the STATE ALLOTMENT in its June ones, so it is recorded per document in ia_notice_footers.csv and never attached to a recipient (§0.2, §6.2).",Decatur,,Best and Brightest - Medical Equipment Procurement (re-issued),2026-02-27,data/evidence/IA/2026-02-27_ia_noia_phthorc26009_best_and_brightest_medical_equipment_procure.pdf,8
IA,130,Ellsworth Municipal Hospital DBA Hansen Family Hospital,,HOSPITAL_OR_SYSTEM,Yes,"County: Hardin. Published by Iowa HHS as a Notice of Intent to Award, linked from the ""Where to Find Funding Awardees"" section of its Healthy Hometowns page. THE NOTICE PUBLISHES NO AMOUNT FOR ANY RECIPIENT: the only dollar figure it carries is in its CMS financial-assistance footer, whose tier changes between Iowa's February and June notices (§0.2), so no figure is attributed to this row and none is divided (§6.2). It is an INTENT, in the notice's own words: ""this Notice does NOT constitute the formation of a contract ... The bidder shall not acquire any legal or equitable rights relative to the contract services until a contract is executed.""",Yes,No,2026,"Iowa HHS Notice of Intent to Award, RFP #PHTHORC26009 Best and Brightest - Medical Equipment Procurement (re-issued)",https://hhs.iowa.gov/media/18330/download?inline,NOTICE_OF_INTENT_TO_AWARD,PARSED_PDF_RUNS,R/03z_ia_year1_awardees.R,,,,,Recipient name rule: name states a hospital.,MEDIUM,AMOUNT_MISSING,PHTHORC26009,BP1 (12/29/2025 - 10/30/2026),DIRECT,Yes,NAMED_HOSPITAL,,Recipient name rule: name states a hospital. §10.2 DIRECT: the named recipient is a hospital or hospital system and the state's award document names both the recipient and the amount.,"Iowa publishes NO per-recipient amount. The notice's only dollar figure is its CMS footer, and that footer carries the RFP's pool in Iowa's Jan/Feb notices and the STATE ALLOTMENT in its June ones, so it is recorded per document in ia_notice_footers.csv and never attached to a recipient (§0.2, §6.2).",Hardin,,Best and Brightest - Medical Equipment Procurement (re-issued),2026-02-27,data/evidence/IA/2026-02-27_ia_noia_phthorc26009_best_and_brightest_medical_equipment_procure.pdf,9
IA,131,Floyd Valley Hospital,,HOSPITAL_OR_SYSTEM,Yes,"County: Plymouth. Published by Iowa HHS as a Notice of Intent to Award, linked from the ""Where to Find Funding Awardees"" section of its Healthy Hometowns page. THE NOTICE PUBLISHES NO AMOUNT FOR ANY RECIPIENT: the only dollar figure it carries is in its CMS financial-assistance footer, whose tier changes between Iowa's February and June notices (§0.2), so no figure is attributed to this row and none is divided (§6.2). It is an INTENT, in the notice's own words: ""this Notice does NOT constitute the formation of a contract ... The bidder shall not acquire any legal or equitable rights relative to the contract services until a contract is executed.""",Yes,No,2026,"Iowa HHS Notice of Intent to Award, RFP #PHTHORC26009 Best and Brightest - Medical Equipment Procurement (re-issued)",https://hhs.iowa.gov/media/18330/download?inline,NOTICE_OF_INTENT_TO_AWARD,PARSED_PDF_RUNS,R/03z_ia_year1_awardees.R,,,,,Recipient name rule: name states a hospital.,MEDIUM,AMOUNT_MISSING,PHTHORC26009,BP1 (12/29/2025 - 10/30/2026),DIRECT,Yes,NAMED_HOSPITAL,,Recipient name rule: name states a hospital. §10.2 DIRECT: the named recipient is a hospital or hospital system and the state's award document names both the recipient and the amount.,"Iowa publishes NO per-recipient amount. The notice's only dollar figure is its CMS footer, and that footer carries the RFP's pool in Iowa's Jan/Feb notices and the STATE ALLOTMENT in its June ones, so it is recorded per document in ia_notice_footers.csv and never attached to a recipient (§0.2, §6.2).",Plymouth,,Best and Brightest - Medical Equipment Procurement (re-issued),2026-02-27,data/evidence/IA/2026-02-27_ia_noia_phthorc26009_best_and_brightest_medical_equipment_procure.pdf,10
IA,132,Greater Regional Medical Center,,HOSPITAL_OR_SYSTEM,Yes,"County: Union. Published by Iowa HHS as a Notice of Intent to Award, linked from the ""Where to Find Funding Awardees"" section of its Healthy Hometowns page. THE NOTICE PUBLISHES NO AMOUNT FOR ANY RECIPIENT: the only dollar figure it carries is in its CMS financial-assistance footer, whose tier changes between Iowa's February and June notices (§0.2), so no figure is attributed to this row and none is divided (§6.2). It is an INTENT, in the notice's own words: ""this Notice does NOT constitute the formation of a contract ... The bidder shall not acquire any legal or equitable rights relative to the contract services until a contract is executed.""",Yes,No,2026,"Iowa HHS Notice of Intent to Award, RFP #PHTHORC26009 Best and Brightest - Medical Equipment Procurement (re-issued)",https://hhs.iowa.gov/media/18330/download?inline,NOTICE_OF_INTENT_TO_AWARD,PARSED_PDF_RUNS,R/03z_ia_year1_awardees.R,,,,,Recipient name rule: name states a medical center.,MEDIUM,AMOUNT_MISSING,PHTHORC26009,BP1 (12/29/2025 - 10/30/2026),DIRECT,Yes,NAMED_HOSPITAL,,Recipient name rule: name states a medical center. §10.2 DIRECT: the named recipient is a hospital or hospital system and the state's award document names both the recipient and the amount.,"Iowa publishes NO per-recipient amount. The notice's only dollar figure is its CMS footer, and that footer carries the RFP's pool in Iowa's Jan/Feb notices and the STATE ALLOTMENT in its June ones, so it is recorded per document in ia_notice_footers.csv and never attached to a recipient (§0.2, §6.2).",Union,,Best and Brightest - Medical Equipment Procurement (re-issued),2026-02-27,data/evidence/IA/2026-02-27_ia_noia_phthorc26009_best_and_brightest_medical_equipment_procure.pdf,11
IA,133,Hancock County Health System,,HOSPITAL_OR_SYSTEM,Yes,"County: Hancock. Published by Iowa HHS as a Notice of Intent to Award, linked from the ""Where to Find Funding Awardees"" section of its Healthy Hometowns page. THE NOTICE PUBLISHES NO AMOUNT FOR ANY RECIPIENT: the only dollar figure it carries is in its CMS financial-assistance footer, whose tier changes between Iowa's February and June notices (§0.2), so no figure is attributed to this row and none is divided (§6.2). It is an INTENT, in the notice's own words: ""this Notice does NOT constitute the formation of a contract ... The bidder shall not acquire any legal or equitable rights relative to the contract services until a contract is executed.""",Yes,No,2026,"Iowa HHS Notice of Intent to Award, RFP #PHTHORC26009 Best and Brightest - Medical Equipment Procurement (re-issued)",https://hhs.iowa.gov/media/18330/download?inline,NOTICE_OF_INTENT_TO_AWARD,PARSED_PDF_RUNS,R/03z_ia_year1_awardees.R,,,,,Recipient name rule: name states a health system.,MEDIUM,AMOUNT_MISSING,PHTHORC26009,BP1 (12/29/2025 - 10/30/2026),DIRECT,Yes,NAMED_HOSPITAL,,Recipient name rule: name states a health system. §10.2 DIRECT: the named recipient is a hospital or hospital system and the state's award document names both the recipient and the amount.,"Iowa publishes NO per-recipient amount. The notice's only dollar figure is its CMS footer, and that footer carries the RFP's pool in Iowa's Jan/Feb notices and the STATE ALLOTMENT in its June ones, so it is recorded per document in ia_notice_footers.csv and never attached to a recipient (§0.2, §6.2).",Hancock,,Best and Brightest - Medical Equipment Procurement (re-issued),2026-02-27,data/evidence/IA/2026-02-27_ia_noia_phthorc26009_best_and_brightest_medical_equipment_procure.pdf,12
IA,134,Hawarden Regional Healthcare DBA Hawarden Community Hospital,,HOSPITAL_OR_SYSTEM,Yes,"County: Sioux. Published by Iowa HHS as a Notice of Intent to Award, linked from the ""Where to Find Funding Awardees"" section of its Healthy Hometowns page. THE NOTICE PUBLISHES NO AMOUNT FOR ANY RECIPIENT: the only dollar figure it carries is in its CMS financial-assistance footer, whose tier changes between Iowa's February and June notices (§0.2), so no figure is attributed to this row and none is divided (§6.2). It is an INTENT, in the notice's own words: ""this Notice does NOT constitute the formation of a contract ... The bidder shall not acquire any legal or equitable rights relative to the contract services until a contract is executed.""",Yes,No,2026,"Iowa HHS Notice of Intent to Award, RFP #PHTHORC26009 Best and Brightest - Medical Equipment Procurement (re-issued)",https://hhs.iowa.gov/media/18330/download?inline,NOTICE_OF_INTENT_TO_AWARD,PARSED_PDF_RUNS,R/03z_ia_year1_awardees.R,,,,,Recipient name rule: name states a hospital.,MEDIUM,AMOUNT_MISSING,PHTHORC26009,BP1 (12/29/2025 - 10/30/2026),DIRECT,Yes,NAMED_HOSPITAL,,Recipient name rule: name states a hospital. §10.2 DIRECT: the named recipient is a hospital or hospital system and the state's award document names both the recipient and the amount.,"Iowa publishes NO per-recipient amount. The notice's only dollar figure is its CMS footer, and that footer carries the RFP's pool in Iowa's Jan/Feb notices and the STATE ALLOTMENT in its June ones, so it is recorded per document in ia_notice_footers.csv and never attached to a recipient (§0.2, §6.2).",Sioux,,Best and Brightest - Medical Equipment Procurement (re-issued),2026-02-27,data/evidence/IA/2026-02-27_ia_noia_phthorc26009_best_and_brightest_medical_equipment_procure.pdf,13
IA,135,Humboldt County Memorial Hospital,,HOSPITAL_OR_SYSTEM,Yes,"County: Humboldt. Published by Iowa HHS as a Notice of Intent to Award, linked from the ""Where to Find Funding Awardees"" section of its Healthy Hometowns page. THE NOTICE PUBLISHES NO AMOUNT FOR ANY RECIPIENT: the only dollar figure it carries is in its CMS financial-assistance footer, whose tier changes between Iowa's February and June notices (§0.2), so no figure is attributed to this row and none is divided (§6.2). It is an INTENT, in the notice's own words: ""this Notice does NOT constitute the formation of a contract ... The bidder shall not acquire any legal or equitable rights relative to the contract services until a contract is executed.""",Yes,No,2026,"Iowa HHS Notice of Intent to Award, RFP #PHTHORC26009 Best and Brightest - Medical Equipment Procurement (re-issued)",https://hhs.iowa.gov/media/18330/download?inline,NOTICE_OF_INTENT_TO_AWARD,PARSED_PDF_RUNS,R/03z_ia_year1_awardees.R,,,,,Recipient name rule: name states a hospital.,MEDIUM,AMOUNT_MISSING,PHTHORC26009,BP1 (12/29/2025 - 10/30/2026),DIRECT,Yes,NAMED_HOSPITAL,,Recipient name rule: name states a hospital. §10.2 DIRECT: the named recipient is a hospital or hospital system and the state's award document names both the recipient and the amount.,"Iowa publishes NO per-recipient amount. The notice's only dollar figure is its CMS footer, and that footer carries the RFP's pool in Iowa's Jan/Feb notices and the STATE ALLOTMENT in its June ones, so it is recorded per document in ia_notice_footers.csv and never attached to a recipient (§0.2, §6.2).",Humboldt,,Best and Brightest - Medical Equipment Procurement (re-issued),2026-02-27,data/evidence/IA/2026-02-27_ia_noia_phthorc26009_best_and_brightest_medical_equipment_procure.pdf,14
IA,136,Lucas County Health Center,,NONPROFIT_CBO,No,"County: Lucas. Published by Iowa HHS as a Notice of Intent to Award, linked from the ""Where to Find Funding Awardees"" section of its Healthy Hometowns page. THE NOTICE PUBLISHES NO AMOUNT FOR ANY RECIPIENT: the only dollar figure it carries is in its CMS financial-assistance footer, whose tier changes between Iowa's February and June notices (§0.2), so no figure is attributed to this row and none is divided (§6.2). It is an INTENT, in the notice's own words: ""this Notice does NOT constitute the formation of a contract ... The bidder shall not acquire any legal or equitable rights relative to the contract services until a contract is executed.""",Yes,No,2026,"Iowa HHS Notice of Intent to Award, RFP #PHTHORC26009 Best and Brightest - Medical Equipment Procurement (re-issued)",https://hhs.iowa.gov/media/18330/download?inline,NOTICE_OF_INTENT_TO_AWARD,PARSED_PDF_RUNS,R/03z_ia_year1_awardees.R,,,,,Recipient is named but the source does not state its organisational form; §8 settled fallback (session 10).,LOW,AMOUNT_MISSING;RECIPIENT_TYPE_INFERRED,PHTHORC26009,BP1 (12/29/2025 - 10/30/2026),NON_HOSPITAL,No,NOT_HOSPITAL,,"Recipient is named but the source does not state its organisational form; §8 settled fallback (session 10). §10.2 NON_HOSPITAL: the named recipient is not a hospital (§0.3a -- judged on the recipient, not the activity), and the source does not mention hospitals anywhere in the funded work.","Iowa publishes NO per-recipient amount. The notice's only dollar figure is its CMS footer, and that footer carries the RFP's pool in Iowa's Jan/Feb notices and the STATE ALLOTMENT in its June ones, so it is recorded per document in ia_notice_footers.csv and never attached to a recipient (§0.2, §6.2).",Lucas,,Best and Brightest - Medical Equipment Procurement (re-issued),2026-02-27,data/evidence/IA/2026-02-27_ia_noia_phthorc26009_best_and_brightest_medical_equipment_procure.pdf,15
IA,137,Mahaska County Hospital dba Mahaska Health Partnership,,HOSPITAL_OR_SYSTEM,Yes,"County: Mahaska. Published by Iowa HHS as a Notice of Intent to Award, linked from the ""Where to Find Funding Awardees"" section of its Healthy Hometowns page. THE NOTICE PUBLISHES NO AMOUNT FOR ANY RECIPIENT: the only dollar figure it carries is in its CMS financial-assistance footer, whose tier changes between Iowa's February and June notices (§0.2), so no figure is attributed to this row and none is divided (§6.2). It is an INTENT, in the notice's own words: ""this Notice does NOT constitute the formation of a contract ... The bidder shall not acquire any legal or equitable rights relative to the contract services until a contract is executed.""",Yes,No,2026,"Iowa HHS Notice of Intent to Award, RFP #PHTHORC26009 Best and Brightest - Medical Equipment Procurement (re-issued)",https://hhs.iowa.gov/media/18330/download?inline,NOTICE_OF_INTENT_TO_AWARD,PARSED_PDF_RUNS,R/03z_ia_year1_awardees.R,,,,,Recipient name rule: name states a hospital.,MEDIUM,AMOUNT_MISSING,PHTHORC26009,BP1 (12/29/2025 - 10/30/2026),DIRECT,Yes,NAMED_HOSPITAL,,Recipient name rule: name states a hospital. §10.2 DIRECT: the named recipient is a hospital or hospital system and the state's award document names both the recipient and the amount.,"Iowa publishes NO per-recipient amount. The notice's only dollar figure is its CMS footer, and that footer carries the RFP's pool in Iowa's Jan/Feb notices and the STATE ALLOTMENT in its June ones, so it is recorded per document in ia_notice_footers.csv and never attached to a recipient (§0.2, §6.2).",Mahaska,,Best and Brightest - Medical Equipment Procurement (re-issued),2026-02-27,data/evidence/IA/2026-02-27_ia_noia_phthorc26009_best_and_brightest_medical_equipment_procure.pdf,16
IA,138,Manning Regional Healthcare Center,,NONPROFIT_CBO,No,"County: Carroll. Published by Iowa HHS as a Notice of Intent to Award, linked from the ""Where to Find Funding Awardees"" section of its Healthy Hometowns page. THE NOTICE PUBLISHES NO AMOUNT FOR ANY RECIPIENT: the only dollar figure it carries is in its CMS financial-assistance footer, whose tier changes between Iowa's February and June notices (§0.2), so no figure is attributed to this row and none is divided (§6.2). It is an INTENT, in the notice's own words: ""this Notice does NOT constitute the formation of a contract ... The bidder shall not acquire any legal or equitable rights relative to the contract services until a contract is executed.""",Yes,No,2026,"Iowa HHS Notice of Intent to Award, RFP #PHTHORC26009 Best and Brightest - Medical Equipment Procurement (re-issued)",https://hhs.iowa.gov/media/18330/download?inline,NOTICE_OF_INTENT_TO_AWARD,PARSED_PDF_RUNS,R/03z_ia_year1_awardees.R,,,,,Recipient is named but the source does not state its organisational form; §8 settled fallback (session 10).,LOW,AMOUNT_MISSING;RECIPIENT_TYPE_INFERRED,PHTHORC26009,BP1 (12/29/2025 - 10/30/2026),NON_HOSPITAL,No,NOT_HOSPITAL,,"Recipient is named but the source does not state its organisational form; §8 settled fallback (session 10). §10.2 NON_HOSPITAL: the named recipient is not a hospital (§0.3a -- judged on the recipient, not the activity), and the source does not mention hospitals anywhere in the funded work.","Iowa publishes NO per-recipient amount. The notice's only dollar figure is its CMS footer, and that footer carries the RFP's pool in Iowa's Jan/Feb notices and the STATE ALLOTMENT in its June ones, so it is recorded per document in ia_notice_footers.csv and never attached to a recipient (§0.2, §6.2).",Carroll,,Best and Brightest - Medical Equipment Procurement (re-issued),2026-02-27,data/evidence/IA/2026-02-27_ia_noia_phthorc26009_best_and_brightest_medical_equipment_procure.pdf,17
IA,139,Marengo Memorial Hospital,,HOSPITAL_OR_SYSTEM,Yes,"County: Iowa. Published by Iowa HHS as a Notice of Intent to Award, linked from the ""Where to Find Funding Awardees"" section of its Healthy Hometowns page. THE NOTICE PUBLISHES NO AMOUNT FOR ANY RECIPIENT: the only dollar figure it carries is in its CMS financial-assistance footer, whose tier changes between Iowa's February and June notices (§0.2), so no figure is attributed to this row and none is divided (§6.2). It is an INTENT, in the notice's own words: ""this Notice does NOT constitute the formation of a contract ... The bidder shall not acquire any legal or equitable rights relative to the contract services until a contract is executed.""",Yes,No,2026,"Iowa HHS Notice of Intent to Award, RFP #PHTHORC26009 Best and Brightest - Medical Equipment Procurement (re-issued)",https://hhs.iowa.gov/media/18330/download?inline,NOTICE_OF_INTENT_TO_AWARD,PARSED_PDF_RUNS,R/03z_ia_year1_awardees.R,,,,,Recipient name rule: name states a hospital.,MEDIUM,AMOUNT_MISSING,PHTHORC26009,BP1 (12/29/2025 - 10/30/2026),DIRECT,Yes,NAMED_HOSPITAL,,Recipient name rule: name states a hospital. §10.2 DIRECT: the named recipient is a hospital or hospital system and the state's award document names both the recipient and the amount.,"Iowa publishes NO per-recipient amount. The notice's only dollar figure is its CMS footer, and that footer carries the RFP's pool in Iowa's Jan/Feb notices and the STATE ALLOTMENT in its June ones, so it is recorded per document in ia_notice_footers.csv and never attached to a recipient (§0.2, §6.2).",Iowa,,Best and Brightest - Medical Equipment Procurement (re-issued),2026-02-27,data/evidence/IA/2026-02-27_ia_noia_phthorc26009_best_and_brightest_medical_equipment_procure.pdf,18
IA,140,"Mercy Health Services-Iowa, Corp.",,NONPROFIT_CBO,No,"County: Dubuque. Published by Iowa HHS as a Notice of Intent to Award, linked from the ""Where to Find Funding Awardees"" section of its Healthy Hometowns page. THE NOTICE PUBLISHES NO AMOUNT FOR ANY RECIPIENT: the only dollar figure it carries is in its CMS financial-assistance footer, whose tier changes between Iowa's February and June notices (§0.2), so no figure is attributed to this row and none is divided (§6.2). It is an INTENT, in the notice's own words: ""this Notice does NOT constitute the formation of a contract ... The bidder shall not acquire any legal or equitable rights relative to the contract services until a contract is executed.""",Yes,No,2026,"Iowa HHS Notice of Intent to Award, RFP #PHTHORC26009 Best and Brightest - Medical Equipment Procurement (re-issued)",https://hhs.iowa.gov/media/18330/download?inline,NOTICE_OF_INTENT_TO_AWARD,PARSED_PDF_RUNS,R/03z_ia_year1_awardees.R,,,,,Recipient is named but the source does not state its organisational form; §8 settled fallback (session 10).,LOW,AMOUNT_MISSING;RECIPIENT_TYPE_INFERRED,PHTHORC26009,BP1 (12/29/2025 - 10/30/2026),NON_HOSPITAL,No,NOT_HOSPITAL,,"Recipient is named but the source does not state its organisational form; §8 settled fallback (session 10). §10.2 NON_HOSPITAL: the named recipient is not a hospital (§0.3a -- judged on the recipient, not the activity), and the source does not mention hospitals anywhere in the funded work.","Iowa publishes NO per-recipient amount. The notice's only dollar figure is its CMS footer, and that footer carries the RFP's pool in Iowa's Jan/Feb notices and the STATE ALLOTMENT in its June ones, so it is recorded per document in ia_notice_footers.csv and never attached to a recipient (§0.2, §6.2).",Dubuque,,Best and Brightest - Medical Equipment Procurement (re-issued),2026-02-27,data/evidence/IA/2026-02-27_ia_noia_phthorc26009_best_and_brightest_medical_equipment_procure.pdf,19
IA,141,MercyOne Clinton Medical Center,,HOSPITAL_OR_SYSTEM,Yes,"County: Clinton. Published by Iowa HHS as a Notice of Intent to Award, linked from the ""Where to Find Funding Awardees"" section of its Healthy Hometowns page. THE NOTICE PUBLISHES NO AMOUNT FOR ANY RECIPIENT: the only dollar figure it carries is in its CMS financial-assistance footer, whose tier changes between Iowa's February and June notices (§0.2), so no figure is attributed to this row and none is divided (§6.2). It is an INTENT, in the notice's own words: ""this Notice does NOT constitute the formation of a contract ... The bidder shall not acquire any legal or equitable rights relative to the contract services until a contract is executed.""",Yes,No,2026,"Iowa HHS Notice of Intent to Award, RFP #PHTHORC26009 Best and Brightest - Medical Equipment Procurement (re-issued)",https://hhs.iowa.gov/media/18330/download?inline,NOTICE_OF_INTENT_TO_AWARD,PARSED_PDF_RUNS,R/03z_ia_year1_awardees.R,,,,,Recipient name rule: name states a medical center.,MEDIUM,AMOUNT_MISSING,PHTHORC26009,BP1 (12/29/2025 - 10/30/2026),DIRECT,Yes,NAMED_HOSPITAL,,Recipient name rule: name states a medical center. §10.2 DIRECT: the named recipient is a hospital or hospital system and the state's award document names both the recipient and the amount.,"Iowa publishes NO per-recipient amount. The notice's only dollar figure is its CMS footer, and that footer carries the RFP's pool in Iowa's Jan/Feb notices and the STATE ALLOTMENT in its June ones, so it is recorded per document in ia_notice_footers.csv and never attached to a recipient (§0.2, §6.2).",Clinton,,Best and Brightest - Medical Equipment Procurement (re-issued),2026-02-27,data/evidence/IA/2026-02-27_ia_noia_phthorc26009_best_and_brightest_medical_equipment_procure.pdf,20
IA,142,MercyOne Elkader Medical Center,,HOSPITAL_OR_SYSTEM,Yes,"County: Clayton. Published by Iowa HHS as a Notice of Intent to Award, linked from the ""Where to Find Funding Awardees"" section of its Healthy Hometowns page. THE NOTICE PUBLISHES NO AMOUNT FOR ANY RECIPIENT: the only dollar figure it carries is in its CMS financial-assistance footer, whose tier changes between Iowa's February and June notices (§0.2), so no figure is attributed to this row and none is divided (§6.2). It is an INTENT, in the notice's own words: ""this Notice does NOT constitute the formation of a contract ... The bidder shall not acquire any legal or equitable rights relative to the contract services until a contract is executed.""",Yes,No,2026,"Iowa HHS Notice of Intent to Award, RFP #PHTHORC26009 Best and Brightest - Medical Equipment Procurement (re-issued)",https://hhs.iowa.gov/media/18330/download?inline,NOTICE_OF_INTENT_TO_AWARD,PARSED_PDF_RUNS,R/03z_ia_year1_awardees.R,,,,,Recipient name rule: name states a medical center.,MEDIUM,AMOUNT_MISSING,PHTHORC26009,BP1 (12/29/2025 - 10/30/2026),DIRECT,Yes,NAMED_HOSPITAL,,Recipient name rule: name states a medical center. §10.2 DIRECT: the named recipient is a hospital or hospital system and the state's award document names both the recipient and the amount.,"Iowa publishes NO per-recipient amount. The notice's only dollar figure is its CMS footer, and that footer carries the RFP's pool in Iowa's Jan/Feb notices and the STATE ALLOTMENT in its June ones, so it is recorded per document in ia_notice_footers.csv and never attached to a recipient (§0.2, §6.2).",Clayton,,Best and Brightest - Medical Equipment Procurement (re-issued),2026-02-27,data/evidence/IA/2026-02-27_ia_noia_phthorc26009_best_and_brightest_medical_equipment_procure.pdf,21
IA,143,MercyOne Genesis Foundation,,NONPROFIT_CBO,No,"County: Clinton. Published by Iowa HHS as a Notice of Intent to Award, linked from the ""Where to Find Funding Awardees"" section of its Healthy Hometowns page. THE NOTICE PUBLISHES NO AMOUNT FOR ANY RECIPIENT: the only dollar figure it carries is in its CMS financial-assistance footer, whose tier changes between Iowa's February and June notices (§0.2), so no figure is attributed to this row and none is divided (§6.2). It is an INTENT, in the notice's own words: ""this Notice does NOT constitute the formation of a contract ... The bidder shall not acquire any legal or equitable rights relative to the contract services until a contract is executed.""",Yes,No,2026,"Iowa HHS Notice of Intent to Award, RFP #PHTHORC26009 Best and Brightest - Medical Equipment Procurement (re-issued)",https://hhs.iowa.gov/media/18330/download?inline,NOTICE_OF_INTENT_TO_AWARD,PARSED_PDF_RUNS,R/03z_ia_year1_awardees.R,,,,,Recipient is named but the source does not state its organisational form; §8 settled fallback (session 10).,LOW,AMOUNT_MISSING;RECIPIENT_TYPE_INFERRED,PHTHORC26009,BP1 (12/29/2025 - 10/30/2026),NON_HOSPITAL,No,NOT_HOSPITAL,,"Recipient is named but the source does not state its organisational form; §8 settled fallback (session 10). §10.2 NON_HOSPITAL: the named recipient is not a hospital (§0.3a -- judged on the recipient, not the activity), and the source does not mention hospitals anywhere in the funded work.","Iowa publishes NO per-recipient amount. The notice's only dollar figure is its CMS footer, and that footer carries the RFP's pool in Iowa's Jan/Feb notices and the STATE ALLOTMENT in its June ones, so it is recorded per document in ia_notice_footers.csv and never attached to a recipient (§0.2, §6.2).",Clinton,,Best and Brightest - Medical Equipment Procurement (re-issued),2026-02-27,data/evidence/IA/2026-02-27_ia_noia_phthorc26009_best_and_brightest_medical_equipment_procure.pdf,22
IA,144,MercyOne New Hampton,,NONPROFIT_CBO,No,"County: Chickasaw. Published by Iowa HHS as a Notice of Intent to Award, linked from the ""Where to Find Funding Awardees"" section of its Healthy Hometowns page. THE NOTICE PUBLISHES NO AMOUNT FOR ANY RECIPIENT: the only dollar figure it carries is in its CMS financial-assistance footer, whose tier changes between Iowa's February and June notices (§0.2), so no figure is attributed to this row and none is divided (§6.2). It is an INTENT, in the notice's own words: ""this Notice does NOT constitute the formation of a contract ... The bidder shall not acquire any legal or equitable rights relative to the contract services until a contract is executed.""",Yes,No,2026,"Iowa HHS Notice of Intent to Award, RFP #PHTHORC26009 Best and Brightest - Medical Equipment Procurement (re-issued)",https://hhs.iowa.gov/media/18330/download?inline,NOTICE_OF_INTENT_TO_AWARD,PARSED_PDF_RUNS,R/03z_ia_year1_awardees.R,,,,,Recipient is named but the source does not state its organisational form; §8 settled fallback (session 10).,LOW,AMOUNT_MISSING;RECIPIENT_TYPE_INFERRED,PHTHORC26009,BP1 (12/29/2025 - 10/30/2026),NON_HOSPITAL,No,NOT_HOSPITAL,,"Recipient is named but the source does not state its organisational form; §8 settled fallback (session 10). §10.2 NON_HOSPITAL: the named recipient is not a hospital (§0.3a -- judged on the recipient, not the activity), and the source does not mention hospitals anywhere in the funded work.","Iowa publishes NO per-recipient amount. The notice's only dollar figure is its CMS footer, and that footer carries the RFP's pool in Iowa's Jan/Feb notices and the STATE ALLOTMENT in its June ones, so it is recorded per document in ia_notice_footers.csv and never attached to a recipient (§0.2, §6.2).",Chickasaw,,Best and Brightest - Medical Equipment Procurement (re-issued),2026-02-27,data/evidence/IA/2026-02-27_ia_noia_phthorc26009_best_and_brightest_medical_equipment_procure.pdf,23
IA,145,MercyOne Newton Medical Center,,HOSPITAL_OR_SYSTEM,Yes,"County: Jasper. Published by Iowa HHS as a Notice of Intent to Award, linked from the ""Where to Find Funding Awardees"" section of its Healthy Hometowns page. THE NOTICE PUBLISHES NO AMOUNT FOR ANY RECIPIENT: the only dollar figure it carries is in its CMS financial-assistance footer, whose tier changes between Iowa's February and June notices (§0.2), so no figure is attributed to this row and none is divided (§6.2). It is an INTENT, in the notice's own words: ""this Notice does NOT constitute the formation of a contract ... The bidder shall not acquire any legal or equitable rights relative to the contract services until a contract is executed.""",Yes,No,2026,"Iowa HHS Notice of Intent to Award, RFP #PHTHORC26009 Best and Brightest - Medical Equipment Procurement (re-issued)",https://hhs.iowa.gov/media/18330/download?inline,NOTICE_OF_INTENT_TO_AWARD,PARSED_PDF_RUNS,R/03z_ia_year1_awardees.R,,,,,Recipient name rule: name states a medical center.,MEDIUM,AMOUNT_MISSING,PHTHORC26009,BP1 (12/29/2025 - 10/30/2026),DIRECT,Yes,NAMED_HOSPITAL,,Recipient name rule: name states a medical center. §10.2 DIRECT: the named recipient is a hospital or hospital system and the state's award document names both the recipient and the amount.,"Iowa publishes NO per-recipient amount. The notice's only dollar figure is its CMS footer, and that footer carries the RFP's pool in Iowa's Jan/Feb notices and the STATE ALLOTMENT in its June ones, so it is recorded per document in ia_notice_footers.csv and never attached to a recipient (§0.2, §6.2).",Jasper,,Best and Brightest - Medical Equipment Procurement (re-issued),2026-02-27,data/evidence/IA/2026-02-27_ia_noia_phthorc26009_best_and_brightest_medical_equipment_procure.pdf,24
IA,146,MercyOne North Iowa Foundation,,NONPROFIT_CBO,No,"County: Cerro Gordo. Published by Iowa HHS as a Notice of Intent to Award, linked from the ""Where to Find Funding Awardees"" section of its Healthy Hometowns page. THE NOTICE PUBLISHES NO AMOUNT FOR ANY RECIPIENT: the only dollar figure it carries is in its CMS financial-assistance footer, whose tier changes between Iowa's February and June notices (§0.2), so no figure is attributed to this row and none is divided (§6.2). It is an INTENT, in the notice's own words: ""this Notice does NOT constitute the formation of a contract ... The bidder shall not acquire any legal or equitable rights relative to the contract services until a contract is executed.""",Yes,No,2026,"Iowa HHS Notice of Intent to Award, RFP #PHTHORC26009 Best and Brightest - Medical Equipment Procurement (re-issued)",https://hhs.iowa.gov/media/18330/download?inline,NOTICE_OF_INTENT_TO_AWARD,PARSED_PDF_RUNS,R/03z_ia_year1_awardees.R,,,,,Recipient is named but the source does not state its organisational form; §8 settled fallback (session 10).,LOW,AMOUNT_MISSING;RECIPIENT_TYPE_INFERRED,PHTHORC26009,BP1 (12/29/2025 - 10/30/2026),NON_HOSPITAL,No,NOT_HOSPITAL,,"Recipient is named but the source does not state its organisational form; §8 settled fallback (session 10). §10.2 NON_HOSPITAL: the named recipient is not a hospital (§0.3a -- judged on the recipient, not the activity), and the source does not mention hospitals anywhere in the funded work.","Iowa publishes NO per-recipient amount. The notice's only dollar figure is its CMS footer, and that footer carries the RFP's pool in Iowa's Jan/Feb notices and the STATE ALLOTMENT in its June ones, so it is recorded per document in ia_notice_footers.csv and never attached to a recipient (§0.2, §6.2).",Cerro Gordo,,Best and Brightest - Medical Equipment Procurement (re-issued),2026-02-27,data/evidence/IA/2026-02-27_ia_noia_phthorc26009_best_and_brightest_medical_equipment_procure.pdf,25
IA,147,MercyOne Oelwein Medical Center,,HOSPITAL_OR_SYSTEM,Yes,"County: Fayette. Published by Iowa HHS as a Notice of Intent to Award, linked from the ""Where to Find Funding Awardees"" section of its Healthy Hometowns page. THE NOTICE PUBLISHES NO AMOUNT FOR ANY RECIPIENT: the only dollar figure it carries is in its CMS financial-assistance footer, whose tier changes between Iowa's February and June notices (§0.2), so no figure is attributed to this row and none is divided (§6.2). It is an INTENT, in the notice's own words: ""this Notice does NOT constitute the formation of a contract ... The bidder shall not acquire any legal or equitable rights relative to the contract services until a contract is executed.""",Yes,No,2026,"Iowa HHS Notice of Intent to Award, RFP #PHTHORC26009 Best and Brightest - Medical Equipment Procurement (re-issued)",https://hhs.iowa.gov/media/18330/download?inline,NOTICE_OF_INTENT_TO_AWARD,PARSED_PDF_RUNS,R/03z_ia_year1_awardees.R,,,,,Recipient name rule: name states a medical center.,MEDIUM,AMOUNT_MISSING,PHTHORC26009,BP1 (12/29/2025 - 10/30/2026),DIRECT,Yes,NAMED_HOSPITAL,,Recipient name rule: name states a medical center. §10.2 DIRECT: the named recipient is a hospital or hospital system and the state's award document names both the recipient and the amount.,"Iowa publishes NO per-recipient amount. The notice's only dollar figure is its CMS footer, and that footer carries the RFP's pool in Iowa's Jan/Feb notices and the STATE ALLOTMENT in its June ones, so it is recorded per document in ia_notice_footers.csv and never attached to a recipient (§0.2, §6.2).",Fayette,,Best and Brightest - Medical Equipment Procurement (re-issued),2026-02-27,data/evidence/IA/2026-02-27_ia_noia_phthorc26009_best_and_brightest_medical_equipment_procure.pdf,26
IA,148,Mitchell County Regional Health Center,,NONPROFIT_CBO,No,"County: Mitchell. Published by Iowa HHS as a Notice of Intent to Award, linked from the ""Where to Find Funding Awardees"" section of its Healthy Hometowns page. THE NOTICE PUBLISHES NO AMOUNT FOR ANY RECIPIENT: the only dollar figure it carries is in its CMS financial-assistance footer, whose tier changes between Iowa's February and June notices (§0.2), so no figure is attributed to this row and none is divided (§6.2). It is an INTENT, in the notice's own words: ""this Notice does NOT constitute the formation of a contract ... The bidder shall not acquire any legal or equitable rights relative to the contract services until a contract is executed.""",Yes,No,2026,"Iowa HHS Notice of Intent to Award, RFP #PHTHORC26009 Best and Brightest - Medical Equipment Procurement (re-issued)",https://hhs.iowa.gov/media/18330/download?inline,NOTICE_OF_INTENT_TO_AWARD,PARSED_PDF_RUNS,R/03z_ia_year1_awardees.R,,,,,Recipient is named but the source does not state its organisational form; §8 settled fallback (session 10).,LOW,AMOUNT_MISSING;RECIPIENT_TYPE_INFERRED,PHTHORC26009,BP1 (12/29/2025 - 10/30/2026),NON_HOSPITAL,No,NOT_HOSPITAL,,"Recipient is named but the source does not state its organisational form; §8 settled fallback (session 10). §10.2 NON_HOSPITAL: the named recipient is not a hospital (§0.3a -- judged on the recipient, not the activity), and the source does not mention hospitals anywhere in the funded work.","Iowa publishes NO per-recipient amount. The notice's only dollar figure is its CMS footer, and that footer carries the RFP's pool in Iowa's Jan/Feb notices and the STATE ALLOTMENT in its June ones, so it is recorded per document in ia_notice_footers.csv and never attached to a recipient (§0.2, §6.2).",Mitchell,,Best and Brightest - Medical Equipment Procurement (re-issued),2026-02-27,data/evidence/IA/2026-02-27_ia_noia_phthorc26009_best_and_brightest_medical_equipment_procure.pdf,27
IA,149,Orange City Area Health System,,HOSPITAL_OR_SYSTEM,Yes,"County: Sioux. Published by Iowa HHS as a Notice of Intent to Award, linked from the ""Where to Find Funding Awardees"" section of its Healthy Hometowns page. THE NOTICE PUBLISHES NO AMOUNT FOR ANY RECIPIENT: the only dollar figure it carries is in its CMS financial-assistance footer, whose tier changes between Iowa's February and June notices (§0.2), so no figure is attributed to this row and none is divided (§6.2). It is an INTENT, in the notice's own words: ""this Notice does NOT constitute the formation of a contract ... The bidder shall not acquire any legal or equitable rights relative to the contract services until a contract is executed.""",Yes,No,2026,"Iowa HHS Notice of Intent to Award, RFP #PHTHORC26009 Best and Brightest - Medical Equipment Procurement (re-issued)",https://hhs.iowa.gov/media/18330/download?inline,NOTICE_OF_INTENT_TO_AWARD,PARSED_PDF_RUNS,R/03z_ia_year1_awardees.R,,,,,Recipient name rule: name states a health system.,MEDIUM,AMOUNT_MISSING,PHTHORC26009,BP1 (12/29/2025 - 10/30/2026),DIRECT,Yes,NAMED_HOSPITAL,,Recipient name rule: name states a health system. §10.2 DIRECT: the named recipient is a hospital or hospital system and the state's award document names both the recipient and the amount.,"Iowa publishes NO per-recipient amount. The notice's only dollar figure is its CMS footer, and that footer carries the RFP's pool in Iowa's Jan/Feb notices and the STATE ALLOTMENT in its June ones, so it is recorded per document in ia_notice_footers.csv and never attached to a recipient (§0.2, §6.2).",Sioux,,Best and Brightest - Medical Equipment Procurement (re-issued),2026-02-27,data/evidence/IA/2026-02-27_ia_noia_phthorc26009_best_and_brightest_medical_equipment_procure.pdf,28
IA,150,Pella Regional Health Center,,NONPROFIT_CBO,No,"County: Marion. Published by Iowa HHS as a Notice of Intent to Award, linked from the ""Where to Find Funding Awardees"" section of its Healthy Hometowns page. THE NOTICE PUBLISHES NO AMOUNT FOR ANY RECIPIENT: the only dollar figure it carries is in its CMS financial-assistance footer, whose tier changes between Iowa's February and June notices (§0.2), so no figure is attributed to this row and none is divided (§6.2). It is an INTENT, in the notice's own words: ""this Notice does NOT constitute the formation of a contract ... The bidder shall not acquire any legal or equitable rights relative to the contract services until a contract is executed.""",Yes,No,2026,"Iowa HHS Notice of Intent to Award, RFP #PHTHORC26009 Best and Brightest - Medical Equipment Procurement (re-issued)",https://hhs.iowa.gov/media/18330/download?inline,NOTICE_OF_INTENT_TO_AWARD,PARSED_PDF_RUNS,R/03z_ia_year1_awardees.R,,,,,Recipient is named but the source does not state its organisational form; §8 settled fallback (session 10).,LOW,AMOUNT_MISSING;RECIPIENT_TYPE_INFERRED,PHTHORC26009,BP1 (12/29/2025 - 10/30/2026),NON_HOSPITAL,No,NOT_HOSPITAL,,"Recipient is named but the source does not state its organisational form; §8 settled fallback (session 10). §10.2 NON_HOSPITAL: the named recipient is not a hospital (§0.3a -- judged on the recipient, not the activity), and the source does not mention hospitals anywhere in the funded work.","Iowa publishes NO per-recipient amount. The notice's only dollar figure is its CMS footer, and that footer carries the RFP's pool in Iowa's Jan/Feb notices and the STATE ALLOTMENT in its June ones, so it is recorded per document in ia_notice_footers.csv and never attached to a recipient (§0.2, §6.2).",Marion,,Best and Brightest - Medical Equipment Procurement (re-issued),2026-02-27,data/evidence/IA/2026-02-27_ia_noia_phthorc26009_best_and_brightest_medical_equipment_procure.pdf,29
IA,151,"Shelby County Chris A Myrtue Memorial Hospital, DBA Myrtue Medical Center",,HOSPITAL_OR_SYSTEM,Yes,"County: Shelby. Published by Iowa HHS as a Notice of Intent to Award, linked from the ""Where to Find Funding Awardees"" section of its Healthy Hometowns page. THE NOTICE PUBLISHES NO AMOUNT FOR ANY RECIPIENT: the only dollar figure it carries is in its CMS financial-assistance footer, whose tier changes between Iowa's February and June notices (§0.2), so no figure is attributed to this row and none is divided (§6.2). It is an INTENT, in the notice's own words: ""this Notice does NOT constitute the formation of a contract ... The bidder shall not acquire any legal or equitable rights relative to the contract services until a contract is executed.""",Yes,No,2026,"Iowa HHS Notice of Intent to Award, RFP #PHTHORC26009 Best and Brightest - Medical Equipment Procurement (re-issued)",https://hhs.iowa.gov/media/18330/download?inline,NOTICE_OF_INTENT_TO_AWARD,PARSED_PDF_RUNS,R/03z_ia_year1_awardees.R,,,,,Recipient name rule: name states a hospital.,MEDIUM,AMOUNT_MISSING,PHTHORC26009,BP1 (12/29/2025 - 10/30/2026),DIRECT,Yes,NAMED_HOSPITAL,,Recipient name rule: name states a hospital. §10.2 DIRECT: the named recipient is a hospital or hospital system and the state's award document names both the recipient and the amount.,"Iowa publishes NO per-recipient amount. The notice's only dollar figure is its CMS footer, and that footer carries the RFP's pool in Iowa's Jan/Feb notices and the STATE ALLOTMENT in its June ones, so it is recorded per document in ia_notice_footers.csv and never attached to a recipient (§0.2, §6.2).",Shelby,,Best and Brightest - Medical Equipment Procurement (re-issued),2026-02-27,data/evidence/IA/2026-02-27_ia_noia_phthorc26009_best_and_brightest_medical_equipment_procure.pdf,30
IA,152,Sioux Valley Memorial Hospital Association,,HOSPITAL_OR_SYSTEM,Yes,"County: Cherokee. Published by Iowa HHS as a Notice of Intent to Award, linked from the ""Where to Find Funding Awardees"" section of its Healthy Hometowns page. THE NOTICE PUBLISHES NO AMOUNT FOR ANY RECIPIENT: the only dollar figure it carries is in its CMS financial-assistance footer, whose tier changes between Iowa's February and June notices (§0.2), so no figure is attributed to this row and none is divided (§6.2). It is an INTENT, in the notice's own words: ""this Notice does NOT constitute the formation of a contract ... The bidder shall not acquire any legal or equitable rights relative to the contract services until a contract is executed.""",Yes,No,2026,"Iowa HHS Notice of Intent to Award, RFP #PHTHORC26009 Best and Brightest - Medical Equipment Procurement (re-issued)",https://hhs.iowa.gov/media/18330/download?inline,NOTICE_OF_INTENT_TO_AWARD,PARSED_PDF_RUNS,R/03z_ia_year1_awardees.R,,,,,Recipient name rule: name states a hospital.,MEDIUM,AMOUNT_MISSING,PHTHORC26009,BP1 (12/29/2025 - 10/30/2026),DIRECT,Yes,NAMED_HOSPITAL,,Recipient name rule: name states a hospital. §10.2 DIRECT: the named recipient is a hospital or hospital system and the state's award document names both the recipient and the amount.,"Iowa publishes NO per-recipient amount. The notice's only dollar figure is its CMS footer, and that footer carries the RFP's pool in Iowa's Jan/Feb notices and the STATE ALLOTMENT in its June ones, so it is recorded per document in ia_notice_footers.csv and never attached to a recipient (§0.2, §6.2).",Cherokee,,Best and Brightest - Medical Equipment Procurement (re-issued),2026-02-27,data/evidence/IA/2026-02-27_ia_noia_phthorc26009_best_and_brightest_medical_equipment_procure.pdf,31
IA,153,St. Joseph's Mercy Hospital DBA MercyOne Centerville Medical Center,,HOSPITAL_OR_SYSTEM,Yes,"County: Appanoose. Published by Iowa HHS as a Notice of Intent to Award, linked from the ""Where to Find Funding Awardees"" section of its Healthy Hometowns page. THE NOTICE PUBLISHES NO AMOUNT FOR ANY RECIPIENT: the only dollar figure it carries is in its CMS financial-assistance footer, whose tier changes between Iowa's February and June notices (§0.2), so no figure is attributed to this row and none is divided (§6.2). It is an INTENT, in the notice's own words: ""this Notice does NOT constitute the formation of a contract ... The bidder shall not acquire any legal or equitable rights relative to the contract services until a contract is executed."" NAME TAKEN FROM THE SUPERSEDED 2026-01-30 NOTICE: the 2026-02-27 re-issue sets it across a break inside one drawn line that this reader cannot rejoin unambiguously; both notices are archived.",Yes,No,2026,"Iowa HHS Notice of Intent to Award, RFP #PHTHORC26009 Best and Brightest - Medical Equipment Procurement (re-issued)",https://hhs.iowa.gov/media/18330/download?inline,NOTICE_OF_INTENT_TO_AWARD,PARSED_PDF_RUNS,R/03z_ia_year1_awardees.R,,,,,Recipient name rule: name states a hospital.,MEDIUM,AMOUNT_MISSING;RECIPIENT_NAME_FROM_SUPERSEDED_NOTICE,PHTHORC26009,BP1 (12/29/2025 - 10/30/2026),DIRECT,Yes,NAMED_HOSPITAL,,Recipient name rule: name states a hospital. §10.2 DIRECT: the named recipient is a hospital or hospital system and the state's award document names both the recipient and the amount.,"Iowa publishes NO per-recipient amount. The notice's only dollar figure is its CMS footer, and that footer carries the RFP's pool in Iowa's Jan/Feb notices and the STATE ALLOTMENT in its June ones, so it is recorded per document in ia_notice_footers.csv and never attached to a recipient (§0.2, §6.2).",Appanoose,,Best and Brightest - Medical Equipment Procurement (re-issued),2026-02-27,data/evidence/IA/2026-02-27_ia_noia_phthorc26009_best_and_brightest_medical_equipment_procure.pdf,32
IA,154,St. Luke's Jones Regional Medical Center DBA Jones Regional Medical Center,,HOSPITAL_OR_SYSTEM,Yes,"County: Jones. Published by Iowa HHS as a Notice of Intent to Award, linked from the ""Where to Find Funding Awardees"" section of its Healthy Hometowns page. THE NOTICE PUBLISHES NO AMOUNT FOR ANY RECIPIENT: the only dollar figure it carries is in its CMS financial-assistance footer, whose tier changes between Iowa's February and June notices (§0.2), so no figure is attributed to this row and none is divided (§6.2). It is an INTENT, in the notice's own words: ""this Notice does NOT constitute the formation of a contract ... The bidder shall not acquire any legal or equitable rights relative to the contract services until a contract is executed.""",Yes,No,2026,"Iowa HHS Notice of Intent to Award, RFP #PHTHORC26009 Best and Brightest - Medical Equipment Procurement (re-issued)",https://hhs.iowa.gov/media/18330/download?inline,NOTICE_OF_INTENT_TO_AWARD,PARSED_PDF_RUNS,R/03z_ia_year1_awardees.R,,,,,Recipient name rule: name states a medical center.,MEDIUM,AMOUNT_MISSING,PHTHORC26009,BP1 (12/29/2025 - 10/30/2026),DIRECT,Yes,NAMED_HOSPITAL,,Recipient name rule: name states a medical center. §10.2 DIRECT: the named recipient is a hospital or hospital system and the state's award document names both the recipient and the amount.,"Iowa publishes NO per-recipient amount. The notice's only dollar figure is its CMS footer, and that footer carries the RFP's pool in Iowa's Jan/Feb notices and the STATE ALLOTMENT in its June ones, so it is recorded per document in ia_notice_footers.csv and never attached to a recipient (§0.2, §6.2).",Jones,,Best and Brightest - Medical Equipment Procurement (re-issued),2026-02-27,data/evidence/IA/2026-02-27_ia_noia_phthorc26009_best_and_brightest_medical_equipment_procure.pdf,33
IA,155,Van Buren County Hospital,,HOSPITAL_OR_SYSTEM,Yes,"County: Van Buren. Published by Iowa HHS as a Notice of Intent to Award, linked from the ""Where to Find Funding Awardees"" section of its Healthy Hometowns page. THE NOTICE PUBLISHES NO AMOUNT FOR ANY RECIPIENT: the only dollar figure it carries is in its CMS financial-assistance footer, whose tier changes between Iowa's February and June notices (§0.2), so no figure is attributed to this row and none is divided (§6.2). It is an INTENT, in the notice's own words: ""this Notice does NOT constitute the formation of a contract ... The bidder shall not acquire any legal or equitable rights relative to the contract services until a contract is executed.""",Yes,No,2026,"Iowa HHS Notice of Intent to Award, RFP #PHTHORC26009 Best and Brightest - Medical Equipment Procurement (re-issued)",https://hhs.iowa.gov/media/18330/download?inline,NOTICE_OF_INTENT_TO_AWARD,PARSED_PDF_RUNS,R/03z_ia_year1_awardees.R,,,,,Recipient name rule: name states a hospital.,MEDIUM,AMOUNT_MISSING,PHTHORC26009,BP1 (12/29/2025 - 10/30/2026),DIRECT,Yes,NAMED_HOSPITAL,,Recipient name rule: name states a hospital. §10.2 DIRECT: the named recipient is a hospital or hospital system and the state's award document names both the recipient and the amount.,"Iowa publishes NO per-recipient amount. The notice's only dollar figure is its CMS footer, and that footer carries the RFP's pool in Iowa's Jan/Feb notices and the STATE ALLOTMENT in its June ones, so it is recorded per document in ia_notice_footers.csv and never attached to a recipient (§0.2, §6.2).",Van Buren,,Best and Brightest - Medical Equipment Procurement (re-issued),2026-02-27,data/evidence/IA/2026-02-27_ia_noia_phthorc26009_best_and_brightest_medical_equipment_procure.pdf,34
IA,156,Waverly Health Center,,NONPROFIT_CBO,No,"County: Bremer. Published by Iowa HHS as a Notice of Intent to Award, linked from the ""Where to Find Funding Awardees"" section of its Healthy Hometowns page. THE NOTICE PUBLISHES NO AMOUNT FOR ANY RECIPIENT: the only dollar figure it carries is in its CMS financial-assistance footer, whose tier changes between Iowa's February and June notices (§0.2), so no figure is attributed to this row and none is divided (§6.2). It is an INTENT, in the notice's own words: ""this Notice does NOT constitute the formation of a contract ... The bidder shall not acquire any legal or equitable rights relative to the contract services until a contract is executed.""",Yes,No,2026,"Iowa HHS Notice of Intent to Award, RFP #PHTHORC26009 Best and Brightest - Medical Equipment Procurement (re-issued)",https://hhs.iowa.gov/media/18330/download?inline,NOTICE_OF_INTENT_TO_AWARD,PARSED_PDF_RUNS,R/03z_ia_year1_awardees.R,,,,,Recipient is named but the source does not state its organisational form; §8 settled fallback (session 10).,LOW,AMOUNT_MISSING;RECIPIENT_TYPE_INFERRED,PHTHORC26009,BP1 (12/29/2025 - 10/30/2026),NON_HOSPITAL,No,NOT_HOSPITAL,,"Recipient is named but the source does not state its organisational form; §8 settled fallback (session 10). §10.2 NON_HOSPITAL: the named recipient is not a hospital (§0.3a -- judged on the recipient, not the activity), and the source does not mention hospitals anywhere in the funded work.","Iowa publishes NO per-recipient amount. The notice's only dollar figure is its CMS footer, and that footer carries the RFP's pool in Iowa's Jan/Feb notices and the STATE ALLOTMENT in its June ones, so it is recorded per document in ia_notice_footers.csv and never attached to a recipient (§0.2, §6.2).",Bremer,,Best and Brightest - Medical Equipment Procurement (re-issued),2026-02-27,data/evidence/IA/2026-02-27_ia_noia_phthorc26009_best_and_brightest_medical_equipment_procure.pdf,35
IA,157,Wayne County Hospital,,HOSPITAL_OR_SYSTEM,Yes,"County: Wayne. Published by Iowa HHS as a Notice of Intent to Award, linked from the ""Where to Find Funding Awardees"" section of its Healthy Hometowns page. THE NOTICE PUBLISHES NO AMOUNT FOR ANY RECIPIENT: the only dollar figure it carries is in its CMS financial-assistance footer, whose tier changes between Iowa's February and June notices (§0.2), so no figure is attributed to this row and none is divided (§6.2). It is an INTENT, in the notice's own words: ""this Notice does NOT constitute the formation of a contract ... The bidder shall not acquire any legal or equitable rights relative to the contract services until a contract is executed.""",Yes,No,2026,"Iowa HHS Notice of Intent to Award, RFP #PHTHORC26009 Best and Brightest - Medical Equipment Procurement (re-issued)",https://hhs.iowa.gov/media/18330/download?inline,NOTICE_OF_INTENT_TO_AWARD,PARSED_PDF_RUNS,R/03z_ia_year1_awardees.R,,,,,Recipient name rule: name states a hospital.,MEDIUM,AMOUNT_MISSING,PHTHORC26009,BP1 (12/29/2025 - 10/30/2026),DIRECT,Yes,NAMED_HOSPITAL,,Recipient name rule: name states a hospital. §10.2 DIRECT: the named recipient is a hospital or hospital system and the state's award document names both the recipient and the amount.,"Iowa publishes NO per-recipient amount. The notice's only dollar figure is its CMS footer, and that footer carries the RFP's pool in Iowa's Jan/Feb notices and the STATE ALLOTMENT in its June ones, so it is recorded per document in ia_notice_footers.csv and never attached to a recipient (§0.2, §6.2).",Wayne,,Best and Brightest - Medical Equipment Procurement (re-issued),2026-02-27,data/evidence/IA/2026-02-27_ia_noia_phthorc26009_best_and_brightest_medical_equipment_procure.pdf,36
IA,158,WinnMed,,NONPROFIT_CBO,No,"County: Winneshiek. Published by Iowa HHS as a Notice of Intent to Award, linked from the ""Where to Find Funding Awardees"" section of its Healthy Hometowns page. THE NOTICE PUBLISHES NO AMOUNT FOR ANY RECIPIENT: the only dollar figure it carries is in its CMS financial-assistance footer, whose tier changes between Iowa's February and June notices (§0.2), so no figure is attributed to this row and none is divided (§6.2). It is an INTENT, in the notice's own words: ""this Notice does NOT constitute the formation of a contract ... The bidder shall not acquire any legal or equitable rights relative to the contract services until a contract is executed.""",Yes,No,2026,"Iowa HHS Notice of Intent to Award, RFP #PHTHORC26009 Best and Brightest - Medical Equipment Procurement (re-issued)",https://hhs.iowa.gov/media/18330/download?inline,NOTICE_OF_INTENT_TO_AWARD,PARSED_PDF_RUNS,R/03z_ia_year1_awardees.R,,,,,Recipient is named but the source does not state its organisational form; §8 settled fallback (session 10).,LOW,AMOUNT_MISSING;RECIPIENT_TYPE_INFERRED,PHTHORC26009,BP1 (12/29/2025 - 10/30/2026),NON_HOSPITAL,No,NOT_HOSPITAL,,"Recipient is named but the source does not state its organisational form; §8 settled fallback (session 10). §10.2 NON_HOSPITAL: the named recipient is not a hospital (§0.3a -- judged on the recipient, not the activity), and the source does not mention hospitals anywhere in the funded work.","Iowa publishes NO per-recipient amount. The notice's only dollar figure is its CMS footer, and that footer carries the RFP's pool in Iowa's Jan/Feb notices and the STATE ALLOTMENT in its June ones, so it is recorded per document in ia_notice_footers.csv and never attached to a recipient (§0.2, §6.2).",Winneshiek,,Best and Brightest - Medical Equipment Procurement (re-issued),2026-02-27,data/evidence/IA/2026-02-27_ia_noia_phthorc26009_best_and_brightest_medical_equipment_procure.pdf,37
IA,159,Ottumwa Regional Health Center,,NONPROFIT_CBO,No,"Published by Iowa HHS as a Notice of Intent to Award, linked from the ""Where to Find Funding Awardees"" section of its Healthy Hometowns page. THE NOTICE PUBLISHES NO AMOUNT FOR ANY RECIPIENT: the only dollar figure it carries is in its CMS financial-assistance footer, whose tier changes between Iowa's February and June notices (§0.2), so no figure is attributed to this row and none is divided (§6.2). It is an INTENT, in the notice's own words: ""this Notice does NOT constitute the formation of a contract ... The bidder shall not acquire any legal or equitable rights relative to the contract services until a contract is executed.""",Yes,No,2026,"Iowa HHS Notice of Intent to Award, RFP #PHTHOCC26756 Combat Cancer Health Hub Program",https://hhs.iowa.gov/media/18884/download?inline,NOTICE_OF_INTENT_TO_AWARD,PARSED_PDF_RUNS,R/03z_ia_year1_awardees.R,,,,,Recipient is named but the source does not state its organisational form; §8 settled fallback (session 10).,LOW,AMOUNT_MISSING;RECIPIENT_TYPE_INFERRED,PHTHOCC26756,BP1 (12/29/2025 - 10/30/2026),NON_HOSPITAL,No,NOT_HOSPITAL,,"Recipient is named but the source does not state its organisational form; §8 settled fallback (session 10). §10.2 NON_HOSPITAL: the named recipient is not a hospital (§0.3a -- judged on the recipient, not the activity), and the source does not mention hospitals anywhere in the funded work.","Iowa publishes NO per-recipient amount. The notice's only dollar figure is its CMS footer, and that footer carries the RFP's pool in Iowa's Jan/Feb notices and the STATE ALLOTMENT in its June ones, so it is recorded per document in ia_notice_footers.csv and never attached to a recipient (§0.2, §6.2).",,,Combat Cancer Health Hub Program,2026-06-18,data/evidence/IA/2026-06-18_ia_noia_phthocc26756_combat_cancer_health_hub_program.pdf,1
IA,160,Wayne County Hospital,,HOSPITAL_OR_SYSTEM,Yes,"Published by Iowa HHS as a Notice of Intent to Award, linked from the ""Where to Find Funding Awardees"" section of its Healthy Hometowns page. THE NOTICE PUBLISHES NO AMOUNT FOR ANY RECIPIENT: the only dollar figure it carries is in its CMS financial-assistance footer, whose tier changes between Iowa's February and June notices (§0.2), so no figure is attributed to this row and none is divided (§6.2). It is an INTENT, in the notice's own words: ""this Notice does NOT constitute the formation of a contract ... The bidder shall not acquire any legal or equitable rights relative to the contract services until a contract is executed.""",Yes,No,2026,"Iowa HHS Notice of Intent to Award, RFP #PHTHOCC26756 Combat Cancer Health Hub Program",https://hhs.iowa.gov/media/18884/download?inline,NOTICE_OF_INTENT_TO_AWARD,PARSED_PDF_RUNS,R/03z_ia_year1_awardees.R,,,,,Recipient name rule: name states a hospital.,MEDIUM,AMOUNT_MISSING,PHTHOCC26756,BP1 (12/29/2025 - 10/30/2026),DIRECT,Yes,NAMED_HOSPITAL,,Recipient name rule: name states a hospital. §10.2 DIRECT: the named recipient is a hospital or hospital system and the state's award document names both the recipient and the amount.,"Iowa publishes NO per-recipient amount. The notice's only dollar figure is its CMS footer, and that footer carries the RFP's pool in Iowa's Jan/Feb notices and the STATE ALLOTMENT in its June ones, so it is recorded per document in ia_notice_footers.csv and never attached to a recipient (§0.2, §6.2).",,,Combat Cancer Health Hub Program,2026-06-18,data/evidence/IA/2026-06-18_ia_noia_phthocc26756_combat_cancer_health_hub_program.pdf,2
IA,161,Shenandoah Medical Center,,HOSPITAL_OR_SYSTEM,Yes,"Published by Iowa HHS as a Notice of Intent to Award, linked from the ""Where to Find Funding Awardees"" section of its Healthy Hometowns page. THE NOTICE PUBLISHES NO AMOUNT FOR ANY RECIPIENT: the only dollar figure it carries is in its CMS financial-assistance footer, whose tier changes between Iowa's February and June notices (§0.2), so no figure is attributed to this row and none is divided (§6.2). It is an INTENT, in the notice's own words: ""this Notice does NOT constitute the formation of a contract ... The bidder shall not acquire any legal or equitable rights relative to the contract services until a contract is executed.""",Yes,No,2026,"Iowa HHS Notice of Intent to Award, RFP #PHTHOCC26756 Combat Cancer Health Hub Program",https://hhs.iowa.gov/media/18884/download?inline,NOTICE_OF_INTENT_TO_AWARD,PARSED_PDF_RUNS,R/03z_ia_year1_awardees.R,,,,,Recipient name rule: name states a medical center.,MEDIUM,AMOUNT_MISSING,PHTHOCC26756,BP1 (12/29/2025 - 10/30/2026),DIRECT,Yes,NAMED_HOSPITAL,,Recipient name rule: name states a medical center. §10.2 DIRECT: the named recipient is a hospital or hospital system and the state's award document names both the recipient and the amount.,"Iowa publishes NO per-recipient amount. The notice's only dollar figure is its CMS footer, and that footer carries the RFP's pool in Iowa's Jan/Feb notices and the STATE ALLOTMENT in its June ones, so it is recorded per document in ia_notice_footers.csv and never attached to a recipient (§0.2, §6.2).",,,Combat Cancer Health Hub Program,2026-06-18,data/evidence/IA/2026-06-18_ia_noia_phthocc26756_combat_cancer_health_hub_program.pdf,3
IA,162,Greater Regional Medical Center,,HOSPITAL_OR_SYSTEM,Yes,"Published by Iowa HHS as a Notice of Intent to Award, linked from the ""Where to Find Funding Awardees"" section of its Healthy Hometowns page. THE NOTICE PUBLISHES NO AMOUNT FOR ANY RECIPIENT: the only dollar figure it carries is in its CMS financial-assistance footer, whose tier changes between Iowa's February and June notices (§0.2), so no figure is attributed to this row and none is divided (§6.2). It is an INTENT, in the notice's own words: ""this Notice does NOT constitute the formation of a contract ... The bidder shall not acquire any legal or equitable rights relative to the contract services until a contract is executed.""",Yes,No,2026,"Iowa HHS Notice of Intent to Award, RFP #PHTHOCC26756 Combat Cancer Health Hub Program",https://hhs.iowa.gov/media/18884/download?inline,NOTICE_OF_INTENT_TO_AWARD,PARSED_PDF_RUNS,R/03z_ia_year1_awardees.R,,,,,Recipient name rule: name states a medical center.,MEDIUM,AMOUNT_MISSING,PHTHOCC26756,BP1 (12/29/2025 - 10/30/2026),DIRECT,Yes,NAMED_HOSPITAL,,Recipient name rule: name states a medical center. §10.2 DIRECT: the named recipient is a hospital or hospital system and the state's award document names both the recipient and the amount.,"Iowa publishes NO per-recipient amount. The notice's only dollar figure is its CMS footer, and that footer carries the RFP's pool in Iowa's Jan/Feb notices and the STATE ALLOTMENT in its June ones, so it is recorded per document in ia_notice_footers.csv and never attached to a recipient (§0.2, §6.2).",,,Combat Cancer Health Hub Program,2026-06-18,data/evidence/IA/2026-06-18_ia_noia_phthocc26756_combat_cancer_health_hub_program.pdf,4
IA,163,Mary Greeley Medical Center,,HOSPITAL_OR_SYSTEM,Yes,"Published by Iowa HHS as a Notice of Intent to Award, linked from the ""Where to Find Funding Awardees"" section of its Healthy Hometowns page. THE NOTICE PUBLISHES NO AMOUNT FOR ANY RECIPIENT: the only dollar figure it carries is in its CMS financial-assistance footer, whose tier changes between Iowa's February and June notices (§0.2), so no figure is attributed to this row and none is divided (§6.2). It is an INTENT, in the notice's own words: ""this Notice does NOT constitute the formation of a contract ... The bidder shall not acquire any legal or equitable rights relative to the contract services until a contract is executed.""",Yes,No,2026,"Iowa HHS Notice of Intent to Award, RFP #PHTHOCC26756 Combat Cancer Health Hub Program",https://hhs.iowa.gov/media/18884/download?inline,NOTICE_OF_INTENT_TO_AWARD,PARSED_PDF_RUNS,R/03z_ia_year1_awardees.R,,,,,Recipient name rule: name states a medical center.,MEDIUM,AMOUNT_MISSING,PHTHOCC26756,BP1 (12/29/2025 - 10/30/2026),DIRECT,Yes,NAMED_HOSPITAL,,Recipient name rule: name states a medical center. §10.2 DIRECT: the named recipient is a hospital or hospital system and the state's award document names both the recipient and the amount.,"Iowa publishes NO per-recipient amount. The notice's only dollar figure is its CMS footer, and that footer carries the RFP's pool in Iowa's Jan/Feb notices and the STATE ALLOTMENT in its June ones, so it is recorded per document in ia_notice_footers.csv and never attached to a recipient (§0.2, §6.2).",,,Combat Cancer Health Hub Program,2026-06-18,data/evidence/IA/2026-06-18_ia_noia_phthocc26756_combat_cancer_health_hub_program.pdf,5
IA,164,Hegg Memorial Hospital,,HOSPITAL_OR_SYSTEM,Yes,"Published by Iowa HHS as a Notice of Intent to Award, linked from the ""Where to Find Funding Awardees"" section of its Healthy Hometowns page. THE NOTICE PUBLISHES NO AMOUNT FOR ANY RECIPIENT: the only dollar figure it carries is in its CMS financial-assistance footer, whose tier changes between Iowa's February and June notices (§0.2), so no figure is attributed to this row and none is divided (§6.2). It is an INTENT, in the notice's own words: ""this Notice does NOT constitute the formation of a contract ... The bidder shall not acquire any legal or equitable rights relative to the contract services until a contract is executed.""",Yes,No,2026,"Iowa HHS Notice of Intent to Award, RFP #PHTHORC26011 Best and Brightest - Medical Equipment",https://hhs.iowa.gov/media/18885/download?inline,NOTICE_OF_INTENT_TO_AWARD,PARSED_PDF_RUNS,R/03z_ia_year1_awardees.R,,,,,Recipient name rule: name states a hospital.,MEDIUM,AMOUNT_MISSING,PHTHORC26011,BP1 (12/29/2025 - 10/30/2026),DIRECT,Yes,NAMED_HOSPITAL,,Recipient name rule: name states a hospital. §10.2 DIRECT: the named recipient is a hospital or hospital system and the state's award document names both the recipient and the amount.,"Iowa publishes NO per-recipient amount. The notice's only dollar figure is its CMS footer, and that footer carries the RFP's pool in Iowa's Jan/Feb notices and the STATE ALLOTMENT in its June ones, so it is recorded per document in ia_notice_footers.csv and never attached to a recipient (§0.2, §6.2).",,,Best and Brightest - Medical Equipment,2026-06-18,data/evidence/IA/2026-06-18_ia_noia_phthorc26011_best_and_brightest_medical_equipment.pdf,1
IA,165,Sioux Center Health,,NONPROFIT_CBO,No,"Published by Iowa HHS as a Notice of Intent to Award, linked from the ""Where to Find Funding Awardees"" section of its Healthy Hometowns page. THE NOTICE PUBLISHES NO AMOUNT FOR ANY RECIPIENT: the only dollar figure it carries is in its CMS financial-assistance footer, whose tier changes between Iowa's February and June notices (§0.2), so no figure is attributed to this row and none is divided (§6.2). It is an INTENT, in the notice's own words: ""this Notice does NOT constitute the formation of a contract ... The bidder shall not acquire any legal or equitable rights relative to the contract services until a contract is executed.""",Yes,No,2026,"Iowa HHS Notice of Intent to Award, RFP #PHTHORC26011 Best and Brightest - Medical Equipment",https://hhs.iowa.gov/media/18885/download?inline,NOTICE_OF_INTENT_TO_AWARD,PARSED_PDF_RUNS,R/03z_ia_year1_awardees.R,,,,,Recipient is named but the source does not state its organisational form; §8 settled fallback (session 10).,LOW,AMOUNT_MISSING;RECIPIENT_TYPE_INFERRED,PHTHORC26011,BP1 (12/29/2025 - 10/30/2026),NON_HOSPITAL,No,NOT_HOSPITAL,,"Recipient is named but the source does not state its organisational form; §8 settled fallback (session 10). §10.2 NON_HOSPITAL: the named recipient is not a hospital (§0.3a -- judged on the recipient, not the activity), and the source does not mention hospitals anywhere in the funded work.","Iowa publishes NO per-recipient amount. The notice's only dollar figure is its CMS footer, and that footer carries the RFP's pool in Iowa's Jan/Feb notices and the STATE ALLOTMENT in its June ones, so it is recorded per document in ia_notice_footers.csv and never attached to a recipient (§0.2, §6.2).",,,Best and Brightest - Medical Equipment,2026-06-18,data/evidence/IA/2026-06-18_ia_noia_phthorc26011_best_and_brightest_medical_equipment.pdf,2
IA,166,Henry County Health Center,,NONPROFIT_CBO,No,"Published by Iowa HHS as a Notice of Intent to Award, linked from the ""Where to Find Funding Awardees"" section of its Healthy Hometowns page. THE NOTICE PUBLISHES NO AMOUNT FOR ANY RECIPIENT: the only dollar figure it carries is in its CMS financial-assistance footer, whose tier changes between Iowa's February and June notices (§0.2), so no figure is attributed to this row and none is divided (§6.2). It is an INTENT, in the notice's own words: ""this Notice does NOT constitute the formation of a contract ... The bidder shall not acquire any legal or equitable rights relative to the contract services until a contract is executed.""",Yes,No,2026,"Iowa HHS Notice of Intent to Award, RFP #PHTHORC26011 Best and Brightest - Medical Equipment",https://hhs.iowa.gov/media/18885/download?inline,NOTICE_OF_INTENT_TO_AWARD,PARSED_PDF_RUNS,R/03z_ia_year1_awardees.R,,,,,Recipient is named but the source does not state its organisational form; §8 settled fallback (session 10).,LOW,AMOUNT_MISSING;RECIPIENT_TYPE_INFERRED,PHTHORC26011,BP1 (12/29/2025 - 10/30/2026),NON_HOSPITAL,No,NOT_HOSPITAL,,"Recipient is named but the source does not state its organisational form; §8 settled fallback (session 10). §10.2 NON_HOSPITAL: the named recipient is not a hospital (§0.3a -- judged on the recipient, not the activity), and the source does not mention hospitals anywhere in the funded work.","Iowa publishes NO per-recipient amount. The notice's only dollar figure is its CMS footer, and that footer carries the RFP's pool in Iowa's Jan/Feb notices and the STATE ALLOTMENT in its June ones, so it is recorded per document in ia_notice_footers.csv and never attached to a recipient (§0.2, §6.2).",,,Best and Brightest - Medical Equipment,2026-06-18,data/evidence/IA/2026-06-18_ia_noia_phthorc26011_best_and_brightest_medical_equipment.pdf,3
IA,167,Montgomery County Memorial Hospital,,HOSPITAL_OR_SYSTEM,Yes,"Published by Iowa HHS as a Notice of Intent to Award, linked from the ""Where to Find Funding Awardees"" section of its Healthy Hometowns page. THE NOTICE PUBLISHES NO AMOUNT FOR ANY RECIPIENT: the only dollar figure it carries is in its CMS financial-assistance footer, whose tier changes between Iowa's February and June notices (§0.2), so no figure is attributed to this row and none is divided (§6.2). It is an INTENT, in the notice's own words: ""this Notice does NOT constitute the formation of a contract ... The bidder shall not acquire any legal or equitable rights relative to the contract services until a contract is executed.""",Yes,No,2026,"Iowa HHS Notice of Intent to Award, RFP #PHTHORC26011 Best and Brightest - Medical Equipment",https://hhs.iowa.gov/media/18885/download?inline,NOTICE_OF_INTENT_TO_AWARD,PARSED_PDF_RUNS,R/03z_ia_year1_awardees.R,,,,,Recipient name rule: name states a hospital.,MEDIUM,AMOUNT_MISSING,PHTHORC26011,BP1 (12/29/2025 - 10/30/2026),DIRECT,Yes,NAMED_HOSPITAL,,Recipient name rule: name states a hospital. §10.2 DIRECT: the named recipient is a hospital or hospital system and the state's award document names both the recipient and the amount.,"Iowa publishes NO per-recipient amount. The notice's only dollar figure is its CMS footer, and that footer carries the RFP's pool in Iowa's Jan/Feb notices and the STATE ALLOTMENT in its June ones, so it is recorded per document in ia_notice_footers.csv and never attached to a recipient (§0.2, §6.2).",,,Best and Brightest - Medical Equipment,2026-06-18,data/evidence/IA/2026-06-18_ia_noia_phthorc26011_best_and_brightest_medical_equipment.pdf,4
IA,168,Floyd County Medical Center,,HOSPITAL_OR_SYSTEM,Yes,"Published by Iowa HHS as a Notice of Intent to Award, linked from the ""Where to Find Funding Awardees"" section of its Healthy Hometowns page. THE NOTICE PUBLISHES NO AMOUNT FOR ANY RECIPIENT: the only dollar figure it carries is in its CMS financial-assistance footer, whose tier changes between Iowa's February and June notices (§0.2), so no figure is attributed to this row and none is divided (§6.2). It is an INTENT, in the notice's own words: ""this Notice does NOT constitute the formation of a contract ... The bidder shall not acquire any legal or equitable rights relative to the contract services until a contract is executed.""",Yes,No,2026,"Iowa HHS Notice of Intent to Award, RFP #PHTHORC26011 Best and Brightest - Medical Equipment",https://hhs.iowa.gov/media/18885/download?inline,NOTICE_OF_INTENT_TO_AWARD,PARSED_PDF_RUNS,R/03z_ia_year1_awardees.R,,,,,Recipient name rule: name states a medical center.,MEDIUM,AMOUNT_MISSING,PHTHORC26011,BP1 (12/29/2025 - 10/30/2026),DIRECT,Yes,NAMED_HOSPITAL,,Recipient name rule: name states a medical center. §10.2 DIRECT: the named recipient is a hospital or hospital system and the state's award document names both the recipient and the amount.,"Iowa publishes NO per-recipient amount. The notice's only dollar figure is its CMS footer, and that footer carries the RFP's pool in Iowa's Jan/Feb notices and the STATE ALLOTMENT in its June ones, so it is recorded per document in ia_notice_footers.csv and never attached to a recipient (§0.2, §6.2).",,,Best and Brightest - Medical Equipment,2026-06-18,data/evidence/IA/2026-06-18_ia_noia_phthorc26011_best_and_brightest_medical_equipment.pdf,5
IA,169,Buchanan County Health Center,,NONPROFIT_CBO,No,"Published by Iowa HHS as a Notice of Intent to Award, linked from the ""Where to Find Funding Awardees"" section of its Healthy Hometowns page. THE NOTICE PUBLISHES NO AMOUNT FOR ANY RECIPIENT: the only dollar figure it carries is in its CMS financial-assistance footer, whose tier changes between Iowa's February and June notices (§0.2), so no figure is attributed to this row and none is divided (§6.2). It is an INTENT, in the notice's own words: ""this Notice does NOT constitute the formation of a contract ... The bidder shall not acquire any legal or equitable rights relative to the contract services until a contract is executed.""",Yes,No,2026,"Iowa HHS Notice of Intent to Award, RFP #PHTHORC26011 Best and Brightest - Medical Equipment",https://hhs.iowa.gov/media/18885/download?inline,NOTICE_OF_INTENT_TO_AWARD,PARSED_PDF_RUNS,R/03z_ia_year1_awardees.R,,,,,Recipient is named but the source does not state its organisational form; §8 settled fallback (session 10).,LOW,AMOUNT_MISSING;RECIPIENT_TYPE_INFERRED,PHTHORC26011,BP1 (12/29/2025 - 10/30/2026),NON_HOSPITAL,No,NOT_HOSPITAL,,"Recipient is named but the source does not state its organisational form; §8 settled fallback (session 10). §10.2 NON_HOSPITAL: the named recipient is not a hospital (§0.3a -- judged on the recipient, not the activity), and the source does not mention hospitals anywhere in the funded work.","Iowa publishes NO per-recipient amount. The notice's only dollar figure is its CMS footer, and that footer carries the RFP's pool in Iowa's Jan/Feb notices and the STATE ALLOTMENT in its June ones, so it is recorded per document in ia_notice_footers.csv and never attached to a recipient (§0.2, §6.2).",,,Best and Brightest - Medical Equipment,2026-06-18,data/evidence/IA/2026-06-18_ia_noia_phthorc26011_best_and_brightest_medical_equipment.pdf,6
IA,170,Cass County Memorial Hospital dba Cass Health,,HOSPITAL_OR_SYSTEM,Yes,"Published by Iowa HHS as a Notice of Intent to Award, linked from the ""Where to Find Funding Awardees"" section of its Healthy Hometowns page. THE NOTICE PUBLISHES NO AMOUNT FOR ANY RECIPIENT: the only dollar figure it carries is in its CMS financial-assistance footer, whose tier changes between Iowa's February and June notices (§0.2), so no figure is attributed to this row and none is divided (§6.2). It is an INTENT, in the notice's own words: ""this Notice does NOT constitute the formation of a contract ... The bidder shall not acquire any legal or equitable rights relative to the contract services until a contract is executed.""",Yes,No,2026,"Iowa HHS Notice of Intent to Award, RFP #PHTHORC26011 Best and Brightest - Medical Equipment",https://hhs.iowa.gov/media/18885/download?inline,NOTICE_OF_INTENT_TO_AWARD,PARSED_PDF_RUNS,R/03z_ia_year1_awardees.R,,,,,Recipient name rule: name states a hospital.,MEDIUM,AMOUNT_MISSING,PHTHORC26011,BP1 (12/29/2025 - 10/30/2026),DIRECT,Yes,NAMED_HOSPITAL,,Recipient name rule: name states a hospital. §10.2 DIRECT: the named recipient is a hospital or hospital system and the state's award document names both the recipient and the amount.,"Iowa publishes NO per-recipient amount. The notice's only dollar figure is its CMS footer, and that footer carries the RFP's pool in Iowa's Jan/Feb notices and the STATE ALLOTMENT in its June ones, so it is recorded per document in ia_notice_footers.csv and never attached to a recipient (§0.2, §6.2).",,,Best and Brightest - Medical Equipment,2026-06-18,data/evidence/IA/2026-06-18_ia_noia_phthorc26011_best_and_brightest_medical_equipment.pdf,7
IA,171,Kossuth Regional Health Center,,NONPROFIT_CBO,No,"Published by Iowa HHS as a Notice of Intent to Award, linked from the ""Where to Find Funding Awardees"" section of its Healthy Hometowns page. THE NOTICE PUBLISHES NO AMOUNT FOR ANY RECIPIENT: the only dollar figure it carries is in its CMS financial-assistance footer, whose tier changes between Iowa's February and June notices (§0.2), so no figure is attributed to this row and none is divided (§6.2). It is an INTENT, in the notice's own words: ""this Notice does NOT constitute the formation of a contract ... The bidder shall not acquire any legal or equitable rights relative to the contract services until a contract is executed.""",Yes,No,2026,"Iowa HHS Notice of Intent to Award, RFP #PHTHORC26011 Best and Brightest - Medical Equipment",https://hhs.iowa.gov/media/18885/download?inline,NOTICE_OF_INTENT_TO_AWARD,PARSED_PDF_RUNS,R/03z_ia_year1_awardees.R,,,,,Recipient is named but the source does not state its organisational form; §8 settled fallback (session 10).,LOW,AMOUNT_MISSING;RECIPIENT_TYPE_INFERRED,PHTHORC26011,BP1 (12/29/2025 - 10/30/2026),NON_HOSPITAL,No,NOT_HOSPITAL,,"Recipient is named but the source does not state its organisational form; §8 settled fallback (session 10). §10.2 NON_HOSPITAL: the named recipient is not a hospital (§0.3a -- judged on the recipient, not the activity), and the source does not mention hospitals anywhere in the funded work.","Iowa publishes NO per-recipient amount. The notice's only dollar figure is its CMS footer, and that footer carries the RFP's pool in Iowa's Jan/Feb notices and the STATE ALLOTMENT in its June ones, so it is recorded per document in ia_notice_footers.csv and never attached to a recipient (§0.2, §6.2).",,,Best and Brightest - Medical Equipment,2026-06-18,data/evidence/IA/2026-06-18_ia_noia_phthorc26011_best_and_brightest_medical_equipment.pdf,8
IA,172,Veterans Memorial Hospital,,HOSPITAL_OR_SYSTEM,Yes,"Published by Iowa HHS as a Notice of Intent to Award, linked from the ""Where to Find Funding Awardees"" section of its Healthy Hometowns page. THE NOTICE PUBLISHES NO AMOUNT FOR ANY RECIPIENT: the only dollar figure it carries is in its CMS financial-assistance footer, whose tier changes between Iowa's February and June notices (§0.2), so no figure is attributed to this row and none is divided (§6.2). It is an INTENT, in the notice's own words: ""this Notice does NOT constitute the formation of a contract ... The bidder shall not acquire any legal or equitable rights relative to the contract services until a contract is executed.""",Yes,No,2026,"Iowa HHS Notice of Intent to Award, RFP #PHTHORC26011 Best and Brightest - Medical Equipment",https://hhs.iowa.gov/media/18885/download?inline,NOTICE_OF_INTENT_TO_AWARD,PARSED_PDF_RUNS,R/03z_ia_year1_awardees.R,,,,,Recipient name rule: name states a hospital.,MEDIUM,AMOUNT_MISSING,PHTHORC26011,BP1 (12/29/2025 - 10/30/2026),DIRECT,Yes,NAMED_HOSPITAL,,Recipient name rule: name states a hospital. §10.2 DIRECT: the named recipient is a hospital or hospital system and the state's award document names both the recipient and the amount.,"Iowa publishes NO per-recipient amount. The notice's only dollar figure is its CMS footer, and that footer carries the RFP's pool in Iowa's Jan/Feb notices and the STATE ALLOTMENT in its June ones, so it is recorded per document in ia_notice_footers.csv and never attached to a recipient (§0.2, §6.2).",,,Best and Brightest - Medical Equipment,2026-06-18,data/evidence/IA/2026-06-18_ia_noia_phthorc26011_best_and_brightest_medical_equipment.pdf,9
IA,173,Regional Health Services of Howard County,,NONPROFIT_CBO,No,"Published by Iowa HHS as a Notice of Intent to Award, linked from the ""Where to Find Funding Awardees"" section of its Healthy Hometowns page. THE NOTICE PUBLISHES NO AMOUNT FOR ANY RECIPIENT: the only dollar figure it carries is in its CMS financial-assistance footer, whose tier changes between Iowa's February and June notices (§0.2), so no figure is attributed to this row and none is divided (§6.2). It is an INTENT, in the notice's own words: ""this Notice does NOT constitute the formation of a contract ... The bidder shall not acquire any legal or equitable rights relative to the contract services until a contract is executed.""",Yes,No,2026,"Iowa HHS Notice of Intent to Award, RFP #PHTHORC26011 Best and Brightest - Medical Equipment",https://hhs.iowa.gov/media/18885/download?inline,NOTICE_OF_INTENT_TO_AWARD,PARSED_PDF_RUNS,R/03z_ia_year1_awardees.R,,,,,Recipient is named but the source does not state its organisational form; §8 settled fallback (session 10).,LOW,AMOUNT_MISSING;RECIPIENT_TYPE_INFERRED,PHTHORC26011,BP1 (12/29/2025 - 10/30/2026),NON_HOSPITAL,No,NOT_HOSPITAL,,"Recipient is named but the source does not state its organisational form; §8 settled fallback (session 10). §10.2 NON_HOSPITAL: the named recipient is not a hospital (§0.3a -- judged on the recipient, not the activity), and the source does not mention hospitals anywhere in the funded work.","Iowa publishes NO per-recipient amount. The notice's only dollar figure is its CMS footer, and that footer carries the RFP's pool in Iowa's Jan/Feb notices and the STATE ALLOTMENT in its June ones, so it is recorded per document in ia_notice_footers.csv and never attached to a recipient (§0.2, §6.2).",,,Best and Brightest - Medical Equipment,2026-06-18,data/evidence/IA/2026-06-18_ia_noia_phthorc26011_best_and_brightest_medical_equipment.pdf,10
IA,174,CHI Health Mercy Corning,,NONPROFIT_CBO,No,"Published by Iowa HHS as a Notice of Intent to Award, linked from the ""Where to Find Funding Awardees"" section of its Healthy Hometowns page. THE NOTICE PUBLISHES NO AMOUNT FOR ANY RECIPIENT: the only dollar figure it carries is in its CMS financial-assistance footer, whose tier changes between Iowa's February and June notices (§0.2), so no figure is attributed to this row and none is divided (§6.2). It is an INTENT, in the notice's own words: ""this Notice does NOT constitute the formation of a contract ... The bidder shall not acquire any legal or equitable rights relative to the contract services until a contract is executed.""",Yes,No,2026,"Iowa HHS Notice of Intent to Award, RFP #PHTHORC26011 Best and Brightest - Medical Equipment",https://hhs.iowa.gov/media/18885/download?inline,NOTICE_OF_INTENT_TO_AWARD,PARSED_PDF_RUNS,R/03z_ia_year1_awardees.R,,,,,Recipient is named but the source does not state its organisational form; §8 settled fallback (session 10).,LOW,AMOUNT_MISSING;RECIPIENT_TYPE_INFERRED,PHTHORC26011,BP1 (12/29/2025 - 10/30/2026),NON_HOSPITAL,No,NOT_HOSPITAL,,"Recipient is named but the source does not state its organisational form; §8 settled fallback (session 10). §10.2 NON_HOSPITAL: the named recipient is not a hospital (§0.3a -- judged on the recipient, not the activity), and the source does not mention hospitals anywhere in the funded work.","Iowa publishes NO per-recipient amount. The notice's only dollar figure is its CMS footer, and that footer carries the RFP's pool in Iowa's Jan/Feb notices and the STATE ALLOTMENT in its June ones, so it is recorded per document in ia_notice_footers.csv and never attached to a recipient (§0.2, §6.2).",,,Best and Brightest - Medical Equipment,2026-06-18,data/evidence/IA/2026-06-18_ia_noia_phthorc26011_best_and_brightest_medical_equipment.pdf,11
IA,175,CHI Health Missouri Valley,,NONPROFIT_CBO,No,"Published by Iowa HHS as a Notice of Intent to Award, linked from the ""Where to Find Funding Awardees"" section of its Healthy Hometowns page. THE NOTICE PUBLISHES NO AMOUNT FOR ANY RECIPIENT: the only dollar figure it carries is in its CMS financial-assistance footer, whose tier changes between Iowa's February and June notices (§0.2), so no figure is attributed to this row and none is divided (§6.2). It is an INTENT, in the notice's own words: ""this Notice does NOT constitute the formation of a contract ... The bidder shall not acquire any legal or equitable rights relative to the contract services until a contract is executed.""",Yes,No,2026,"Iowa HHS Notice of Intent to Award, RFP #PHTHORC26011 Best and Brightest - Medical Equipment",https://hhs.iowa.gov/media/18885/download?inline,NOTICE_OF_INTENT_TO_AWARD,PARSED_PDF_RUNS,R/03z_ia_year1_awardees.R,,,,,Recipient is named but the source does not state its organisational form; §8 settled fallback (session 10).,LOW,AMOUNT_MISSING;RECIPIENT_TYPE_INFERRED,PHTHORC26011,BP1 (12/29/2025 - 10/30/2026),NON_HOSPITAL,No,NOT_HOSPITAL,,"Recipient is named but the source does not state its organisational form; §8 settled fallback (session 10). §10.2 NON_HOSPITAL: the named recipient is not a hospital (§0.3a -- judged on the recipient, not the activity), and the source does not mention hospitals anywhere in the funded work.","Iowa publishes NO per-recipient amount. The notice's only dollar figure is its CMS footer, and that footer carries the RFP's pool in Iowa's Jan/Feb notices and the STATE ALLOTMENT in its June ones, so it is recorded per document in ia_notice_footers.csv and never attached to a recipient (§0.2, §6.2).",,,Best and Brightest - Medical Equipment,2026-06-18,data/evidence/IA/2026-06-18_ia_noia_phthorc26011_best_and_brightest_medical_equipment.pdf,12
IA,176,Ringgold County Hospital,,HOSPITAL_OR_SYSTEM,Yes,"Published by Iowa HHS as a Notice of Intent to Award, linked from the ""Where to Find Funding Awardees"" section of its Healthy Hometowns page. THE NOTICE PUBLISHES NO AMOUNT FOR ANY RECIPIENT: the only dollar figure it carries is in its CMS financial-assistance footer, whose tier changes between Iowa's February and June notices (§0.2), so no figure is attributed to this row and none is divided (§6.2). It is an INTENT, in the notice's own words: ""this Notice does NOT constitute the formation of a contract ... The bidder shall not acquire any legal or equitable rights relative to the contract services until a contract is executed.""",Yes,No,2026,"Iowa HHS Notice of Intent to Award, RFP #PHTHORC26011 Best and Brightest - Medical Equipment",https://hhs.iowa.gov/media/18885/download?inline,NOTICE_OF_INTENT_TO_AWARD,PARSED_PDF_RUNS,R/03z_ia_year1_awardees.R,,,,,Recipient name rule: name states a hospital.,MEDIUM,AMOUNT_MISSING,PHTHORC26011,BP1 (12/29/2025 - 10/30/2026),DIRECT,Yes,NAMED_HOSPITAL,,Recipient name rule: name states a hospital. §10.2 DIRECT: the named recipient is a hospital or hospital system and the state's award document names both the recipient and the amount.,"Iowa publishes NO per-recipient amount. The notice's only dollar figure is its CMS footer, and that footer carries the RFP's pool in Iowa's Jan/Feb notices and the STATE ALLOTMENT in its June ones, so it is recorded per document in ia_notice_footers.csv and never attached to a recipient (§0.2, §6.2).",,,Best and Brightest - Medical Equipment,2026-06-18,data/evidence/IA/2026-06-18_ia_noia_phthorc26011_best_and_brightest_medical_equipment.pdf,13
IA,177,Keokuk County Hospitals & Clinics,,HOSPITAL_OR_SYSTEM,Yes,"Published by Iowa HHS as a Notice of Intent to Award, linked from the ""Where to Find Funding Awardees"" section of its Healthy Hometowns page. THE NOTICE PUBLISHES NO AMOUNT FOR ANY RECIPIENT: the only dollar figure it carries is in its CMS financial-assistance footer, whose tier changes between Iowa's February and June notices (§0.2), so no figure is attributed to this row and none is divided (§6.2). It is an INTENT, in the notice's own words: ""this Notice does NOT constitute the formation of a contract ... The bidder shall not acquire any legal or equitable rights relative to the contract services until a contract is executed.""",Yes,No,2026,"Iowa HHS Notice of Intent to Award, RFP #PHTHORC26011 Best and Brightest - Medical Equipment",https://hhs.iowa.gov/media/18885/download?inline,NOTICE_OF_INTENT_TO_AWARD,PARSED_PDF_RUNS,R/03z_ia_year1_awardees.R,,,,,Recipient name rule: name states a hospital.,MEDIUM,AMOUNT_MISSING,PHTHORC26011,BP1 (12/29/2025 - 10/30/2026),DIRECT,Yes,NAMED_HOSPITAL,,Recipient name rule: name states a hospital. §10.2 DIRECT: the named recipient is a hospital or hospital system and the state's award document names both the recipient and the amount.,"Iowa publishes NO per-recipient amount. The notice's only dollar figure is its CMS footer, and that footer carries the RFP's pool in Iowa's Jan/Feb notices and the STATE ALLOTMENT in its June ones, so it is recorded per document in ia_notice_footers.csv and never attached to a recipient (§0.2, §6.2).",,,Best and Brightest - Medical Equipment,2026-06-18,data/evidence/IA/2026-06-18_ia_noia_phthorc26011_best_and_brightest_medical_equipment.pdf,14
IA,178,Guthrie County Hospital,,HOSPITAL_OR_SYSTEM,Yes,"Published by Iowa HHS as a Notice of Intent to Award, linked from the ""Where to Find Funding Awardees"" section of its Healthy Hometowns page. THE NOTICE PUBLISHES NO AMOUNT FOR ANY RECIPIENT: the only dollar figure it carries is in its CMS financial-assistance footer, whose tier changes between Iowa's February and June notices (§0.2), so no figure is attributed to this row and none is divided (§6.2). It is an INTENT, in the notice's own words: ""this Notice does NOT constitute the formation of a contract ... The bidder shall not acquire any legal or equitable rights relative to the contract services until a contract is executed.""",Yes,No,2026,"Iowa HHS Notice of Intent to Award, RFP #PHTHORC26011 Best and Brightest - Medical Equipment",https://hhs.iowa.gov/media/18885/download?inline,NOTICE_OF_INTENT_TO_AWARD,PARSED_PDF_RUNS,R/03z_ia_year1_awardees.R,,,,,Recipient name rule: name states a hospital.,MEDIUM,AMOUNT_MISSING,PHTHORC26011,BP1 (12/29/2025 - 10/30/2026),DIRECT,Yes,NAMED_HOSPITAL,,Recipient name rule: name states a hospital. §10.2 DIRECT: the named recipient is a hospital or hospital system and the state's award document names both the recipient and the amount.,"Iowa publishes NO per-recipient amount. The notice's only dollar figure is its CMS footer, and that footer carries the RFP's pool in Iowa's Jan/Feb notices and the STATE ALLOTMENT in its June ones, so it is recorded per document in ia_notice_footers.csv and never attached to a recipient (§0.2, §6.2).",,,Best and Brightest - Medical Equipment,2026-06-18,data/evidence/IA/2026-06-18_ia_noia_phthorc26011_best_and_brightest_medical_equipment.pdf,15
IA,179,Grundy County Memorial Hospital,,HOSPITAL_OR_SYSTEM,Yes,"Published by Iowa HHS as a Notice of Intent to Award, linked from the ""Where to Find Funding Awardees"" section of its Healthy Hometowns page. THE NOTICE PUBLISHES NO AMOUNT FOR ANY RECIPIENT: the only dollar figure it carries is in its CMS financial-assistance footer, whose tier changes between Iowa's February and June notices (§0.2), so no figure is attributed to this row and none is divided (§6.2). It is an INTENT, in the notice's own words: ""this Notice does NOT constitute the formation of a contract ... The bidder shall not acquire any legal or equitable rights relative to the contract services until a contract is executed.""",Yes,No,2026,"Iowa HHS Notice of Intent to Award, RFP #PHTHORC26011 Best and Brightest - Medical Equipment",https://hhs.iowa.gov/media/18885/download?inline,NOTICE_OF_INTENT_TO_AWARD,PARSED_PDF_RUNS,R/03z_ia_year1_awardees.R,,,,,Recipient name rule: name states a hospital.,MEDIUM,AMOUNT_MISSING,PHTHORC26011,BP1 (12/29/2025 - 10/30/2026),DIRECT,Yes,NAMED_HOSPITAL,,Recipient name rule: name states a hospital. §10.2 DIRECT: the named recipient is a hospital or hospital system and the state's award document names both the recipient and the amount.,"Iowa publishes NO per-recipient amount. The notice's only dollar figure is its CMS footer, and that footer carries the RFP's pool in Iowa's Jan/Feb notices and the STATE ALLOTMENT in its June ones, so it is recorded per document in ia_notice_footers.csv and never attached to a recipient (§0.2, §6.2).",,,Best and Brightest - Medical Equipment,2026-06-18,data/evidence/IA/2026-06-18_ia_noia_phthorc26011_best_and_brightest_medical_equipment.pdf,16
IA,180,Palo Alto County Health System,,HOSPITAL_OR_SYSTEM,Yes,"Published by Iowa HHS as a Notice of Intent to Award, linked from the ""Where to Find Funding Awardees"" section of its Healthy Hometowns page. THE NOTICE PUBLISHES NO AMOUNT FOR ANY RECIPIENT: the only dollar figure it carries is in its CMS financial-assistance footer, whose tier changes between Iowa's February and June notices (§0.2), so no figure is attributed to this row and none is divided (§6.2). It is an INTENT, in the notice's own words: ""this Notice does NOT constitute the formation of a contract ... The bidder shall not acquire any legal or equitable rights relative to the contract services until a contract is executed.""",Yes,No,2026,"Iowa HHS Notice of Intent to Award, RFP #PHTHORC26011 Best and Brightest - Medical Equipment",https://hhs.iowa.gov/media/18885/download?inline,NOTICE_OF_INTENT_TO_AWARD,PARSED_PDF_RUNS,R/03z_ia_year1_awardees.R,,,,,Recipient name rule: name states a health system.,MEDIUM,AMOUNT_MISSING,PHTHORC26011,BP1 (12/29/2025 - 10/30/2026),DIRECT,Yes,NAMED_HOSPITAL,,Recipient name rule: name states a health system. §10.2 DIRECT: the named recipient is a hospital or hospital system and the state's award document names both the recipient and the amount.,"Iowa publishes NO per-recipient amount. The notice's only dollar figure is its CMS footer, and that footer carries the RFP's pool in Iowa's Jan/Feb notices and the STATE ALLOTMENT in its June ones, so it is recorded per document in ia_notice_footers.csv and never attached to a recipient (§0.2, §6.2).",,,Best and Brightest - Medical Equipment,2026-06-18,data/evidence/IA/2026-06-18_ia_noia_phthorc26011_best_and_brightest_medical_equipment.pdf,17
IA,181,Washington County Hospital & Clinics,,HOSPITAL_OR_SYSTEM,Yes,"Published by Iowa HHS as a Notice of Intent to Award, linked from the ""Where to Find Funding Awardees"" section of its Healthy Hometowns page. THE NOTICE PUBLISHES NO AMOUNT FOR ANY RECIPIENT: the only dollar figure it carries is in its CMS financial-assistance footer, whose tier changes between Iowa's February and June notices (§0.2), so no figure is attributed to this row and none is divided (§6.2). It is an INTENT, in the notice's own words: ""this Notice does NOT constitute the formation of a contract ... The bidder shall not acquire any legal or equitable rights relative to the contract services until a contract is executed.""",Yes,No,2026,"Iowa HHS Notice of Intent to Award, RFP #PHTHORC26011 Best and Brightest - Medical Equipment",https://hhs.iowa.gov/media/18885/download?inline,NOTICE_OF_INTENT_TO_AWARD,PARSED_PDF_RUNS,R/03z_ia_year1_awardees.R,,,,,Recipient name rule: name states a hospital.,MEDIUM,AMOUNT_MISSING,PHTHORC26011,BP1 (12/29/2025 - 10/30/2026),DIRECT,Yes,NAMED_HOSPITAL,,Recipient name rule: name states a hospital. §10.2 DIRECT: the named recipient is a hospital or hospital system and the state's award document names both the recipient and the amount.,"Iowa publishes NO per-recipient amount. The notice's only dollar figure is its CMS footer, and that footer carries the RFP's pool in Iowa's Jan/Feb notices and the STATE ALLOTMENT in its June ones, so it is recorded per document in ia_notice_footers.csv and never attached to a recipient (§0.2, §6.2).",,,Best and Brightest - Medical Equipment,2026-06-18,data/evidence/IA/2026-06-18_ia_noia_phthorc26011_best_and_brightest_medical_equipment.pdf,18
IA,182,Iowa Specialty Hospital -Clarion,,HOSPITAL_OR_SYSTEM,Yes,"Published by Iowa HHS as a Notice of Intent to Award, linked from the ""Where to Find Funding Awardees"" section of its Healthy Hometowns page. THE NOTICE PUBLISHES NO AMOUNT FOR ANY RECIPIENT: the only dollar figure it carries is in its CMS financial-assistance footer, whose tier changes between Iowa's February and June notices (§0.2), so no figure is attributed to this row and none is divided (§6.2). It is an INTENT, in the notice's own words: ""this Notice does NOT constitute the formation of a contract ... The bidder shall not acquire any legal or equitable rights relative to the contract services until a contract is executed.""",Yes,No,2026,"Iowa HHS Notice of Intent to Award, RFP #PHTHORC26011 Best and Brightest - Medical Equipment",https://hhs.iowa.gov/media/18885/download?inline,NOTICE_OF_INTENT_TO_AWARD,PARSED_PDF_RUNS,R/03z_ia_year1_awardees.R,,,,,Recipient name rule: name states a hospital.,MEDIUM,AMOUNT_MISSING,PHTHORC26011,BP1 (12/29/2025 - 10/30/2026),DIRECT,Yes,NAMED_HOSPITAL,,Recipient name rule: name states a hospital. §10.2 DIRECT: the named recipient is a hospital or hospital system and the state's award document names both the recipient and the amount.,"Iowa publishes NO per-recipient amount. The notice's only dollar figure is its CMS footer, and that footer carries the RFP's pool in Iowa's Jan/Feb notices and the STATE ALLOTMENT in its June ones, so it is recorded per document in ia_notice_footers.csv and never attached to a recipient (§0.2, §6.2).",,,Best and Brightest - Medical Equipment,2026-06-18,data/evidence/IA/2026-06-18_ia_noia_phthorc26011_best_and_brightest_medical_equipment.pdf,19
IA,183,Unity Healthcare dba Trinity Muscatine Hospital,,HOSPITAL_OR_SYSTEM,Yes,"Published by Iowa HHS as a Notice of Intent to Award, linked from the ""Where to Find Funding Awardees"" section of its Healthy Hometowns page. THE NOTICE PUBLISHES NO AMOUNT FOR ANY RECIPIENT: the only dollar figure it carries is in its CMS financial-assistance footer, whose tier changes between Iowa's February and June notices (§0.2), so no figure is attributed to this row and none is divided (§6.2). It is an INTENT, in the notice's own words: ""this Notice does NOT constitute the formation of a contract ... The bidder shall not acquire any legal or equitable rights relative to the contract services until a contract is executed.""",Yes,No,2026,"Iowa HHS Notice of Intent to Award, RFP #PHTHORC26011 Best and Brightest - Medical Equipment",https://hhs.iowa.gov/media/18885/download?inline,NOTICE_OF_INTENT_TO_AWARD,PARSED_PDF_RUNS,R/03z_ia_year1_awardees.R,,,,,Recipient name rule: name states a hospital.,MEDIUM,AMOUNT_MISSING,PHTHORC26011,BP1 (12/29/2025 - 10/30/2026),DIRECT,Yes,NAMED_HOSPITAL,,Recipient name rule: name states a hospital. §10.2 DIRECT: the named recipient is a hospital or hospital system and the state's award document names both the recipient and the amount.,"Iowa publishes NO per-recipient amount. The notice's only dollar figure is its CMS footer, and that footer carries the RFP's pool in Iowa's Jan/Feb notices and the STATE ALLOTMENT in its June ones, so it is recorded per document in ia_notice_footers.csv and never attached to a recipient (§0.2, §6.2).",,,Best and Brightest - Medical Equipment,2026-06-18,data/evidence/IA/2026-06-18_ia_noia_phthorc26011_best_and_brightest_medical_equipment.pdf,20
IA,184,Jackson County Regional Health Center,,NONPROFIT_CBO,No,"Published by Iowa HHS as a Notice of Intent to Award, linked from the ""Where to Find Funding Awardees"" section of its Healthy Hometowns page. THE NOTICE PUBLISHES NO AMOUNT FOR ANY RECIPIENT: the only dollar figure it carries is in its CMS financial-assistance footer, whose tier changes between Iowa's February and June notices (§0.2), so no figure is attributed to this row and none is divided (§6.2). It is an INTENT, in the notice's own words: ""this Notice does NOT constitute the formation of a contract ... The bidder shall not acquire any legal or equitable rights relative to the contract services until a contract is executed.""",Yes,No,2026,"Iowa HHS Notice of Intent to Award, RFP #PHTHORC26011 Best and Brightest - Medical Equipment",https://hhs.iowa.gov/media/18885/download?inline,NOTICE_OF_INTENT_TO_AWARD,PARSED_PDF_RUNS,R/03z_ia_year1_awardees.R,,,,,Recipient is named but the source does not state its organisational form; §8 settled fallback (session 10).,LOW,AMOUNT_MISSING;RECIPIENT_TYPE_INFERRED,PHTHORC26011,BP1 (12/29/2025 - 10/30/2026),NON_HOSPITAL,No,NOT_HOSPITAL,,"Recipient is named but the source does not state its organisational form; §8 settled fallback (session 10). §10.2 NON_HOSPITAL: the named recipient is not a hospital (§0.3a -- judged on the recipient, not the activity), and the source does not mention hospitals anywhere in the funded work.","Iowa publishes NO per-recipient amount. The notice's only dollar figure is its CMS footer, and that footer carries the RFP's pool in Iowa's Jan/Feb notices and the STATE ALLOTMENT in its June ones, so it is recorded per document in ia_notice_footers.csv and never attached to a recipient (§0.2, §6.2).",,,Best and Brightest - Medical Equipment,2026-06-18,data/evidence/IA/2026-06-18_ia_noia_phthorc26011_best_and_brightest_medical_equipment.pdf,21
IA,185,Jefferson County Health Center,,NONPROFIT_CBO,No,"Published by Iowa HHS as a Notice of Intent to Award, linked from the ""Where to Find Funding Awardees"" section of its Healthy Hometowns page. THE NOTICE PUBLISHES NO AMOUNT FOR ANY RECIPIENT: the only dollar figure it carries is in its CMS financial-assistance footer, whose tier changes between Iowa's February and June notices (§0.2), so no figure is attributed to this row and none is divided (§6.2). It is an INTENT, in the notice's own words: ""this Notice does NOT constitute the formation of a contract ... The bidder shall not acquire any legal or equitable rights relative to the contract services until a contract is executed.""",Yes,No,2026,"Iowa HHS Notice of Intent to Award, RFP #PHTHORC26011 Best and Brightest - Medical Equipment",https://hhs.iowa.gov/media/18885/download?inline,NOTICE_OF_INTENT_TO_AWARD,PARSED_PDF_RUNS,R/03z_ia_year1_awardees.R,,,,,Recipient is named but the source does not state its organisational form; §8 settled fallback (session 10).,LOW,AMOUNT_MISSING;RECIPIENT_TYPE_INFERRED,PHTHORC26011,BP1 (12/29/2025 - 10/30/2026),NON_HOSPITAL,No,NOT_HOSPITAL,,"Recipient is named but the source does not state its organisational form; §8 settled fallback (session 10). §10.2 NON_HOSPITAL: the named recipient is not a hospital (§0.3a -- judged on the recipient, not the activity), and the source does not mention hospitals anywhere in the funded work.","Iowa publishes NO per-recipient amount. The notice's only dollar figure is its CMS footer, and that footer carries the RFP's pool in Iowa's Jan/Feb notices and the STATE ALLOTMENT in its June ones, so it is recorded per document in ia_notice_footers.csv and never attached to a recipient (§0.2, §6.2).",,,Best and Brightest - Medical Equipment,2026-06-18,data/evidence/IA/2026-06-18_ia_noia_phthorc26011_best_and_brightest_medical_equipment.pdf,22
IA,186,Knoxville Hospital & Clinics,,HOSPITAL_OR_SYSTEM,Yes,"Published by Iowa HHS as a Notice of Intent to Award, linked from the ""Where to Find Funding Awardees"" section of its Healthy Hometowns page. THE NOTICE PUBLISHES NO AMOUNT FOR ANY RECIPIENT: the only dollar figure it carries is in its CMS financial-assistance footer, whose tier changes between Iowa's February and June notices (§0.2), so no figure is attributed to this row and none is divided (§6.2). It is an INTENT, in the notice's own words: ""this Notice does NOT constitute the formation of a contract ... The bidder shall not acquire any legal or equitable rights relative to the contract services until a contract is executed.""",Yes,No,2026,"Iowa HHS Notice of Intent to Award, RFP #PHTHORC26011 Best and Brightest - Medical Equipment",https://hhs.iowa.gov/media/18885/download?inline,NOTICE_OF_INTENT_TO_AWARD,PARSED_PDF_RUNS,R/03z_ia_year1_awardees.R,,,,,Recipient name rule: name states a hospital.,MEDIUM,AMOUNT_MISSING,PHTHORC26011,BP1 (12/29/2025 - 10/30/2026),DIRECT,Yes,NAMED_HOSPITAL,,Recipient name rule: name states a hospital. §10.2 DIRECT: the named recipient is a hospital or hospital system and the state's award document names both the recipient and the amount.,"Iowa publishes NO per-recipient amount. The notice's only dollar figure is its CMS footer, and that footer carries the RFP's pool in Iowa's Jan/Feb notices and the STATE ALLOTMENT in its June ones, so it is recorded per document in ia_notice_footers.csv and never attached to a recipient (§0.2, §6.2).",,,Best and Brightest - Medical Equipment,2026-06-18,data/evidence/IA/2026-06-18_ia_noia_phthorc26011_best_and_brightest_medical_equipment.pdf,23
IA,187,Spencer Hospital,,HOSPITAL_OR_SYSTEM,Yes,"Published by Iowa HHS as a Notice of Intent to Award, linked from the ""Where to Find Funding Awardees"" section of its Healthy Hometowns page. THE NOTICE PUBLISHES NO AMOUNT FOR ANY RECIPIENT: the only dollar figure it carries is in its CMS financial-assistance footer, whose tier changes between Iowa's February and June notices (§0.2), so no figure is attributed to this row and none is divided (§6.2). It is an INTENT, in the notice's own words: ""this Notice does NOT constitute the formation of a contract ... The bidder shall not acquire any legal or equitable rights relative to the contract services until a contract is executed.""",Yes,No,2026,"Iowa HHS Notice of Intent to Award, RFP #PHTHORC26011 Best and Brightest - Medical Equipment",https://hhs.iowa.gov/media/18885/download?inline,NOTICE_OF_INTENT_TO_AWARD,PARSED_PDF_RUNS,R/03z_ia_year1_awardees.R,,,,,Recipient name rule: name states a hospital.,MEDIUM,AMOUNT_MISSING,PHTHORC26011,BP1 (12/29/2025 - 10/30/2026),DIRECT,Yes,NAMED_HOSPITAL,,Recipient name rule: name states a hospital. §10.2 DIRECT: the named recipient is a hospital or hospital system and the state's award document names both the recipient and the amount.,"Iowa publishes NO per-recipient amount. The notice's only dollar figure is its CMS footer, and that footer carries the RFP's pool in Iowa's Jan/Feb notices and the STATE ALLOTMENT in its June ones, so it is recorded per document in ia_notice_footers.csv and never attached to a recipient (§0.2, §6.2).",,,Best and Brightest - Medical Equipment,2026-06-18,data/evidence/IA/2026-06-18_ia_noia_phthorc26011_best_and_brightest_medical_equipment.pdf,24
IA,188,Emplify Health by Gundersen,,NONPROFIT_CBO,No,"Published by Iowa HHS as a Notice of Intent to Award, linked from the ""Where to Find Funding Awardees"" section of its Healthy Hometowns page. THE NOTICE PUBLISHES NO AMOUNT FOR ANY RECIPIENT: the only dollar figure it carries is in its CMS financial-assistance footer, whose tier changes between Iowa's February and June notices (§0.2), so no figure is attributed to this row and none is divided (§6.2). It is an INTENT, in the notice's own words: ""this Notice does NOT constitute the formation of a contract ... The bidder shall not acquire any legal or equitable rights relative to the contract services until a contract is executed.""",Yes,No,2026,"Iowa HHS Notice of Intent to Award, RFP #PHTHORC26011 Best and Brightest - Medical Equipment",https://hhs.iowa.gov/media/18885/download?inline,NOTICE_OF_INTENT_TO_AWARD,PARSED_PDF_RUNS,R/03z_ia_year1_awardees.R,,,,,Recipient is named but the source does not state its organisational form; §8 settled fallback (session 10).,LOW,AMOUNT_MISSING;RECIPIENT_TYPE_INFERRED,PHTHORC26011,BP1 (12/29/2025 - 10/30/2026),NON_HOSPITAL,No,NOT_HOSPITAL,,"Recipient is named but the source does not state its organisational form; §8 settled fallback (session 10). §10.2 NON_HOSPITAL: the named recipient is not a hospital (§0.3a -- judged on the recipient, not the activity), and the source does not mention hospitals anywhere in the funded work.","Iowa publishes NO per-recipient amount. The notice's only dollar figure is its CMS footer, and that footer carries the RFP's pool in Iowa's Jan/Feb notices and the STATE ALLOTMENT in its June ones, so it is recorded per document in ia_notice_footers.csv and never attached to a recipient (§0.2, §6.2).",,,Best and Brightest - Medical Equipment,2026-06-18,data/evidence/IA/2026-06-18_ia_noia_phthorc26011_best_and_brightest_medical_equipment.pdf,25
IA,189,Grinnell Regional Medical Center,,HOSPITAL_OR_SYSTEM,Yes,"Published by Iowa HHS as a Notice of Intent to Award, linked from the ""Where to Find Funding Awardees"" section of its Healthy Hometowns page. THE NOTICE PUBLISHES NO AMOUNT FOR ANY RECIPIENT: the only dollar figure it carries is in its CMS financial-assistance footer, whose tier changes between Iowa's February and June notices (§0.2), so no figure is attributed to this row and none is divided (§6.2). It is an INTENT, in the notice's own words: ""this Notice does NOT constitute the formation of a contract ... The bidder shall not acquire any legal or equitable rights relative to the contract services until a contract is executed.""",Yes,No,2026,"Iowa HHS Notice of Intent to Award, RFP #PHTHORC26011 Best and Brightest - Medical Equipment",https://hhs.iowa.gov/media/18885/download?inline,NOTICE_OF_INTENT_TO_AWARD,PARSED_PDF_RUNS,R/03z_ia_year1_awardees.R,,,,,Recipient name rule: name states a medical center.,MEDIUM,AMOUNT_MISSING,PHTHORC26011,BP1 (12/29/2025 - 10/30/2026),DIRECT,Yes,NAMED_HOSPITAL,,Recipient name rule: name states a medical center. §10.2 DIRECT: the named recipient is a hospital or hospital system and the state's award document names both the recipient and the amount.,"Iowa publishes NO per-recipient amount. The notice's only dollar figure is its CMS footer, and that footer carries the RFP's pool in Iowa's Jan/Feb notices and the STATE ALLOTMENT in its June ones, so it is recorded per document in ia_notice_footers.csv and never attached to a recipient (§0.2, §6.2).",,,Best and Brightest - Medical Equipment,2026-06-18,data/evidence/IA/2026-06-18_ia_noia_phthorc26011_best_and_brightest_medical_equipment.pdf,26
IA,190,Southeast Iowa Regional Medical Center,,HOSPITAL_OR_SYSTEM,Yes,"Published by Iowa HHS as a Notice of Intent to Award, linked from the ""Where to Find Funding Awardees"" section of its Healthy Hometowns page. THE NOTICE PUBLISHES NO AMOUNT FOR ANY RECIPIENT: the only dollar figure it carries is in its CMS financial-assistance footer, whose tier changes between Iowa's February and June notices (§0.2), so no figure is attributed to this row and none is divided (§6.2). It is an INTENT, in the notice's own words: ""this Notice does NOT constitute the formation of a contract ... The bidder shall not acquire any legal or equitable rights relative to the contract services until a contract is executed.""",Yes,No,2026,"Iowa HHS Notice of Intent to Award, RFP #PHTHORC26011 Best and Brightest - Medical Equipment",https://hhs.iowa.gov/media/18885/download?inline,NOTICE_OF_INTENT_TO_AWARD,PARSED_PDF_RUNS,R/03z_ia_year1_awardees.R,,,,,Recipient name rule: name states a medical center.,MEDIUM,AMOUNT_MISSING,PHTHORC26011,BP1 (12/29/2025 - 10/30/2026),DIRECT,Yes,NAMED_HOSPITAL,,Recipient name rule: name states a medical center. §10.2 DIRECT: the named recipient is a hospital or hospital system and the state's award document names both the recipient and the amount.,"Iowa publishes NO per-recipient amount. The notice's only dollar figure is its CMS footer, and that footer carries the RFP's pool in Iowa's Jan/Feb notices and the STATE ALLOTMENT in its June ones, so it is recorded per document in ia_notice_footers.csv and never attached to a recipient (§0.2, §6.2).",,,Best and Brightest - Medical Equipment,2026-06-18,data/evidence/IA/2026-06-18_ia_noia_phthorc26011_best_and_brightest_medical_equipment.pdf,27
IA,191,Unity Healthcare dba Trinity Muscatine Hospital,,HOSPITAL_OR_SYSTEM,Yes,"Published by Iowa HHS as a Notice of Intent to Award, linked from the ""Where to Find Funding Awardees"" section of its Healthy Hometowns page. THE NOTICE PUBLISHES NO AMOUNT FOR ANY RECIPIENT: the only dollar figure it carries is in its CMS financial-assistance footer, whose tier changes between Iowa's February and June notices (§0.2), so no figure is attributed to this row and none is divided (§6.2). It is an INTENT, in the notice's own words: ""this Notice does NOT constitute the formation of a contract ... The bidder shall not acquire any legal or equitable rights relative to the contract services until a contract is executed.""",Yes,No,2026,"Iowa HHS Notice of Intent to Award, RFP #PHTHORC26011 Best and Brightest - Medical Equipment",https://hhs.iowa.gov/media/18885/download?inline,NOTICE_OF_INTENT_TO_AWARD,PARSED_PDF_RUNS,R/03z_ia_year1_awardees.R,,,,,Recipient name rule: name states a hospital.,MEDIUM,AMOUNT_MISSING,PHTHORC26011,BP1 (12/29/2025 - 10/30/2026),DIRECT,Yes,NAMED_HOSPITAL,,Recipient name rule: name states a hospital. §10.2 DIRECT: the named recipient is a hospital or hospital system and the state's award document names both the recipient and the amount.,"Iowa publishes NO per-recipient amount. The notice's only dollar figure is its CMS footer, and that footer carries the RFP's pool in Iowa's Jan/Feb notices and the STATE ALLOTMENT in its June ones, so it is recorded per document in ia_notice_footers.csv and never attached to a recipient (§0.2, §6.2).",,,Best and Brightest - Medical Equipment,2026-06-18,data/evidence/IA/2026-06-18_ia_noia_phthorc26011_best_and_brightest_medical_equipment.pdf,28
IA,192,Franklin General Hospital,,HOSPITAL_OR_SYSTEM,Yes,"Published by Iowa HHS as a Notice of Intent to Award, linked from the ""Where to Find Funding Awardees"" section of its Healthy Hometowns page. THE NOTICE PUBLISHES NO AMOUNT FOR ANY RECIPIENT: the only dollar figure it carries is in its CMS financial-assistance footer, whose tier changes between Iowa's February and June notices (§0.2), so no figure is attributed to this row and none is divided (§6.2). It is an INTENT, in the notice's own words: ""this Notice does NOT constitute the formation of a contract ... The bidder shall not acquire any legal or equitable rights relative to the contract services until a contract is executed.""",Yes,No,2026,"Iowa HHS Notice of Intent to Award, RFP #PHTHORC26011 Best and Brightest - Medical Equipment",https://hhs.iowa.gov/media/18885/download?inline,NOTICE_OF_INTENT_TO_AWARD,PARSED_PDF_RUNS,R/03z_ia_year1_awardees.R,,,,,Recipient name rule: name states a hospital.,MEDIUM,AMOUNT_MISSING,PHTHORC26011,BP1 (12/29/2025 - 10/30/2026),DIRECT,Yes,NAMED_HOSPITAL,,Recipient name rule: name states a hospital. §10.2 DIRECT: the named recipient is a hospital or hospital system and the state's award document names both the recipient and the amount.,"Iowa publishes NO per-recipient amount. The notice's only dollar figure is its CMS footer, and that footer carries the RFP's pool in Iowa's Jan/Feb notices and the STATE ALLOTMENT in its June ones, so it is recorded per document in ia_notice_footers.csv and never attached to a recipient (§0.2, §6.2).",,,Best and Brightest - Medical Equipment,2026-06-18,data/evidence/IA/2026-06-18_ia_noia_phthorc26011_best_and_brightest_medical_equipment.pdf,29
IA,193,Regional Medical Center,,HOSPITAL_OR_SYSTEM,Yes,"Published by Iowa HHS as a Notice of Intent to Award, linked from the ""Where to Find Funding Awardees"" section of its Healthy Hometowns page. THE NOTICE PUBLISHES NO AMOUNT FOR ANY RECIPIENT: the only dollar figure it carries is in its CMS financial-assistance footer, whose tier changes between Iowa's February and June notices (§0.2), so no figure is attributed to this row and none is divided (§6.2). It is an INTENT, in the notice's own words: ""this Notice does NOT constitute the formation of a contract ... The bidder shall not acquire any legal or equitable rights relative to the contract services until a contract is executed.""",Yes,No,2026,"Iowa HHS Notice of Intent to Award, RFP #PHTHORC26011 Best and Brightest - Medical Equipment",https://hhs.iowa.gov/media/18885/download?inline,NOTICE_OF_INTENT_TO_AWARD,PARSED_PDF_RUNS,R/03z_ia_year1_awardees.R,,,,,Recipient name rule: name states a medical center.,MEDIUM,AMOUNT_MISSING,PHTHORC26011,BP1 (12/29/2025 - 10/30/2026),DIRECT,Yes,NAMED_HOSPITAL,,Recipient name rule: name states a medical center. §10.2 DIRECT: the named recipient is a hospital or hospital system and the state's award document names both the recipient and the amount.,"Iowa publishes NO per-recipient amount. The notice's only dollar figure is its CMS footer, and that footer carries the RFP's pool in Iowa's Jan/Feb notices and the STATE ALLOTMENT in its June ones, so it is recorded per document in ia_notice_footers.csv and never attached to a recipient (§0.2, §6.2).",,,Best and Brightest - Medical Equipment,2026-06-18,data/evidence/IA/2026-06-18_ia_noia_phthorc26011_best_and_brightest_medical_equipment.pdf,30
IA,194,Hamilton County Hospital dba Van Diest Medical Center,,HOSPITAL_OR_SYSTEM,Yes,"Published by Iowa HHS as a Notice of Intent to Award, linked from the ""Where to Find Funding Awardees"" section of its Healthy Hometowns page. THE NOTICE PUBLISHES NO AMOUNT FOR ANY RECIPIENT: the only dollar figure it carries is in its CMS financial-assistance footer, whose tier changes between Iowa's February and June notices (§0.2), so no figure is attributed to this row and none is divided (§6.2). It is an INTENT, in the notice's own words: ""this Notice does NOT constitute the formation of a contract ... The bidder shall not acquire any legal or equitable rights relative to the contract services until a contract is executed.""",Yes,No,2026,"Iowa HHS Notice of Intent to Award, RFP #PHTHORC26011 Best and Brightest - Medical Equipment",https://hhs.iowa.gov/media/18885/download?inline,NOTICE_OF_INTENT_TO_AWARD,PARSED_PDF_RUNS,R/03z_ia_year1_awardees.R,,,,,Recipient name rule: name states a hospital.,MEDIUM,AMOUNT_MISSING,PHTHORC26011,BP1 (12/29/2025 - 10/30/2026),DIRECT,Yes,NAMED_HOSPITAL,,Recipient name rule: name states a hospital. §10.2 DIRECT: the named recipient is a hospital or hospital system and the state's award document names both the recipient and the amount.,"Iowa publishes NO per-recipient amount. The notice's only dollar figure is its CMS footer, and that footer carries the RFP's pool in Iowa's Jan/Feb notices and the STATE ALLOTMENT in its June ones, so it is recorded per document in ia_notice_footers.csv and never attached to a recipient (§0.2, §6.2).",,,Best and Brightest - Medical Equipment,2026-06-18,data/evidence/IA/2026-06-18_ia_noia_phthorc26011_best_and_brightest_medical_equipment.pdf,31
IA,195,Morning Glory Birth & Wellness,,NONPROFIT_CBO,No,"Published by Iowa HHS as a Notice of Intent to Award, linked from the ""Where to Find Funding Awardees"" section of its Healthy Hometowns page. THE NOTICE PUBLISHES NO AMOUNT FOR ANY RECIPIENT: the only dollar figure it carries is in its CMS financial-assistance footer, whose tier changes between Iowa's February and June notices (§0.2), so no figure is attributed to this row and none is divided (§6.2). It is an INTENT, in the notice's own words: ""this Notice does NOT constitute the formation of a contract ... The bidder shall not acquire any legal or equitable rights relative to the contract services until a contract is executed.""",Yes,No,2026,"Iowa HHS Notice of Intent to Award, RFP #PHTHORC26011 Best and Brightest - Medical Equipment",https://hhs.iowa.gov/media/18885/download?inline,NOTICE_OF_INTENT_TO_AWARD,PARSED_PDF_RUNS,R/03z_ia_year1_awardees.R,,,,,Recipient is named but the source does not state its organisational form; §8 settled fallback (session 10).,LOW,AMOUNT_MISSING;RECIPIENT_TYPE_INFERRED,PHTHORC26011,BP1 (12/29/2025 - 10/30/2026),NON_HOSPITAL,No,NOT_HOSPITAL,,"Recipient is named but the source does not state its organisational form; §8 settled fallback (session 10). §10.2 NON_HOSPITAL: the named recipient is not a hospital (§0.3a -- judged on the recipient, not the activity), and the source does not mention hospitals anywhere in the funded work.","Iowa publishes NO per-recipient amount. The notice's only dollar figure is its CMS footer, and that footer carries the RFP's pool in Iowa's Jan/Feb notices and the STATE ALLOTMENT in its June ones, so it is recorded per document in ia_notice_footers.csv and never attached to a recipient (§0.2, §6.2).",,,Best and Brightest - Medical Equipment,2026-06-18,data/evidence/IA/2026-06-18_ia_noia_phthorc26011_best_and_brightest_medical_equipment.pdf,32
IA,196,Stewart Memorial Community Hospital,,HOSPITAL_OR_SYSTEM,Yes,"Published by Iowa HHS as a Notice of Intent to Award, linked from the ""Where to Find Funding Awardees"" section of its Healthy Hometowns page. THE NOTICE PUBLISHES NO AMOUNT FOR ANY RECIPIENT: the only dollar figure it carries is in its CMS financial-assistance footer, whose tier changes between Iowa's February and June notices (§0.2), so no figure is attributed to this row and none is divided (§6.2). It is an INTENT, in the notice's own words: ""this Notice does NOT constitute the formation of a contract ... The bidder shall not acquire any legal or equitable rights relative to the contract services until a contract is executed.""",Yes,No,2026,"Iowa HHS Notice of Intent to Award, RFP #PHTHORC26011 Best and Brightest - Medical Equipment",https://hhs.iowa.gov/media/18885/download?inline,NOTICE_OF_INTENT_TO_AWARD,PARSED_PDF_RUNS,R/03z_ia_year1_awardees.R,,,,,Recipient name rule: name states a hospital.,MEDIUM,AMOUNT_MISSING,PHTHORC26011,BP1 (12/29/2025 - 10/30/2026),DIRECT,Yes,NAMED_HOSPITAL,,Recipient name rule: name states a hospital. §10.2 DIRECT: the named recipient is a hospital or hospital system and the state's award document names both the recipient and the amount.,"Iowa publishes NO per-recipient amount. The notice's only dollar figure is its CMS footer, and that footer carries the RFP's pool in Iowa's Jan/Feb notices and the STATE ALLOTMENT in its June ones, so it is recorded per document in ia_notice_footers.csv and never attached to a recipient (§0.2, §6.2).",,,Best and Brightest - Medical Equipment,2026-06-18,data/evidence/IA/2026-06-18_ia_noia_phthorc26011_best_and_brightest_medical_equipment.pdf,33
IA,197,"Sanford Health Network –Sioux Falls, SD (Rock Rapids)",,NONPROFIT_CBO,No,"Published by Iowa HHS as a Notice of Intent to Award, linked from the ""Where to Find Funding Awardees"" section of its Healthy Hometowns page. THE NOTICE PUBLISHES NO AMOUNT FOR ANY RECIPIENT: the only dollar figure it carries is in its CMS financial-assistance footer, whose tier changes between Iowa's February and June notices (§0.2), so no figure is attributed to this row and none is divided (§6.2). It is an INTENT, in the notice's own words: ""this Notice does NOT constitute the formation of a contract ... The bidder shall not acquire any legal or equitable rights relative to the contract services until a contract is executed.""",Yes,No,2026,"Iowa HHS Notice of Intent to Award, RFP #PHTHORC26011 Best and Brightest - Medical Equipment",https://hhs.iowa.gov/media/18885/download?inline,NOTICE_OF_INTENT_TO_AWARD,PARSED_PDF_RUNS,R/03z_ia_year1_awardees.R,,,,,Recipient is named but the source does not state its organisational form; §8 settled fallback (session 10).,LOW,AMOUNT_MISSING;RECIPIENT_TYPE_INFERRED,PHTHORC26011,BP1 (12/29/2025 - 10/30/2026),NON_HOSPITAL,No,NOT_HOSPITAL,,"Recipient is named but the source does not state its organisational form; §8 settled fallback (session 10). §10.2 NON_HOSPITAL: the named recipient is not a hospital (§0.3a -- judged on the recipient, not the activity), and the source does not mention hospitals anywhere in the funded work.","Iowa publishes NO per-recipient amount. The notice's only dollar figure is its CMS footer, and that footer carries the RFP's pool in Iowa's Jan/Feb notices and the STATE ALLOTMENT in its June ones, so it is recorded per document in ia_notice_footers.csv and never attached to a recipient (§0.2, §6.2).",,,Best and Brightest - Medical Equipment,2026-06-18,data/evidence/IA/2026-06-18_ia_noia_phthorc26011_best_and_brightest_medical_equipment.pdf,34
IA,198,Whiting Commercial Development Corp.,,NONPROFIT_CBO,No,"Published by Iowa HHS as a Notice of Intent to Award, linked from the ""Where to Find Funding Awardees"" section of its Healthy Hometowns page. THE NOTICE PUBLISHES NO AMOUNT FOR ANY RECIPIENT: the only dollar figure it carries is in its CMS financial-assistance footer, whose tier changes between Iowa's February and June notices (§0.2), so no figure is attributed to this row and none is divided (§6.2). It is an INTENT, in the notice's own words: ""this Notice does NOT constitute the formation of a contract ... The bidder shall not acquire any legal or equitable rights relative to the contract services until a contract is executed.""",Yes,No,2026,"Iowa HHS Notice of Intent to Award, RFP #PHTHORC26011 Best and Brightest - Medical Equipment",https://hhs.iowa.gov/media/18885/download?inline,NOTICE_OF_INTENT_TO_AWARD,PARSED_PDF_RUNS,R/03z_ia_year1_awardees.R,,,,,Recipient is named but the source does not state its organisational form; §8 settled fallback (session 10).,LOW,AMOUNT_MISSING;RECIPIENT_TYPE_INFERRED,PHTHORC26011,BP1 (12/29/2025 - 10/30/2026),NON_HOSPITAL,No,NOT_HOSPITAL,,"Recipient is named but the source does not state its organisational form; §8 settled fallback (session 10). §10.2 NON_HOSPITAL: the named recipient is not a hospital (§0.3a -- judged on the recipient, not the activity), and the source does not mention hospitals anywhere in the funded work.","Iowa publishes NO per-recipient amount. The notice's only dollar figure is its CMS footer, and that footer carries the RFP's pool in Iowa's Jan/Feb notices and the STATE ALLOTMENT in its June ones, so it is recorded per document in ia_notice_footers.csv and never attached to a recipient (§0.2, §6.2).",,,Best and Brightest - Medical Equipment,2026-06-18,data/evidence/IA/2026-06-18_ia_noia_phthorc26011_best_and_brightest_medical_equipment.pdf,35
IA,199,Shenandoah Medical Center,,HOSPITAL_OR_SYSTEM,Yes,"Published by Iowa HHS as a Notice of Intent to Award, linked from the ""Where to Find Funding Awardees"" section of its Healthy Hometowns page. THE NOTICE PUBLISHES NO AMOUNT FOR ANY RECIPIENT: the only dollar figure it carries is in its CMS financial-assistance footer, whose tier changes between Iowa's February and June notices (§0.2), so no figure is attributed to this row and none is divided (§6.2). It is an INTENT, in the notice's own words: ""this Notice does NOT constitute the formation of a contract ... The bidder shall not acquire any legal or equitable rights relative to the contract services until a contract is executed.""",Yes,No,2026,"Iowa HHS Notice of Intent to Award, RFP #PHTHORC26011 Best and Brightest - Medical Equipment",https://hhs.iowa.gov/media/18885/download?inline,NOTICE_OF_INTENT_TO_AWARD,PARSED_PDF_RUNS,R/03z_ia_year1_awardees.R,,,,,Recipient name rule: name states a medical center.,MEDIUM,AMOUNT_MISSING,PHTHORC26011,BP1 (12/29/2025 - 10/30/2026),DIRECT,Yes,NAMED_HOSPITAL,,Recipient name rule: name states a medical center. §10.2 DIRECT: the named recipient is a hospital or hospital system and the state's award document names both the recipient and the amount.,"Iowa publishes NO per-recipient amount. The notice's only dollar figure is its CMS footer, and that footer carries the RFP's pool in Iowa's Jan/Feb notices and the STATE ALLOTMENT in its June ones, so it is recorded per document in ia_notice_footers.csv and never attached to a recipient (§0.2, §6.2).",,,Best and Brightest - Medical Equipment,2026-06-18,data/evidence/IA/2026-06-18_ia_noia_phthorc26011_best_and_brightest_medical_equipment.pdf,36
IA,200,Boone County Hospital,,HOSPITAL_OR_SYSTEM,Yes,"Published by Iowa HHS as a Notice of Intent to Award, linked from the ""Where to Find Funding Awardees"" section of its Healthy Hometowns page. THE NOTICE PUBLISHES NO AMOUNT FOR ANY RECIPIENT: the only dollar figure it carries is in its CMS financial-assistance footer, whose tier changes between Iowa's February and June notices (§0.2), so no figure is attributed to this row and none is divided (§6.2). It is an INTENT, in the notice's own words: ""this Notice does NOT constitute the formation of a contract ... The bidder shall not acquire any legal or equitable rights relative to the contract services until a contract is executed.""",Yes,No,2026,"Iowa HHS Notice of Intent to Award, RFP #PHTHORC26011 Best and Brightest - Medical Equipment",https://hhs.iowa.gov/media/18885/download?inline,NOTICE_OF_INTENT_TO_AWARD,PARSED_PDF_RUNS,R/03z_ia_year1_awardees.R,,,,,Recipient name rule: name states a hospital.,MEDIUM,AMOUNT_MISSING,PHTHORC26011,BP1 (12/29/2025 - 10/30/2026),DIRECT,Yes,NAMED_HOSPITAL,,Recipient name rule: name states a hospital. §10.2 DIRECT: the named recipient is a hospital or hospital system and the state's award document names both the recipient and the amount.,"Iowa publishes NO per-recipient amount. The notice's only dollar figure is its CMS footer, and that footer carries the RFP's pool in Iowa's Jan/Feb notices and the STATE ALLOTMENT in its June ones, so it is recorded per document in ia_notice_footers.csv and never attached to a recipient (§0.2, §6.2).",,,Best and Brightest - Medical Equipment,2026-06-18,data/evidence/IA/2026-06-18_ia_noia_phthorc26011_best_and_brightest_medical_equipment.pdf,37
IA,201,Trinity Regional Medical Center –Ft. Dodge,,HOSPITAL_OR_SYSTEM,Yes,"Published by Iowa HHS as a Notice of Intent to Award, linked from the ""Where to Find Funding Awardees"" section of its Healthy Hometowns page. THE NOTICE PUBLISHES NO AMOUNT FOR ANY RECIPIENT: the only dollar figure it carries is in its CMS financial-assistance footer, whose tier changes between Iowa's February and June notices (§0.2), so no figure is attributed to this row and none is divided (§6.2). It is an INTENT, in the notice's own words: ""this Notice does NOT constitute the formation of a contract ... The bidder shall not acquire any legal or equitable rights relative to the contract services until a contract is executed.""",Yes,No,2026,"Iowa HHS Notice of Intent to Award, RFP #PHTHORC26011 Best and Brightest - Medical Equipment",https://hhs.iowa.gov/media/18885/download?inline,NOTICE_OF_INTENT_TO_AWARD,PARSED_PDF_RUNS,R/03z_ia_year1_awardees.R,,,,,Recipient name rule: name states a medical center.,MEDIUM,AMOUNT_MISSING,PHTHORC26011,BP1 (12/29/2025 - 10/30/2026),DIRECT,Yes,NAMED_HOSPITAL,,Recipient name rule: name states a medical center. §10.2 DIRECT: the named recipient is a hospital or hospital system and the state's award document names both the recipient and the amount.,"Iowa publishes NO per-recipient amount. The notice's only dollar figure is its CMS footer, and that footer carries the RFP's pool in Iowa's Jan/Feb notices and the STATE ALLOTMENT in its June ones, so it is recorded per document in ia_notice_footers.csv and never attached to a recipient (§0.2, §6.2).",,,Best and Brightest - Medical Equipment,2026-06-18,data/evidence/IA/2026-06-18_ia_noia_phthorc26011_best_and_brightest_medical_equipment.pdf,38
IA,202,Loring Hospital,,HOSPITAL_OR_SYSTEM,Yes,"Published by Iowa HHS as a Notice of Intent to Award, linked from the ""Where to Find Funding Awardees"" section of its Healthy Hometowns page. THE NOTICE PUBLISHES NO AMOUNT FOR ANY RECIPIENT: the only dollar figure it carries is in its CMS financial-assistance footer, whose tier changes between Iowa's February and June notices (§0.2), so no figure is attributed to this row and none is divided (§6.2). It is an INTENT, in the notice's own words: ""this Notice does NOT constitute the formation of a contract ... The bidder shall not acquire any legal or equitable rights relative to the contract services until a contract is executed.""",Yes,No,2026,"Iowa HHS Notice of Intent to Award, RFP #PHTHORC26011 Best and Brightest - Medical Equipment",https://hhs.iowa.gov/media/18885/download?inline,NOTICE_OF_INTENT_TO_AWARD,PARSED_PDF_RUNS,R/03z_ia_year1_awardees.R,,,,,Recipient name rule: name states a hospital.,MEDIUM,AMOUNT_MISSING,PHTHORC26011,BP1 (12/29/2025 - 10/30/2026),DIRECT,Yes,NAMED_HOSPITAL,,Recipient name rule: name states a hospital. §10.2 DIRECT: the named recipient is a hospital or hospital system and the state's award document names both the recipient and the amount.,"Iowa publishes NO per-recipient amount. The notice's only dollar figure is its CMS footer, and that footer carries the RFP's pool in Iowa's Jan/Feb notices and the STATE ALLOTMENT in its June ones, so it is recorded per document in ia_notice_footers.csv and never attached to a recipient (§0.2, §6.2).",,,Best and Brightest - Medical Equipment,2026-06-18,data/evidence/IA/2026-06-18_ia_noia_phthorc26011_best_and_brightest_medical_equipment.pdf,39
IA,203,Clarke County Hospital,,HOSPITAL_OR_SYSTEM,Yes,"Published by Iowa HHS as a Notice of Intent to Award, linked from the ""Where to Find Funding Awardees"" section of its Healthy Hometowns page. THE NOTICE PUBLISHES NO AMOUNT FOR ANY RECIPIENT: the only dollar figure it carries is in its CMS financial-assistance footer, whose tier changes between Iowa's February and June notices (§0.2), so no figure is attributed to this row and none is divided (§6.2). It is an INTENT, in the notice's own words: ""this Notice does NOT constitute the formation of a contract ... The bidder shall not acquire any legal or equitable rights relative to the contract services until a contract is executed.""",Yes,No,2026,"Iowa HHS Notice of Intent to Award, RFP #PHTHORC26011 Best and Brightest - Medical Equipment",https://hhs.iowa.gov/media/18885/download?inline,NOTICE_OF_INTENT_TO_AWARD,PARSED_PDF_RUNS,R/03z_ia_year1_awardees.R,,,,,Recipient name rule: name states a hospital.,MEDIUM,AMOUNT_MISSING,PHTHORC26011,BP1 (12/29/2025 - 10/30/2026),DIRECT,Yes,NAMED_HOSPITAL,,Recipient name rule: name states a hospital. §10.2 DIRECT: the named recipient is a hospital or hospital system and the state's award document names both the recipient and the amount.,"Iowa publishes NO per-recipient amount. The notice's only dollar figure is its CMS footer, and that footer carries the RFP's pool in Iowa's Jan/Feb notices and the STATE ALLOTMENT in its June ones, so it is recorded per document in ia_notice_footers.csv and never attached to a recipient (§0.2, §6.2).",,,Best and Brightest - Medical Equipment,2026-06-18,data/evidence/IA/2026-06-18_ia_noia_phthorc26011_best_and_brightest_medical_equipment.pdf,40
IA,204,Hawarden Regional Healthcare dba Hawarden Community Hospital,,HOSPITAL_OR_SYSTEM,Yes,"Published by Iowa HHS as a Notice of Intent to Award, linked from the ""Where to Find Funding Awardees"" section of its Healthy Hometowns page. THE NOTICE PUBLISHES NO AMOUNT FOR ANY RECIPIENT: the only dollar figure it carries is in its CMS financial-assistance footer, whose tier changes between Iowa's February and June notices (§0.2), so no figure is attributed to this row and none is divided (§6.2). It is an INTENT, in the notice's own words: ""this Notice does NOT constitute the formation of a contract ... The bidder shall not acquire any legal or equitable rights relative to the contract services until a contract is executed.""",Yes,No,2026,"Iowa HHS Notice of Intent to Award, RFP #PHTHORC26011 Best and Brightest - Medical Equipment",https://hhs.iowa.gov/media/18885/download?inline,NOTICE_OF_INTENT_TO_AWARD,PARSED_PDF_RUNS,R/03z_ia_year1_awardees.R,,,,,Recipient name rule: name states a hospital.,MEDIUM,AMOUNT_MISSING,PHTHORC26011,BP1 (12/29/2025 - 10/30/2026),DIRECT,Yes,NAMED_HOSPITAL,,Recipient name rule: name states a hospital. §10.2 DIRECT: the named recipient is a hospital or hospital system and the state's award document names both the recipient and the amount.,"Iowa publishes NO per-recipient amount. The notice's only dollar figure is its CMS footer, and that footer carries the RFP's pool in Iowa's Jan/Feb notices and the STATE ALLOTMENT in its June ones, so it is recorded per document in ia_notice_footers.csv and never attached to a recipient (§0.2, §6.2).",,,Best and Brightest - Medical Equipment,2026-06-18,data/evidence/IA/2026-06-18_ia_noia_phthorc26011_best_and_brightest_medical_equipment.pdf,41
IA,205,"Sanford Health Network –Sioux Falls, SD (Sheldon)",,NONPROFIT_CBO,No,"Published by Iowa HHS as a Notice of Intent to Award, linked from the ""Where to Find Funding Awardees"" section of its Healthy Hometowns page. THE NOTICE PUBLISHES NO AMOUNT FOR ANY RECIPIENT: the only dollar figure it carries is in its CMS financial-assistance footer, whose tier changes between Iowa's February and June notices (§0.2), so no figure is attributed to this row and none is divided (§6.2). It is an INTENT, in the notice's own words: ""this Notice does NOT constitute the formation of a contract ... The bidder shall not acquire any legal or equitable rights relative to the contract services until a contract is executed.""",Yes,No,2026,"Iowa HHS Notice of Intent to Award, RFP #PHTHORC26011 Best and Brightest - Medical Equipment",https://hhs.iowa.gov/media/18885/download?inline,NOTICE_OF_INTENT_TO_AWARD,PARSED_PDF_RUNS,R/03z_ia_year1_awardees.R,,,,,Recipient is named but the source does not state its organisational form; §8 settled fallback (session 10).,LOW,AMOUNT_MISSING;RECIPIENT_TYPE_INFERRED,PHTHORC26011,BP1 (12/29/2025 - 10/30/2026),NON_HOSPITAL,No,NOT_HOSPITAL,,"Recipient is named but the source does not state its organisational form; §8 settled fallback (session 10). §10.2 NON_HOSPITAL: the named recipient is not a hospital (§0.3a -- judged on the recipient, not the activity), and the source does not mention hospitals anywhere in the funded work.","Iowa publishes NO per-recipient amount. The notice's only dollar figure is its CMS footer, and that footer carries the RFP's pool in Iowa's Jan/Feb notices and the STATE ALLOTMENT in its June ones, so it is recorded per document in ia_notice_footers.csv and never attached to a recipient (§0.2, §6.2).",,,Best and Brightest - Medical Equipment,2026-06-18,data/evidence/IA/2026-06-18_ia_noia_phthorc26011_best_and_brightest_medical_equipment.pdf,42
IA,206,Ottumwa Regional Health Center,,NONPROFIT_CBO,No,"Published by Iowa HHS as a Notice of Intent to Award, linked from the ""Where to Find Funding Awardees"" section of its Healthy Hometowns page. THE NOTICE PUBLISHES NO AMOUNT FOR ANY RECIPIENT: the only dollar figure it carries is in its CMS financial-assistance footer, whose tier changes between Iowa's February and June notices (§0.2), so no figure is attributed to this row and none is divided (§6.2). It is an INTENT, in the notice's own words: ""this Notice does NOT constitute the formation of a contract ... The bidder shall not acquire any legal or equitable rights relative to the contract services until a contract is executed.""",Yes,No,2026,"Iowa HHS Notice of Intent to Award, RFP #PHTHORC26011 Best and Brightest - Medical Equipment",https://hhs.iowa.gov/media/18885/download?inline,NOTICE_OF_INTENT_TO_AWARD,PARSED_PDF_RUNS,R/03z_ia_year1_awardees.R,,,,,Recipient is named but the source does not state its organisational form; §8 settled fallback (session 10).,LOW,AMOUNT_MISSING;RECIPIENT_TYPE_INFERRED,PHTHORC26011,BP1 (12/29/2025 - 10/30/2026),NON_HOSPITAL,No,NOT_HOSPITAL,,"Recipient is named but the source does not state its organisational form; §8 settled fallback (session 10). §10.2 NON_HOSPITAL: the named recipient is not a hospital (§0.3a -- judged on the recipient, not the activity), and the source does not mention hospitals anywhere in the funded work.","Iowa publishes NO per-recipient amount. The notice's only dollar figure is its CMS footer, and that footer carries the RFP's pool in Iowa's Jan/Feb notices and the STATE ALLOTMENT in its June ones, so it is recorded per document in ia_notice_footers.csv and never attached to a recipient (§0.2, §6.2).",,,Best and Brightest - Medical Equipment,2026-06-18,data/evidence/IA/2026-06-18_ia_noia_phthorc26011_best_and_brightest_medical_equipment.pdf,43
IA,207,"Community Health Center of Fort Dodge, Inc. (Clay County)",,FQHC_OR_RHC,No,"Provider type: Provider Type 1. Published by Iowa HHS as a Notice of Intent to Award, linked from the ""Where to Find Funding Awardees"" section of its Healthy Hometowns page. THE NOTICE PUBLISHES NO AMOUNT FOR ANY RECIPIENT: the only dollar figure it carries is in its CMS financial-assistance footer, whose tier changes between Iowa's February and June notices (§0.2), so no figure is attributed to this row and none is divided (§6.2). It is an INTENT, in the notice's own words: ""this Notice does NOT constitute the formation of a contract ... The bidder shall not acquire any legal or equitable rights relative to the contract services until a contract is executed.""",Yes,No,2026,"Iowa HHS Notice of Intent to Award, RFP #PHTHORC26012 Best and Brightest - Rural Healthcare Workforce Recruitment",https://hhs.iowa.gov/media/18886/download?inline,NOTICE_OF_INTENT_TO_AWARD,PARSED_PDF_RUNS,R/03z_ia_year1_awardees.R,,,,,Recipient name rule: community/primary health center.,MEDIUM,AMOUNT_MISSING,PHTHORC26012,BP1 (12/29/2025 - 10/30/2026),NON_HOSPITAL,No,NOT_HOSPITAL,,"Recipient name rule: community/primary health center. §10.2 NON_HOSPITAL: the named recipient is not a hospital (§0.3a -- judged on the recipient, not the activity), and the source does not mention hospitals anywhere in the funded work.","Iowa publishes NO per-recipient amount. The notice's only dollar figure is its CMS footer, and that footer carries the RFP's pool in Iowa's Jan/Feb notices and the STATE ALLOTMENT in its June ones, so it is recorded per document in ia_notice_footers.csv and never attached to a recipient (§0.2, §6.2).",,Provider Type 1,Best and Brightest - Rural Healthcare Workforce Recruitment,2026-06-18,data/evidence/IA/2026-06-18_ia_noia_phthorc26012_best_and_brightest_rural_healthcare_workforc.pdf,1
IA,208,"Community Health Center of Fort Dodge, Inc. (Clay County)",,FQHC_OR_RHC,No,"Provider type: Provider Type 4. Published by Iowa HHS as a Notice of Intent to Award, linked from the ""Where to Find Funding Awardees"" section of its Healthy Hometowns page. THE NOTICE PUBLISHES NO AMOUNT FOR ANY RECIPIENT: the only dollar figure it carries is in its CMS financial-assistance footer, whose tier changes between Iowa's February and June notices (§0.2), so no figure is attributed to this row and none is divided (§6.2). It is an INTENT, in the notice's own words: ""this Notice does NOT constitute the formation of a contract ... The bidder shall not acquire any legal or equitable rights relative to the contract services until a contract is executed.""",Yes,No,2026,"Iowa HHS Notice of Intent to Award, RFP #PHTHORC26012 Best and Brightest - Rural Healthcare Workforce Recruitment",https://hhs.iowa.gov/media/18886/download?inline,NOTICE_OF_INTENT_TO_AWARD,PARSED_PDF_RUNS,R/03z_ia_year1_awardees.R,,,,,Recipient name rule: community/primary health center.,MEDIUM,AMOUNT_MISSING,PHTHORC26012,BP1 (12/29/2025 - 10/30/2026),NON_HOSPITAL,No,NOT_HOSPITAL,,"Recipient name rule: community/primary health center. §10.2 NON_HOSPITAL: the named recipient is not a hospital (§0.3a -- judged on the recipient, not the activity), and the source does not mention hospitals anywhere in the funded work.","Iowa publishes NO per-recipient amount. The notice's only dollar figure is its CMS footer, and that footer carries the RFP's pool in Iowa's Jan/Feb notices and the STATE ALLOTMENT in its June ones, so it is recorded per document in ia_notice_footers.csv and never attached to a recipient (§0.2, §6.2).",,Provider Type 4,Best and Brightest - Rural Healthcare Workforce Recruitment,2026-06-18,data/evidence/IA/2026-06-18_ia_noia_phthorc26012_best_and_brightest_rural_healthcare_workforc.pdf,2
IA,209,"Community Health Center of Fort Dodge, Inc. (Webster County)",,FQHC_OR_RHC,No,"Provider type: Provider Type 4. Published by Iowa HHS as a Notice of Intent to Award, linked from the ""Where to Find Funding Awardees"" section of its Healthy Hometowns page. THE NOTICE PUBLISHES NO AMOUNT FOR ANY RECIPIENT: the only dollar figure it carries is in its CMS financial-assistance footer, whose tier changes between Iowa's February and June notices (§0.2), so no figure is attributed to this row and none is divided (§6.2). It is an INTENT, in the notice's own words: ""this Notice does NOT constitute the formation of a contract ... The bidder shall not acquire any legal or equitable rights relative to the contract services until a contract is executed.""",Yes,No,2026,"Iowa HHS Notice of Intent to Award, RFP #PHTHORC26012 Best and Brightest - Rural Healthcare Workforce Recruitment",https://hhs.iowa.gov/media/18886/download?inline,NOTICE_OF_INTENT_TO_AWARD,PARSED_PDF_RUNS,R/03z_ia_year1_awardees.R,,,,,Recipient name rule: community/primary health center.,MEDIUM,AMOUNT_MISSING,PHTHORC26012,BP1 (12/29/2025 - 10/30/2026),NON_HOSPITAL,No,NOT_HOSPITAL,,"Recipient name rule: community/primary health center. §10.2 NON_HOSPITAL: the named recipient is not a hospital (§0.3a -- judged on the recipient, not the activity), and the source does not mention hospitals anywhere in the funded work.","Iowa publishes NO per-recipient amount. The notice's only dollar figure is its CMS footer, and that footer carries the RFP's pool in Iowa's Jan/Feb notices and the STATE ALLOTMENT in its June ones, so it is recorded per document in ia_notice_footers.csv and never attached to a recipient (§0.2, §6.2).",,Provider Type 4,Best and Brightest - Rural Healthcare Workforce Recruitment,2026-06-18,data/evidence/IA/2026-06-18_ia_noia_phthorc26012_best_and_brightest_rural_healthcare_workforc.pdf,3
IA,210,Montgomery County Memorial Hospital,,HOSPITAL_OR_SYSTEM,Yes,"Provider type: Provider Type 3. Published by Iowa HHS as a Notice of Intent to Award, linked from the ""Where to Find Funding Awardees"" section of its Healthy Hometowns page. THE NOTICE PUBLISHES NO AMOUNT FOR ANY RECIPIENT: the only dollar figure it carries is in its CMS financial-assistance footer, whose tier changes between Iowa's February and June notices (§0.2), so no figure is attributed to this row and none is divided (§6.2). It is an INTENT, in the notice's own words: ""this Notice does NOT constitute the formation of a contract ... The bidder shall not acquire any legal or equitable rights relative to the contract services until a contract is executed.""",Yes,No,2026,"Iowa HHS Notice of Intent to Award, RFP #PHTHORC26012 Best and Brightest - Rural Healthcare Workforce Recruitment",https://hhs.iowa.gov/media/18886/download?inline,NOTICE_OF_INTENT_TO_AWARD,PARSED_PDF_RUNS,R/03z_ia_year1_awardees.R,,,,,Recipient name rule: name states a hospital.,MEDIUM,AMOUNT_MISSING,PHTHORC26012,BP1 (12/29/2025 - 10/30/2026),DIRECT,Yes,NAMED_HOSPITAL,,Recipient name rule: name states a hospital. §10.2 DIRECT: the named recipient is a hospital or hospital system and the state's award document names both the recipient and the amount.,"Iowa publishes NO per-recipient amount. The notice's only dollar figure is its CMS footer, and that footer carries the RFP's pool in Iowa's Jan/Feb notices and the STATE ALLOTMENT in its June ones, so it is recorded per document in ia_notice_footers.csv and never attached to a recipient (§0.2, §6.2).",,Provider Type 3,Best and Brightest - Rural Healthcare Workforce Recruitment,2026-06-18,data/evidence/IA/2026-06-18_ia_noia_phthorc26012_best_and_brightest_rural_healthcare_workforc.pdf,4
IA,211,Wells Bros Pharmacy Services LLC,,NONPROFIT_CBO,No,"Provider type: Provider Type 3. Published by Iowa HHS as a Notice of Intent to Award, linked from the ""Where to Find Funding Awardees"" section of its Healthy Hometowns page. THE NOTICE PUBLISHES NO AMOUNT FOR ANY RECIPIENT: the only dollar figure it carries is in its CMS financial-assistance footer, whose tier changes between Iowa's February and June notices (§0.2), so no figure is attributed to this row and none is divided (§6.2). It is an INTENT, in the notice's own words: ""this Notice does NOT constitute the formation of a contract ... The bidder shall not acquire any legal or equitable rights relative to the contract services until a contract is executed.""",Yes,No,2026,"Iowa HHS Notice of Intent to Award, RFP #PHTHORC26012 Best and Brightest - Rural Healthcare Workforce Recruitment",https://hhs.iowa.gov/media/18886/download?inline,NOTICE_OF_INTENT_TO_AWARD,PARSED_PDF_RUNS,R/03z_ia_year1_awardees.R,,,,,Recipient is named but the source does not state its organisational form; §8 settled fallback (session 10).,LOW,AMOUNT_MISSING;RECIPIENT_TYPE_INFERRED,PHTHORC26012,BP1 (12/29/2025 - 10/30/2026),NON_HOSPITAL,No,NOT_HOSPITAL,,"Recipient is named but the source does not state its organisational form; §8 settled fallback (session 10). §10.2 NON_HOSPITAL: the named recipient is not a hospital (§0.3a -- judged on the recipient, not the activity), and the source does not mention hospitals anywhere in the funded work.","Iowa publishes NO per-recipient amount. The notice's only dollar figure is its CMS footer, and that footer carries the RFP's pool in Iowa's Jan/Feb notices and the STATE ALLOTMENT in its June ones, so it is recorded per document in ia_notice_footers.csv and never attached to a recipient (§0.2, §6.2).",,Provider Type 3,Best and Brightest - Rural Healthcare Workforce Recruitment,2026-06-18,data/evidence/IA/2026-06-18_ia_noia_phthorc26012_best_and_brightest_rural_healthcare_workforc.pdf,5
IA,212,Greater Sioux Community Health dba Promise Health Center,,NONPROFIT_CBO,No,"Provider type: Provider Type 7. Published by Iowa HHS as a Notice of Intent to Award, linked from the ""Where to Find Funding Awardees"" section of its Healthy Hometowns page. THE NOTICE PUBLISHES NO AMOUNT FOR ANY RECIPIENT: the only dollar figure it carries is in its CMS financial-assistance footer, whose tier changes between Iowa's February and June notices (§0.2), so no figure is attributed to this row and none is divided (§6.2). It is an INTENT, in the notice's own words: ""this Notice does NOT constitute the formation of a contract ... The bidder shall not acquire any legal or equitable rights relative to the contract services until a contract is executed.""",Yes,No,2026,"Iowa HHS Notice of Intent to Award, RFP #PHTHORC26012 Best and Brightest - Rural Healthcare Workforce Recruitment",https://hhs.iowa.gov/media/18886/download?inline,NOTICE_OF_INTENT_TO_AWARD,PARSED_PDF_RUNS,R/03z_ia_year1_awardees.R,,,,,Recipient is named but the source does not state its organisational form; §8 settled fallback (session 10).,LOW,AMOUNT_MISSING;RECIPIENT_TYPE_INFERRED,PHTHORC26012,BP1 (12/29/2025 - 10/30/2026),NON_HOSPITAL,No,NOT_HOSPITAL,,"Recipient is named but the source does not state its organisational form; §8 settled fallback (session 10). §10.2 NON_HOSPITAL: the named recipient is not a hospital (§0.3a -- judged on the recipient, not the activity), and the source does not mention hospitals anywhere in the funded work.","Iowa publishes NO per-recipient amount. The notice's only dollar figure is its CMS footer, and that footer carries the RFP's pool in Iowa's Jan/Feb notices and the STATE ALLOTMENT in its June ones, so it is recorded per document in ia_notice_footers.csv and never attached to a recipient (§0.2, §6.2).",,Provider Type 7,Best and Brightest - Rural Healthcare Workforce Recruitment,2026-06-18,data/evidence/IA/2026-06-18_ia_noia_phthorc26012_best_and_brightest_rural_healthcare_workforc.pdf,6
IA,213,Greater Sioux Community Health dba Promise Health Center,,NONPROFIT_CBO,No,"Provider type: Provider Type 5. Published by Iowa HHS as a Notice of Intent to Award, linked from the ""Where to Find Funding Awardees"" section of its Healthy Hometowns page. THE NOTICE PUBLISHES NO AMOUNT FOR ANY RECIPIENT: the only dollar figure it carries is in its CMS financial-assistance footer, whose tier changes between Iowa's February and June notices (§0.2), so no figure is attributed to this row and none is divided (§6.2). It is an INTENT, in the notice's own words: ""this Notice does NOT constitute the formation of a contract ... The bidder shall not acquire any legal or equitable rights relative to the contract services until a contract is executed.""",Yes,No,2026,"Iowa HHS Notice of Intent to Award, RFP #PHTHORC26012 Best and Brightest - Rural Healthcare Workforce Recruitment",https://hhs.iowa.gov/media/18886/download?inline,NOTICE_OF_INTENT_TO_AWARD,PARSED_PDF_RUNS,R/03z_ia_year1_awardees.R,,,,,Recipient is named but the source does not state its organisational form; §8 settled fallback (session 10).,LOW,AMOUNT_MISSING;RECIPIENT_TYPE_INFERRED,PHTHORC26012,BP1 (12/29/2025 - 10/30/2026),NON_HOSPITAL,No,NOT_HOSPITAL,,"Recipient is named but the source does not state its organisational form; §8 settled fallback (session 10). §10.2 NON_HOSPITAL: the named recipient is not a hospital (§0.3a -- judged on the recipient, not the activity), and the source does not mention hospitals anywhere in the funded work.","Iowa publishes NO per-recipient amount. The notice's only dollar figure is its CMS footer, and that footer carries the RFP's pool in Iowa's Jan/Feb notices and the STATE ALLOTMENT in its June ones, so it is recorded per document in ia_notice_footers.csv and never attached to a recipient (§0.2, §6.2).",,Provider Type 5,Best and Brightest - Rural Healthcare Workforce Recruitment,2026-06-18,data/evidence/IA/2026-06-18_ia_noia_phthorc26012_best_and_brightest_rural_healthcare_workforc.pdf,7
IA,214,Veterans Memorial Hospital,,HOSPITAL_OR_SYSTEM,Yes,"Provider type: Provider Type 2. Published by Iowa HHS as a Notice of Intent to Award, linked from the ""Where to Find Funding Awardees"" section of its Healthy Hometowns page. THE NOTICE PUBLISHES NO AMOUNT FOR ANY RECIPIENT: the only dollar figure it carries is in its CMS financial-assistance footer, whose tier changes between Iowa's February and June notices (§0.2), so no figure is attributed to this row and none is divided (§6.2). It is an INTENT, in the notice's own words: ""this Notice does NOT constitute the formation of a contract ... The bidder shall not acquire any legal or equitable rights relative to the contract services until a contract is executed.""",Yes,No,2026,"Iowa HHS Notice of Intent to Award, RFP #PHTHORC26012 Best and Brightest - Rural Healthcare Workforce Recruitment",https://hhs.iowa.gov/media/18886/download?inline,NOTICE_OF_INTENT_TO_AWARD,PARSED_PDF_RUNS,R/03z_ia_year1_awardees.R,,,,,Recipient name rule: name states a hospital.,MEDIUM,AMOUNT_MISSING,PHTHORC26012,BP1 (12/29/2025 - 10/30/2026),DIRECT,Yes,NAMED_HOSPITAL,,Recipient name rule: name states a hospital. §10.2 DIRECT: the named recipient is a hospital or hospital system and the state's award document names both the recipient and the amount.,"Iowa publishes NO per-recipient amount. The notice's only dollar figure is its CMS footer, and that footer carries the RFP's pool in Iowa's Jan/Feb notices and the STATE ALLOTMENT in its June ones, so it is recorded per document in ia_notice_footers.csv and never attached to a recipient (§0.2, §6.2).",,Provider Type 2,Best and Brightest - Rural Healthcare Workforce Recruitment,2026-06-18,data/evidence/IA/2026-06-18_ia_noia_phthorc26012_best_and_brightest_rural_healthcare_workforc.pdf,8
IA,215,Veterans Memorial Hospital,,HOSPITAL_OR_SYSTEM,Yes,"Provider type: 7. Published by Iowa HHS as a Notice of Intent to Award, linked from the ""Where to Find Funding Awardees"" section of its Healthy Hometowns page. THE NOTICE PUBLISHES NO AMOUNT FOR ANY RECIPIENT: the only dollar figure it carries is in its CMS financial-assistance footer, whose tier changes between Iowa's February and June notices (§0.2), so no figure is attributed to this row and none is divided (§6.2). It is an INTENT, in the notice's own words: ""this Notice does NOT constitute the formation of a contract ... The bidder shall not acquire any legal or equitable rights relative to the contract services until a contract is executed.""",Yes,No,2026,"Iowa HHS Notice of Intent to Award, RFP #PHTHORC26012 Best and Brightest - Rural Healthcare Workforce Recruitment",https://hhs.iowa.gov/media/18886/download?inline,NOTICE_OF_INTENT_TO_AWARD,PARSED_PDF_RUNS,R/03z_ia_year1_awardees.R,,,,,Recipient name rule: name states a hospital.,MEDIUM,AMOUNT_MISSING,PHTHORC26012,BP1 (12/29/2025 - 10/30/2026),DIRECT,Yes,NAMED_HOSPITAL,,Recipient name rule: name states a hospital. §10.2 DIRECT: the named recipient is a hospital or hospital system and the state's award document names both the recipient and the amount.,"Iowa publishes NO per-recipient amount. The notice's only dollar figure is its CMS footer, and that footer carries the RFP's pool in Iowa's Jan/Feb notices and the STATE ALLOTMENT in its June ones, so it is recorded per document in ia_notice_footers.csv and never attached to a recipient (§0.2, §6.2).",,7,Best and Brightest - Rural Healthcare Workforce Recruitment,2026-06-18,data/evidence/IA/2026-06-18_ia_noia_phthorc26012_best_and_brightest_rural_healthcare_workforc.pdf,9
IA,216,Aspire Health & Wellness,,NONPROFIT_CBO,No,"Provider type: Provider Type 2. Published by Iowa HHS as a Notice of Intent to Award, linked from the ""Where to Find Funding Awardees"" section of its Healthy Hometowns page. THE NOTICE PUBLISHES NO AMOUNT FOR ANY RECIPIENT: the only dollar figure it carries is in its CMS financial-assistance footer, whose tier changes between Iowa's February and June notices (§0.2), so no figure is attributed to this row and none is divided (§6.2). It is an INTENT, in the notice's own words: ""this Notice does NOT constitute the formation of a contract ... The bidder shall not acquire any legal or equitable rights relative to the contract services until a contract is executed.""",Yes,No,2026,"Iowa HHS Notice of Intent to Award, RFP #PHTHORC26012 Best and Brightest - Rural Healthcare Workforce Recruitment",https://hhs.iowa.gov/media/18886/download?inline,NOTICE_OF_INTENT_TO_AWARD,PARSED_PDF_RUNS,R/03z_ia_year1_awardees.R,,,,,Recipient is named but the source does not state its organisational form; §8 settled fallback (session 10).,LOW,AMOUNT_MISSING;RECIPIENT_TYPE_INFERRED,PHTHORC26012,BP1 (12/29/2025 - 10/30/2026),NON_HOSPITAL,No,NOT_HOSPITAL,,"Recipient is named but the source does not state its organisational form; §8 settled fallback (session 10). §10.2 NON_HOSPITAL: the named recipient is not a hospital (§0.3a -- judged on the recipient, not the activity), and the source does not mention hospitals anywhere in the funded work.","Iowa publishes NO per-recipient amount. The notice's only dollar figure is its CMS footer, and that footer carries the RFP's pool in Iowa's Jan/Feb notices and the STATE ALLOTMENT in its June ones, so it is recorded per document in ia_notice_footers.csv and never attached to a recipient (§0.2, §6.2).",,Provider Type 2,Best and Brightest - Rural Healthcare Workforce Recruitment,2026-06-18,data/evidence/IA/2026-06-18_ia_noia_phthorc26012_best_and_brightest_rural_healthcare_workforc.pdf,10
IA,217,Montgomery County Memorial Hospital,,HOSPITAL_OR_SYSTEM,Yes,"Provider type: Provider Type 4. Published by Iowa HHS as a Notice of Intent to Award, linked from the ""Where to Find Funding Awardees"" section of its Healthy Hometowns page. THE NOTICE PUBLISHES NO AMOUNT FOR ANY RECIPIENT: the only dollar figure it carries is in its CMS financial-assistance footer, whose tier changes between Iowa's February and June notices (§0.2), so no figure is attributed to this row and none is divided (§6.2). It is an INTENT, in the notice's own words: ""this Notice does NOT constitute the formation of a contract ... The bidder shall not acquire any legal or equitable rights relative to the contract services until a contract is executed.""",Yes,No,2026,"Iowa HHS Notice of Intent to Award, RFP #PHTHORC26012 Best and Brightest - Rural Healthcare Workforce Recruitment",https://hhs.iowa.gov/media/18886/download?inline,NOTICE_OF_INTENT_TO_AWARD,PARSED_PDF_RUNS,R/03z_ia_year1_awardees.R,,,,,Recipient name rule: name states a hospital.,MEDIUM,AMOUNT_MISSING,PHTHORC26012,BP1 (12/29/2025 - 10/30/2026),DIRECT,Yes,NAMED_HOSPITAL,,Recipient name rule: name states a hospital. §10.2 DIRECT: the named recipient is a hospital or hospital system and the state's award document names both the recipient and the amount.,"Iowa publishes NO per-recipient amount. The notice's only dollar figure is its CMS footer, and that footer carries the RFP's pool in Iowa's Jan/Feb notices and the STATE ALLOTMENT in its June ones, so it is recorded per document in ia_notice_footers.csv and never attached to a recipient (§0.2, §6.2).",,Provider Type 4,Best and Brightest - Rural Healthcare Workforce Recruitment,2026-06-18,data/evidence/IA/2026-06-18_ia_noia_phthorc26012_best_and_brightest_rural_healthcare_workforc.pdf,11
IA,218,Marengo Memorial Hospital dba Compass Memorial Healthcare,,HOSPITAL_OR_SYSTEM,Yes,"Provider type: Provider Type 3. Published by Iowa HHS as a Notice of Intent to Award, linked from the ""Where to Find Funding Awardees"" section of its Healthy Hometowns page. THE NOTICE PUBLISHES NO AMOUNT FOR ANY RECIPIENT: the only dollar figure it carries is in its CMS financial-assistance footer, whose tier changes between Iowa's February and June notices (§0.2), so no figure is attributed to this row and none is divided (§6.2). It is an INTENT, in the notice's own words: ""this Notice does NOT constitute the formation of a contract ... The bidder shall not acquire any legal or equitable rights relative to the contract services until a contract is executed.""",Yes,No,2026,"Iowa HHS Notice of Intent to Award, RFP #PHTHORC26012 Best and Brightest - Rural Healthcare Workforce Recruitment",https://hhs.iowa.gov/media/18886/download?inline,NOTICE_OF_INTENT_TO_AWARD,PARSED_PDF_RUNS,R/03z_ia_year1_awardees.R,,,,,Recipient name rule: name states a hospital.,MEDIUM,AMOUNT_MISSING,PHTHORC26012,BP1 (12/29/2025 - 10/30/2026),DIRECT,Yes,NAMED_HOSPITAL,,Recipient name rule: name states a hospital. §10.2 DIRECT: the named recipient is a hospital or hospital system and the state's award document names both the recipient and the amount.,"Iowa publishes NO per-recipient amount. The notice's only dollar figure is its CMS footer, and that footer carries the RFP's pool in Iowa's Jan/Feb notices and the STATE ALLOTMENT in its June ones, so it is recorded per document in ia_notice_footers.csv and never attached to a recipient (§0.2, §6.2).",,Provider Type 3,Best and Brightest - Rural Healthcare Workforce Recruitment,2026-06-18,data/evidence/IA/2026-06-18_ia_noia_phthorc26012_best_and_brightest_rural_healthcare_workforc.pdf,12
IA,219,Marengo Memorial Hospital dba Compass Memorial Healthcare,,HOSPITAL_OR_SYSTEM,Yes,"Provider type: Provider Type 2. Published by Iowa HHS as a Notice of Intent to Award, linked from the ""Where to Find Funding Awardees"" section of its Healthy Hometowns page. THE NOTICE PUBLISHES NO AMOUNT FOR ANY RECIPIENT: the only dollar figure it carries is in its CMS financial-assistance footer, whose tier changes between Iowa's February and June notices (§0.2), so no figure is attributed to this row and none is divided (§6.2). It is an INTENT, in the notice's own words: ""this Notice does NOT constitute the formation of a contract ... The bidder shall not acquire any legal or equitable rights relative to the contract services until a contract is executed.""",Yes,No,2026,"Iowa HHS Notice of Intent to Award, RFP #PHTHORC26012 Best and Brightest - Rural Healthcare Workforce Recruitment",https://hhs.iowa.gov/media/18886/download?inline,NOTICE_OF_INTENT_TO_AWARD,PARSED_PDF_RUNS,R/03z_ia_year1_awardees.R,,,,,Recipient name rule: name states a hospital.,MEDIUM,AMOUNT_MISSING,PHTHORC26012,BP1 (12/29/2025 - 10/30/2026),DIRECT,Yes,NAMED_HOSPITAL,,Recipient name rule: name states a hospital. §10.2 DIRECT: the named recipient is a hospital or hospital system and the state's award document names both the recipient and the amount.,"Iowa publishes NO per-recipient amount. The notice's only dollar figure is its CMS footer, and that footer carries the RFP's pool in Iowa's Jan/Feb notices and the STATE ALLOTMENT in its June ones, so it is recorded per document in ia_notice_footers.csv and never attached to a recipient (§0.2, §6.2).",,Provider Type 2,Best and Brightest - Rural Healthcare Workforce Recruitment,2026-06-18,data/evidence/IA/2026-06-18_ia_noia_phthorc26012_best_and_brightest_rural_healthcare_workforc.pdf,13
IA,220,Buena Vista Regional Medical Center,,HOSPITAL_OR_SYSTEM,Yes,"Provider type: Provider Type 3. Published by Iowa HHS as a Notice of Intent to Award, linked from the ""Where to Find Funding Awardees"" section of its Healthy Hometowns page. THE NOTICE PUBLISHES NO AMOUNT FOR ANY RECIPIENT: the only dollar figure it carries is in its CMS financial-assistance footer, whose tier changes between Iowa's February and June notices (§0.2), so no figure is attributed to this row and none is divided (§6.2). It is an INTENT, in the notice's own words: ""this Notice does NOT constitute the formation of a contract ... The bidder shall not acquire any legal or equitable rights relative to the contract services until a contract is executed.""",Yes,No,2026,"Iowa HHS Notice of Intent to Award, RFP #PHTHORC26012 Best and Brightest - Rural Healthcare Workforce Recruitment",https://hhs.iowa.gov/media/18886/download?inline,NOTICE_OF_INTENT_TO_AWARD,PARSED_PDF_RUNS,R/03z_ia_year1_awardees.R,,,,,Recipient name rule: name states a medical center.,MEDIUM,AMOUNT_MISSING,PHTHORC26012,BP1 (12/29/2025 - 10/30/2026),DIRECT,Yes,NAMED_HOSPITAL,,Recipient name rule: name states a medical center. §10.2 DIRECT: the named recipient is a hospital or hospital system and the state's award document names both the recipient and the amount.,"Iowa publishes NO per-recipient amount. The notice's only dollar figure is its CMS footer, and that footer carries the RFP's pool in Iowa's Jan/Feb notices and the STATE ALLOTMENT in its June ones, so it is recorded per document in ia_notice_footers.csv and never attached to a recipient (§0.2, §6.2).",,Provider Type 3,Best and Brightest - Rural Healthcare Workforce Recruitment,2026-06-18,data/evidence/IA/2026-06-18_ia_noia_phthorc26012_best_and_brightest_rural_healthcare_workforc.pdf,14
IA,221,Palmer Lutheran Health Center,,NONPROFIT_CBO,No,"Provider type: Provider Type 2. Published by Iowa HHS as a Notice of Intent to Award, linked from the ""Where to Find Funding Awardees"" section of its Healthy Hometowns page. THE NOTICE PUBLISHES NO AMOUNT FOR ANY RECIPIENT: the only dollar figure it carries is in its CMS financial-assistance footer, whose tier changes between Iowa's February and June notices (§0.2), so no figure is attributed to this row and none is divided (§6.2). It is an INTENT, in the notice's own words: ""this Notice does NOT constitute the formation of a contract ... The bidder shall not acquire any legal or equitable rights relative to the contract services until a contract is executed.""",Yes,No,2026,"Iowa HHS Notice of Intent to Award, RFP #PHTHORC26012 Best and Brightest - Rural Healthcare Workforce Recruitment",https://hhs.iowa.gov/media/18886/download?inline,NOTICE_OF_INTENT_TO_AWARD,PARSED_PDF_RUNS,R/03z_ia_year1_awardees.R,,,,,Recipient is named but the source does not state its organisational form; §8 settled fallback (session 10).,LOW,AMOUNT_MISSING;RECIPIENT_TYPE_INFERRED,PHTHORC26012,BP1 (12/29/2025 - 10/30/2026),NON_HOSPITAL,No,NOT_HOSPITAL,,"Recipient is named but the source does not state its organisational form; §8 settled fallback (session 10). §10.2 NON_HOSPITAL: the named recipient is not a hospital (§0.3a -- judged on the recipient, not the activity), and the source does not mention hospitals anywhere in the funded work.","Iowa publishes NO per-recipient amount. The notice's only dollar figure is its CMS footer, and that footer carries the RFP's pool in Iowa's Jan/Feb notices and the STATE ALLOTMENT in its June ones, so it is recorded per document in ia_notice_footers.csv and never attached to a recipient (§0.2, §6.2).",,Provider Type 2,Best and Brightest - Rural Healthcare Workforce Recruitment,2026-06-18,data/evidence/IA/2026-06-18_ia_noia_phthorc26012_best_and_brightest_rural_healthcare_workforc.pdf,15
IA,222,MercyOne New Hampton,,NONPROFIT_CBO,No,"Provider type: Provider Type 6. Published by Iowa HHS as a Notice of Intent to Award, linked from the ""Where to Find Funding Awardees"" section of its Healthy Hometowns page. THE NOTICE PUBLISHES NO AMOUNT FOR ANY RECIPIENT: the only dollar figure it carries is in its CMS financial-assistance footer, whose tier changes between Iowa's February and June notices (§0.2), so no figure is attributed to this row and none is divided (§6.2). It is an INTENT, in the notice's own words: ""this Notice does NOT constitute the formation of a contract ... The bidder shall not acquire any legal or equitable rights relative to the contract services until a contract is executed.""",Yes,No,2026,"Iowa HHS Notice of Intent to Award, RFP #PHTHORC26012 Best and Brightest - Rural Healthcare Workforce Recruitment",https://hhs.iowa.gov/media/18886/download?inline,NOTICE_OF_INTENT_TO_AWARD,PARSED_PDF_RUNS,R/03z_ia_year1_awardees.R,,,,,Recipient is named but the source does not state its organisational form; §8 settled fallback (session 10).,LOW,AMOUNT_MISSING;RECIPIENT_TYPE_INFERRED,PHTHORC26012,BP1 (12/29/2025 - 10/30/2026),NON_HOSPITAL,No,NOT_HOSPITAL,,"Recipient is named but the source does not state its organisational form; §8 settled fallback (session 10). §10.2 NON_HOSPITAL: the named recipient is not a hospital (§0.3a -- judged on the recipient, not the activity), and the source does not mention hospitals anywhere in the funded work.","Iowa publishes NO per-recipient amount. The notice's only dollar figure is its CMS footer, and that footer carries the RFP's pool in Iowa's Jan/Feb notices and the STATE ALLOTMENT in its June ones, so it is recorded per document in ia_notice_footers.csv and never attached to a recipient (§0.2, §6.2).",,Provider Type 6,Best and Brightest - Rural Healthcare Workforce Recruitment,2026-06-18,data/evidence/IA/2026-06-18_ia_noia_phthorc26012_best_and_brightest_rural_healthcare_workforc.pdf,16
IA,223,MercyOne New Hampton,,NONPROFIT_CBO,No,"Provider type: Provider Type 2. Published by Iowa HHS as a Notice of Intent to Award, linked from the ""Where to Find Funding Awardees"" section of its Healthy Hometowns page. THE NOTICE PUBLISHES NO AMOUNT FOR ANY RECIPIENT: the only dollar figure it carries is in its CMS financial-assistance footer, whose tier changes between Iowa's February and June notices (§0.2), so no figure is attributed to this row and none is divided (§6.2). It is an INTENT, in the notice's own words: ""this Notice does NOT constitute the formation of a contract ... The bidder shall not acquire any legal or equitable rights relative to the contract services until a contract is executed.""",Yes,No,2026,"Iowa HHS Notice of Intent to Award, RFP #PHTHORC26012 Best and Brightest - Rural Healthcare Workforce Recruitment",https://hhs.iowa.gov/media/18886/download?inline,NOTICE_OF_INTENT_TO_AWARD,PARSED_PDF_RUNS,R/03z_ia_year1_awardees.R,,,,,Recipient is named but the source does not state its organisational form; §8 settled fallback (session 10).,LOW,AMOUNT_MISSING;RECIPIENT_TYPE_INFERRED,PHTHORC26012,BP1 (12/29/2025 - 10/30/2026),NON_HOSPITAL,No,NOT_HOSPITAL,,"Recipient is named but the source does not state its organisational form; §8 settled fallback (session 10). §10.2 NON_HOSPITAL: the named recipient is not a hospital (§0.3a -- judged on the recipient, not the activity), and the source does not mention hospitals anywhere in the funded work.","Iowa publishes NO per-recipient amount. The notice's only dollar figure is its CMS footer, and that footer carries the RFP's pool in Iowa's Jan/Feb notices and the STATE ALLOTMENT in its June ones, so it is recorded per document in ia_notice_footers.csv and never attached to a recipient (§0.2, §6.2).",,Provider Type 2,Best and Brightest - Rural Healthcare Workforce Recruitment,2026-06-18,data/evidence/IA/2026-06-18_ia_noia_phthorc26012_best_and_brightest_rural_healthcare_workforc.pdf,17
IA,224,Belmond Community Hospital,,HOSPITAL_OR_SYSTEM,Yes,"Provider type: Provider Type 7. Published by Iowa HHS as a Notice of Intent to Award, linked from the ""Where to Find Funding Awardees"" section of its Healthy Hometowns page. THE NOTICE PUBLISHES NO AMOUNT FOR ANY RECIPIENT: the only dollar figure it carries is in its CMS financial-assistance footer, whose tier changes between Iowa's February and June notices (§0.2), so no figure is attributed to this row and none is divided (§6.2). It is an INTENT, in the notice's own words: ""this Notice does NOT constitute the formation of a contract ... The bidder shall not acquire any legal or equitable rights relative to the contract services until a contract is executed.""",Yes,No,2026,"Iowa HHS Notice of Intent to Award, RFP #PHTHORC26012 Best and Brightest - Rural Healthcare Workforce Recruitment",https://hhs.iowa.gov/media/18886/download?inline,NOTICE_OF_INTENT_TO_AWARD,PARSED_PDF_RUNS,R/03z_ia_year1_awardees.R,,,,,Recipient name rule: name states a hospital.,MEDIUM,AMOUNT_MISSING,PHTHORC26012,BP1 (12/29/2025 - 10/30/2026),DIRECT,Yes,NAMED_HOSPITAL,,Recipient name rule: name states a hospital. §10.2 DIRECT: the named recipient is a hospital or hospital system and the state's award document names both the recipient and the amount.,"Iowa publishes NO per-recipient amount. The notice's only dollar figure is its CMS footer, and that footer carries the RFP's pool in Iowa's Jan/Feb notices and the STATE ALLOTMENT in its June ones, so it is recorded per document in ia_notice_footers.csv and never attached to a recipient (§0.2, §6.2).",,Provider Type 7,Best and Brightest - Rural Healthcare Workforce Recruitment,2026-06-18,data/evidence/IA/2026-06-18_ia_noia_phthorc26012_best_and_brightest_rural_healthcare_workforc.pdf,18
IA,225,Aspire Health & Wellness,,NONPROFIT_CBO,No,"Provider type: Provider Type 1. Published by Iowa HHS as a Notice of Intent to Award, linked from the ""Where to Find Funding Awardees"" section of its Healthy Hometowns page. THE NOTICE PUBLISHES NO AMOUNT FOR ANY RECIPIENT: the only dollar figure it carries is in its CMS financial-assistance footer, whose tier changes between Iowa's February and June notices (§0.2), so no figure is attributed to this row and none is divided (§6.2). It is an INTENT, in the notice's own words: ""this Notice does NOT constitute the formation of a contract ... The bidder shall not acquire any legal or equitable rights relative to the contract services until a contract is executed.""",Yes,No,2026,"Iowa HHS Notice of Intent to Award, RFP #PHTHORC26012 Best and Brightest - Rural Healthcare Workforce Recruitment",https://hhs.iowa.gov/media/18886/download?inline,NOTICE_OF_INTENT_TO_AWARD,PARSED_PDF_RUNS,R/03z_ia_year1_awardees.R,,,,,Recipient is named but the source does not state its organisational form; §8 settled fallback (session 10).,LOW,AMOUNT_MISSING;RECIPIENT_TYPE_INFERRED,PHTHORC26012,BP1 (12/29/2025 - 10/30/2026),NON_HOSPITAL,No,NOT_HOSPITAL,,"Recipient is named but the source does not state its organisational form; §8 settled fallback (session 10). §10.2 NON_HOSPITAL: the named recipient is not a hospital (§0.3a -- judged on the recipient, not the activity), and the source does not mention hospitals anywhere in the funded work.","Iowa publishes NO per-recipient amount. The notice's only dollar figure is its CMS footer, and that footer carries the RFP's pool in Iowa's Jan/Feb notices and the STATE ALLOTMENT in its June ones, so it is recorded per document in ia_notice_footers.csv and never attached to a recipient (§0.2, §6.2).",,Provider Type 1,Best and Brightest - Rural Healthcare Workforce Recruitment,2026-06-18,data/evidence/IA/2026-06-18_ia_noia_phthorc26012_best_and_brightest_rural_healthcare_workforc.pdf,19
IA,226,Heartland Family Service,,NONPROFIT_CBO,No,"Provider type: 2. Published by Iowa HHS as a Notice of Intent to Award, linked from the ""Where to Find Funding Awardees"" section of its Healthy Hometowns page. THE NOTICE PUBLISHES NO AMOUNT FOR ANY RECIPIENT: the only dollar figure it carries is in its CMS financial-assistance footer, whose tier changes between Iowa's February and June notices (§0.2), so no figure is attributed to this row and none is divided (§6.2). It is an INTENT, in the notice's own words: ""this Notice does NOT constitute the formation of a contract ... The bidder shall not acquire any legal or equitable rights relative to the contract services until a contract is executed.""",Yes,No,2026,"Iowa HHS Notice of Intent to Award, RFP #PHTHORC26012 Best and Brightest - Rural Healthcare Workforce Recruitment",https://hhs.iowa.gov/media/18886/download?inline,NOTICE_OF_INTENT_TO_AWARD,PARSED_PDF_RUNS,R/03z_ia_year1_awardees.R,,,,,Recipient is named but the source does not state its organisational form; §8 settled fallback (session 10).,LOW,AMOUNT_MISSING;RECIPIENT_TYPE_INFERRED,PHTHORC26012,BP1 (12/29/2025 - 10/30/2026),NON_HOSPITAL,No,NOT_HOSPITAL,,"Recipient is named but the source does not state its organisational form; §8 settled fallback (session 10). §10.2 NON_HOSPITAL: the named recipient is not a hospital (§0.3a -- judged on the recipient, not the activity), and the source does not mention hospitals anywhere in the funded work.","Iowa publishes NO per-recipient amount. The notice's only dollar figure is its CMS footer, and that footer carries the RFP's pool in Iowa's Jan/Feb notices and the STATE ALLOTMENT in its June ones, so it is recorded per document in ia_notice_footers.csv and never attached to a recipient (§0.2, §6.2).",,2,Best and Brightest - Rural Healthcare Workforce Recruitment,2026-06-18,data/evidence/IA/2026-06-18_ia_noia_phthorc26012_best_and_brightest_rural_healthcare_workforc.pdf,20
IA,227,Orange City Area Health System,,HOSPITAL_OR_SYSTEM,Yes,"Provider type: Provider Type 1. Published by Iowa HHS as a Notice of Intent to Award, linked from the ""Where to Find Funding Awardees"" section of its Healthy Hometowns page. THE NOTICE PUBLISHES NO AMOUNT FOR ANY RECIPIENT: the only dollar figure it carries is in its CMS financial-assistance footer, whose tier changes between Iowa's February and June notices (§0.2), so no figure is attributed to this row and none is divided (§6.2). It is an INTENT, in the notice's own words: ""this Notice does NOT constitute the formation of a contract ... The bidder shall not acquire any legal or equitable rights relative to the contract services until a contract is executed.""",Yes,No,2026,"Iowa HHS Notice of Intent to Award, RFP #PHTHORC26012 Best and Brightest - Rural Healthcare Workforce Recruitment",https://hhs.iowa.gov/media/18886/download?inline,NOTICE_OF_INTENT_TO_AWARD,PARSED_PDF_RUNS,R/03z_ia_year1_awardees.R,,,,,Recipient name rule: name states a health system.,MEDIUM,AMOUNT_MISSING,PHTHORC26012,BP1 (12/29/2025 - 10/30/2026),DIRECT,Yes,NAMED_HOSPITAL,,Recipient name rule: name states a health system. §10.2 DIRECT: the named recipient is a hospital or hospital system and the state's award document names both the recipient and the amount.,"Iowa publishes NO per-recipient amount. The notice's only dollar figure is its CMS footer, and that footer carries the RFP's pool in Iowa's Jan/Feb notices and the STATE ALLOTMENT in its June ones, so it is recorded per document in ia_notice_footers.csv and never attached to a recipient (§0.2, §6.2).",,Provider Type 1,Best and Brightest - Rural Healthcare Workforce Recruitment,2026-06-18,data/evidence/IA/2026-06-18_ia_noia_phthorc26012_best_and_brightest_rural_healthcare_workforc.pdf,21
IA,228,"Primary Health Care, Inc.",,NONPROFIT_CBO,No,"Provider type: Provider Type 4. Published by Iowa HHS as a Notice of Intent to Award, linked from the ""Where to Find Funding Awardees"" section of its Healthy Hometowns page. THE NOTICE PUBLISHES NO AMOUNT FOR ANY RECIPIENT: the only dollar figure it carries is in its CMS financial-assistance footer, whose tier changes between Iowa's February and June notices (§0.2), so no figure is attributed to this row and none is divided (§6.2). It is an INTENT, in the notice's own words: ""this Notice does NOT constitute the formation of a contract ... The bidder shall not acquire any legal or equitable rights relative to the contract services until a contract is executed.""",Yes,No,2026,"Iowa HHS Notice of Intent to Award, RFP #PHTHORC26012 Best and Brightest - Rural Healthcare Workforce Recruitment",https://hhs.iowa.gov/media/18886/download?inline,NOTICE_OF_INTENT_TO_AWARD,PARSED_PDF_RUNS,R/03z_ia_year1_awardees.R,,,,,Recipient is named but the source does not state its organisational form; §8 settled fallback (session 10).,LOW,AMOUNT_MISSING;RECIPIENT_TYPE_INFERRED,PHTHORC26012,BP1 (12/29/2025 - 10/30/2026),NON_HOSPITAL,No,NOT_HOSPITAL,,"Recipient is named but the source does not state its organisational form; §8 settled fallback (session 10). §10.2 NON_HOSPITAL: the named recipient is not a hospital (§0.3a -- judged on the recipient, not the activity), and the source does not mention hospitals anywhere in the funded work.","Iowa publishes NO per-recipient amount. The notice's only dollar figure is its CMS footer, and that footer carries the RFP's pool in Iowa's Jan/Feb notices and the STATE ALLOTMENT in its June ones, so it is recorded per document in ia_notice_footers.csv and never attached to a recipient (§0.2, §6.2).",,Provider Type 4,Best and Brightest - Rural Healthcare Workforce Recruitment,2026-06-18,data/evidence/IA/2026-06-18_ia_noia_phthorc26012_best_and_brightest_rural_healthcare_workforc.pdf,22
IA,229,Lucas County Health Center,,NONPROFIT_CBO,No,"Provider type: Provider Type 7. Published by Iowa HHS as a Notice of Intent to Award, linked from the ""Where to Find Funding Awardees"" section of its Healthy Hometowns page. THE NOTICE PUBLISHES NO AMOUNT FOR ANY RECIPIENT: the only dollar figure it carries is in its CMS financial-assistance footer, whose tier changes between Iowa's February and June notices (§0.2), so no figure is attributed to this row and none is divided (§6.2). It is an INTENT, in the notice's own words: ""this Notice does NOT constitute the formation of a contract ... The bidder shall not acquire any legal or equitable rights relative to the contract services until a contract is executed.""",Yes,No,2026,"Iowa HHS Notice of Intent to Award, RFP #PHTHORC26012 Best and Brightest - Rural Healthcare Workforce Recruitment",https://hhs.iowa.gov/media/18886/download?inline,NOTICE_OF_INTENT_TO_AWARD,PARSED_PDF_RUNS,R/03z_ia_year1_awardees.R,,,,,Recipient is named but the source does not state its organisational form; §8 settled fallback (session 10).,LOW,AMOUNT_MISSING;RECIPIENT_TYPE_INFERRED,PHTHORC26012,BP1 (12/29/2025 - 10/30/2026),NON_HOSPITAL,No,NOT_HOSPITAL,,"Recipient is named but the source does not state its organisational form; §8 settled fallback (session 10). §10.2 NON_HOSPITAL: the named recipient is not a hospital (§0.3a -- judged on the recipient, not the activity), and the source does not mention hospitals anywhere in the funded work.","Iowa publishes NO per-recipient amount. The notice's only dollar figure is its CMS footer, and that footer carries the RFP's pool in Iowa's Jan/Feb notices and the STATE ALLOTMENT in its June ones, so it is recorded per document in ia_notice_footers.csv and never attached to a recipient (§0.2, §6.2).",,Provider Type 7,Best and Brightest - Rural Healthcare Workforce Recruitment,2026-06-18,data/evidence/IA/2026-06-18_ia_noia_phthorc26012_best_and_brightest_rural_healthcare_workforc.pdf,23
IA,230,Virginia Gay Hospital,,HOSPITAL_OR_SYSTEM,Yes,"Provider type: Provider Type 7. Published by Iowa HHS as a Notice of Intent to Award, linked from the ""Where to Find Funding Awardees"" section of its Healthy Hometowns page. THE NOTICE PUBLISHES NO AMOUNT FOR ANY RECIPIENT: the only dollar figure it carries is in its CMS financial-assistance footer, whose tier changes between Iowa's February and June notices (§0.2), so no figure is attributed to this row and none is divided (§6.2). It is an INTENT, in the notice's own words: ""this Notice does NOT constitute the formation of a contract ... The bidder shall not acquire any legal or equitable rights relative to the contract services until a contract is executed.""",Yes,No,2026,"Iowa HHS Notice of Intent to Award, RFP #PHTHORC26012 Best and Brightest - Rural Healthcare Workforce Recruitment",https://hhs.iowa.gov/media/18886/download?inline,NOTICE_OF_INTENT_TO_AWARD,PARSED_PDF_RUNS,R/03z_ia_year1_awardees.R,,,,,Recipient name rule: name states a hospital.,MEDIUM,AMOUNT_MISSING,PHTHORC26012,BP1 (12/29/2025 - 10/30/2026),DIRECT,Yes,NAMED_HOSPITAL,,Recipient name rule: name states a hospital. §10.2 DIRECT: the named recipient is a hospital or hospital system and the state's award document names both the recipient and the amount.,"Iowa publishes NO per-recipient amount. The notice's only dollar figure is its CMS footer, and that footer carries the RFP's pool in Iowa's Jan/Feb notices and the STATE ALLOTMENT in its June ones, so it is recorded per document in ia_notice_footers.csv and never attached to a recipient (§0.2, §6.2).",,Provider Type 7,Best and Brightest - Rural Healthcare Workforce Recruitment,2026-06-18,data/evidence/IA/2026-06-18_ia_noia_phthorc26012_best_and_brightest_rural_healthcare_workforc.pdf,24
IA,231,Belmond Community Hospital,,HOSPITAL_OR_SYSTEM,Yes,"Provider type: Provider Type 1. Published by Iowa HHS as a Notice of Intent to Award, linked from the ""Where to Find Funding Awardees"" section of its Healthy Hometowns page. THE NOTICE PUBLISHES NO AMOUNT FOR ANY RECIPIENT: the only dollar figure it carries is in its CMS financial-assistance footer, whose tier changes between Iowa's February and June notices (§0.2), so no figure is attributed to this row and none is divided (§6.2). It is an INTENT, in the notice's own words: ""this Notice does NOT constitute the formation of a contract ... The bidder shall not acquire any legal or equitable rights relative to the contract services until a contract is executed.""",Yes,No,2026,"Iowa HHS Notice of Intent to Award, RFP #PHTHORC26012 Best and Brightest - Rural Healthcare Workforce Recruitment",https://hhs.iowa.gov/media/18886/download?inline,NOTICE_OF_INTENT_TO_AWARD,PARSED_PDF_RUNS,R/03z_ia_year1_awardees.R,,,,,Recipient name rule: name states a hospital.,MEDIUM,AMOUNT_MISSING,PHTHORC26012,BP1 (12/29/2025 - 10/30/2026),DIRECT,Yes,NAMED_HOSPITAL,,Recipient name rule: name states a hospital. §10.2 DIRECT: the named recipient is a hospital or hospital system and the state's award document names both the recipient and the amount.,"Iowa publishes NO per-recipient amount. The notice's only dollar figure is its CMS footer, and that footer carries the RFP's pool in Iowa's Jan/Feb notices and the STATE ALLOTMENT in its June ones, so it is recorded per document in ia_notice_footers.csv and never attached to a recipient (§0.2, §6.2).",,Provider Type 1,Best and Brightest - Rural Healthcare Workforce Recruitment,2026-06-18,data/evidence/IA/2026-06-18_ia_noia_phthorc26012_best_and_brightest_rural_healthcare_workforc.pdf,25
IA,232,Ottumwa Regional Health Center,,NONPROFIT_CBO,No,"Provider type: Provider Type 3. Published by Iowa HHS as a Notice of Intent to Award, linked from the ""Where to Find Funding Awardees"" section of its Healthy Hometowns page. THE NOTICE PUBLISHES NO AMOUNT FOR ANY RECIPIENT: the only dollar figure it carries is in its CMS financial-assistance footer, whose tier changes between Iowa's February and June notices (§0.2), so no figure is attributed to this row and none is divided (§6.2). It is an INTENT, in the notice's own words: ""this Notice does NOT constitute the formation of a contract ... The bidder shall not acquire any legal or equitable rights relative to the contract services until a contract is executed.""",Yes,No,2026,"Iowa HHS Notice of Intent to Award, RFP #PHTHORC26012 Best and Brightest - Rural Healthcare Workforce Recruitment",https://hhs.iowa.gov/media/18886/download?inline,NOTICE_OF_INTENT_TO_AWARD,PARSED_PDF_RUNS,R/03z_ia_year1_awardees.R,,,,,Recipient is named but the source does not state its organisational form; §8 settled fallback (session 10).,LOW,AMOUNT_MISSING;RECIPIENT_TYPE_INFERRED,PHTHORC26012,BP1 (12/29/2025 - 10/30/2026),NON_HOSPITAL,No,NOT_HOSPITAL,,"Recipient is named but the source does not state its organisational form; §8 settled fallback (session 10). §10.2 NON_HOSPITAL: the named recipient is not a hospital (§0.3a -- judged on the recipient, not the activity), and the source does not mention hospitals anywhere in the funded work.","Iowa publishes NO per-recipient amount. The notice's only dollar figure is its CMS footer, and that footer carries the RFP's pool in Iowa's Jan/Feb notices and the STATE ALLOTMENT in its June ones, so it is recorded per document in ia_notice_footers.csv and never attached to a recipient (§0.2, §6.2).",,Provider Type 3,Best and Brightest - Rural Healthcare Workforce Recruitment,2026-06-18,data/evidence/IA/2026-06-18_ia_noia_phthorc26012_best_and_brightest_rural_healthcare_workforc.pdf,26
IA,233,"Primary Health Care, Inc.",,NONPROFIT_CBO,No,"Provider type: Provider Type 2. Published by Iowa HHS as a Notice of Intent to Award, linked from the ""Where to Find Funding Awardees"" section of its Healthy Hometowns page. THE NOTICE PUBLISHES NO AMOUNT FOR ANY RECIPIENT: the only dollar figure it carries is in its CMS financial-assistance footer, whose tier changes between Iowa's February and June notices (§0.2), so no figure is attributed to this row and none is divided (§6.2). It is an INTENT, in the notice's own words: ""this Notice does NOT constitute the formation of a contract ... The bidder shall not acquire any legal or equitable rights relative to the contract services until a contract is executed.""",Yes,No,2026,"Iowa HHS Notice of Intent to Award, RFP #PHTHORC26012 Best and Brightest - Rural Healthcare Workforce Recruitment",https://hhs.iowa.gov/media/18886/download?inline,NOTICE_OF_INTENT_TO_AWARD,PARSED_PDF_RUNS,R/03z_ia_year1_awardees.R,,,,,Recipient is named but the source does not state its organisational form; §8 settled fallback (session 10).,LOW,AMOUNT_MISSING;RECIPIENT_TYPE_INFERRED,PHTHORC26012,BP1 (12/29/2025 - 10/30/2026),NON_HOSPITAL,No,NOT_HOSPITAL,,"Recipient is named but the source does not state its organisational form; §8 settled fallback (session 10). §10.2 NON_HOSPITAL: the named recipient is not a hospital (§0.3a -- judged on the recipient, not the activity), and the source does not mention hospitals anywhere in the funded work.","Iowa publishes NO per-recipient amount. The notice's only dollar figure is its CMS footer, and that footer carries the RFP's pool in Iowa's Jan/Feb notices and the STATE ALLOTMENT in its June ones, so it is recorded per document in ia_notice_footers.csv and never attached to a recipient (§0.2, §6.2).",,Provider Type 2,Best and Brightest - Rural Healthcare Workforce Recruitment,2026-06-18,data/evidence/IA/2026-06-18_ia_noia_phthorc26012_best_and_brightest_rural_healthcare_workforc.pdf,27
IA,234,"Community Health Centers of Southeastern Iowa,Inc",,FQHC_OR_RHC,No,"Provider type: Provider Type 4. Published by Iowa HHS as a Notice of Intent to Award, linked from the ""Where to Find Funding Awardees"" section of its Healthy Hometowns page. THE NOTICE PUBLISHES NO AMOUNT FOR ANY RECIPIENT: the only dollar figure it carries is in its CMS financial-assistance footer, whose tier changes between Iowa's February and June notices (§0.2), so no figure is attributed to this row and none is divided (§6.2). It is an INTENT, in the notice's own words: ""this Notice does NOT constitute the formation of a contract ... The bidder shall not acquire any legal or equitable rights relative to the contract services until a contract is executed.""",Yes,No,2026,"Iowa HHS Notice of Intent to Award, RFP #PHTHORC26012 Best and Brightest - Rural Healthcare Workforce Recruitment",https://hhs.iowa.gov/media/18886/download?inline,NOTICE_OF_INTENT_TO_AWARD,PARSED_PDF_RUNS,R/03z_ia_year1_awardees.R,,,,,Recipient name rule: community/primary health center.,MEDIUM,AMOUNT_MISSING,PHTHORC26012,BP1 (12/29/2025 - 10/30/2026),NON_HOSPITAL,No,NOT_HOSPITAL,,"Recipient name rule: community/primary health center. §10.2 NON_HOSPITAL: the named recipient is not a hospital (§0.3a -- judged on the recipient, not the activity), and the source does not mention hospitals anywhere in the funded work.","Iowa publishes NO per-recipient amount. The notice's only dollar figure is its CMS footer, and that footer carries the RFP's pool in Iowa's Jan/Feb notices and the STATE ALLOTMENT in its June ones, so it is recorded per document in ia_notice_footers.csv and never attached to a recipient (§0.2, §6.2).",,Provider Type 4,Best and Brightest - Rural Healthcare Workforce Recruitment,2026-06-18,data/evidence/IA/2026-06-18_ia_noia_phthorc26012_best_and_brightest_rural_healthcare_workforc.pdf,28
IA,235,Belmond Community Hospital,,HOSPITAL_OR_SYSTEM,Yes,"Provider type: Provider Type 3. Published by Iowa HHS as a Notice of Intent to Award, linked from the ""Where to Find Funding Awardees"" section of its Healthy Hometowns page. THE NOTICE PUBLISHES NO AMOUNT FOR ANY RECIPIENT: the only dollar figure it carries is in its CMS financial-assistance footer, whose tier changes between Iowa's February and June notices (§0.2), so no figure is attributed to this row and none is divided (§6.2). It is an INTENT, in the notice's own words: ""this Notice does NOT constitute the formation of a contract ... The bidder shall not acquire any legal or equitable rights relative to the contract services until a contract is executed.""",Yes,No,2026,"Iowa HHS Notice of Intent to Award, RFP #PHTHORC26012 Best and Brightest - Rural Healthcare Workforce Recruitment",https://hhs.iowa.gov/media/18886/download?inline,NOTICE_OF_INTENT_TO_AWARD,PARSED_PDF_RUNS,R/03z_ia_year1_awardees.R,,,,,Recipient name rule: name states a hospital.,MEDIUM,AMOUNT_MISSING,PHTHORC26012,BP1 (12/29/2025 - 10/30/2026),DIRECT,Yes,NAMED_HOSPITAL,,Recipient name rule: name states a hospital. §10.2 DIRECT: the named recipient is a hospital or hospital system and the state's award document names both the recipient and the amount.,"Iowa publishes NO per-recipient amount. The notice's only dollar figure is its CMS footer, and that footer carries the RFP's pool in Iowa's Jan/Feb notices and the STATE ALLOTMENT in its June ones, so it is recorded per document in ia_notice_footers.csv and never attached to a recipient (§0.2, §6.2).",,Provider Type 3,Best and Brightest - Rural Healthcare Workforce Recruitment,2026-06-18,data/evidence/IA/2026-06-18_ia_noia_phthorc26012_best_and_brightest_rural_healthcare_workforc.pdf,29
IA,236,"The Gabrielson Clinic for Women, PLC",,NONPROFIT_CBO,No,"Provider type: Provider Type 1. Published by Iowa HHS as a Notice of Intent to Award, linked from the ""Where to Find Funding Awardees"" section of its Healthy Hometowns page. THE NOTICE PUBLISHES NO AMOUNT FOR ANY RECIPIENT: the only dollar figure it carries is in its CMS financial-assistance footer, whose tier changes between Iowa's February and June notices (§0.2), so no figure is attributed to this row and none is divided (§6.2). It is an INTENT, in the notice's own words: ""this Notice does NOT constitute the formation of a contract ... The bidder shall not acquire any legal or equitable rights relative to the contract services until a contract is executed.""",Yes,No,2026,"Iowa HHS Notice of Intent to Award, RFP #PHTHORC26012 Best and Brightest - Rural Healthcare Workforce Recruitment",https://hhs.iowa.gov/media/18886/download?inline,NOTICE_OF_INTENT_TO_AWARD,PARSED_PDF_RUNS,R/03z_ia_year1_awardees.R,,,,,Recipient is named but the source does not state its organisational form; §8 settled fallback (session 10).,LOW,AMOUNT_MISSING;RECIPIENT_TYPE_INFERRED,PHTHORC26012,BP1 (12/29/2025 - 10/30/2026),NON_HOSPITAL,No,NOT_HOSPITAL,,"Recipient is named but the source does not state its organisational form; §8 settled fallback (session 10). §10.2 NON_HOSPITAL: the named recipient is not a hospital (§0.3a -- judged on the recipient, not the activity), and the source does not mention hospitals anywhere in the funded work.","Iowa publishes NO per-recipient amount. The notice's only dollar figure is its CMS footer, and that footer carries the RFP's pool in Iowa's Jan/Feb notices and the STATE ALLOTMENT in its June ones, so it is recorded per document in ia_notice_footers.csv and never attached to a recipient (§0.2, §6.2).",,Provider Type 1,Best and Brightest - Rural Healthcare Workforce Recruitment,2026-06-18,data/evidence/IA/2026-06-18_ia_noia_phthorc26012_best_and_brightest_rural_healthcare_workforc.pdf,30
IA,237,MercyOne Oelwein Medical Center,,HOSPITAL_OR_SYSTEM,Yes,"Provider type: Provider Type 2. Published by Iowa HHS as a Notice of Intent to Award, linked from the ""Where to Find Funding Awardees"" section of its Healthy Hometowns page. THE NOTICE PUBLISHES NO AMOUNT FOR ANY RECIPIENT: the only dollar figure it carries is in its CMS financial-assistance footer, whose tier changes between Iowa's February and June notices (§0.2), so no figure is attributed to this row and none is divided (§6.2). It is an INTENT, in the notice's own words: ""this Notice does NOT constitute the formation of a contract ... The bidder shall not acquire any legal or equitable rights relative to the contract services until a contract is executed.""",Yes,No,2026,"Iowa HHS Notice of Intent to Award, RFP #PHTHORC26012 Best and Brightest - Rural Healthcare Workforce Recruitment",https://hhs.iowa.gov/media/18886/download?inline,NOTICE_OF_INTENT_TO_AWARD,PARSED_PDF_RUNS,R/03z_ia_year1_awardees.R,,,,,Recipient name rule: name states a medical center.,MEDIUM,AMOUNT_MISSING,PHTHORC26012,BP1 (12/29/2025 - 10/30/2026),DIRECT,Yes,NAMED_HOSPITAL,,Recipient name rule: name states a medical center. §10.2 DIRECT: the named recipient is a hospital or hospital system and the state's award document names both the recipient and the amount.,"Iowa publishes NO per-recipient amount. The notice's only dollar figure is its CMS footer, and that footer carries the RFP's pool in Iowa's Jan/Feb notices and the STATE ALLOTMENT in its June ones, so it is recorded per document in ia_notice_footers.csv and never attached to a recipient (§0.2, §6.2).",,Provider Type 2,Best and Brightest - Rural Healthcare Workforce Recruitment,2026-06-18,data/evidence/IA/2026-06-18_ia_noia_phthorc26012_best_and_brightest_rural_healthcare_workforc.pdf,31
IA,238,Heartland Family Service,,NONPROFIT_CBO,No,"Provider type: Provider Type 2. Published by Iowa HHS as a Notice of Intent to Award, linked from the ""Where to Find Funding Awardees"" section of its Healthy Hometowns page. THE NOTICE PUBLISHES NO AMOUNT FOR ANY RECIPIENT: the only dollar figure it carries is in its CMS financial-assistance footer, whose tier changes between Iowa's February and June notices (§0.2), so no figure is attributed to this row and none is divided (§6.2). It is an INTENT, in the notice's own words: ""this Notice does NOT constitute the formation of a contract ... The bidder shall not acquire any legal or equitable rights relative to the contract services until a contract is executed.""",Yes,No,2026,"Iowa HHS Notice of Intent to Award, RFP #PHTHORC26012 Best and Brightest - Rural Healthcare Workforce Recruitment",https://hhs.iowa.gov/media/18886/download?inline,NOTICE_OF_INTENT_TO_AWARD,PARSED_PDF_RUNS,R/03z_ia_year1_awardees.R,,,,,Recipient is named but the source does not state its organisational form; §8 settled fallback (session 10).,LOW,AMOUNT_MISSING;RECIPIENT_TYPE_INFERRED,PHTHORC26012,BP1 (12/29/2025 - 10/30/2026),NON_HOSPITAL,No,NOT_HOSPITAL,,"Recipient is named but the source does not state its organisational form; §8 settled fallback (session 10). §10.2 NON_HOSPITAL: the named recipient is not a hospital (§0.3a -- judged on the recipient, not the activity), and the source does not mention hospitals anywhere in the funded work.","Iowa publishes NO per-recipient amount. The notice's only dollar figure is its CMS footer, and that footer carries the RFP's pool in Iowa's Jan/Feb notices and the STATE ALLOTMENT in its June ones, so it is recorded per document in ia_notice_footers.csv and never attached to a recipient (§0.2, §6.2).",,Provider Type 2,Best and Brightest - Rural Healthcare Workforce Recruitment,2026-06-18,data/evidence/IA/2026-06-18_ia_noia_phthorc26012_best_and_brightest_rural_healthcare_workforc.pdf,32
IA,239,Knoxville Hospital & Clinics,,HOSPITAL_OR_SYSTEM,Yes,"Provider type: Provider Type 2. Published by Iowa HHS as a Notice of Intent to Award, linked from the ""Where to Find Funding Awardees"" section of its Healthy Hometowns page. THE NOTICE PUBLISHES NO AMOUNT FOR ANY RECIPIENT: the only dollar figure it carries is in its CMS financial-assistance footer, whose tier changes between Iowa's February and June notices (§0.2), so no figure is attributed to this row and none is divided (§6.2). It is an INTENT, in the notice's own words: ""this Notice does NOT constitute the formation of a contract ... The bidder shall not acquire any legal or equitable rights relative to the contract services until a contract is executed.""",Yes,No,2026,"Iowa HHS Notice of Intent to Award, RFP #PHTHORC26012 Best and Brightest - Rural Healthcare Workforce Recruitment",https://hhs.iowa.gov/media/18886/download?inline,NOTICE_OF_INTENT_TO_AWARD,PARSED_PDF_RUNS,R/03z_ia_year1_awardees.R,,,,,Recipient name rule: name states a hospital.,MEDIUM,AMOUNT_MISSING,PHTHORC26012,BP1 (12/29/2025 - 10/30/2026),DIRECT,Yes,NAMED_HOSPITAL,,Recipient name rule: name states a hospital. §10.2 DIRECT: the named recipient is a hospital or hospital system and the state's award document names both the recipient and the amount.,"Iowa publishes NO per-recipient amount. The notice's only dollar figure is its CMS footer, and that footer carries the RFP's pool in Iowa's Jan/Feb notices and the STATE ALLOTMENT in its June ones, so it is recorded per document in ia_notice_footers.csv and never attached to a recipient (§0.2, §6.2).",,Provider Type 2,Best and Brightest - Rural Healthcare Workforce Recruitment,2026-06-18,data/evidence/IA/2026-06-18_ia_noia_phthorc26012_best_and_brightest_rural_healthcare_workforc.pdf,33
IA,240,Shelby County Chris A Myrtue Memorial Hospital dba Mrytue Medical Center,,HOSPITAL_OR_SYSTEM,Yes,"Provider type: Provider Type 7. Published by Iowa HHS as a Notice of Intent to Award, linked from the ""Where to Find Funding Awardees"" section of its Healthy Hometowns page. THE NOTICE PUBLISHES NO AMOUNT FOR ANY RECIPIENT: the only dollar figure it carries is in its CMS financial-assistance footer, whose tier changes between Iowa's February and June notices (§0.2), so no figure is attributed to this row and none is divided (§6.2). It is an INTENT, in the notice's own words: ""this Notice does NOT constitute the formation of a contract ... The bidder shall not acquire any legal or equitable rights relative to the contract services until a contract is executed.""",Yes,No,2026,"Iowa HHS Notice of Intent to Award, RFP #PHTHORC26012 Best and Brightest - Rural Healthcare Workforce Recruitment",https://hhs.iowa.gov/media/18886/download?inline,NOTICE_OF_INTENT_TO_AWARD,PARSED_PDF_RUNS,R/03z_ia_year1_awardees.R,,,,,Recipient name rule: name states a hospital.,MEDIUM,AMOUNT_MISSING,PHTHORC26012,BP1 (12/29/2025 - 10/30/2026),DIRECT,Yes,NAMED_HOSPITAL,,Recipient name rule: name states a hospital. §10.2 DIRECT: the named recipient is a hospital or hospital system and the state's award document names both the recipient and the amount.,"Iowa publishes NO per-recipient amount. The notice's only dollar figure is its CMS footer, and that footer carries the RFP's pool in Iowa's Jan/Feb notices and the STATE ALLOTMENT in its June ones, so it is recorded per document in ia_notice_footers.csv and never attached to a recipient (§0.2, §6.2).",,Provider Type 7,Best and Brightest - Rural Healthcare Workforce Recruitment,2026-06-18,data/evidence/IA/2026-06-18_ia_noia_phthorc26012_best_and_brightest_rural_healthcare_workforc.pdf,34
IA,241,Lakes Regional Healthcare,,NONPROFIT_CBO,No,"Provider type: Provider Type 1. Published by Iowa HHS as a Notice of Intent to Award, linked from the ""Where to Find Funding Awardees"" section of its Healthy Hometowns page. THE NOTICE PUBLISHES NO AMOUNT FOR ANY RECIPIENT: the only dollar figure it carries is in its CMS financial-assistance footer, whose tier changes between Iowa's February and June notices (§0.2), so no figure is attributed to this row and none is divided (§6.2). It is an INTENT, in the notice's own words: ""this Notice does NOT constitute the formation of a contract ... The bidder shall not acquire any legal or equitable rights relative to the contract services until a contract is executed.""",Yes,No,2026,"Iowa HHS Notice of Intent to Award, RFP #PHTHORC26012 Best and Brightest - Rural Healthcare Workforce Recruitment",https://hhs.iowa.gov/media/18886/download?inline,NOTICE_OF_INTENT_TO_AWARD,PARSED_PDF_RUNS,R/03z_ia_year1_awardees.R,,,,,Recipient is named but the source does not state its organisational form; §8 settled fallback (session 10).,LOW,AMOUNT_MISSING;RECIPIENT_TYPE_INFERRED,PHTHORC26012,BP1 (12/29/2025 - 10/30/2026),NON_HOSPITAL,No,NOT_HOSPITAL,,"Recipient is named but the source does not state its organisational form; §8 settled fallback (session 10). §10.2 NON_HOSPITAL: the named recipient is not a hospital (§0.3a -- judged on the recipient, not the activity), and the source does not mention hospitals anywhere in the funded work.","Iowa publishes NO per-recipient amount. The notice's only dollar figure is its CMS footer, and that footer carries the RFP's pool in Iowa's Jan/Feb notices and the STATE ALLOTMENT in its June ones, so it is recorded per document in ia_notice_footers.csv and never attached to a recipient (§0.2, §6.2).",,Provider Type 1,Best and Brightest - Rural Healthcare Workforce Recruitment,2026-06-18,data/evidence/IA/2026-06-18_ia_noia_phthorc26012_best_and_brightest_rural_healthcare_workforc.pdf,35
IA,242,Iowa Specialty Hospital -Clarion,,HOSPITAL_OR_SYSTEM,Yes,"Provider type: Provider Type 6. Published by Iowa HHS as a Notice of Intent to Award, linked from the ""Where to Find Funding Awardees"" section of its Healthy Hometowns page. THE NOTICE PUBLISHES NO AMOUNT FOR ANY RECIPIENT: the only dollar figure it carries is in its CMS financial-assistance footer, whose tier changes between Iowa's February and June notices (§0.2), so no figure is attributed to this row and none is divided (§6.2). It is an INTENT, in the notice's own words: ""this Notice does NOT constitute the formation of a contract ... The bidder shall not acquire any legal or equitable rights relative to the contract services until a contract is executed.""",Yes,No,2026,"Iowa HHS Notice of Intent to Award, RFP #PHTHORC26012 Best and Brightest - Rural Healthcare Workforce Recruitment",https://hhs.iowa.gov/media/18886/download?inline,NOTICE_OF_INTENT_TO_AWARD,PARSED_PDF_RUNS,R/03z_ia_year1_awardees.R,,,,,Recipient name rule: name states a hospital.,MEDIUM,AMOUNT_MISSING,PHTHORC26012,BP1 (12/29/2025 - 10/30/2026),DIRECT,Yes,NAMED_HOSPITAL,,Recipient name rule: name states a hospital. §10.2 DIRECT: the named recipient is a hospital or hospital system and the state's award document names both the recipient and the amount.,"Iowa publishes NO per-recipient amount. The notice's only dollar figure is its CMS footer, and that footer carries the RFP's pool in Iowa's Jan/Feb notices and the STATE ALLOTMENT in its June ones, so it is recorded per document in ia_notice_footers.csv and never attached to a recipient (§0.2, §6.2).",,Provider Type 6,Best and Brightest - Rural Healthcare Workforce Recruitment,2026-06-18,data/evidence/IA/2026-06-18_ia_noia_phthorc26012_best_and_brightest_rural_healthcare_workforc.pdf,36
IA,243,"Mercy Health Services -Iowa, Corp",,NONPROFIT_CBO,No,"Provider type: Provider Type 2. Published by Iowa HHS as a Notice of Intent to Award, linked from the ""Where to Find Funding Awardees"" section of its Healthy Hometowns page. THE NOTICE PUBLISHES NO AMOUNT FOR ANY RECIPIENT: the only dollar figure it carries is in its CMS financial-assistance footer, whose tier changes between Iowa's February and June notices (§0.2), so no figure is attributed to this row and none is divided (§6.2). It is an INTENT, in the notice's own words: ""this Notice does NOT constitute the formation of a contract ... The bidder shall not acquire any legal or equitable rights relative to the contract services until a contract is executed.""",Yes,No,2026,"Iowa HHS Notice of Intent to Award, RFP #PHTHORC26012 Best and Brightest - Rural Healthcare Workforce Recruitment",https://hhs.iowa.gov/media/18886/download?inline,NOTICE_OF_INTENT_TO_AWARD,PARSED_PDF_RUNS,R/03z_ia_year1_awardees.R,,,,,Recipient is named but the source does not state its organisational form; §8 settled fallback (session 10).,LOW,AMOUNT_MISSING;RECIPIENT_TYPE_INFERRED,PHTHORC26012,BP1 (12/29/2025 - 10/30/2026),NON_HOSPITAL,No,NOT_HOSPITAL,,"Recipient is named but the source does not state its organisational form; §8 settled fallback (session 10). §10.2 NON_HOSPITAL: the named recipient is not a hospital (§0.3a -- judged on the recipient, not the activity), and the source does not mention hospitals anywhere in the funded work.","Iowa publishes NO per-recipient amount. The notice's only dollar figure is its CMS footer, and that footer carries the RFP's pool in Iowa's Jan/Feb notices and the STATE ALLOTMENT in its June ones, so it is recorded per document in ia_notice_footers.csv and never attached to a recipient (§0.2, §6.2).",,Provider Type 2,Best and Brightest - Rural Healthcare Workforce Recruitment,2026-06-18,data/evidence/IA/2026-06-18_ia_noia_phthorc26012_best_and_brightest_rural_healthcare_workforc.pdf,37
IA,244,MercyOne Elkader Medical Center,,HOSPITAL_OR_SYSTEM,Yes,"Provider type: Provider Type 2. Published by Iowa HHS as a Notice of Intent to Award, linked from the ""Where to Find Funding Awardees"" section of its Healthy Hometowns page. THE NOTICE PUBLISHES NO AMOUNT FOR ANY RECIPIENT: the only dollar figure it carries is in its CMS financial-assistance footer, whose tier changes between Iowa's February and June notices (§0.2), so no figure is attributed to this row and none is divided (§6.2). It is an INTENT, in the notice's own words: ""this Notice does NOT constitute the formation of a contract ... The bidder shall not acquire any legal or equitable rights relative to the contract services until a contract is executed.""",Yes,No,2026,"Iowa HHS Notice of Intent to Award, RFP #PHTHORC26012 Best and Brightest - Rural Healthcare Workforce Recruitment",https://hhs.iowa.gov/media/18886/download?inline,NOTICE_OF_INTENT_TO_AWARD,PARSED_PDF_RUNS,R/03z_ia_year1_awardees.R,,,,,Recipient name rule: name states a medical center.,MEDIUM,AMOUNT_MISSING,PHTHORC26012,BP1 (12/29/2025 - 10/30/2026),DIRECT,Yes,NAMED_HOSPITAL,,Recipient name rule: name states a medical center. §10.2 DIRECT: the named recipient is a hospital or hospital system and the state's award document names both the recipient and the amount.,"Iowa publishes NO per-recipient amount. The notice's only dollar figure is its CMS footer, and that footer carries the RFP's pool in Iowa's Jan/Feb notices and the STATE ALLOTMENT in its June ones, so it is recorded per document in ia_notice_footers.csv and never attached to a recipient (§0.2, §6.2).",,Provider Type 2,Best and Brightest - Rural Healthcare Workforce Recruitment,2026-06-18,data/evidence/IA/2026-06-18_ia_noia_phthorc26012_best_and_brightest_rural_healthcare_workforc.pdf,38
IA,245,Audubon County Memorial Hospita,,NONPROFIT_CBO,No,"Provider type: Provider Type 2. Published by Iowa HHS as a Notice of Intent to Award, linked from the ""Where to Find Funding Awardees"" section of its Healthy Hometowns page. THE NOTICE PUBLISHES NO AMOUNT FOR ANY RECIPIENT: the only dollar figure it carries is in its CMS financial-assistance footer, whose tier changes between Iowa's February and June notices (§0.2), so no figure is attributed to this row and none is divided (§6.2). It is an INTENT, in the notice's own words: ""this Notice does NOT constitute the formation of a contract ... The bidder shall not acquire any legal or equitable rights relative to the contract services until a contract is executed.""",Yes,No,2026,"Iowa HHS Notice of Intent to Award, RFP #PHTHORC26012 Best and Brightest - Rural Healthcare Workforce Recruitment",https://hhs.iowa.gov/media/18886/download?inline,NOTICE_OF_INTENT_TO_AWARD,PARSED_PDF_RUNS,R/03z_ia_year1_awardees.R,,,,,Recipient is named but the source does not state its organisational form; §8 settled fallback (session 10).,LOW,AMOUNT_MISSING;RECIPIENT_TYPE_INFERRED,PHTHORC26012,BP1 (12/29/2025 - 10/30/2026),NON_HOSPITAL,No,NOT_HOSPITAL,,"Recipient is named but the source does not state its organisational form; §8 settled fallback (session 10). §10.2 NON_HOSPITAL: the named recipient is not a hospital (§0.3a -- judged on the recipient, not the activity), and the source does not mention hospitals anywhere in the funded work.","Iowa publishes NO per-recipient amount. The notice's only dollar figure is its CMS footer, and that footer carries the RFP's pool in Iowa's Jan/Feb notices and the STATE ALLOTMENT in its June ones, so it is recorded per document in ia_notice_footers.csv and never attached to a recipient (§0.2, §6.2).",,Provider Type 2,Best and Brightest - Rural Healthcare Workforce Recruitment,2026-06-18,data/evidence/IA/2026-06-18_ia_noia_phthorc26012_best_and_brightest_rural_healthcare_workforc.pdf,39
IA,246,Knoxville Hospital & Clinics,,HOSPITAL_OR_SYSTEM,Yes,"Provider type: Provider Type 7. Published by Iowa HHS as a Notice of Intent to Award, linked from the ""Where to Find Funding Awardees"" section of its Healthy Hometowns page. THE NOTICE PUBLISHES NO AMOUNT FOR ANY RECIPIENT: the only dollar figure it carries is in its CMS financial-assistance footer, whose tier changes between Iowa's February and June notices (§0.2), so no figure is attributed to this row and none is divided (§6.2). It is an INTENT, in the notice's own words: ""this Notice does NOT constitute the formation of a contract ... The bidder shall not acquire any legal or equitable rights relative to the contract services until a contract is executed.""",Yes,No,2026,"Iowa HHS Notice of Intent to Award, RFP #PHTHORC26012 Best and Brightest - Rural Healthcare Workforce Recruitment",https://hhs.iowa.gov/media/18886/download?inline,NOTICE_OF_INTENT_TO_AWARD,PARSED_PDF_RUNS,R/03z_ia_year1_awardees.R,,,,,Recipient name rule: name states a hospital.,MEDIUM,AMOUNT_MISSING,PHTHORC26012,BP1 (12/29/2025 - 10/30/2026),DIRECT,Yes,NAMED_HOSPITAL,,Recipient name rule: name states a hospital. §10.2 DIRECT: the named recipient is a hospital or hospital system and the state's award document names both the recipient and the amount.,"Iowa publishes NO per-recipient amount. The notice's only dollar figure is its CMS footer, and that footer carries the RFP's pool in Iowa's Jan/Feb notices and the STATE ALLOTMENT in its June ones, so it is recorded per document in ia_notice_footers.csv and never attached to a recipient (§0.2, §6.2).",,Provider Type 7,Best and Brightest - Rural Healthcare Workforce Recruitment,2026-06-18,data/evidence/IA/2026-06-18_ia_noia_phthorc26012_best_and_brightest_rural_healthcare_workforc.pdf,40
IA,247,MercyOne Newton Medical Center,,HOSPITAL_OR_SYSTEM,Yes,"Provider type: Provider Type 2. Published by Iowa HHS as a Notice of Intent to Award, linked from the ""Where to Find Funding Awardees"" section of its Healthy Hometowns page. THE NOTICE PUBLISHES NO AMOUNT FOR ANY RECIPIENT: the only dollar figure it carries is in its CMS financial-assistance footer, whose tier changes between Iowa's February and June notices (§0.2), so no figure is attributed to this row and none is divided (§6.2). It is an INTENT, in the notice's own words: ""this Notice does NOT constitute the formation of a contract ... The bidder shall not acquire any legal or equitable rights relative to the contract services until a contract is executed.""",Yes,No,2026,"Iowa HHS Notice of Intent to Award, RFP #PHTHORC26012 Best and Brightest - Rural Healthcare Workforce Recruitment",https://hhs.iowa.gov/media/18886/download?inline,NOTICE_OF_INTENT_TO_AWARD,PARSED_PDF_RUNS,R/03z_ia_year1_awardees.R,,,,,Recipient name rule: name states a medical center.,MEDIUM,AMOUNT_MISSING,PHTHORC26012,BP1 (12/29/2025 - 10/30/2026),DIRECT,Yes,NAMED_HOSPITAL,,Recipient name rule: name states a medical center. §10.2 DIRECT: the named recipient is a hospital or hospital system and the state's award document names both the recipient and the amount.,"Iowa publishes NO per-recipient amount. The notice's only dollar figure is its CMS footer, and that footer carries the RFP's pool in Iowa's Jan/Feb notices and the STATE ALLOTMENT in its June ones, so it is recorded per document in ia_notice_footers.csv and never attached to a recipient (§0.2, §6.2).",,Provider Type 2,Best and Brightest - Rural Healthcare Workforce Recruitment,2026-06-18,data/evidence/IA/2026-06-18_ia_noia_phthorc26012_best_and_brightest_rural_healthcare_workforc.pdf,41
IA,248,Clarke County Hospital,,HOSPITAL_OR_SYSTEM,Yes,"Provider type: Provider Type 2. Published by Iowa HHS as a Notice of Intent to Award, linked from the ""Where to Find Funding Awardees"" section of its Healthy Hometowns page. THE NOTICE PUBLISHES NO AMOUNT FOR ANY RECIPIENT: the only dollar figure it carries is in its CMS financial-assistance footer, whose tier changes between Iowa's February and June notices (§0.2), so no figure is attributed to this row and none is divided (§6.2). It is an INTENT, in the notice's own words: ""this Notice does NOT constitute the formation of a contract ... The bidder shall not acquire any legal or equitable rights relative to the contract services until a contract is executed.""",Yes,No,2026,"Iowa HHS Notice of Intent to Award, RFP #PHTHORC26012 Best and Brightest - Rural Healthcare Workforce Recruitment",https://hhs.iowa.gov/media/18886/download?inline,NOTICE_OF_INTENT_TO_AWARD,PARSED_PDF_RUNS,R/03z_ia_year1_awardees.R,,,,,Recipient name rule: name states a hospital.,MEDIUM,AMOUNT_MISSING,PHTHORC26012,BP1 (12/29/2025 - 10/30/2026),DIRECT,Yes,NAMED_HOSPITAL,,Recipient name rule: name states a hospital. §10.2 DIRECT: the named recipient is a hospital or hospital system and the state's award document names both the recipient and the amount.,"Iowa publishes NO per-recipient amount. The notice's only dollar figure is its CMS footer, and that footer carries the RFP's pool in Iowa's Jan/Feb notices and the STATE ALLOTMENT in its June ones, so it is recorded per document in ia_notice_footers.csv and never attached to a recipient (§0.2, §6.2).",,Provider Type 2,Best and Brightest - Rural Healthcare Workforce Recruitment,2026-06-18,data/evidence/IA/2026-06-18_ia_noia_phthorc26012_best_and_brightest_rural_healthcare_workforc.pdf,42
IA,249,McFarland Clinic PC (Webster City),,NONPROFIT_CBO,No,"Provider type: Provider Type 1. Published by Iowa HHS as a Notice of Intent to Award, linked from the ""Where to Find Funding Awardees"" section of its Healthy Hometowns page. THE NOTICE PUBLISHES NO AMOUNT FOR ANY RECIPIENT: the only dollar figure it carries is in its CMS financial-assistance footer, whose tier changes between Iowa's February and June notices (§0.2), so no figure is attributed to this row and none is divided (§6.2). It is an INTENT, in the notice's own words: ""this Notice does NOT constitute the formation of a contract ... The bidder shall not acquire any legal or equitable rights relative to the contract services until a contract is executed.""",Yes,No,2026,"Iowa HHS Notice of Intent to Award, RFP #PHTHORC26012 Best and Brightest - Rural Healthcare Workforce Recruitment",https://hhs.iowa.gov/media/18886/download?inline,NOTICE_OF_INTENT_TO_AWARD,PARSED_PDF_RUNS,R/03z_ia_year1_awardees.R,,,,,Recipient is named but the source does not state its organisational form; §8 settled fallback (session 10).,LOW,AMOUNT_MISSING;RECIPIENT_TYPE_INFERRED,PHTHORC26012,BP1 (12/29/2025 - 10/30/2026),NON_HOSPITAL,No,NOT_HOSPITAL,,"Recipient is named but the source does not state its organisational form; §8 settled fallback (session 10). §10.2 NON_HOSPITAL: the named recipient is not a hospital (§0.3a -- judged on the recipient, not the activity), and the source does not mention hospitals anywhere in the funded work.","Iowa publishes NO per-recipient amount. The notice's only dollar figure is its CMS footer, and that footer carries the RFP's pool in Iowa's Jan/Feb notices and the STATE ALLOTMENT in its June ones, so it is recorded per document in ia_notice_footers.csv and never attached to a recipient (§0.2, §6.2).",,Provider Type 1,Best and Brightest - Rural Healthcare Workforce Recruitment,2026-06-18,data/evidence/IA/2026-06-18_ia_noia_phthorc26012_best_and_brightest_rural_healthcare_workforc.pdf,43
IA,250,"Family, Inc dba Firefly",,NONPROFIT_CBO,No,"Provider type: Provider Type 5. Published by Iowa HHS as a Notice of Intent to Award, linked from the ""Where to Find Funding Awardees"" section of its Healthy Hometowns page. THE NOTICE PUBLISHES NO AMOUNT FOR ANY RECIPIENT: the only dollar figure it carries is in its CMS financial-assistance footer, whose tier changes between Iowa's February and June notices (§0.2), so no figure is attributed to this row and none is divided (§6.2). It is an INTENT, in the notice's own words: ""this Notice does NOT constitute the formation of a contract ... The bidder shall not acquire any legal or equitable rights relative to the contract services until a contract is executed.""",Yes,No,2026,"Iowa HHS Notice of Intent to Award, RFP #PHTHORC26012 Best and Brightest - Rural Healthcare Workforce Recruitment",https://hhs.iowa.gov/media/18886/download?inline,NOTICE_OF_INTENT_TO_AWARD,PARSED_PDF_RUNS,R/03z_ia_year1_awardees.R,,,,,Recipient is named but the source does not state its organisational form; §8 settled fallback (session 10).,LOW,AMOUNT_MISSING;RECIPIENT_TYPE_INFERRED,PHTHORC26012,BP1 (12/29/2025 - 10/30/2026),NON_HOSPITAL,No,NOT_HOSPITAL,,"Recipient is named but the source does not state its organisational form; §8 settled fallback (session 10). §10.2 NON_HOSPITAL: the named recipient is not a hospital (§0.3a -- judged on the recipient, not the activity), and the source does not mention hospitals anywhere in the funded work.","Iowa publishes NO per-recipient amount. The notice's only dollar figure is its CMS footer, and that footer carries the RFP's pool in Iowa's Jan/Feb notices and the STATE ALLOTMENT in its June ones, so it is recorded per document in ia_notice_footers.csv and never attached to a recipient (§0.2, §6.2).",,Provider Type 5,Best and Brightest - Rural Healthcare Workforce Recruitment,2026-06-18,data/evidence/IA/2026-06-18_ia_noia_phthorc26012_best_and_brightest_rural_healthcare_workforc.pdf,44
IA,251,McFarland Clinic PC (Carroll),,NONPROFIT_CBO,No,"Provider type: Provider Type 1. Published by Iowa HHS as a Notice of Intent to Award, linked from the ""Where to Find Funding Awardees"" section of its Healthy Hometowns page. THE NOTICE PUBLISHES NO AMOUNT FOR ANY RECIPIENT: the only dollar figure it carries is in its CMS financial-assistance footer, whose tier changes between Iowa's February and June notices (§0.2), so no figure is attributed to this row and none is divided (§6.2). It is an INTENT, in the notice's own words: ""this Notice does NOT constitute the formation of a contract ... The bidder shall not acquire any legal or equitable rights relative to the contract services until a contract is executed.""",Yes,No,2026,"Iowa HHS Notice of Intent to Award, RFP #PHTHORC26012 Best and Brightest - Rural Healthcare Workforce Recruitment",https://hhs.iowa.gov/media/18886/download?inline,NOTICE_OF_INTENT_TO_AWARD,PARSED_PDF_RUNS,R/03z_ia_year1_awardees.R,,,,,Recipient is named but the source does not state its organisational form; §8 settled fallback (session 10).,LOW,AMOUNT_MISSING;RECIPIENT_TYPE_INFERRED,PHTHORC26012,BP1 (12/29/2025 - 10/30/2026),NON_HOSPITAL,No,NOT_HOSPITAL,,"Recipient is named but the source does not state its organisational form; §8 settled fallback (session 10). §10.2 NON_HOSPITAL: the named recipient is not a hospital (§0.3a -- judged on the recipient, not the activity), and the source does not mention hospitals anywhere in the funded work.","Iowa publishes NO per-recipient amount. The notice's only dollar figure is its CMS footer, and that footer carries the RFP's pool in Iowa's Jan/Feb notices and the STATE ALLOTMENT in its June ones, so it is recorded per document in ia_notice_footers.csv and never attached to a recipient (§0.2, §6.2).",,Provider Type 1,Best and Brightest - Rural Healthcare Workforce Recruitment,2026-06-18,data/evidence/IA/2026-06-18_ia_noia_phthorc26012_best_and_brightest_rural_healthcare_workforc.pdf,45
IA,252,McFarland Clinic PC (Jefferson),,NONPROFIT_CBO,No,"Provider type: Provider Type 2. Published by Iowa HHS as a Notice of Intent to Award, linked from the ""Where to Find Funding Awardees"" section of its Healthy Hometowns page. THE NOTICE PUBLISHES NO AMOUNT FOR ANY RECIPIENT: the only dollar figure it carries is in its CMS financial-assistance footer, whose tier changes between Iowa's February and June notices (§0.2), so no figure is attributed to this row and none is divided (§6.2). It is an INTENT, in the notice's own words: ""this Notice does NOT constitute the formation of a contract ... The bidder shall not acquire any legal or equitable rights relative to the contract services until a contract is executed.""",Yes,No,2026,"Iowa HHS Notice of Intent to Award, RFP #PHTHORC26012 Best and Brightest - Rural Healthcare Workforce Recruitment",https://hhs.iowa.gov/media/18886/download?inline,NOTICE_OF_INTENT_TO_AWARD,PARSED_PDF_RUNS,R/03z_ia_year1_awardees.R,,,,,Recipient is named but the source does not state its organisational form; §8 settled fallback (session 10).,LOW,AMOUNT_MISSING;RECIPIENT_TYPE_INFERRED,PHTHORC26012,BP1 (12/29/2025 - 10/30/2026),NON_HOSPITAL,No,NOT_HOSPITAL,,"Recipient is named but the source does not state its organisational form; §8 settled fallback (session 10). §10.2 NON_HOSPITAL: the named recipient is not a hospital (§0.3a -- judged on the recipient, not the activity), and the source does not mention hospitals anywhere in the funded work.","Iowa publishes NO per-recipient amount. The notice's only dollar figure is its CMS footer, and that footer carries the RFP's pool in Iowa's Jan/Feb notices and the STATE ALLOTMENT in its June ones, so it is recorded per document in ia_notice_footers.csv and never attached to a recipient (§0.2, §6.2).",,Provider Type 2,Best and Brightest - Rural Healthcare Workforce Recruitment,2026-06-18,data/evidence/IA/2026-06-18_ia_noia_phthorc26012_best_and_brightest_rural_healthcare_workforc.pdf,46
IA,253,McFarland Clinic PC (Story City),,NONPROFIT_CBO,No,"Provider type: Provider Type 1. Published by Iowa HHS as a Notice of Intent to Award, linked from the ""Where to Find Funding Awardees"" section of its Healthy Hometowns page. THE NOTICE PUBLISHES NO AMOUNT FOR ANY RECIPIENT: the only dollar figure it carries is in its CMS financial-assistance footer, whose tier changes between Iowa's February and June notices (§0.2), so no figure is attributed to this row and none is divided (§6.2). It is an INTENT, in the notice's own words: ""this Notice does NOT constitute the formation of a contract ... The bidder shall not acquire any legal or equitable rights relative to the contract services until a contract is executed.""",Yes,No,2026,"Iowa HHS Notice of Intent to Award, RFP #PHTHORC26012 Best and Brightest - Rural Healthcare Workforce Recruitment",https://hhs.iowa.gov/media/18886/download?inline,NOTICE_OF_INTENT_TO_AWARD,PARSED_PDF_RUNS,R/03z_ia_year1_awardees.R,,,,,Recipient is named but the source does not state its organisational form; §8 settled fallback (session 10).,LOW,AMOUNT_MISSING;RECIPIENT_TYPE_INFERRED,PHTHORC26012,BP1 (12/29/2025 - 10/30/2026),NON_HOSPITAL,No,NOT_HOSPITAL,,"Recipient is named but the source does not state its organisational form; §8 settled fallback (session 10). §10.2 NON_HOSPITAL: the named recipient is not a hospital (§0.3a -- judged on the recipient, not the activity), and the source does not mention hospitals anywhere in the funded work.","Iowa publishes NO per-recipient amount. The notice's only dollar figure is its CMS footer, and that footer carries the RFP's pool in Iowa's Jan/Feb notices and the STATE ALLOTMENT in its June ones, so it is recorded per document in ia_notice_footers.csv and never attached to a recipient (§0.2, §6.2).",,Provider Type 1,Best and Brightest - Rural Healthcare Workforce Recruitment,2026-06-18,data/evidence/IA/2026-06-18_ia_noia_phthorc26012_best_and_brightest_rural_healthcare_workforc.pdf,47
IA,254,McFarland Clinic PC (Story City),,NONPROFIT_CBO,No,"Provider type: Provider Type 2. Published by Iowa HHS as a Notice of Intent to Award, linked from the ""Where to Find Funding Awardees"" section of its Healthy Hometowns page. THE NOTICE PUBLISHES NO AMOUNT FOR ANY RECIPIENT: the only dollar figure it carries is in its CMS financial-assistance footer, whose tier changes between Iowa's February and June notices (§0.2), so no figure is attributed to this row and none is divided (§6.2). It is an INTENT, in the notice's own words: ""this Notice does NOT constitute the formation of a contract ... The bidder shall not acquire any legal or equitable rights relative to the contract services until a contract is executed.""",Yes,No,2026,"Iowa HHS Notice of Intent to Award, RFP #PHTHORC26012 Best and Brightest - Rural Healthcare Workforce Recruitment",https://hhs.iowa.gov/media/18886/download?inline,NOTICE_OF_INTENT_TO_AWARD,PARSED_PDF_RUNS,R/03z_ia_year1_awardees.R,,,,,Recipient is named but the source does not state its organisational form; §8 settled fallback (session 10).,LOW,AMOUNT_MISSING;RECIPIENT_TYPE_INFERRED,PHTHORC26012,BP1 (12/29/2025 - 10/30/2026),NON_HOSPITAL,No,NOT_HOSPITAL,,"Recipient is named but the source does not state its organisational form; §8 settled fallback (session 10). §10.2 NON_HOSPITAL: the named recipient is not a hospital (§0.3a -- judged on the recipient, not the activity), and the source does not mention hospitals anywhere in the funded work.","Iowa publishes NO per-recipient amount. The notice's only dollar figure is its CMS footer, and that footer carries the RFP's pool in Iowa's Jan/Feb notices and the STATE ALLOTMENT in its June ones, so it is recorded per document in ia_notice_footers.csv and never attached to a recipient (§0.2, §6.2).",,Provider Type 2,Best and Brightest - Rural Healthcare Workforce Recruitment,2026-06-18,data/evidence/IA/2026-06-18_ia_noia_phthorc26012_best_and_brightest_rural_healthcare_workforc.pdf,48
IA,255,McFarland Clinic PC (Marshalltown),,NONPROFIT_CBO,No,"Provider type: Provider Type 1. Published by Iowa HHS as a Notice of Intent to Award, linked from the ""Where to Find Funding Awardees"" section of its Healthy Hometowns page. THE NOTICE PUBLISHES NO AMOUNT FOR ANY RECIPIENT: the only dollar figure it carries is in its CMS financial-assistance footer, whose tier changes between Iowa's February and June notices (§0.2), so no figure is attributed to this row and none is divided (§6.2). It is an INTENT, in the notice's own words: ""this Notice does NOT constitute the formation of a contract ... The bidder shall not acquire any legal or equitable rights relative to the contract services until a contract is executed.""",Yes,No,2026,"Iowa HHS Notice of Intent to Award, RFP #PHTHORC26012 Best and Brightest - Rural Healthcare Workforce Recruitment",https://hhs.iowa.gov/media/18886/download?inline,NOTICE_OF_INTENT_TO_AWARD,PARSED_PDF_RUNS,R/03z_ia_year1_awardees.R,,,,,Recipient is named but the source does not state its organisational form; §8 settled fallback (session 10).,LOW,AMOUNT_MISSING;RECIPIENT_TYPE_INFERRED,PHTHORC26012,BP1 (12/29/2025 - 10/30/2026),NON_HOSPITAL,No,NOT_HOSPITAL,,"Recipient is named but the source does not state its organisational form; §8 settled fallback (session 10). §10.2 NON_HOSPITAL: the named recipient is not a hospital (§0.3a -- judged on the recipient, not the activity), and the source does not mention hospitals anywhere in the funded work.","Iowa publishes NO per-recipient amount. The notice's only dollar figure is its CMS footer, and that footer carries the RFP's pool in Iowa's Jan/Feb notices and the STATE ALLOTMENT in its June ones, so it is recorded per document in ia_notice_footers.csv and never attached to a recipient (§0.2, §6.2).",,Provider Type 1,Best and Brightest - Rural Healthcare Workforce Recruitment,2026-06-18,data/evidence/IA/2026-06-18_ia_noia_phthorc26012_best_and_brightest_rural_healthcare_workforc.pdf,49
IA,256,McFarland Clinic PC (Marshalltown),,NONPROFIT_CBO,No,"Provider type: Provider Type 2. Published by Iowa HHS as a Notice of Intent to Award, linked from the ""Where to Find Funding Awardees"" section of its Healthy Hometowns page. THE NOTICE PUBLISHES NO AMOUNT FOR ANY RECIPIENT: the only dollar figure it carries is in its CMS financial-assistance footer, whose tier changes between Iowa's February and June notices (§0.2), so no figure is attributed to this row and none is divided (§6.2). It is an INTENT, in the notice's own words: ""this Notice does NOT constitute the formation of a contract ... The bidder shall not acquire any legal or equitable rights relative to the contract services until a contract is executed.""",Yes,No,2026,"Iowa HHS Notice of Intent to Award, RFP #PHTHORC26012 Best and Brightest - Rural Healthcare Workforce Recruitment",https://hhs.iowa.gov/media/18886/download?inline,NOTICE_OF_INTENT_TO_AWARD,PARSED_PDF_RUNS,R/03z_ia_year1_awardees.R,,,,,Recipient is named but the source does not state its organisational form; §8 settled fallback (session 10).,LOW,AMOUNT_MISSING;RECIPIENT_TYPE_INFERRED,PHTHORC26012,BP1 (12/29/2025 - 10/30/2026),NON_HOSPITAL,No,NOT_HOSPITAL,,"Recipient is named but the source does not state its organisational form; §8 settled fallback (session 10). §10.2 NON_HOSPITAL: the named recipient is not a hospital (§0.3a -- judged on the recipient, not the activity), and the source does not mention hospitals anywhere in the funded work.","Iowa publishes NO per-recipient amount. The notice's only dollar figure is its CMS footer, and that footer carries the RFP's pool in Iowa's Jan/Feb notices and the STATE ALLOTMENT in its June ones, so it is recorded per document in ia_notice_footers.csv and never attached to a recipient (§0.2, §6.2).",,Provider Type 2,Best and Brightest - Rural Healthcare Workforce Recruitment,2026-06-18,data/evidence/IA/2026-06-18_ia_noia_phthorc26012_best_and_brightest_rural_healthcare_workforc.pdf,50
IA,257,McFarland Clinic PC (Fort Dodge),,NONPROFIT_CBO,No,"Provider type: Provider Type 1. Published by Iowa HHS as a Notice of Intent to Award, linked from the ""Where to Find Funding Awardees"" section of its Healthy Hometowns page. THE NOTICE PUBLISHES NO AMOUNT FOR ANY RECIPIENT: the only dollar figure it carries is in its CMS financial-assistance footer, whose tier changes between Iowa's February and June notices (§0.2), so no figure is attributed to this row and none is divided (§6.2). It is an INTENT, in the notice's own words: ""this Notice does NOT constitute the formation of a contract ... The bidder shall not acquire any legal or equitable rights relative to the contract services until a contract is executed.""",Yes,No,2026,"Iowa HHS Notice of Intent to Award, RFP #PHTHORC26012 Best and Brightest - Rural Healthcare Workforce Recruitment",https://hhs.iowa.gov/media/18886/download?inline,NOTICE_OF_INTENT_TO_AWARD,PARSED_PDF_RUNS,R/03z_ia_year1_awardees.R,,,,,Recipient is named but the source does not state its organisational form; §8 settled fallback (session 10).,LOW,AMOUNT_MISSING;RECIPIENT_TYPE_INFERRED,PHTHORC26012,BP1 (12/29/2025 - 10/30/2026),NON_HOSPITAL,No,NOT_HOSPITAL,,"Recipient is named but the source does not state its organisational form; §8 settled fallback (session 10). §10.2 NON_HOSPITAL: the named recipient is not a hospital (§0.3a -- judged on the recipient, not the activity), and the source does not mention hospitals anywhere in the funded work.","Iowa publishes NO per-recipient amount. The notice's only dollar figure is its CMS footer, and that footer carries the RFP's pool in Iowa's Jan/Feb notices and the STATE ALLOTMENT in its June ones, so it is recorded per document in ia_notice_footers.csv and never attached to a recipient (§0.2, §6.2).",,Provider Type 1,Best and Brightest - Rural Healthcare Workforce Recruitment,2026-06-18,data/evidence/IA/2026-06-18_ia_noia_phthorc26012_best_and_brightest_rural_healthcare_workforc.pdf,51
IA,258,Audubon County Memorial Hospital,,HOSPITAL_OR_SYSTEM,Yes,"Provider type: Provider Type 1. Published by Iowa HHS as a Notice of Intent to Award, linked from the ""Where to Find Funding Awardees"" section of its Healthy Hometowns page. THE NOTICE PUBLISHES NO AMOUNT FOR ANY RECIPIENT: the only dollar figure it carries is in its CMS financial-assistance footer, whose tier changes between Iowa's February and June notices (§0.2), so no figure is attributed to this row and none is divided (§6.2). It is an INTENT, in the notice's own words: ""this Notice does NOT constitute the formation of a contract ... The bidder shall not acquire any legal or equitable rights relative to the contract services until a contract is executed.""",Yes,No,2026,"Iowa HHS Notice of Intent to Award, RFP #PHTHORC26012 Best and Brightest - Rural Healthcare Workforce Recruitment",https://hhs.iowa.gov/media/18886/download?inline,NOTICE_OF_INTENT_TO_AWARD,PARSED_PDF_RUNS,R/03z_ia_year1_awardees.R,,,,,Recipient name rule: name states a hospital.,MEDIUM,AMOUNT_MISSING,PHTHORC26012,BP1 (12/29/2025 - 10/30/2026),DIRECT,Yes,NAMED_HOSPITAL,,Recipient name rule: name states a hospital. §10.2 DIRECT: the named recipient is a hospital or hospital system and the state's award document names both the recipient and the amount.,"Iowa publishes NO per-recipient amount. The notice's only dollar figure is its CMS footer, and that footer carries the RFP's pool in Iowa's Jan/Feb notices and the STATE ALLOTMENT in its June ones, so it is recorded per document in ia_notice_footers.csv and never attached to a recipient (§0.2, §6.2).",,Provider Type 1,Best and Brightest - Rural Healthcare Workforce Recruitment,2026-06-18,data/evidence/IA/2026-06-18_ia_noia_phthorc26012_best_and_brightest_rural_healthcare_workforc.pdf,52
IA,259,Infinity Health,,NONPROFIT_CBO,No,"Provider type: Provider Type 4. Published by Iowa HHS as a Notice of Intent to Award, linked from the ""Where to Find Funding Awardees"" section of its Healthy Hometowns page. THE NOTICE PUBLISHES NO AMOUNT FOR ANY RECIPIENT: the only dollar figure it carries is in its CMS financial-assistance footer, whose tier changes between Iowa's February and June notices (§0.2), so no figure is attributed to this row and none is divided (§6.2). It is an INTENT, in the notice's own words: ""this Notice does NOT constitute the formation of a contract ... The bidder shall not acquire any legal or equitable rights relative to the contract services until a contract is executed.""",Yes,No,2026,"Iowa HHS Notice of Intent to Award, RFP #PHTHORC26012 Best and Brightest - Rural Healthcare Workforce Recruitment",https://hhs.iowa.gov/media/18886/download?inline,NOTICE_OF_INTENT_TO_AWARD,PARSED_PDF_RUNS,R/03z_ia_year1_awardees.R,,,,,Recipient is named but the source does not state its organisational form; §8 settled fallback (session 10).,LOW,AMOUNT_MISSING;RECIPIENT_TYPE_INFERRED,PHTHORC26012,BP1 (12/29/2025 - 10/30/2026),NON_HOSPITAL,No,NOT_HOSPITAL,,"Recipient is named but the source does not state its organisational form; §8 settled fallback (session 10). §10.2 NON_HOSPITAL: the named recipient is not a hospital (§0.3a -- judged on the recipient, not the activity), and the source does not mention hospitals anywhere in the funded work.","Iowa publishes NO per-recipient amount. The notice's only dollar figure is its CMS footer, and that footer carries the RFP's pool in Iowa's Jan/Feb notices and the STATE ALLOTMENT in its June ones, so it is recorded per document in ia_notice_footers.csv and never attached to a recipient (§0.2, §6.2).",,Provider Type 4,Best and Brightest - Rural Healthcare Workforce Recruitment,2026-06-18,data/evidence/IA/2026-06-18_ia_noia_phthorc26012_best_and_brightest_rural_healthcare_workforc.pdf,53
IA,260,Infinity Health,,NONPROFIT_CBO,No,"Provider type: 5. Published by Iowa HHS as a Notice of Intent to Award, linked from the ""Where to Find Funding Awardees"" section of its Healthy Hometowns page. THE NOTICE PUBLISHES NO AMOUNT FOR ANY RECIPIENT: the only dollar figure it carries is in its CMS financial-assistance footer, whose tier changes between Iowa's February and June notices (§0.2), so no figure is attributed to this row and none is divided (§6.2). It is an INTENT, in the notice's own words: ""this Notice does NOT constitute the formation of a contract ... The bidder shall not acquire any legal or equitable rights relative to the contract services until a contract is executed.""",Yes,No,2026,"Iowa HHS Notice of Intent to Award, RFP #PHTHORC26012 Best and Brightest - Rural Healthcare Workforce Recruitment",https://hhs.iowa.gov/media/18886/download?inline,NOTICE_OF_INTENT_TO_AWARD,PARSED_PDF_RUNS,R/03z_ia_year1_awardees.R,,,,,Recipient is named but the source does not state its organisational form; §8 settled fallback (session 10).,LOW,AMOUNT_MISSING;RECIPIENT_TYPE_INFERRED,PHTHORC26012,BP1 (12/29/2025 - 10/30/2026),NON_HOSPITAL,No,NOT_HOSPITAL,,"Recipient is named but the source does not state its organisational form; §8 settled fallback (session 10). §10.2 NON_HOSPITAL: the named recipient is not a hospital (§0.3a -- judged on the recipient, not the activity), and the source does not mention hospitals anywhere in the funded work.","Iowa publishes NO per-recipient amount. The notice's only dollar figure is its CMS footer, and that footer carries the RFP's pool in Iowa's Jan/Feb notices and the STATE ALLOTMENT in its June ones, so it is recorded per document in ia_notice_footers.csv and never attached to a recipient (§0.2, §6.2).",,5,Best and Brightest - Rural Healthcare Workforce Recruitment,2026-06-18,data/evidence/IA/2026-06-18_ia_noia_phthorc26012_best_and_brightest_rural_healthcare_workforc.pdf,54
IA,261,Ottumwa Regional Health Center,,NONPROFIT_CBO,No,"Provider type: Provider Type 7. Published by Iowa HHS as a Notice of Intent to Award, linked from the ""Where to Find Funding Awardees"" section of its Healthy Hometowns page. THE NOTICE PUBLISHES NO AMOUNT FOR ANY RECIPIENT: the only dollar figure it carries is in its CMS financial-assistance footer, whose tier changes between Iowa's February and June notices (§0.2), so no figure is attributed to this row and none is divided (§6.2). It is an INTENT, in the notice's own words: ""this Notice does NOT constitute the formation of a contract ... The bidder shall not acquire any legal or equitable rights relative to the contract services until a contract is executed.""",Yes,No,2026,"Iowa HHS Notice of Intent to Award, RFP #PHTHORC26012 Best and Brightest - Rural Healthcare Workforce Recruitment",https://hhs.iowa.gov/media/18886/download?inline,NOTICE_OF_INTENT_TO_AWARD,PARSED_PDF_RUNS,R/03z_ia_year1_awardees.R,,,,,Recipient is named but the source does not state its organisational form; §8 settled fallback (session 10).,LOW,AMOUNT_MISSING;RECIPIENT_TYPE_INFERRED,PHTHORC26012,BP1 (12/29/2025 - 10/30/2026),NON_HOSPITAL,No,NOT_HOSPITAL,,"Recipient is named but the source does not state its organisational form; §8 settled fallback (session 10). §10.2 NON_HOSPITAL: the named recipient is not a hospital (§0.3a -- judged on the recipient, not the activity), and the source does not mention hospitals anywhere in the funded work.","Iowa publishes NO per-recipient amount. The notice's only dollar figure is its CMS footer, and that footer carries the RFP's pool in Iowa's Jan/Feb notices and the STATE ALLOTMENT in its June ones, so it is recorded per document in ia_notice_footers.csv and never attached to a recipient (§0.2, §6.2).",,Provider Type 7,Best and Brightest - Rural Healthcare Workforce Recruitment,2026-06-18,data/evidence/IA/2026-06-18_ia_noia_phthorc26012_best_and_brightest_rural_healthcare_workforc.pdf,55
IA,262,Adair County Memorial Hospital,,HOSPITAL_OR_SYSTEM,Yes,"Provider type: Type 2. Published by Iowa HHS as a Notice of Intent to Award, linked from the ""Where to Find Funding Awardees"" section of its Healthy Hometowns page. THE NOTICE PUBLISHES NO AMOUNT FOR ANY RECIPIENT: the only dollar figure it carries is in its CMS financial-assistance footer, whose tier changes between Iowa's February and June notices (§0.2), so no figure is attributed to this row and none is divided (§6.2). It is an INTENT, in the notice's own words: ""this Notice does NOT constitute the formation of a contract ... The bidder shall not acquire any legal or equitable rights relative to the contract services until a contract is executed.""",Yes,No,2026,"Iowa HHS Notice of Intent to Award, RFP #PHTHORC26012 Best and Brightest - Rural Healthcare Workforce Recruitment",https://hhs.iowa.gov/media/18886/download?inline,NOTICE_OF_INTENT_TO_AWARD,PARSED_PDF_RUNS,R/03z_ia_year1_awardees.R,,,,,Recipient name rule: name states a hospital.,MEDIUM,AMOUNT_MISSING,PHTHORC26012,BP1 (12/29/2025 - 10/30/2026),DIRECT,Yes,NAMED_HOSPITAL,,Recipient name rule: name states a hospital. §10.2 DIRECT: the named recipient is a hospital or hospital system and the state's award document names both the recipient and the amount.,"Iowa publishes NO per-recipient amount. The notice's only dollar figure is its CMS footer, and that footer carries the RFP's pool in Iowa's Jan/Feb notices and the STATE ALLOTMENT in its June ones, so it is recorded per document in ia_notice_footers.csv and never attached to a recipient (§0.2, §6.2).",,Type 2,Best and Brightest - Rural Healthcare Workforce Recruitment,2026-06-18,data/evidence/IA/2026-06-18_ia_noia_phthorc26012_best_and_brightest_rural_healthcare_workforc.pdf,56
IA,263,"Family, Inc dba Firefly",,NONPROFIT_CBO,No,"Provider type: Provider Type 2. Published by Iowa HHS as a Notice of Intent to Award, linked from the ""Where to Find Funding Awardees"" section of its Healthy Hometowns page. THE NOTICE PUBLISHES NO AMOUNT FOR ANY RECIPIENT: the only dollar figure it carries is in its CMS financial-assistance footer, whose tier changes between Iowa's February and June notices (§0.2), so no figure is attributed to this row and none is divided (§6.2). It is an INTENT, in the notice's own words: ""this Notice does NOT constitute the formation of a contract ... The bidder shall not acquire any legal or equitable rights relative to the contract services until a contract is executed.""",Yes,No,2026,"Iowa HHS Notice of Intent to Award, RFP #PHTHORC26012 Best and Brightest - Rural Healthcare Workforce Recruitment",https://hhs.iowa.gov/media/18886/download?inline,NOTICE_OF_INTENT_TO_AWARD,PARSED_PDF_RUNS,R/03z_ia_year1_awardees.R,,,,,Recipient is named but the source does not state its organisational form; §8 settled fallback (session 10).,LOW,AMOUNT_MISSING;RECIPIENT_TYPE_INFERRED,PHTHORC26012,BP1 (12/29/2025 - 10/30/2026),NON_HOSPITAL,No,NOT_HOSPITAL,,"Recipient is named but the source does not state its organisational form; §8 settled fallback (session 10). §10.2 NON_HOSPITAL: the named recipient is not a hospital (§0.3a -- judged on the recipient, not the activity), and the source does not mention hospitals anywhere in the funded work.","Iowa publishes NO per-recipient amount. The notice's only dollar figure is its CMS footer, and that footer carries the RFP's pool in Iowa's Jan/Feb notices and the STATE ALLOTMENT in its June ones, so it is recorded per document in ia_notice_footers.csv and never attached to a recipient (§0.2, §6.2).",,Provider Type 2,Best and Brightest - Rural Healthcare Workforce Recruitment,2026-06-18,data/evidence/IA/2026-06-18_ia_noia_phthorc26012_best_and_brightest_rural_healthcare_workforc.pdf,57
IA,264,McFarland Clinic PC (Jefferson),,NONPROFIT_CBO,No,"Provider type: 1. Published by Iowa HHS as a Notice of Intent to Award, linked from the ""Where to Find Funding Awardees"" section of its Healthy Hometowns page. THE NOTICE PUBLISHES NO AMOUNT FOR ANY RECIPIENT: the only dollar figure it carries is in its CMS financial-assistance footer, whose tier changes between Iowa's February and June notices (§0.2), so no figure is attributed to this row and none is divided (§6.2). It is an INTENT, in the notice's own words: ""this Notice does NOT constitute the formation of a contract ... The bidder shall not acquire any legal or equitable rights relative to the contract services until a contract is executed.""",Yes,No,2026,"Iowa HHS Notice of Intent to Award, RFP #PHTHORC26012 Best and Brightest - Rural Healthcare Workforce Recruitment",https://hhs.iowa.gov/media/18886/download?inline,NOTICE_OF_INTENT_TO_AWARD,PARSED_PDF_RUNS,R/03z_ia_year1_awardees.R,,,,,Recipient is named but the source does not state its organisational form; §8 settled fallback (session 10).,LOW,AMOUNT_MISSING;RECIPIENT_TYPE_INFERRED,PHTHORC26012,BP1 (12/29/2025 - 10/30/2026),NON_HOSPITAL,No,NOT_HOSPITAL,,"Recipient is named but the source does not state its organisational form; §8 settled fallback (session 10). §10.2 NON_HOSPITAL: the named recipient is not a hospital (§0.3a -- judged on the recipient, not the activity), and the source does not mention hospitals anywhere in the funded work.","Iowa publishes NO per-recipient amount. The notice's only dollar figure is its CMS footer, and that footer carries the RFP's pool in Iowa's Jan/Feb notices and the STATE ALLOTMENT in its June ones, so it is recorded per document in ia_notice_footers.csv and never attached to a recipient (§0.2, §6.2).",,1,Best and Brightest - Rural Healthcare Workforce Recruitment,2026-06-18,data/evidence/IA/2026-06-18_ia_noia_phthorc26012_best_and_brightest_rural_healthcare_workforc.pdf,58
