state,row_no,awardee,amount,recipient_type,distributed_to_hospital,note,recipient_confirmed,amount_confirmed,fiscal_year,source_document_title,state_source_url,validation_source_type,extraction_method,validator,ccn,aha_id,rural_designation,reviewer,region,row_in_region,award_pool,recipient_url,recipient_type_source,determination_confidence,flag_reason,budget_period,flow_type,hospital_benefiting,hospital_attribution,intermediary_name,determination_basis,amount_basis,basis_type,round_amount,announcement_date,source_archive_path
IN,1,Affiliated Service Providers of Indiana,,NONPROFIT_CBO,No,"GROW Regional Grants, Region 1 ($12.6 Million Awarded to Region 1), selected subrecipient announced 2026-09-03. INDIANA PUBLISHES NO PER-ORGANISATION AMOUNT: the region figure is in round_amount and is never divided (§6.2).",Yes,No,FY2026 (Year 1),"GROW Regional Grants -- Grant Recipient Organizations (IDOH, in.gov/grow-rural-health/regional-grants), with the eight IDOH Region press releases of 2026-09-03",https://www.in.gov/grow-rural-health/regional-grants/,AGENCY_PRESS_RELEASE,DIRECT_TEXT,R/03bi_in_grow_regional_awardees.R,,,,,1,1,GROW Regional Grants -- Region 1,https://aspin.org/,"TYPED (session 63, FALLBACK): The source states no form (§8's standing fallback, RECIPIENT_TYPE_INFERRED); queued as IN_GROW_RECIPIENT_FORM_NOT_STATED. Classifier said NONPROFIT_CBO/LOW.",LOW,RECIPIENT_TYPE_INFERRED,Budget Period 1,NON_HOSPITAL,No,NOT_HOSPITAL,,"§10.2 NON_HOSPITAL: the named recipient is not a hospital (§0.3a -- judged on the recipient, not the activity), and the source does not mention hospitals anywhere in the funded work. The source states no form (§8's standing fallback, RECIPIENT_TYPE_INFERRED); queued as IN_GROW_RECIPIENT_FORM_NOT_STATED. Not a pass-through: IDOH's FAQ awards every listed organisation directly and prohibits it from sub-awarding.","Indiana publishes NO per-organisation amount. The region's figure, rounded in source to $0.1M, is in round_amount; it repeats on every row of its region and is never divided or summed down the column (§6.2).",,12600000,2026-09-03,data/evidence/recheck/2026-09-24/IN/grow_regional_grants_page.html
IN,2,enFocus Inc.,,NONPROFIT_CBO,No,"GROW Regional Grants, Region 1 ($12.6 Million Awarded to Region 1), selected subrecipient announced 2026-09-03. INDIANA PUBLISHES NO PER-ORGANISATION AMOUNT: the region figure is in round_amount and is never divided (§6.2).",Yes,No,FY2026 (Year 1),"GROW Regional Grants -- Grant Recipient Organizations (IDOH, in.gov/grow-rural-health/regional-grants), with the eight IDOH Region press releases of 2026-09-03",https://www.in.gov/grow-rural-health/regional-grants/,AGENCY_PRESS_RELEASE,DIRECT_TEXT,R/03bi_in_grow_regional_awardees.R,,,,,1,2,GROW Regional Grants -- Region 1,https://www.en-focus.org/,"TYPED (session 63, FALLBACK): The source states no form (§8's standing fallback, RECIPIENT_TYPE_INFERRED); queued as IN_GROW_RECIPIENT_FORM_NOT_STATED. Classifier said NONPROFIT_CBO/LOW.",LOW,RECIPIENT_TYPE_INFERRED,Budget Period 1,NON_HOSPITAL,No,NOT_HOSPITAL,,"§10.2 NON_HOSPITAL: the named recipient is not a hospital (§0.3a -- judged on the recipient, not the activity), and the source does not mention hospitals anywhere in the funded work. The source states no form (§8's standing fallback, RECIPIENT_TYPE_INFERRED); queued as IN_GROW_RECIPIENT_FORM_NOT_STATED. Not a pass-through: IDOH's FAQ awards every listed organisation directly and prohibits it from sub-awarding.","Indiana publishes NO per-organisation amount. The region's figure, rounded in source to $0.1M, is in round_amount; it repeats on every row of its region and is never divided or summed down the column (§6.2).",,12600000,2026-09-03,data/evidence/recheck/2026-09-24/IN/grow_regional_grants_page.html
IN,3,Maple City Health Care Center,,FQHC_OR_RHC,No,"GROW Regional Grants, Region 1 ($12.6 Million Awarded to Region 1), selected subrecipient announced 2026-09-03. INDIANA PUBLISHES NO PER-ORGANISATION AMOUNT: the region figure is in round_amount and is never divided (§6.2).",Yes,No,FY2026 (Year 1),"GROW Regional Grants -- Grant Recipient Organizations (IDOH, in.gov/grow-rural-health/regional-grants), with the eight IDOH Region press releases of 2026-09-03",https://www.in.gov/grow-rural-health/regional-grants/,AGENCY_PRESS_RELEASE,DIRECT_TEXT,R/03bi_in_grow_regional_awardees.R,,,,,1,3,GROW Regional Grants -- Region 1,https://mchcc.org/about,"TYPED (session 63, FEDERAL RECORD): EXACT federal record: CMS IN FQHC Enrollment carries this string as an ORGANIZATION NAME or DBA. Classifier said NONPROFIT_CBO/LOW.",MEDIUM,,Budget Period 1,NON_HOSPITAL,No,NOT_HOSPITAL,,"§10.2 NON_HOSPITAL: the named recipient is not a hospital (§0.3a -- judged on the recipient, not the activity), and the source does not mention hospitals anywhere in the funded work. EXACT federal record: CMS IN FQHC Enrollment carries this string as an ORGANIZATION NAME or DBA. Not a pass-through: IDOH's FAQ awards every listed organisation directly and prohibits it from sub-awarding.","Indiana publishes NO per-organisation amount. The region's figure, rounded in source to $0.1M, is in round_amount; it repeats on every row of its region and is never divided or summed down the column (§6.2).",ORG_WEBSITE,12600000,2026-09-03,data/evidence/recheck/2026-09-24/IN/grow_regional_grants_page.html
IN,4,"NWI Food Council, Inc.",,NONPROFIT_CBO,No,"GROW Regional Grants, Region 1 ($12.6 Million Awarded to Region 1), selected subrecipient announced 2026-09-03. INDIANA PUBLISHES NO PER-ORGANISATION AMOUNT: the region figure is in round_amount and is never divided (§6.2).",Yes,No,FY2026 (Year 1),"GROW Regional Grants -- Grant Recipient Organizations (IDOH, in.gov/grow-rural-health/regional-grants), with the eight IDOH Region press releases of 2026-09-03",https://www.in.gov/grow-rural-health/regional-grants/,AGENCY_PRESS_RELEASE,DIRECT_TEXT,R/03bi_in_grow_regional_awardees.R,,,,,1,4,GROW Regional Grants -- Region 1,https://www.nwifoodcouncil.org/,"TYPED (session 63, FALLBACK): The source states no form (§8's standing fallback, RECIPIENT_TYPE_INFERRED); queued as IN_GROW_RECIPIENT_FORM_NOT_STATED. Classifier said NONPROFIT_CBO/LOW.",LOW,RECIPIENT_TYPE_INFERRED,Budget Period 1,NON_HOSPITAL,No,NOT_HOSPITAL,,"§10.2 NON_HOSPITAL: the named recipient is not a hospital (§0.3a -- judged on the recipient, not the activity), and the source does not mention hospitals anywhere in the funded work. The source states no form (§8's standing fallback, RECIPIENT_TYPE_INFERRED); queued as IN_GROW_RECIPIENT_FORM_NOT_STATED. Not a pass-through: IDOH's FAQ awards every listed organisation directly and prohibits it from sub-awarding.","Indiana publishes NO per-organisation amount. The region's figure, rounded in source to $0.1M, is in round_amount; it repeats on every row of its region and is never divided or summed down the column (§6.2).",,12600000,2026-09-03,data/evidence/recheck/2026-09-24/IN/grow_regional_grants_page.html
IN,5,University of Notre Dame,,UNIVERSITY_OR_AHC,No,"GROW Regional Grants, Region 1 ($12.6 Million Awarded to Region 1), selected subrecipient announced 2026-09-03. INDIANA PUBLISHES NO PER-ORGANISATION AMOUNT: the region figure is in round_amount and is never divided (§6.2).",Yes,No,FY2026 (Year 1),"GROW Regional Grants -- Grant Recipient Organizations (IDOH, in.gov/grow-rural-health/regional-grants), with the eight IDOH Region press releases of 2026-09-03",https://www.in.gov/grow-rural-health/regional-grants/,AGENCY_PRESS_RELEASE,DIRECT_TEXT,R/03bi_in_grow_regional_awardees.R,,,,,1,5,GROW Regional Grants -- Region 1,https://www.nd.edu/,"TYPED (session 63, CLASSIFIER): The form is in the state's own string, and the shared classifier's name rule reads it. Classifier said UNIVERSITY_OR_AHC/HIGH.",HIGH,,Budget Period 1,NON_HOSPITAL,No,NOT_HOSPITAL,,"§10.2 NON_HOSPITAL: the named recipient is not a hospital (§0.3a -- judged on the recipient, not the activity), and the source does not mention hospitals anywhere in the funded work. The form is in the state's own string, and the shared classifier's name rule reads it. Not a pass-through: IDOH's FAQ awards every listed organisation directly and prohibits it from sub-awarding.","Indiana publishes NO per-organisation amount. The region's figure, rounded in source to $0.1M, is in round_amount; it repeats on every row of its region and is never divided or summed down the column (§6.2).",STATE_SOURCE,12600000,2026-09-03,data/evidence/recheck/2026-09-24/IN/grow_regional_grants_page.html
IN,6,Community Hospital of Bremen,,HOSPITAL_OR_SYSTEM,Yes,"GROW Regional Grants, Region 1 ($12.6 Million Awarded to Region 1), selected subrecipient announced 2026-09-03. INDIANA PUBLISHES NO PER-ORGANISATION AMOUNT: the region figure is in round_amount and is never divided (§6.2).",Yes,No,FY2026 (Year 1),"GROW Regional Grants -- Grant Recipient Organizations (IDOH, in.gov/grow-rural-health/regional-grants), with the eight IDOH Region press releases of 2026-09-03",https://www.in.gov/grow-rural-health/regional-grants/,AGENCY_PRESS_RELEASE,DIRECT_TEXT,R/03bi_in_grow_regional_awardees.R,151300,,,,1,6,GROW Regional Grants -- Region 1,https://locations.beaconhealthsystem.org/in/bremen/community-hospital-of-bremen,"TYPED (session 63, FEDERAL RECORD): EXACT federal record: CMS IN Hospital Enrollment carries this string as an ORGANIZATION NAME or DBA (normalised for case, punctuation, a leading THE and a trailing INC) at CCN 151300. Classifier said HOSPITAL_OR_SYSTEM/HIGH.",MEDIUM,,Budget Period 1,DIRECT,Yes,NAMED_HOSPITAL,,"§10.2 DIRECT: the named recipient is a hospital or hospital system and the state's award document names both the recipient and the amount. EXACT federal record: CMS IN Hospital Enrollment carries this string as an ORGANIZATION NAME or DBA (normalised for case, punctuation, a leading THE and a trailing INC) at CCN 151300. §0.3a: the recipient is a hospital whatever the activity.","Indiana publishes NO per-organisation amount. The region's figure, rounded in source to $0.1M, is in round_amount; it repeats on every row of its region and is never divided or summed down the column (§6.2).",ORG_WEBSITE,12600000,2026-09-03,data/evidence/recheck/2026-09-24/IN/grow_regional_grants_page.html
IN,7,Franciscan Health Rensselaer,,HOSPITAL_OR_SYSTEM,Yes,"GROW Regional Grants, Region 1 ($12.6 Million Awarded to Region 1), selected subrecipient announced 2026-09-03. INDIANA PUBLISHES NO PER-ORGANISATION AMOUNT: the region figure is in round_amount and is never divided (§6.2).",Yes,No,FY2026 (Year 1),"GROW Regional Grants -- Grant Recipient Organizations (IDOH, in.gov/grow-rural-health/regional-grants), with the eight IDOH Region press releases of 2026-09-03",https://www.in.gov/grow-rural-health/regional-grants/,AGENCY_PRESS_RELEASE,DIRECT_TEXT,R/03bi_in_grow_regional_awardees.R,151324,,,,1,7,GROW Regional Grants -- Region 1,https://directory.franciscanhealth.org/location/franciscan-health-rensselaer,"TYPED (session 63, FEDERAL RECORD): EXACT federal record: CMS IN Hospital Enrollment carries this string as an ORGANIZATION NAME or DBA (normalised for case, punctuation, a leading THE and a trailing INC) at CCN 151324; its provider-based RHCs enrol under the same name. Classifier said NONPROFIT_CBO/LOW.",MEDIUM,,Budget Period 1,DIRECT,Yes,NAMED_HOSPITAL,,"§10.2 DIRECT: the named recipient is a hospital or hospital system and the state's award document names both the recipient and the amount. EXACT federal record: CMS IN Hospital Enrollment carries this string as an ORGANIZATION NAME or DBA (normalised for case, punctuation, a leading THE and a trailing INC) at CCN 151324; its provider-based RHCs enrol under the same name. §0.3a: the recipient is a hospital whatever the activity.","Indiana publishes NO per-organisation amount. The region's figure, rounded in source to $0.1M, is in round_amount; it repeats on every row of its region and is never divided or summed down the column (§6.2).",ORG_WEBSITE,12600000,2026-09-03,data/evidence/recheck/2026-09-24/IN/grow_regional_grants_page.html
IN,8,Marshall County Community Foundation,,NONPROFIT_CBO,No,"GROW Regional Grants, Region 1 ($12.6 Million Awarded to Region 1), selected subrecipient announced 2026-09-03. INDIANA PUBLISHES NO PER-ORGANISATION AMOUNT: the region figure is in round_amount and is never divided (§6.2).",Yes,No,FY2026 (Year 1),"GROW Regional Grants -- Grant Recipient Organizations (IDOH, in.gov/grow-rural-health/regional-grants), with the eight IDOH Region press releases of 2026-09-03",https://www.in.gov/grow-rural-health/regional-grants/,AGENCY_PRESS_RELEASE,DIRECT_TEXT,R/03bi_in_grow_regional_awardees.R,,,,,1,8,GROW Regional Grants -- Region 1,https://marshallcountycf.org/,"TYPED (session 63, FALLBACK): The source states no form (§8's standing fallback, RECIPIENT_TYPE_INFERRED); queued as IN_GROW_RECIPIENT_FORM_NOT_STATED. Classifier said NONPROFIT_CBO/LOW.",LOW,RECIPIENT_TYPE_INFERRED,Budget Period 1,NON_HOSPITAL,No,NOT_HOSPITAL,,"§10.2 NON_HOSPITAL: the named recipient is not a hospital (§0.3a -- judged on the recipient, not the activity), and the source does not mention hospitals anywhere in the funded work. The source states no form (§8's standing fallback, RECIPIENT_TYPE_INFERRED); queued as IN_GROW_RECIPIENT_FORM_NOT_STATED. Not a pass-through: IDOH's FAQ awards every listed organisation directly and prohibits it from sub-awarding.","Indiana publishes NO per-organisation amount. The region's figure, rounded in source to $0.1M, is in round_amount; it repeats on every row of its region and is never divided or summed down the column (§6.2).",,12600000,2026-09-03,data/evidence/recheck/2026-09-24/IN/grow_regional_grants_page.html
IN,9,Pulaski Memorial Hospital,,HOSPITAL_OR_SYSTEM,Yes,"GROW Regional Grants, Region 1 ($12.6 Million Awarded to Region 1), selected subrecipient announced 2026-09-03. INDIANA PUBLISHES NO PER-ORGANISATION AMOUNT: the region figure is in round_amount and is never divided (§6.2).",Yes,No,FY2026 (Year 1),"GROW Regional Grants -- Grant Recipient Organizations (IDOH, in.gov/grow-rural-health/regional-grants), with the eight IDOH Region press releases of 2026-09-03",https://www.in.gov/grow-rural-health/regional-grants/,AGENCY_PRESS_RELEASE,DIRECT_TEXT,R/03bi_in_grow_regional_awardees.R,151305,,,,1,9,GROW Regional Grants -- Region 1,https://www.pmhnet.com/,"TYPED (session 63, FEDERAL RECORD): EXACT federal record: CMS IN Hospital Enrollment carries this string as an ORGANIZATION NAME or DBA (normalised for case, punctuation, a leading THE and a trailing INC) at CCN 151305; its provider-based RHCs enrol under the same name. Classifier said HOSPITAL_OR_SYSTEM/HIGH.",MEDIUM,,Budget Period 1,DIRECT,Yes,NAMED_HOSPITAL,,"§10.2 DIRECT: the named recipient is a hospital or hospital system and the state's award document names both the recipient and the amount. EXACT federal record: CMS IN Hospital Enrollment carries this string as an ORGANIZATION NAME or DBA (normalised for case, punctuation, a leading THE and a trailing INC) at CCN 151305; its provider-based RHCs enrol under the same name. §0.3a: the recipient is a hospital whatever the activity.","Indiana publishes NO per-organisation amount. The region's figure, rounded in source to $0.1M, is in round_amount; it repeats on every row of its region and is never divided or summed down the column (§6.2).",ORG_WEBSITE,12600000,2026-09-03,data/evidence/recheck/2026-09-24/IN/grow_regional_grants_page.html
IN,10,Woodlawn Hospital,,HOSPITAL_OR_SYSTEM,Yes,"GROW Regional Grants, Region 1 ($12.6 Million Awarded to Region 1), selected subrecipient announced 2026-09-03. INDIANA PUBLISHES NO PER-ORGANISATION AMOUNT: the region figure is in round_amount and is never divided (§6.2).",Yes,No,FY2026 (Year 1),"GROW Regional Grants -- Grant Recipient Organizations (IDOH, in.gov/grow-rural-health/regional-grants), with the eight IDOH Region press releases of 2026-09-03",https://www.in.gov/grow-rural-health/regional-grants/,AGENCY_PRESS_RELEASE,DIRECT_TEXT,R/03bi_in_grow_regional_awardees.R,151313,,,,1,10,GROW Regional Grants -- Region 1,https://woodlawnhospital.org/,"TYPED (session 63, FEDERAL RECORD): EXACT federal record: CMS IN Hospital Enrollment carries this string as an ORGANIZATION NAME or DBA (normalised for case, punctuation, a leading THE and a trailing INC) at CCN 151313; its provider-based RHCs enrol under the same name. Classifier said HOSPITAL_OR_SYSTEM/HIGH.",MEDIUM,,Budget Period 1,DIRECT,Yes,NAMED_HOSPITAL,,"§10.2 DIRECT: the named recipient is a hospital or hospital system and the state's award document names both the recipient and the amount. EXACT federal record: CMS IN Hospital Enrollment carries this string as an ORGANIZATION NAME or DBA (normalised for case, punctuation, a leading THE and a trailing INC) at CCN 151313; its provider-based RHCs enrol under the same name. §0.3a: the recipient is a hospital whatever the activity.","Indiana publishes NO per-organisation amount. The region's figure, rounded in source to $0.1M, is in round_amount; it repeats on every row of its region and is never divided or summed down the column (§6.2).",ORG_WEBSITE,12600000,2026-09-03,data/evidence/recheck/2026-09-24/IN/grow_regional_grants_page.html
IN,11,CoAction,,NONPROFIT_CBO,No,"GROW Regional Grants, Region 1 ($12.6 Million Awarded to Region 1), selected subrecipient announced 2026-09-03. INDIANA PUBLISHES NO PER-ORGANISATION AMOUNT: the region figure is in round_amount and is never divided (§6.2).",Yes,No,FY2026 (Year 1),"GROW Regional Grants -- Grant Recipient Organizations (IDOH, in.gov/grow-rural-health/regional-grants), with the eight IDOH Region press releases of 2026-09-03",https://www.in.gov/grow-rural-health/regional-grants/,AGENCY_PRESS_RELEASE,DIRECT_TEXT,R/03bi_in_grow_regional_awardees.R,,,,,1,11,GROW Regional Grants -- Region 1,https://coaction.care/,"TYPED (session 63, FALLBACK): The source states no form (§8's standing fallback, RECIPIENT_TYPE_INFERRED); queued as IN_GROW_RECIPIENT_FORM_NOT_STATED. Classifier said NONPROFIT_CBO/LOW.",LOW,RECIPIENT_TYPE_INFERRED,Budget Period 1,NON_HOSPITAL,No,NOT_HOSPITAL,,"§10.2 NON_HOSPITAL: the named recipient is not a hospital (§0.3a -- judged on the recipient, not the activity), and the source does not mention hospitals anywhere in the funded work. The source states no form (§8's standing fallback, RECIPIENT_TYPE_INFERRED); queued as IN_GROW_RECIPIENT_FORM_NOT_STATED. Not a pass-through: IDOH's FAQ awards every listed organisation directly and prohibits it from sub-awarding.","Indiana publishes NO per-organisation amount. The region's figure, rounded in source to $0.1M, is in round_amount; it repeats on every row of its region and is never divided or summed down the column (§6.2).",,12600000,2026-09-03,data/evidence/recheck/2026-09-24/IN/grow_regional_grants_page.html
IN,12,Goshen Health System,,HOSPITAL_OR_SYSTEM,Yes,"GROW Regional Grants, Region 1 ($12.6 Million Awarded to Region 1), selected subrecipient announced 2026-09-03. INDIANA PUBLISHES NO PER-ORGANISATION AMOUNT: the region figure is in round_amount and is never divided (§6.2).",Yes,No,FY2026 (Year 1),"GROW Regional Grants -- Grant Recipient Organizations (IDOH, in.gov/grow-rural-health/regional-grants), with the eight IDOH Region press releases of 2026-09-03",https://www.in.gov/grow-rural-health/regional-grants/,AGENCY_PRESS_RELEASE,DIRECT_TEXT,R/03bi_in_grow_regional_awardees.R,150026,,,,1,12,GROW Regional Grants -- Region 1,https://goshenhealth.com/,"TYPED (session 63, HAND-READ): HAND-READ BRIDGE: CMS IN Hospital Enrollment carries no record under this string; Goshen Health's hospital is GOSHEN HOSPITAL ASSOCIATION INC dba GOSHEN GENERAL HOSPITAL (CCN 150026), and the page links goshenhealth.com. LOW and subtractable; queued as IN_GROW_HOSPITAL_BRIDGES. Classifier said HOSPITAL_OR_SYSTEM/MEDIUM.",LOW,,Budget Period 1,DIRECT,Yes,NAMED_HOSPITAL,,"§10.2 DIRECT: the named recipient is a hospital or hospital system and the state's award document names both the recipient and the amount. HAND-READ BRIDGE: CMS IN Hospital Enrollment carries no record under this string; Goshen Health's hospital is GOSHEN HOSPITAL ASSOCIATION INC dba GOSHEN GENERAL HOSPITAL (CCN 150026), and the page links goshenhealth.com. LOW and subtractable; queued as IN_GROW_HOSPITAL_BRIDGES. §0.3a: the recipient is a hospital whatever the activity.","Indiana publishes NO per-organisation amount. The region's figure, rounded in source to $0.1M, is in round_amount; it repeats on every row of its region and is never divided or summed down the column (§6.2).",GENERAL_KNOWLEDGE,12600000,2026-09-03,data/evidence/recheck/2026-09-24/IN/grow_regional_grants_page.html
IN,13,"Marshall County HOPE, Inc.",,NONPROFIT_CBO,No,"GROW Regional Grants, Region 1 ($12.6 Million Awarded to Region 1), selected subrecipient announced 2026-09-03. INDIANA PUBLISHES NO PER-ORGANISATION AMOUNT: the region figure is in round_amount and is never divided (§6.2).",Yes,No,FY2026 (Year 1),"GROW Regional Grants -- Grant Recipient Organizations (IDOH, in.gov/grow-rural-health/regional-grants), with the eight IDOH Region press releases of 2026-09-03",https://www.in.gov/grow-rural-health/regional-grants/,AGENCY_PRESS_RELEASE,DIRECT_TEXT,R/03bi_in_grow_regional_awardees.R,,,,,1,13,GROW Regional Grants -- Region 1,https://www.marshallcountyhope.org/,"TYPED (session 63, FALLBACK): The source states no form (§8's standing fallback, RECIPIENT_TYPE_INFERRED); queued as IN_GROW_RECIPIENT_FORM_NOT_STATED. Classifier said NONPROFIT_CBO/LOW.",LOW,RECIPIENT_TYPE_INFERRED,Budget Period 1,NON_HOSPITAL,No,NOT_HOSPITAL,,"§10.2 NON_HOSPITAL: the named recipient is not a hospital (§0.3a -- judged on the recipient, not the activity), and the source does not mention hospitals anywhere in the funded work. The source states no form (§8's standing fallback, RECIPIENT_TYPE_INFERRED); queued as IN_GROW_RECIPIENT_FORM_NOT_STATED. Not a pass-through: IDOH's FAQ awards every listed organisation directly and prohibits it from sub-awarding.","Indiana publishes NO per-organisation amount. The region's figure, rounded in source to $0.1M, is in round_amount; it repeats on every row of its region and is never divided or summed down the column (§6.2).",,12600000,2026-09-03,data/evidence/recheck/2026-09-24/IN/grow_regional_grants_page.html
IN,14,"REAL Services, Inc.",,NONPROFIT_CBO,No,"GROW Regional Grants, Region 1 ($12.6 Million Awarded to Region 1), selected subrecipient announced 2026-09-03. INDIANA PUBLISHES NO PER-ORGANISATION AMOUNT: the region figure is in round_amount and is never divided (§6.2).",Yes,No,FY2026 (Year 1),"GROW Regional Grants -- Grant Recipient Organizations (IDOH, in.gov/grow-rural-health/regional-grants), with the eight IDOH Region press releases of 2026-09-03",https://www.in.gov/grow-rural-health/regional-grants/,AGENCY_PRESS_RELEASE,DIRECT_TEXT,R/03bi_in_grow_regional_awardees.R,,,,,1,14,GROW Regional Grants -- Region 1,https://realservices.org/,"TYPED (session 63, FALLBACK): The source states no form (§8's standing fallback, RECIPIENT_TYPE_INFERRED); queued as IN_GROW_RECIPIENT_FORM_NOT_STATED. Classifier said NONPROFIT_CBO/LOW.",LOW,RECIPIENT_TYPE_INFERRED,Budget Period 1,NON_HOSPITAL,No,NOT_HOSPITAL,,"§10.2 NON_HOSPITAL: the named recipient is not a hospital (§0.3a -- judged on the recipient, not the activity), and the source does not mention hospitals anywhere in the funded work. The source states no form (§8's standing fallback, RECIPIENT_TYPE_INFERRED); queued as IN_GROW_RECIPIENT_FORM_NOT_STATED. Not a pass-through: IDOH's FAQ awards every listed organisation directly and prohibits it from sub-awarding.","Indiana publishes NO per-organisation amount. The region's figure, rounded in source to $0.1M, is in round_amount; it repeats on every row of its region and is never divided or summed down the column (§6.2).",,12600000,2026-09-03,data/evidence/recheck/2026-09-24/IN/grow_regional_grants_page.html
IN,15,Community Foundation of Elkhart County,,NONPROFIT_CBO,No,"GROW Regional Grants, Region 1 ($12.6 Million Awarded to Region 1), selected subrecipient announced 2026-09-03. INDIANA PUBLISHES NO PER-ORGANISATION AMOUNT: the region figure is in round_amount and is never divided (§6.2).",Yes,No,FY2026 (Year 1),"GROW Regional Grants -- Grant Recipient Organizations (IDOH, in.gov/grow-rural-health/regional-grants), with the eight IDOH Region press releases of 2026-09-03",https://www.in.gov/grow-rural-health/regional-grants/,AGENCY_PRESS_RELEASE,DIRECT_TEXT,R/03bi_in_grow_regional_awardees.R,,,,,1,15,GROW Regional Grants -- Region 1,https://inspiringgood.org/,"TYPED (session 63, FALLBACK): The source states no form (§8's standing fallback, RECIPIENT_TYPE_INFERRED); queued as IN_GROW_RECIPIENT_FORM_NOT_STATED. Classifier said NONPROFIT_CBO/LOW.",LOW,RECIPIENT_TYPE_INFERRED,Budget Period 1,NON_HOSPITAL,No,NOT_HOSPITAL,,"§10.2 NON_HOSPITAL: the named recipient is not a hospital (§0.3a -- judged on the recipient, not the activity), and the source does not mention hospitals anywhere in the funded work. The source states no form (§8's standing fallback, RECIPIENT_TYPE_INFERRED); queued as IN_GROW_RECIPIENT_FORM_NOT_STATED. Not a pass-through: IDOH's FAQ awards every listed organisation directly and prohibits it from sub-awarding.","Indiana publishes NO per-organisation amount. The region's figure, rounded in source to $0.1M, is in round_amount; it repeats on every row of its region and is never divided or summed down the column (§6.2).",,12600000,2026-09-03,data/evidence/recheck/2026-09-24/IN/grow_regional_grants_page.html
IN,16,HealthLinc,,FQHC_OR_RHC,No,"GROW Regional Grants, Region 1 ($12.6 Million Awarded to Region 1), selected subrecipient announced 2026-09-03. INDIANA PUBLISHES NO PER-ORGANISATION AMOUNT: the region figure is in round_amount and is never divided (§6.2).",Yes,No,FY2026 (Year 1),"GROW Regional Grants -- Grant Recipient Organizations (IDOH, in.gov/grow-rural-health/regional-grants), with the eight IDOH Region press releases of 2026-09-03",https://www.in.gov/grow-rural-health/regional-grants/,AGENCY_PRESS_RELEASE,DIRECT_TEXT,R/03bi_in_grow_regional_awardees.R,,,,,1,16,GROW Regional Grants -- Region 1,https://healthlincchc.org/,"TYPED (session 63, FEDERAL RECORD): EXACT federal record: CMS IN FQHC Enrollment carries this string as an ORGANIZATION NAME or DBA. Classifier said NONPROFIT_CBO/LOW.",MEDIUM,,Budget Period 1,NON_HOSPITAL,No,NOT_HOSPITAL,,"§10.2 NON_HOSPITAL: the named recipient is not a hospital (§0.3a -- judged on the recipient, not the activity), and the source does not mention hospitals anywhere in the funded work. EXACT federal record: CMS IN FQHC Enrollment carries this string as an ORGANIZATION NAME or DBA. Not a pass-through: IDOH's FAQ awards every listed organisation directly and prohibits it from sub-awarding.","Indiana publishes NO per-organisation amount. The region's figure, rounded in source to $0.1M, is in round_amount; it repeats on every row of its region and is never divided or summed down the column (§6.2).",ORG_WEBSITE,12600000,2026-09-03,data/evidence/recheck/2026-09-24/IN/grow_regional_grants_page.html
IN,17,Michiana Behavioral Health,,HOSPITAL_OR_SYSTEM,Yes,"GROW Regional Grants, Region 1 ($12.6 Million Awarded to Region 1), selected subrecipient announced 2026-09-03. INDIANA PUBLISHES NO PER-ORGANISATION AMOUNT: the region figure is in round_amount and is never divided (§6.2).",Yes,No,FY2026 (Year 1),"GROW Regional Grants -- Grant Recipient Organizations (IDOH, in.gov/grow-rural-health/regional-grants), with the eight IDOH Region press releases of 2026-09-03",https://www.in.gov/grow-rural-health/regional-grants/,AGENCY_PRESS_RELEASE,DIRECT_TEXT,R/03bi_in_grow_regional_awardees.R,154047,,,,1,17,GROW Regional Grants -- Region 1,https://michianabehavioralhealth.com/,"TYPED (session 63, FEDERAL RECORD): EXACT federal record: CMS IN Hospital Enrollment carries this string as an ORGANIZATION NAME or DBA (normalised for case, punctuation, a leading THE and a trailing INC) at CCN 154047. Classifier said NONPROFIT_CBO/LOW.",MEDIUM,,Budget Period 1,DIRECT,Yes,NAMED_HOSPITAL,,"§10.2 DIRECT: the named recipient is a hospital or hospital system and the state's award document names both the recipient and the amount. EXACT federal record: CMS IN Hospital Enrollment carries this string as an ORGANIZATION NAME or DBA (normalised for case, punctuation, a leading THE and a trailing INC) at CCN 154047. §0.3a: the recipient is a hospital whatever the activity.","Indiana publishes NO per-organisation amount. The region's figure, rounded in source to $0.1M, is in round_amount; it repeats on every row of its region and is never divided or summed down the column (§6.2).",ORG_WEBSITE,12600000,2026-09-03,data/evidence/recheck/2026-09-24/IN/grow_regional_grants_page.html
IN,18,Saint Joseph Regional Medical Center Plymouth Campus Inc.,,HOSPITAL_OR_SYSTEM,Yes,"GROW Regional Grants, Region 1 ($12.6 Million Awarded to Region 1), selected subrecipient announced 2026-09-03. INDIANA PUBLISHES NO PER-ORGANISATION AMOUNT: the region figure is in round_amount and is never divided (§6.2).",Yes,No,FY2026 (Year 1),"GROW Regional Grants -- Grant Recipient Organizations (IDOH, in.gov/grow-rural-health/regional-grants), with the eight IDOH Region press releases of 2026-09-03",https://www.in.gov/grow-rural-health/regional-grants/,AGENCY_PRESS_RELEASE,DIRECT_TEXT,R/03bi_in_grow_regional_awardees.R,150076,,,,1,18,GROW Regional Grants -- Region 1,https://www.sjmed.com/patients-visitors/plymouth-medical-center,"TYPED (session 63, FEDERAL RECORD): EXACT federal record: CMS IN Hospital Enrollment carries this string as an ORGANIZATION NAME or DBA (normalised for case, punctuation, a leading THE and a trailing INC) at CCN 150076. Classifier said HOSPITAL_OR_SYSTEM/HIGH.",MEDIUM,,Budget Period 1,DIRECT,Yes,NAMED_HOSPITAL,,"§10.2 DIRECT: the named recipient is a hospital or hospital system and the state's award document names both the recipient and the amount. EXACT federal record: CMS IN Hospital Enrollment carries this string as an ORGANIZATION NAME or DBA (normalised for case, punctuation, a leading THE and a trailing INC) at CCN 150076. §0.3a: the recipient is a hospital whatever the activity.","Indiana publishes NO per-organisation amount. The region's figure, rounded in source to $0.1M, is in round_amount; it repeats on every row of its region and is never divided or summed down the column (§6.2).",ORG_WEBSITE,12600000,2026-09-03,data/evidence/recheck/2026-09-24/IN/grow_regional_grants_page.html
IN,19,Cultivate Food Rescue,,NONPROFIT_CBO,No,"GROW Regional Grants, Region 1 ($12.6 Million Awarded to Region 1), selected subrecipient announced 2026-09-03. INDIANA PUBLISHES NO PER-ORGANISATION AMOUNT: the region figure is in round_amount and is never divided (§6.2).",Yes,No,FY2026 (Year 1),"GROW Regional Grants -- Grant Recipient Organizations (IDOH, in.gov/grow-rural-health/regional-grants), with the eight IDOH Region press releases of 2026-09-03",https://www.in.gov/grow-rural-health/regional-grants/,AGENCY_PRESS_RELEASE,DIRECT_TEXT,R/03bi_in_grow_regional_awardees.R,,,,,1,19,GROW Regional Grants -- Region 1,https://cultivatefoodrescue.com/,"TYPED (session 63, FALLBACK): The source states no form (§8's standing fallback, RECIPIENT_TYPE_INFERRED); queued as IN_GROW_RECIPIENT_FORM_NOT_STATED. Classifier said NONPROFIT_CBO/LOW.",LOW,RECIPIENT_TYPE_INFERRED,Budget Period 1,NON_HOSPITAL,No,NOT_HOSPITAL,,"§10.2 NON_HOSPITAL: the named recipient is not a hospital (§0.3a -- judged on the recipient, not the activity), and the source does not mention hospitals anywhere in the funded work. The source states no form (§8's standing fallback, RECIPIENT_TYPE_INFERRED); queued as IN_GROW_RECIPIENT_FORM_NOT_STATED. Not a pass-through: IDOH's FAQ awards every listed organisation directly and prohibits it from sub-awarding.","Indiana publishes NO per-organisation amount. The region's figure, rounded in source to $0.1M, is in round_amount; it repeats on every row of its region and is never divided or summed down the column (§6.2).",,12600000,2026-09-03,data/evidence/recheck/2026-09-24/IN/grow_regional_grants_page.html
IN,20,Indiana Immunization Coalition,,NONPROFIT_CBO,No,"GROW Regional Grants, Region 1 ($12.6 Million Awarded to Region 1), selected subrecipient announced 2026-09-03. INDIANA PUBLISHES NO PER-ORGANISATION AMOUNT: the region figure is in round_amount and is never divided (§6.2).",Yes,No,FY2026 (Year 1),"GROW Regional Grants -- Grant Recipient Organizations (IDOH, in.gov/grow-rural-health/regional-grants), with the eight IDOH Region press releases of 2026-09-03",https://www.in.gov/grow-rural-health/regional-grants/,AGENCY_PRESS_RELEASE,DIRECT_TEXT,R/03bi_in_grow_regional_awardees.R,,,,,1,20,GROW Regional Grants -- Region 1,https://vaccinateindiana.org/,"TYPED (session 63, FALLBACK): The source states no form (§8's standing fallback, RECIPIENT_TYPE_INFERRED); queued as IN_GROW_RECIPIENT_FORM_NOT_STATED. Classifier said NONPROFIT_CBO/LOW.",LOW,RECIPIENT_TYPE_INFERRED,Budget Period 1,NON_HOSPITAL,No,NOT_HOSPITAL,,"§10.2 NON_HOSPITAL: the named recipient is not a hospital (§0.3a -- judged on the recipient, not the activity), and the source does not mention hospitals anywhere in the funded work. The source states no form (§8's standing fallback, RECIPIENT_TYPE_INFERRED); queued as IN_GROW_RECIPIENT_FORM_NOT_STATED. Not a pass-through: IDOH's FAQ awards every listed organisation directly and prohibits it from sub-awarding.","Indiana publishes NO per-organisation amount. The region's figure, rounded in source to $0.1M, is in round_amount; it repeats on every row of its region and is never divided or summed down the column (§6.2).",,12600000,2026-09-03,data/evidence/recheck/2026-09-24/IN/grow_regional_grants_page.html
IN,21,NorthShore Health Centers,,FQHC_OR_RHC,No,"GROW Regional Grants, Region 1 ($12.6 Million Awarded to Region 1), selected subrecipient announced 2026-09-03. INDIANA PUBLISHES NO PER-ORGANISATION AMOUNT: the region figure is in round_amount and is never divided (§6.2).",Yes,No,FY2026 (Year 1),"GROW Regional Grants -- Grant Recipient Organizations (IDOH, in.gov/grow-rural-health/regional-grants), with the eight IDOH Region press releases of 2026-09-03",https://www.in.gov/grow-rural-health/regional-grants/,AGENCY_PRESS_RELEASE,DIRECT_TEXT,R/03bi_in_grow_regional_awardees.R,,,,,1,21,GROW Regional Grants -- Region 1,https://northshorehealth.org/,"TYPED (session 63, FEDERAL RECORD): EXACT federal record: CMS IN FQHC Enrollment carries this string as an ORGANIZATION NAME or DBA. Classifier said NONPROFIT_CBO/LOW.",MEDIUM,,Budget Period 1,NON_HOSPITAL,No,NOT_HOSPITAL,,"§10.2 NON_HOSPITAL: the named recipient is not a hospital (§0.3a -- judged on the recipient, not the activity), and the source does not mention hospitals anywhere in the funded work. EXACT federal record: CMS IN FQHC Enrollment carries this string as an ORGANIZATION NAME or DBA. Not a pass-through: IDOH's FAQ awards every listed organisation directly and prohibits it from sub-awarding.","Indiana publishes NO per-organisation amount. The region's figure, rounded in source to $0.1M, is in round_amount; it repeats on every row of its region and is never divided or summed down the column (§6.2).",ORG_WEBSITE,12600000,2026-09-03,data/evidence/recheck/2026-09-24/IN/grow_regional_grants_page.html
IN,22,Saint Joseph's College,,UNIVERSITY_OR_AHC,No,"GROW Regional Grants, Region 1 ($12.6 Million Awarded to Region 1), selected subrecipient announced 2026-09-03. INDIANA PUBLISHES NO PER-ORGANISATION AMOUNT: the region figure is in round_amount and is never divided (§6.2).",Yes,No,FY2026 (Year 1),"GROW Regional Grants -- Grant Recipient Organizations (IDOH, in.gov/grow-rural-health/regional-grants), with the eight IDOH Region press releases of 2026-09-03",https://www.in.gov/grow-rural-health/regional-grants/,AGENCY_PRESS_RELEASE,DIRECT_TEXT,R/03bi_in_grow_regional_awardees.R,,,,,1,22,GROW Regional Grants -- Region 1,https://saintjoe.edu/,"TYPED (session 63, CLASSIFIER): The form is in the state's own string, and the shared classifier's name rule reads it. Classifier said UNIVERSITY_OR_AHC/HIGH.",HIGH,,Budget Period 1,NON_HOSPITAL,No,NOT_HOSPITAL,,"§10.2 NON_HOSPITAL: the named recipient is not a hospital (§0.3a -- judged on the recipient, not the activity), and the source does not mention hospitals anywhere in the funded work. The form is in the state's own string, and the shared classifier's name rule reads it. Not a pass-through: IDOH's FAQ awards every listed organisation directly and prohibits it from sub-awarding.","Indiana publishes NO per-organisation amount. The region's figure, rounded in source to $0.1M, is in round_amount; it repeats on every row of its region and is never divided or summed down the column (§6.2).",STATE_SOURCE,12600000,2026-09-03,data/evidence/recheck/2026-09-24/IN/grow_regional_grants_page.html
IN,23,Elkhart General Hospital,,HOSPITAL_OR_SYSTEM,Yes,"GROW Regional Grants, Region 1 ($12.6 Million Awarded to Region 1), selected subrecipient announced 2026-09-03. INDIANA PUBLISHES NO PER-ORGANISATION AMOUNT: the region figure is in round_amount and is never divided (§6.2).",Yes,No,FY2026 (Year 1),"GROW Regional Grants -- Grant Recipient Organizations (IDOH, in.gov/grow-rural-health/regional-grants), with the eight IDOH Region press releases of 2026-09-03",https://www.in.gov/grow-rural-health/regional-grants/,AGENCY_PRESS_RELEASE,DIRECT_TEXT,R/03bi_in_grow_regional_awardees.R,150018,,,,1,23,GROW Regional Grants -- Region 1,https://locations.beaconhealthsystem.org/in/elkhart/elkhart-general-hospital,"TYPED (session 63, FEDERAL RECORD): EXACT federal record: CMS IN Hospital Enrollment carries this string as an ORGANIZATION NAME or DBA (normalised for case, punctuation, a leading THE and a trailing INC) at CCN 150018. Classifier said HOSPITAL_OR_SYSTEM/HIGH.",MEDIUM,,Budget Period 1,DIRECT,Yes,NAMED_HOSPITAL,,"§10.2 DIRECT: the named recipient is a hospital or hospital system and the state's award document names both the recipient and the amount. EXACT federal record: CMS IN Hospital Enrollment carries this string as an ORGANIZATION NAME or DBA (normalised for case, punctuation, a leading THE and a trailing INC) at CCN 150018. §0.3a: the recipient is a hospital whatever the activity.","Indiana publishes NO per-organisation amount. The region's figure, rounded in source to $0.1M, is in round_amount; it repeats on every row of its region and is never divided or summed down the column (§6.2).",ORG_WEBSITE,12600000,2026-09-03,data/evidence/recheck/2026-09-24/IN/grow_regional_grants_page.html
IN,24,Jasper Newton Foundation Inc.,,NONPROFIT_CBO,No,"GROW Regional Grants, Region 1 ($12.6 Million Awarded to Region 1), selected subrecipient announced 2026-09-03. INDIANA PUBLISHES NO PER-ORGANISATION AMOUNT: the region figure is in round_amount and is never divided (§6.2).",Yes,No,FY2026 (Year 1),"GROW Regional Grants -- Grant Recipient Organizations (IDOH, in.gov/grow-rural-health/regional-grants), with the eight IDOH Region press releases of 2026-09-03",https://www.in.gov/grow-rural-health/regional-grants/,AGENCY_PRESS_RELEASE,DIRECT_TEXT,R/03bi_in_grow_regional_awardees.R,,,,,1,24,GROW Regional Grants -- Region 1,https://www.jaspernewtonfoundation.org/,"TYPED (session 63, FALLBACK): The source states no form (§8's standing fallback, RECIPIENT_TYPE_INFERRED); queued as IN_GROW_RECIPIENT_FORM_NOT_STATED. Classifier said NONPROFIT_CBO/LOW.",LOW,RECIPIENT_TYPE_INFERRED,Budget Period 1,NON_HOSPITAL,No,NOT_HOSPITAL,,"§10.2 NON_HOSPITAL: the named recipient is not a hospital (§0.3a -- judged on the recipient, not the activity), and the source does not mention hospitals anywhere in the funded work. The source states no form (§8's standing fallback, RECIPIENT_TYPE_INFERRED); queued as IN_GROW_RECIPIENT_FORM_NOT_STATED. Not a pass-through: IDOH's FAQ awards every listed organisation directly and prohibits it from sub-awarding.","Indiana publishes NO per-organisation amount. The region's figure, rounded in source to $0.1M, is in round_amount; it repeats on every row of its region and is never divided or summed down the column (§6.2).",,12600000,2026-09-03,data/evidence/recheck/2026-09-24/IN/grow_regional_grants_page.html
IN,25,Northwest Health Starke Hospital,,HOSPITAL_OR_SYSTEM,Yes,"GROW Regional Grants, Region 1 ($12.6 Million Awarded to Region 1), selected subrecipient announced 2026-09-03. INDIANA PUBLISHES NO PER-ORGANISATION AMOUNT: the region figure is in round_amount and is never divided (§6.2).",Yes,No,FY2026 (Year 1),"GROW Regional Grants -- Grant Recipient Organizations (IDOH, in.gov/grow-rural-health/regional-grants), with the eight IDOH Region press releases of 2026-09-03",https://www.in.gov/grow-rural-health/regional-grants/,AGENCY_PRESS_RELEASE,DIRECT_TEXT,R/03bi_in_grow_regional_awardees.R,150102,,,,1,25,GROW Regional Grants -- Region 1,https://www.nwhealthstarke.com/,"TYPED (session 63, HAND-READ): HAND-READ BRIDGE: CMS enrols KNOX HOSPITAL COMPANY LLC dba NORTHWEST HEALTH-STARKE (CCN 150102, Knox); the state's string adds 'Hospital' and drops the hyphen, and the page links nwhealthstarke.com. LOW; queued as IN_GROW_HOSPITAL_BRIDGES. Classifier said HOSPITAL_OR_SYSTEM/HIGH.",LOW,,Budget Period 1,DIRECT,Yes,NAMED_HOSPITAL,,"§10.2 DIRECT: the named recipient is a hospital or hospital system and the state's award document names both the recipient and the amount. HAND-READ BRIDGE: CMS enrols KNOX HOSPITAL COMPANY LLC dba NORTHWEST HEALTH-STARKE (CCN 150102, Knox); the state's string adds 'Hospital' and drops the hyphen, and the page links nwhealthstarke.com. LOW; queued as IN_GROW_HOSPITAL_BRIDGES. §0.3a: the recipient is a hospital whatever the activity.","Indiana publishes NO per-organisation amount. The region's figure, rounded in source to $0.1M, is in round_amount; it repeats on every row of its region and is never divided or summed down the column (§6.2).",GENERAL_KNOWLEDGE,12600000,2026-09-03,data/evidence/recheck/2026-09-24/IN/grow_regional_grants_page.html
IN,26,Starke County EMS,,EMS_OR_PSAP,No,"GROW Regional Grants, Region 1 ($12.6 Million Awarded to Region 1), selected subrecipient announced 2026-09-03. INDIANA PUBLISHES NO PER-ORGANISATION AMOUNT: the region figure is in round_amount and is never divided (§6.2).",Yes,No,FY2026 (Year 1),"GROW Regional Grants -- Grant Recipient Organizations (IDOH, in.gov/grow-rural-health/regional-grants), with the eight IDOH Region press releases of 2026-09-03",https://www.in.gov/grow-rural-health/regional-grants/,AGENCY_PRESS_RELEASE,DIRECT_TEXT,R/03bi_in_grow_regional_awardees.R,,,,,1,26,GROW Regional Grants -- Region 1,https://starke.in.gov/annex-1/ems/,"TYPED (session 63, CLASSIFIER): The form is in the state's own string, and the shared classifier's name rule reads it. Classifier said EMS_OR_PSAP/HIGH.",HIGH,,Budget Period 1,NON_HOSPITAL,No,NOT_HOSPITAL,,"§10.2 NON_HOSPITAL: the named recipient is not a hospital (§0.3a -- judged on the recipient, not the activity), and the source does not mention hospitals anywhere in the funded work. The form is in the state's own string, and the shared classifier's name rule reads it. Not a pass-through: IDOH's FAQ awards every listed organisation directly and prohibits it from sub-awarding.","Indiana publishes NO per-organisation amount. The region's figure, rounded in source to $0.1M, is in round_amount; it repeats on every row of its region and is never divided or summed down the column (§6.2).",STATE_SOURCE,12600000,2026-09-03,data/evidence/recheck/2026-09-24/IN/grow_regional_grants_page.html
IN,27,Adams County Memorial Hospital,,HOSPITAL_OR_SYSTEM,Yes,"GROW Regional Grants, Region 2 ($20.7 Million Awarded to Region 2), selected subrecipient announced 2026-09-03. INDIANA PUBLISHES NO PER-ORGANISATION AMOUNT: the region figure is in round_amount and is never divided (§6.2).",Yes,No,FY2026 (Year 1),"GROW Regional Grants -- Grant Recipient Organizations (IDOH, in.gov/grow-rural-health/regional-grants), with the eight IDOH Region press releases of 2026-09-03",https://www.in.gov/grow-rural-health/regional-grants/,AGENCY_PRESS_RELEASE,DIRECT_TEXT,R/03bi_in_grow_regional_awardees.R,151330,,,,2,1,GROW Regional Grants -- Region 2,https://adamshospital.org/,"TYPED (session 63, FEDERAL RECORD): EXACT federal record: CMS IN Hospital Enrollment carries this string as an ORGANIZATION NAME or DBA (normalised for case, punctuation, a leading THE and a trailing INC) at CCN 151330; its provider-based RHCs enrol under the same name. Classifier said HOSPITAL_OR_SYSTEM/HIGH.",MEDIUM,,Budget Period 1,DIRECT,Yes,NAMED_HOSPITAL,,"§10.2 DIRECT: the named recipient is a hospital or hospital system and the state's award document names both the recipient and the amount. EXACT federal record: CMS IN Hospital Enrollment carries this string as an ORGANIZATION NAME or DBA (normalised for case, punctuation, a leading THE and a trailing INC) at CCN 151330; its provider-based RHCs enrol under the same name. §0.3a: the recipient is a hospital whatever the activity.","Indiana publishes NO per-organisation amount. The region's figure, rounded in source to $0.1M, is in round_amount; it repeats on every row of its region and is never divided or summed down the column (§6.2).",ORG_WEBSITE,20700000,2026-09-03,data/evidence/recheck/2026-09-24/IN/grow_regional_grants_page.html
IN,28,Cole Center Young Men's Christian Association Inc.,,NONPROFIT_CBO,No,"GROW Regional Grants, Region 2 ($20.7 Million Awarded to Region 2), selected subrecipient announced 2026-09-03. INDIANA PUBLISHES NO PER-ORGANISATION AMOUNT: the region figure is in round_amount and is never divided (§6.2).",Yes,No,FY2026 (Year 1),"GROW Regional Grants -- Grant Recipient Organizations (IDOH, in.gov/grow-rural-health/regional-grants), with the eight IDOH Region press releases of 2026-09-03",https://www.in.gov/grow-rural-health/regional-grants/,AGENCY_PRESS_RELEASE,DIRECT_TEXT,R/03bi_in_grow_regional_awardees.R,,,,,2,2,GROW Regional Grants -- Region 2,https://www.coleymca.net/,"TYPED (session 63, FALLBACK): The source states no form (§8's standing fallback, RECIPIENT_TYPE_INFERRED); queued as IN_GROW_RECIPIENT_FORM_NOT_STATED. Classifier said NONPROFIT_CBO/LOW.",LOW,RECIPIENT_TYPE_INFERRED,Budget Period 1,NON_HOSPITAL,No,NOT_HOSPITAL,,"§10.2 NON_HOSPITAL: the named recipient is not a hospital (§0.3a -- judged on the recipient, not the activity), and the source does not mention hospitals anywhere in the funded work. The source states no form (§8's standing fallback, RECIPIENT_TYPE_INFERRED); queued as IN_GROW_RECIPIENT_FORM_NOT_STATED. Not a pass-through: IDOH's FAQ awards every listed organisation directly and prohibits it from sub-awarding.","Indiana publishes NO per-organisation amount. The region's figure, rounded in source to $0.1M, is in round_amount; it repeats on every row of its region and is never divided or summed down the column (§6.2).",,20700000,2026-09-03,data/evidence/recheck/2026-09-24/IN/grow_regional_grants_page.html
IN,29,Kosciusko Community YMCA,,NONPROFIT_CBO,No,"GROW Regional Grants, Region 2 ($20.7 Million Awarded to Region 2), selected subrecipient announced 2026-09-03. INDIANA PUBLISHES NO PER-ORGANISATION AMOUNT: the region figure is in round_amount and is never divided (§6.2).",Yes,No,FY2026 (Year 1),"GROW Regional Grants -- Grant Recipient Organizations (IDOH, in.gov/grow-rural-health/regional-grants), with the eight IDOH Region press releases of 2026-09-03",https://www.in.gov/grow-rural-health/regional-grants/,AGENCY_PRESS_RELEASE,DIRECT_TEXT,R/03bi_in_grow_regional_awardees.R,,,,,2,3,GROW Regional Grants -- Region 2,https://www.kcymca.org/,"TYPED (session 63, FALLBACK): The source states no form (§8's standing fallback, RECIPIENT_TYPE_INFERRED); queued as IN_GROW_RECIPIENT_FORM_NOT_STATED. Classifier said NONPROFIT_CBO/LOW.",LOW,RECIPIENT_TYPE_INFERRED,Budget Period 1,NON_HOSPITAL,No,NOT_HOSPITAL,,"§10.2 NON_HOSPITAL: the named recipient is not a hospital (§0.3a -- judged on the recipient, not the activity), and the source does not mention hospitals anywhere in the funded work. The source states no form (§8's standing fallback, RECIPIENT_TYPE_INFERRED); queued as IN_GROW_RECIPIENT_FORM_NOT_STATED. Not a pass-through: IDOH's FAQ awards every listed organisation directly and prohibits it from sub-awarding.","Indiana publishes NO per-organisation amount. The region's figure, rounded in source to $0.1M, is in round_amount; it repeats on every row of its region and is never divided or summed down the column (§6.2).",,20700000,2026-09-03,data/evidence/recheck/2026-09-24/IN/grow_regional_grants_page.html
IN,30,Parkview Hospital,,HOSPITAL_OR_SYSTEM,Yes,"GROW Regional Grants, Region 2 ($20.7 Million Awarded to Region 2), selected subrecipient announced 2026-09-03. INDIANA PUBLISHES NO PER-ORGANISATION AMOUNT: the region figure is in round_amount and is never divided (§6.2).",Yes,No,FY2026 (Year 1),"GROW Regional Grants -- Grant Recipient Organizations (IDOH, in.gov/grow-rural-health/regional-grants), with the eight IDOH Region press releases of 2026-09-03",https://www.in.gov/grow-rural-health/regional-grants/,AGENCY_PRESS_RELEASE,DIRECT_TEXT,R/03bi_in_grow_regional_awardees.R,150021,,,,2,4,GROW Regional Grants -- Region 2,https://www.parkview.com/,"TYPED (session 63, FEDERAL RECORD): EXACT federal record: CMS IN Hospital Enrollment carries this string as an ORGANIZATION NAME or DBA (normalised for case, punctuation, a leading THE and a trailing INC) at CCN 150021. Classifier said HOSPITAL_OR_SYSTEM/HIGH.",MEDIUM,,Budget Period 1,DIRECT,Yes,NAMED_HOSPITAL,,"§10.2 DIRECT: the named recipient is a hospital or hospital system and the state's award document names both the recipient and the amount. EXACT federal record: CMS IN Hospital Enrollment carries this string as an ORGANIZATION NAME or DBA (normalised for case, punctuation, a leading THE and a trailing INC) at CCN 150021. §0.3a: the recipient is a hospital whatever the activity.","Indiana publishes NO per-organisation amount. The region's figure, rounded in source to $0.1M, is in round_amount; it repeats on every row of its region and is never divided or summed down the column (§6.2).",ORG_WEBSITE,20700000,2026-09-03,data/evidence/recheck/2026-09-24/IN/grow_regional_grants_page.html
IN,31,Well County Council on Aging,,NONPROFIT_CBO,No,"GROW Regional Grants, Region 2 ($20.7 Million Awarded to Region 2), selected subrecipient announced 2026-09-03. INDIANA PUBLISHES NO PER-ORGANISATION AMOUNT: the region figure is in round_amount and is never divided (§6.2).",Yes,No,FY2026 (Year 1),"GROW Regional Grants -- Grant Recipient Organizations (IDOH, in.gov/grow-rural-health/regional-grants), with the eight IDOH Region press releases of 2026-09-03",https://www.in.gov/grow-rural-health/regional-grants/,AGENCY_PRESS_RELEASE,DIRECT_TEXT,R/03bi_in_grow_regional_awardees.R,,,,,2,5,GROW Regional Grants -- Region 2,https://councilonaginginc.com/,"TYPED (session 63, FALLBACK): The source states no form (§8's standing fallback, RECIPIENT_TYPE_INFERRED); queued as IN_GROW_RECIPIENT_FORM_NOT_STATED. Classifier said NONPROFIT_CBO/LOW.",LOW,RECIPIENT_TYPE_INFERRED,Budget Period 1,NON_HOSPITAL,No,NOT_HOSPITAL,,"§10.2 NON_HOSPITAL: the named recipient is not a hospital (§0.3a -- judged on the recipient, not the activity), and the source does not mention hospitals anywhere in the funded work. The source states no form (§8's standing fallback, RECIPIENT_TYPE_INFERRED); queued as IN_GROW_RECIPIENT_FORM_NOT_STATED. Not a pass-through: IDOH's FAQ awards every listed organisation directly and prohibits it from sub-awarding.","Indiana publishes NO per-organisation amount. The region's figure, rounded in source to $0.1M, is in round_amount; it repeats on every row of its region and is never divided or summed down the column (§6.2).",,20700000,2026-09-03,data/evidence/recheck/2026-09-24/IN/grow_regional_grants_page.html
IN,32,Ball State University,,UNIVERSITY_OR_AHC,No,"GROW Regional Grants, Region 2 ($20.7 Million Awarded to Region 2), selected subrecipient announced 2026-09-03. INDIANA PUBLISHES NO PER-ORGANISATION AMOUNT: the region figure is in round_amount and is never divided (§6.2).",Yes,No,FY2026 (Year 1),"GROW Regional Grants -- Grant Recipient Organizations (IDOH, in.gov/grow-rural-health/regional-grants), with the eight IDOH Region press releases of 2026-09-03",https://www.in.gov/grow-rural-health/regional-grants/,AGENCY_PRESS_RELEASE,DIRECT_TEXT,R/03bi_in_grow_regional_awardees.R,,,,,2,6,GROW Regional Grants -- Region 2,https://www.bsu.edu/,"TYPED (session 63, CLASSIFIER): The form is in the state's own string, and the shared classifier's name rule reads it. Classifier said UNIVERSITY_OR_AHC/HIGH.",HIGH,,Budget Period 1,NON_HOSPITAL,No,NOT_HOSPITAL,,"§10.2 NON_HOSPITAL: the named recipient is not a hospital (§0.3a -- judged on the recipient, not the activity), and the source does not mention hospitals anywhere in the funded work. The form is in the state's own string, and the shared classifier's name rule reads it. Not a pass-through: IDOH's FAQ awards every listed organisation directly and prohibits it from sub-awarding.","Indiana publishes NO per-organisation amount. The region's figure, rounded in source to $0.1M, is in round_amount; it repeats on every row of its region and is never divided or summed down the column (§6.2).",STATE_SOURCE,20700000,2026-09-03,data/evidence/recheck/2026-09-24/IN/grow_regional_grants_page.html
IN,33,Kosciusko County Clubhouse,,NONPROFIT_CBO,No,"GROW Regional Grants, Region 2 ($20.7 Million Awarded to Region 2), selected subrecipient announced 2026-09-03. INDIANA PUBLISHES NO PER-ORGANISATION AMOUNT: the region figure is in round_amount and is never divided (§6.2).",Yes,No,FY2026 (Year 1),"GROW Regional Grants -- Grant Recipient Organizations (IDOH, in.gov/grow-rural-health/regional-grants), with the eight IDOH Region press releases of 2026-09-03",https://www.in.gov/grow-rural-health/regional-grants/,AGENCY_PRESS_RELEASE,DIRECT_TEXT,R/03bi_in_grow_regional_awardees.R,,,,,2,7,GROW Regional Grants -- Region 2,https://100lakes.org/,"TYPED (session 63, FALLBACK): The source states no form (§8's standing fallback, RECIPIENT_TYPE_INFERRED); queued as IN_GROW_RECIPIENT_FORM_NOT_STATED. Classifier said NONPROFIT_CBO/LOW.",LOW,RECIPIENT_TYPE_INFERRED,Budget Period 1,NON_HOSPITAL,No,NOT_HOSPITAL,,"§10.2 NON_HOSPITAL: the named recipient is not a hospital (§0.3a -- judged on the recipient, not the activity), and the source does not mention hospitals anywhere in the funded work. The source states no form (§8's standing fallback, RECIPIENT_TYPE_INFERRED); queued as IN_GROW_RECIPIENT_FORM_NOT_STATED. Not a pass-through: IDOH's FAQ awards every listed organisation directly and prohibits it from sub-awarding.","Indiana publishes NO per-organisation amount. The region's figure, rounded in source to $0.1M, is in round_amount; it repeats on every row of its region and is never divided or summed down the column (§6.2).",,20700000,2026-09-03,data/evidence/recheck/2026-09-24/IN/grow_regional_grants_page.html
IN,34,LaGrange County Health Department,,LOCAL_GOVT_OR_PUBLIC_HEALTH,No,"GROW Regional Grants, Region 2 ($20.7 Million Awarded to Region 2), selected subrecipient announced 2026-09-03. INDIANA PUBLISHES NO PER-ORGANISATION AMOUNT: the region figure is in round_amount and is never divided (§6.2).",Yes,No,FY2026 (Year 1),"GROW Regional Grants -- Grant Recipient Organizations (IDOH, in.gov/grow-rural-health/regional-grants), with the eight IDOH Region press releases of 2026-09-03",https://www.in.gov/grow-rural-health/regional-grants/,AGENCY_PRESS_RELEASE,DIRECT_TEXT,R/03bi_in_grow_regional_awardees.R,,,,,2,8,GROW Regional Grants -- Region 2,https://lagrangecountyhealth.com/,"TYPED (session 63, CLASSIFIER): The form is in the state's own string, and the shared classifier's name rule reads it. Classifier said LOCAL_GOVT_OR_PUBLIC_HEALTH/HIGH.",HIGH,,Budget Period 1,NON_HOSPITAL,No,NOT_HOSPITAL,,"§10.2 NON_HOSPITAL: the named recipient is not a hospital (§0.3a -- judged on the recipient, not the activity), and the source does not mention hospitals anywhere in the funded work. The form is in the state's own string, and the shared classifier's name rule reads it. Not a pass-through: IDOH's FAQ awards every listed organisation directly and prohibits it from sub-awarding.","Indiana publishes NO per-organisation amount. The region's figure, rounded in source to $0.1M, is in round_amount; it repeats on every row of its region and is never divided or summed down the column (§6.2).",STATE_SOURCE,20700000,2026-09-03,data/evidence/recheck/2026-09-24/IN/grow_regional_grants_page.html
IN,35,Parkview Huntington Family Young Men's Christian Association,,NONPROFIT_CBO,No,"GROW Regional Grants, Region 2 ($20.7 Million Awarded to Region 2), selected subrecipient announced 2026-09-03. INDIANA PUBLISHES NO PER-ORGANISATION AMOUNT: the region figure is in round_amount and is never divided (§6.2).",Yes,No,FY2026 (Year 1),"GROW Regional Grants -- Grant Recipient Organizations (IDOH, in.gov/grow-rural-health/regional-grants), with the eight IDOH Region press releases of 2026-09-03",https://www.in.gov/grow-rural-health/regional-grants/,AGENCY_PRESS_RELEASE,DIRECT_TEXT,R/03bi_in_grow_regional_awardees.R,,,,,2,9,GROW Regional Grants -- Region 2,https://huntingtony.org/,"TYPED (session 63, HAND-READ): NOT PARKVIEW HUNTINGTON HOSPITAL (§0.3a, read the recipient): the recipient is a YMCA, the page's own link is huntingtony.org, and the hospital -- HUNTINGTON MEMORIAL HOSPITAL, INC. dba PARKVIEW HUNTINGTON HOSPITAL, CCN 150091 -- is not on this roster. §8's standing fallback. Classifier said NONPROFIT_CBO/LOW.",LOW,RECIPIENT_TYPE_INFERRED,Budget Period 1,NON_HOSPITAL,No,NOT_HOSPITAL,,"§10.2 NON_HOSPITAL: the named recipient is not a hospital (§0.3a -- judged on the recipient, not the activity), and the source does not mention hospitals anywhere in the funded work. NOT PARKVIEW HUNTINGTON HOSPITAL (§0.3a, read the recipient): the recipient is a YMCA, the page's own link is huntingtony.org, and the hospital -- HUNTINGTON MEMORIAL HOSPITAL, INC. dba PARKVIEW HUNTINGTON HOSPITAL, CCN 150091 -- is not on this roster. §8's standing fallback. Not a pass-through: IDOH's FAQ awards every listed organisation directly and prohibits it from sub-awarding.","Indiana publishes NO per-organisation amount. The region's figure, rounded in source to $0.1M, is in round_amount; it repeats on every row of its region and is never divided or summed down the column (§6.2).",,20700000,2026-09-03,data/evidence/recheck/2026-09-24/IN/grow_regional_grants_page.html
IN,36,YMCA of Dekalb County Inc,,NONPROFIT_CBO,No,"GROW Regional Grants, Region 2 ($20.7 Million Awarded to Region 2), selected subrecipient announced 2026-09-03. INDIANA PUBLISHES NO PER-ORGANISATION AMOUNT: the region figure is in round_amount and is never divided (§6.2).",Yes,No,FY2026 (Year 1),"GROW Regional Grants -- Grant Recipient Organizations (IDOH, in.gov/grow-rural-health/regional-grants), with the eight IDOH Region press releases of 2026-09-03",https://www.in.gov/grow-rural-health/regional-grants/,AGENCY_PRESS_RELEASE,DIRECT_TEXT,R/03bi_in_grow_regional_awardees.R,,,,,2,10,GROW Regional Grants -- Region 2,https://ymcadekalb.org/,"TYPED (session 63, FALLBACK): The source states no form (§8's standing fallback, RECIPIENT_TYPE_INFERRED); queued as IN_GROW_RECIPIENT_FORM_NOT_STATED. Classifier said NONPROFIT_CBO/LOW.",LOW,RECIPIENT_TYPE_INFERRED,Budget Period 1,NON_HOSPITAL,No,NOT_HOSPITAL,,"§10.2 NON_HOSPITAL: the named recipient is not a hospital (§0.3a -- judged on the recipient, not the activity), and the source does not mention hospitals anywhere in the funded work. The source states no form (§8's standing fallback, RECIPIENT_TYPE_INFERRED); queued as IN_GROW_RECIPIENT_FORM_NOT_STATED. Not a pass-through: IDOH's FAQ awards every listed organisation directly and prohibits it from sub-awarding.","Indiana publishes NO per-organisation amount. The region's figure, rounded in source to $0.1M, is in round_amount; it repeats on every row of its region and is never divided or summed down the column (§6.2).",,20700000,2026-09-03,data/evidence/recheck/2026-09-24/IN/grow_regional_grants_page.html
IN,37,Bluffton Health System LLC,,HOSPITAL_OR_SYSTEM,Yes,"GROW Regional Grants, Region 2 ($20.7 Million Awarded to Region 2), selected subrecipient announced 2026-09-03. INDIANA PUBLISHES NO PER-ORGANISATION AMOUNT: the region figure is in round_amount and is never divided (§6.2).",Yes,No,FY2026 (Year 1),"GROW Regional Grants -- Grant Recipient Organizations (IDOH, in.gov/grow-rural-health/regional-grants), with the eight IDOH Region press releases of 2026-09-03",https://www.in.gov/grow-rural-health/regional-grants/,AGENCY_PRESS_RELEASE,DIRECT_TEXT,R/03bi_in_grow_regional_awardees.R,150075,,,,2,11,GROW Regional Grants -- Region 2,https://www.blufftonregional.com/,"TYPED (session 63, FEDERAL RECORD): EXACT federal record: CMS IN Hospital Enrollment carries this string as an ORGANIZATION NAME or DBA (normalised for case, punctuation, a leading THE and a trailing INC) at CCN 150075. Classifier said HOSPITAL_OR_SYSTEM/MEDIUM.",MEDIUM,,Budget Period 1,DIRECT,Yes,NAMED_HOSPITAL,,"§10.2 DIRECT: the named recipient is a hospital or hospital system and the state's award document names both the recipient and the amount. EXACT federal record: CMS IN Hospital Enrollment carries this string as an ORGANIZATION NAME or DBA (normalised for case, punctuation, a leading THE and a trailing INC) at CCN 150075. §0.3a: the recipient is a hospital whatever the activity.","Indiana publishes NO per-organisation amount. The region's figure, rounded in source to $0.1M, is in round_amount; it repeats on every row of its region and is never divided or summed down the column (§6.2).",ORG_WEBSITE,20700000,2026-09-03,data/evidence/recheck/2026-09-24/IN/grow_regional_grants_page.html
IN,38,Dukes Health System LLC,,HOSPITAL_OR_SYSTEM,Yes,"GROW Regional Grants, Region 2 ($20.7 Million Awarded to Region 2), selected subrecipient announced 2026-09-03. INDIANA PUBLISHES NO PER-ORGANISATION AMOUNT: the region figure is in round_amount and is never divided (§6.2).",Yes,No,FY2026 (Year 1),"GROW Regional Grants -- Grant Recipient Organizations (IDOH, in.gov/grow-rural-health/regional-grants), with the eight IDOH Region press releases of 2026-09-03",https://www.in.gov/grow-rural-health/regional-grants/,AGENCY_PRESS_RELEASE,DIRECT_TEXT,R/03bi_in_grow_regional_awardees.R,151318,,,,2,12,GROW Regional Grants -- Region 2,https://www.dukesmemorialhosp.com/,"TYPED (session 63, FEDERAL RECORD): EXACT federal record: CMS IN Hospital Enrollment carries this string as an ORGANIZATION NAME or DBA (normalised for case, punctuation, a leading THE and a trailing INC) at CCN 151318. Classifier said HOSPITAL_OR_SYSTEM/MEDIUM.",MEDIUM,,Budget Period 1,DIRECT,Yes,NAMED_HOSPITAL,,"§10.2 DIRECT: the named recipient is a hospital or hospital system and the state's award document names both the recipient and the amount. EXACT federal record: CMS IN Hospital Enrollment carries this string as an ORGANIZATION NAME or DBA (normalised for case, punctuation, a leading THE and a trailing INC) at CCN 151318. §0.3a: the recipient is a hospital whatever the activity.","Indiana publishes NO per-organisation amount. The region's figure, rounded in source to $0.1M, is in round_amount; it repeats on every row of its region and is never divided or summed down the column (§6.2).",ORG_WEBSITE,20700000,2026-09-03,data/evidence/recheck/2026-09-24/IN/grow_regional_grants_page.html
IN,39,"Living Well in Wabash County CoA, Inc",,NONPROFIT_CBO,No,"GROW Regional Grants, Region 2 ($20.7 Million Awarded to Region 2), selected subrecipient announced 2026-09-03. INDIANA PUBLISHES NO PER-ORGANISATION AMOUNT: the region figure is in round_amount and is never divided (§6.2).",Yes,No,FY2026 (Year 1),"GROW Regional Grants -- Grant Recipient Organizations (IDOH, in.gov/grow-rural-health/regional-grants), with the eight IDOH Region press releases of 2026-09-03",https://www.in.gov/grow-rural-health/regional-grants/,AGENCY_PRESS_RELEASE,DIRECT_TEXT,R/03bi_in_grow_regional_awardees.R,,,,,2,13,GROW Regional Grants -- Region 2,https://livingwellinwabashcounty.org/,"TYPED (session 63, FALLBACK): The source states no form (§8's standing fallback, RECIPIENT_TYPE_INFERRED); queued as IN_GROW_RECIPIENT_FORM_NOT_STATED. Classifier said NONPROFIT_CBO/LOW.",LOW,RECIPIENT_TYPE_INFERRED,Budget Period 1,NON_HOSPITAL,No,NOT_HOSPITAL,,"§10.2 NON_HOSPITAL: the named recipient is not a hospital (§0.3a -- judged on the recipient, not the activity), and the source does not mention hospitals anywhere in the funded work. The source states no form (§8's standing fallback, RECIPIENT_TYPE_INFERRED); queued as IN_GROW_RECIPIENT_FORM_NOT_STATED. Not a pass-through: IDOH's FAQ awards every listed organisation directly and prohibits it from sub-awarding.","Indiana publishes NO per-organisation amount. The region's figure, rounded in source to $0.1M, is in round_amount; it repeats on every row of its region and is never divided or summed down the column (§6.2).",,20700000,2026-09-03,data/evidence/recheck/2026-09-24/IN/grow_regional_grants_page.html
IN,40,Steuben County Council on Aging,,NONPROFIT_CBO,No,"GROW Regional Grants, Region 2 ($20.7 Million Awarded to Region 2), selected subrecipient announced 2026-09-03. INDIANA PUBLISHES NO PER-ORGANISATION AMOUNT: the region figure is in round_amount and is never divided (§6.2).",Yes,No,FY2026 (Year 1),"GROW Regional Grants -- Grant Recipient Organizations (IDOH, in.gov/grow-rural-health/regional-grants), with the eight IDOH Region press releases of 2026-09-03",https://www.in.gov/grow-rural-health/regional-grants/,AGENCY_PRESS_RELEASE,DIRECT_TEXT,R/03bi_in_grow_regional_awardees.R,,,,,2,14,GROW Regional Grants -- Region 2,https://www.steubencoa.org/,"TYPED (session 63, FALLBACK): The source states no form (§8's standing fallback, RECIPIENT_TYPE_INFERRED); queued as IN_GROW_RECIPIENT_FORM_NOT_STATED. Classifier said NONPROFIT_CBO/LOW.",LOW,RECIPIENT_TYPE_INFERRED,Budget Period 1,NON_HOSPITAL,No,NOT_HOSPITAL,,"§10.2 NON_HOSPITAL: the named recipient is not a hospital (§0.3a -- judged on the recipient, not the activity), and the source does not mention hospitals anywhere in the funded work. The source states no form (§8's standing fallback, RECIPIENT_TYPE_INFERRED); queued as IN_GROW_RECIPIENT_FORM_NOT_STATED. Not a pass-through: IDOH's FAQ awards every listed organisation directly and prohibits it from sub-awarding.","Indiana publishes NO per-organisation amount. The region's figure, rounded in source to $0.1M, is in round_amount; it repeats on every row of its region and is never divided or summed down the column (§6.2).",,20700000,2026-09-03,data/evidence/recheck/2026-09-24/IN/grow_regional_grants_page.html
IN,41,YMCA of Greater Fort Wayne,,NONPROFIT_CBO,No,"GROW Regional Grants, Region 2 ($20.7 Million Awarded to Region 2), selected subrecipient announced 2026-09-03. INDIANA PUBLISHES NO PER-ORGANISATION AMOUNT: the region figure is in round_amount and is never divided (§6.2).",Yes,No,FY2026 (Year 1),"GROW Regional Grants -- Grant Recipient Organizations (IDOH, in.gov/grow-rural-health/regional-grants), with the eight IDOH Region press releases of 2026-09-03",https://www.in.gov/grow-rural-health/regional-grants/,AGENCY_PRESS_RELEASE,DIRECT_TEXT,R/03bi_in_grow_regional_awardees.R,,,,,2,15,GROW Regional Grants -- Region 2,https://www.fwymca.org/,"TYPED (session 63, FALLBACK): The source states no form (§8's standing fallback, RECIPIENT_TYPE_INFERRED); queued as IN_GROW_RECIPIENT_FORM_NOT_STATED. Classifier said NONPROFIT_CBO/LOW.",LOW,RECIPIENT_TYPE_INFERRED,Budget Period 1,NON_HOSPITAL,No,NOT_HOSPITAL,,"§10.2 NON_HOSPITAL: the named recipient is not a hospital (§0.3a -- judged on the recipient, not the activity), and the source does not mention hospitals anywhere in the funded work. The source states no form (§8's standing fallback, RECIPIENT_TYPE_INFERRED); queued as IN_GROW_RECIPIENT_FORM_NOT_STATED. Not a pass-through: IDOH's FAQ awards every listed organisation directly and prohibits it from sub-awarding.","Indiana publishes NO per-organisation amount. The region's figure, rounded in source to $0.1M, is in round_amount; it repeats on every row of its region and is never divided or summed down the column (§6.2).",,20700000,2026-09-03,data/evidence/recheck/2026-09-24/IN/grow_regional_grants_page.html
IN,42,Cameron Memorial Community Hospital Inc.,,HOSPITAL_OR_SYSTEM,Yes,"GROW Regional Grants, Region 2 ($20.7 Million Awarded to Region 2), selected subrecipient announced 2026-09-03. INDIANA PUBLISHES NO PER-ORGANISATION AMOUNT: the region figure is in round_amount and is never divided (§6.2).",Yes,No,FY2026 (Year 1),"GROW Regional Grants -- Grant Recipient Organizations (IDOH, in.gov/grow-rural-health/regional-grants), with the eight IDOH Region press releases of 2026-09-03",https://www.in.gov/grow-rural-health/regional-grants/,AGENCY_PRESS_RELEASE,DIRECT_TEXT,R/03bi_in_grow_regional_awardees.R,151315,,,,2,16,GROW Regional Grants -- Region 2,https://cameronhealth.com/location/cameron-hospital/,"TYPED (session 63, FEDERAL RECORD): EXACT federal record: CMS IN Hospital Enrollment carries this string as an ORGANIZATION NAME or DBA (normalised for case, punctuation, a leading THE and a trailing INC) at CCN 151315; its provider-based RHCs enrol under the same name. Classifier said HOSPITAL_OR_SYSTEM/HIGH.",MEDIUM,,Budget Period 1,DIRECT,Yes,NAMED_HOSPITAL,,"§10.2 DIRECT: the named recipient is a hospital or hospital system and the state's award document names both the recipient and the amount. EXACT federal record: CMS IN Hospital Enrollment carries this string as an ORGANIZATION NAME or DBA (normalised for case, punctuation, a leading THE and a trailing INC) at CCN 151315; its provider-based RHCs enrol under the same name. §0.3a: the recipient is a hospital whatever the activity.","Indiana publishes NO per-organisation amount. The region's figure, rounded in source to $0.1M, is in round_amount; it repeats on every row of its region and is never divided or summed down the column (§6.2).",ORG_WEBSITE,20700000,2026-09-03,data/evidence/recheck/2026-09-24/IN/grow_regional_grants_page.html
IN,43,Healthy Community Coalition of Kosciusko County,,NONPROFIT_CBO,No,"GROW Regional Grants, Region 2 ($20.7 Million Awarded to Region 2), selected subrecipient announced 2026-09-03. INDIANA PUBLISHES NO PER-ORGANISATION AMOUNT: the region figure is in round_amount and is never divided (§6.2).",Yes,No,FY2026 (Year 1),"GROW Regional Grants -- Grant Recipient Organizations (IDOH, in.gov/grow-rural-health/regional-grants), with the eight IDOH Region press releases of 2026-09-03",https://www.in.gov/grow-rural-health/regional-grants/,AGENCY_PRESS_RELEASE,DIRECT_TEXT,R/03bi_in_grow_regional_awardees.R,,,,,2,17,GROW Regional Grants -- Region 2,https://livewellkosciusko.org/,"TYPED (session 63, FALLBACK): The source states no form (§8's standing fallback, RECIPIENT_TYPE_INFERRED); queued as IN_GROW_RECIPIENT_FORM_NOT_STATED. Classifier said NONPROFIT_CBO/LOW.",LOW,RECIPIENT_TYPE_INFERRED,Budget Period 1,NON_HOSPITAL,No,NOT_HOSPITAL,,"§10.2 NON_HOSPITAL: the named recipient is not a hospital (§0.3a -- judged on the recipient, not the activity), and the source does not mention hospitals anywhere in the funded work. The source states no form (§8's standing fallback, RECIPIENT_TYPE_INFERRED); queued as IN_GROW_RECIPIENT_FORM_NOT_STATED. Not a pass-through: IDOH's FAQ awards every listed organisation directly and prohibits it from sub-awarding.","Indiana publishes NO per-organisation amount. The region's figure, rounded in source to $0.1M, is in round_amount; it repeats on every row of its region and is never divided or summed down the column (§6.2).",,20700000,2026-09-03,data/evidence/recheck/2026-09-24/IN/grow_regional_grants_page.html
IN,44,Miami County Young Men's Christian Association,,NONPROFIT_CBO,No,"GROW Regional Grants, Region 2 ($20.7 Million Awarded to Region 2), selected subrecipient announced 2026-09-03. INDIANA PUBLISHES NO PER-ORGANISATION AMOUNT: the region figure is in round_amount and is never divided (§6.2).",Yes,No,FY2026 (Year 1),"GROW Regional Grants -- Grant Recipient Organizations (IDOH, in.gov/grow-rural-health/regional-grants), with the eight IDOH Region press releases of 2026-09-03",https://www.in.gov/grow-rural-health/regional-grants/,AGENCY_PRESS_RELEASE,DIRECT_TEXT,R/03bi_in_grow_regional_awardees.R,,,,,2,18,GROW Regional Grants -- Region 2,https://www.mcymca.org/,"TYPED (session 63, FALLBACK): The source states no form (§8's standing fallback, RECIPIENT_TYPE_INFERRED); queued as IN_GROW_RECIPIENT_FORM_NOT_STATED. Classifier said NONPROFIT_CBO/LOW.",LOW,RECIPIENT_TYPE_INFERRED,Budget Period 1,NON_HOSPITAL,No,NOT_HOSPITAL,,"§10.2 NON_HOSPITAL: the named recipient is not a hospital (§0.3a -- judged on the recipient, not the activity), and the source does not mention hospitals anywhere in the funded work. The source states no form (§8's standing fallback, RECIPIENT_TYPE_INFERRED); queued as IN_GROW_RECIPIENT_FORM_NOT_STATED. Not a pass-through: IDOH's FAQ awards every listed organisation directly and prohibits it from sub-awarding.","Indiana publishes NO per-organisation amount. The region's figure, rounded in source to $0.1M, is in round_amount; it repeats on every row of its region and is never divided or summed down the column (§6.2).",,20700000,2026-09-03,data/evidence/recheck/2026-09-24/IN/grow_regional_grants_page.html
IN,45,The Community Health Clinic,,NONPROFIT_CBO,No,"GROW Regional Grants, Region 2 ($20.7 Million Awarded to Region 2), selected subrecipient announced 2026-09-03. INDIANA PUBLISHES NO PER-ORGANISATION AMOUNT: the region figure is in round_amount and is never divided (§6.2).",Yes,No,FY2026 (Year 1),"GROW Regional Grants -- Grant Recipient Organizations (IDOH, in.gov/grow-rural-health/regional-grants), with the eight IDOH Region press releases of 2026-09-03",https://www.in.gov/grow-rural-health/regional-grants/,AGENCY_PRESS_RELEASE,DIRECT_TEXT,R/03bi_in_grow_regional_awardees.R,,,,,2,19,GROW Regional Grants -- Region 2,https://www.indianachc.org/,"TYPED (session 63, FALLBACK): The source states no form (§8's standing fallback, RECIPIENT_TYPE_INFERRED); queued as IN_GROW_RECIPIENT_FORM_NOT_STATED. Classifier said NONPROFIT_CBO/LOW.",LOW,RECIPIENT_TYPE_INFERRED,Budget Period 1,NON_HOSPITAL,No,NOT_HOSPITAL,,"§10.2 NON_HOSPITAL: the named recipient is not a hospital (§0.3a -- judged on the recipient, not the activity), and the source does not mention hospitals anywhere in the funded work. The source states no form (§8's standing fallback, RECIPIENT_TYPE_INFERRED); queued as IN_GROW_RECIPIENT_FORM_NOT_STATED. Not a pass-through: IDOH's FAQ awards every listed organisation directly and prohibits it from sub-awarding.","Indiana publishes NO per-organisation amount. The region's figure, rounded in source to $0.1M, is in round_amount; it repeats on every row of its region and is never divided or summed down the column (§6.2).",,20700000,2026-09-03,data/evidence/recheck/2026-09-24/IN/grow_regional_grants_page.html
IN,46,YMCA of Steuben County,,NONPROFIT_CBO,No,"GROW Regional Grants, Region 2 ($20.7 Million Awarded to Region 2), selected subrecipient announced 2026-09-03. INDIANA PUBLISHES NO PER-ORGANISATION AMOUNT: the region figure is in round_amount and is never divided (§6.2).",Yes,No,FY2026 (Year 1),"GROW Regional Grants -- Grant Recipient Organizations (IDOH, in.gov/grow-rural-health/regional-grants), with the eight IDOH Region press releases of 2026-09-03",https://www.in.gov/grow-rural-health/regional-grants/,AGENCY_PRESS_RELEASE,DIRECT_TEXT,R/03bi_in_grow_regional_awardees.R,,,,,2,20,GROW Regional Grants -- Region 2,https://www.ymcasteuben.org/,"TYPED (session 63, FALLBACK): The source states no form (§8's standing fallback, RECIPIENT_TYPE_INFERRED); queued as IN_GROW_RECIPIENT_FORM_NOT_STATED. Classifier said NONPROFIT_CBO/LOW.",LOW,RECIPIENT_TYPE_INFERRED,Budget Period 1,NON_HOSPITAL,No,NOT_HOSPITAL,,"§10.2 NON_HOSPITAL: the named recipient is not a hospital (§0.3a -- judged on the recipient, not the activity), and the source does not mention hospitals anywhere in the funded work. The source states no form (§8's standing fallback, RECIPIENT_TYPE_INFERRED); queued as IN_GROW_RECIPIENT_FORM_NOT_STATED. Not a pass-through: IDOH's FAQ awards every listed organisation directly and prohibits it from sub-awarding.","Indiana publishes NO per-organisation amount. The region's figure, rounded in source to $0.1M, is in round_amount; it repeats on every row of its region and is never divided or summed down the column (§6.2).",,20700000,2026-09-03,data/evidence/recheck/2026-09-24/IN/grow_regional_grants_page.html
IN,47,Cass Area Transit Inc,,NONPROFIT_CBO,No,"GROW Regional Grants, Region 2 ($20.7 Million Awarded to Region 2), selected subrecipient announced 2026-09-03. INDIANA PUBLISHES NO PER-ORGANISATION AMOUNT: the region figure is in round_amount and is never divided (§6.2).",Yes,No,FY2026 (Year 1),"GROW Regional Grants -- Grant Recipient Organizations (IDOH, in.gov/grow-rural-health/regional-grants), with the eight IDOH Region press releases of 2026-09-03",https://www.in.gov/grow-rural-health/regional-grants/,AGENCY_PRESS_RELEASE,DIRECT_TEXT,R/03bi_in_grow_regional_awardees.R,,,,,2,21,GROW Regional Grants -- Region 2,https://casstransit.com/,"TYPED (session 63, FALLBACK): The source states no form (§8's standing fallback, RECIPIENT_TYPE_INFERRED); queued as IN_GROW_RECIPIENT_FORM_NOT_STATED. Classifier said NONPROFIT_CBO/LOW.",LOW,RECIPIENT_TYPE_INFERRED,Budget Period 1,NON_HOSPITAL,No,NOT_HOSPITAL,,"§10.2 NON_HOSPITAL: the named recipient is not a hospital (§0.3a -- judged on the recipient, not the activity), and the source does not mention hospitals anywhere in the funded work. The source states no form (§8's standing fallback, RECIPIENT_TYPE_INFERRED); queued as IN_GROW_RECIPIENT_FORM_NOT_STATED. Not a pass-through: IDOH's FAQ awards every listed organisation directly and prohibits it from sub-awarding.","Indiana publishes NO per-organisation amount. The region's figure, rounded in source to $0.1M, is in round_amount; it repeats on every row of its region and is never divided or summed down the column (§6.2).",,20700000,2026-09-03,data/evidence/recheck/2026-09-24/IN/grow_regional_grants_page.html
IN,48,Huntington County Council on Aging,,NONPROFIT_CBO,No,"GROW Regional Grants, Region 2 ($20.7 Million Awarded to Region 2), selected subrecipient announced 2026-09-03. INDIANA PUBLISHES NO PER-ORGANISATION AMOUNT: the region figure is in round_amount and is never divided (§6.2).",Yes,No,FY2026 (Year 1),"GROW Regional Grants -- Grant Recipient Organizations (IDOH, in.gov/grow-rural-health/regional-grants), with the eight IDOH Region press releases of 2026-09-03",https://www.in.gov/grow-rural-health/regional-grants/,AGENCY_PRESS_RELEASE,DIRECT_TEXT,R/03bi_in_grow_regional_awardees.R,,,,,2,22,GROW Regional Grants -- Region 2,https://huntingtoncountycoa.org/,"TYPED (session 63, FALLBACK): The source states no form (§8's standing fallback, RECIPIENT_TYPE_INFERRED); queued as IN_GROW_RECIPIENT_FORM_NOT_STATED. Classifier said NONPROFIT_CBO/LOW.",LOW,RECIPIENT_TYPE_INFERRED,Budget Period 1,NON_HOSPITAL,No,NOT_HOSPITAL,,"§10.2 NON_HOSPITAL: the named recipient is not a hospital (§0.3a -- judged on the recipient, not the activity), and the source does not mention hospitals anywhere in the funded work. The source states no form (§8's standing fallback, RECIPIENT_TYPE_INFERRED); queued as IN_GROW_RECIPIENT_FORM_NOT_STATED. Not a pass-through: IDOH's FAQ awards every listed organisation directly and prohibits it from sub-awarding.","Indiana publishes NO per-organisation amount. The region's figure, rounded in source to $0.1M, is in round_amount; it repeats on every row of its region and is never divided or summed down the column (§6.2).",,20700000,2026-09-03,data/evidence/recheck/2026-09-24/IN/grow_regional_grants_page.html
IN,49,"Noble County Council on Aging, Inc",,NONPROFIT_CBO,No,"GROW Regional Grants, Region 2 ($20.7 Million Awarded to Region 2), selected subrecipient announced 2026-09-03. INDIANA PUBLISHES NO PER-ORGANISATION AMOUNT: the region figure is in round_amount and is never divided (§6.2).",Yes,No,FY2026 (Year 1),"GROW Regional Grants -- Grant Recipient Organizations (IDOH, in.gov/grow-rural-health/regional-grants), with the eight IDOH Region press releases of 2026-09-03",https://www.in.gov/grow-rural-health/regional-grants/,AGENCY_PRESS_RELEASE,DIRECT_TEXT,R/03bi_in_grow_regional_awardees.R,,,,,2,23,GROW Regional Grants -- Region 2,https://www.noblecountycoa.org/,"TYPED (session 63, FALLBACK): The source states no form (§8's standing fallback, RECIPIENT_TYPE_INFERRED); queued as IN_GROW_RECIPIENT_FORM_NOT_STATED. Classifier said NONPROFIT_CBO/LOW.",LOW,RECIPIENT_TYPE_INFERRED,Budget Period 1,NON_HOSPITAL,No,NOT_HOSPITAL,,"§10.2 NON_HOSPITAL: the named recipient is not a hospital (§0.3a -- judged on the recipient, not the activity), and the source does not mention hospitals anywhere in the funded work. The source states no form (§8's standing fallback, RECIPIENT_TYPE_INFERRED); queued as IN_GROW_RECIPIENT_FORM_NOT_STATED. Not a pass-through: IDOH's FAQ awards every listed organisation directly and prohibits it from sub-awarding.","Indiana publishes NO per-organisation amount. The region's figure, rounded in source to $0.1M, is in round_amount; it repeats on every row of its region and is never divided or summed down the column (§6.2).",,20700000,2026-09-03,data/evidence/recheck/2026-09-24/IN/grow_regional_grants_page.html
IN,50,Turnstone Center for Children and Adults with Disabilities Inc,,NONPROFIT_CBO,No,"GROW Regional Grants, Region 2 ($20.7 Million Awarded to Region 2), selected subrecipient announced 2026-09-03. INDIANA PUBLISHES NO PER-ORGANISATION AMOUNT: the region figure is in round_amount and is never divided (§6.2).",Yes,No,FY2026 (Year 1),"GROW Regional Grants -- Grant Recipient Organizations (IDOH, in.gov/grow-rural-health/regional-grants), with the eight IDOH Region press releases of 2026-09-03",https://www.in.gov/grow-rural-health/regional-grants/,AGENCY_PRESS_RELEASE,DIRECT_TEXT,R/03bi_in_grow_regional_awardees.R,,,,,2,24,GROW Regional Grants -- Region 2,https://turnstone.org/,"TYPED (session 63, FALLBACK): The source states no form (§8's standing fallback, RECIPIENT_TYPE_INFERRED); queued as IN_GROW_RECIPIENT_FORM_NOT_STATED. Classifier said NONPROFIT_CBO/LOW.",LOW,RECIPIENT_TYPE_INFERRED,Budget Period 1,NON_HOSPITAL,No,NOT_HOSPITAL,,"§10.2 NON_HOSPITAL: the named recipient is not a hospital (§0.3a -- judged on the recipient, not the activity), and the source does not mention hospitals anywhere in the funded work. The source states no form (§8's standing fallback, RECIPIENT_TYPE_INFERRED); queued as IN_GROW_RECIPIENT_FORM_NOT_STATED. Not a pass-through: IDOH's FAQ awards every listed organisation directly and prohibits it from sub-awarding.","Indiana publishes NO per-organisation amount. The region's figure, rounded in source to $0.1M, is in round_amount; it repeats on every row of its region and is never divided or summed down the column (§6.2).",,20700000,2026-09-03,data/evidence/recheck/2026-09-24/IN/grow_regional_grants_page.html
IN,51,"YWCA of Northeast Indiana, Inc.",,NONPROFIT_CBO,No,"GROW Regional Grants, Region 2 ($20.7 Million Awarded to Region 2), selected subrecipient announced 2026-09-03. INDIANA PUBLISHES NO PER-ORGANISATION AMOUNT: the region figure is in round_amount and is never divided (§6.2).",Yes,No,FY2026 (Year 1),"GROW Regional Grants -- Grant Recipient Organizations (IDOH, in.gov/grow-rural-health/regional-grants), with the eight IDOH Region press releases of 2026-09-03",https://www.in.gov/grow-rural-health/regional-grants/,AGENCY_PRESS_RELEASE,DIRECT_TEXT,R/03bi_in_grow_regional_awardees.R,,,,,2,25,GROW Regional Grants -- Region 2,https://ywcanein.org/,"TYPED (session 63, FALLBACK): The source states no form (§8's standing fallback, RECIPIENT_TYPE_INFERRED); queued as IN_GROW_RECIPIENT_FORM_NOT_STATED. Classifier said NONPROFIT_CBO/LOW.",LOW,RECIPIENT_TYPE_INFERRED,Budget Period 1,NON_HOSPITAL,No,NOT_HOSPITAL,,"§10.2 NON_HOSPITAL: the named recipient is not a hospital (§0.3a -- judged on the recipient, not the activity), and the source does not mention hospitals anywhere in the funded work. The source states no form (§8's standing fallback, RECIPIENT_TYPE_INFERRED); queued as IN_GROW_RECIPIENT_FORM_NOT_STATED. Not a pass-through: IDOH's FAQ awards every listed organisation directly and prohibits it from sub-awarding.","Indiana publishes NO per-organisation amount. The region's figure, rounded in source to $0.1M, is in round_amount; it repeats on every row of its region and is never divided or summed down the column (§6.2).",,20700000,2026-09-03,data/evidence/recheck/2026-09-24/IN/grow_regional_grants_page.html
IN,52,City of Warsaw,,LOCAL_GOVT_OR_PUBLIC_HEALTH,No,"GROW Regional Grants, Region 2 ($20.7 Million Awarded to Region 2), selected subrecipient announced 2026-09-03. INDIANA PUBLISHES NO PER-ORGANISATION AMOUNT: the region figure is in round_amount and is never divided (§6.2).",Yes,No,FY2026 (Year 1),"GROW Regional Grants -- Grant Recipient Organizations (IDOH, in.gov/grow-rural-health/regional-grants), with the eight IDOH Region press releases of 2026-09-03",https://www.in.gov/grow-rural-health/regional-grants/,AGENCY_PRESS_RELEASE,DIRECT_TEXT,R/03bi_in_grow_regional_awardees.R,,,,,2,26,GROW Regional Grants -- Region 2,https://www.warsaw.in.gov/,"TYPED (session 63, CLASSIFIER): The form is in the state's own string, and the shared classifier's name rule reads it. Classifier said LOCAL_GOVT_OR_PUBLIC_HEALTH/MEDIUM.",MEDIUM,,Budget Period 1,NON_HOSPITAL,No,NOT_HOSPITAL,,"§10.2 NON_HOSPITAL: the named recipient is not a hospital (§0.3a -- judged on the recipient, not the activity), and the source does not mention hospitals anywhere in the funded work. The form is in the state's own string, and the shared classifier's name rule reads it. Not a pass-through: IDOH's FAQ awards every listed organisation directly and prohibits it from sub-awarding.","Indiana publishes NO per-organisation amount. The region's figure, rounded in source to $0.1M, is in round_amount; it repeats on every row of its region and is never divided or summed down the column (§6.2).",STATE_SOURCE,20700000,2026-09-03,data/evidence/recheck/2026-09-24/IN/grow_regional_grants_page.html
IN,53,"Indiana Health Centers, Inc.",,FQHC_OR_RHC,No,"GROW Regional Grants, Region 2 ($20.7 Million Awarded to Region 2), selected subrecipient announced 2026-09-03. INDIANA PUBLISHES NO PER-ORGANISATION AMOUNT: the region figure is in round_amount and is never divided (§6.2).",Yes,No,FY2026 (Year 1),"GROW Regional Grants -- Grant Recipient Organizations (IDOH, in.gov/grow-rural-health/regional-grants), with the eight IDOH Region press releases of 2026-09-03",https://www.in.gov/grow-rural-health/regional-grants/,AGENCY_PRESS_RELEASE,DIRECT_TEXT,R/03bi_in_grow_regional_awardees.R,,,,,2,27,GROW Regional Grants -- Region 2,https://indianahealthonline.org/,"TYPED (session 63, FEDERAL RECORD): EXACT federal record: CMS IN FQHC Enrollment carries this string as an ORGANIZATION NAME or DBA. Classifier said NONPROFIT_CBO/LOW.",MEDIUM,,Budget Period 1,NON_HOSPITAL,No,NOT_HOSPITAL,,"§10.2 NON_HOSPITAL: the named recipient is not a hospital (§0.3a -- judged on the recipient, not the activity), and the source does not mention hospitals anywhere in the funded work. EXACT federal record: CMS IN FQHC Enrollment carries this string as an ORGANIZATION NAME or DBA. Not a pass-through: IDOH's FAQ awards every listed organisation directly and prohibits it from sub-awarding.","Indiana publishes NO per-organisation amount. The region's figure, rounded in source to $0.1M, is in round_amount; it repeats on every row of its region and is never divided or summed down the column (§6.2).",ORG_WEBSITE,20700000,2026-09-03,data/evidence/recheck/2026-09-24/IN/grow_regional_grants_page.html
IN,54,Northeastern Center,,HOSPITAL_OR_SYSTEM,Yes,"GROW Regional Grants, Region 2 ($20.7 Million Awarded to Region 2), selected subrecipient announced 2026-09-03. INDIANA PUBLISHES NO PER-ORGANISATION AMOUNT: the region figure is in round_amount and is never divided (§6.2).",Yes,No,FY2026 (Year 1),"GROW Regional Grants -- Grant Recipient Organizations (IDOH, in.gov/grow-rural-health/regional-grants), with the eight IDOH Region press releases of 2026-09-03",https://www.in.gov/grow-rural-health/regional-grants/,AGENCY_PRESS_RELEASE,DIRECT_TEXT,R/03bi_in_grow_regional_awardees.R,154050,,,,2,28,GROW Regional Grants -- Region 2,https://www.nec.org/,"TYPED (session 63, FEDERAL RECORD): EXACT federal record: CMS IN Hospital Enrollment carries this string as an ORGANIZATION NAME or DBA (normalised for case, punctuation, a leading THE and a trailing INC) at CCN 154050. A COMMUNITY MENTAL HEALTH CENTRE CORPORATION HOLDING A PSYCHIATRIC HOSPITAL CCN: typed on the record, queued as IN_GROW_CMHC_HOLDS_HOSPITAL_CCN so a reader can subtract it. Classifier said NONPROFIT_CBO/LOW.",MEDIUM,,Budget Period 1,DIRECT,Yes,NAMED_HOSPITAL,,"§10.2 DIRECT: the named recipient is a hospital or hospital system and the state's award document names both the recipient and the amount. EXACT federal record: CMS IN Hospital Enrollment carries this string as an ORGANIZATION NAME or DBA (normalised for case, punctuation, a leading THE and a trailing INC) at CCN 154050. A COMMUNITY MENTAL HEALTH CENTRE CORPORATION HOLDING A PSYCHIATRIC HOSPITAL CCN: typed on the record, queued as IN_GROW_CMHC_HOLDS_HOSPITAL_CCN so a reader can subtract it. §0.3a: the recipient is a hospital whatever the activity.","Indiana publishes NO per-organisation amount. The region's figure, rounded in source to $0.1M, is in round_amount; it repeats on every row of its region and is never divided or summed down the column (§6.2).",ORG_WEBSITE,20700000,2026-09-03,data/evidence/recheck/2026-09-24/IN/grow_regional_grants_page.html
IN,55,Wabash County YMCA,,NONPROFIT_CBO,No,"GROW Regional Grants, Region 2 ($20.7 Million Awarded to Region 2), selected subrecipient announced 2026-09-03. INDIANA PUBLISHES NO PER-ORGANISATION AMOUNT: the region figure is in round_amount and is never divided (§6.2).",Yes,No,FY2026 (Year 1),"GROW Regional Grants -- Grant Recipient Organizations (IDOH, in.gov/grow-rural-health/regional-grants), with the eight IDOH Region press releases of 2026-09-03",https://www.in.gov/grow-rural-health/regional-grants/,AGENCY_PRESS_RELEASE,DIRECT_TEXT,R/03bi_in_grow_regional_awardees.R,,,,,2,29,GROW Regional Grants -- Region 2,https://www.ymca.org/locations/wabash-county-ymca,"TYPED (session 63, FALLBACK): The source states no form (§8's standing fallback, RECIPIENT_TYPE_INFERRED); queued as IN_GROW_RECIPIENT_FORM_NOT_STATED. Classifier said NONPROFIT_CBO/LOW.",LOW,RECIPIENT_TYPE_INFERRED,Budget Period 1,NON_HOSPITAL,No,NOT_HOSPITAL,,"§10.2 NON_HOSPITAL: the named recipient is not a hospital (§0.3a -- judged on the recipient, not the activity), and the source does not mention hospitals anywhere in the funded work. The source states no form (§8's standing fallback, RECIPIENT_TYPE_INFERRED); queued as IN_GROW_RECIPIENT_FORM_NOT_STATED. Not a pass-through: IDOH's FAQ awards every listed organisation directly and prohibits it from sub-awarding.","Indiana publishes NO per-organisation amount. The region's figure, rounded in source to $0.1M, is in round_amount; it repeats on every row of its region and is never divided or summed down the column (§6.2).",,20700000,2026-09-03,data/evidence/recheck/2026-09-24/IN/grow_regional_grants_page.html
IN,56,"Area IV Agency on Aging and Community Action Programs, Inc",,NONPROFIT_CBO,No,"GROW Regional Grants, Region 3 ($9.7 Million Awarded to Region 3), selected subrecipient announced 2026-09-03. INDIANA PUBLISHES NO PER-ORGANISATION AMOUNT: the region figure is in round_amount and is never divided (§6.2).",Yes,No,FY2026 (Year 1),"GROW Regional Grants -- Grant Recipient Organizations (IDOH, in.gov/grow-rural-health/regional-grants), with the eight IDOH Region press releases of 2026-09-03",https://www.in.gov/grow-rural-health/regional-grants/,AGENCY_PRESS_RELEASE,DIRECT_TEXT,R/03bi_in_grow_regional_awardees.R,,,,,3,1,GROW Regional Grants -- Region 3,https://www.areaivagency.org/,"TYPED (session 63, FALLBACK): The source states no form (§8's standing fallback, RECIPIENT_TYPE_INFERRED); queued as IN_GROW_RECIPIENT_FORM_NOT_STATED. Classifier said NONPROFIT_CBO/LOW.",LOW,RECIPIENT_TYPE_INFERRED,Budget Period 1,NON_HOSPITAL,No,NOT_HOSPITAL,,"§10.2 NON_HOSPITAL: the named recipient is not a hospital (§0.3a -- judged on the recipient, not the activity), and the source does not mention hospitals anywhere in the funded work. The source states no form (§8's standing fallback, RECIPIENT_TYPE_INFERRED); queued as IN_GROW_RECIPIENT_FORM_NOT_STATED. Not a pass-through: IDOH's FAQ awards every listed organisation directly and prohibits it from sub-awarding.","Indiana publishes NO per-organisation amount. The region's figure, rounded in source to $0.1M, is in round_amount; it repeats on every row of its region and is never divided or summed down the column (§6.2).",,9700000,2026-09-03,data/evidence/recheck/2026-09-24/IN/grow_regional_grants_page.html
IN,57,Clinton County EMS,,EMS_OR_PSAP,No,"GROW Regional Grants, Region 3 ($9.7 Million Awarded to Region 3), selected subrecipient announced 2026-09-03. INDIANA PUBLISHES NO PER-ORGANISATION AMOUNT: the region figure is in round_amount and is never divided (§6.2).",Yes,No,FY2026 (Year 1),"GROW Regional Grants -- Grant Recipient Organizations (IDOH, in.gov/grow-rural-health/regional-grants), with the eight IDOH Region press releases of 2026-09-03",https://www.in.gov/grow-rural-health/regional-grants/,AGENCY_PRESS_RELEASE,DIRECT_TEXT,R/03bi_in_grow_regional_awardees.R,,,,,3,2,GROW Regional Grants -- Region 3,https://clintoncoems.com/,"TYPED (session 63, CLASSIFIER): The form is in the state's own string, and the shared classifier's name rule reads it. Classifier said EMS_OR_PSAP/HIGH.",HIGH,,Budget Period 1,NON_HOSPITAL,No,NOT_HOSPITAL,,"§10.2 NON_HOSPITAL: the named recipient is not a hospital (§0.3a -- judged on the recipient, not the activity), and the source does not mention hospitals anywhere in the funded work. The form is in the state's own string, and the shared classifier's name rule reads it. Not a pass-through: IDOH's FAQ awards every listed organisation directly and prohibits it from sub-awarding.","Indiana publishes NO per-organisation amount. The region's figure, rounded in source to $0.1M, is in round_amount; it repeats on every row of its region and is never divided or summed down the column (§6.2).",STATE_SOURCE,9700000,2026-09-03,data/evidence/recheck/2026-09-24/IN/grow_regional_grants_page.html
IN,58,"Health Communities of Clinton County, Inc",,NONPROFIT_CBO,No,"GROW Regional Grants, Region 3 ($9.7 Million Awarded to Region 3), selected subrecipient announced 2026-09-03. INDIANA PUBLISHES NO PER-ORGANISATION AMOUNT: the region figure is in round_amount and is never divided (§6.2).",Yes,No,FY2026 (Year 1),"GROW Regional Grants -- Grant Recipient Organizations (IDOH, in.gov/grow-rural-health/regional-grants), with the eight IDOH Region press releases of 2026-09-03",https://www.in.gov/grow-rural-health/regional-grants/,AGENCY_PRESS_RELEASE,DIRECT_TEXT,R/03bi_in_grow_regional_awardees.R,,,,,3,3,GROW Regional Grants -- Region 3,https://www.healthyclintoncounty.org/,"TYPED (session 63, FALLBACK): The source states no form (§8's standing fallback, RECIPIENT_TYPE_INFERRED); queued as IN_GROW_RECIPIENT_FORM_NOT_STATED. Classifier said NONPROFIT_CBO/LOW.",LOW,RECIPIENT_TYPE_INFERRED,Budget Period 1,NON_HOSPITAL,No,NOT_HOSPITAL,,"§10.2 NON_HOSPITAL: the named recipient is not a hospital (§0.3a -- judged on the recipient, not the activity), and the source does not mention hospitals anywhere in the funded work. The source states no form (§8's standing fallback, RECIPIENT_TYPE_INFERRED); queued as IN_GROW_RECIPIENT_FORM_NOT_STATED. Not a pass-through: IDOH's FAQ awards every listed organisation directly and prohibits it from sub-awarding.","Indiana publishes NO per-organisation amount. The region's figure, rounded in source to $0.1M, is in round_amount; it repeats on every row of its region and is never divided or summed down the column (§6.2).",,9700000,2026-09-03,data/evidence/recheck/2026-09-24/IN/grow_regional_grants_page.html
IN,59,"OPEN DOOR HEALTH CLINIC, INC.",,NONPROFIT_CBO,No,"GROW Regional Grants, Region 3 ($9.7 Million Awarded to Region 3), selected subrecipient announced 2026-09-03. INDIANA PUBLISHES NO PER-ORGANISATION AMOUNT: the region figure is in round_amount and is never divided (§6.2).",Yes,No,FY2026 (Year 1),"GROW Regional Grants -- Grant Recipient Organizations (IDOH, in.gov/grow-rural-health/regional-grants), with the eight IDOH Region press releases of 2026-09-03",https://www.in.gov/grow-rural-health/regional-grants/,AGENCY_PRESS_RELEASE,DIRECT_TEXT,R/03bi_in_grow_regional_awardees.R,,,,,3,4,GROW Regional Grants -- Region 3,,"TYPED (session 63, FALLBACK): The source states no form (§8's standing fallback, RECIPIENT_TYPE_INFERRED); queued as IN_GROW_RECIPIENT_FORM_NOT_STATED. Classifier said NONPROFIT_CBO/LOW.",LOW,RECIPIENT_TYPE_INFERRED,Budget Period 1,NON_HOSPITAL,No,NOT_HOSPITAL,,"§10.2 NON_HOSPITAL: the named recipient is not a hospital (§0.3a -- judged on the recipient, not the activity), and the source does not mention hospitals anywhere in the funded work. The source states no form (§8's standing fallback, RECIPIENT_TYPE_INFERRED); queued as IN_GROW_RECIPIENT_FORM_NOT_STATED. Not a pass-through: IDOH's FAQ awards every listed organisation directly and prohibits it from sub-awarding.","Indiana publishes NO per-organisation amount. The region's figure, rounded in source to $0.1M, is in round_amount; it repeats on every row of its region and is never divided or summed down the column (§6.2).",,9700000,2026-09-03,data/evidence/recheck/2026-09-24/IN/grow_regional_grants_page.html
IN,60,"St. Vincent Williamsport Hospital, Inc.",,HOSPITAL_OR_SYSTEM,Yes,"GROW Regional Grants, Region 3 ($9.7 Million Awarded to Region 3), selected subrecipient announced 2026-09-03. INDIANA PUBLISHES NO PER-ORGANISATION AMOUNT: the region figure is in round_amount and is never divided (§6.2).",Yes,No,FY2026 (Year 1),"GROW Regional Grants -- Grant Recipient Organizations (IDOH, in.gov/grow-rural-health/regional-grants), with the eight IDOH Region press releases of 2026-09-03",https://www.in.gov/grow-rural-health/regional-grants/,AGENCY_PRESS_RELEASE,DIRECT_TEXT,R/03bi_in_grow_regional_awardees.R,151307,,,,3,5,GROW Regional Grants -- Region 3,https://healthcare.ascension.org/locations/indiana/inasc/williamsport-ascension-st-vincent-williamsport,"TYPED (session 63, FEDERAL RECORD): EXACT federal record: CMS IN Hospital Enrollment carries this string as an ORGANIZATION NAME or DBA (normalised for case, punctuation, a leading THE and a trailing INC) at CCN 151307; its provider-based RHCs enrol under the same name. Classifier said HOSPITAL_OR_SYSTEM/HIGH.",MEDIUM,,Budget Period 1,DIRECT,Yes,NAMED_HOSPITAL,,"§10.2 DIRECT: the named recipient is a hospital or hospital system and the state's award document names both the recipient and the amount. EXACT federal record: CMS IN Hospital Enrollment carries this string as an ORGANIZATION NAME or DBA (normalised for case, punctuation, a leading THE and a trailing INC) at CCN 151307; its provider-based RHCs enrol under the same name. §0.3a: the recipient is a hospital whatever the activity.","Indiana publishes NO per-organisation amount. The region's figure, rounded in source to $0.1M, is in round_amount; it repeats on every row of its region and is never divided or summed down the column (§6.2).",ORG_WEBSITE,9700000,2026-09-03,data/evidence/recheck/2026-09-24/IN/grow_regional_grants_page.html
IN,61,Benton County Emergency Ambulance Service,,EMS_OR_PSAP,No,"GROW Regional Grants, Region 3 ($9.7 Million Awarded to Region 3), selected subrecipient announced 2026-09-03. INDIANA PUBLISHES NO PER-ORGANISATION AMOUNT: the region figure is in round_amount and is never divided (§6.2).",Yes,No,FY2026 (Year 1),"GROW Regional Grants -- Grant Recipient Organizations (IDOH, in.gov/grow-rural-health/regional-grants), with the eight IDOH Region press releases of 2026-09-03",https://www.in.gov/grow-rural-health/regional-grants/,AGENCY_PRESS_RELEASE,DIRECT_TEXT,R/03bi_in_grow_regional_awardees.R,,,,,3,6,GROW Regional Grants -- Region 3,https://www.bentoncounty.in.gov/department/ems,"TYPED (session 63, CLASSIFIER): The form is in the state's own string, and the shared classifier's name rule reads it. Classifier said EMS_OR_PSAP/HIGH.",HIGH,,Budget Period 1,NON_HOSPITAL,No,NOT_HOSPITAL,,"§10.2 NON_HOSPITAL: the named recipient is not a hospital (§0.3a -- judged on the recipient, not the activity), and the source does not mention hospitals anywhere in the funded work. The form is in the state's own string, and the shared classifier's name rule reads it. Not a pass-through: IDOH's FAQ awards every listed organisation directly and prohibits it from sub-awarding.","Indiana publishes NO per-organisation amount. The region's figure, rounded in source to $0.1M, is in round_amount; it repeats on every row of its region and is never divided or summed down the column (§6.2).",STATE_SOURCE,9700000,2026-09-03,data/evidence/recheck/2026-09-24/IN/grow_regional_grants_page.html
IN,62,Clinton County Health Department,,LOCAL_GOVT_OR_PUBLIC_HEALTH,No,"GROW Regional Grants, Region 3 ($9.7 Million Awarded to Region 3), selected subrecipient announced 2026-09-03. INDIANA PUBLISHES NO PER-ORGANISATION AMOUNT: the region figure is in round_amount and is never divided (§6.2).",Yes,No,FY2026 (Year 1),"GROW Regional Grants -- Grant Recipient Organizations (IDOH, in.gov/grow-rural-health/regional-grants), with the eight IDOH Region press releases of 2026-09-03",https://www.in.gov/grow-rural-health/regional-grants/,AGENCY_PRESS_RELEASE,DIRECT_TEXT,R/03bi_in_grow_regional_awardees.R,,,,,3,7,GROW Regional Grants -- Region 3,https://www.in.gov/localhealth/clintoncounty/,"TYPED (session 63, CLASSIFIER): The form is in the state's own string, and the shared classifier's name rule reads it. Classifier said LOCAL_GOVT_OR_PUBLIC_HEALTH/HIGH.",HIGH,,Budget Period 1,NON_HOSPITAL,No,NOT_HOSPITAL,,"§10.2 NON_HOSPITAL: the named recipient is not a hospital (§0.3a -- judged on the recipient, not the activity), and the source does not mention hospitals anywhere in the funded work. The form is in the state's own string, and the shared classifier's name rule reads it. Not a pass-through: IDOH's FAQ awards every listed organisation directly and prohibits it from sub-awarding.","Indiana publishes NO per-organisation amount. The region's figure, rounded in source to $0.1M, is in round_amount; it repeats on every row of its region and is never divided or summed down the column (§6.2).",STATE_SOURCE,9700000,2026-09-03,data/evidence/recheck/2026-09-24/IN/grow_regional_grants_page.html
IN,63,Indiana Diaper Bank,,NONPROFIT_CBO,No,"GROW Regional Grants, Region 3 ($9.7 Million Awarded to Region 3), selected subrecipient announced 2026-09-03. INDIANA PUBLISHES NO PER-ORGANISATION AMOUNT: the region figure is in round_amount and is never divided (§6.2).",Yes,No,FY2026 (Year 1),"GROW Regional Grants -- Grant Recipient Organizations (IDOH, in.gov/grow-rural-health/regional-grants), with the eight IDOH Region press releases of 2026-09-03",https://www.in.gov/grow-rural-health/regional-grants/,AGENCY_PRESS_RELEASE,DIRECT_TEXT,R/03bi_in_grow_regional_awardees.R,,,,,3,8,GROW Regional Grants -- Region 3,https://www.indianadiaperbank.org/,"TYPED (session 63, FALLBACK): The source states no form (§8's standing fallback, RECIPIENT_TYPE_INFERRED); queued as IN_GROW_RECIPIENT_FORM_NOT_STATED. Classifier said NONPROFIT_CBO/LOW.",LOW,RECIPIENT_TYPE_INFERRED,Budget Period 1,NON_HOSPITAL,No,NOT_HOSPITAL,,"§10.2 NON_HOSPITAL: the named recipient is not a hospital (§0.3a -- judged on the recipient, not the activity), and the source does not mention hospitals anywhere in the funded work. The source states no form (§8's standing fallback, RECIPIENT_TYPE_INFERRED); queued as IN_GROW_RECIPIENT_FORM_NOT_STATED. Not a pass-through: IDOH's FAQ awards every listed organisation directly and prohibits it from sub-awarding.","Indiana publishes NO per-organisation amount. The region's figure, rounded in source to $0.1M, is in round_amount; it repeats on every row of its region and is never divided or summed down the column (§6.2).",,9700000,2026-09-03,data/evidence/recheck/2026-09-24/IN/grow_regional_grants_page.html
IN,64,"Paul Phillippe Resource Center, Inc.",,NONPROFIT_CBO,No,"GROW Regional Grants, Region 3 ($9.7 Million Awarded to Region 3), selected subrecipient announced 2026-09-03. INDIANA PUBLISHES NO PER-ORGANISATION AMOUNT: the region figure is in round_amount and is never divided (§6.2).",Yes,No,FY2026 (Year 1),"GROW Regional Grants -- Grant Recipient Organizations (IDOH, in.gov/grow-rural-health/regional-grants), with the eight IDOH Region press releases of 2026-09-03",https://www.in.gov/grow-rural-health/regional-grants/,AGENCY_PRESS_RELEASE,DIRECT_TEXT,R/03bi_in_grow_regional_awardees.R,,,,,3,9,GROW Regional Grants -- Region 3,https://www.paulphillipperesourcecenter.org/,"TYPED (session 63, FALLBACK): The source states no form (§8's standing fallback, RECIPIENT_TYPE_INFERRED); queued as IN_GROW_RECIPIENT_FORM_NOT_STATED. Classifier said NONPROFIT_CBO/LOW.",LOW,RECIPIENT_TYPE_INFERRED,Budget Period 1,NON_HOSPITAL,No,NOT_HOSPITAL,,"§10.2 NON_HOSPITAL: the named recipient is not a hospital (§0.3a -- judged on the recipient, not the activity), and the source does not mention hospitals anywhere in the funded work. The source states no form (§8's standing fallback, RECIPIENT_TYPE_INFERRED); queued as IN_GROW_RECIPIENT_FORM_NOT_STATED. Not a pass-through: IDOH's FAQ awards every listed organisation directly and prohibits it from sub-awarding.","Indiana publishes NO per-organisation amount. The region's figure, rounded in source to $0.1M, is in round_amount; it repeats on every row of its region and is never divided or summed down the column (§6.2).",,9700000,2026-09-03,data/evidence/recheck/2026-09-24/IN/grow_regional_grants_page.html
IN,65,"Valley Oaks Health, Inc",,FQHC_OR_RHC,No,"GROW Regional Grants, Region 3 ($9.7 Million Awarded to Region 3), selected subrecipient announced 2026-09-03. INDIANA PUBLISHES NO PER-ORGANISATION AMOUNT: the region figure is in round_amount and is never divided (§6.2).",Yes,No,FY2026 (Year 1),"GROW Regional Grants -- Grant Recipient Organizations (IDOH, in.gov/grow-rural-health/regional-grants), with the eight IDOH Region press releases of 2026-09-03",https://www.in.gov/grow-rural-health/regional-grants/,AGENCY_PRESS_RELEASE,DIRECT_TEXT,R/03bi_in_grow_regional_awardees.R,,,,,3,10,GROW Regional Grants -- Region 3,https://www.valleyoaks.org/,"TYPED (session 63, FEDERAL RECORD): EXACT federal record: CMS IN FQHC Enrollment carries this string as an ORGANIZATION NAME or DBA. Classifier said NONPROFIT_CBO/LOW.",MEDIUM,,Budget Period 1,NON_HOSPITAL,No,NOT_HOSPITAL,,"§10.2 NON_HOSPITAL: the named recipient is not a hospital (§0.3a -- judged on the recipient, not the activity), and the source does not mention hospitals anywhere in the funded work. EXACT federal record: CMS IN FQHC Enrollment carries this string as an ORGANIZATION NAME or DBA. Not a pass-through: IDOH's FAQ awards every listed organisation directly and prohibits it from sub-awarding.","Indiana publishes NO per-organisation amount. The region's figure, rounded in source to $0.1M, is in round_amount; it repeats on every row of its region and is never divided or summed down the column (§6.2).",ORG_WEBSITE,9700000,2026-09-03,data/evidence/recheck/2026-09-24/IN/grow_regional_grants_page.html
IN,66,"Boone County Senior Services, Inc",,NONPROFIT_CBO,No,"GROW Regional Grants, Region 3 ($9.7 Million Awarded to Region 3), selected subrecipient announced 2026-09-03. INDIANA PUBLISHES NO PER-ORGANISATION AMOUNT: the region figure is in round_amount and is never divided (§6.2).",Yes,No,FY2026 (Year 1),"GROW Regional Grants -- Grant Recipient Organizations (IDOH, in.gov/grow-rural-health/regional-grants), with the eight IDOH Region press releases of 2026-09-03",https://www.in.gov/grow-rural-health/regional-grants/,AGENCY_PRESS_RELEASE,DIRECT_TEXT,R/03bi_in_grow_regional_awardees.R,,,,,3,11,GROW Regional Grants -- Region 3,https://www.booneseniors.org/,"TYPED (session 63, FALLBACK): The source states no form (§8's standing fallback, RECIPIENT_TYPE_INFERRED); queued as IN_GROW_RECIPIENT_FORM_NOT_STATED. Classifier said NONPROFIT_CBO/LOW.",LOW,RECIPIENT_TYPE_INFERRED,Budget Period 1,NON_HOSPITAL,No,NOT_HOSPITAL,,"§10.2 NON_HOSPITAL: the named recipient is not a hospital (§0.3a -- judged on the recipient, not the activity), and the source does not mention hospitals anywhere in the funded work. The source states no form (§8's standing fallback, RECIPIENT_TYPE_INFERRED); queued as IN_GROW_RECIPIENT_FORM_NOT_STATED. Not a pass-through: IDOH's FAQ awards every listed organisation directly and prohibits it from sub-awarding.","Indiana publishes NO per-organisation amount. The region's figure, rounded in source to $0.1M, is in round_amount; it repeats on every row of its region and is never divided or summed down the column (§6.2).",,9700000,2026-09-03,data/evidence/recheck/2026-09-24/IN/grow_regional_grants_page.html
IN,67,Community Action Program Inc of Western Indiana,,NONPROFIT_CBO,No,"GROW Regional Grants, Region 3 ($9.7 Million Awarded to Region 3), selected subrecipient announced 2026-09-03. INDIANA PUBLISHES NO PER-ORGANISATION AMOUNT: the region figure is in round_amount and is never divided (§6.2).",Yes,No,FY2026 (Year 1),"GROW Regional Grants -- Grant Recipient Organizations (IDOH, in.gov/grow-rural-health/regional-grants), with the eight IDOH Region press releases of 2026-09-03",https://www.in.gov/grow-rural-health/regional-grants/,AGENCY_PRESS_RELEASE,DIRECT_TEXT,R/03bi_in_grow_regional_awardees.R,,,,,3,12,GROW Regional Grants -- Region 3,https://www.capwi.org/,"TYPED (session 63, FALLBACK): The source states no form (§8's standing fallback, RECIPIENT_TYPE_INFERRED); queued as IN_GROW_RECIPIENT_FORM_NOT_STATED. Classifier said NONPROFIT_CBO/LOW.",LOW,RECIPIENT_TYPE_INFERRED,Budget Period 1,NON_HOSPITAL,No,NOT_HOSPITAL,,"§10.2 NON_HOSPITAL: the named recipient is not a hospital (§0.3a -- judged on the recipient, not the activity), and the source does not mention hospitals anywhere in the funded work. The source states no form (§8's standing fallback, RECIPIENT_TYPE_INFERRED); queued as IN_GROW_RECIPIENT_FORM_NOT_STATED. Not a pass-through: IDOH's FAQ awards every listed organisation directly and prohibits it from sub-awarding.","Indiana publishes NO per-organisation amount. The region's figure, rounded in source to $0.1M, is in round_amount; it repeats on every row of its region and is never divided or summed down the column (§6.2).",,9700000,2026-09-03,data/evidence/recheck/2026-09-24/IN/grow_regional_grants_page.html
IN,68,"Indiana Immunization Coalition, Inc.",,NONPROFIT_CBO,No,"GROW Regional Grants, Region 3 ($9.7 Million Awarded to Region 3), selected subrecipient announced 2026-09-03. INDIANA PUBLISHES NO PER-ORGANISATION AMOUNT: the region figure is in round_amount and is never divided (§6.2).",Yes,No,FY2026 (Year 1),"GROW Regional Grants -- Grant Recipient Organizations (IDOH, in.gov/grow-rural-health/regional-grants), with the eight IDOH Region press releases of 2026-09-03",https://www.in.gov/grow-rural-health/regional-grants/,AGENCY_PRESS_RELEASE,DIRECT_TEXT,R/03bi_in_grow_regional_awardees.R,,,,,3,13,GROW Regional Grants -- Region 3,https://vaccinateindiana.org/,"TYPED (session 63, FALLBACK): The source states no form (§8's standing fallback, RECIPIENT_TYPE_INFERRED); queued as IN_GROW_RECIPIENT_FORM_NOT_STATED. Classifier said NONPROFIT_CBO/LOW.",LOW,RECIPIENT_TYPE_INFERRED,Budget Period 1,NON_HOSPITAL,No,NOT_HOSPITAL,,"§10.2 NON_HOSPITAL: the named recipient is not a hospital (§0.3a -- judged on the recipient, not the activity), and the source does not mention hospitals anywhere in the funded work. The source states no form (§8's standing fallback, RECIPIENT_TYPE_INFERRED); queued as IN_GROW_RECIPIENT_FORM_NOT_STATED. Not a pass-through: IDOH's FAQ awards every listed organisation directly and prohibits it from sub-awarding.","Indiana publishes NO per-organisation amount. The region's figure, rounded in source to $0.1M, is in round_amount; it repeats on every row of its region and is never divided or summed down the column (§6.2).",,9700000,2026-09-03,data/evidence/recheck/2026-09-24/IN/grow_regional_grants_page.html
IN,69,Phoenix Paramedic Solutions LLC,,EMS_OR_PSAP,No,"GROW Regional Grants, Region 3 ($9.7 Million Awarded to Region 3), selected subrecipient announced 2026-09-03. INDIANA PUBLISHES NO PER-ORGANISATION AMOUNT: the region figure is in round_amount and is never divided (§6.2).",Yes,No,FY2026 (Year 1),"GROW Regional Grants -- Grant Recipient Organizations (IDOH, in.gov/grow-rural-health/regional-grants), with the eight IDOH Region press releases of 2026-09-03",https://www.in.gov/grow-rural-health/regional-grants/,AGENCY_PRESS_RELEASE,DIRECT_TEXT,R/03bi_in_grow_regional_awardees.R,,,,,3,14,GROW Regional Grants -- Region 3,https://www.phoenixparamedics.com/,"TYPED (session 63, HAND-READ): A paramedic service; the form is in the state's own string. The classifier's EMS rule does not reach 'Paramedic'. Classifier said NONPROFIT_CBO/LOW.",MEDIUM,,Budget Period 1,NON_HOSPITAL,No,NOT_HOSPITAL,,"§10.2 NON_HOSPITAL: the named recipient is not a hospital (§0.3a -- judged on the recipient, not the activity), and the source does not mention hospitals anywhere in the funded work. A paramedic service; the form is in the state's own string. The classifier's EMS rule does not reach 'Paramedic'. Not a pass-through: IDOH's FAQ awards every listed organisation directly and prohibits it from sub-awarding.","Indiana publishes NO per-organisation amount. The region's figure, rounded in source to $0.1M, is in round_amount; it repeats on every row of its region and is never divided or summed down the column (§6.2).",STATE_SOURCE,9700000,2026-09-03,data/evidence/recheck/2026-09-24/IN/grow_regional_grants_page.html
IN,70,"White County Council on Aging, Inc.",,NONPROFIT_CBO,No,"GROW Regional Grants, Region 3 ($9.7 Million Awarded to Region 3), selected subrecipient announced 2026-09-03. INDIANA PUBLISHES NO PER-ORGANISATION AMOUNT: the region figure is in round_amount and is never divided (§6.2).",Yes,No,FY2026 (Year 1),"GROW Regional Grants -- Grant Recipient Organizations (IDOH, in.gov/grow-rural-health/regional-grants), with the eight IDOH Region press releases of 2026-09-03",https://www.in.gov/grow-rural-health/regional-grants/,AGENCY_PRESS_RELEASE,DIRECT_TEXT,R/03bi_in_grow_regional_awardees.R,,,,,3,15,GROW Regional Grants -- Region 3,http://www.whitecountyseniorservices-publictransit.com/,"TYPED (session 63, FALLBACK): The source states no form (§8's standing fallback, RECIPIENT_TYPE_INFERRED); queued as IN_GROW_RECIPIENT_FORM_NOT_STATED. Classifier said NONPROFIT_CBO/LOW.",LOW,RECIPIENT_TYPE_INFERRED,Budget Period 1,NON_HOSPITAL,No,NOT_HOSPITAL,,"§10.2 NON_HOSPITAL: the named recipient is not a hospital (§0.3a -- judged on the recipient, not the activity), and the source does not mention hospitals anywhere in the funded work. The source states no form (§8's standing fallback, RECIPIENT_TYPE_INFERRED); queued as IN_GROW_RECIPIENT_FORM_NOT_STATED. Not a pass-through: IDOH's FAQ awards every listed organisation directly and prohibits it from sub-awarding.","Indiana publishes NO per-organisation amount. The region's figure, rounded in source to $0.1M, is in round_amount; it repeats on every row of its region and is never divided or summed down the column (§6.2).",,9700000,2026-09-03,data/evidence/recheck/2026-09-24/IN/grow_regional_grants_page.html
IN,71,"Carroll County Council on Aging, Inc.",,NONPROFIT_CBO,No,"GROW Regional Grants, Region 3 ($9.7 Million Awarded to Region 3), selected subrecipient announced 2026-09-03. INDIANA PUBLISHES NO PER-ORGANISATION AMOUNT: the region figure is in round_amount and is never divided (§6.2).",Yes,No,FY2026 (Year 1),"GROW Regional Grants -- Grant Recipient Organizations (IDOH, in.gov/grow-rural-health/regional-grants), with the eight IDOH Region press releases of 2026-09-03",https://www.in.gov/grow-rural-health/regional-grants/,AGENCY_PRESS_RELEASE,DIRECT_TEXT,R/03bi_in_grow_regional_awardees.R,,,,,3,16,GROW Regional Grants -- Region 3,,"TYPED (session 63, FALLBACK): The source states no form (§8's standing fallback, RECIPIENT_TYPE_INFERRED); queued as IN_GROW_RECIPIENT_FORM_NOT_STATED. Classifier said NONPROFIT_CBO/LOW.",LOW,RECIPIENT_TYPE_INFERRED,Budget Period 1,NON_HOSPITAL,No,NOT_HOSPITAL,,"§10.2 NON_HOSPITAL: the named recipient is not a hospital (§0.3a -- judged on the recipient, not the activity), and the source does not mention hospitals anywhere in the funded work. The source states no form (§8's standing fallback, RECIPIENT_TYPE_INFERRED); queued as IN_GROW_RECIPIENT_FORM_NOT_STATED. Not a pass-through: IDOH's FAQ awards every listed organisation directly and prohibits it from sub-awarding.","Indiana publishes NO per-organisation amount. The region's figure, rounded in source to $0.1M, is in round_amount; it repeats on every row of its region and is never divided or summed down the column (§6.2).",,9700000,2026-09-03,data/evidence/recheck/2026-09-24/IN/grow_regional_grants_page.html
IN,72,Crawfordsville Area Transit,,NONPROFIT_CBO,No,"GROW Regional Grants, Region 3 ($9.7 Million Awarded to Region 3), selected subrecipient announced 2026-09-03. INDIANA PUBLISHES NO PER-ORGANISATION AMOUNT: the region figure is in round_amount and is never divided (§6.2).",Yes,No,FY2026 (Year 1),"GROW Regional Grants -- Grant Recipient Organizations (IDOH, in.gov/grow-rural-health/regional-grants), with the eight IDOH Region press releases of 2026-09-03",https://www.in.gov/grow-rural-health/regional-grants/,AGENCY_PRESS_RELEASE,DIRECT_TEXT,R/03bi_in_grow_regional_awardees.R,,,,,3,17,GROW Regional Grants -- Region 3,https://www.crawfordsville.in.gov/452/Public-Transportation,"TYPED (session 63, FALLBACK): The source states no form (§8's standing fallback, RECIPIENT_TYPE_INFERRED); queued as IN_GROW_RECIPIENT_FORM_NOT_STATED. Classifier said NONPROFIT_CBO/LOW.",LOW,RECIPIENT_TYPE_INFERRED,Budget Period 1,NON_HOSPITAL,No,NOT_HOSPITAL,,"§10.2 NON_HOSPITAL: the named recipient is not a hospital (§0.3a -- judged on the recipient, not the activity), and the source does not mention hospitals anywhere in the funded work. The source states no form (§8's standing fallback, RECIPIENT_TYPE_INFERRED); queued as IN_GROW_RECIPIENT_FORM_NOT_STATED. Not a pass-through: IDOH's FAQ awards every listed organisation directly and prohibits it from sub-awarding.","Indiana publishes NO per-organisation amount. The region's figure, rounded in source to $0.1M, is in round_amount; it repeats on every row of its region and is never divided or summed down the column (§6.2).",,9700000,2026-09-03,data/evidence/recheck/2026-09-24/IN/grow_regional_grants_page.html
IN,73,"Indiana University Health, Inc",,HOSPITAL_OR_SYSTEM,Yes,"GROW Regional Grants, Region 3 ($9.7 Million Awarded to Region 3), selected subrecipient announced 2026-09-03. INDIANA PUBLISHES NO PER-ORGANISATION AMOUNT: the region figure is in round_amount and is never divided (§6.2).",Yes,No,FY2026 (Year 1),"GROW Regional Grants -- Grant Recipient Organizations (IDOH, in.gov/grow-rural-health/regional-grants), with the eight IDOH Region press releases of 2026-09-03",https://www.in.gov/grow-rural-health/regional-grants/,AGENCY_PRESS_RELEASE,DIRECT_TEXT,R/03bi_in_grow_regional_awardees.R,150056,,,,3,18,GROW Regional Grants -- Region 3,https://iuhealth.org/,"TYPED (session 63, FEDERAL RECORD): EXACT federal record: CMS IN Hospital Enrollment carries this string as an ORGANIZATION NAME or DBA (normalised for case, punctuation, a leading THE and a trailing INC) at CCN 150056. Classifier said UNIVERSITY_OR_AHC/HIGH.",MEDIUM,,Budget Period 1,DIRECT,Yes,NAMED_HOSPITAL,,"§10.2 DIRECT: the named recipient is a hospital or hospital system and the state's award document names both the recipient and the amount. EXACT federal record: CMS IN Hospital Enrollment carries this string as an ORGANIZATION NAME or DBA (normalised for case, punctuation, a leading THE and a trailing INC) at CCN 150056. §0.3a: the recipient is a hospital whatever the activity.","Indiana publishes NO per-organisation amount. The region's figure, rounded in source to $0.1M, is in round_amount; it repeats on every row of its region and is never divided or summed down the column (§6.2).",ORG_WEBSITE,9700000,2026-09-03,data/evidence/recheck/2026-09-24/IN/grow_regional_grants_page.html
IN,74,Purdue University,,UNIVERSITY_OR_AHC,No,"GROW Regional Grants, Region 3 ($9.7 Million Awarded to Region 3), selected subrecipient announced 2026-09-03. INDIANA PUBLISHES NO PER-ORGANISATION AMOUNT: the region figure is in round_amount and is never divided (§6.2).",Yes,No,FY2026 (Year 1),"GROW Regional Grants -- Grant Recipient Organizations (IDOH, in.gov/grow-rural-health/regional-grants), with the eight IDOH Region press releases of 2026-09-03",https://www.in.gov/grow-rural-health/regional-grants/,AGENCY_PRESS_RELEASE,DIRECT_TEXT,R/03bi_in_grow_regional_awardees.R,,,,,3,19,GROW Regional Grants -- Region 3,https://www.purdue.edu/,"TYPED (session 63, CLASSIFIER): The form is in the state's own string, and the shared classifier's name rule reads it. Classifier said UNIVERSITY_OR_AHC/HIGH.",HIGH,,Budget Period 1,NON_HOSPITAL,No,NOT_HOSPITAL,,"§10.2 NON_HOSPITAL: the named recipient is not a hospital (§0.3a -- judged on the recipient, not the activity), and the source does not mention hospitals anywhere in the funded work. The form is in the state's own string, and the shared classifier's name rule reads it. Not a pass-through: IDOH's FAQ awards every listed organisation directly and prohibits it from sub-awarding.","Indiana publishes NO per-organisation amount. The region's figure, rounded in source to $0.1M, is in round_amount; it repeats on every row of its region and is never divided or summed down the column (§6.2).",STATE_SOURCE,9700000,2026-09-03,data/evidence/recheck/2026-09-24/IN/grow_regional_grants_page.html
IN,75,City of Crawfordsville - Mobile Integrated Health,,LOCAL_GOVT_OR_PUBLIC_HEALTH,No,"GROW Regional Grants, Region 3 ($9.7 Million Awarded to Region 3), selected subrecipient announced 2026-09-03. INDIANA PUBLISHES NO PER-ORGANISATION AMOUNT: the region figure is in round_amount and is never divided (§6.2).",Yes,No,FY2026 (Year 1),"GROW Regional Grants -- Grant Recipient Organizations (IDOH, in.gov/grow-rural-health/regional-grants), with the eight IDOH Region press releases of 2026-09-03",https://www.in.gov/grow-rural-health/regional-grants/,AGENCY_PRESS_RELEASE,DIRECT_TEXT,R/03bi_in_grow_regional_awardees.R,,,,,3,20,GROW Regional Grants -- Region 3,https://www.crawfordsville.in.gov/158/Mobile-Integrated-Health,"TYPED (session 63, CLASSIFIER): The form is in the state's own string, and the shared classifier's name rule reads it. Classifier said LOCAL_GOVT_OR_PUBLIC_HEALTH/MEDIUM.",MEDIUM,,Budget Period 1,NON_HOSPITAL,No,NOT_HOSPITAL,,"§10.2 NON_HOSPITAL: the named recipient is not a hospital (§0.3a -- judged on the recipient, not the activity), and the source does not mention hospitals anywhere in the funded work. The form is in the state's own string, and the shared classifier's name rule reads it. Not a pass-through: IDOH's FAQ awards every listed organisation directly and prohibits it from sub-awarding.","Indiana publishes NO per-organisation amount. The region's figure, rounded in source to $0.1M, is in round_amount; it repeats on every row of its region and is never divided or summed down the column (§6.2).",STATE_SOURCE,9700000,2026-09-03,data/evidence/recheck/2026-09-24/IN/grow_regional_grants_page.html
IN,76,Franciscan Health Foundation,,HOSPITAL_OR_SYSTEM,Yes,"GROW Regional Grants, Region 3 ($9.7 Million Awarded to Region 3), selected subrecipient announced 2026-09-03. INDIANA PUBLISHES NO PER-ORGANISATION AMOUNT: the region figure is in round_amount and is never divided (§6.2).",Yes,No,FY2026 (Year 1),"GROW Regional Grants -- Grant Recipient Organizations (IDOH, in.gov/grow-rural-health/regional-grants), with the eight IDOH Region press releases of 2026-09-03",https://www.in.gov/grow-rural-health/regional-grants/,AGENCY_PRESS_RELEASE,DIRECT_TEXT,R/03bi_in_grow_regional_awardees.R,,,,,3,21,GROW Regional Grants -- Region 3,https://www.franciscanhealthfoundation.org/,"TYPED (session 63, HAND-READ): §10.2 HOSPITAL-FOUNDATION ROW (session 49): the foundation of a NAMED health system -- Franciscan Health, which CMS enrols as seven Indiana hospital corporations named FRANCISCAN HEALTH ... (Franciscan Health Crawfordsville, 150022, is in this same Region 3). The parent is a reading, so LOW; queued as IN_GROW_HOSPITAL_BRIDGES. Classifier said NONPROFIT_CBO/LOW.",LOW,,Budget Period 1,DIRECT,Yes,NAMED_HOSPITAL,,"§10.2 DIRECT: the named recipient is a hospital or hospital system and the state's award document names both the recipient and the amount. §10.2 HOSPITAL-FOUNDATION ROW (session 49): the foundation of a NAMED health system -- Franciscan Health, which CMS enrols as seven Indiana hospital corporations named FRANCISCAN HEALTH ... (Franciscan Health Crawfordsville, 150022, is in this same Region 3). The parent is a reading, so LOW; queued as IN_GROW_HOSPITAL_BRIDGES. §0.3a: the recipient is a hospital whatever the activity.","Indiana publishes NO per-organisation amount. The region's figure, rounded in source to $0.1M, is in round_amount; it repeats on every row of its region and is never divided or summed down the column (§6.2).",GENERAL_KNOWLEDGE,9700000,2026-09-03,data/evidence/recheck/2026-09-24/IN/grow_regional_grants_page.html
IN,77,Monticello Fire Department,,LOCAL_GOVT_OR_PUBLIC_HEALTH,No,"GROW Regional Grants, Region 3 ($9.7 Million Awarded to Region 3), selected subrecipient announced 2026-09-03. INDIANA PUBLISHES NO PER-ORGANISATION AMOUNT: the region figure is in round_amount and is never divided (§6.2).",Yes,No,FY2026 (Year 1),"GROW Regional Grants -- Grant Recipient Organizations (IDOH, in.gov/grow-rural-health/regional-grants), with the eight IDOH Region press releases of 2026-09-03",https://www.in.gov/grow-rural-health/regional-grants/,AGENCY_PRESS_RELEASE,DIRECT_TEXT,R/03bi_in_grow_regional_awardees.R,,,,,3,22,GROW Regional Grants -- Region 3,https://www.monticelloin.gov/departments/fire/overview,"TYPED (session 63, HAND-READ): A municipal fire department; the form is in the state's own string, and the page links monticelloin.gov. Classifier said NONPROFIT_CBO/LOW.",MEDIUM,,Budget Period 1,NON_HOSPITAL,No,NOT_HOSPITAL,,"§10.2 NON_HOSPITAL: the named recipient is not a hospital (§0.3a -- judged on the recipient, not the activity), and the source does not mention hospitals anywhere in the funded work. A municipal fire department; the form is in the state's own string, and the page links monticelloin.gov. Not a pass-through: IDOH's FAQ awards every listed organisation directly and prohibits it from sub-awarding.","Indiana publishes NO per-organisation amount. The region's figure, rounded in source to $0.1M, is in round_amount; it repeats on every row of its region and is never divided or summed down the column (§6.2).",STATE_SOURCE,9700000,2026-09-03,data/evidence/recheck/2026-09-24/IN/grow_regional_grants_page.html
IN,78,"Riggs Community Health Center, Inc",,FQHC_OR_RHC,No,"GROW Regional Grants, Region 3 ($9.7 Million Awarded to Region 3), selected subrecipient announced 2026-09-03. INDIANA PUBLISHES NO PER-ORGANISATION AMOUNT: the region figure is in round_amount and is never divided (§6.2).",Yes,No,FY2026 (Year 1),"GROW Regional Grants -- Grant Recipient Organizations (IDOH, in.gov/grow-rural-health/regional-grants), with the eight IDOH Region press releases of 2026-09-03",https://www.in.gov/grow-rural-health/regional-grants/,AGENCY_PRESS_RELEASE,DIRECT_TEXT,R/03bi_in_grow_regional_awardees.R,,,,,3,23,GROW Regional Grants -- Region 3,https://riggshealth.com/,"TYPED (session 63, FEDERAL RECORD): EXACT federal record: CMS IN FQHC Enrollment carries this string as an ORGANIZATION NAME or DBA. Classifier said FQHC_OR_RHC/MEDIUM.",MEDIUM,,Budget Period 1,NON_HOSPITAL,No,NOT_HOSPITAL,,"§10.2 NON_HOSPITAL: the named recipient is not a hospital (§0.3a -- judged on the recipient, not the activity), and the source does not mention hospitals anywhere in the funded work. EXACT federal record: CMS IN FQHC Enrollment carries this string as an ORGANIZATION NAME or DBA. Not a pass-through: IDOH's FAQ awards every listed organisation directly and prohibits it from sub-awarding.","Indiana publishes NO per-organisation amount. The region's figure, rounded in source to $0.1M, is in round_amount; it repeats on every row of its region and is never divided or summed down the column (§6.2).",ORG_WEBSITE,9700000,2026-09-03,data/evidence/recheck/2026-09-24/IN/grow_regional_grants_page.html
IN,79,"Aspire Indiana, Inc.",,NONPROFIT_CBO,No,"GROW Regional Grants, Region 4 ($15.2 Million Awarded to Region 4), selected subrecipient announced 2026-09-03. INDIANA PUBLISHES NO PER-ORGANISATION AMOUNT: the region figure is in round_amount and is never divided (§6.2).",Yes,No,FY2026 (Year 1),"GROW Regional Grants -- Grant Recipient Organizations (IDOH, in.gov/grow-rural-health/regional-grants), with the eight IDOH Region press releases of 2026-09-03",https://www.in.gov/grow-rural-health/regional-grants/,AGENCY_PRESS_RELEASE,DIRECT_TEXT,R/03bi_in_grow_regional_awardees.R,,,,,4,1,GROW Regional Grants -- Region 4,https://www.aspireindiana.org/,"TYPED (session 63, FALLBACK): The source states no form (§8's standing fallback, RECIPIENT_TYPE_INFERRED); queued as IN_GROW_RECIPIENT_FORM_NOT_STATED. Classifier said NONPROFIT_CBO/LOW.",LOW,RECIPIENT_TYPE_INFERRED,Budget Period 1,NON_HOSPITAL,No,NOT_HOSPITAL,,"§10.2 NON_HOSPITAL: the named recipient is not a hospital (§0.3a -- judged on the recipient, not the activity), and the source does not mention hospitals anywhere in the funded work. The source states no form (§8's standing fallback, RECIPIENT_TYPE_INFERRED); queued as IN_GROW_RECIPIENT_FORM_NOT_STATED. Not a pass-through: IDOH's FAQ awards every listed organisation directly and prohibits it from sub-awarding.","Indiana publishes NO per-organisation amount. The region's figure, rounded in source to $0.1M, is in round_amount; it repeats on every row of its region and is never divided or summed down the column (§6.2).",,15200000,2026-09-03,data/evidence/recheck/2026-09-24/IN/grow_regional_grants_page.html
IN,80,"Damar Services, Inc.",,FQHC_OR_RHC,No,"GROW Regional Grants, Region 4 ($15.2 Million Awarded to Region 4), selected subrecipient announced 2026-09-03. INDIANA PUBLISHES NO PER-ORGANISATION AMOUNT: the region figure is in round_amount and is never divided (§6.2).",Yes,No,FY2026 (Year 1),"GROW Regional Grants -- Grant Recipient Organizations (IDOH, in.gov/grow-rural-health/regional-grants), with the eight IDOH Region press releases of 2026-09-03",https://www.in.gov/grow-rural-health/regional-grants/,AGENCY_PRESS_RELEASE,DIRECT_TEXT,R/03bi_in_grow_regional_awardees.R,,,,,4,2,GROW Regional Grants -- Region 4,https://www.damar.org/,"TYPED (session 63, FEDERAL RECORD): EXACT federal record: CMS IN FQHC Enrollment carries this string as an ORGANIZATION NAME or DBA. Classifier said NONPROFIT_CBO/LOW.",MEDIUM,,Budget Period 1,NON_HOSPITAL,No,NOT_HOSPITAL,,"§10.2 NON_HOSPITAL: the named recipient is not a hospital (§0.3a -- judged on the recipient, not the activity), and the source does not mention hospitals anywhere in the funded work. EXACT federal record: CMS IN FQHC Enrollment carries this string as an ORGANIZATION NAME or DBA. Not a pass-through: IDOH's FAQ awards every listed organisation directly and prohibits it from sub-awarding.","Indiana publishes NO per-organisation amount. The region's figure, rounded in source to $0.1M, is in round_amount; it repeats on every row of its region and is never divided or summed down the column (§6.2).",ORG_WEBSITE,15200000,2026-09-03,data/evidence/recheck/2026-09-24/IN/grow_regional_grants_page.html
IN,81,Ivy Tech Community Colleges-Henry County,,UNIVERSITY_OR_AHC,No,"GROW Regional Grants, Region 4 ($15.2 Million Awarded to Region 4), selected subrecipient announced 2026-09-03. INDIANA PUBLISHES NO PER-ORGANISATION AMOUNT: the region figure is in round_amount and is never divided (§6.2).",Yes,No,FY2026 (Year 1),"GROW Regional Grants -- Grant Recipient Organizations (IDOH, in.gov/grow-rural-health/regional-grants), with the eight IDOH Region press releases of 2026-09-03",https://www.in.gov/grow-rural-health/regional-grants/,AGENCY_PRESS_RELEASE,DIRECT_TEXT,R/03bi_in_grow_regional_awardees.R,,,,,4,3,GROW Regional Grants -- Region 4,https://www.ivytech.edu/locations/muncie/new-castle/,"TYPED (session 63, HAND-READ): A campus of Indiana's public community college; the form is in the state's own string. Classifier said NONPROFIT_CBO/LOW.",MEDIUM,,Budget Period 1,NON_HOSPITAL,No,NOT_HOSPITAL,,"§10.2 NON_HOSPITAL: the named recipient is not a hospital (§0.3a -- judged on the recipient, not the activity), and the source does not mention hospitals anywhere in the funded work. A campus of Indiana's public community college; the form is in the state's own string. Not a pass-through: IDOH's FAQ awards every listed organisation directly and prohibits it from sub-awarding.","Indiana publishes NO per-organisation amount. The region's figure, rounded in source to $0.1M, is in round_amount; it repeats on every row of its region and is never divided or summed down the column (§6.2).",STATE_SOURCE,15200000,2026-09-03,data/evidence/recheck/2026-09-24/IN/grow_regional_grants_page.html
IN,82,New Castle EMS,,EMS_OR_PSAP,No,"GROW Regional Grants, Region 4 ($15.2 Million Awarded to Region 4), selected subrecipient announced 2026-09-03. INDIANA PUBLISHES NO PER-ORGANISATION AMOUNT: the region figure is in round_amount and is never divided (§6.2).",Yes,No,FY2026 (Year 1),"GROW Regional Grants -- Grant Recipient Organizations (IDOH, in.gov/grow-rural-health/regional-grants), with the eight IDOH Region press releases of 2026-09-03",https://www.in.gov/grow-rural-health/regional-grants/,AGENCY_PRESS_RELEASE,DIRECT_TEXT,R/03bi_in_grow_regional_awardees.R,,,,,4,4,GROW Regional Grants -- Region 4,https://www.cityofnewcastle.net/department/,"TYPED (session 63, CLASSIFIER): The form is in the state's own string, and the shared classifier's name rule reads it. Classifier said EMS_OR_PSAP/HIGH.",HIGH,,Budget Period 1,NON_HOSPITAL,No,NOT_HOSPITAL,,"§10.2 NON_HOSPITAL: the named recipient is not a hospital (§0.3a -- judged on the recipient, not the activity), and the source does not mention hospitals anywhere in the funded work. The form is in the state's own string, and the shared classifier's name rule reads it. Not a pass-through: IDOH's FAQ awards every listed organisation directly and prohibits it from sub-awarding.","Indiana publishes NO per-organisation amount. The region's figure, rounded in source to $0.1M, is in round_amount; it repeats on every row of its region and is never divided or summed down the column (§6.2).",STATE_SOURCE,15200000,2026-09-03,data/evidence/recheck/2026-09-24/IN/grow_regional_grants_page.html
IN,83,"St. Vincent Randolph Hospital, Inc.",,HOSPITAL_OR_SYSTEM,Yes,"GROW Regional Grants, Region 4 ($15.2 Million Awarded to Region 4), selected subrecipient announced 2026-09-03. INDIANA PUBLISHES NO PER-ORGANISATION AMOUNT: the region figure is in round_amount and is never divided (§6.2).",Yes,No,FY2026 (Year 1),"GROW Regional Grants -- Grant Recipient Organizations (IDOH, in.gov/grow-rural-health/regional-grants), with the eight IDOH Region press releases of 2026-09-03",https://www.in.gov/grow-rural-health/regional-grants/,AGENCY_PRESS_RELEASE,DIRECT_TEXT,R/03bi_in_grow_regional_awardees.R,151301,,,,4,5,GROW Regional Grants -- Region 4,https://healthcare.ascension.org/locations/indiana/inasc/winchester-ascension-st-vincent-randolph,"TYPED (session 63, FEDERAL RECORD): EXACT federal record: CMS IN Hospital Enrollment carries this string as an ORGANIZATION NAME or DBA (normalised for case, punctuation, a leading THE and a trailing INC) at CCN 151301. Classifier said HOSPITAL_OR_SYSTEM/HIGH.",MEDIUM,,Budget Period 1,DIRECT,Yes,NAMED_HOSPITAL,,"§10.2 DIRECT: the named recipient is a hospital or hospital system and the state's award document names both the recipient and the amount. EXACT federal record: CMS IN Hospital Enrollment carries this string as an ORGANIZATION NAME or DBA (normalised for case, punctuation, a leading THE and a trailing INC) at CCN 151301. §0.3a: the recipient is a hospital whatever the activity.","Indiana publishes NO per-organisation amount. The region's figure, rounded in source to $0.1M, is in round_amount; it repeats on every row of its region and is never divided or summed down the column (§6.2).",ORG_WEBSITE,15200000,2026-09-03,data/evidence/recheck/2026-09-24/IN/grow_regional_grants_page.html
IN,84,Ball State University,,UNIVERSITY_OR_AHC,No,"GROW Regional Grants, Region 4 ($15.2 Million Awarded to Region 4), selected subrecipient announced 2026-09-03. INDIANA PUBLISHES NO PER-ORGANISATION AMOUNT: the region figure is in round_amount and is never divided (§6.2).",Yes,No,FY2026 (Year 1),"GROW Regional Grants -- Grant Recipient Organizations (IDOH, in.gov/grow-rural-health/regional-grants), with the eight IDOH Region press releases of 2026-09-03",https://www.in.gov/grow-rural-health/regional-grants/,AGENCY_PRESS_RELEASE,DIRECT_TEXT,R/03bi_in_grow_regional_awardees.R,,,,,4,6,GROW Regional Grants -- Region 4,https://www.bsu.edu/,"TYPED (session 63, CLASSIFIER): The form is in the state's own string, and the shared classifier's name rule reads it. Classifier said UNIVERSITY_OR_AHC/HIGH.",HIGH,,Budget Period 1,NON_HOSPITAL,No,NOT_HOSPITAL,,"§10.2 NON_HOSPITAL: the named recipient is not a hospital (§0.3a -- judged on the recipient, not the activity), and the source does not mention hospitals anywhere in the funded work. The form is in the state's own string, and the shared classifier's name rule reads it. Not a pass-through: IDOH's FAQ awards every listed organisation directly and prohibits it from sub-awarding.","Indiana publishes NO per-organisation amount. The region's figure, rounded in source to $0.1M, is in round_amount; it repeats on every row of its region and is never divided or summed down the column (§6.2).",STATE_SOURCE,15200000,2026-09-03,data/evidence/recheck/2026-09-24/IN/grow_regional_grants_page.html
IN,85,Henry County Health Department,,LOCAL_GOVT_OR_PUBLIC_HEALTH,No,"GROW Regional Grants, Region 4 ($15.2 Million Awarded to Region 4), selected subrecipient announced 2026-09-03. INDIANA PUBLISHES NO PER-ORGANISATION AMOUNT: the region figure is in round_amount and is never divided (§6.2).",Yes,No,FY2026 (Year 1),"GROW Regional Grants -- Grant Recipient Organizations (IDOH, in.gov/grow-rural-health/regional-grants), with the eight IDOH Region press releases of 2026-09-03",https://www.in.gov/grow-rural-health/regional-grants/,AGENCY_PRESS_RELEASE,DIRECT_TEXT,R/03bi_in_grow_regional_awardees.R,,,,,4,7,GROW Regional Grants -- Region 4,https://www.in.gov/localhealth/henrycounty/,"TYPED (session 63, CLASSIFIER): The form is in the state's own string, and the shared classifier's name rule reads it. Classifier said LOCAL_GOVT_OR_PUBLIC_HEALTH/HIGH.",HIGH,,Budget Period 1,NON_HOSPITAL,No,NOT_HOSPITAL,,"§10.2 NON_HOSPITAL: the named recipient is not a hospital (§0.3a -- judged on the recipient, not the activity), and the source does not mention hospitals anywhere in the funded work. The form is in the state's own string, and the shared classifier's name rule reads it. Not a pass-through: IDOH's FAQ awards every listed organisation directly and prohibits it from sub-awarding.","Indiana publishes NO per-organisation amount. The region's figure, rounded in source to $0.1M, is in round_amount; it repeats on every row of its region and is never divided or summed down the column (§6.2).",STATE_SOURCE,15200000,2026-09-03,data/evidence/recheck/2026-09-24/IN/grow_regional_grants_page.html
IN,86,"LifeStream Services, Inc.",,NONPROFIT_CBO,No,"GROW Regional Grants, Region 4 ($15.2 Million Awarded to Region 4), selected subrecipient announced 2026-09-03. INDIANA PUBLISHES NO PER-ORGANISATION AMOUNT: the region figure is in round_amount and is never divided (§6.2).",Yes,No,FY2026 (Year 1),"GROW Regional Grants -- Grant Recipient Organizations (IDOH, in.gov/grow-rural-health/regional-grants), with the eight IDOH Region press releases of 2026-09-03",https://www.in.gov/grow-rural-health/regional-grants/,AGENCY_PRESS_RELEASE,DIRECT_TEXT,R/03bi_in_grow_regional_awardees.R,,,,,4,8,GROW Regional Grants -- Region 4,https://lifestreaminc.org/,"TYPED (session 63, FALLBACK): The source states no form (§8's standing fallback, RECIPIENT_TYPE_INFERRED); queued as IN_GROW_RECIPIENT_FORM_NOT_STATED. Classifier said NONPROFIT_CBO/LOW.",LOW,RECIPIENT_TYPE_INFERRED,Budget Period 1,NON_HOSPITAL,No,NOT_HOSPITAL,,"§10.2 NON_HOSPITAL: the named recipient is not a hospital (§0.3a -- judged on the recipient, not the activity), and the source does not mention hospitals anywhere in the funded work. The source states no form (§8's standing fallback, RECIPIENT_TYPE_INFERRED); queued as IN_GROW_RECIPIENT_FORM_NOT_STATED. Not a pass-through: IDOH's FAQ awards every listed organisation directly and prohibits it from sub-awarding.","Indiana publishes NO per-organisation amount. The region's figure, rounded in source to $0.1M, is in round_amount; it repeats on every row of its region and is never divided or summed down the column (§6.2).",,15200000,2026-09-03,data/evidence/recheck/2026-09-24/IN/grow_regional_grants_page.html
IN,87,Randolph County EMS,,EMS_OR_PSAP,No,"GROW Regional Grants, Region 4 ($15.2 Million Awarded to Region 4), selected subrecipient announced 2026-09-03. INDIANA PUBLISHES NO PER-ORGANISATION AMOUNT: the region figure is in round_amount and is never divided (§6.2).",Yes,No,FY2026 (Year 1),"GROW Regional Grants -- Grant Recipient Organizations (IDOH, in.gov/grow-rural-health/regional-grants), with the eight IDOH Region press releases of 2026-09-03",https://www.in.gov/grow-rural-health/regional-grants/,AGENCY_PRESS_RELEASE,DIRECT_TEXT,R/03bi_in_grow_regional_awardees.R,,,,,4,9,GROW Regional Grants -- Region 4,https://www.in.gov/counties/randolph/departments/emergency-medical-services-ems/,"TYPED (session 63, CLASSIFIER): The form is in the state's own string, and the shared classifier's name rule reads it. Classifier said EMS_OR_PSAP/HIGH.",HIGH,,Budget Period 1,NON_HOSPITAL,No,NOT_HOSPITAL,,"§10.2 NON_HOSPITAL: the named recipient is not a hospital (§0.3a -- judged on the recipient, not the activity), and the source does not mention hospitals anywhere in the funded work. The form is in the state's own string, and the shared classifier's name rule reads it. Not a pass-through: IDOH's FAQ awards every listed organisation directly and prohibits it from sub-awarding.","Indiana publishes NO per-organisation amount. The region's figure, rounded in source to $0.1M, is in round_amount; it repeats on every row of its region and is never divided or summed down the column (§6.2).",STATE_SOURCE,15200000,2026-09-03,data/evidence/recheck/2026-09-24/IN/grow_regional_grants_page.html
IN,88,Union County Health Department,,LOCAL_GOVT_OR_PUBLIC_HEALTH,No,"GROW Regional Grants, Region 4 ($15.2 Million Awarded to Region 4), selected subrecipient announced 2026-09-03. INDIANA PUBLISHES NO PER-ORGANISATION AMOUNT: the region figure is in round_amount and is never divided (§6.2).",Yes,No,FY2026 (Year 1),"GROW Regional Grants -- Grant Recipient Organizations (IDOH, in.gov/grow-rural-health/regional-grants), with the eight IDOH Region press releases of 2026-09-03",https://www.in.gov/grow-rural-health/regional-grants/,AGENCY_PRESS_RELEASE,DIRECT_TEXT,R/03bi_in_grow_regional_awardees.R,,,,,4,10,GROW Regional Grants -- Region 4,https://www.in.gov/localhealth/unioncounty/,"TYPED (session 63, CLASSIFIER): The form is in the state's own string, and the shared classifier's name rule reads it. Classifier said LOCAL_GOVT_OR_PUBLIC_HEALTH/HIGH.",HIGH,,Budget Period 1,NON_HOSPITAL,No,NOT_HOSPITAL,,"§10.2 NON_HOSPITAL: the named recipient is not a hospital (§0.3a -- judged on the recipient, not the activity), and the source does not mention hospitals anywhere in the funded work. The form is in the state's own string, and the shared classifier's name rule reads it. Not a pass-through: IDOH's FAQ awards every listed organisation directly and prohibits it from sub-awarding.","Indiana publishes NO per-organisation amount. The region's figure, rounded in source to $0.1M, is in round_amount; it repeats on every row of its region and is never divided or summed down the column (§6.2).",STATE_SOURCE,15200000,2026-09-03,data/evidence/recheck/2026-09-24/IN/grow_regional_grants_page.html
IN,89,"Bridges to Health, Inc.",,NONPROFIT_CBO,No,"GROW Regional Grants, Region 4 ($15.2 Million Awarded to Region 4), selected subrecipient announced 2026-09-03. INDIANA PUBLISHES NO PER-ORGANISATION AMOUNT: the region figure is in round_amount and is never divided (§6.2).",Yes,No,FY2026 (Year 1),"GROW Regional Grants -- Grant Recipient Organizations (IDOH, in.gov/grow-rural-health/regional-grants), with the eight IDOH Region press releases of 2026-09-03",https://www.in.gov/grow-rural-health/regional-grants/,AGENCY_PRESS_RELEASE,DIRECT_TEXT,R/03bi_in_grow_regional_awardees.R,,,,,4,11,GROW Regional Grants -- Region 4,https://www.bridges2health.org/,"TYPED (session 63, FALLBACK): The source states no form (§8's standing fallback, RECIPIENT_TYPE_INFERRED); queued as IN_GROW_RECIPIENT_FORM_NOT_STATED. Classifier said NONPROFIT_CBO/LOW.",LOW,RECIPIENT_TYPE_INFERRED,Budget Period 1,NON_HOSPITAL,No,NOT_HOSPITAL,,"§10.2 NON_HOSPITAL: the named recipient is not a hospital (§0.3a -- judged on the recipient, not the activity), and the source does not mention hospitals anywhere in the funded work. The source states no form (§8's standing fallback, RECIPIENT_TYPE_INFERRED); queued as IN_GROW_RECIPIENT_FORM_NOT_STATED. Not a pass-through: IDOH's FAQ awards every listed organisation directly and prohibits it from sub-awarding.","Indiana publishes NO per-organisation amount. The region's figure, rounded in source to $0.1M, is in round_amount; it repeats on every row of its region and is never divided or summed down the column (§6.2).",,15200000,2026-09-03,data/evidence/recheck/2026-09-24/IN/grow_regional_grants_page.html
IN,90,"Indiana Association of SkillsUSA, Incorporated",,NONPROFIT_CBO,No,"GROW Regional Grants, Region 4 ($15.2 Million Awarded to Region 4), selected subrecipient announced 2026-09-03. INDIANA PUBLISHES NO PER-ORGANISATION AMOUNT: the region figure is in round_amount and is never divided (§6.2).",Yes,No,FY2026 (Year 1),"GROW Regional Grants -- Grant Recipient Organizations (IDOH, in.gov/grow-rural-health/regional-grants), with the eight IDOH Region press releases of 2026-09-03",https://www.in.gov/grow-rural-health/regional-grants/,AGENCY_PRESS_RELEASE,DIRECT_TEXT,R/03bi_in_grow_regional_awardees.R,,,,,4,12,GROW Regional Grants -- Region 4,https://www.skillsusaindiana.org/,"TYPED (session 63, FALLBACK): The source states no form (§8's standing fallback, RECIPIENT_TYPE_INFERRED); queued as IN_GROW_RECIPIENT_FORM_NOT_STATED. Classifier said NONPROFIT_CBO/LOW.",LOW,RECIPIENT_TYPE_INFERRED,Budget Period 1,NON_HOSPITAL,No,NOT_HOSPITAL,,"§10.2 NON_HOSPITAL: the named recipient is not a hospital (§0.3a -- judged on the recipient, not the activity), and the source does not mention hospitals anywhere in the funded work. The source states no form (§8's standing fallback, RECIPIENT_TYPE_INFERRED); queued as IN_GROW_RECIPIENT_FORM_NOT_STATED. Not a pass-through: IDOH's FAQ awards every listed organisation directly and prohibits it from sub-awarding.","Indiana publishes NO per-organisation amount. The region's figure, rounded in source to $0.1M, is in round_amount; it repeats on every row of its region and is never divided or summed down the column (§6.2).",,15200000,2026-09-03,data/evidence/recheck/2026-09-24/IN/grow_regional_grants_page.html
IN,91,Madison County Health Department,,LOCAL_GOVT_OR_PUBLIC_HEALTH,No,"GROW Regional Grants, Region 4 ($15.2 Million Awarded to Region 4), selected subrecipient announced 2026-09-03. INDIANA PUBLISHES NO PER-ORGANISATION AMOUNT: the region figure is in round_amount and is never divided (§6.2).",Yes,No,FY2026 (Year 1),"GROW Regional Grants -- Grant Recipient Organizations (IDOH, in.gov/grow-rural-health/regional-grants), with the eight IDOH Region press releases of 2026-09-03",https://www.in.gov/grow-rural-health/regional-grants/,AGENCY_PRESS_RELEASE,DIRECT_TEXT,R/03bi_in_grow_regional_awardees.R,,,,,4,13,GROW Regional Grants -- Region 4,https://madcohealth.org/,"TYPED (session 63, CLASSIFIER): The form is in the state's own string, and the shared classifier's name rule reads it. Classifier said LOCAL_GOVT_OR_PUBLIC_HEALTH/HIGH.",HIGH,,Budget Period 1,NON_HOSPITAL,No,NOT_HOSPITAL,,"§10.2 NON_HOSPITAL: the named recipient is not a hospital (§0.3a -- judged on the recipient, not the activity), and the source does not mention hospitals anywhere in the funded work. The form is in the state's own string, and the shared classifier's name rule reads it. Not a pass-through: IDOH's FAQ awards every listed organisation directly and prohibits it from sub-awarding.","Indiana publishes NO per-organisation amount. The region's figure, rounded in source to $0.1M, is in round_amount; it repeats on every row of its region and is never divided or summed down the column (§6.2).",STATE_SOURCE,15200000,2026-09-03,data/evidence/recheck/2026-09-24/IN/grow_regional_grants_page.html
IN,92,Randolph Eastern School Building Corporation,,SCHOOL_OR_DISTRICT,No,"GROW Regional Grants, Region 4 ($15.2 Million Awarded to Region 4), selected subrecipient announced 2026-09-03. INDIANA PUBLISHES NO PER-ORGANISATION AMOUNT: the region figure is in round_amount and is never divided (§6.2).",Yes,No,FY2026 (Year 1),"GROW Regional Grants -- Grant Recipient Organizations (IDOH, in.gov/grow-rural-health/regional-grants), with the eight IDOH Region press releases of 2026-09-03",https://www.in.gov/grow-rural-health/regional-grants/,AGENCY_PRESS_RELEASE,DIRECT_TEXT,R/03bi_in_grow_regional_awardees.R,,,,,4,14,GROW Regional Grants -- Region 4,https://www.resc.k12.in.us/,"TYPED (session 63, HAND-READ): A school corporation's building corporation; the page links resc.k12.in.us. Classifier said NONPROFIT_CBO/LOW.",MEDIUM,,Budget Period 1,NON_HOSPITAL,No,NOT_HOSPITAL,,"§10.2 NON_HOSPITAL: the named recipient is not a hospital (§0.3a -- judged on the recipient, not the activity), and the source does not mention hospitals anywhere in the funded work. A school corporation's building corporation; the page links resc.k12.in.us. Not a pass-through: IDOH's FAQ awards every listed organisation directly and prohibits it from sub-awarding.","Indiana publishes NO per-organisation amount. The region's figure, rounded in source to $0.1M, is in round_amount; it repeats on every row of its region and is never divided or summed down the column (§6.2).",STATE_SOURCE,15200000,2026-09-03,data/evidence/recheck/2026-09-24/IN/grow_regional_grants_page.html
IN,93,Wayne County Auditor,,LOCAL_GOVT_OR_PUBLIC_HEALTH,No,"GROW Regional Grants, Region 4 ($15.2 Million Awarded to Region 4), selected subrecipient announced 2026-09-03. INDIANA PUBLISHES NO PER-ORGANISATION AMOUNT: the region figure is in round_amount and is never divided (§6.2).",Yes,No,FY2026 (Year 1),"GROW Regional Grants -- Grant Recipient Organizations (IDOH, in.gov/grow-rural-health/regional-grants), with the eight IDOH Region press releases of 2026-09-03",https://www.in.gov/grow-rural-health/regional-grants/,AGENCY_PRESS_RELEASE,DIRECT_TEXT,R/03bi_in_grow_regional_awardees.R,,,,,4,15,GROW Regional Grants -- Region 4,https://waynecounty.in.gov/auditor/index.php,"TYPED (session 63, HAND-READ): A county government office; the form is in the state's own string. Classifier said NONPROFIT_CBO/LOW.",MEDIUM,,Budget Period 1,NON_HOSPITAL,No,NOT_HOSPITAL,,"§10.2 NON_HOSPITAL: the named recipient is not a hospital (§0.3a -- judged on the recipient, not the activity), and the source does not mention hospitals anywhere in the funded work. A county government office; the form is in the state's own string. Not a pass-through: IDOH's FAQ awards every listed organisation directly and prohibits it from sub-awarding.","Indiana publishes NO per-organisation amount. The region's figure, rounded in source to $0.1M, is in round_amount; it repeats on every row of its region and is never divided or summed down the column (§6.2).",STATE_SOURCE,15200000,2026-09-03,data/evidence/recheck/2026-09-24/IN/grow_regional_grants_page.html
IN,94,"Carey Services, Inc.",,NONPROFIT_CBO,No,"GROW Regional Grants, Region 4 ($15.2 Million Awarded to Region 4), selected subrecipient announced 2026-09-03. INDIANA PUBLISHES NO PER-ORGANISATION AMOUNT: the region figure is in round_amount and is never divided (§6.2).",Yes,No,FY2026 (Year 1),"GROW Regional Grants -- Grant Recipient Organizations (IDOH, in.gov/grow-rural-health/regional-grants), with the eight IDOH Region press releases of 2026-09-03",https://www.in.gov/grow-rural-health/regional-grants/,AGENCY_PRESS_RELEASE,DIRECT_TEXT,R/03bi_in_grow_regional_awardees.R,,,,,4,16,GROW Regional Grants -- Region 4,https://www.careyservices.com/,"TYPED (session 63, FALLBACK): The source states no form (§8's standing fallback, RECIPIENT_TYPE_INFERRED); queued as IN_GROW_RECIPIENT_FORM_NOT_STATED. Classifier said NONPROFIT_CBO/LOW.",LOW,RECIPIENT_TYPE_INFERRED,Budget Period 1,NON_HOSPITAL,No,NOT_HOSPITAL,,"§10.2 NON_HOSPITAL: the named recipient is not a hospital (§0.3a -- judged on the recipient, not the activity), and the source does not mention hospitals anywhere in the funded work. The source states no form (§8's standing fallback, RECIPIENT_TYPE_INFERRED); queued as IN_GROW_RECIPIENT_FORM_NOT_STATED. Not a pass-through: IDOH's FAQ awards every listed organisation directly and prohibits it from sub-awarding.","Indiana publishes NO per-organisation amount. The region's figure, rounded in source to $0.1M, is in round_amount; it repeats on every row of its region and is never divided or summed down the column (§6.2).",,15200000,2026-09-03,data/evidence/recheck/2026-09-24/IN/grow_regional_grants_page.html
IN,95,Indiana District 6 Healthcare Coalition,,NONPROFIT_CBO,No,"GROW Regional Grants, Region 4 ($15.2 Million Awarded to Region 4), selected subrecipient announced 2026-09-03. INDIANA PUBLISHES NO PER-ORGANISATION AMOUNT: the region figure is in round_amount and is never divided (§6.2).",Yes,No,FY2026 (Year 1),"GROW Regional Grants -- Grant Recipient Organizations (IDOH, in.gov/grow-rural-health/regional-grants), with the eight IDOH Region press releases of 2026-09-03",https://www.in.gov/grow-rural-health/regional-grants/,AGENCY_PRESS_RELEASE,DIRECT_TEXT,R/03bi_in_grow_regional_awardees.R,,,,,4,17,GROW Regional Grants -- Region 4,https://indianadistrict6.org/,"TYPED (session 63, FALLBACK): The source states no form (§8's standing fallback, RECIPIENT_TYPE_INFERRED); queued as IN_GROW_RECIPIENT_FORM_NOT_STATED. Classifier said NONPROFIT_CBO/LOW.",LOW,RECIPIENT_TYPE_INFERRED,Budget Period 1,NON_HOSPITAL,No,NOT_HOSPITAL,,"§10.2 NON_HOSPITAL: the named recipient is not a hospital (§0.3a -- judged on the recipient, not the activity), and the source does not mention hospitals anywhere in the funded work. The source states no form (§8's standing fallback, RECIPIENT_TYPE_INFERRED); queued as IN_GROW_RECIPIENT_FORM_NOT_STATED. Not a pass-through: IDOH's FAQ awards every listed organisation directly and prohibits it from sub-awarding.","Indiana publishes NO per-organisation amount. The region's figure, rounded in source to $0.1M, is in round_amount; it repeats on every row of its region and is never divided or summed down the column (§6.2).",,15200000,2026-09-03,data/evidence/recheck/2026-09-24/IN/grow_regional_grants_page.html
IN,96,"Marion General Hospital, Inc.",,HOSPITAL_OR_SYSTEM,Yes,"GROW Regional Grants, Region 4 ($15.2 Million Awarded to Region 4), selected subrecipient announced 2026-09-03. INDIANA PUBLISHES NO PER-ORGANISATION AMOUNT: the region figure is in round_amount and is never divided (§6.2).",Yes,No,FY2026 (Year 1),"GROW Regional Grants -- Grant Recipient Organizations (IDOH, in.gov/grow-rural-health/regional-grants), with the eight IDOH Region press releases of 2026-09-03",https://www.in.gov/grow-rural-health/regional-grants/,AGENCY_PRESS_RELEASE,DIRECT_TEXT,R/03bi_in_grow_regional_awardees.R,150011,,,,4,18,GROW Regional Grants -- Region 4,https://www.marionhealth.com/,"TYPED (session 63, FEDERAL RECORD): EXACT federal record: CMS IN Hospital Enrollment carries this string as an ORGANIZATION NAME or DBA (normalised for case, punctuation, a leading THE and a trailing INC) at CCN 150011. Classifier said HOSPITAL_OR_SYSTEM/HIGH.",MEDIUM,,Budget Period 1,DIRECT,Yes,NAMED_HOSPITAL,,"§10.2 DIRECT: the named recipient is a hospital or hospital system and the state's award document names both the recipient and the amount. EXACT federal record: CMS IN Hospital Enrollment carries this string as an ORGANIZATION NAME or DBA (normalised for case, punctuation, a leading THE and a trailing INC) at CCN 150011. §0.3a: the recipient is a hospital whatever the activity.","Indiana publishes NO per-organisation amount. The region's figure, rounded in source to $0.1M, is in round_amount; it repeats on every row of its region and is never divided or summed down the column (§6.2).",ORG_WEBSITE,15200000,2026-09-03,data/evidence/recheck/2026-09-24/IN/grow_regional_grants_page.html
IN,97,"Reid Hospital & Health Care Services, Inc.",,HOSPITAL_OR_SYSTEM,Yes,"GROW Regional Grants, Region 4 ($15.2 Million Awarded to Region 4), selected subrecipient announced 2026-09-03. INDIANA PUBLISHES NO PER-ORGANISATION AMOUNT: the region figure is in round_amount and is never divided (§6.2).",Yes,No,FY2026 (Year 1),"GROW Regional Grants -- Grant Recipient Organizations (IDOH, in.gov/grow-rural-health/regional-grants), with the eight IDOH Region press releases of 2026-09-03",https://www.in.gov/grow-rural-health/regional-grants/,AGENCY_PRESS_RELEASE,DIRECT_TEXT,R/03bi_in_grow_regional_awardees.R,150048,,,,4,19,GROW Regional Grants -- Region 4,https://reidhealth.org/,"TYPED (session 63, FEDERAL RECORD): EXACT federal record: CMS IN Hospital Enrollment carries this string as an ORGANIZATION NAME or DBA (normalised for case, punctuation, a leading THE and a trailing INC) at CCN 150048. Classifier said HOSPITAL_OR_SYSTEM/HIGH.",MEDIUM,,Budget Period 1,DIRECT,Yes,NAMED_HOSPITAL,,"§10.2 DIRECT: the named recipient is a hospital or hospital system and the state's award document names both the recipient and the amount. EXACT federal record: CMS IN Hospital Enrollment carries this string as an ORGANIZATION NAME or DBA (normalised for case, punctuation, a leading THE and a trailing INC) at CCN 150048. §0.3a: the recipient is a hospital whatever the activity.","Indiana publishes NO per-organisation amount. The region's figure, rounded in source to $0.1M, is in round_amount; it repeats on every row of its region and is never divided or summed down the column (§6.2).",ORG_WEBSITE,15200000,2026-09-03,data/evidence/recheck/2026-09-24/IN/grow_regional_grants_page.html
IN,98,"Well Care Community Health, Inc.",,FQHC_OR_RHC,No,"GROW Regional Grants, Region 4 ($15.2 Million Awarded to Region 4), selected subrecipient announced 2026-09-03. INDIANA PUBLISHES NO PER-ORGANISATION AMOUNT: the region figure is in round_amount and is never divided (§6.2).",Yes,No,FY2026 (Year 1),"GROW Regional Grants -- Grant Recipient Organizations (IDOH, in.gov/grow-rural-health/regional-grants), with the eight IDOH Region press releases of 2026-09-03",https://www.in.gov/grow-rural-health/regional-grants/,AGENCY_PRESS_RELEASE,DIRECT_TEXT,R/03bi_in_grow_regional_awardees.R,,,,,4,20,GROW Regional Grants -- Region 4,https://www.wellcarecommunityhealth.org/,"TYPED (session 63, FEDERAL RECORD): EXACT federal record: CMS IN FQHC Enrollment carries this string as an ORGANIZATION NAME or DBA. Classifier said NONPROFIT_CBO/LOW.",MEDIUM,,Budget Period 1,NON_HOSPITAL,No,NOT_HOSPITAL,,"§10.2 NON_HOSPITAL: the named recipient is not a hospital (§0.3a -- judged on the recipient, not the activity), and the source does not mention hospitals anywhere in the funded work. EXACT federal record: CMS IN FQHC Enrollment carries this string as an ORGANIZATION NAME or DBA. Not a pass-through: IDOH's FAQ awards every listed organisation directly and prohibits it from sub-awarding.","Indiana publishes NO per-organisation amount. The region's figure, rounded in source to $0.1M, is in round_amount; it repeats on every row of its region and is never divided or summed down the column (§6.2).",ORG_WEBSITE,15200000,2026-09-03,data/evidence/recheck/2026-09-24/IN/grow_regional_grants_page.html
IN,99,"Centerstone of Indiana, Inc.",,NONPROFIT_CBO,No,"GROW Regional Grants, Region 4 ($15.2 Million Awarded to Region 4), selected subrecipient announced 2026-09-03. INDIANA PUBLISHES NO PER-ORGANISATION AMOUNT: the region figure is in round_amount and is never divided (§6.2).",Yes,No,FY2026 (Year 1),"GROW Regional Grants -- Grant Recipient Organizations (IDOH, in.gov/grow-rural-health/regional-grants), with the eight IDOH Region press releases of 2026-09-03",https://www.in.gov/grow-rural-health/regional-grants/,AGENCY_PRESS_RELEASE,DIRECT_TEXT,R/03bi_in_grow_regional_awardees.R,,,,,4,21,GROW Regional Grants -- Region 4,https://www.centerstone.org/locations/indiana/,"TYPED (session 63, FALLBACK): The source states no form (§8's standing fallback, RECIPIENT_TYPE_INFERRED); queued as IN_GROW_RECIPIENT_FORM_NOT_STATED. Classifier said NONPROFIT_CBO/LOW.",LOW,RECIPIENT_TYPE_INFERRED,Budget Period 1,NON_HOSPITAL,No,NOT_HOSPITAL,,"§10.2 NON_HOSPITAL: the named recipient is not a hospital (§0.3a -- judged on the recipient, not the activity), and the source does not mention hospitals anywhere in the funded work. The source states no form (§8's standing fallback, RECIPIENT_TYPE_INFERRED); queued as IN_GROW_RECIPIENT_FORM_NOT_STATED. Not a pass-through: IDOH's FAQ awards every listed organisation directly and prohibits it from sub-awarding.","Indiana publishes NO per-organisation amount. The region's figure, rounded in source to $0.1M, is in round_amount; it repeats on every row of its region and is never divided or summed down the column (§6.2).",,15200000,2026-09-03,data/evidence/recheck/2026-09-24/IN/grow_regional_grants_page.html
IN,100,"Indiana University Health, Inc",,HOSPITAL_OR_SYSTEM,Yes,"GROW Regional Grants, Region 4 ($15.2 Million Awarded to Region 4), selected subrecipient announced 2026-09-03. INDIANA PUBLISHES NO PER-ORGANISATION AMOUNT: the region figure is in round_amount and is never divided (§6.2).",Yes,No,FY2026 (Year 1),"GROW Regional Grants -- Grant Recipient Organizations (IDOH, in.gov/grow-rural-health/regional-grants), with the eight IDOH Region press releases of 2026-09-03",https://www.in.gov/grow-rural-health/regional-grants/,AGENCY_PRESS_RELEASE,DIRECT_TEXT,R/03bi_in_grow_regional_awardees.R,150056,,,,4,22,GROW Regional Grants -- Region 4,https://iuhealth.org/,"TYPED (session 63, FEDERAL RECORD): EXACT federal record: CMS IN Hospital Enrollment carries this string as an ORGANIZATION NAME or DBA (normalised for case, punctuation, a leading THE and a trailing INC) at CCN 150056. Classifier said UNIVERSITY_OR_AHC/HIGH.",MEDIUM,,Budget Period 1,DIRECT,Yes,NAMED_HOSPITAL,,"§10.2 DIRECT: the named recipient is a hospital or hospital system and the state's award document names both the recipient and the amount. EXACT federal record: CMS IN Hospital Enrollment carries this string as an ORGANIZATION NAME or DBA (normalised for case, punctuation, a leading THE and a trailing INC) at CCN 150056. §0.3a: the recipient is a hospital whatever the activity.","Indiana publishes NO per-organisation amount. The region's figure, rounded in source to $0.1M, is in round_amount; it repeats on every row of its region and is never divided or summed down the column (§6.2).",ORG_WEBSITE,15200000,2026-09-03,data/evidence/recheck/2026-09-24/IN/grow_regional_grants_page.html
IN,101,"Neighborhood Health Center, Inc.",,FQHC_OR_RHC,No,"GROW Regional Grants, Region 4 ($15.2 Million Awarded to Region 4), selected subrecipient announced 2026-09-03. INDIANA PUBLISHES NO PER-ORGANISATION AMOUNT: the region figure is in round_amount and is never divided (§6.2).",Yes,No,FY2026 (Year 1),"GROW Regional Grants -- Grant Recipient Organizations (IDOH, in.gov/grow-rural-health/regional-grants), with the eight IDOH Region press releases of 2026-09-03",https://www.in.gov/grow-rural-health/regional-grants/,AGENCY_PRESS_RELEASE,DIRECT_TEXT,R/03bi_in_grow_regional_awardees.R,,,,,4,23,GROW Regional Grants -- Region 4,https://www.neighborhoodhc.org/,"TYPED (session 63, FEDERAL RECORD): EXACT federal record: CMS IN FQHC Enrollment carries this string as an ORGANIZATION NAME or DBA. Classifier said NONPROFIT_CBO/LOW.",MEDIUM,,Budget Period 1,NON_HOSPITAL,No,NOT_HOSPITAL,,"§10.2 NON_HOSPITAL: the named recipient is not a hospital (§0.3a -- judged on the recipient, not the activity), and the source does not mention hospitals anywhere in the funded work. EXACT federal record: CMS IN FQHC Enrollment carries this string as an ORGANIZATION NAME or DBA. Not a pass-through: IDOH's FAQ awards every listed organisation directly and prohibits it from sub-awarding.","Indiana publishes NO per-organisation amount. The region's figure, rounded in source to $0.1M, is in round_amount; it repeats on every row of its region and is never divided or summed down the column (§6.2).",ORG_WEBSITE,15200000,2026-09-03,data/evidence/recheck/2026-09-24/IN/grow_regional_grants_page.html
IN,102,"SPIRIT MEDICAL TRANSPORT, LLC",,NONPROFIT_CBO,No,"GROW Regional Grants, Region 4 ($15.2 Million Awarded to Region 4), selected subrecipient announced 2026-09-03. INDIANA PUBLISHES NO PER-ORGANISATION AMOUNT: the region figure is in round_amount and is never divided (§6.2).",Yes,No,FY2026 (Year 1),"GROW Regional Grants -- Grant Recipient Organizations (IDOH, in.gov/grow-rural-health/regional-grants), with the eight IDOH Region press releases of 2026-09-03",https://www.in.gov/grow-rural-health/regional-grants/,AGENCY_PRESS_RELEASE,DIRECT_TEXT,R/03bi_in_grow_regional_awardees.R,,,,,4,24,GROW Regional Grants -- Region 4,https://www.spiritmedicaltransport.com/,"TYPED (session 63, FALLBACK): The source states no form (§8's standing fallback, RECIPIENT_TYPE_INFERRED); queued as IN_GROW_RECIPIENT_FORM_NOT_STATED. Classifier said NONPROFIT_CBO/LOW.",LOW,RECIPIENT_TYPE_INFERRED,Budget Period 1,NON_HOSPITAL,No,NOT_HOSPITAL,,"§10.2 NON_HOSPITAL: the named recipient is not a hospital (§0.3a -- judged on the recipient, not the activity), and the source does not mention hospitals anywhere in the funded work. The source states no form (§8's standing fallback, RECIPIENT_TYPE_INFERRED); queued as IN_GROW_RECIPIENT_FORM_NOT_STATED. Not a pass-through: IDOH's FAQ awards every listed organisation directly and prohibits it from sub-awarding.","Indiana publishes NO per-organisation amount. The region's figure, rounded in source to $0.1M, is in round_amount; it repeats on every row of its region and is never divided or summed down the column (§6.2).",,15200000,2026-09-03,data/evidence/recheck/2026-09-24/IN/grow_regional_grants_page.html
IN,103,Area 10 Council on Aging of Monroe and Owen Co Inc,,NONPROFIT_CBO,No,"GROW Regional Grants, Region 5 ($16.7 Million Awarded to Region 5), selected subrecipient announced 2026-09-03. INDIANA PUBLISHES NO PER-ORGANISATION AMOUNT: the region figure is in round_amount and is never divided (§6.2).",Yes,No,FY2026 (Year 1),"GROW Regional Grants -- Grant Recipient Organizations (IDOH, in.gov/grow-rural-health/regional-grants), with the eight IDOH Region press releases of 2026-09-03",https://www.in.gov/grow-rural-health/regional-grants/,AGENCY_PRESS_RELEASE,DIRECT_TEXT,R/03bi_in_grow_regional_awardees.R,,,,,5,1,GROW Regional Grants -- Region 5,https://area10agency.org/,"TYPED (session 63, FALLBACK): The source states no form (§8's standing fallback, RECIPIENT_TYPE_INFERRED); queued as IN_GROW_RECIPIENT_FORM_NOT_STATED. Classifier said NONPROFIT_CBO/LOW.",LOW,RECIPIENT_TYPE_INFERRED,Budget Period 1,NON_HOSPITAL,No,NOT_HOSPITAL,,"§10.2 NON_HOSPITAL: the named recipient is not a hospital (§0.3a -- judged on the recipient, not the activity), and the source does not mention hospitals anywhere in the funded work. The source states no form (§8's standing fallback, RECIPIENT_TYPE_INFERRED); queued as IN_GROW_RECIPIENT_FORM_NOT_STATED. Not a pass-through: IDOH's FAQ awards every listed organisation directly and prohibits it from sub-awarding.","Indiana publishes NO per-organisation amount. The region's figure, rounded in source to $0.1M, is in round_amount; it repeats on every row of its region and is never divided or summed down the column (§6.2).",,16700000,2026-09-03,data/evidence/recheck/2026-09-24/IN/grow_regional_grants_page.html
IN,104,Harsha Behavioral Center,,HOSPITAL_OR_SYSTEM,Yes,"GROW Regional Grants, Region 5 ($16.7 Million Awarded to Region 5), selected subrecipient announced 2026-09-03. INDIANA PUBLISHES NO PER-ORGANISATION AMOUNT: the region figure is in round_amount and is never divided (§6.2).",Yes,No,FY2026 (Year 1),"GROW Regional Grants -- Grant Recipient Organizations (IDOH, in.gov/grow-rural-health/regional-grants), with the eight IDOH Region press releases of 2026-09-03",https://www.in.gov/grow-rural-health/regional-grants/,AGENCY_PRESS_RELEASE,DIRECT_TEXT,R/03bi_in_grow_regional_awardees.R,154054,,,,5,2,GROW Regional Grants -- Region 5,https://www.harshacenter.com/,"TYPED (session 63, FEDERAL RECORD): EXACT federal record: CMS IN Hospital Enrollment carries this string as an ORGANIZATION NAME or DBA (normalised for case, punctuation, a leading THE and a trailing INC) at CCN 154054. Classifier said NONPROFIT_CBO/LOW.",MEDIUM,,Budget Period 1,DIRECT,Yes,NAMED_HOSPITAL,,"§10.2 DIRECT: the named recipient is a hospital or hospital system and the state's award document names both the recipient and the amount. EXACT federal record: CMS IN Hospital Enrollment carries this string as an ORGANIZATION NAME or DBA (normalised for case, punctuation, a leading THE and a trailing INC) at CCN 154054. §0.3a: the recipient is a hospital whatever the activity.","Indiana publishes NO per-organisation amount. The region's figure, rounded in source to $0.1M, is in round_amount; it repeats on every row of its region and is never divided or summed down the column (§6.2).",ORG_WEBSITE,16700000,2026-09-03,data/evidence/recheck/2026-09-24/IN/grow_regional_grants_page.html
IN,105,Putnam County Hospital,,HOSPITAL_OR_SYSTEM,Yes,"GROW Regional Grants, Region 5 ($16.7 Million Awarded to Region 5), selected subrecipient announced 2026-09-03. INDIANA PUBLISHES NO PER-ORGANISATION AMOUNT: the region figure is in round_amount and is never divided (§6.2).",Yes,No,FY2026 (Year 1),"GROW Regional Grants -- Grant Recipient Organizations (IDOH, in.gov/grow-rural-health/regional-grants), with the eight IDOH Region press releases of 2026-09-03",https://www.in.gov/grow-rural-health/regional-grants/,AGENCY_PRESS_RELEASE,DIRECT_TEXT,R/03bi_in_grow_regional_awardees.R,151333,,,,5,3,GROW Regional Grants -- Region 5,https://www.pchosp.org/,"TYPED (session 63, FEDERAL RECORD): EXACT federal record: CMS IN Hospital Enrollment carries this string as an ORGANIZATION NAME or DBA (normalised for case, punctuation, a leading THE and a trailing INC) at CCN 151333; its provider-based RHCs enrol under the same name. Classifier said HOSPITAL_OR_SYSTEM/HIGH.",MEDIUM,,Budget Period 1,DIRECT,Yes,NAMED_HOSPITAL,,"§10.2 DIRECT: the named recipient is a hospital or hospital system and the state's award document names both the recipient and the amount. EXACT federal record: CMS IN Hospital Enrollment carries this string as an ORGANIZATION NAME or DBA (normalised for case, punctuation, a leading THE and a trailing INC) at CCN 151333; its provider-based RHCs enrol under the same name. §0.3a: the recipient is a hospital whatever the activity.","Indiana publishes NO per-organisation amount. The region's figure, rounded in source to $0.1M, is in round_amount; it repeats on every row of its region and is never divided or summed down the column (§6.2).",ORG_WEBSITE,16700000,2026-09-03,data/evidence/recheck/2026-09-24/IN/grow_regional_grants_page.html
IN,106,Union Health Inc.,,HOSPITAL_OR_SYSTEM,Yes,"GROW Regional Grants, Region 5 ($16.7 Million Awarded to Region 5), selected subrecipient announced 2026-09-03. INDIANA PUBLISHES NO PER-ORGANISATION AMOUNT: the region figure is in round_amount and is never divided (§6.2).",Yes,No,FY2026 (Year 1),"GROW Regional Grants -- Grant Recipient Organizations (IDOH, in.gov/grow-rural-health/regional-grants), with the eight IDOH Region press releases of 2026-09-03",https://www.in.gov/grow-rural-health/regional-grants/,AGENCY_PRESS_RELEASE,DIRECT_TEXT,R/03bi_in_grow_regional_awardees.R,,,,,5,4,GROW Regional Grants -- Region 5,https://www.union.health/,"TYPED (session 63, HAND-READ): HAND-READ BRIDGE: no CMS record under 'Union Health'; CMS enrols UNION HOSPITAL INC (Terre Haute, CCN 150023, and Union Hospital Clinton, 151326, which is ALSO on this roster), and the page links union.health. A system parent, New Jersey's Virtua shape. LOW; queued as IN_GROW_HOSPITAL_BRIDGES. Classifier said NONPROFIT_CBO/LOW.",LOW,,Budget Period 1,DIRECT,Yes,NAMED_HOSPITAL,,"§10.2 DIRECT: the named recipient is a hospital or hospital system and the state's award document names both the recipient and the amount. HAND-READ BRIDGE: no CMS record under 'Union Health'; CMS enrols UNION HOSPITAL INC (Terre Haute, CCN 150023, and Union Hospital Clinton, 151326, which is ALSO on this roster), and the page links union.health. A system parent, New Jersey's Virtua shape. LOW; queued as IN_GROW_HOSPITAL_BRIDGES. §0.3a: the recipient is a hospital whatever the activity.","Indiana publishes NO per-organisation amount. The region's figure, rounded in source to $0.1M, is in round_amount; it repeats on every row of its region and is never divided or summed down the column (§6.2).",GENERAL_KNOWLEDGE,16700000,2026-09-03,data/evidence/recheck/2026-09-24/IN/grow_regional_grants_page.html
IN,107,"Cummins Behavioral Health Systems, Inc.",,NONPROFIT_CBO,No,"GROW Regional Grants, Region 5 ($16.7 Million Awarded to Region 5), selected subrecipient announced 2026-09-03. INDIANA PUBLISHES NO PER-ORGANISATION AMOUNT: the region figure is in round_amount and is never divided (§6.2).",Yes,No,FY2026 (Year 1),"GROW Regional Grants -- Grant Recipient Organizations (IDOH, in.gov/grow-rural-health/regional-grants), with the eight IDOH Region press releases of 2026-09-03",https://www.in.gov/grow-rural-health/regional-grants/,AGENCY_PRESS_RELEASE,DIRECT_TEXT,R/03bi_in_grow_regional_awardees.R,,,,,5,5,GROW Regional Grants -- Region 5,https://www.cumminsbhs.org/,"TYPED (session 63, HAND-READ): OVERRIDE of the classifier's HOSPITAL_OR_SYSTEM, which reads 'Health Systems' as a hospital system. CMS IN Hospital, FQHC and RHC Enrollment carry no record under this name; it is a community mental health centre on general knowledge (session 61). Left on §8's standing fallback, never promoted. Classifier said HOSPITAL_OR_SYSTEM/MEDIUM.",LOW,RECIPIENT_TYPE_INFERRED,Budget Period 1,NON_HOSPITAL,No,NOT_HOSPITAL,,"§10.2 NON_HOSPITAL: the named recipient is not a hospital (§0.3a -- judged on the recipient, not the activity), and the source does not mention hospitals anywhere in the funded work. OVERRIDE of the classifier's HOSPITAL_OR_SYSTEM, which reads 'Health Systems' as a hospital system. CMS IN Hospital, FQHC and RHC Enrollment carry no record under this name; it is a community mental health centre on general knowledge (session 61). Left on §8's standing fallback, never promoted. Not a pass-through: IDOH's FAQ awards every listed organisation directly and prohibits it from sub-awarding.","Indiana publishes NO per-organisation amount. The region's figure, rounded in source to $0.1M, is in round_amount; it repeats on every row of its region and is never divided or summed down the column (§6.2).",,16700000,2026-09-03,data/evidence/recheck/2026-09-24/IN/grow_regional_grants_page.html
IN,108,"Indiana Health Centers, Inc.",,FQHC_OR_RHC,No,"GROW Regional Grants, Region 5 ($16.7 Million Awarded to Region 5), selected subrecipient announced 2026-09-03. INDIANA PUBLISHES NO PER-ORGANISATION AMOUNT: the region figure is in round_amount and is never divided (§6.2).",Yes,No,FY2026 (Year 1),"GROW Regional Grants -- Grant Recipient Organizations (IDOH, in.gov/grow-rural-health/regional-grants), with the eight IDOH Region press releases of 2026-09-03",https://www.in.gov/grow-rural-health/regional-grants/,AGENCY_PRESS_RELEASE,DIRECT_TEXT,R/03bi_in_grow_regional_awardees.R,,,,,5,6,GROW Regional Grants -- Region 5,https://indianahealthonline.org/,"TYPED (session 63, FEDERAL RECORD): EXACT federal record: CMS IN FQHC Enrollment carries this string as an ORGANIZATION NAME or DBA. Classifier said NONPROFIT_CBO/LOW.",MEDIUM,,Budget Period 1,NON_HOSPITAL,No,NOT_HOSPITAL,,"§10.2 NON_HOSPITAL: the named recipient is not a hospital (§0.3a -- judged on the recipient, not the activity), and the source does not mention hospitals anywhere in the funded work. EXACT federal record: CMS IN FQHC Enrollment carries this string as an ORGANIZATION NAME or DBA. Not a pass-through: IDOH's FAQ awards every listed organisation directly and prohibits it from sub-awarding.","Indiana publishes NO per-organisation amount. The region's figure, rounded in source to $0.1M, is in round_amount; it repeats on every row of its region and is never divided or summed down the column (§6.2).",ORG_WEBSITE,16700000,2026-09-03,data/evidence/recheck/2026-09-24/IN/grow_regional_grants_page.html
IN,109,St. Vincent Clay Hospital Inc.,,HOSPITAL_OR_SYSTEM,Yes,"GROW Regional Grants, Region 5 ($16.7 Million Awarded to Region 5), selected subrecipient announced 2026-09-03. INDIANA PUBLISHES NO PER-ORGANISATION AMOUNT: the region figure is in round_amount and is never divided (§6.2).",Yes,No,FY2026 (Year 1),"GROW Regional Grants -- Grant Recipient Organizations (IDOH, in.gov/grow-rural-health/regional-grants), with the eight IDOH Region press releases of 2026-09-03",https://www.in.gov/grow-rural-health/regional-grants/,AGENCY_PRESS_RELEASE,DIRECT_TEXT,R/03bi_in_grow_regional_awardees.R,151309,,,,5,7,GROW Regional Grants -- Region 5,https://healthcare.ascension.org/locations/indiana/inasc/brazil-ascension-st-vincent-clay,"TYPED (session 63, FEDERAL RECORD): EXACT federal record: CMS IN Hospital Enrollment carries this string as an ORGANIZATION NAME or DBA (normalised for case, punctuation, a leading THE and a trailing INC) at CCN 151309. Classifier said HOSPITAL_OR_SYSTEM/HIGH.",MEDIUM,,Budget Period 1,DIRECT,Yes,NAMED_HOSPITAL,,"§10.2 DIRECT: the named recipient is a hospital or hospital system and the state's award document names both the recipient and the amount. EXACT federal record: CMS IN Hospital Enrollment carries this string as an ORGANIZATION NAME or DBA (normalised for case, punctuation, a leading THE and a trailing INC) at CCN 151309. §0.3a: the recipient is a hospital whatever the activity.","Indiana publishes NO per-organisation amount. The region's figure, rounded in source to $0.1M, is in round_amount; it repeats on every row of its region and is never divided or summed down the column (§6.2).",ORG_WEBSITE,16700000,2026-09-03,data/evidence/recheck/2026-09-24/IN/grow_regional_grants_page.html
IN,110,Union Hospital Clinton,,HOSPITAL_OR_SYSTEM,Yes,"GROW Regional Grants, Region 5 ($16.7 Million Awarded to Region 5), selected subrecipient announced 2026-09-03. INDIANA PUBLISHES NO PER-ORGANISATION AMOUNT: the region figure is in round_amount and is never divided (§6.2).",Yes,No,FY2026 (Year 1),"GROW Regional Grants -- Grant Recipient Organizations (IDOH, in.gov/grow-rural-health/regional-grants), with the eight IDOH Region press releases of 2026-09-03",https://www.in.gov/grow-rural-health/regional-grants/,AGENCY_PRESS_RELEASE,DIRECT_TEXT,R/03bi_in_grow_regional_awardees.R,151326,,,,5,8,GROW Regional Grants -- Region 5,https://www.union.health/find-a-location/union-hospital-clinton,"TYPED (session 63, FEDERAL RECORD): EXACT federal record: CMS IN Hospital Enrollment carries this string as an ORGANIZATION NAME or DBA (normalised for case, punctuation, a leading THE and a trailing INC) at CCN 151326. Classifier said HOSPITAL_OR_SYSTEM/HIGH.",MEDIUM,,Budget Period 1,DIRECT,Yes,NAMED_HOSPITAL,,"§10.2 DIRECT: the named recipient is a hospital or hospital system and the state's award document names both the recipient and the amount. EXACT federal record: CMS IN Hospital Enrollment carries this string as an ORGANIZATION NAME or DBA (normalised for case, punctuation, a leading THE and a trailing INC) at CCN 151326. §0.3a: the recipient is a hospital whatever the activity.","Indiana publishes NO per-organisation amount. The region's figure, rounded in source to $0.1M, is in round_amount; it repeats on every row of its region and is never divided or summed down the column (§6.2).",ORG_WEBSITE,16700000,2026-09-03,data/evidence/recheck/2026-09-24/IN/grow_regional_grants_page.html
IN,111,Greene County General Hospital,,HOSPITAL_OR_SYSTEM,Yes,"GROW Regional Grants, Region 5 ($16.7 Million Awarded to Region 5), selected subrecipient announced 2026-09-03. INDIANA PUBLISHES NO PER-ORGANISATION AMOUNT: the region figure is in round_amount and is never divided (§6.2).",Yes,No,FY2026 (Year 1),"GROW Regional Grants -- Grant Recipient Organizations (IDOH, in.gov/grow-rural-health/regional-grants), with the eight IDOH Region press releases of 2026-09-03",https://www.in.gov/grow-rural-health/regional-grants/,AGENCY_PRESS_RELEASE,DIRECT_TEXT,R/03bi_in_grow_regional_awardees.R,151317,,,,5,9,GROW Regional Grants -- Region 5,https://www.greenecountyhospital.com/,"TYPED (session 63, FEDERAL RECORD): EXACT federal record: CMS IN Hospital Enrollment carries this string as an ORGANIZATION NAME or DBA (normalised for case, punctuation, a leading THE and a trailing INC) at CCN 151317; its provider-based RHCs enrol under the same name. Classifier said HOSPITAL_OR_SYSTEM/HIGH.",MEDIUM,,Budget Period 1,DIRECT,Yes,NAMED_HOSPITAL,,"§10.2 DIRECT: the named recipient is a hospital or hospital system and the state's award document names both the recipient and the amount. EXACT federal record: CMS IN Hospital Enrollment carries this string as an ORGANIZATION NAME or DBA (normalised for case, punctuation, a leading THE and a trailing INC) at CCN 151317; its provider-based RHCs enrol under the same name. §0.3a: the recipient is a hospital whatever the activity.","Indiana publishes NO per-organisation amount. The region's figure, rounded in source to $0.1M, is in round_amount; it repeats on every row of its region and is never divided or summed down the column (§6.2).",ORG_WEBSITE,16700000,2026-09-03,data/evidence/recheck/2026-09-24/IN/grow_regional_grants_page.html
IN,112,Owen County EMS,,EMS_OR_PSAP,No,"GROW Regional Grants, Region 5 ($16.7 Million Awarded to Region 5), selected subrecipient announced 2026-09-03. INDIANA PUBLISHES NO PER-ORGANISATION AMOUNT: the region figure is in round_amount and is never divided (§6.2).",Yes,No,FY2026 (Year 1),"GROW Regional Grants -- Grant Recipient Organizations (IDOH, in.gov/grow-rural-health/regional-grants), with the eight IDOH Region press releases of 2026-09-03",https://www.in.gov/grow-rural-health/regional-grants/,AGENCY_PRESS_RELEASE,DIRECT_TEXT,R/03bi_in_grow_regional_awardees.R,,,,,5,10,GROW Regional Grants -- Region 5,https://www.owencounty.in.gov/public-safety-emergency-services/ems/,"TYPED (session 63, CLASSIFIER): The form is in the state's own string, and the shared classifier's name rule reads it. Classifier said EMS_OR_PSAP/HIGH.",HIGH,,Budget Period 1,NON_HOSPITAL,No,NOT_HOSPITAL,,"§10.2 NON_HOSPITAL: the named recipient is not a hospital (§0.3a -- judged on the recipient, not the activity), and the source does not mention hospitals anywhere in the funded work. The form is in the state's own string, and the shared classifier's name rule reads it. Not a pass-through: IDOH's FAQ awards every listed organisation directly and prohibits it from sub-awarding.","Indiana publishes NO per-organisation amount. The region's figure, rounded in source to $0.1M, is in round_amount; it repeats on every row of its region and is never divided or summed down the column (§6.2).",STATE_SOURCE,16700000,2026-09-03,data/evidence/recheck/2026-09-24/IN/grow_regional_grants_page.html
IN,113,Sullivan County Ambulance Service,,EMS_OR_PSAP,No,"GROW Regional Grants, Region 5 ($16.7 Million Awarded to Region 5), selected subrecipient announced 2026-09-03. INDIANA PUBLISHES NO PER-ORGANISATION AMOUNT: the region figure is in round_amount and is never divided (§6.2).",Yes,No,FY2026 (Year 1),"GROW Regional Grants -- Grant Recipient Organizations (IDOH, in.gov/grow-rural-health/regional-grants), with the eight IDOH Region press releases of 2026-09-03",https://www.in.gov/grow-rural-health/regional-grants/,AGENCY_PRESS_RELEASE,DIRECT_TEXT,R/03bi_in_grow_regional_awardees.R,,,,,5,11,GROW Regional Grants -- Region 5,https://www.sullivancounty.in.gov/department/index.php,"TYPED (session 63, CLASSIFIER): The form is in the state's own string, and the shared classifier's name rule reads it. Classifier said EMS_OR_PSAP/HIGH.",HIGH,,Budget Period 1,NON_HOSPITAL,No,NOT_HOSPITAL,,"§10.2 NON_HOSPITAL: the named recipient is not a hospital (§0.3a -- judged on the recipient, not the activity), and the source does not mention hospitals anywhere in the funded work. The form is in the state's own string, and the shared classifier's name rule reads it. Not a pass-through: IDOH's FAQ awards every listed organisation directly and prohibits it from sub-awarding.","Indiana publishes NO per-organisation amount. The region's figure, rounded in source to $0.1M, is in round_amount; it repeats on every row of its region and is never divided or summed down the column (§6.2).",STATE_SOURCE,16700000,2026-09-03,data/evidence/recheck/2026-09-24/IN/grow_regional_grants_page.html
IN,114,Valley Professionals Community Health Center,,FQHC_OR_RHC,No,"GROW Regional Grants, Region 5 ($16.7 Million Awarded to Region 5), selected subrecipient announced 2026-09-03. INDIANA PUBLISHES NO PER-ORGANISATION AMOUNT: the region figure is in round_amount and is never divided (§6.2).",Yes,No,FY2026 (Year 1),"GROW Regional Grants -- Grant Recipient Organizations (IDOH, in.gov/grow-rural-health/regional-grants), with the eight IDOH Region press releases of 2026-09-03",https://www.in.gov/grow-rural-health/regional-grants/,AGENCY_PRESS_RELEASE,DIRECT_TEXT,R/03bi_in_grow_regional_awardees.R,,,,,5,12,GROW Regional Grants -- Region 5,https://valleyprohealth.org/,"TYPED (session 63, FEDERAL RECORD): EXACT federal record: CMS IN FQHC Enrollment carries this string as an ORGANIZATION NAME or DBA. Classifier said FQHC_OR_RHC/MEDIUM.",MEDIUM,,Budget Period 1,NON_HOSPITAL,No,NOT_HOSPITAL,,"§10.2 NON_HOSPITAL: the named recipient is not a hospital (§0.3a -- judged on the recipient, not the activity), and the source does not mention hospitals anywhere in the funded work. EXACT federal record: CMS IN FQHC Enrollment carries this string as an ORGANIZATION NAME or DBA. Not a pass-through: IDOH's FAQ awards every listed organisation directly and prohibits it from sub-awarding.","Indiana publishes NO per-organisation amount. The region's figure, rounded in source to $0.1M, is in round_amount; it repeats on every row of its region and is never divided or summed down the column (§6.2).",ORG_WEBSITE,16700000,2026-09-03,data/evidence/recheck/2026-09-24/IN/grow_regional_grants_page.html
IN,115,"Hamilton Center, Inc.",,HOSPITAL_OR_SYSTEM,Yes,"GROW Regional Grants, Region 5 ($16.7 Million Awarded to Region 5), selected subrecipient announced 2026-09-03. INDIANA PUBLISHES NO PER-ORGANISATION AMOUNT: the region figure is in round_amount and is never divided (§6.2).",Yes,No,FY2026 (Year 1),"GROW Regional Grants -- Grant Recipient Organizations (IDOH, in.gov/grow-rural-health/regional-grants), with the eight IDOH Region press releases of 2026-09-03",https://www.in.gov/grow-rural-health/regional-grants/,AGENCY_PRESS_RELEASE,DIRECT_TEXT,R/03bi_in_grow_regional_awardees.R,154009,,,,5,13,GROW Regional Grants -- Region 5,https://www.hamiltoncenter.org/,"TYPED (session 63, FEDERAL RECORD): EXACT federal record: CMS IN Hospital Enrollment carries this string as an ORGANIZATION NAME or DBA (normalised for case, punctuation, a leading THE and a trailing INC) at CCN 154009; it ALSO holds FQHC CCNs under the same name. A COMMUNITY MENTAL HEALTH CENTRE CORPORATION HOLDING A PSYCHIATRIC HOSPITAL CCN: typed on the record, queued as IN_GROW_CMHC_HOLDS_HOSPITAL_CCN so a reader can subtract it. Classifier said NONPROFIT_CBO/LOW.",MEDIUM,,Budget Period 1,DIRECT,Yes,NAMED_HOSPITAL,,"§10.2 DIRECT: the named recipient is a hospital or hospital system and the state's award document names both the recipient and the amount. EXACT federal record: CMS IN Hospital Enrollment carries this string as an ORGANIZATION NAME or DBA (normalised for case, punctuation, a leading THE and a trailing INC) at CCN 154009; it ALSO holds FQHC CCNs under the same name. A COMMUNITY MENTAL HEALTH CENTRE CORPORATION HOLDING A PSYCHIATRIC HOSPITAL CCN: typed on the record, queued as IN_GROW_CMHC_HOLDS_HOSPITAL_CCN so a reader can subtract it. §0.3a: the recipient is a hospital whatever the activity.","Indiana publishes NO per-organisation amount. The region's figure, rounded in source to $0.1M, is in round_amount; it repeats on every row of its region and is never divided or summed down the column (§6.2).",ORG_WEBSITE,16700000,2026-09-03,data/evidence/recheck/2026-09-24/IN/grow_regional_grants_page.html
IN,116,Putnam County Emergency Medical Services (EMS) - Mobile Integrated Health (MIH) Program,,EMS_OR_PSAP,No,"GROW Regional Grants, Region 5 ($16.7 Million Awarded to Region 5), selected subrecipient announced 2026-09-03. INDIANA PUBLISHES NO PER-ORGANISATION AMOUNT: the region figure is in round_amount and is never divided (§6.2).",Yes,No,FY2026 (Year 1),"GROW Regional Grants -- Grant Recipient Organizations (IDOH, in.gov/grow-rural-health/regional-grants), with the eight IDOH Region press releases of 2026-09-03",https://www.in.gov/grow-rural-health/regional-grants/,AGENCY_PRESS_RELEASE,DIRECT_TEXT,R/03bi_in_grow_regional_awardees.R,,,,,5,14,GROW Regional Grants -- Region 5,https://co.putnam.in.us/ems/mobile-integrated-health,"TYPED (session 63, CLASSIFIER): The form is in the state's own string, and the shared classifier's name rule reads it. Classifier said EMS_OR_PSAP/HIGH.",HIGH,,Budget Period 1,NON_HOSPITAL,No,NOT_HOSPITAL,,"§10.2 NON_HOSPITAL: the named recipient is not a hospital (§0.3a -- judged on the recipient, not the activity), and the source does not mention hospitals anywhere in the funded work. The form is in the state's own string, and the shared classifier's name rule reads it. Not a pass-through: IDOH's FAQ awards every listed organisation directly and prohibits it from sub-awarding.","Indiana publishes NO per-organisation amount. The region's figure, rounded in source to $0.1M, is in round_amount; it repeats on every row of its region and is never divided or summed down the column (§6.2).",STATE_SOURCE,16700000,2026-09-03,data/evidence/recheck/2026-09-24/IN/grow_regional_grants_page.html
IN,117,Sullivan County Community Hospital,,HOSPITAL_OR_SYSTEM,Yes,"GROW Regional Grants, Region 5 ($16.7 Million Awarded to Region 5), selected subrecipient announced 2026-09-03. INDIANA PUBLISHES NO PER-ORGANISATION AMOUNT: the region figure is in round_amount and is never divided (§6.2).",Yes,No,FY2026 (Year 1),"GROW Regional Grants -- Grant Recipient Organizations (IDOH, in.gov/grow-rural-health/regional-grants), with the eight IDOH Region press releases of 2026-09-03",https://www.in.gov/grow-rural-health/regional-grants/,AGENCY_PRESS_RELEASE,DIRECT_TEXT,R/03bi_in_grow_regional_awardees.R,151327,,,,5,15,GROW Regional Grants -- Region 5,https://scch.health/,"TYPED (session 63, FEDERAL RECORD): EXACT federal record: CMS IN Hospital Enrollment carries this string as an ORGANIZATION NAME or DBA (normalised for case, punctuation, a leading THE and a trailing INC) at CCN 151327; its provider-based RHCs enrol under the same name. Classifier said HOSPITAL_OR_SYSTEM/HIGH.",MEDIUM,,Budget Period 1,DIRECT,Yes,NAMED_HOSPITAL,,"§10.2 DIRECT: the named recipient is a hospital or hospital system and the state's award document names both the recipient and the amount. EXACT federal record: CMS IN Hospital Enrollment carries this string as an ORGANIZATION NAME or DBA (normalised for case, punctuation, a leading THE and a trailing INC) at CCN 151327; its provider-based RHCs enrol under the same name. §0.3a: the recipient is a hospital whatever the activity.","Indiana publishes NO per-organisation amount. The region's figure, rounded in source to $0.1M, is in round_amount; it repeats on every row of its region and is never divided or summed down the column (§6.2).",ORG_WEBSITE,16700000,2026-09-03,data/evidence/recheck/2026-09-24/IN/grow_regional_grants_page.html
IN,118,"West Central Indiana Economic Development District, Inc.",,NONPROFIT_CBO,No,"GROW Regional Grants, Region 5 ($16.7 Million Awarded to Region 5), selected subrecipient announced 2026-09-03. INDIANA PUBLISHES NO PER-ORGANISATION AMOUNT: the region figure is in round_amount and is never divided (§6.2).",Yes,No,FY2026 (Year 1),"GROW Regional Grants -- Grant Recipient Organizations (IDOH, in.gov/grow-rural-health/regional-grants), with the eight IDOH Region press releases of 2026-09-03",https://www.in.gov/grow-rural-health/regional-grants/,AGENCY_PRESS_RELEASE,DIRECT_TEXT,R/03bi_in_grow_regional_awardees.R,,,,,5,16,GROW Regional Grants -- Region 5,https://thrivewestcentral.com/,"TYPED (session 63, FALLBACK): The source states no form (§8's standing fallback, RECIPIENT_TYPE_INFERRED); queued as IN_GROW_RECIPIENT_FORM_NOT_STATED. Classifier said NONPROFIT_CBO/LOW.",LOW,RECIPIENT_TYPE_INFERRED,Budget Period 1,NON_HOSPITAL,No,NOT_HOSPITAL,,"§10.2 NON_HOSPITAL: the named recipient is not a hospital (§0.3a -- judged on the recipient, not the activity), and the source does not mention hospitals anywhere in the funded work. The source states no form (§8's standing fallback, RECIPIENT_TYPE_INFERRED); queued as IN_GROW_RECIPIENT_FORM_NOT_STATED. Not a pass-through: IDOH's FAQ awards every listed organisation directly and prohibits it from sub-awarding.","Indiana publishes NO per-organisation amount. The region's figure, rounded in source to $0.1M, is in round_amount; it repeats on every row of its region and is never divided or summed down the column (§6.2).",,16700000,2026-09-03,data/evidence/recheck/2026-09-24/IN/grow_regional_grants_page.html
IN,119,Aging and Community Services of South Central Indiana,,NONPROFIT_CBO,No,"GROW Regional Grants, Region 6 ($13 Million Awarded to Region 6), selected subrecipient announced 2026-09-03. INDIANA PUBLISHES NO PER-ORGANISATION AMOUNT: the region figure is in round_amount and is never divided (§6.2).",Yes,No,FY2026 (Year 1),"GROW Regional Grants -- Grant Recipient Organizations (IDOH, in.gov/grow-rural-health/regional-grants), with the eight IDOH Region press releases of 2026-09-03",https://www.in.gov/grow-rural-health/regional-grants/,AGENCY_PRESS_RELEASE,DIRECT_TEXT,R/03bi_in_grow_regional_awardees.R,,,,,6,1,GROW Regional Grants -- Region 6,http://seymour.org/index.php/Aging_and_Community_Services_of_South_Central_Indiana,"TYPED (session 63, FALLBACK): The source states no form (§8's standing fallback, RECIPIENT_TYPE_INFERRED); queued as IN_GROW_RECIPIENT_FORM_NOT_STATED. Classifier said NONPROFIT_CBO/LOW.",LOW,RECIPIENT_TYPE_INFERRED,Budget Period 1,NON_HOSPITAL,No,NOT_HOSPITAL,,"§10.2 NON_HOSPITAL: the named recipient is not a hospital (§0.3a -- judged on the recipient, not the activity), and the source does not mention hospitals anywhere in the funded work. The source states no form (§8's standing fallback, RECIPIENT_TYPE_INFERRED); queued as IN_GROW_RECIPIENT_FORM_NOT_STATED. Not a pass-through: IDOH's FAQ awards every listed organisation directly and prohibits it from sub-awarding.","Indiana publishes NO per-organisation amount. The region's figure, rounded in source to $0.1M, is in round_amount; it repeats on every row of its region and is never divided or summed down the column (§6.2).",,13000000,2026-09-03,data/evidence/recheck/2026-09-24/IN/grow_regional_grants_page.html
IN,120,Decatur Shelby County YMCA,,NONPROFIT_CBO,No,"GROW Regional Grants, Region 6 ($13 Million Awarded to Region 6), selected subrecipient announced 2026-09-03. INDIANA PUBLISHES NO PER-ORGANISATION AMOUNT: the region figure is in round_amount and is never divided (§6.2).",Yes,No,FY2026 (Year 1),"GROW Regional Grants -- Grant Recipient Organizations (IDOH, in.gov/grow-rural-health/regional-grants), with the eight IDOH Region press releases of 2026-09-03",https://www.in.gov/grow-rural-health/regional-grants/,AGENCY_PRESS_RELEASE,DIRECT_TEXT,R/03bi_in_grow_regional_awardees.R,,,,,6,2,GROW Regional Grants -- Region 6,https://www.ymca.org/locations/decatur-shelby-county-ymca,"TYPED (session 63, FALLBACK): The source states no form (§8's standing fallback, RECIPIENT_TYPE_INFERRED); queued as IN_GROW_RECIPIENT_FORM_NOT_STATED. Classifier said NONPROFIT_CBO/LOW.",LOW,RECIPIENT_TYPE_INFERRED,Budget Period 1,NON_HOSPITAL,No,NOT_HOSPITAL,,"§10.2 NON_HOSPITAL: the named recipient is not a hospital (§0.3a -- judged on the recipient, not the activity), and the source does not mention hospitals anywhere in the funded work. The source states no form (§8's standing fallback, RECIPIENT_TYPE_INFERRED); queued as IN_GROW_RECIPIENT_FORM_NOT_STATED. Not a pass-through: IDOH's FAQ awards every listed organisation directly and prohibits it from sub-awarding.","Indiana publishes NO per-organisation amount. The region's figure, rounded in source to $0.1M, is in round_amount; it repeats on every row of its region and is never divided or summed down the column (§6.2).",,13000000,2026-09-03,data/evidence/recheck/2026-09-24/IN/grow_regional_grants_page.html
IN,121,Jennings County Coordinating Council,,NONPROFIT_CBO,No,"GROW Regional Grants, Region 6 ($13 Million Awarded to Region 6), selected subrecipient announced 2026-09-03. INDIANA PUBLISHES NO PER-ORGANISATION AMOUNT: the region figure is in round_amount and is never divided (§6.2).",Yes,No,FY2026 (Year 1),"GROW Regional Grants -- Grant Recipient Organizations (IDOH, in.gov/grow-rural-health/regional-grants), with the eight IDOH Region press releases of 2026-09-03",https://www.in.gov/grow-rural-health/regional-grants/,AGENCY_PRESS_RELEASE,DIRECT_TEXT,R/03bi_in_grow_regional_awardees.R,,,,,6,3,GROW Regional Grants -- Region 6,https://spencertownship40.in.gov/assistance.php,"TYPED (session 63, FALLBACK): The source states no form (§8's standing fallback, RECIPIENT_TYPE_INFERRED); queued as IN_GROW_RECIPIENT_FORM_NOT_STATED. Classifier said NONPROFIT_CBO/LOW.",LOW,RECIPIENT_TYPE_INFERRED,Budget Period 1,NON_HOSPITAL,No,NOT_HOSPITAL,,"§10.2 NON_HOSPITAL: the named recipient is not a hospital (§0.3a -- judged on the recipient, not the activity), and the source does not mention hospitals anywhere in the funded work. The source states no form (§8's standing fallback, RECIPIENT_TYPE_INFERRED); queued as IN_GROW_RECIPIENT_FORM_NOT_STATED. Not a pass-through: IDOH's FAQ awards every listed organisation directly and prohibits it from sub-awarding.","Indiana publishes NO per-organisation amount. The region's figure, rounded in source to $0.1M, is in round_amount; it repeats on every row of its region and is never divided or summed down the column (§6.2).",,13000000,2026-09-03,data/evidence/recheck/2026-09-24/IN/grow_regional_grants_page.html
IN,122,Ripley County Health Department,,LOCAL_GOVT_OR_PUBLIC_HEALTH,No,"GROW Regional Grants, Region 6 ($13 Million Awarded to Region 6), selected subrecipient announced 2026-09-03. INDIANA PUBLISHES NO PER-ORGANISATION AMOUNT: the region figure is in round_amount and is never divided (§6.2).",Yes,No,FY2026 (Year 1),"GROW Regional Grants -- Grant Recipient Organizations (IDOH, in.gov/grow-rural-health/regional-grants), with the eight IDOH Region press releases of 2026-09-03",https://www.in.gov/grow-rural-health/regional-grants/,AGENCY_PRESS_RELEASE,DIRECT_TEXT,R/03bi_in_grow_regional_awardees.R,,,,,6,4,GROW Regional Grants -- Region 6,https://ripleycounty.in.gov/health/,"TYPED (session 63, CLASSIFIER): The form is in the state's own string, and the shared classifier's name rule reads it. Classifier said LOCAL_GOVT_OR_PUBLIC_HEALTH/HIGH.",HIGH,,Budget Period 1,NON_HOSPITAL,No,NOT_HOSPITAL,,"§10.2 NON_HOSPITAL: the named recipient is not a hospital (§0.3a -- judged on the recipient, not the activity), and the source does not mention hospitals anywhere in the funded work. The form is in the state's own string, and the shared classifier's name rule reads it. Not a pass-through: IDOH's FAQ awards every listed organisation directly and prohibits it from sub-awarding.","Indiana publishes NO per-organisation amount. The region's figure, rounded in source to $0.1M, is in round_amount; it repeats on every row of its region and is never divided or summed down the column (§6.2).",STATE_SOURCE,13000000,2026-09-03,data/evidence/recheck/2026-09-24/IN/grow_regional_grants_page.html
IN,123,Switzerland County YMCA,,NONPROFIT_CBO,No,"GROW Regional Grants, Region 6 ($13 Million Awarded to Region 6), selected subrecipient announced 2026-09-03. INDIANA PUBLISHES NO PER-ORGANISATION AMOUNT: the region figure is in round_amount and is never divided (§6.2).",Yes,No,FY2026 (Year 1),"GROW Regional Grants -- Grant Recipient Organizations (IDOH, in.gov/grow-rural-health/regional-grants), with the eight IDOH Region press releases of 2026-09-03",https://www.in.gov/grow-rural-health/regional-grants/,AGENCY_PRESS_RELEASE,DIRECT_TEXT,R/03bi_in_grow_regional_awardees.R,,,,,6,5,GROW Regional Grants -- Region 6,https://www.ymca.org/locations/switzerland-county-ymca,"TYPED (session 63, FALLBACK): The source states no form (§8's standing fallback, RECIPIENT_TYPE_INFERRED); queued as IN_GROW_RECIPIENT_FORM_NOT_STATED. Classifier said NONPROFIT_CBO/LOW.",LOW,RECIPIENT_TYPE_INFERRED,Budget Period 1,NON_HOSPITAL,No,NOT_HOSPITAL,,"§10.2 NON_HOSPITAL: the named recipient is not a hospital (§0.3a -- judged on the recipient, not the activity), and the source does not mention hospitals anywhere in the funded work. The source states no form (§8's standing fallback, RECIPIENT_TYPE_INFERRED); queued as IN_GROW_RECIPIENT_FORM_NOT_STATED. Not a pass-through: IDOH's FAQ awards every listed organisation directly and prohibits it from sub-awarding.","Indiana publishes NO per-organisation amount. The region's figure, rounded in source to $0.1M, is in round_amount; it repeats on every row of its region and is never divided or summed down the column (§6.2).",,13000000,2026-09-03,data/evidence/recheck/2026-09-24/IN/grow_regional_grants_page.html
IN,124,Aspire Indiana Health,,FQHC_OR_RHC,No,"GROW Regional Grants, Region 6 ($13 Million Awarded to Region 6), selected subrecipient announced 2026-09-03. INDIANA PUBLISHES NO PER-ORGANISATION AMOUNT: the region figure is in round_amount and is never divided (§6.2).",Yes,No,FY2026 (Year 1),"GROW Regional Grants -- Grant Recipient Organizations (IDOH, in.gov/grow-rural-health/regional-grants), with the eight IDOH Region press releases of 2026-09-03",https://www.in.gov/grow-rural-health/regional-grants/,AGENCY_PRESS_RELEASE,DIRECT_TEXT,R/03bi_in_grow_regional_awardees.R,,,,,6,6,GROW Regional Grants -- Region 6,https://www.aspireindiana.org/,"TYPED (session 63, FEDERAL RECORD): EXACT federal record: CMS IN FQHC Enrollment carries this string as an ORGANIZATION NAME or DBA. Classifier said NONPROFIT_CBO/LOW.",MEDIUM,,Budget Period 1,NON_HOSPITAL,No,NOT_HOSPITAL,,"§10.2 NON_HOSPITAL: the named recipient is not a hospital (§0.3a -- judged on the recipient, not the activity), and the source does not mention hospitals anywhere in the funded work. EXACT federal record: CMS IN FQHC Enrollment carries this string as an ORGANIZATION NAME or DBA. Not a pass-through: IDOH's FAQ awards every listed organisation directly and prohibits it from sub-awarding.","Indiana publishes NO per-organisation amount. The region's figure, rounded in source to $0.1M, is in round_amount; it repeats on every row of its region and is never divided or summed down the column (§6.2).",ORG_WEBSITE,13000000,2026-09-03,data/evidence/recheck/2026-09-24/IN/grow_regional_grants_page.html
IN,125,"East Indiana Area Health Education Center, Inc.",,AHEC,No,"GROW Regional Grants, Region 6 ($13 Million Awarded to Region 6), selected subrecipient announced 2026-09-03. INDIANA PUBLISHES NO PER-ORGANISATION AMOUNT: the region figure is in round_amount and is never divided (§6.2).",Yes,No,FY2026 (Year 1),"GROW Regional Grants -- Grant Recipient Organizations (IDOH, in.gov/grow-rural-health/regional-grants), with the eight IDOH Region press releases of 2026-09-03",https://www.in.gov/grow-rural-health/regional-grants/,AGENCY_PRESS_RELEASE,DIRECT_TEXT,R/03bi_in_grow_regional_awardees.R,,,,,6,7,GROW Regional Grants -- Region 6,https://eiahec.org/,"TYPED (session 63, CLASSIFIER): The form is in the state's own string, and the shared classifier's name rule reads it. Classifier said AHEC/HIGH.",HIGH,,Budget Period 1,NON_HOSPITAL,No,NOT_HOSPITAL,,"§10.2 NON_HOSPITAL: the named recipient is not a hospital (§0.3a -- judged on the recipient, not the activity), and the source does not mention hospitals anywhere in the funded work. The form is in the state's own string, and the shared classifier's name rule reads it. Not a pass-through: IDOH's FAQ awards every listed organisation directly and prohibits it from sub-awarding.","Indiana publishes NO per-organisation amount. The region's figure, rounded in source to $0.1M, is in round_amount; it repeats on every row of its region and is never divided or summed down the column (§6.2).",STATE_SOURCE,13000000,2026-09-03,data/evidence/recheck/2026-09-24/IN/grow_regional_grants_page.html
IN,126,Jennings County Health Department,,LOCAL_GOVT_OR_PUBLIC_HEALTH,No,"GROW Regional Grants, Region 6 ($13 Million Awarded to Region 6), selected subrecipient announced 2026-09-03. INDIANA PUBLISHES NO PER-ORGANISATION AMOUNT: the region figure is in round_amount and is never divided (§6.2).",Yes,No,FY2026 (Year 1),"GROW Regional Grants -- Grant Recipient Organizations (IDOH, in.gov/grow-rural-health/regional-grants), with the eight IDOH Region press releases of 2026-09-03",https://www.in.gov/grow-rural-health/regional-grants/,AGENCY_PRESS_RELEASE,DIRECT_TEXT,R/03bi_in_grow_regional_awardees.R,,,,,6,8,GROW Regional Grants -- Region 6,https://www.in.gov/localhealth/jenningscounty/,"TYPED (session 63, CLASSIFIER): The form is in the state's own string, and the shared classifier's name rule reads it. Classifier said LOCAL_GOVT_OR_PUBLIC_HEALTH/HIGH.",HIGH,,Budget Period 1,NON_HOSPITAL,No,NOT_HOSPITAL,,"§10.2 NON_HOSPITAL: the named recipient is not a hospital (§0.3a -- judged on the recipient, not the activity), and the source does not mention hospitals anywhere in the funded work. The form is in the state's own string, and the shared classifier's name rule reads it. Not a pass-through: IDOH's FAQ awards every listed organisation directly and prohibits it from sub-awarding.","Indiana publishes NO per-organisation amount. The region's figure, rounded in source to $0.1M, is in round_amount; it repeats on every row of its region and is never divided or summed down the column (§6.2).",STATE_SOURCE,13000000,2026-09-03,data/evidence/recheck/2026-09-24/IN/grow_regional_grants_page.html
IN,127,Rush Memorial Hospital,,HOSPITAL_OR_SYSTEM,Yes,"GROW Regional Grants, Region 6 ($13 Million Awarded to Region 6), selected subrecipient announced 2026-09-03. INDIANA PUBLISHES NO PER-ORGANISATION AMOUNT: the region figure is in round_amount and is never divided (§6.2).",Yes,No,FY2026 (Year 1),"GROW Regional Grants -- Grant Recipient Organizations (IDOH, in.gov/grow-rural-health/regional-grants), with the eight IDOH Region press releases of 2026-09-03",https://www.in.gov/grow-rural-health/regional-grants/,AGENCY_PRESS_RELEASE,DIRECT_TEXT,R/03bi_in_grow_regional_awardees.R,151304,,,,6,9,GROW Regional Grants -- Region 6,https://www.rushmemorial.com/,"TYPED (session 63, FEDERAL RECORD): EXACT federal record: CMS IN Hospital Enrollment carries this string as an ORGANIZATION NAME or DBA (normalised for case, punctuation, a leading THE and a trailing INC) at CCN 151304; its provider-based RHCs enrol under the same name. Classifier said HOSPITAL_OR_SYSTEM/HIGH.",MEDIUM,,Budget Period 1,DIRECT,Yes,NAMED_HOSPITAL,,"§10.2 DIRECT: the named recipient is a hospital or hospital system and the state's award document names both the recipient and the amount. EXACT federal record: CMS IN Hospital Enrollment carries this string as an ORGANIZATION NAME or DBA (normalised for case, punctuation, a leading THE and a trailing INC) at CCN 151304; its provider-based RHCs enrol under the same name. §0.3a: the recipient is a hospital whatever the activity.","Indiana publishes NO per-organisation amount. The region's figure, rounded in source to $0.1M, is in round_amount; it repeats on every row of its region and is never divided or summed down the column (§6.2).",ORG_WEBSITE,13000000,2026-09-03,data/evidence/recheck/2026-09-24/IN/grow_regional_grants_page.html
IN,128,Tech Literacy Services,,NONPROFIT_CBO,No,"GROW Regional Grants, Region 6 ($13 Million Awarded to Region 6), selected subrecipient announced 2026-09-03. INDIANA PUBLISHES NO PER-ORGANISATION AMOUNT: the region figure is in round_amount and is never divided (§6.2).",Yes,No,FY2026 (Year 1),"GROW Regional Grants -- Grant Recipient Organizations (IDOH, in.gov/grow-rural-health/regional-grants), with the eight IDOH Region press releases of 2026-09-03",https://www.in.gov/grow-rural-health/regional-grants/,AGENCY_PRESS_RELEASE,DIRECT_TEXT,R/03bi_in_grow_regional_awardees.R,,,,,6,10,GROW Regional Grants -- Region 6,,"TYPED (session 63, FALLBACK): The source states no form (§8's standing fallback, RECIPIENT_TYPE_INFERRED); queued as IN_GROW_RECIPIENT_FORM_NOT_STATED. Classifier said NONPROFIT_CBO/LOW.",LOW,RECIPIENT_TYPE_INFERRED,Budget Period 1,NON_HOSPITAL,No,NOT_HOSPITAL,,"§10.2 NON_HOSPITAL: the named recipient is not a hospital (§0.3a -- judged on the recipient, not the activity), and the source does not mention hospitals anywhere in the funded work. The source states no form (§8's standing fallback, RECIPIENT_TYPE_INFERRED); queued as IN_GROW_RECIPIENT_FORM_NOT_STATED. Not a pass-through: IDOH's FAQ awards every listed organisation directly and prohibits it from sub-awarding.","Indiana publishes NO per-organisation amount. The region's figure, rounded in source to $0.1M, is in round_amount; it repeats on every row of its region and is never divided or summed down the column (§6.2).",,13000000,2026-09-03,data/evidence/recheck/2026-09-24/IN/grow_regional_grants_page.html
IN,129,Ascension St. Vincent Jennings,,HOSPITAL_OR_SYSTEM,Yes,"GROW Regional Grants, Region 6 ($13 Million Awarded to Region 6), selected subrecipient announced 2026-09-03. INDIANA PUBLISHES NO PER-ORGANISATION AMOUNT: the region figure is in round_amount and is never divided (§6.2).",Yes,No,FY2026 (Year 1),"GROW Regional Grants -- Grant Recipient Organizations (IDOH, in.gov/grow-rural-health/regional-grants), with the eight IDOH Region press releases of 2026-09-03",https://www.in.gov/grow-rural-health/regional-grants/,AGENCY_PRESS_RELEASE,DIRECT_TEXT,R/03bi_in_grow_regional_awardees.R,151303,,,,6,11,GROW Regional Grants -- Region 6,https://healthcare.ascension.org/locations/indiana/inasc/north-vernon-ascension-st-vincent-jennings,"TYPED (session 63, FEDERAL RECORD): EXACT federal record: CMS IN Hospital Enrollment carries this string as an ORGANIZATION NAME or DBA (normalised for case, punctuation, a leading THE and a trailing INC) at CCN 151303. Classifier said NONPROFIT_CBO/LOW.",MEDIUM,,Budget Period 1,DIRECT,Yes,NAMED_HOSPITAL,,"§10.2 DIRECT: the named recipient is a hospital or hospital system and the state's award document names both the recipient and the amount. EXACT federal record: CMS IN Hospital Enrollment carries this string as an ORGANIZATION NAME or DBA (normalised for case, punctuation, a leading THE and a trailing INC) at CCN 151303. §0.3a: the recipient is a hospital whatever the activity.","Indiana publishes NO per-organisation amount. The region's figure, rounded in source to $0.1M, is in round_amount; it repeats on every row of its region and is never divided or summed down the column (§6.2).",ORG_WEBSITE,13000000,2026-09-03,data/evidence/recheck/2026-09-24/IN/grow_regional_grants_page.html
IN,130,Franklin County Health Department,,LOCAL_GOVT_OR_PUBLIC_HEALTH,No,"GROW Regional Grants, Region 6 ($13 Million Awarded to Region 6), selected subrecipient announced 2026-09-03. INDIANA PUBLISHES NO PER-ORGANISATION AMOUNT: the region figure is in round_amount and is never divided (§6.2).",Yes,No,FY2026 (Year 1),"GROW Regional Grants -- Grant Recipient Organizations (IDOH, in.gov/grow-rural-health/regional-grants), with the eight IDOH Region press releases of 2026-09-03",https://www.in.gov/grow-rural-health/regional-grants/,AGENCY_PRESS_RELEASE,DIRECT_TEXT,R/03bi_in_grow_regional_awardees.R,,,,,6,12,GROW Regional Grants -- Region 6,https://www.in.gov/localhealth/franklincounty/,"TYPED (session 63, CLASSIFIER): The form is in the state's own string, and the shared classifier's name rule reads it. Classifier said LOCAL_GOVT_OR_PUBLIC_HEALTH/HIGH.",HIGH,,Budget Period 1,NON_HOSPITAL,No,NOT_HOSPITAL,,"§10.2 NON_HOSPITAL: the named recipient is not a hospital (§0.3a -- judged on the recipient, not the activity), and the source does not mention hospitals anywhere in the funded work. The form is in the state's own string, and the shared classifier's name rule reads it. Not a pass-through: IDOH's FAQ awards every listed organisation directly and prohibits it from sub-awarding.","Indiana publishes NO per-organisation amount. The region's figure, rounded in source to $0.1M, is in round_amount; it repeats on every row of its region and is never divided or summed down the column (§6.2).",STATE_SOURCE,13000000,2026-09-03,data/evidence/recheck/2026-09-24/IN/grow_regional_grants_page.html
IN,131,"LifeSpan Resources, Inc.",,NONPROFIT_CBO,No,"GROW Regional Grants, Region 6 ($13 Million Awarded to Region 6), selected subrecipient announced 2026-09-03. INDIANA PUBLISHES NO PER-ORGANISATION AMOUNT: the region figure is in round_amount and is never divided (§6.2).",Yes,No,FY2026 (Year 1),"GROW Regional Grants -- Grant Recipient Organizations (IDOH, in.gov/grow-rural-health/regional-grants), with the eight IDOH Region press releases of 2026-09-03",https://www.in.gov/grow-rural-health/regional-grants/,AGENCY_PRESS_RELEASE,DIRECT_TEXT,R/03bi_in_grow_regional_awardees.R,,,,,6,13,GROW Regional Grants -- Region 6,https://lsr14.org/,"TYPED (session 63, FALLBACK): The source states no form (§8's standing fallback, RECIPIENT_TYPE_INFERRED); queued as IN_GROW_RECIPIENT_FORM_NOT_STATED. Classifier said NONPROFIT_CBO/LOW.",LOW,RECIPIENT_TYPE_INFERRED,Budget Period 1,NON_HOSPITAL,No,NOT_HOSPITAL,,"§10.2 NON_HOSPITAL: the named recipient is not a hospital (§0.3a -- judged on the recipient, not the activity), and the source does not mention hospitals anywhere in the funded work. The source states no form (§8's standing fallback, RECIPIENT_TYPE_INFERRED); queued as IN_GROW_RECIPIENT_FORM_NOT_STATED. Not a pass-through: IDOH's FAQ awards every listed organisation directly and prohibits it from sub-awarding.","Indiana publishes NO per-organisation amount. The region's figure, rounded in source to $0.1M, is in round_amount; it repeats on every row of its region and is never divided or summed down the column (§6.2).",,13000000,2026-09-03,data/evidence/recheck/2026-09-24/IN/grow_regional_grants_page.html
IN,132,Scott County Health Department,,LOCAL_GOVT_OR_PUBLIC_HEALTH,No,"GROW Regional Grants, Region 6 ($13 Million Awarded to Region 6), selected subrecipient announced 2026-09-03. INDIANA PUBLISHES NO PER-ORGANISATION AMOUNT: the region figure is in round_amount and is never divided (§6.2).",Yes,No,FY2026 (Year 1),"GROW Regional Grants -- Grant Recipient Organizations (IDOH, in.gov/grow-rural-health/regional-grants), with the eight IDOH Region press releases of 2026-09-03",https://www.in.gov/grow-rural-health/regional-grants/,AGENCY_PRESS_RELEASE,DIRECT_TEXT,R/03bi_in_grow_regional_awardees.R,,,,,6,14,GROW Regional Grants -- Region 6,https://scottcounty.in.gov/242/Health-Department,"TYPED (session 63, CLASSIFIER): The form is in the state's own string, and the shared classifier's name rule reads it. Classifier said LOCAL_GOVT_OR_PUBLIC_HEALTH/HIGH.",HIGH,,Budget Period 1,NON_HOSPITAL,No,NOT_HOSPITAL,,"§10.2 NON_HOSPITAL: the named recipient is not a hospital (§0.3a -- judged on the recipient, not the activity), and the source does not mention hospitals anywhere in the funded work. The form is in the state's own string, and the shared classifier's name rule reads it. Not a pass-through: IDOH's FAQ awards every listed organisation directly and prohibits it from sub-awarding.","Indiana publishes NO per-organisation amount. The region's figure, rounded in source to $0.1M, is in round_amount; it repeats on every row of its region and is never divided or summed down the column (§6.2).",STATE_SOURCE,13000000,2026-09-03,data/evidence/recheck/2026-09-24/IN/grow_regional_grants_page.html
IN,133,Valcore Recover LLC,,NONPROFIT_CBO,No,"GROW Regional Grants, Region 6 ($13 Million Awarded to Region 6), selected subrecipient announced 2026-09-03. INDIANA PUBLISHES NO PER-ORGANISATION AMOUNT: the region figure is in round_amount and is never divided (§6.2).",Yes,No,FY2026 (Year 1),"GROW Regional Grants -- Grant Recipient Organizations (IDOH, in.gov/grow-rural-health/regional-grants), with the eight IDOH Region press releases of 2026-09-03",https://www.in.gov/grow-rural-health/regional-grants/,AGENCY_PRESS_RELEASE,DIRECT_TEXT,R/03bi_in_grow_regional_awardees.R,,,,,6,15,GROW Regional Grants -- Region 6,,"TYPED (session 63, FALLBACK): The source states no form (§8's standing fallback, RECIPIENT_TYPE_INFERRED); queued as IN_GROW_RECIPIENT_FORM_NOT_STATED. Classifier said NONPROFIT_CBO/LOW.",LOW,RECIPIENT_TYPE_INFERRED,Budget Period 1,NON_HOSPITAL,No,NOT_HOSPITAL,,"§10.2 NON_HOSPITAL: the named recipient is not a hospital (§0.3a -- judged on the recipient, not the activity), and the source does not mention hospitals anywhere in the funded work. The source states no form (§8's standing fallback, RECIPIENT_TYPE_INFERRED); queued as IN_GROW_RECIPIENT_FORM_NOT_STATED. Not a pass-through: IDOH's FAQ awards every listed organisation directly and prohibits it from sub-awarding.","Indiana publishes NO per-organisation amount. The region's figure, rounded in source to $0.1M, is in round_amount; it repeats on every row of its region and is never divided or summed down the column (§6.2).",,13000000,2026-09-03,data/evidence/recheck/2026-09-24/IN/grow_regional_grants_page.html
IN,134,Centerstone,,NONPROFIT_CBO,No,"GROW Regional Grants, Region 6 ($13 Million Awarded to Region 6), selected subrecipient announced 2026-09-03. INDIANA PUBLISHES NO PER-ORGANISATION AMOUNT: the region figure is in round_amount and is never divided (§6.2).",Yes,No,FY2026 (Year 1),"GROW Regional Grants -- Grant Recipient Organizations (IDOH, in.gov/grow-rural-health/regional-grants), with the eight IDOH Region press releases of 2026-09-03",https://www.in.gov/grow-rural-health/regional-grants/,AGENCY_PRESS_RELEASE,DIRECT_TEXT,R/03bi_in_grow_regional_awardees.R,,,,,6,16,GROW Regional Grants -- Region 6,https://centerstone.org/,"TYPED (session 63, FALLBACK): The source states no form (§8's standing fallback, RECIPIENT_TYPE_INFERRED); queued as IN_GROW_RECIPIENT_FORM_NOT_STATED. Classifier said NONPROFIT_CBO/LOW.",LOW,RECIPIENT_TYPE_INFERRED,Budget Period 1,NON_HOSPITAL,No,NOT_HOSPITAL,,"§10.2 NON_HOSPITAL: the named recipient is not a hospital (§0.3a -- judged on the recipient, not the activity), and the source does not mention hospitals anywhere in the funded work. The source states no form (§8's standing fallback, RECIPIENT_TYPE_INFERRED); queued as IN_GROW_RECIPIENT_FORM_NOT_STATED. Not a pass-through: IDOH's FAQ awards every listed organisation directly and prohibits it from sub-awarding.","Indiana publishes NO per-organisation amount. The region's figure, rounded in source to $0.1M, is in round_amount; it repeats on every row of its region and is never divided or summed down the column (§6.2).",,13000000,2026-09-03,data/evidence/recheck/2026-09-24/IN/grow_regional_grants_page.html
IN,135,INcompass Healthcare,,HOSPITAL_OR_SYSTEM,Yes,"GROW Regional Grants, Region 6 ($13 Million Awarded to Region 6), selected subrecipient announced 2026-09-03. INDIANA PUBLISHES NO PER-ORGANISATION AMOUNT: the region figure is in round_amount and is never divided (§6.2).",Yes,No,FY2026 (Year 1),"GROW Regional Grants -- Grant Recipient Organizations (IDOH, in.gov/grow-rural-health/regional-grants), with the eight IDOH Region press releases of 2026-09-03",https://www.in.gov/grow-rural-health/regional-grants/,AGENCY_PRESS_RELEASE,DIRECT_TEXT,R/03bi_in_grow_regional_awardees.R,154011,,,,6,17,GROW Regional Grants -- Region 6,https://incompasshc.org/,"TYPED (session 63, FEDERAL RECORD): EXACT federal record: CMS IN Hospital Enrollment carries this string as an ORGANIZATION NAME or DBA (normalised for case, punctuation, a leading THE and a trailing INC) at CCN 154011. A COMMUNITY MENTAL HEALTH CENTRE CORPORATION HOLDING A PSYCHIATRIC HOSPITAL CCN: typed on the record, queued as IN_GROW_CMHC_HOLDS_HOSPITAL_CCN so a reader can subtract it. Classifier said NONPROFIT_CBO/LOW.",MEDIUM,,Budget Period 1,DIRECT,Yes,NAMED_HOSPITAL,,"§10.2 DIRECT: the named recipient is a hospital or hospital system and the state's award document names both the recipient and the amount. EXACT federal record: CMS IN Hospital Enrollment carries this string as an ORGANIZATION NAME or DBA (normalised for case, punctuation, a leading THE and a trailing INC) at CCN 154011. A COMMUNITY MENTAL HEALTH CENTRE CORPORATION HOLDING A PSYCHIATRIC HOSPITAL CCN: typed on the record, queued as IN_GROW_CMHC_HOLDS_HOSPITAL_CCN so a reader can subtract it. §0.3a: the recipient is a hospital whatever the activity.","Indiana publishes NO per-organisation amount. The region's figure, rounded in source to $0.1M, is in round_amount; it repeats on every row of its region and is never divided or summed down the column (§6.2).",ORG_WEBSITE,13000000,2026-09-03,data/evidence/recheck/2026-09-24/IN/grow_regional_grants_page.html
IN,136,LifeStream,,NONPROFIT_CBO,No,"GROW Regional Grants, Region 6 ($13 Million Awarded to Region 6), selected subrecipient announced 2026-09-03. INDIANA PUBLISHES NO PER-ORGANISATION AMOUNT: the region figure is in round_amount and is never divided (§6.2).",Yes,No,FY2026 (Year 1),"GROW Regional Grants -- Grant Recipient Organizations (IDOH, in.gov/grow-rural-health/regional-grants), with the eight IDOH Region press releases of 2026-09-03",https://www.in.gov/grow-rural-health/regional-grants/,AGENCY_PRESS_RELEASE,DIRECT_TEXT,R/03bi_in_grow_regional_awardees.R,,,,,6,18,GROW Regional Grants -- Region 6,https://lifestreaminc.org/,"TYPED (session 63, FALLBACK): The source states no form (§8's standing fallback, RECIPIENT_TYPE_INFERRED); queued as IN_GROW_RECIPIENT_FORM_NOT_STATED. Classifier said NONPROFIT_CBO/LOW.",LOW,RECIPIENT_TYPE_INFERRED,Budget Period 1,NON_HOSPITAL,No,NOT_HOSPITAL,,"§10.2 NON_HOSPITAL: the named recipient is not a hospital (§0.3a -- judged on the recipient, not the activity), and the source does not mention hospitals anywhere in the funded work. The source states no form (§8's standing fallback, RECIPIENT_TYPE_INFERRED); queued as IN_GROW_RECIPIENT_FORM_NOT_STATED. Not a pass-through: IDOH's FAQ awards every listed organisation directly and prohibits it from sub-awarding.","Indiana publishes NO per-organisation amount. The region's figure, rounded in source to $0.1M, is in round_amount; it repeats on every row of its region and is never divided or summed down the column (§6.2).",,13000000,2026-09-03,data/evidence/recheck/2026-09-24/IN/grow_regional_grants_page.html
IN,137,"The Scott County Partnership, Inc.",,NONPROFIT_CBO,No,"GROW Regional Grants, Region 6 ($13 Million Awarded to Region 6), selected subrecipient announced 2026-09-03. INDIANA PUBLISHES NO PER-ORGANISATION AMOUNT: the region figure is in round_amount and is never divided (§6.2).",Yes,No,FY2026 (Year 1),"GROW Regional Grants -- Grant Recipient Organizations (IDOH, in.gov/grow-rural-health/regional-grants), with the eight IDOH Region press releases of 2026-09-03",https://www.in.gov/grow-rural-health/regional-grants/,AGENCY_PRESS_RELEASE,DIRECT_TEXT,R/03bi_in_grow_regional_awardees.R,,,,,6,19,GROW Regional Grants -- Region 6,https://scpartnership.org/,"TYPED (session 63, FALLBACK): The source states no form (§8's standing fallback, RECIPIENT_TYPE_INFERRED); queued as IN_GROW_RECIPIENT_FORM_NOT_STATED. Classifier said NONPROFIT_CBO/LOW.",LOW,RECIPIENT_TYPE_INFERRED,Budget Period 1,NON_HOSPITAL,No,NOT_HOSPITAL,,"§10.2 NON_HOSPITAL: the named recipient is not a hospital (§0.3a -- judged on the recipient, not the activity), and the source does not mention hospitals anywhere in the funded work. The source states no form (§8's standing fallback, RECIPIENT_TYPE_INFERRED); queued as IN_GROW_RECIPIENT_FORM_NOT_STATED. Not a pass-through: IDOH's FAQ awards every listed organisation directly and prohibits it from sub-awarding.","Indiana publishes NO per-organisation amount. The region's figure, rounded in source to $0.1M, is in round_amount; it repeats on every row of its region and is never divided or summed down the column (§6.2).",,13000000,2026-09-03,data/evidence/recheck/2026-09-24/IN/grow_regional_grants_page.html
IN,138,"Well Care Community Health, Inc.",,FQHC_OR_RHC,No,"GROW Regional Grants, Region 6 ($13 Million Awarded to Region 6), selected subrecipient announced 2026-09-03. INDIANA PUBLISHES NO PER-ORGANISATION AMOUNT: the region figure is in round_amount and is never divided (§6.2).",Yes,No,FY2026 (Year 1),"GROW Regional Grants -- Grant Recipient Organizations (IDOH, in.gov/grow-rural-health/regional-grants), with the eight IDOH Region press releases of 2026-09-03",https://www.in.gov/grow-rural-health/regional-grants/,AGENCY_PRESS_RELEASE,DIRECT_TEXT,R/03bi_in_grow_regional_awardees.R,,,,,6,20,GROW Regional Grants -- Region 6,https://www.wellcarecommunityhealth.org/,"TYPED (session 63, FEDERAL RECORD): EXACT federal record: CMS IN FQHC Enrollment carries this string as an ORGANIZATION NAME or DBA. Classifier said NONPROFIT_CBO/LOW.",MEDIUM,,Budget Period 1,NON_HOSPITAL,No,NOT_HOSPITAL,,"§10.2 NON_HOSPITAL: the named recipient is not a hospital (§0.3a -- judged on the recipient, not the activity), and the source does not mention hospitals anywhere in the funded work. EXACT federal record: CMS IN FQHC Enrollment carries this string as an ORGANIZATION NAME or DBA. Not a pass-through: IDOH's FAQ awards every listed organisation directly and prohibits it from sub-awarding.","Indiana publishes NO per-organisation amount. The region's figure, rounded in source to $0.1M, is in round_amount; it repeats on every row of its region and is never divided or summed down the column (§6.2).",ORG_WEBSITE,13000000,2026-09-03,data/evidence/recheck/2026-09-24/IN/grow_regional_grants_page.html
IN,139,Dearborn County Health Department,,LOCAL_GOVT_OR_PUBLIC_HEALTH,No,"GROW Regional Grants, Region 6 ($13 Million Awarded to Region 6), selected subrecipient announced 2026-09-03. INDIANA PUBLISHES NO PER-ORGANISATION AMOUNT: the region figure is in round_amount and is never divided (§6.2).",Yes,No,FY2026 (Year 1),"GROW Regional Grants -- Grant Recipient Organizations (IDOH, in.gov/grow-rural-health/regional-grants), with the eight IDOH Region press releases of 2026-09-03",https://www.in.gov/grow-rural-health/regional-grants/,AGENCY_PRESS_RELEASE,DIRECT_TEXT,R/03bi_in_grow_regional_awardees.R,,,,,6,21,GROW Regional Grants -- Region 6,https://dchealthdepartment.org/,"TYPED (session 63, CLASSIFIER): The form is in the state's own string, and the shared classifier's name rule reads it. Classifier said LOCAL_GOVT_OR_PUBLIC_HEALTH/HIGH.",HIGH,,Budget Period 1,NON_HOSPITAL,No,NOT_HOSPITAL,,"§10.2 NON_HOSPITAL: the named recipient is not a hospital (§0.3a -- judged on the recipient, not the activity), and the source does not mention hospitals anywhere in the funded work. The form is in the state's own string, and the shared classifier's name rule reads it. Not a pass-through: IDOH's FAQ awards every listed organisation directly and prohibits it from sub-awarding.","Indiana publishes NO per-organisation amount. The region's figure, rounded in source to $0.1M, is in round_amount; it repeats on every row of its region and is never divided or summed down the column (§6.2).",STATE_SOURCE,13000000,2026-09-03,data/evidence/recheck/2026-09-24/IN/grow_regional_grants_page.html
IN,140,Infants in BLOOM LLC,,NONPROFIT_CBO,No,"GROW Regional Grants, Region 6 ($13 Million Awarded to Region 6), selected subrecipient announced 2026-09-03. INDIANA PUBLISHES NO PER-ORGANISATION AMOUNT: the region figure is in round_amount and is never divided (§6.2).",Yes,No,FY2026 (Year 1),"GROW Regional Grants -- Grant Recipient Organizations (IDOH, in.gov/grow-rural-health/regional-grants), with the eight IDOH Region press releases of 2026-09-03",https://www.in.gov/grow-rural-health/regional-grants/,AGENCY_PRESS_RELEASE,DIRECT_TEXT,R/03bi_in_grow_regional_awardees.R,,,,,6,22,GROW Regional Grants -- Region 6,https://infantsinbloom.org/,"TYPED (session 63, FALLBACK): The source states no form (§8's standing fallback, RECIPIENT_TYPE_INFERRED); queued as IN_GROW_RECIPIENT_FORM_NOT_STATED. Classifier said NONPROFIT_CBO/LOW.",LOW,RECIPIENT_TYPE_INFERRED,Budget Period 1,NON_HOSPITAL,No,NOT_HOSPITAL,,"§10.2 NON_HOSPITAL: the named recipient is not a hospital (§0.3a -- judged on the recipient, not the activity), and the source does not mention hospitals anywhere in the funded work. The source states no form (§8's standing fallback, RECIPIENT_TYPE_INFERRED); queued as IN_GROW_RECIPIENT_FORM_NOT_STATED. Not a pass-through: IDOH's FAQ awards every listed organisation directly and prohibits it from sub-awarding.","Indiana publishes NO per-organisation amount. The region's figure, rounded in source to $0.1M, is in round_amount; it repeats on every row of its region and is never divided or summed down the column (§6.2).",,13000000,2026-09-03,data/evidence/recheck/2026-09-24/IN/grow_regional_grants_page.html
IN,141,LifeTime Resources,,NONPROFIT_CBO,No,"GROW Regional Grants, Region 6 ($13 Million Awarded to Region 6), selected subrecipient announced 2026-09-03. INDIANA PUBLISHES NO PER-ORGANISATION AMOUNT: the region figure is in round_amount and is never divided (§6.2).",Yes,No,FY2026 (Year 1),"GROW Regional Grants -- Grant Recipient Organizations (IDOH, in.gov/grow-rural-health/regional-grants), with the eight IDOH Region press releases of 2026-09-03",https://www.in.gov/grow-rural-health/regional-grants/,AGENCY_PRESS_RELEASE,DIRECT_TEXT,R/03bi_in_grow_regional_awardees.R,,,,,6,23,GROW Regional Grants -- Region 6,https://lifetime-resources.org/,"TYPED (session 63, FALLBACK): The source states no form (§8's standing fallback, RECIPIENT_TYPE_INFERRED); queued as IN_GROW_RECIPIENT_FORM_NOT_STATED. Classifier said NONPROFIT_CBO/LOW.",LOW,RECIPIENT_TYPE_INFERRED,Budget Period 1,NON_HOSPITAL,No,NOT_HOSPITAL,,"§10.2 NON_HOSPITAL: the named recipient is not a hospital (§0.3a -- judged on the recipient, not the activity), and the source does not mention hospitals anywhere in the funded work. The source states no form (§8's standing fallback, RECIPIENT_TYPE_INFERRED); queued as IN_GROW_RECIPIENT_FORM_NOT_STATED. Not a pass-through: IDOH's FAQ awards every listed organisation directly and prohibits it from sub-awarding.","Indiana publishes NO per-organisation amount. The region's figure, rounded in source to $0.1M, is in round_amount; it repeats on every row of its region and is never divided or summed down the column (§6.2).",,13000000,2026-09-03,data/evidence/recheck/2026-09-24/IN/grow_regional_grants_page.html
IN,142,Southeast Indiana YMCA,,NONPROFIT_CBO,No,"GROW Regional Grants, Region 6 ($13 Million Awarded to Region 6), selected subrecipient announced 2026-09-03. INDIANA PUBLISHES NO PER-ORGANISATION AMOUNT: the region figure is in round_amount and is never divided (§6.2).",Yes,No,FY2026 (Year 1),"GROW Regional Grants -- Grant Recipient Organizations (IDOH, in.gov/grow-rural-health/regional-grants), with the eight IDOH Region press releases of 2026-09-03",https://www.in.gov/grow-rural-health/regional-grants/,AGENCY_PRESS_RELEASE,DIRECT_TEXT,R/03bi_in_grow_regional_awardees.R,,,,,6,24,GROW Regional Grants -- Region 6,https://siymca.org/,"TYPED (session 63, FALLBACK): The source states no form (§8's standing fallback, RECIPIENT_TYPE_INFERRED); queued as IN_GROW_RECIPIENT_FORM_NOT_STATED. Classifier said NONPROFIT_CBO/LOW.",LOW,RECIPIENT_TYPE_INFERRED,Budget Period 1,NON_HOSPITAL,No,NOT_HOSPITAL,,"§10.2 NON_HOSPITAL: the named recipient is not a hospital (§0.3a -- judged on the recipient, not the activity), and the source does not mention hospitals anywhere in the funded work. The source states no form (§8's standing fallback, RECIPIENT_TYPE_INFERRED); queued as IN_GROW_RECIPIENT_FORM_NOT_STATED. Not a pass-through: IDOH's FAQ awards every listed organisation directly and prohibits it from sub-awarding.","Indiana publishes NO per-organisation amount. The region's figure, rounded in source to $0.1M, is in round_amount; it repeats on every row of its region and is never divided or summed down the column (§6.2).",,13000000,2026-09-03,data/evidence/recheck/2026-09-24/IN/grow_regional_grants_page.html
IN,143,Decatur County Health Department,,LOCAL_GOVT_OR_PUBLIC_HEALTH,No,"GROW Regional Grants, Region 6 ($13 Million Awarded to Region 6), selected subrecipient announced 2026-09-03. INDIANA PUBLISHES NO PER-ORGANISATION AMOUNT: the region figure is in round_amount and is never divided (§6.2).",Yes,No,FY2026 (Year 1),"GROW Regional Grants -- Grant Recipient Organizations (IDOH, in.gov/grow-rural-health/regional-grants), with the eight IDOH Region press releases of 2026-09-03",https://www.in.gov/grow-rural-health/regional-grants/,AGENCY_PRESS_RELEASE,DIRECT_TEXT,R/03bi_in_grow_regional_awardees.R,,,,,6,25,GROW Regional Grants -- Region 6,https://www.in.gov/localhealth/decaturcounty/,"TYPED (session 63, CLASSIFIER): The form is in the state's own string, and the shared classifier's name rule reads it. Classifier said LOCAL_GOVT_OR_PUBLIC_HEALTH/HIGH.",HIGH,,Budget Period 1,NON_HOSPITAL,No,NOT_HOSPITAL,,"§10.2 NON_HOSPITAL: the named recipient is not a hospital (§0.3a -- judged on the recipient, not the activity), and the source does not mention hospitals anywhere in the funded work. The form is in the state's own string, and the shared classifier's name rule reads it. Not a pass-through: IDOH's FAQ awards every listed organisation directly and prohibits it from sub-awarding.","Indiana publishes NO per-organisation amount. The region's figure, rounded in source to $0.1M, is in round_amount; it repeats on every row of its region and is never divided or summed down the column (§6.2).",STATE_SOURCE,13000000,2026-09-03,data/evidence/recheck/2026-09-24/IN/grow_regional_grants_page.html
IN,144,"Inspire Success, Inc.",,NONPROFIT_CBO,No,"GROW Regional Grants, Region 6 ($13 Million Awarded to Region 6), selected subrecipient announced 2026-09-03. INDIANA PUBLISHES NO PER-ORGANISATION AMOUNT: the region figure is in round_amount and is never divided (§6.2).",Yes,No,FY2026 (Year 1),"GROW Regional Grants -- Grant Recipient Organizations (IDOH, in.gov/grow-rural-health/regional-grants), with the eight IDOH Region press releases of 2026-09-03",https://www.in.gov/grow-rural-health/regional-grants/,AGENCY_PRESS_RELEASE,DIRECT_TEXT,R/03bi_in_grow_regional_awardees.R,,,,,6,26,GROW Regional Grants -- Region 6,https://inspiresuccess.org/,"TYPED (session 63, FALLBACK): The source states no form (§8's standing fallback, RECIPIENT_TYPE_INFERRED); queued as IN_GROW_RECIPIENT_FORM_NOT_STATED. Classifier said NONPROFIT_CBO/LOW.",LOW,RECIPIENT_TYPE_INFERRED,Budget Period 1,NON_HOSPITAL,No,NOT_HOSPITAL,,"§10.2 NON_HOSPITAL: the named recipient is not a hospital (§0.3a -- judged on the recipient, not the activity), and the source does not mention hospitals anywhere in the funded work. The source states no form (§8's standing fallback, RECIPIENT_TYPE_INFERRED); queued as IN_GROW_RECIPIENT_FORM_NOT_STATED. Not a pass-through: IDOH's FAQ awards every listed organisation directly and prohibits it from sub-awarding.","Indiana publishes NO per-organisation amount. The region's figure, rounded in source to $0.1M, is in round_amount; it repeats on every row of its region and is never divided or summed down the column (§6.2).",,13000000,2026-09-03,data/evidence/recheck/2026-09-24/IN/grow_regional_grants_page.html
IN,145,Margaret Mary Community Hospital,,HOSPITAL_OR_SYSTEM,Yes,"GROW Regional Grants, Region 6 ($13 Million Awarded to Region 6), selected subrecipient announced 2026-09-03. INDIANA PUBLISHES NO PER-ORGANISATION AMOUNT: the region figure is in round_amount and is never divided (§6.2).",Yes,No,FY2026 (Year 1),"GROW Regional Grants -- Grant Recipient Organizations (IDOH, in.gov/grow-rural-health/regional-grants), with the eight IDOH Region press releases of 2026-09-03",https://www.in.gov/grow-rural-health/regional-grants/,AGENCY_PRESS_RELEASE,DIRECT_TEXT,R/03bi_in_grow_regional_awardees.R,151329,,,,6,27,GROW Regional Grants -- Region 6,https://www.mmhealth.org/,"TYPED (session 63, FEDERAL RECORD): EXACT federal record: CMS IN Hospital Enrollment carries this string as an ORGANIZATION NAME or DBA (normalised for case, punctuation, a leading THE and a trailing INC) at CCN 151329; its provider-based RHCs enrol under the same name. Classifier said HOSPITAL_OR_SYSTEM/HIGH.",MEDIUM,,Budget Period 1,DIRECT,Yes,NAMED_HOSPITAL,,"§10.2 DIRECT: the named recipient is a hospital or hospital system and the state's award document names both the recipient and the amount. EXACT federal record: CMS IN Hospital Enrollment carries this string as an ORGANIZATION NAME or DBA (normalised for case, punctuation, a leading THE and a trailing INC) at CCN 151329; its provider-based RHCs enrol under the same name. §0.3a: the recipient is a hospital whatever the activity.","Indiana publishes NO per-organisation amount. The region's figure, rounded in source to $0.1M, is in round_amount; it repeats on every row of its region and is never divided or summed down the column (§6.2).",ORG_WEBSITE,13000000,2026-09-03,data/evidence/recheck/2026-09-24/IN/grow_regional_grants_page.html
IN,146,St. Elizabeth Dearborn,,HOSPITAL_OR_SYSTEM,Yes,"GROW Regional Grants, Region 6 ($13 Million Awarded to Region 6), selected subrecipient announced 2026-09-03. INDIANA PUBLISHES NO PER-ORGANISATION AMOUNT: the region figure is in round_amount and is never divided (§6.2).",Yes,No,FY2026 (Year 1),"GROW Regional Grants -- Grant Recipient Organizations (IDOH, in.gov/grow-rural-health/regional-grants), with the eight IDOH Region press releases of 2026-09-03",https://www.in.gov/grow-rural-health/regional-grants/,AGENCY_PRESS_RELEASE,DIRECT_TEXT,R/03bi_in_grow_regional_awardees.R,150086,,,,6,28,GROW Regional Grants -- Region 6,https://www.stelizabeth.com/dearborn/,"TYPED (session 63, HAND-READ): HAND-READ BRIDGE: CMS enrols ST ELIZABETH MEDICAL CENTER, INC dba ST. ELIZABETH DEARBORN HOSPITAL (CCN 150086, Lawrenceburg); the state's string drops 'Hospital'. The page links stelizabeth.com/dearborn. LOW; queued as IN_GROW_HOSPITAL_BRIDGES. Classifier said NONPROFIT_CBO/LOW.",LOW,,Budget Period 1,DIRECT,Yes,NAMED_HOSPITAL,,"§10.2 DIRECT: the named recipient is a hospital or hospital system and the state's award document names both the recipient and the amount. HAND-READ BRIDGE: CMS enrols ST ELIZABETH MEDICAL CENTER, INC dba ST. ELIZABETH DEARBORN HOSPITAL (CCN 150086, Lawrenceburg); the state's string drops 'Hospital'. The page links stelizabeth.com/dearborn. LOW; queued as IN_GROW_HOSPITAL_BRIDGES. §0.3a: the recipient is a hospital whatever the activity.","Indiana publishes NO per-organisation amount. The region's figure, rounded in source to $0.1M, is in round_amount; it repeats on every row of its region and is never divided or summed down the column (§6.2).",GENERAL_KNOWLEDGE,13000000,2026-09-03,data/evidence/recheck/2026-09-24/IN/grow_regional_grants_page.html
IN,147,Decatur County Memorial Hospital,,HOSPITAL_OR_SYSTEM,Yes,"GROW Regional Grants, Region 6 ($13 Million Awarded to Region 6), selected subrecipient announced 2026-09-03. INDIANA PUBLISHES NO PER-ORGANISATION AMOUNT: the region figure is in round_amount and is never divided (§6.2).",Yes,No,FY2026 (Year 1),"GROW Regional Grants -- Grant Recipient Organizations (IDOH, in.gov/grow-rural-health/regional-grants), with the eight IDOH Region press releases of 2026-09-03",https://www.in.gov/grow-rural-health/regional-grants/,AGENCY_PRESS_RELEASE,DIRECT_TEXT,R/03bi_in_grow_regional_awardees.R,151332,,,,6,29,GROW Regional Grants -- Region 6,https://dcmh.net/,"TYPED (session 63, FEDERAL RECORD): EXACT federal record: CMS IN Hospital Enrollment carries this string as an ORGANIZATION NAME or DBA (normalised for case, punctuation, a leading THE and a trailing INC) at CCN 151332; its provider-based RHCs enrol under the same name. Classifier said HOSPITAL_OR_SYSTEM/HIGH.",MEDIUM,,Budget Period 1,DIRECT,Yes,NAMED_HOSPITAL,,"§10.2 DIRECT: the named recipient is a hospital or hospital system and the state's award document names both the recipient and the amount. EXACT federal record: CMS IN Hospital Enrollment carries this string as an ORGANIZATION NAME or DBA (normalised for case, punctuation, a leading THE and a trailing INC) at CCN 151332; its provider-based RHCs enrol under the same name. §0.3a: the recipient is a hospital whatever the activity.","Indiana publishes NO per-organisation amount. The region's figure, rounded in source to $0.1M, is in round_amount; it repeats on every row of its region and is never divided or summed down the column (§6.2).",ORG_WEBSITE,13000000,2026-09-03,data/evidence/recheck/2026-09-24/IN/grow_regional_grants_page.html
IN,148,Jefferson County Health Department,,LOCAL_GOVT_OR_PUBLIC_HEALTH,No,"GROW Regional Grants, Region 6 ($13 Million Awarded to Region 6), selected subrecipient announced 2026-09-03. INDIANA PUBLISHES NO PER-ORGANISATION AMOUNT: the region figure is in round_amount and is never divided (§6.2).",Yes,No,FY2026 (Year 1),"GROW Regional Grants -- Grant Recipient Organizations (IDOH, in.gov/grow-rural-health/regional-grants), with the eight IDOH Region press releases of 2026-09-03",https://www.in.gov/grow-rural-health/regional-grants/,AGENCY_PRESS_RELEASE,DIRECT_TEXT,R/03bi_in_grow_regional_awardees.R,,,,,6,30,GROW Regional Grants -- Region 6,https://jeffco.health/,"TYPED (session 63, CLASSIFIER): The form is in the state's own string, and the shared classifier's name rule reads it. Classifier said LOCAL_GOVT_OR_PUBLIC_HEALTH/HIGH.",HIGH,,Budget Period 1,NON_HOSPITAL,No,NOT_HOSPITAL,,"§10.2 NON_HOSPITAL: the named recipient is not a hospital (§0.3a -- judged on the recipient, not the activity), and the source does not mention hospitals anywhere in the funded work. The form is in the state's own string, and the shared classifier's name rule reads it. Not a pass-through: IDOH's FAQ awards every listed organisation directly and prohibits it from sub-awarding.","Indiana publishes NO per-organisation amount. The region's figure, rounded in source to $0.1M, is in round_amount; it repeats on every row of its region and is never divided or summed down the column (§6.2).",STATE_SOURCE,13000000,2026-09-03,data/evidence/recheck/2026-09-24/IN/grow_regional_grants_page.html
IN,149,Ohio County Health Department,,LOCAL_GOVT_OR_PUBLIC_HEALTH,No,"GROW Regional Grants, Region 6 ($13 Million Awarded to Region 6), selected subrecipient announced 2026-09-03. INDIANA PUBLISHES NO PER-ORGANISATION AMOUNT: the region figure is in round_amount and is never divided (§6.2).",Yes,No,FY2026 (Year 1),"GROW Regional Grants -- Grant Recipient Organizations (IDOH, in.gov/grow-rural-health/regional-grants), with the eight IDOH Region press releases of 2026-09-03",https://www.in.gov/grow-rural-health/regional-grants/,AGENCY_PRESS_RELEASE,DIRECT_TEXT,R/03bi_in_grow_regional_awardees.R,,,,,6,31,GROW Regional Grants -- Region 6,https://ohiocountyhealthdept.com/,"TYPED (session 63, CLASSIFIER): The form is in the state's own string, and the shared classifier's name rule reads it. Classifier said LOCAL_GOVT_OR_PUBLIC_HEALTH/HIGH.",HIGH,,Budget Period 1,NON_HOSPITAL,No,NOT_HOSPITAL,,"§10.2 NON_HOSPITAL: the named recipient is not a hospital (§0.3a -- judged on the recipient, not the activity), and the source does not mention hospitals anywhere in the funded work. The form is in the state's own string, and the shared classifier's name rule reads it. Not a pass-through: IDOH's FAQ awards every listed organisation directly and prohibits it from sub-awarding.","Indiana publishes NO per-organisation amount. The region's figure, rounded in source to $0.1M, is in round_amount; it repeats on every row of its region and is never divided or summed down the column (§6.2).",STATE_SOURCE,13000000,2026-09-03,data/evidence/recheck/2026-09-24/IN/grow_regional_grants_page.html
IN,150,Switzerland County Health Department,,LOCAL_GOVT_OR_PUBLIC_HEALTH,No,"GROW Regional Grants, Region 6 ($13 Million Awarded to Region 6), selected subrecipient announced 2026-09-03. INDIANA PUBLISHES NO PER-ORGANISATION AMOUNT: the region figure is in round_amount and is never divided (§6.2).",Yes,No,FY2026 (Year 1),"GROW Regional Grants -- Grant Recipient Organizations (IDOH, in.gov/grow-rural-health/regional-grants), with the eight IDOH Region press releases of 2026-09-03",https://www.in.gov/grow-rural-health/regional-grants/,AGENCY_PRESS_RELEASE,DIRECT_TEXT,R/03bi_in_grow_regional_awardees.R,,,,,6,32,GROW Regional Grants -- Region 6,https://sites.google.com/switzerland.in.gov/switzerlandcountyhealth/health-department,"TYPED (session 63, CLASSIFIER): The form is in the state's own string, and the shared classifier's name rule reads it. Classifier said LOCAL_GOVT_OR_PUBLIC_HEALTH/HIGH.",HIGH,,Budget Period 1,NON_HOSPITAL,No,NOT_HOSPITAL,,"§10.2 NON_HOSPITAL: the named recipient is not a hospital (§0.3a -- judged on the recipient, not the activity), and the source does not mention hospitals anywhere in the funded work. The form is in the state's own string, and the shared classifier's name rule reads it. Not a pass-through: IDOH's FAQ awards every listed organisation directly and prohibits it from sub-awarding.","Indiana publishes NO per-organisation amount. The region's figure, rounded in source to $0.1M, is in round_amount; it repeats on every row of its region and is never divided or summed down the column (§6.2).",STATE_SOURCE,13000000,2026-09-03,data/evidence/recheck/2026-09-24/IN/grow_regional_grants_page.html
IN,151,"Boys & Girls Club of Seymour, Inc.",,NONPROFIT_CBO,No,"GROW Regional Grants, Region 7 ($13.1 Million Awarded to Region 7), selected subrecipient announced 2026-09-03. INDIANA PUBLISHES NO PER-ORGANISATION AMOUNT: the region figure is in round_amount and is never divided (§6.2).",Yes,No,FY2026 (Year 1),"GROW Regional Grants -- Grant Recipient Organizations (IDOH, in.gov/grow-rural-health/regional-grants), with the eight IDOH Region press releases of 2026-09-03",https://www.in.gov/grow-rural-health/regional-grants/,AGENCY_PRESS_RELEASE,DIRECT_TEXT,R/03bi_in_grow_regional_awardees.R,,,,,7,1,GROW Regional Grants -- Region 7,https://www.indianabgc.org/locations/boys-girls-club-of-seymour/,"TYPED (session 63, FALLBACK): The source states no form (§8's standing fallback, RECIPIENT_TYPE_INFERRED); queued as IN_GROW_RECIPIENT_FORM_NOT_STATED. Classifier said NONPROFIT_CBO/LOW.",LOW,RECIPIENT_TYPE_INFERRED,Budget Period 1,NON_HOSPITAL,No,NOT_HOSPITAL,,"§10.2 NON_HOSPITAL: the named recipient is not a hospital (§0.3a -- judged on the recipient, not the activity), and the source does not mention hospitals anywhere in the funded work. The source states no form (§8's standing fallback, RECIPIENT_TYPE_INFERRED); queued as IN_GROW_RECIPIENT_FORM_NOT_STATED. Not a pass-through: IDOH's FAQ awards every listed organisation directly and prohibits it from sub-awarding.","Indiana publishes NO per-organisation amount. The region's figure, rounded in source to $0.1M, is in round_amount; it repeats on every row of its region and is never divided or summed down the column (§6.2).",,13100000,2026-09-03,data/evidence/recheck/2026-09-24/IN/grow_regional_grants_page.html
IN,152,Hoosier Uplands Economic Development Corporation,,NONPROFIT_CBO,No,"GROW Regional Grants, Region 7 ($13.1 Million Awarded to Region 7), selected subrecipient announced 2026-09-03. INDIANA PUBLISHES NO PER-ORGANISATION AMOUNT: the region figure is in round_amount and is never divided (§6.2).",Yes,No,FY2026 (Year 1),"GROW Regional Grants -- Grant Recipient Organizations (IDOH, in.gov/grow-rural-health/regional-grants), with the eight IDOH Region press releases of 2026-09-03",https://www.in.gov/grow-rural-health/regional-grants/,AGENCY_PRESS_RELEASE,DIRECT_TEXT,R/03bi_in_grow_regional_awardees.R,,,,,7,2,GROW Regional Grants -- Region 7,https://www.hoosieruplands.org/,"TYPED (session 63, FALLBACK): The source states no form (§8's standing fallback, RECIPIENT_TYPE_INFERRED); queued as IN_GROW_RECIPIENT_FORM_NOT_STATED. Classifier said NONPROFIT_CBO/LOW.",LOW,RECIPIENT_TYPE_INFERRED,Budget Period 1,NON_HOSPITAL,No,NOT_HOSPITAL,,"§10.2 NON_HOSPITAL: the named recipient is not a hospital (§0.3a -- judged on the recipient, not the activity), and the source does not mention hospitals anywhere in the funded work. The source states no form (§8's standing fallback, RECIPIENT_TYPE_INFERRED); queued as IN_GROW_RECIPIENT_FORM_NOT_STATED. Not a pass-through: IDOH's FAQ awards every listed organisation directly and prohibits it from sub-awarding.","Indiana publishes NO per-organisation amount. The region's figure, rounded in source to $0.1M, is in round_amount; it repeats on every row of its region and is never divided or summed down the column (§6.2).",,13100000,2026-09-03,data/evidence/recheck/2026-09-24/IN/grow_regional_grants_page.html
IN,153,Journey Together RCO Inc.,,NONPROFIT_CBO,No,"GROW Regional Grants, Region 7 ($13.1 Million Awarded to Region 7), selected subrecipient announced 2026-09-03. INDIANA PUBLISHES NO PER-ORGANISATION AMOUNT: the region figure is in round_amount and is never divided (§6.2).",Yes,No,FY2026 (Year 1),"GROW Regional Grants -- Grant Recipient Organizations (IDOH, in.gov/grow-rural-health/regional-grants), with the eight IDOH Region press releases of 2026-09-03",https://www.in.gov/grow-rural-health/regional-grants/,AGENCY_PRESS_RELEASE,DIRECT_TEXT,R/03bi_in_grow_regional_awardees.R,,,,,7,3,GROW Regional Grants -- Region 7,,"TYPED (session 63, FALLBACK): The source states no form (§8's standing fallback, RECIPIENT_TYPE_INFERRED); queued as IN_GROW_RECIPIENT_FORM_NOT_STATED. Classifier said NONPROFIT_CBO/LOW.",LOW,RECIPIENT_TYPE_INFERRED,Budget Period 1,NON_HOSPITAL,No,NOT_HOSPITAL,,"§10.2 NON_HOSPITAL: the named recipient is not a hospital (§0.3a -- judged on the recipient, not the activity), and the source does not mention hospitals anywhere in the funded work. The source states no form (§8's standing fallback, RECIPIENT_TYPE_INFERRED); queued as IN_GROW_RECIPIENT_FORM_NOT_STATED. Not a pass-through: IDOH's FAQ awards every listed organisation directly and prohibits it from sub-awarding.","Indiana publishes NO per-organisation amount. The region's figure, rounded in source to $0.1M, is in round_amount; it repeats on every row of its region and is never divided or summed down the column (§6.2).",,13100000,2026-09-03,data/evidence/recheck/2026-09-24/IN/grow_regional_grants_page.html
IN,154,Southern Indiana Community Health Care Inc,,FQHC_OR_RHC,No,"GROW Regional Grants, Region 7 ($13.1 Million Awarded to Region 7), selected subrecipient announced 2026-09-03. INDIANA PUBLISHES NO PER-ORGANISATION AMOUNT: the region figure is in round_amount and is never divided (§6.2).",Yes,No,FY2026 (Year 1),"GROW Regional Grants -- Grant Recipient Organizations (IDOH, in.gov/grow-rural-health/regional-grants), with the eight IDOH Region press releases of 2026-09-03",https://www.in.gov/grow-rural-health/regional-grants/,AGENCY_PRESS_RELEASE,DIRECT_TEXT,R/03bi_in_grow_regional_awardees.R,,,,,7,4,GROW Regional Grants -- Region 7,https://sichc.org/,"TYPED (session 63, FEDERAL RECORD): EXACT federal record: CMS IN FQHC Enrollment carries this string as an ORGANIZATION NAME or DBA. Classifier said NONPROFIT_CBO/LOW.",MEDIUM,,Budget Period 1,NON_HOSPITAL,No,NOT_HOSPITAL,,"§10.2 NON_HOSPITAL: the named recipient is not a hospital (§0.3a -- judged on the recipient, not the activity), and the source does not mention hospitals anywhere in the funded work. EXACT federal record: CMS IN FQHC Enrollment carries this string as an ORGANIZATION NAME or DBA. Not a pass-through: IDOH's FAQ awards every listed organisation directly and prohibits it from sub-awarding.","Indiana publishes NO per-organisation amount. The region's figure, rounded in source to $0.1M, is in round_amount; it repeats on every row of its region and is never divided or summed down the column (§6.2).",ORG_WEBSITE,13100000,2026-09-03,data/evidence/recheck/2026-09-24/IN/grow_regional_grants_page.html
IN,155,Valcore Recover LLC,,NONPROFIT_CBO,No,"GROW Regional Grants, Region 7 ($13.1 Million Awarded to Region 7), selected subrecipient announced 2026-09-03. INDIANA PUBLISHES NO PER-ORGANISATION AMOUNT: the region figure is in round_amount and is never divided (§6.2).",Yes,No,FY2026 (Year 1),"GROW Regional Grants -- Grant Recipient Organizations (IDOH, in.gov/grow-rural-health/regional-grants), with the eight IDOH Region press releases of 2026-09-03",https://www.in.gov/grow-rural-health/regional-grants/,AGENCY_PRESS_RELEASE,DIRECT_TEXT,R/03bi_in_grow_regional_awardees.R,,,,,7,5,GROW Regional Grants -- Region 7,,"TYPED (session 63, FALLBACK): The source states no form (§8's standing fallback, RECIPIENT_TYPE_INFERRED); queued as IN_GROW_RECIPIENT_FORM_NOT_STATED. Classifier said NONPROFIT_CBO/LOW.",LOW,RECIPIENT_TYPE_INFERRED,Budget Period 1,NON_HOSPITAL,No,NOT_HOSPITAL,,"§10.2 NON_HOSPITAL: the named recipient is not a hospital (§0.3a -- judged on the recipient, not the activity), and the source does not mention hospitals anywhere in the funded work. The source states no form (§8's standing fallback, RECIPIENT_TYPE_INFERRED); queued as IN_GROW_RECIPIENT_FORM_NOT_STATED. Not a pass-through: IDOH's FAQ awards every listed organisation directly and prohibits it from sub-awarding.","Indiana publishes NO per-organisation amount. The region's figure, rounded in source to $0.1M, is in round_amount; it repeats on every row of its region and is never divided or summed down the column (§6.2).",,13100000,2026-09-03,data/evidence/recheck/2026-09-24/IN/grow_regional_grants_page.html
IN,156,Centerstone,,NONPROFIT_CBO,No,"GROW Regional Grants, Region 7 ($13.1 Million Awarded to Region 7), selected subrecipient announced 2026-09-03. INDIANA PUBLISHES NO PER-ORGANISATION AMOUNT: the region figure is in round_amount and is never divided (§6.2).",Yes,No,FY2026 (Year 1),"GROW Regional Grants -- Grant Recipient Organizations (IDOH, in.gov/grow-rural-health/regional-grants), with the eight IDOH Region press releases of 2026-09-03",https://www.in.gov/grow-rural-health/regional-grants/,AGENCY_PRESS_RELEASE,DIRECT_TEXT,R/03bi_in_grow_regional_awardees.R,,,,,7,6,GROW Regional Grants -- Region 7,https://centerstone.org/,"TYPED (session 63, FALLBACK): The source states no form (§8's standing fallback, RECIPIENT_TYPE_INFERRED); queued as IN_GROW_RECIPIENT_FORM_NOT_STATED. Classifier said NONPROFIT_CBO/LOW.",LOW,RECIPIENT_TYPE_INFERRED,Budget Period 1,NON_HOSPITAL,No,NOT_HOSPITAL,,"§10.2 NON_HOSPITAL: the named recipient is not a hospital (§0.3a -- judged on the recipient, not the activity), and the source does not mention hospitals anywhere in the funded work. The source states no form (§8's standing fallback, RECIPIENT_TYPE_INFERRED); queued as IN_GROW_RECIPIENT_FORM_NOT_STATED. Not a pass-through: IDOH's FAQ awards every listed organisation directly and prohibits it from sub-awarding.","Indiana publishes NO per-organisation amount. The region's figure, rounded in source to $0.1M, is in round_amount; it repeats on every row of its region and is never divided or summed down the column (§6.2).",,13100000,2026-09-03,data/evidence/recheck/2026-09-24/IN/grow_regional_grants_page.html
IN,157,Indiana Health Centers Inc,,FQHC_OR_RHC,No,"GROW Regional Grants, Region 7 ($13.1 Million Awarded to Region 7), selected subrecipient announced 2026-09-03. INDIANA PUBLISHES NO PER-ORGANISATION AMOUNT: the region figure is in round_amount and is never divided (§6.2).",Yes,No,FY2026 (Year 1),"GROW Regional Grants -- Grant Recipient Organizations (IDOH, in.gov/grow-rural-health/regional-grants), with the eight IDOH Region press releases of 2026-09-03",https://www.in.gov/grow-rural-health/regional-grants/,AGENCY_PRESS_RELEASE,DIRECT_TEXT,R/03bi_in_grow_regional_awardees.R,,,,,7,7,GROW Regional Grants -- Region 7,https://indianahealthonline.org/,"TYPED (session 63, FEDERAL RECORD): EXACT federal record: CMS IN FQHC Enrollment carries this string as an ORGANIZATION NAME or DBA. Classifier said NONPROFIT_CBO/LOW.",MEDIUM,,Budget Period 1,NON_HOSPITAL,No,NOT_HOSPITAL,,"§10.2 NON_HOSPITAL: the named recipient is not a hospital (§0.3a -- judged on the recipient, not the activity), and the source does not mention hospitals anywhere in the funded work. EXACT federal record: CMS IN FQHC Enrollment carries this string as an ORGANIZATION NAME or DBA. Not a pass-through: IDOH's FAQ awards every listed organisation directly and prohibits it from sub-awarding.","Indiana publishes NO per-organisation amount. The region's figure, rounded in source to $0.1M, is in round_amount; it repeats on every row of its region and is never divided or summed down the column (§6.2).",ORG_WEBSITE,13100000,2026-09-03,data/evidence/recheck/2026-09-24/IN/grow_regional_grants_page.html
IN,158,LIFE House Living in Freedom Every Day Corp.,,NONPROFIT_CBO,No,"GROW Regional Grants, Region 7 ($13.1 Million Awarded to Region 7), selected subrecipient announced 2026-09-03. INDIANA PUBLISHES NO PER-ORGANISATION AMOUNT: the region figure is in round_amount and is never divided (§6.2).",Yes,No,FY2026 (Year 1),"GROW Regional Grants -- Grant Recipient Organizations (IDOH, in.gov/grow-rural-health/regional-grants), with the eight IDOH Region press releases of 2026-09-03",https://www.in.gov/grow-rural-health/regional-grants/,AGENCY_PRESS_RELEASE,DIRECT_TEXT,R/03bi_in_grow_regional_awardees.R,,,,,7,8,GROW Regional Grants -- Region 7,,"TYPED (session 63, FALLBACK): The source states no form (§8's standing fallback, RECIPIENT_TYPE_INFERRED); queued as IN_GROW_RECIPIENT_FORM_NOT_STATED. Classifier said NONPROFIT_CBO/LOW.",LOW,RECIPIENT_TYPE_INFERRED,Budget Period 1,NON_HOSPITAL,No,NOT_HOSPITAL,,"§10.2 NON_HOSPITAL: the named recipient is not a hospital (§0.3a -- judged on the recipient, not the activity), and the source does not mention hospitals anywhere in the funded work. The source states no form (§8's standing fallback, RECIPIENT_TYPE_INFERRED); queued as IN_GROW_RECIPIENT_FORM_NOT_STATED. Not a pass-through: IDOH's FAQ awards every listed organisation directly and prohibits it from sub-awarding.","Indiana publishes NO per-organisation amount. The region's figure, rounded in source to $0.1M, is in round_amount; it repeats on every row of its region and is never divided or summed down the column (§6.2).",,13100000,2026-09-03,data/evidence/recheck/2026-09-24/IN/grow_regional_grants_page.html
IN,159,"St. Vincent Salem Hospital, Inc.",,HOSPITAL_OR_SYSTEM,Yes,"GROW Regional Grants, Region 7 ($13.1 Million Awarded to Region 7), selected subrecipient announced 2026-09-03. INDIANA PUBLISHES NO PER-ORGANISATION AMOUNT: the region figure is in round_amount and is never divided (§6.2).",Yes,No,FY2026 (Year 1),"GROW Regional Grants -- Grant Recipient Organizations (IDOH, in.gov/grow-rural-health/regional-grants), with the eight IDOH Region press releases of 2026-09-03",https://www.in.gov/grow-rural-health/regional-grants/,AGENCY_PRESS_RELEASE,DIRECT_TEXT,R/03bi_in_grow_regional_awardees.R,151314,,,,7,9,GROW Regional Grants -- Region 7,https://healthcare.ascension.org/locations/indiana/inasc/salem-ascension-st-vincent-salem,"TYPED (session 63, FEDERAL RECORD): EXACT federal record: CMS IN Hospital Enrollment carries this string as an ORGANIZATION NAME or DBA (normalised for case, punctuation, a leading THE and a trailing INC) at CCN 151314. Classifier said HOSPITAL_OR_SYSTEM/HIGH.",MEDIUM,,Budget Period 1,DIRECT,Yes,NAMED_HOSPITAL,,"§10.2 DIRECT: the named recipient is a hospital or hospital system and the state's award document names both the recipient and the amount. EXACT federal record: CMS IN Hospital Enrollment carries this string as an ORGANIZATION NAME or DBA (normalised for case, punctuation, a leading THE and a trailing INC) at CCN 151314. §0.3a: the recipient is a hospital whatever the activity.","Indiana publishes NO per-organisation amount. The region's figure, rounded in source to $0.1M, is in round_amount; it repeats on every row of its region and is never divided or summed down the column (§6.2).",ORG_WEBSITE,13100000,2026-09-03,data/evidence/recheck/2026-09-24/IN/grow_regional_grants_page.html
IN,160,Youth First Inc,,NONPROFIT_CBO,No,"GROW Regional Grants, Region 7 ($13.1 Million Awarded to Region 7), selected subrecipient announced 2026-09-03. INDIANA PUBLISHES NO PER-ORGANISATION AMOUNT: the region figure is in round_amount and is never divided (§6.2).",Yes,No,FY2026 (Year 1),"GROW Regional Grants -- Grant Recipient Organizations (IDOH, in.gov/grow-rural-health/regional-grants), with the eight IDOH Region press releases of 2026-09-03",https://www.in.gov/grow-rural-health/regional-grants/,AGENCY_PRESS_RELEASE,DIRECT_TEXT,R/03bi_in_grow_regional_awardees.R,,,,,7,10,GROW Regional Grants -- Region 7,https://youthfirstinc.org/,"TYPED (session 63, FALLBACK): The source states no form (§8's standing fallback, RECIPIENT_TYPE_INFERRED); queued as IN_GROW_RECIPIENT_FORM_NOT_STATED. Classifier said NONPROFIT_CBO/LOW.",LOW,RECIPIENT_TYPE_INFERRED,Budget Period 1,NON_HOSPITAL,No,NOT_HOSPITAL,,"§10.2 NON_HOSPITAL: the named recipient is not a hospital (§0.3a -- judged on the recipient, not the activity), and the source does not mention hospitals anywhere in the funded work. The source states no form (§8's standing fallback, RECIPIENT_TYPE_INFERRED); queued as IN_GROW_RECIPIENT_FORM_NOT_STATED. Not a pass-through: IDOH's FAQ awards every listed organisation directly and prohibits it from sub-awarding.","Indiana publishes NO per-organisation amount. The region's figure, rounded in source to $0.1M, is in round_amount; it repeats on every row of its region and is never divided or summed down the column (§6.2).",,13100000,2026-09-03,data/evidence/recheck/2026-09-24/IN/grow_regional_grants_page.html
IN,161,Engleking RX LLC,,NONPROFIT_CBO,No,"GROW Regional Grants, Region 7 ($13.1 Million Awarded to Region 7), selected subrecipient announced 2026-09-03. INDIANA PUBLISHES NO PER-ORGANISATION AMOUNT: the region figure is in round_amount and is never divided (§6.2).",Yes,No,FY2026 (Year 1),"GROW Regional Grants -- Grant Recipient Organizations (IDOH, in.gov/grow-rural-health/regional-grants), with the eight IDOH Region press releases of 2026-09-03",https://www.in.gov/grow-rural-health/regional-grants/,AGENCY_PRESS_RELEASE,DIRECT_TEXT,R/03bi_in_grow_regional_awardees.R,,,,,7,11,GROW Regional Grants -- Region 7,https://englekingrx.com/,"TYPED (session 63, FALLBACK): The source states no form (§8's standing fallback, RECIPIENT_TYPE_INFERRED); queued as IN_GROW_RECIPIENT_FORM_NOT_STATED. Classifier said NONPROFIT_CBO/LOW.",LOW,RECIPIENT_TYPE_INFERRED,Budget Period 1,NON_HOSPITAL,No,NOT_HOSPITAL,,"§10.2 NON_HOSPITAL: the named recipient is not a hospital (§0.3a -- judged on the recipient, not the activity), and the source does not mention hospitals anywhere in the funded work. The source states no form (§8's standing fallback, RECIPIENT_TYPE_INFERRED); queued as IN_GROW_RECIPIENT_FORM_NOT_STATED. Not a pass-through: IDOH's FAQ awards every listed organisation directly and prohibits it from sub-awarding.","Indiana publishes NO per-organisation amount. The region's figure, rounded in source to $0.1M, is in round_amount; it repeats on every row of its region and is never divided or summed down the column (§6.2).",,13100000,2026-09-03,data/evidence/recheck/2026-09-24/IN/grow_regional_grants_page.html
IN,162,Indiana Immunization Coalition,,NONPROFIT_CBO,No,"GROW Regional Grants, Region 7 ($13.1 Million Awarded to Region 7), selected subrecipient announced 2026-09-03. INDIANA PUBLISHES NO PER-ORGANISATION AMOUNT: the region figure is in round_amount and is never divided (§6.2).",Yes,No,FY2026 (Year 1),"GROW Regional Grants -- Grant Recipient Organizations (IDOH, in.gov/grow-rural-health/regional-grants), with the eight IDOH Region press releases of 2026-09-03",https://www.in.gov/grow-rural-health/regional-grants/,AGENCY_PRESS_RELEASE,DIRECT_TEXT,R/03bi_in_grow_regional_awardees.R,,,,,7,12,GROW Regional Grants -- Region 7,https://vaccinateindiana.org/,"TYPED (session 63, FALLBACK): The source states no form (§8's standing fallback, RECIPIENT_TYPE_INFERRED); queued as IN_GROW_RECIPIENT_FORM_NOT_STATED. Classifier said NONPROFIT_CBO/LOW.",LOW,RECIPIENT_TYPE_INFERRED,Budget Period 1,NON_HOSPITAL,No,NOT_HOSPITAL,,"§10.2 NON_HOSPITAL: the named recipient is not a hospital (§0.3a -- judged on the recipient, not the activity), and the source does not mention hospitals anywhere in the funded work. The source states no form (§8's standing fallback, RECIPIENT_TYPE_INFERRED); queued as IN_GROW_RECIPIENT_FORM_NOT_STATED. Not a pass-through: IDOH's FAQ awards every listed organisation directly and prohibits it from sub-awarding.","Indiana publishes NO per-organisation amount. The region's figure, rounded in source to $0.1M, is in round_amount; it repeats on every row of its region and is never divided or summed down the column (§6.2).",,13100000,2026-09-03,data/evidence/recheck/2026-09-24/IN/grow_regional_grants_page.html
IN,163,Lifespring Inc.,,FQHC_OR_RHC,No,"GROW Regional Grants, Region 7 ($13.1 Million Awarded to Region 7), selected subrecipient announced 2026-09-03. INDIANA PUBLISHES NO PER-ORGANISATION AMOUNT: the region figure is in round_amount and is never divided (§6.2).",Yes,No,FY2026 (Year 1),"GROW Regional Grants -- Grant Recipient Organizations (IDOH, in.gov/grow-rural-health/regional-grants), with the eight IDOH Region press releases of 2026-09-03",https://www.in.gov/grow-rural-health/regional-grants/,AGENCY_PRESS_RELEASE,DIRECT_TEXT,R/03bi_in_grow_regional_awardees.R,,,,,7,13,GROW Regional Grants -- Region 7,https://www.lifespringhealthsystems.org/,"TYPED (session 63, FEDERAL RECORD): EXACT federal record: CMS IN FQHC Enrollment carries this string as an ORGANIZATION NAME or DBA. Classifier said NONPROFIT_CBO/LOW.",MEDIUM,,Budget Period 1,NON_HOSPITAL,No,NOT_HOSPITAL,,"§10.2 NON_HOSPITAL: the named recipient is not a hospital (§0.3a -- judged on the recipient, not the activity), and the source does not mention hospitals anywhere in the funded work. EXACT federal record: CMS IN FQHC Enrollment carries this string as an ORGANIZATION NAME or DBA. Not a pass-through: IDOH's FAQ awards every listed organisation directly and prohibits it from sub-awarding.","Indiana publishes NO per-organisation amount. The region's figure, rounded in source to $0.1M, is in round_amount; it repeats on every row of its region and is never divided or summed down the column (§6.2).",ORG_WEBSITE,13100000,2026-09-03,data/evidence/recheck/2026-09-24/IN/grow_regional_grants_page.html
IN,164,Team OC Inc,,NONPROFIT_CBO,No,"GROW Regional Grants, Region 7 ($13.1 Million Awarded to Region 7), selected subrecipient announced 2026-09-03. INDIANA PUBLISHES NO PER-ORGANISATION AMOUNT: the region figure is in round_amount and is never divided (§6.2).",Yes,No,FY2026 (Year 1),"GROW Regional Grants -- Grant Recipient Organizations (IDOH, in.gov/grow-rural-health/regional-grants), with the eight IDOH Region press releases of 2026-09-03",https://www.in.gov/grow-rural-health/regional-grants/,AGENCY_PRESS_RELEASE,DIRECT_TEXT,R/03bi_in_grow_regional_awardees.R,,,,,7,14,GROW Regional Grants -- Region 7,https://teamocmentoring.org/,"TYPED (session 63, FALLBACK): The source states no form (§8's standing fallback, RECIPIENT_TYPE_INFERRED); queued as IN_GROW_RECIPIENT_FORM_NOT_STATED. Classifier said NONPROFIT_CBO/LOW.",LOW,RECIPIENT_TYPE_INFERRED,Budget Period 1,NON_HOSPITAL,No,NOT_HOSPITAL,,"§10.2 NON_HOSPITAL: the named recipient is not a hospital (§0.3a -- judged on the recipient, not the activity), and the source does not mention hospitals anywhere in the funded work. The source states no form (§8's standing fallback, RECIPIENT_TYPE_INFERRED); queued as IN_GROW_RECIPIENT_FORM_NOT_STATED. Not a pass-through: IDOH's FAQ awards every listed organisation directly and prohibits it from sub-awarding.","Indiana publishes NO per-organisation amount. The region's figure, rounded in source to $0.1M, is in round_amount; it repeats on every row of its region and is never divided or summed down the column (§6.2).",,13100000,2026-09-03,data/evidence/recheck/2026-09-24/IN/grow_regional_grants_page.html
IN,165,Fathers Forever Coalition Inc,,NONPROFIT_CBO,No,"GROW Regional Grants, Region 7 ($13.1 Million Awarded to Region 7), selected subrecipient announced 2026-09-03. INDIANA PUBLISHES NO PER-ORGANISATION AMOUNT: the region figure is in round_amount and is never divided (§6.2).",Yes,No,FY2026 (Year 1),"GROW Regional Grants -- Grant Recipient Organizations (IDOH, in.gov/grow-rural-health/regional-grants), with the eight IDOH Region press releases of 2026-09-03",https://www.in.gov/grow-rural-health/regional-grants/,AGENCY_PRESS_RELEASE,DIRECT_TEXT,R/03bi_in_grow_regional_awardees.R,,,,,7,15,GROW Regional Grants -- Region 7,https://www.familiesforeverbedford.com/,"TYPED (session 63, FALLBACK): The source states no form (§8's standing fallback, RECIPIENT_TYPE_INFERRED); queued as IN_GROW_RECIPIENT_FORM_NOT_STATED. Classifier said NONPROFIT_CBO/LOW.",LOW,RECIPIENT_TYPE_INFERRED,Budget Period 1,NON_HOSPITAL,No,NOT_HOSPITAL,,"§10.2 NON_HOSPITAL: the named recipient is not a hospital (§0.3a -- judged on the recipient, not the activity), and the source does not mention hospitals anywhere in the funded work. The source states no form (§8's standing fallback, RECIPIENT_TYPE_INFERRED); queued as IN_GROW_RECIPIENT_FORM_NOT_STATED. Not a pass-through: IDOH's FAQ awards every listed organisation directly and prohibits it from sub-awarding.","Indiana publishes NO per-organisation amount. The region's figure, rounded in source to $0.1M, is in round_amount; it repeats on every row of its region and is never divided or summed down the column (§6.2).",,13100000,2026-09-03,data/evidence/recheck/2026-09-24/IN/grow_regional_grants_page.html
IN,166,Indiana University Health Inc,,HOSPITAL_OR_SYSTEM,Yes,"GROW Regional Grants, Region 7 ($13.1 Million Awarded to Region 7), selected subrecipient announced 2026-09-03. INDIANA PUBLISHES NO PER-ORGANISATION AMOUNT: the region figure is in round_amount and is never divided (§6.2).",Yes,No,FY2026 (Year 1),"GROW Regional Grants -- Grant Recipient Organizations (IDOH, in.gov/grow-rural-health/regional-grants), with the eight IDOH Region press releases of 2026-09-03",https://www.in.gov/grow-rural-health/regional-grants/,AGENCY_PRESS_RELEASE,DIRECT_TEXT,R/03bi_in_grow_regional_awardees.R,150056,,,,7,16,GROW Regional Grants -- Region 7,https://iuhealth.org/,"TYPED (session 63, FEDERAL RECORD): EXACT federal record: CMS IN Hospital Enrollment carries this string as an ORGANIZATION NAME or DBA (normalised for case, punctuation, a leading THE and a trailing INC) at CCN 150056. Classifier said UNIVERSITY_OR_AHC/HIGH.",MEDIUM,,Budget Period 1,DIRECT,Yes,NAMED_HOSPITAL,,"§10.2 DIRECT: the named recipient is a hospital or hospital system and the state's award document names both the recipient and the amount. EXACT federal record: CMS IN Hospital Enrollment carries this string as an ORGANIZATION NAME or DBA (normalised for case, punctuation, a leading THE and a trailing INC) at CCN 150056. §0.3a: the recipient is a hospital whatever the activity.","Indiana publishes NO per-organisation amount. The region's figure, rounded in source to $0.1M, is in round_amount; it repeats on every row of its region and is never divided or summed down the column (§6.2).",ORG_WEBSITE,13100000,2026-09-03,data/evidence/recheck/2026-09-24/IN/grow_regional_grants_page.html
IN,167,Perry Central Community School,,SCHOOL_OR_DISTRICT,No,"GROW Regional Grants, Region 7 ($13.1 Million Awarded to Region 7), selected subrecipient announced 2026-09-03. INDIANA PUBLISHES NO PER-ORGANISATION AMOUNT: the region figure is in round_amount and is never divided (§6.2).",Yes,No,FY2026 (Year 1),"GROW Regional Grants -- Grant Recipient Organizations (IDOH, in.gov/grow-rural-health/regional-grants), with the eight IDOH Region press releases of 2026-09-03",https://www.in.gov/grow-rural-health/regional-grants/,AGENCY_PRESS_RELEASE,DIRECT_TEXT,R/03bi_in_grow_regional_awardees.R,,,,,7,17,GROW Regional Grants -- Region 7,https://www.pccs.k12.in.us/,"TYPED (session 63, HAND-READ): A public school corporation; the form is in the state's own string (pccs.k12.in.us). Classifier said NONPROFIT_CBO/LOW.",MEDIUM,,Budget Period 1,NON_HOSPITAL,No,NOT_HOSPITAL,,"§10.2 NON_HOSPITAL: the named recipient is not a hospital (§0.3a -- judged on the recipient, not the activity), and the source does not mention hospitals anywhere in the funded work. A public school corporation; the form is in the state's own string (pccs.k12.in.us). Not a pass-through: IDOH's FAQ awards every listed organisation directly and prohibits it from sub-awarding.","Indiana publishes NO per-organisation amount. The region's figure, rounded in source to $0.1M, is in round_amount; it repeats on every row of its region and is never divided or summed down the column (§6.2).",STATE_SOURCE,13100000,2026-09-03,data/evidence/recheck/2026-09-24/IN/grow_regional_grants_page.html
IN,168,Team Peace Inc.,,NONPROFIT_CBO,No,"GROW Regional Grants, Region 7 ($13.1 Million Awarded to Region 7), selected subrecipient announced 2026-09-03. INDIANA PUBLISHES NO PER-ORGANISATION AMOUNT: the region figure is in round_amount and is never divided (§6.2).",Yes,No,FY2026 (Year 1),"GROW Regional Grants -- Grant Recipient Organizations (IDOH, in.gov/grow-rural-health/regional-grants), with the eight IDOH Region press releases of 2026-09-03",https://www.in.gov/grow-rural-health/regional-grants/,AGENCY_PRESS_RELEASE,DIRECT_TEXT,R/03bi_in_grow_regional_awardees.R,,,,,7,18,GROW Regional Grants -- Region 7,https://beteampeace.org/,"TYPED (session 63, FALLBACK): The source states no form (§8's standing fallback, RECIPIENT_TYPE_INFERRED); queued as IN_GROW_RECIPIENT_FORM_NOT_STATED. Classifier said NONPROFIT_CBO/LOW.",LOW,RECIPIENT_TYPE_INFERRED,Budget Period 1,NON_HOSPITAL,No,NOT_HOSPITAL,,"§10.2 NON_HOSPITAL: the named recipient is not a hospital (§0.3a -- judged on the recipient, not the activity), and the source does not mention hospitals anywhere in the funded work. The source states no form (§8's standing fallback, RECIPIENT_TYPE_INFERRED); queued as IN_GROW_RECIPIENT_FORM_NOT_STATED. Not a pass-through: IDOH's FAQ awards every listed organisation directly and prohibits it from sub-awarding.","Indiana publishes NO per-organisation amount. The region's figure, rounded in source to $0.1M, is in round_amount; it repeats on every row of its region and is never divided or summed down the column (§6.2).",,13100000,2026-09-03,data/evidence/recheck/2026-09-24/IN/grow_regional_grants_page.html
IN,169,Harrison County Hospital,,HOSPITAL_OR_SYSTEM,Yes,"GROW Regional Grants, Region 7 ($13.1 Million Awarded to Region 7), selected subrecipient announced 2026-09-03. INDIANA PUBLISHES NO PER-ORGANISATION AMOUNT: the region figure is in round_amount and is never divided (§6.2).",Yes,No,FY2026 (Year 1),"GROW Regional Grants -- Grant Recipient Organizations (IDOH, in.gov/grow-rural-health/regional-grants), with the eight IDOH Region press releases of 2026-09-03",https://www.in.gov/grow-rural-health/regional-grants/,AGENCY_PRESS_RELEASE,DIRECT_TEXT,R/03bi_in_grow_regional_awardees.R,151331,,,,7,19,GROW Regional Grants -- Region 7,https://www.hchin.org/,"TYPED (session 63, FEDERAL RECORD): EXACT federal record: CMS IN Hospital Enrollment carries this string as an ORGANIZATION NAME or DBA (normalised for case, punctuation, a leading THE and a trailing INC) at CCN 151331; its provider-based RHCs enrol under the same name. Classifier said HOSPITAL_OR_SYSTEM/HIGH.",MEDIUM,,Budget Period 1,DIRECT,Yes,NAMED_HOSPITAL,,"§10.2 DIRECT: the named recipient is a hospital or hospital system and the state's award document names both the recipient and the amount. EXACT federal record: CMS IN Hospital Enrollment carries this string as an ORGANIZATION NAME or DBA (normalised for case, punctuation, a leading THE and a trailing INC) at CCN 151331; its provider-based RHCs enrol under the same name. §0.3a: the recipient is a hospital whatever the activity.","Indiana publishes NO per-organisation amount. The region's figure, rounded in source to $0.1M, is in round_amount; it repeats on every row of its region and is never divided or summed down the column (§6.2).",ORG_WEBSITE,13100000,2026-09-03,data/evidence/recheck/2026-09-24/IN/grow_regional_grants_page.html
IN,170,Jackson County Schneck Memorial Hospital,,HOSPITAL_OR_SYSTEM,Yes,"GROW Regional Grants, Region 7 ($13.1 Million Awarded to Region 7), selected subrecipient announced 2026-09-03. INDIANA PUBLISHES NO PER-ORGANISATION AMOUNT: the region figure is in round_amount and is never divided (§6.2).",Yes,No,FY2026 (Year 1),"GROW Regional Grants -- Grant Recipient Organizations (IDOH, in.gov/grow-rural-health/regional-grants), with the eight IDOH Region press releases of 2026-09-03",https://www.in.gov/grow-rural-health/regional-grants/,AGENCY_PRESS_RELEASE,DIRECT_TEXT,R/03bi_in_grow_regional_awardees.R,150065,,,,7,20,GROW Regional Grants -- Region 7,https://www.schneckmed.org/,"TYPED (session 63, FEDERAL RECORD): EXACT federal record: CMS IN Hospital Enrollment carries this string as an ORGANIZATION NAME or DBA (normalised for case, punctuation, a leading THE and a trailing INC) at CCN 150065; its provider-based RHCs enrol under the same name. Classifier said HOSPITAL_OR_SYSTEM/HIGH.",MEDIUM,,Budget Period 1,DIRECT,Yes,NAMED_HOSPITAL,,"§10.2 DIRECT: the named recipient is a hospital or hospital system and the state's award document names both the recipient and the amount. EXACT federal record: CMS IN Hospital Enrollment carries this string as an ORGANIZATION NAME or DBA (normalised for case, punctuation, a leading THE and a trailing INC) at CCN 150065; its provider-based RHCs enrol under the same name. §0.3a: the recipient is a hospital whatever the activity.","Indiana publishes NO per-organisation amount. The region's figure, rounded in source to $0.1M, is in round_amount; it repeats on every row of its region and is never divided or summed down the column (§6.2).",ORG_WEBSITE,13100000,2026-09-03,data/evidence/recheck/2026-09-24/IN/grow_regional_grants_page.html
IN,171,Perry County Memorial Hospital,,HOSPITAL_OR_SYSTEM,Yes,"GROW Regional Grants, Region 7 ($13.1 Million Awarded to Region 7), selected subrecipient announced 2026-09-03. INDIANA PUBLISHES NO PER-ORGANISATION AMOUNT: the region figure is in round_amount and is never divided (§6.2).",Yes,No,FY2026 (Year 1),"GROW Regional Grants -- Grant Recipient Organizations (IDOH, in.gov/grow-rural-health/regional-grants), with the eight IDOH Region press releases of 2026-09-03",https://www.in.gov/grow-rural-health/regional-grants/,AGENCY_PRESS_RELEASE,DIRECT_TEXT,R/03bi_in_grow_regional_awardees.R,151322,,,,7,21,GROW Regional Grants -- Region 7,https://www.pchospital.org/,"TYPED (session 63, FEDERAL RECORD): EXACT federal record: CMS IN Hospital Enrollment carries this string as an ORGANIZATION NAME or DBA (normalised for case, punctuation, a leading THE and a trailing INC) at CCN 151322; its provider-based RHCs enrol under the same name. Classifier said HOSPITAL_OR_SYSTEM/HIGH.",MEDIUM,,Budget Period 1,DIRECT,Yes,NAMED_HOSPITAL,,"§10.2 DIRECT: the named recipient is a hospital or hospital system and the state's award document names both the recipient and the amount. EXACT federal record: CMS IN Hospital Enrollment carries this string as an ORGANIZATION NAME or DBA (normalised for case, punctuation, a leading THE and a trailing INC) at CCN 151322; its provider-based RHCs enrol under the same name. §0.3a: the recipient is a hospital whatever the activity.","Indiana publishes NO per-organisation amount. The region's figure, rounded in source to $0.1M, is in round_amount; it repeats on every row of its region and is never divided or summed down the column (§6.2).",ORG_WEBSITE,13100000,2026-09-03,data/evidence/recheck/2026-09-24/IN/grow_regional_grants_page.html
IN,172,Trustees of Indiana University,,UNIVERSITY_OR_AHC,No,"GROW Regional Grants, Region 7 ($13.1 Million Awarded to Region 7), selected subrecipient announced 2026-09-03. INDIANA PUBLISHES NO PER-ORGANISATION AMOUNT: the region figure is in round_amount and is never divided (§6.2).",Yes,No,FY2026 (Year 1),"GROW Regional Grants -- Grant Recipient Organizations (IDOH, in.gov/grow-rural-health/regional-grants), with the eight IDOH Region press releases of 2026-09-03",https://www.in.gov/grow-rural-health/regional-grants/,AGENCY_PRESS_RELEASE,DIRECT_TEXT,R/03bi_in_grow_regional_awardees.R,,,,,7,22,GROW Regional Grants -- Region 7,https://trustees.iu.edu/index.html,"TYPED (session 63, CLASSIFIER): The form is in the state's own string, and the shared classifier's name rule reads it. Classifier said UNIVERSITY_OR_AHC/HIGH.",HIGH,,Budget Period 1,NON_HOSPITAL,No,NOT_HOSPITAL,,"§10.2 NON_HOSPITAL: the named recipient is not a hospital (§0.3a -- judged on the recipient, not the activity), and the source does not mention hospitals anywhere in the funded work. The form is in the state's own string, and the shared classifier's name rule reads it. Not a pass-through: IDOH's FAQ awards every listed organisation directly and prohibits it from sub-awarding.","Indiana publishes NO per-organisation amount. The region's figure, rounded in source to $0.1M, is in round_amount; it repeats on every row of its region and is never divided or summed down the column (§6.2).",STATE_SOURCE,13100000,2026-09-03,data/evidence/recheck/2026-09-24/IN/grow_regional_grants_page.html
IN,173,Deaconess Hospital Inc.,,HOSPITAL_OR_SYSTEM,Yes,"GROW Regional Grants, Region 8 ($11.4 Million Awarded to Region 8), selected subrecipient announced 2026-09-03. INDIANA PUBLISHES NO PER-ORGANISATION AMOUNT: the region figure is in round_amount and is never divided (§6.2).",Yes,No,FY2026 (Year 1),"GROW Regional Grants -- Grant Recipient Organizations (IDOH, in.gov/grow-rural-health/regional-grants), with the eight IDOH Region press releases of 2026-09-03",https://www.in.gov/grow-rural-health/regional-grants/,AGENCY_PRESS_RELEASE,DIRECT_TEXT,R/03bi_in_grow_regional_awardees.R,150082,,,,8,1,GROW Regional Grants -- Region 8,https://www.deaconess.com/,"TYPED (session 63, FEDERAL RECORD): EXACT federal record: CMS IN Hospital Enrollment carries this string as an ORGANIZATION NAME or DBA (normalised for case, punctuation, a leading THE and a trailing INC) at CCN 150082. Classifier said HOSPITAL_OR_SYSTEM/HIGH.",MEDIUM,,Budget Period 1,DIRECT,Yes,NAMED_HOSPITAL,,"§10.2 DIRECT: the named recipient is a hospital or hospital system and the state's award document names both the recipient and the amount. EXACT federal record: CMS IN Hospital Enrollment carries this string as an ORGANIZATION NAME or DBA (normalised for case, punctuation, a leading THE and a trailing INC) at CCN 150082. §0.3a: the recipient is a hospital whatever the activity.","Indiana publishes NO per-organisation amount. The region's figure, rounded in source to $0.1M, is in round_amount; it repeats on every row of its region and is never divided or summed down the column (§6.2).",ORG_WEBSITE,11400000,2026-09-03,data/evidence/recheck/2026-09-24/IN/grow_regional_grants_page.html
IN,174,Good Samaritan Family Health Center Inc.,,FQHC_OR_RHC,No,"GROW Regional Grants, Region 8 ($11.4 Million Awarded to Region 8), selected subrecipient announced 2026-09-03. INDIANA PUBLISHES NO PER-ORGANISATION AMOUNT: the region figure is in round_amount and is never divided (§6.2).",Yes,No,FY2026 (Year 1),"GROW Regional Grants -- Grant Recipient Organizations (IDOH, in.gov/grow-rural-health/regional-grants), with the eight IDOH Region press releases of 2026-09-03",https://www.in.gov/grow-rural-health/regional-grants/,AGENCY_PRESS_RELEASE,DIRECT_TEXT,R/03bi_in_grow_regional_awardees.R,,,,,8,2,GROW Regional Grants -- Region 8,https://www.gshvin.org/,"TYPED (session 63, FEDERAL RECORD): EXACT federal record: CMS IN FQHC Enrollment carries this string as an ORGANIZATION NAME or DBA. Classifier said NONPROFIT_CBO/LOW.",MEDIUM,,Budget Period 1,NON_HOSPITAL,No,NOT_HOSPITAL,,"§10.2 NON_HOSPITAL: the named recipient is not a hospital (§0.3a -- judged on the recipient, not the activity), and the source does not mention hospitals anywhere in the funded work. EXACT federal record: CMS IN FQHC Enrollment carries this string as an ORGANIZATION NAME or DBA. Not a pass-through: IDOH's FAQ awards every listed organisation directly and prohibits it from sub-awarding.","Indiana publishes NO per-organisation amount. The region's figure, rounded in source to $0.1M, is in round_amount; it repeats on every row of its region and is never divided or summed down the column (§6.2).",ORG_WEBSITE,11400000,2026-09-03,data/evidence/recheck/2026-09-24/IN/grow_regional_grants_page.html
IN,175,Posey County EMS,,EMS_OR_PSAP,No,"GROW Regional Grants, Region 8 ($11.4 Million Awarded to Region 8), selected subrecipient announced 2026-09-03. INDIANA PUBLISHES NO PER-ORGANISATION AMOUNT: the region figure is in round_amount and is never divided (§6.2).",Yes,No,FY2026 (Year 1),"GROW Regional Grants -- Grant Recipient Organizations (IDOH, in.gov/grow-rural-health/regional-grants), with the eight IDOH Region press releases of 2026-09-03",https://www.in.gov/grow-rural-health/regional-grants/,AGENCY_PRESS_RELEASE,DIRECT_TEXT,R/03bi_in_grow_regional_awardees.R,,,,,8,3,GROW Regional Grants -- Region 8,https://www.poseycountyin.gov/county-offices/emergency-medical-services/,"TYPED (session 63, CLASSIFIER): The form is in the state's own string, and the shared classifier's name rule reads it. Classifier said EMS_OR_PSAP/HIGH.",HIGH,,Budget Period 1,NON_HOSPITAL,No,NOT_HOSPITAL,,"§10.2 NON_HOSPITAL: the named recipient is not a hospital (§0.3a -- judged on the recipient, not the activity), and the source does not mention hospitals anywhere in the funded work. The form is in the state's own string, and the shared classifier's name rule reads it. Not a pass-through: IDOH's FAQ awards every listed organisation directly and prohibits it from sub-awarding.","Indiana publishes NO per-organisation amount. The region's figure, rounded in source to $0.1M, is in round_amount; it repeats on every row of its region and is never divided or summed down the column (§6.2).",STATE_SOURCE,11400000,2026-09-03,data/evidence/recheck/2026-09-24/IN/grow_regional_grants_page.html
IN,176,Ascension St. Vincent,,HOSPITAL_OR_SYSTEM,Yes,"GROW Regional Grants, Region 8 ($11.4 Million Awarded to Region 8), selected subrecipient announced 2026-09-03. INDIANA PUBLISHES NO PER-ORGANISATION AMOUNT: the region figure is in round_amount and is never divided (§6.2).",Yes,No,FY2026 (Year 1),"GROW Regional Grants -- Grant Recipient Organizations (IDOH, in.gov/grow-rural-health/regional-grants), with the eight IDOH Region press releases of 2026-09-03",https://www.in.gov/grow-rural-health/regional-grants/,AGENCY_PRESS_RELEASE,DIRECT_TEXT,R/03bi_in_grow_regional_awardees.R,150100,,,,8,4,GROW Regional Grants -- Region 8,https://protect.checkpoint.com/v2/r01/___https://healthcare.ascension.org/locations/indiana/inasc/evansville-ascension-st-vincent-evansville,"TYPED (session 63, HAND-READ): HAND-READ BRIDGE: 'Ascension St. Vincent' is a system brand, not an enrolled name. The page's OWN hyperlink for this Region 8 row is the Ascension St. Vincent Evansville location, which CMS enrols as ST MARYS HEALTH INC dba ASCENSION ST. VINCENT EVANSVILLE (CCN 150100). RCJ carries this row as ""St. Mary's"" -- CMS's legal name, not the state's. LOW; queued as IN_GROW_HOSPITAL_BRIDGES. Classifier said NONPROFIT_CBO/LOW.",LOW,,Budget Period 1,DIRECT,Yes,NAMED_HOSPITAL,,"§10.2 DIRECT: the named recipient is a hospital or hospital system and the state's award document names both the recipient and the amount. HAND-READ BRIDGE: 'Ascension St. Vincent' is a system brand, not an enrolled name. The page's OWN hyperlink for this Region 8 row is the Ascension St. Vincent Evansville location, which CMS enrols as ST MARYS HEALTH INC dba ASCENSION ST. VINCENT EVANSVILLE (CCN 150100). RCJ carries this row as ""St. Mary's"" -- CMS's legal name, not the state's. LOW; queued as IN_GROW_HOSPITAL_BRIDGES. §0.3a: the recipient is a hospital whatever the activity.","Indiana publishes NO per-organisation amount. The region's figure, rounded in source to $0.1M, is in round_amount; it repeats on every row of its region and is never divided or summed down the column (§6.2).",GENERAL_KNOWLEDGE,11400000,2026-09-03,data/evidence/recheck/2026-09-24/IN/grow_regional_grants_page.html
IN,177,Vanderburgh County Health Department,,LOCAL_GOVT_OR_PUBLIC_HEALTH,No,"GROW Regional Grants, Region 8 ($11.4 Million Awarded to Region 8), selected subrecipient announced 2026-09-03. INDIANA PUBLISHES NO PER-ORGANISATION AMOUNT: the region figure is in round_amount and is never divided (§6.2).",Yes,No,FY2026 (Year 1),"GROW Regional Grants -- Grant Recipient Organizations (IDOH, in.gov/grow-rural-health/regional-grants), with the eight IDOH Region press releases of 2026-09-03",https://www.in.gov/grow-rural-health/regional-grants/,AGENCY_PRESS_RELEASE,DIRECT_TEXT,R/03bi_in_grow_regional_awardees.R,,,,,8,5,GROW Regional Grants -- Region 8,https://vanderburghhealth.org/,"TYPED (session 63, CLASSIFIER): The form is in the state's own string, and the shared classifier's name rule reads it. Classifier said LOCAL_GOVT_OR_PUBLIC_HEALTH/HIGH.",HIGH,,Budget Period 1,NON_HOSPITAL,No,NOT_HOSPITAL,,"§10.2 NON_HOSPITAL: the named recipient is not a hospital (§0.3a -- judged on the recipient, not the activity), and the source does not mention hospitals anywhere in the funded work. The form is in the state's own string, and the shared classifier's name rule reads it. Not a pass-through: IDOH's FAQ awards every listed organisation directly and prohibits it from sub-awarding.","Indiana publishes NO per-organisation amount. The region's figure, rounded in source to $0.1M, is in round_amount; it repeats on every row of its region and is never divided or summed down the column (§6.2).",STATE_SOURCE,11400000,2026-09-03,data/evidence/recheck/2026-09-24/IN/grow_regional_grants_page.html
IN,178,Gibson County Ambulance Service,,EMS_OR_PSAP,No,"GROW Regional Grants, Region 8 ($11.4 Million Awarded to Region 8), selected subrecipient announced 2026-09-03. INDIANA PUBLISHES NO PER-ORGANISATION AMOUNT: the region figure is in round_amount and is never divided (§6.2).",Yes,No,FY2026 (Year 1),"GROW Regional Grants -- Grant Recipient Organizations (IDOH, in.gov/grow-rural-health/regional-grants), with the eight IDOH Region press releases of 2026-09-03",https://www.in.gov/grow-rural-health/regional-grants/,AGENCY_PRESS_RELEASE,DIRECT_TEXT,R/03bi_in_grow_regional_awardees.R,,,,,8,6,GROW Regional Grants -- Region 8,https://gibsoncounty-in.gov/ems/,"TYPED (session 63, CLASSIFIER): The form is in the state's own string, and the shared classifier's name rule reads it. Classifier said EMS_OR_PSAP/HIGH.",HIGH,,Budget Period 1,NON_HOSPITAL,No,NOT_HOSPITAL,,"§10.2 NON_HOSPITAL: the named recipient is not a hospital (§0.3a -- judged on the recipient, not the activity), and the source does not mention hospitals anywhere in the funded work. The form is in the state's own string, and the shared classifier's name rule reads it. Not a pass-through: IDOH's FAQ awards every listed organisation directly and prohibits it from sub-awarding.","Indiana publishes NO per-organisation amount. The region's figure, rounded in source to $0.1M, is in round_amount; it repeats on every row of its region and is never divided or summed down the column (§6.2).",STATE_SOURCE,11400000,2026-09-03,data/evidence/recheck/2026-09-24/IN/grow_regional_grants_page.html
IN,179,Good Samaritan Hospital,,HOSPITAL_OR_SYSTEM,Yes,"GROW Regional Grants, Region 8 ($11.4 Million Awarded to Region 8), selected subrecipient announced 2026-09-03. INDIANA PUBLISHES NO PER-ORGANISATION AMOUNT: the region figure is in round_amount and is never divided (§6.2).",Yes,No,FY2026 (Year 1),"GROW Regional Grants -- Grant Recipient Organizations (IDOH, in.gov/grow-rural-health/regional-grants), with the eight IDOH Region press releases of 2026-09-03",https://www.in.gov/grow-rural-health/regional-grants/,AGENCY_PRESS_RELEASE,DIRECT_TEXT,R/03bi_in_grow_regional_awardees.R,150042,,,,8,7,GROW Regional Grants -- Region 8,https://www.trihealth.com/locations/good-samaritan-hospital,"TYPED (session 63, FEDERAL RECORD): EXACT federal record: CMS IN Hospital Enrollment carries this string as an ORGANIZATION NAME or DBA (normalised for case, punctuation, a leading THE and a trailing INC) at CCN 150042; its provider-based RHCs enrol under the same name. Classifier said HOSPITAL_OR_SYSTEM/HIGH.",MEDIUM,,Budget Period 1,DIRECT,Yes,NAMED_HOSPITAL,,"§10.2 DIRECT: the named recipient is a hospital or hospital system and the state's award document names both the recipient and the amount. EXACT federal record: CMS IN Hospital Enrollment carries this string as an ORGANIZATION NAME or DBA (normalised for case, punctuation, a leading THE and a trailing INC) at CCN 150042; its provider-based RHCs enrol under the same name. §0.3a: the recipient is a hospital whatever the activity.","Indiana publishes NO per-organisation amount. The region's figure, rounded in source to $0.1M, is in round_amount; it repeats on every row of its region and is never divided or summed down the column (§6.2).",ORG_WEBSITE,11400000,2026-09-03,data/evidence/recheck/2026-09-24/IN/grow_regional_grants_page.html
IN,180,"Southwestern Behavioral Healthcare, Inc.",,NONPROFIT_CBO,No,"GROW Regional Grants, Region 8 ($11.4 Million Awarded to Region 8), selected subrecipient announced 2026-09-03. INDIANA PUBLISHES NO PER-ORGANISATION AMOUNT: the region figure is in round_amount and is never divided (§6.2).",Yes,No,FY2026 (Year 1),"GROW Regional Grants -- Grant Recipient Organizations (IDOH, in.gov/grow-rural-health/regional-grants), with the eight IDOH Region press releases of 2026-09-03",https://www.in.gov/grow-rural-health/regional-grants/,AGENCY_PRESS_RELEASE,DIRECT_TEXT,R/03bi_in_grow_regional_awardees.R,,,,,8,8,GROW Regional Grants -- Region 8,https://www.southwestern.org/,"TYPED (session 63, FALLBACK): The source states no form (§8's standing fallback, RECIPIENT_TYPE_INFERRED); queued as IN_GROW_RECIPIENT_FORM_NOT_STATED. Classifier said NONPROFIT_CBO/LOW.",LOW,RECIPIENT_TYPE_INFERRED,Budget Period 1,NON_HOSPITAL,No,NOT_HOSPITAL,,"§10.2 NON_HOSPITAL: the named recipient is not a hospital (§0.3a -- judged on the recipient, not the activity), and the source does not mention hospitals anywhere in the funded work. The source states no form (§8's standing fallback, RECIPIENT_TYPE_INFERRED); queued as IN_GROW_RECIPIENT_FORM_NOT_STATED. Not a pass-through: IDOH's FAQ awards every listed organisation directly and prohibits it from sub-awarding.","Indiana publishes NO per-organisation amount. The region's figure, rounded in source to $0.1M, is in round_amount; it repeats on every row of its region and is never divided or summed down the column (§6.2).",,11400000,2026-09-03,data/evidence/recheck/2026-09-24/IN/grow_regional_grants_page.html
IN,181,Trustees of Indiana University,,UNIVERSITY_OR_AHC,No,"GROW Regional Grants, Region 8 ($11.4 Million Awarded to Region 8), selected subrecipient announced 2026-09-03. INDIANA PUBLISHES NO PER-ORGANISATION AMOUNT: the region figure is in round_amount and is never divided (§6.2).",Yes,No,FY2026 (Year 1),"GROW Regional Grants -- Grant Recipient Organizations (IDOH, in.gov/grow-rural-health/regional-grants), with the eight IDOH Region press releases of 2026-09-03",https://www.in.gov/grow-rural-health/regional-grants/,AGENCY_PRESS_RELEASE,DIRECT_TEXT,R/03bi_in_grow_regional_awardees.R,,,,,8,9,GROW Regional Grants -- Region 8,https://trustees.iu.edu/index.html,"TYPED (session 63, CLASSIFIER): The form is in the state's own string, and the shared classifier's name rule reads it. Classifier said UNIVERSITY_OR_AHC/HIGH.",HIGH,,Budget Period 1,NON_HOSPITAL,No,NOT_HOSPITAL,,"§10.2 NON_HOSPITAL: the named recipient is not a hospital (§0.3a -- judged on the recipient, not the activity), and the source does not mention hospitals anywhere in the funded work. The form is in the state's own string, and the shared classifier's name rule reads it. Not a pass-through: IDOH's FAQ awards every listed organisation directly and prohibits it from sub-awarding.","Indiana publishes NO per-organisation amount. The region's figure, rounded in source to $0.1M, is in round_amount; it repeats on every row of its region and is never divided or summed down the column (§6.2).",STATE_SOURCE,11400000,2026-09-03,data/evidence/recheck/2026-09-24/IN/grow_regional_grants_page.html
IN,182,"YouthFirst, Inc.",,NONPROFIT_CBO,No,"GROW Regional Grants, Region 8 ($11.4 Million Awarded to Region 8), selected subrecipient announced 2026-09-03. INDIANA PUBLISHES NO PER-ORGANISATION AMOUNT: the region figure is in round_amount and is never divided (§6.2).",Yes,No,FY2026 (Year 1),"GROW Regional Grants -- Grant Recipient Organizations (IDOH, in.gov/grow-rural-health/regional-grants), with the eight IDOH Region press releases of 2026-09-03",https://www.in.gov/grow-rural-health/regional-grants/,AGENCY_PRESS_RELEASE,DIRECT_TEXT,R/03bi_in_grow_regional_awardees.R,,,,,8,10,GROW Regional Grants -- Region 8,https://youthfirstinc.org/,"TYPED (session 63, FALLBACK): The source states no form (§8's standing fallback, RECIPIENT_TYPE_INFERRED); queued as IN_GROW_RECIPIENT_FORM_NOT_STATED. Classifier said NONPROFIT_CBO/LOW.",LOW,RECIPIENT_TYPE_INFERRED,Budget Period 1,NON_HOSPITAL,No,NOT_HOSPITAL,,"§10.2 NON_HOSPITAL: the named recipient is not a hospital (§0.3a -- judged on the recipient, not the activity), and the source does not mention hospitals anywhere in the funded work. The source states no form (§8's standing fallback, RECIPIENT_TYPE_INFERRED); queued as IN_GROW_RECIPIENT_FORM_NOT_STATED. Not a pass-through: IDOH's FAQ awards every listed organisation directly and prohibits it from sub-awarding.","Indiana publishes NO per-organisation amount. The region's figure, rounded in source to $0.1M, is in round_amount; it repeats on every row of its region and is never divided or summed down the column (§6.2).",,11400000,2026-09-03,data/evidence/recheck/2026-09-24/IN/grow_regional_grants_page.html
IN,183,Gibson County Health Department,,LOCAL_GOVT_OR_PUBLIC_HEALTH,No,"GROW Regional Grants, Region 8 ($11.4 Million Awarded to Region 8), selected subrecipient announced 2026-09-03. INDIANA PUBLISHES NO PER-ORGANISATION AMOUNT: the region figure is in round_amount and is never divided (§6.2).",Yes,No,FY2026 (Year 1),"GROW Regional Grants -- Grant Recipient Organizations (IDOH, in.gov/grow-rural-health/regional-grants), with the eight IDOH Region press releases of 2026-09-03",https://www.in.gov/grow-rural-health/regional-grants/,AGENCY_PRESS_RELEASE,DIRECT_TEXT,R/03bi_in_grow_regional_awardees.R,,,,,8,11,GROW Regional Grants -- Region 8,https://www.in.gov/localhealth/gibsoncounty/,"TYPED (session 63, CLASSIFIER): The form is in the state's own string, and the shared classifier's name rule reads it. Classifier said LOCAL_GOVT_OR_PUBLIC_HEALTH/HIGH.",HIGH,,Budget Period 1,NON_HOSPITAL,No,NOT_HOSPITAL,,"§10.2 NON_HOSPITAL: the named recipient is not a hospital (§0.3a -- judged on the recipient, not the activity), and the source does not mention hospitals anywhere in the funded work. The form is in the state's own string, and the shared classifier's name rule reads it. Not a pass-through: IDOH's FAQ awards every listed organisation directly and prohibits it from sub-awarding.","Indiana publishes NO per-organisation amount. The region's figure, rounded in source to $0.1M, is in round_amount; it repeats on every row of its region and is never divided or summed down the column (§6.2).",STATE_SOURCE,11400000,2026-09-03,data/evidence/recheck/2026-09-24/IN/grow_regional_grants_page.html
IN,184,"LifsSpring, Inc.",,NONPROFIT_CBO,No,"GROW Regional Grants, Region 8 ($11.4 Million Awarded to Region 8), selected subrecipient announced 2026-09-03. INDIANA PUBLISHES NO PER-ORGANISATION AMOUNT: the region figure is in round_amount and is never divided (§6.2).",Yes,No,FY2026 (Year 1),"GROW Regional Grants -- Grant Recipient Organizations (IDOH, in.gov/grow-rural-health/regional-grants), with the eight IDOH Region press releases of 2026-09-03",https://www.in.gov/grow-rural-health/regional-grants/,AGENCY_PRESS_RELEASE,DIRECT_TEXT,R/03bi_in_grow_regional_awardees.R,,,,,8,12,GROW Regional Grants -- Region 8,https://www.lifespringhealthsystems.org/,"TYPED (session 63, FALLBACK): The source states no form (§8's standing fallback, RECIPIENT_TYPE_INFERRED); queued as IN_GROW_RECIPIENT_FORM_NOT_STATED. Classifier said NONPROFIT_CBO/LOW.",LOW,RECIPIENT_TYPE_INFERRED,Budget Period 1,NON_HOSPITAL,No,NOT_HOSPITAL,,"§10.2 NON_HOSPITAL: the named recipient is not a hospital (§0.3a -- judged on the recipient, not the activity), and the source does not mention hospitals anywhere in the funded work. The source states no form (§8's standing fallback, RECIPIENT_TYPE_INFERRED); queued as IN_GROW_RECIPIENT_FORM_NOT_STATED. Not a pass-through: IDOH's FAQ awards every listed organisation directly and prohibits it from sub-awarding.","Indiana publishes NO per-organisation amount. The region's figure, rounded in source to $0.1M, is in round_amount; it repeats on every row of its region and is never divided or summed down the column (§6.2).",,11400000,2026-09-03,data/evidence/recheck/2026-09-24/IN/grow_regional_grants_page.html
IN,185,"Spencer County Emergency Ambulance Service, Inc.",,EMS_OR_PSAP,No,"GROW Regional Grants, Region 8 ($11.4 Million Awarded to Region 8), selected subrecipient announced 2026-09-03. INDIANA PUBLISHES NO PER-ORGANISATION AMOUNT: the region figure is in round_amount and is never divided (§6.2).",Yes,No,FY2026 (Year 1),"GROW Regional Grants -- Grant Recipient Organizations (IDOH, in.gov/grow-rural-health/regional-grants), with the eight IDOH Region press releases of 2026-09-03",https://www.in.gov/grow-rural-health/regional-grants/,AGENCY_PRESS_RELEASE,DIRECT_TEXT,R/03bi_in_grow_regional_awardees.R,,,,,8,13,GROW Regional Grants -- Region 8,"https://www.in.gov/counties/spencer/departments/emergency-ambulance-service,-inc./","TYPED (session 63, CLASSIFIER): The form is in the state's own string, and the shared classifier's name rule reads it. Classifier said EMS_OR_PSAP/HIGH.",HIGH,,Budget Period 1,NON_HOSPITAL,No,NOT_HOSPITAL,,"§10.2 NON_HOSPITAL: the named recipient is not a hospital (§0.3a -- judged on the recipient, not the activity), and the source does not mention hospitals anywhere in the funded work. The form is in the state's own string, and the shared classifier's name rule reads it. Not a pass-through: IDOH's FAQ awards every listed organisation directly and prohibits it from sub-awarding.","Indiana publishes NO per-organisation amount. The region's figure, rounded in source to $0.1M, is in round_amount; it repeats on every row of its region and is never divided or summed down the column (§6.2).",STATE_SOURCE,11400000,2026-09-03,data/evidence/recheck/2026-09-24/IN/grow_regional_grants_page.html
IN,186,University of Southern Indiana,,UNIVERSITY_OR_AHC,No,"GROW Regional Grants, Region 8 ($11.4 Million Awarded to Region 8), selected subrecipient announced 2026-09-03. INDIANA PUBLISHES NO PER-ORGANISATION AMOUNT: the region figure is in round_amount and is never divided (§6.2).",Yes,No,FY2026 (Year 1),"GROW Regional Grants -- Grant Recipient Organizations (IDOH, in.gov/grow-rural-health/regional-grants), with the eight IDOH Region press releases of 2026-09-03",https://www.in.gov/grow-rural-health/regional-grants/,AGENCY_PRESS_RELEASE,DIRECT_TEXT,R/03bi_in_grow_regional_awardees.R,,,,,8,14,GROW Regional Grants -- Region 8,https://online.usi.edu/online/all-all-sap1-240117/,"TYPED (session 63, CLASSIFIER): The form is in the state's own string, and the shared classifier's name rule reads it. Classifier said UNIVERSITY_OR_AHC/HIGH.",HIGH,,Budget Period 1,NON_HOSPITAL,No,NOT_HOSPITAL,,"§10.2 NON_HOSPITAL: the named recipient is not a hospital (§0.3a -- judged on the recipient, not the activity), and the source does not mention hospitals anywhere in the funded work. The form is in the state's own string, and the shared classifier's name rule reads it. Not a pass-through: IDOH's FAQ awards every listed organisation directly and prohibits it from sub-awarding.","Indiana publishes NO per-organisation amount. The region's figure, rounded in source to $0.1M, is in round_amount; it repeats on every row of its region and is never divided or summed down the column (§6.2).",STATE_SOURCE,11400000,2026-09-03,data/evidence/recheck/2026-09-24/IN/grow_regional_grants_page.html
