state,row_no,organization,participant_list,programme,intermediary_name,award_made,payment_confirmed,amount_published,program_terms_text,flow_test,note,source_document_title,source_url,source_archive_path,basis_type
KS,1,AdventHealth Ottawa,EBP Program Participating Hospitals (9/18/2026),"Evidence-Based Practice (EBP) Program, Kansas RHT Plan Initiative 4, Program 1",UKHS Care Collaborative Association,No,No,No,"Formula, not an award: $100,000 infrastructure payment 'upon' a signed Attestation Form (deadline as late as 2027-10-01) plus a $50,000 incentive 'by November 30, 2026' for July-September 2026 reporting (Hospital Participation Agreement §§2-3); every payment 'fully contingent' on the Care Collaborative receiving RHT funds (§6).","§10.2 PASS_THROUGH_DESIGNATED NOT MET (session 95): intermediary YES (KDHE sub-award to the Care Collaborative); hospitals named YES; award made NOT SHOWN -- this is an ENROLMENT list, and the administrator will post a separate list of providers that 'have received' payments.","NOT AN AWARD (§0.3, §6.1 mode 3). Listed under the administrator's hospital heading; not typed here (Stage 5). Never in STATE_FILES.",EBP Program Participating Hospitals (9/18/2026),https://ruralhealthkansas.com/wp-content/uploads/2026/09/EBP-Program-Participating-Hospitals-9.18.2026.xlsx,data/evidence/KS/ebp/2026-10-07_ebp_participating_hospitals_2026-09-18.xlsx,ORG_WEBSITE
KS,2,AmberMed-Sheridan County Hospital,EBP Program Participating Hospitals (9/18/2026),"Evidence-Based Practice (EBP) Program, Kansas RHT Plan Initiative 4, Program 1",UKHS Care Collaborative Association,No,No,No,"Formula, not an award: $100,000 infrastructure payment 'upon' a signed Attestation Form (deadline as late as 2027-10-01) plus a $50,000 incentive 'by November 30, 2026' for July-September 2026 reporting (Hospital Participation Agreement §§2-3); every payment 'fully contingent' on the Care Collaborative receiving RHT funds (§6).","§10.2 PASS_THROUGH_DESIGNATED NOT MET (session 95): intermediary YES (KDHE sub-award to the Care Collaborative); hospitals named YES; award made NOT SHOWN -- this is an ENROLMENT list, and the administrator will post a separate list of providers that 'have received' payments.","NOT AN AWARD (§0.3, §6.1 mode 3). Listed under the administrator's hospital heading; not typed here (Stage 5). Never in STATE_FILES.",EBP Program Participating Hospitals (9/18/2026),https://ruralhealthkansas.com/wp-content/uploads/2026/09/EBP-Program-Participating-Hospitals-9.18.2026.xlsx,data/evidence/KS/ebp/2026-10-07_ebp_participating_hospitals_2026-09-18.xlsx,ORG_WEBSITE
KS,3,Amberwell Health Atchison Association,EBP Program Participating Hospitals (9/18/2026),"Evidence-Based Practice (EBP) Program, Kansas RHT Plan Initiative 4, Program 1",UKHS Care Collaborative Association,No,No,No,"Formula, not an award: $100,000 infrastructure payment 'upon' a signed Attestation Form (deadline as late as 2027-10-01) plus a $50,000 incentive 'by November 30, 2026' for July-September 2026 reporting (Hospital Participation Agreement §§2-3); every payment 'fully contingent' on the Care Collaborative receiving RHT funds (§6).","§10.2 PASS_THROUGH_DESIGNATED NOT MET (session 95): intermediary YES (KDHE sub-award to the Care Collaborative); hospitals named YES; award made NOT SHOWN -- this is an ENROLMENT list, and the administrator will post a separate list of providers that 'have received' payments.","NOT AN AWARD (§0.3, §6.1 mode 3). Listed under the administrator's hospital heading; not typed here (Stage 5). Never in STATE_FILES.",EBP Program Participating Hospitals (9/18/2026),https://ruralhealthkansas.com/wp-content/uploads/2026/09/EBP-Program-Participating-Hospitals-9.18.2026.xlsx,data/evidence/KS/ebp/2026-10-07_ebp_participating_hospitals_2026-09-18.xlsx,ORG_WEBSITE
KS,4,Amberwell Health-Hiawatha Hospital Assoc,EBP Program Participating Hospitals (9/18/2026),"Evidence-Based Practice (EBP) Program, Kansas RHT Plan Initiative 4, Program 1",UKHS Care Collaborative Association,No,No,No,"Formula, not an award: $100,000 infrastructure payment 'upon' a signed Attestation Form (deadline as late as 2027-10-01) plus a $50,000 incentive 'by November 30, 2026' for July-September 2026 reporting (Hospital Participation Agreement §§2-3); every payment 'fully contingent' on the Care Collaborative receiving RHT funds (§6).","§10.2 PASS_THROUGH_DESIGNATED NOT MET (session 95): intermediary YES (KDHE sub-award to the Care Collaborative); hospitals named YES; award made NOT SHOWN -- this is an ENROLMENT list, and the administrator will post a separate list of providers that 'have received' payments.","NOT AN AWARD (§0.3, §6.1 mode 3). Listed under the administrator's hospital heading; not typed here (Stage 5). Never in STATE_FILES.",EBP Program Participating Hospitals (9/18/2026),https://ruralhealthkansas.com/wp-content/uploads/2026/09/EBP-Program-Participating-Hospitals-9.18.2026.xlsx,data/evidence/KS/ebp/2026-10-07_ebp_participating_hospitals_2026-09-18.xlsx,ORG_WEBSITE
KS,5,"Ascension Medical Group via Christi, PA Wichita - Wellington",EBP Program Participating Hospitals (9/18/2026),"Evidence-Based Practice (EBP) Program, Kansas RHT Plan Initiative 4, Program 1",UKHS Care Collaborative Association,No,No,No,"Formula, not an award: $100,000 infrastructure payment 'upon' a signed Attestation Form (deadline as late as 2027-10-01) plus a $50,000 incentive 'by November 30, 2026' for July-September 2026 reporting (Hospital Participation Agreement §§2-3); every payment 'fully contingent' on the Care Collaborative receiving RHT funds (§6).","§10.2 PASS_THROUGH_DESIGNATED NOT MET (session 95): intermediary YES (KDHE sub-award to the Care Collaborative); hospitals named YES; award made NOT SHOWN -- this is an ENROLMENT list, and the administrator will post a separate list of providers that 'have received' payments.","NOT AN AWARD (§0.3, §6.1 mode 3). Listed under the administrator's hospital heading; not typed here (Stage 5). Never in STATE_FILES.",EBP Program Participating Hospitals (9/18/2026),https://ruralhealthkansas.com/wp-content/uploads/2026/09/EBP-Program-Participating-Hospitals-9.18.2026.xlsx,data/evidence/KS/ebp/2026-10-07_ebp_participating_hospitals_2026-09-18.xlsx,ORG_WEBSITE
KS,6,Ashland Health Center,EBP Program Participating Hospitals (9/18/2026),"Evidence-Based Practice (EBP) Program, Kansas RHT Plan Initiative 4, Program 1",UKHS Care Collaborative Association,No,No,No,"Formula, not an award: $100,000 infrastructure payment 'upon' a signed Attestation Form (deadline as late as 2027-10-01) plus a $50,000 incentive 'by November 30, 2026' for July-September 2026 reporting (Hospital Participation Agreement §§2-3); every payment 'fully contingent' on the Care Collaborative receiving RHT funds (§6).","§10.2 PASS_THROUGH_DESIGNATED NOT MET (session 95): intermediary YES (KDHE sub-award to the Care Collaborative); hospitals named YES; award made NOT SHOWN -- this is an ENROLMENT list, and the administrator will post a separate list of providers that 'have received' payments.","NOT AN AWARD (§0.3, §6.1 mode 3). Listed under the administrator's hospital heading; not typed here (Stage 5). Never in STATE_FILES.",EBP Program Participating Hospitals (9/18/2026),https://ruralhealthkansas.com/wp-content/uploads/2026/09/EBP-Program-Participating-Hospitals-9.18.2026.xlsx,data/evidence/KS/ebp/2026-10-07_ebp_participating_hospitals_2026-09-18.xlsx,ORG_WEBSITE
KS,7,Caldwell Regional Medical Center,EBP Program Participating Hospitals (9/18/2026),"Evidence-Based Practice (EBP) Program, Kansas RHT Plan Initiative 4, Program 1",UKHS Care Collaborative Association,No,No,No,"Formula, not an award: $100,000 infrastructure payment 'upon' a signed Attestation Form (deadline as late as 2027-10-01) plus a $50,000 incentive 'by November 30, 2026' for July-September 2026 reporting (Hospital Participation Agreement §§2-3); every payment 'fully contingent' on the Care Collaborative receiving RHT funds (§6).","§10.2 PASS_THROUGH_DESIGNATED NOT MET (session 95): intermediary YES (KDHE sub-award to the Care Collaborative); hospitals named YES; award made NOT SHOWN -- this is an ENROLMENT list, and the administrator will post a separate list of providers that 'have received' payments.","NOT AN AWARD (§0.3, §6.1 mode 3). Listed under the administrator's hospital heading; not typed here (Stage 5). Never in STATE_FILES.",EBP Program Participating Hospitals (9/18/2026),https://ruralhealthkansas.com/wp-content/uploads/2026/09/EBP-Program-Participating-Hospitals-9.18.2026.xlsx,data/evidence/KS/ebp/2026-10-07_ebp_participating_hospitals_2026-09-18.xlsx,ORG_WEBSITE
KS,8,Cheyenne County Hospital,EBP Program Participating Hospitals (9/18/2026),"Evidence-Based Practice (EBP) Program, Kansas RHT Plan Initiative 4, Program 1",UKHS Care Collaborative Association,No,No,No,"Formula, not an award: $100,000 infrastructure payment 'upon' a signed Attestation Form (deadline as late as 2027-10-01) plus a $50,000 incentive 'by November 30, 2026' for July-September 2026 reporting (Hospital Participation Agreement §§2-3); every payment 'fully contingent' on the Care Collaborative receiving RHT funds (§6).","§10.2 PASS_THROUGH_DESIGNATED NOT MET (session 95): intermediary YES (KDHE sub-award to the Care Collaborative); hospitals named YES; award made NOT SHOWN -- this is an ENROLMENT list, and the administrator will post a separate list of providers that 'have received' payments.","NOT AN AWARD (§0.3, §6.1 mode 3). Listed under the administrator's hospital heading; not typed here (Stage 5). Never in STATE_FILES.",EBP Program Participating Hospitals (9/18/2026),https://ruralhealthkansas.com/wp-content/uploads/2026/09/EBP-Program-Participating-Hospitals-9.18.2026.xlsx,data/evidence/KS/ebp/2026-10-07_ebp_participating_hospitals_2026-09-18.xlsx,ORG_WEBSITE
KS,9,Citizens Medical Center,EBP Program Participating Hospitals (9/18/2026),"Evidence-Based Practice (EBP) Program, Kansas RHT Plan Initiative 4, Program 1",UKHS Care Collaborative Association,No,No,No,"Formula, not an award: $100,000 infrastructure payment 'upon' a signed Attestation Form (deadline as late as 2027-10-01) plus a $50,000 incentive 'by November 30, 2026' for July-September 2026 reporting (Hospital Participation Agreement §§2-3); every payment 'fully contingent' on the Care Collaborative receiving RHT funds (§6).","§10.2 PASS_THROUGH_DESIGNATED NOT MET (session 95): intermediary YES (KDHE sub-award to the Care Collaborative); hospitals named YES; award made NOT SHOWN -- this is an ENROLMENT list, and the administrator will post a separate list of providers that 'have received' payments.","NOT AN AWARD (§0.3, §6.1 mode 3). Listed under the administrator's hospital heading; not typed here (Stage 5). Never in STATE_FILES.",EBP Program Participating Hospitals (9/18/2026),https://ruralhealthkansas.com/wp-content/uploads/2026/09/EBP-Program-Participating-Hospitals-9.18.2026.xlsx,data/evidence/KS/ebp/2026-10-07_ebp_participating_hospitals_2026-09-18.xlsx,ORG_WEBSITE
KS,10,Clara Barton Hospital,EBP Program Participating Hospitals (9/18/2026),"Evidence-Based Practice (EBP) Program, Kansas RHT Plan Initiative 4, Program 1",UKHS Care Collaborative Association,No,No,No,"Formula, not an award: $100,000 infrastructure payment 'upon' a signed Attestation Form (deadline as late as 2027-10-01) plus a $50,000 incentive 'by November 30, 2026' for July-September 2026 reporting (Hospital Participation Agreement §§2-3); every payment 'fully contingent' on the Care Collaborative receiving RHT funds (§6).","§10.2 PASS_THROUGH_DESIGNATED NOT MET (session 95): intermediary YES (KDHE sub-award to the Care Collaborative); hospitals named YES; award made NOT SHOWN -- this is an ENROLMENT list, and the administrator will post a separate list of providers that 'have received' payments.","NOT AN AWARD (§0.3, §6.1 mode 3). Listed under the administrator's hospital heading; not typed here (Stage 5). Never in STATE_FILES.",EBP Program Participating Hospitals (9/18/2026),https://ruralhealthkansas.com/wp-content/uploads/2026/09/EBP-Program-Participating-Hospitals-9.18.2026.xlsx,data/evidence/KS/ebp/2026-10-07_ebp_participating_hospitals_2026-09-18.xlsx,ORG_WEBSITE
KS,11,Clay County Medical Center,EBP Program Participating Hospitals (9/18/2026),"Evidence-Based Practice (EBP) Program, Kansas RHT Plan Initiative 4, Program 1",UKHS Care Collaborative Association,No,No,No,"Formula, not an award: $100,000 infrastructure payment 'upon' a signed Attestation Form (deadline as late as 2027-10-01) plus a $50,000 incentive 'by November 30, 2026' for July-September 2026 reporting (Hospital Participation Agreement §§2-3); every payment 'fully contingent' on the Care Collaborative receiving RHT funds (§6).","§10.2 PASS_THROUGH_DESIGNATED NOT MET (session 95): intermediary YES (KDHE sub-award to the Care Collaborative); hospitals named YES; award made NOT SHOWN -- this is an ENROLMENT list, and the administrator will post a separate list of providers that 'have received' payments.","NOT AN AWARD (§0.3, §6.1 mode 3). Listed under the administrator's hospital heading; not typed here (Stage 5). Never in STATE_FILES.",EBP Program Participating Hospitals (9/18/2026),https://ruralhealthkansas.com/wp-content/uploads/2026/09/EBP-Program-Participating-Hospitals-9.18.2026.xlsx,data/evidence/KS/ebp/2026-10-07_ebp_participating_hospitals_2026-09-18.xlsx,ORG_WEBSITE
KS,12,Coffey County Hospital,EBP Program Participating Hospitals (9/18/2026),"Evidence-Based Practice (EBP) Program, Kansas RHT Plan Initiative 4, Program 1",UKHS Care Collaborative Association,No,No,No,"Formula, not an award: $100,000 infrastructure payment 'upon' a signed Attestation Form (deadline as late as 2027-10-01) plus a $50,000 incentive 'by November 30, 2026' for July-September 2026 reporting (Hospital Participation Agreement §§2-3); every payment 'fully contingent' on the Care Collaborative receiving RHT funds (§6).","§10.2 PASS_THROUGH_DESIGNATED NOT MET (session 95): intermediary YES (KDHE sub-award to the Care Collaborative); hospitals named YES; award made NOT SHOWN -- this is an ENROLMENT list, and the administrator will post a separate list of providers that 'have received' payments.","NOT AN AWARD (§0.3, §6.1 mode 3). Listed under the administrator's hospital heading; not typed here (Stage 5). Never in STATE_FILES.",EBP Program Participating Hospitals (9/18/2026),https://ruralhealthkansas.com/wp-content/uploads/2026/09/EBP-Program-Participating-Hospitals-9.18.2026.xlsx,data/evidence/KS/ebp/2026-10-07_ebp_participating_hospitals_2026-09-18.xlsx,ORG_WEBSITE
KS,13,Coffeyville Regional Medical Center,EBP Program Participating Hospitals (9/18/2026),"Evidence-Based Practice (EBP) Program, Kansas RHT Plan Initiative 4, Program 1",UKHS Care Collaborative Association,No,No,No,"Formula, not an award: $100,000 infrastructure payment 'upon' a signed Attestation Form (deadline as late as 2027-10-01) plus a $50,000 incentive 'by November 30, 2026' for July-September 2026 reporting (Hospital Participation Agreement §§2-3); every payment 'fully contingent' on the Care Collaborative receiving RHT funds (§6).","§10.2 PASS_THROUGH_DESIGNATED NOT MET (session 95): intermediary YES (KDHE sub-award to the Care Collaborative); hospitals named YES; award made NOT SHOWN -- this is an ENROLMENT list, and the administrator will post a separate list of providers that 'have received' payments.","NOT AN AWARD (§0.3, §6.1 mode 3). Listed under the administrator's hospital heading; not typed here (Stage 5). Never in STATE_FILES.",EBP Program Participating Hospitals (9/18/2026),https://ruralhealthkansas.com/wp-content/uploads/2026/09/EBP-Program-Participating-Hospitals-9.18.2026.xlsx,data/evidence/KS/ebp/2026-10-07_ebp_participating_hospitals_2026-09-18.xlsx,ORG_WEBSITE
KS,14,Comanche County Hospital,EBP Program Participating Hospitals (9/18/2026),"Evidence-Based Practice (EBP) Program, Kansas RHT Plan Initiative 4, Program 1",UKHS Care Collaborative Association,No,No,No,"Formula, not an award: $100,000 infrastructure payment 'upon' a signed Attestation Form (deadline as late as 2027-10-01) plus a $50,000 incentive 'by November 30, 2026' for July-September 2026 reporting (Hospital Participation Agreement §§2-3); every payment 'fully contingent' on the Care Collaborative receiving RHT funds (§6).","§10.2 PASS_THROUGH_DESIGNATED NOT MET (session 95): intermediary YES (KDHE sub-award to the Care Collaborative); hospitals named YES; award made NOT SHOWN -- this is an ENROLMENT list, and the administrator will post a separate list of providers that 'have received' payments.","NOT AN AWARD (§0.3, §6.1 mode 3). Listed under the administrator's hospital heading; not typed here (Stage 5). Never in STATE_FILES.",EBP Program Participating Hospitals (9/18/2026),https://ruralhealthkansas.com/wp-content/uploads/2026/09/EBP-Program-Participating-Hospitals-9.18.2026.xlsx,data/evidence/KS/ebp/2026-10-07_ebp_participating_hospitals_2026-09-18.xlsx,ORG_WEBSITE
KS,15,Community Hospital-Onaga & St Marys Campus,EBP Program Participating Hospitals (9/18/2026),"Evidence-Based Practice (EBP) Program, Kansas RHT Plan Initiative 4, Program 1",UKHS Care Collaborative Association,No,No,No,"Formula, not an award: $100,000 infrastructure payment 'upon' a signed Attestation Form (deadline as late as 2027-10-01) plus a $50,000 incentive 'by November 30, 2026' for July-September 2026 reporting (Hospital Participation Agreement §§2-3); every payment 'fully contingent' on the Care Collaborative receiving RHT funds (§6).","§10.2 PASS_THROUGH_DESIGNATED NOT MET (session 95): intermediary YES (KDHE sub-award to the Care Collaborative); hospitals named YES; award made NOT SHOWN -- this is an ENROLMENT list, and the administrator will post a separate list of providers that 'have received' payments.","NOT AN AWARD (§0.3, §6.1 mode 3). Listed under the administrator's hospital heading; not typed here (Stage 5). Never in STATE_FILES.",EBP Program Participating Hospitals (9/18/2026),https://ruralhealthkansas.com/wp-content/uploads/2026/09/EBP-Program-Participating-Hospitals-9.18.2026.xlsx,data/evidence/KS/ebp/2026-10-07_ebp_participating_hospitals_2026-09-18.xlsx,ORG_WEBSITE
KS,16,Decatur Health System,EBP Program Participating Hospitals (9/18/2026),"Evidence-Based Practice (EBP) Program, Kansas RHT Plan Initiative 4, Program 1",UKHS Care Collaborative Association,No,No,No,"Formula, not an award: $100,000 infrastructure payment 'upon' a signed Attestation Form (deadline as late as 2027-10-01) plus a $50,000 incentive 'by November 30, 2026' for July-September 2026 reporting (Hospital Participation Agreement §§2-3); every payment 'fully contingent' on the Care Collaborative receiving RHT funds (§6).","§10.2 PASS_THROUGH_DESIGNATED NOT MET (session 95): intermediary YES (KDHE sub-award to the Care Collaborative); hospitals named YES; award made NOT SHOWN -- this is an ENROLMENT list, and the administrator will post a separate list of providers that 'have received' payments.","NOT AN AWARD (§0.3, §6.1 mode 3). Listed under the administrator's hospital heading; not typed here (Stage 5). Never in STATE_FILES.",EBP Program Participating Hospitals (9/18/2026),https://ruralhealthkansas.com/wp-content/uploads/2026/09/EBP-Program-Participating-Hospitals-9.18.2026.xlsx,data/evidence/KS/ebp/2026-10-07_ebp_participating_hospitals_2026-09-18.xlsx,ORG_WEBSITE
KS,17,Edwards County Medical Center,EBP Program Participating Hospitals (9/18/2026),"Evidence-Based Practice (EBP) Program, Kansas RHT Plan Initiative 4, Program 1",UKHS Care Collaborative Association,No,No,No,"Formula, not an award: $100,000 infrastructure payment 'upon' a signed Attestation Form (deadline as late as 2027-10-01) plus a $50,000 incentive 'by November 30, 2026' for July-September 2026 reporting (Hospital Participation Agreement §§2-3); every payment 'fully contingent' on the Care Collaborative receiving RHT funds (§6).","§10.2 PASS_THROUGH_DESIGNATED NOT MET (session 95): intermediary YES (KDHE sub-award to the Care Collaborative); hospitals named YES; award made NOT SHOWN -- this is an ENROLMENT list, and the administrator will post a separate list of providers that 'have received' payments.","NOT AN AWARD (§0.3, §6.1 mode 3). Listed under the administrator's hospital heading; not typed here (Stage 5). Never in STATE_FILES.",EBP Program Participating Hospitals (9/18/2026),https://ruralhealthkansas.com/wp-content/uploads/2026/09/EBP-Program-Participating-Hospitals-9.18.2026.xlsx,data/evidence/KS/ebp/2026-10-07_ebp_participating_hospitals_2026-09-18.xlsx,ORG_WEBSITE
KS,18,Ellinwood District Hospital,EBP Program Participating Hospitals (9/18/2026),"Evidence-Based Practice (EBP) Program, Kansas RHT Plan Initiative 4, Program 1",UKHS Care Collaborative Association,No,No,No,"Formula, not an award: $100,000 infrastructure payment 'upon' a signed Attestation Form (deadline as late as 2027-10-01) plus a $50,000 incentive 'by November 30, 2026' for July-September 2026 reporting (Hospital Participation Agreement §§2-3); every payment 'fully contingent' on the Care Collaborative receiving RHT funds (§6).","§10.2 PASS_THROUGH_DESIGNATED NOT MET (session 95): intermediary YES (KDHE sub-award to the Care Collaborative); hospitals named YES; award made NOT SHOWN -- this is an ENROLMENT list, and the administrator will post a separate list of providers that 'have received' payments.","NOT AN AWARD (§0.3, §6.1 mode 3). Listed under the administrator's hospital heading; not typed here (Stage 5). Never in STATE_FILES.",EBP Program Participating Hospitals (9/18/2026),https://ruralhealthkansas.com/wp-content/uploads/2026/09/EBP-Program-Participating-Hospitals-9.18.2026.xlsx,data/evidence/KS/ebp/2026-10-07_ebp_participating_hospitals_2026-09-18.xlsx,ORG_WEBSITE
KS,19,Ellsworth County Medical Center,EBP Program Participating Hospitals (9/18/2026),"Evidence-Based Practice (EBP) Program, Kansas RHT Plan Initiative 4, Program 1",UKHS Care Collaborative Association,No,No,No,"Formula, not an award: $100,000 infrastructure payment 'upon' a signed Attestation Form (deadline as late as 2027-10-01) plus a $50,000 incentive 'by November 30, 2026' for July-September 2026 reporting (Hospital Participation Agreement §§2-3); every payment 'fully contingent' on the Care Collaborative receiving RHT funds (§6).","§10.2 PASS_THROUGH_DESIGNATED NOT MET (session 95): intermediary YES (KDHE sub-award to the Care Collaborative); hospitals named YES; award made NOT SHOWN -- this is an ENROLMENT list, and the administrator will post a separate list of providers that 'have received' payments.","NOT AN AWARD (§0.3, §6.1 mode 3). Listed under the administrator's hospital heading; not typed here (Stage 5). Never in STATE_FILES.",EBP Program Participating Hospitals (9/18/2026),https://ruralhealthkansas.com/wp-content/uploads/2026/09/EBP-Program-Participating-Hospitals-9.18.2026.xlsx,data/evidence/KS/ebp/2026-10-07_ebp_participating_hospitals_2026-09-18.xlsx,ORG_WEBSITE
KS,20,F.W. Huston Medical Center,EBP Program Participating Hospitals (9/18/2026),"Evidence-Based Practice (EBP) Program, Kansas RHT Plan Initiative 4, Program 1",UKHS Care Collaborative Association,No,No,No,"Formula, not an award: $100,000 infrastructure payment 'upon' a signed Attestation Form (deadline as late as 2027-10-01) plus a $50,000 incentive 'by November 30, 2026' for July-September 2026 reporting (Hospital Participation Agreement §§2-3); every payment 'fully contingent' on the Care Collaborative receiving RHT funds (§6).","§10.2 PASS_THROUGH_DESIGNATED NOT MET (session 95): intermediary YES (KDHE sub-award to the Care Collaborative); hospitals named YES; award made NOT SHOWN -- this is an ENROLMENT list, and the administrator will post a separate list of providers that 'have received' payments.","NOT AN AWARD (§0.3, §6.1 mode 3). Listed under the administrator's hospital heading; not typed here (Stage 5). Never in STATE_FILES.",EBP Program Participating Hospitals (9/18/2026),https://ruralhealthkansas.com/wp-content/uploads/2026/09/EBP-Program-Participating-Hospitals-9.18.2026.xlsx,data/evidence/KS/ebp/2026-10-07_ebp_participating_hospitals_2026-09-18.xlsx,ORG_WEBSITE
KS,21,Fredonia Regional Hospital,EBP Program Participating Hospitals (9/18/2026),"Evidence-Based Practice (EBP) Program, Kansas RHT Plan Initiative 4, Program 1",UKHS Care Collaborative Association,No,No,No,"Formula, not an award: $100,000 infrastructure payment 'upon' a signed Attestation Form (deadline as late as 2027-10-01) plus a $50,000 incentive 'by November 30, 2026' for July-September 2026 reporting (Hospital Participation Agreement §§2-3); every payment 'fully contingent' on the Care Collaborative receiving RHT funds (§6).","§10.2 PASS_THROUGH_DESIGNATED NOT MET (session 95): intermediary YES (KDHE sub-award to the Care Collaborative); hospitals named YES; award made NOT SHOWN -- this is an ENROLMENT list, and the administrator will post a separate list of providers that 'have received' payments.","NOT AN AWARD (§0.3, §6.1 mode 3). Listed under the administrator's hospital heading; not typed here (Stage 5). Never in STATE_FILES.",EBP Program Participating Hospitals (9/18/2026),https://ruralhealthkansas.com/wp-content/uploads/2026/09/EBP-Program-Participating-Hospitals-9.18.2026.xlsx,data/evidence/KS/ebp/2026-10-07_ebp_participating_hospitals_2026-09-18.xlsx,ORG_WEBSITE
KS,22,Freeman Fort Scott Hospital,EBP Program Participating Hospitals (9/18/2026),"Evidence-Based Practice (EBP) Program, Kansas RHT Plan Initiative 4, Program 1",UKHS Care Collaborative Association,No,No,No,"Formula, not an award: $100,000 infrastructure payment 'upon' a signed Attestation Form (deadline as late as 2027-10-01) plus a $50,000 incentive 'by November 30, 2026' for July-September 2026 reporting (Hospital Participation Agreement §§2-3); every payment 'fully contingent' on the Care Collaborative receiving RHT funds (§6).","§10.2 PASS_THROUGH_DESIGNATED NOT MET (session 95): intermediary YES (KDHE sub-award to the Care Collaborative); hospitals named YES; award made NOT SHOWN -- this is an ENROLMENT list, and the administrator will post a separate list of providers that 'have received' payments.","NOT AN AWARD (§0.3, §6.1 mode 3). Listed under the administrator's hospital heading; not typed here (Stage 5). Never in STATE_FILES.",EBP Program Participating Hospitals (9/18/2026),https://ruralhealthkansas.com/wp-content/uploads/2026/09/EBP-Program-Participating-Hospitals-9.18.2026.xlsx,data/evidence/KS/ebp/2026-10-07_ebp_participating_hospitals_2026-09-18.xlsx,ORG_WEBSITE
KS,23,Girard Medical Center,EBP Program Participating Hospitals (9/18/2026),"Evidence-Based Practice (EBP) Program, Kansas RHT Plan Initiative 4, Program 1",UKHS Care Collaborative Association,No,No,No,"Formula, not an award: $100,000 infrastructure payment 'upon' a signed Attestation Form (deadline as late as 2027-10-01) plus a $50,000 incentive 'by November 30, 2026' for July-September 2026 reporting (Hospital Participation Agreement §§2-3); every payment 'fully contingent' on the Care Collaborative receiving RHT funds (§6).","§10.2 PASS_THROUGH_DESIGNATED NOT MET (session 95): intermediary YES (KDHE sub-award to the Care Collaborative); hospitals named YES; award made NOT SHOWN -- this is an ENROLMENT list, and the administrator will post a separate list of providers that 'have received' payments.","NOT AN AWARD (§0.3, §6.1 mode 3). Listed under the administrator's hospital heading; not typed here (Stage 5). Never in STATE_FILES.",EBP Program Participating Hospitals (9/18/2026),https://ruralhealthkansas.com/wp-content/uploads/2026/09/EBP-Program-Participating-Hospitals-9.18.2026.xlsx,data/evidence/KS/ebp/2026-10-07_ebp_participating_hospitals_2026-09-18.xlsx,ORG_WEBSITE
KS,24,Goodland Regional Medical Center,EBP Program Participating Hospitals (9/18/2026),"Evidence-Based Practice (EBP) Program, Kansas RHT Plan Initiative 4, Program 1",UKHS Care Collaborative Association,No,No,No,"Formula, not an award: $100,000 infrastructure payment 'upon' a signed Attestation Form (deadline as late as 2027-10-01) plus a $50,000 incentive 'by November 30, 2026' for July-September 2026 reporting (Hospital Participation Agreement §§2-3); every payment 'fully contingent' on the Care Collaborative receiving RHT funds (§6).","§10.2 PASS_THROUGH_DESIGNATED NOT MET (session 95): intermediary YES (KDHE sub-award to the Care Collaborative); hospitals named YES; award made NOT SHOWN -- this is an ENROLMENT list, and the administrator will post a separate list of providers that 'have received' payments.","NOT AN AWARD (§0.3, §6.1 mode 3). Listed under the administrator's hospital heading; not typed here (Stage 5). Never in STATE_FILES.",EBP Program Participating Hospitals (9/18/2026),https://ruralhealthkansas.com/wp-content/uploads/2026/09/EBP-Program-Participating-Hospitals-9.18.2026.xlsx,data/evidence/KS/ebp/2026-10-07_ebp_participating_hospitals_2026-09-18.xlsx,ORG_WEBSITE
KS,25,Gove County Medical Center,EBP Program Participating Hospitals (9/18/2026),"Evidence-Based Practice (EBP) Program, Kansas RHT Plan Initiative 4, Program 1",UKHS Care Collaborative Association,No,No,No,"Formula, not an award: $100,000 infrastructure payment 'upon' a signed Attestation Form (deadline as late as 2027-10-01) plus a $50,000 incentive 'by November 30, 2026' for July-September 2026 reporting (Hospital Participation Agreement §§2-3); every payment 'fully contingent' on the Care Collaborative receiving RHT funds (§6).","§10.2 PASS_THROUGH_DESIGNATED NOT MET (session 95): intermediary YES (KDHE sub-award to the Care Collaborative); hospitals named YES; award made NOT SHOWN -- this is an ENROLMENT list, and the administrator will post a separate list of providers that 'have received' payments.","NOT AN AWARD (§0.3, §6.1 mode 3). Listed under the administrator's hospital heading; not typed here (Stage 5). Never in STATE_FILES.",EBP Program Participating Hospitals (9/18/2026),https://ruralhealthkansas.com/wp-content/uploads/2026/09/EBP-Program-Participating-Hospitals-9.18.2026.xlsx,data/evidence/KS/ebp/2026-10-07_ebp_participating_hospitals_2026-09-18.xlsx,ORG_WEBSITE
KS,26,Graham County Hospital,EBP Program Participating Hospitals (9/18/2026),"Evidence-Based Practice (EBP) Program, Kansas RHT Plan Initiative 4, Program 1",UKHS Care Collaborative Association,No,No,No,"Formula, not an award: $100,000 infrastructure payment 'upon' a signed Attestation Form (deadline as late as 2027-10-01) plus a $50,000 incentive 'by November 30, 2026' for July-September 2026 reporting (Hospital Participation Agreement §§2-3); every payment 'fully contingent' on the Care Collaborative receiving RHT funds (§6).","§10.2 PASS_THROUGH_DESIGNATED NOT MET (session 95): intermediary YES (KDHE sub-award to the Care Collaborative); hospitals named YES; award made NOT SHOWN -- this is an ENROLMENT list, and the administrator will post a separate list of providers that 'have received' payments.","NOT AN AWARD (§0.3, §6.1 mode 3). Listed under the administrator's hospital heading; not typed here (Stage 5). Never in STATE_FILES.",EBP Program Participating Hospitals (9/18/2026),https://ruralhealthkansas.com/wp-content/uploads/2026/09/EBP-Program-Participating-Hospitals-9.18.2026.xlsx,data/evidence/KS/ebp/2026-10-07_ebp_participating_hospitals_2026-09-18.xlsx,ORG_WEBSITE
KS,27,Greeley County Health Services,EBP Program Participating Hospitals (9/18/2026),"Evidence-Based Practice (EBP) Program, Kansas RHT Plan Initiative 4, Program 1",UKHS Care Collaborative Association,No,No,No,"Formula, not an award: $100,000 infrastructure payment 'upon' a signed Attestation Form (deadline as late as 2027-10-01) plus a $50,000 incentive 'by November 30, 2026' for July-September 2026 reporting (Hospital Participation Agreement §§2-3); every payment 'fully contingent' on the Care Collaborative receiving RHT funds (§6).","§10.2 PASS_THROUGH_DESIGNATED NOT MET (session 95): intermediary YES (KDHE sub-award to the Care Collaborative); hospitals named YES; award made NOT SHOWN -- this is an ENROLMENT list, and the administrator will post a separate list of providers that 'have received' payments.","NOT AN AWARD (§0.3, §6.1 mode 3). Listed under the administrator's hospital heading; not typed here (Stage 5). Never in STATE_FILES.",EBP Program Participating Hospitals (9/18/2026),https://ruralhealthkansas.com/wp-content/uploads/2026/09/EBP-Program-Participating-Hospitals-9.18.2026.xlsx,data/evidence/KS/ebp/2026-10-07_ebp_participating_hospitals_2026-09-18.xlsx,ORG_WEBSITE
KS,28,Greenwood County Hospital,EBP Program Participating Hospitals (9/18/2026),"Evidence-Based Practice (EBP) Program, Kansas RHT Plan Initiative 4, Program 1",UKHS Care Collaborative Association,No,No,No,"Formula, not an award: $100,000 infrastructure payment 'upon' a signed Attestation Form (deadline as late as 2027-10-01) plus a $50,000 incentive 'by November 30, 2026' for July-September 2026 reporting (Hospital Participation Agreement §§2-3); every payment 'fully contingent' on the Care Collaborative receiving RHT funds (§6).","§10.2 PASS_THROUGH_DESIGNATED NOT MET (session 95): intermediary YES (KDHE sub-award to the Care Collaborative); hospitals named YES; award made NOT SHOWN -- this is an ENROLMENT list, and the administrator will post a separate list of providers that 'have received' payments.","NOT AN AWARD (§0.3, §6.1 mode 3). Listed under the administrator's hospital heading; not typed here (Stage 5). Never in STATE_FILES.",EBP Program Participating Hospitals (9/18/2026),https://ruralhealthkansas.com/wp-content/uploads/2026/09/EBP-Program-Participating-Hospitals-9.18.2026.xlsx,data/evidence/KS/ebp/2026-10-07_ebp_participating_hospitals_2026-09-18.xlsx,ORG_WEBSITE
KS,29,Grisell Memorial Hospital Dist 1,EBP Program Participating Hospitals (9/18/2026),"Evidence-Based Practice (EBP) Program, Kansas RHT Plan Initiative 4, Program 1",UKHS Care Collaborative Association,No,No,No,"Formula, not an award: $100,000 infrastructure payment 'upon' a signed Attestation Form (deadline as late as 2027-10-01) plus a $50,000 incentive 'by November 30, 2026' for July-September 2026 reporting (Hospital Participation Agreement §§2-3); every payment 'fully contingent' on the Care Collaborative receiving RHT funds (§6).","§10.2 PASS_THROUGH_DESIGNATED NOT MET (session 95): intermediary YES (KDHE sub-award to the Care Collaborative); hospitals named YES; award made NOT SHOWN -- this is an ENROLMENT list, and the administrator will post a separate list of providers that 'have received' payments.","NOT AN AWARD (§0.3, §6.1 mode 3). Listed under the administrator's hospital heading; not typed here (Stage 5). Never in STATE_FILES.",EBP Program Participating Hospitals (9/18/2026),https://ruralhealthkansas.com/wp-content/uploads/2026/09/EBP-Program-Participating-Hospitals-9.18.2026.xlsx,data/evidence/KS/ebp/2026-10-07_ebp_participating_hospitals_2026-09-18.xlsx,ORG_WEBSITE
KS,30,Hamilton County Hospital,EBP Program Participating Hospitals (9/18/2026),"Evidence-Based Practice (EBP) Program, Kansas RHT Plan Initiative 4, Program 1",UKHS Care Collaborative Association,No,No,No,"Formula, not an award: $100,000 infrastructure payment 'upon' a signed Attestation Form (deadline as late as 2027-10-01) plus a $50,000 incentive 'by November 30, 2026' for July-September 2026 reporting (Hospital Participation Agreement §§2-3); every payment 'fully contingent' on the Care Collaborative receiving RHT funds (§6).","§10.2 PASS_THROUGH_DESIGNATED NOT MET (session 95): intermediary YES (KDHE sub-award to the Care Collaborative); hospitals named YES; award made NOT SHOWN -- this is an ENROLMENT list, and the administrator will post a separate list of providers that 'have received' payments.","NOT AN AWARD (§0.3, §6.1 mode 3). Listed under the administrator's hospital heading; not typed here (Stage 5). Never in STATE_FILES.",EBP Program Participating Hospitals (9/18/2026),https://ruralhealthkansas.com/wp-content/uploads/2026/09/EBP-Program-Participating-Hospitals-9.18.2026.xlsx,data/evidence/KS/ebp/2026-10-07_ebp_participating_hospitals_2026-09-18.xlsx,ORG_WEBSITE
KS,31,Hanover Hospital,EBP Program Participating Hospitals (9/18/2026),"Evidence-Based Practice (EBP) Program, Kansas RHT Plan Initiative 4, Program 1",UKHS Care Collaborative Association,No,No,No,"Formula, not an award: $100,000 infrastructure payment 'upon' a signed Attestation Form (deadline as late as 2027-10-01) plus a $50,000 incentive 'by November 30, 2026' for July-September 2026 reporting (Hospital Participation Agreement §§2-3); every payment 'fully contingent' on the Care Collaborative receiving RHT funds (§6).","§10.2 PASS_THROUGH_DESIGNATED NOT MET (session 95): intermediary YES (KDHE sub-award to the Care Collaborative); hospitals named YES; award made NOT SHOWN -- this is an ENROLMENT list, and the administrator will post a separate list of providers that 'have received' payments.","NOT AN AWARD (§0.3, §6.1 mode 3). Listed under the administrator's hospital heading; not typed here (Stage 5). Never in STATE_FILES.",EBP Program Participating Hospitals (9/18/2026),https://ruralhealthkansas.com/wp-content/uploads/2026/09/EBP-Program-Participating-Hospitals-9.18.2026.xlsx,data/evidence/KS/ebp/2026-10-07_ebp_participating_hospitals_2026-09-18.xlsx,ORG_WEBSITE
KS,32,Hays Medical Center,EBP Program Participating Hospitals (9/18/2026),"Evidence-Based Practice (EBP) Program, Kansas RHT Plan Initiative 4, Program 1",UKHS Care Collaborative Association,No,No,No,"Formula, not an award: $100,000 infrastructure payment 'upon' a signed Attestation Form (deadline as late as 2027-10-01) plus a $50,000 incentive 'by November 30, 2026' for July-September 2026 reporting (Hospital Participation Agreement §§2-3); every payment 'fully contingent' on the Care Collaborative receiving RHT funds (§6).","§10.2 PASS_THROUGH_DESIGNATED NOT MET (session 95): intermediary YES (KDHE sub-award to the Care Collaborative); hospitals named YES; award made NOT SHOWN -- this is an ENROLMENT list, and the administrator will post a separate list of providers that 'have received' payments.","NOT AN AWARD (§0.3, §6.1 mode 3). Listed under the administrator's hospital heading; not typed here (Stage 5). Never in STATE_FILES.",EBP Program Participating Hospitals (9/18/2026),https://ruralhealthkansas.com/wp-content/uploads/2026/09/EBP-Program-Participating-Hospitals-9.18.2026.xlsx,data/evidence/KS/ebp/2026-10-07_ebp_participating_hospitals_2026-09-18.xlsx,ORG_WEBSITE
KS,33,Hillsboro Community Hospital,EBP Program Participating Hospitals (9/18/2026),"Evidence-Based Practice (EBP) Program, Kansas RHT Plan Initiative 4, Program 1",UKHS Care Collaborative Association,No,No,No,"Formula, not an award: $100,000 infrastructure payment 'upon' a signed Attestation Form (deadline as late as 2027-10-01) plus a $50,000 incentive 'by November 30, 2026' for July-September 2026 reporting (Hospital Participation Agreement §§2-3); every payment 'fully contingent' on the Care Collaborative receiving RHT funds (§6).","§10.2 PASS_THROUGH_DESIGNATED NOT MET (session 95): intermediary YES (KDHE sub-award to the Care Collaborative); hospitals named YES; award made NOT SHOWN -- this is an ENROLMENT list, and the administrator will post a separate list of providers that 'have received' payments.","NOT AN AWARD (§0.3, §6.1 mode 3). Listed under the administrator's hospital heading; not typed here (Stage 5). Never in STATE_FILES.",EBP Program Participating Hospitals (9/18/2026),https://ruralhealthkansas.com/wp-content/uploads/2026/09/EBP-Program-Participating-Hospitals-9.18.2026.xlsx,data/evidence/KS/ebp/2026-10-07_ebp_participating_hospitals_2026-09-18.xlsx,ORG_WEBSITE
KS,34,Hodgeman County Health Center,EBP Program Participating Hospitals (9/18/2026),"Evidence-Based Practice (EBP) Program, Kansas RHT Plan Initiative 4, Program 1",UKHS Care Collaborative Association,No,No,No,"Formula, not an award: $100,000 infrastructure payment 'upon' a signed Attestation Form (deadline as late as 2027-10-01) plus a $50,000 incentive 'by November 30, 2026' for July-September 2026 reporting (Hospital Participation Agreement §§2-3); every payment 'fully contingent' on the Care Collaborative receiving RHT funds (§6).","§10.2 PASS_THROUGH_DESIGNATED NOT MET (session 95): intermediary YES (KDHE sub-award to the Care Collaborative); hospitals named YES; award made NOT SHOWN -- this is an ENROLMENT list, and the administrator will post a separate list of providers that 'have received' payments.","NOT AN AWARD (§0.3, §6.1 mode 3). Listed under the administrator's hospital heading; not typed here (Stage 5). Never in STATE_FILES.",EBP Program Participating Hospitals (9/18/2026),https://ruralhealthkansas.com/wp-content/uploads/2026/09/EBP-Program-Participating-Hospitals-9.18.2026.xlsx,data/evidence/KS/ebp/2026-10-07_ebp_participating_hospitals_2026-09-18.xlsx,ORG_WEBSITE
KS,35,Holton Community Hospital,EBP Program Participating Hospitals (9/18/2026),"Evidence-Based Practice (EBP) Program, Kansas RHT Plan Initiative 4, Program 1",UKHS Care Collaborative Association,No,No,No,"Formula, not an award: $100,000 infrastructure payment 'upon' a signed Attestation Form (deadline as late as 2027-10-01) plus a $50,000 incentive 'by November 30, 2026' for July-September 2026 reporting (Hospital Participation Agreement §§2-3); every payment 'fully contingent' on the Care Collaborative receiving RHT funds (§6).","§10.2 PASS_THROUGH_DESIGNATED NOT MET (session 95): intermediary YES (KDHE sub-award to the Care Collaborative); hospitals named YES; award made NOT SHOWN -- this is an ENROLMENT list, and the administrator will post a separate list of providers that 'have received' payments.","NOT AN AWARD (§0.3, §6.1 mode 3). Listed under the administrator's hospital heading; not typed here (Stage 5). Never in STATE_FILES.",EBP Program Participating Hospitals (9/18/2026),https://ruralhealthkansas.com/wp-content/uploads/2026/09/EBP-Program-Participating-Hospitals-9.18.2026.xlsx,data/evidence/KS/ebp/2026-10-07_ebp_participating_hospitals_2026-09-18.xlsx,ORG_WEBSITE
KS,36,Hospital Dist No 1 of Dickinson Cnty-Mem Health System,EBP Program Participating Hospitals (9/18/2026),"Evidence-Based Practice (EBP) Program, Kansas RHT Plan Initiative 4, Program 1",UKHS Care Collaborative Association,No,No,No,"Formula, not an award: $100,000 infrastructure payment 'upon' a signed Attestation Form (deadline as late as 2027-10-01) plus a $50,000 incentive 'by November 30, 2026' for July-September 2026 reporting (Hospital Participation Agreement §§2-3); every payment 'fully contingent' on the Care Collaborative receiving RHT funds (§6).","§10.2 PASS_THROUGH_DESIGNATED NOT MET (session 95): intermediary YES (KDHE sub-award to the Care Collaborative); hospitals named YES; award made NOT SHOWN -- this is an ENROLMENT list, and the administrator will post a separate list of providers that 'have received' payments.","NOT AN AWARD (§0.3, §6.1 mode 3). Listed under the administrator's hospital heading; not typed here (Stage 5). Never in STATE_FILES.",EBP Program Participating Hospitals (9/18/2026),https://ruralhealthkansas.com/wp-content/uploads/2026/09/EBP-Program-Participating-Hospitals-9.18.2026.xlsx,data/evidence/KS/ebp/2026-10-07_ebp_participating_hospitals_2026-09-18.xlsx,ORG_WEBSITE
KS,37,Hospital District #1 of Rice County,EBP Program Participating Hospitals (9/18/2026),"Evidence-Based Practice (EBP) Program, Kansas RHT Plan Initiative 4, Program 1",UKHS Care Collaborative Association,No,No,No,"Formula, not an award: $100,000 infrastructure payment 'upon' a signed Attestation Form (deadline as late as 2027-10-01) plus a $50,000 incentive 'by November 30, 2026' for July-September 2026 reporting (Hospital Participation Agreement §§2-3); every payment 'fully contingent' on the Care Collaborative receiving RHT funds (§6).","§10.2 PASS_THROUGH_DESIGNATED NOT MET (session 95): intermediary YES (KDHE sub-award to the Care Collaborative); hospitals named YES; award made NOT SHOWN -- this is an ENROLMENT list, and the administrator will post a separate list of providers that 'have received' payments.","NOT AN AWARD (§0.3, §6.1 mode 3). Listed under the administrator's hospital heading; not typed here (Stage 5). Never in STATE_FILES.",EBP Program Participating Hospitals (9/18/2026),https://ruralhealthkansas.com/wp-content/uploads/2026/09/EBP-Program-Participating-Hospitals-9.18.2026.xlsx,data/evidence/KS/ebp/2026-10-07_ebp_participating_hospitals_2026-09-18.xlsx,ORG_WEBSITE
KS,38,Hospital District No 6 of Harper County Kansas (Patterson Health Center),EBP Program Participating Hospitals (9/18/2026),"Evidence-Based Practice (EBP) Program, Kansas RHT Plan Initiative 4, Program 1",UKHS Care Collaborative Association,No,No,No,"Formula, not an award: $100,000 infrastructure payment 'upon' a signed Attestation Form (deadline as late as 2027-10-01) plus a $50,000 incentive 'by November 30, 2026' for July-September 2026 reporting (Hospital Participation Agreement §§2-3); every payment 'fully contingent' on the Care Collaborative receiving RHT funds (§6).","§10.2 PASS_THROUGH_DESIGNATED NOT MET (session 95): intermediary YES (KDHE sub-award to the Care Collaborative); hospitals named YES; award made NOT SHOWN -- this is an ENROLMENT list, and the administrator will post a separate list of providers that 'have received' payments.","NOT AN AWARD (§0.3, §6.1 mode 3). Listed under the administrator's hospital heading; not typed here (Stage 5). Never in STATE_FILES.",EBP Program Participating Hospitals (9/18/2026),https://ruralhealthkansas.com/wp-content/uploads/2026/09/EBP-Program-Participating-Hospitals-9.18.2026.xlsx,data/evidence/KS/ebp/2026-10-07_ebp_participating_hospitals_2026-09-18.xlsx,ORG_WEBSITE
KS,39,Hutchinson Regional Medical Center,EBP Program Participating Hospitals (9/18/2026),"Evidence-Based Practice (EBP) Program, Kansas RHT Plan Initiative 4, Program 1",UKHS Care Collaborative Association,No,No,No,"Formula, not an award: $100,000 infrastructure payment 'upon' a signed Attestation Form (deadline as late as 2027-10-01) plus a $50,000 incentive 'by November 30, 2026' for July-September 2026 reporting (Hospital Participation Agreement §§2-3); every payment 'fully contingent' on the Care Collaborative receiving RHT funds (§6).","§10.2 PASS_THROUGH_DESIGNATED NOT MET (session 95): intermediary YES (KDHE sub-award to the Care Collaborative); hospitals named YES; award made NOT SHOWN -- this is an ENROLMENT list, and the administrator will post a separate list of providers that 'have received' payments.","NOT AN AWARD (§0.3, §6.1 mode 3). Listed under the administrator's hospital heading; not typed here (Stage 5). Never in STATE_FILES.",EBP Program Participating Hospitals (9/18/2026),https://ruralhealthkansas.com/wp-content/uploads/2026/09/EBP-Program-Participating-Hospitals-9.18.2026.xlsx,data/evidence/KS/ebp/2026-10-07_ebp_participating_hospitals_2026-09-18.xlsx,ORG_WEBSITE
KS,40,Kearny County Hospital,EBP Program Participating Hospitals (9/18/2026),"Evidence-Based Practice (EBP) Program, Kansas RHT Plan Initiative 4, Program 1",UKHS Care Collaborative Association,No,No,No,"Formula, not an award: $100,000 infrastructure payment 'upon' a signed Attestation Form (deadline as late as 2027-10-01) plus a $50,000 incentive 'by November 30, 2026' for July-September 2026 reporting (Hospital Participation Agreement §§2-3); every payment 'fully contingent' on the Care Collaborative receiving RHT funds (§6).","§10.2 PASS_THROUGH_DESIGNATED NOT MET (session 95): intermediary YES (KDHE sub-award to the Care Collaborative); hospitals named YES; award made NOT SHOWN -- this is an ENROLMENT list, and the administrator will post a separate list of providers that 'have received' payments.","NOT AN AWARD (§0.3, §6.1 mode 3). Listed under the administrator's hospital heading; not typed here (Stage 5). Never in STATE_FILES.",EBP Program Participating Hospitals (9/18/2026),https://ruralhealthkansas.com/wp-content/uploads/2026/09/EBP-Program-Participating-Hospitals-9.18.2026.xlsx,data/evidence/KS/ebp/2026-10-07_ebp_participating_hospitals_2026-09-18.xlsx,ORG_WEBSITE
KS,41,Kingman Healthcare Center,EBP Program Participating Hospitals (9/18/2026),"Evidence-Based Practice (EBP) Program, Kansas RHT Plan Initiative 4, Program 1",UKHS Care Collaborative Association,No,No,No,"Formula, not an award: $100,000 infrastructure payment 'upon' a signed Attestation Form (deadline as late as 2027-10-01) plus a $50,000 incentive 'by November 30, 2026' for July-September 2026 reporting (Hospital Participation Agreement §§2-3); every payment 'fully contingent' on the Care Collaborative receiving RHT funds (§6).","§10.2 PASS_THROUGH_DESIGNATED NOT MET (session 95): intermediary YES (KDHE sub-award to the Care Collaborative); hospitals named YES; award made NOT SHOWN -- this is an ENROLMENT list, and the administrator will post a separate list of providers that 'have received' payments.","NOT AN AWARD (§0.3, §6.1 mode 3). Listed under the administrator's hospital heading; not typed here (Stage 5). Never in STATE_FILES.",EBP Program Participating Hospitals (9/18/2026),https://ruralhealthkansas.com/wp-content/uploads/2026/09/EBP-Program-Participating-Hospitals-9.18.2026.xlsx,data/evidence/KS/ebp/2026-10-07_ebp_participating_hospitals_2026-09-18.xlsx,ORG_WEBSITE
KS,42,Kiowa County Memorial Hospital-Greensburg,EBP Program Participating Hospitals (9/18/2026),"Evidence-Based Practice (EBP) Program, Kansas RHT Plan Initiative 4, Program 1",UKHS Care Collaborative Association,No,No,No,"Formula, not an award: $100,000 infrastructure payment 'upon' a signed Attestation Form (deadline as late as 2027-10-01) plus a $50,000 incentive 'by November 30, 2026' for July-September 2026 reporting (Hospital Participation Agreement §§2-3); every payment 'fully contingent' on the Care Collaborative receiving RHT funds (§6).","§10.2 PASS_THROUGH_DESIGNATED NOT MET (session 95): intermediary YES (KDHE sub-award to the Care Collaborative); hospitals named YES; award made NOT SHOWN -- this is an ENROLMENT list, and the administrator will post a separate list of providers that 'have received' payments.","NOT AN AWARD (§0.3, §6.1 mode 3). Listed under the administrator's hospital heading; not typed here (Stage 5). Never in STATE_FILES.",EBP Program Participating Hospitals (9/18/2026),https://ruralhealthkansas.com/wp-content/uploads/2026/09/EBP-Program-Participating-Hospitals-9.18.2026.xlsx,data/evidence/KS/ebp/2026-10-07_ebp_participating_hospitals_2026-09-18.xlsx,ORG_WEBSITE
KS,43,Kiowa District Hospital,EBP Program Participating Hospitals (9/18/2026),"Evidence-Based Practice (EBP) Program, Kansas RHT Plan Initiative 4, Program 1",UKHS Care Collaborative Association,No,No,No,"Formula, not an award: $100,000 infrastructure payment 'upon' a signed Attestation Form (deadline as late as 2027-10-01) plus a $50,000 incentive 'by November 30, 2026' for July-September 2026 reporting (Hospital Participation Agreement §§2-3); every payment 'fully contingent' on the Care Collaborative receiving RHT funds (§6).","§10.2 PASS_THROUGH_DESIGNATED NOT MET (session 95): intermediary YES (KDHE sub-award to the Care Collaborative); hospitals named YES; award made NOT SHOWN -- this is an ENROLMENT list, and the administrator will post a separate list of providers that 'have received' payments.","NOT AN AWARD (§0.3, §6.1 mode 3). Listed under the administrator's hospital heading; not typed here (Stage 5). Never in STATE_FILES.",EBP Program Participating Hospitals (9/18/2026),https://ruralhealthkansas.com/wp-content/uploads/2026/09/EBP-Program-Participating-Hospitals-9.18.2026.xlsx,data/evidence/KS/ebp/2026-10-07_ebp_participating_hospitals_2026-09-18.xlsx,ORG_WEBSITE
KS,44,Labette Health - Labette County Medical Center,EBP Program Participating Hospitals (9/18/2026),"Evidence-Based Practice (EBP) Program, Kansas RHT Plan Initiative 4, Program 1",UKHS Care Collaborative Association,No,No,No,"Formula, not an award: $100,000 infrastructure payment 'upon' a signed Attestation Form (deadline as late as 2027-10-01) plus a $50,000 incentive 'by November 30, 2026' for July-September 2026 reporting (Hospital Participation Agreement §§2-3); every payment 'fully contingent' on the Care Collaborative receiving RHT funds (§6).","§10.2 PASS_THROUGH_DESIGNATED NOT MET (session 95): intermediary YES (KDHE sub-award to the Care Collaborative); hospitals named YES; award made NOT SHOWN -- this is an ENROLMENT list, and the administrator will post a separate list of providers that 'have received' payments.","NOT AN AWARD (§0.3, §6.1 mode 3). Listed under the administrator's hospital heading; not typed here (Stage 5). Never in STATE_FILES.",EBP Program Participating Hospitals (9/18/2026),https://ruralhealthkansas.com/wp-content/uploads/2026/09/EBP-Program-Participating-Hospitals-9.18.2026.xlsx,data/evidence/KS/ebp/2026-10-07_ebp_participating_hospitals_2026-09-18.xlsx,ORG_WEBSITE
KS,45,Labette Health Independence Healthcare Center - Labette County Medical Center,EBP Program Participating Hospitals (9/18/2026),"Evidence-Based Practice (EBP) Program, Kansas RHT Plan Initiative 4, Program 1",UKHS Care Collaborative Association,No,No,No,"Formula, not an award: $100,000 infrastructure payment 'upon' a signed Attestation Form (deadline as late as 2027-10-01) plus a $50,000 incentive 'by November 30, 2026' for July-September 2026 reporting (Hospital Participation Agreement §§2-3); every payment 'fully contingent' on the Care Collaborative receiving RHT funds (§6).","§10.2 PASS_THROUGH_DESIGNATED NOT MET (session 95): intermediary YES (KDHE sub-award to the Care Collaborative); hospitals named YES; award made NOT SHOWN -- this is an ENROLMENT list, and the administrator will post a separate list of providers that 'have received' payments.","NOT AN AWARD (§0.3, §6.1 mode 3). Listed under the administrator's hospital heading; not typed here (Stage 5). Never in STATE_FILES.",EBP Program Participating Hospitals (9/18/2026),https://ruralhealthkansas.com/wp-content/uploads/2026/09/EBP-Program-Participating-Hospitals-9.18.2026.xlsx,data/evidence/KS/ebp/2026-10-07_ebp_participating_hospitals_2026-09-18.xlsx,ORG_WEBSITE
KS,46,Lane County Hospital,EBP Program Participating Hospitals (9/18/2026),"Evidence-Based Practice (EBP) Program, Kansas RHT Plan Initiative 4, Program 1",UKHS Care Collaborative Association,No,No,No,"Formula, not an award: $100,000 infrastructure payment 'upon' a signed Attestation Form (deadline as late as 2027-10-01) plus a $50,000 incentive 'by November 30, 2026' for July-September 2026 reporting (Hospital Participation Agreement §§2-3); every payment 'fully contingent' on the Care Collaborative receiving RHT funds (§6).","§10.2 PASS_THROUGH_DESIGNATED NOT MET (session 95): intermediary YES (KDHE sub-award to the Care Collaborative); hospitals named YES; award made NOT SHOWN -- this is an ENROLMENT list, and the administrator will post a separate list of providers that 'have received' payments.","NOT AN AWARD (§0.3, §6.1 mode 3). Listed under the administrator's hospital heading; not typed here (Stage 5). Never in STATE_FILES.",EBP Program Participating Hospitals (9/18/2026),https://ruralhealthkansas.com/wp-content/uploads/2026/09/EBP-Program-Participating-Hospitals-9.18.2026.xlsx,data/evidence/KS/ebp/2026-10-07_ebp_participating_hospitals_2026-09-18.xlsx,ORG_WEBSITE
KS,47,Lincoln County Hospital,EBP Program Participating Hospitals (9/18/2026),"Evidence-Based Practice (EBP) Program, Kansas RHT Plan Initiative 4, Program 1",UKHS Care Collaborative Association,No,No,No,"Formula, not an award: $100,000 infrastructure payment 'upon' a signed Attestation Form (deadline as late as 2027-10-01) plus a $50,000 incentive 'by November 30, 2026' for July-September 2026 reporting (Hospital Participation Agreement §§2-3); every payment 'fully contingent' on the Care Collaborative receiving RHT funds (§6).","§10.2 PASS_THROUGH_DESIGNATED NOT MET (session 95): intermediary YES (KDHE sub-award to the Care Collaborative); hospitals named YES; award made NOT SHOWN -- this is an ENROLMENT list, and the administrator will post a separate list of providers that 'have received' payments.","NOT AN AWARD (§0.3, §6.1 mode 3). Listed under the administrator's hospital heading; not typed here (Stage 5). Never in STATE_FILES.",EBP Program Participating Hospitals (9/18/2026),https://ruralhealthkansas.com/wp-content/uploads/2026/09/EBP-Program-Participating-Hospitals-9.18.2026.xlsx,data/evidence/KS/ebp/2026-10-07_ebp_participating_hospitals_2026-09-18.xlsx,ORG_WEBSITE
KS,48,Lindsborg Community Hospital,EBP Program Participating Hospitals (9/18/2026),"Evidence-Based Practice (EBP) Program, Kansas RHT Plan Initiative 4, Program 1",UKHS Care Collaborative Association,No,No,No,"Formula, not an award: $100,000 infrastructure payment 'upon' a signed Attestation Form (deadline as late as 2027-10-01) plus a $50,000 incentive 'by November 30, 2026' for July-September 2026 reporting (Hospital Participation Agreement §§2-3); every payment 'fully contingent' on the Care Collaborative receiving RHT funds (§6).","§10.2 PASS_THROUGH_DESIGNATED NOT MET (session 95): intermediary YES (KDHE sub-award to the Care Collaborative); hospitals named YES; award made NOT SHOWN -- this is an ENROLMENT list, and the administrator will post a separate list of providers that 'have received' payments.","NOT AN AWARD (§0.3, §6.1 mode 3). Listed under the administrator's hospital heading; not typed here (Stage 5). Never in STATE_FILES.",EBP Program Participating Hospitals (9/18/2026),https://ruralhealthkansas.com/wp-content/uploads/2026/09/EBP-Program-Participating-Hospitals-9.18.2026.xlsx,data/evidence/KS/ebp/2026-10-07_ebp_participating_hospitals_2026-09-18.xlsx,ORG_WEBSITE
KS,49,Logan County Hospital,EBP Program Participating Hospitals (9/18/2026),"Evidence-Based Practice (EBP) Program, Kansas RHT Plan Initiative 4, Program 1",UKHS Care Collaborative Association,No,No,No,"Formula, not an award: $100,000 infrastructure payment 'upon' a signed Attestation Form (deadline as late as 2027-10-01) plus a $50,000 incentive 'by November 30, 2026' for July-September 2026 reporting (Hospital Participation Agreement §§2-3); every payment 'fully contingent' on the Care Collaborative receiving RHT funds (§6).","§10.2 PASS_THROUGH_DESIGNATED NOT MET (session 95): intermediary YES (KDHE sub-award to the Care Collaborative); hospitals named YES; award made NOT SHOWN -- this is an ENROLMENT list, and the administrator will post a separate list of providers that 'have received' payments.","NOT AN AWARD (§0.3, §6.1 mode 3). Listed under the administrator's hospital heading; not typed here (Stage 5). Never in STATE_FILES.",EBP Program Participating Hospitals (9/18/2026),https://ruralhealthkansas.com/wp-content/uploads/2026/09/EBP-Program-Participating-Hospitals-9.18.2026.xlsx,data/evidence/KS/ebp/2026-10-07_ebp_participating_hospitals_2026-09-18.xlsx,ORG_WEBSITE
KS,50,"McPherson Hospital, Inc.",EBP Program Participating Hospitals (9/18/2026),"Evidence-Based Practice (EBP) Program, Kansas RHT Plan Initiative 4, Program 1",UKHS Care Collaborative Association,No,No,No,"Formula, not an award: $100,000 infrastructure payment 'upon' a signed Attestation Form (deadline as late as 2027-10-01) plus a $50,000 incentive 'by November 30, 2026' for July-September 2026 reporting (Hospital Participation Agreement §§2-3); every payment 'fully contingent' on the Care Collaborative receiving RHT funds (§6).","§10.2 PASS_THROUGH_DESIGNATED NOT MET (session 95): intermediary YES (KDHE sub-award to the Care Collaborative); hospitals named YES; award made NOT SHOWN -- this is an ENROLMENT list, and the administrator will post a separate list of providers that 'have received' payments.","NOT AN AWARD (§0.3, §6.1 mode 3). Listed under the administrator's hospital heading; not typed here (Stage 5). Never in STATE_FILES.",EBP Program Participating Hospitals (9/18/2026),https://ruralhealthkansas.com/wp-content/uploads/2026/09/EBP-Program-Participating-Hospitals-9.18.2026.xlsx,data/evidence/KS/ebp/2026-10-07_ebp_participating_hospitals_2026-09-18.xlsx,ORG_WEBSITE
KS,51,Meade District Hospital,EBP Program Participating Hospitals (9/18/2026),"Evidence-Based Practice (EBP) Program, Kansas RHT Plan Initiative 4, Program 1",UKHS Care Collaborative Association,No,No,No,"Formula, not an award: $100,000 infrastructure payment 'upon' a signed Attestation Form (deadline as late as 2027-10-01) plus a $50,000 incentive 'by November 30, 2026' for July-September 2026 reporting (Hospital Participation Agreement §§2-3); every payment 'fully contingent' on the Care Collaborative receiving RHT funds (§6).","§10.2 PASS_THROUGH_DESIGNATED NOT MET (session 95): intermediary YES (KDHE sub-award to the Care Collaborative); hospitals named YES; award made NOT SHOWN -- this is an ENROLMENT list, and the administrator will post a separate list of providers that 'have received' payments.","NOT AN AWARD (§0.3, §6.1 mode 3). Listed under the administrator's hospital heading; not typed here (Stage 5). Never in STATE_FILES.",EBP Program Participating Hospitals (9/18/2026),https://ruralhealthkansas.com/wp-content/uploads/2026/09/EBP-Program-Participating-Hospitals-9.18.2026.xlsx,data/evidence/KS/ebp/2026-10-07_ebp_participating_hospitals_2026-09-18.xlsx,ORG_WEBSITE
KS,52,Medicine Lodge Memorial Hospital,EBP Program Participating Hospitals (9/18/2026),"Evidence-Based Practice (EBP) Program, Kansas RHT Plan Initiative 4, Program 1",UKHS Care Collaborative Association,No,No,No,"Formula, not an award: $100,000 infrastructure payment 'upon' a signed Attestation Form (deadline as late as 2027-10-01) plus a $50,000 incentive 'by November 30, 2026' for July-September 2026 reporting (Hospital Participation Agreement §§2-3); every payment 'fully contingent' on the Care Collaborative receiving RHT funds (§6).","§10.2 PASS_THROUGH_DESIGNATED NOT MET (session 95): intermediary YES (KDHE sub-award to the Care Collaborative); hospitals named YES; award made NOT SHOWN -- this is an ENROLMENT list, and the administrator will post a separate list of providers that 'have received' payments.","NOT AN AWARD (§0.3, §6.1 mode 3). Listed under the administrator's hospital heading; not typed here (Stage 5). Never in STATE_FILES.",EBP Program Participating Hospitals (9/18/2026),https://ruralhealthkansas.com/wp-content/uploads/2026/09/EBP-Program-Participating-Hospitals-9.18.2026.xlsx,data/evidence/KS/ebp/2026-10-07_ebp_participating_hospitals_2026-09-18.xlsx,ORG_WEBSITE
KS,53,Mercy Hospital - Moundridge,EBP Program Participating Hospitals (9/18/2026),"Evidence-Based Practice (EBP) Program, Kansas RHT Plan Initiative 4, Program 1",UKHS Care Collaborative Association,No,No,No,"Formula, not an award: $100,000 infrastructure payment 'upon' a signed Attestation Form (deadline as late as 2027-10-01) plus a $50,000 incentive 'by November 30, 2026' for July-September 2026 reporting (Hospital Participation Agreement §§2-3); every payment 'fully contingent' on the Care Collaborative receiving RHT funds (§6).","§10.2 PASS_THROUGH_DESIGNATED NOT MET (session 95): intermediary YES (KDHE sub-award to the Care Collaborative); hospitals named YES; award made NOT SHOWN -- this is an ENROLMENT list, and the administrator will post a separate list of providers that 'have received' payments.","NOT AN AWARD (§0.3, §6.1 mode 3). Listed under the administrator's hospital heading; not typed here (Stage 5). Never in STATE_FILES.",EBP Program Participating Hospitals (9/18/2026),https://ruralhealthkansas.com/wp-content/uploads/2026/09/EBP-Program-Participating-Hospitals-9.18.2026.xlsx,data/evidence/KS/ebp/2026-10-07_ebp_participating_hospitals_2026-09-18.xlsx,ORG_WEBSITE
KS,54,"Miami County Medical Center, Inc",EBP Program Participating Hospitals (9/18/2026),"Evidence-Based Practice (EBP) Program, Kansas RHT Plan Initiative 4, Program 1",UKHS Care Collaborative Association,No,No,No,"Formula, not an award: $100,000 infrastructure payment 'upon' a signed Attestation Form (deadline as late as 2027-10-01) plus a $50,000 incentive 'by November 30, 2026' for July-September 2026 reporting (Hospital Participation Agreement §§2-3); every payment 'fully contingent' on the Care Collaborative receiving RHT funds (§6).","§10.2 PASS_THROUGH_DESIGNATED NOT MET (session 95): intermediary YES (KDHE sub-award to the Care Collaborative); hospitals named YES; award made NOT SHOWN -- this is an ENROLMENT list, and the administrator will post a separate list of providers that 'have received' payments.","NOT AN AWARD (§0.3, §6.1 mode 3). Listed under the administrator's hospital heading; not typed here (Stage 5). Never in STATE_FILES.",EBP Program Participating Hospitals (9/18/2026),https://ruralhealthkansas.com/wp-content/uploads/2026/09/EBP-Program-Participating-Hospitals-9.18.2026.xlsx,data/evidence/KS/ebp/2026-10-07_ebp_participating_hospitals_2026-09-18.xlsx,ORG_WEBSITE
KS,55,Minneola District Hospital,EBP Program Participating Hospitals (9/18/2026),"Evidence-Based Practice (EBP) Program, Kansas RHT Plan Initiative 4, Program 1",UKHS Care Collaborative Association,No,No,No,"Formula, not an award: $100,000 infrastructure payment 'upon' a signed Attestation Form (deadline as late as 2027-10-01) plus a $50,000 incentive 'by November 30, 2026' for July-September 2026 reporting (Hospital Participation Agreement §§2-3); every payment 'fully contingent' on the Care Collaborative receiving RHT funds (§6).","§10.2 PASS_THROUGH_DESIGNATED NOT MET (session 95): intermediary YES (KDHE sub-award to the Care Collaborative); hospitals named YES; award made NOT SHOWN -- this is an ENROLMENT list, and the administrator will post a separate list of providers that 'have received' payments.","NOT AN AWARD (§0.3, §6.1 mode 3). Listed under the administrator's hospital heading; not typed here (Stage 5). Never in STATE_FILES.",EBP Program Participating Hospitals (9/18/2026),https://ruralhealthkansas.com/wp-content/uploads/2026/09/EBP-Program-Participating-Hospitals-9.18.2026.xlsx,data/evidence/KS/ebp/2026-10-07_ebp_participating_hospitals_2026-09-18.xlsx,ORG_WEBSITE
KS,56,Mitchell County Hospital Health Systems,EBP Program Participating Hospitals (9/18/2026),"Evidence-Based Practice (EBP) Program, Kansas RHT Plan Initiative 4, Program 1",UKHS Care Collaborative Association,No,No,No,"Formula, not an award: $100,000 infrastructure payment 'upon' a signed Attestation Form (deadline as late as 2027-10-01) plus a $50,000 incentive 'by November 30, 2026' for July-September 2026 reporting (Hospital Participation Agreement §§2-3); every payment 'fully contingent' on the Care Collaborative receiving RHT funds (§6).","§10.2 PASS_THROUGH_DESIGNATED NOT MET (session 95): intermediary YES (KDHE sub-award to the Care Collaborative); hospitals named YES; award made NOT SHOWN -- this is an ENROLMENT list, and the administrator will post a separate list of providers that 'have received' payments.","NOT AN AWARD (§0.3, §6.1 mode 3). Listed under the administrator's hospital heading; not typed here (Stage 5). Never in STATE_FILES.",EBP Program Participating Hospitals (9/18/2026),https://ruralhealthkansas.com/wp-content/uploads/2026/09/EBP-Program-Participating-Hospitals-9.18.2026.xlsx,data/evidence/KS/ebp/2026-10-07_ebp_participating_hospitals_2026-09-18.xlsx,ORG_WEBSITE
KS,57,Morris County Hospital,EBP Program Participating Hospitals (9/18/2026),"Evidence-Based Practice (EBP) Program, Kansas RHT Plan Initiative 4, Program 1",UKHS Care Collaborative Association,No,No,No,"Formula, not an award: $100,000 infrastructure payment 'upon' a signed Attestation Form (deadline as late as 2027-10-01) plus a $50,000 incentive 'by November 30, 2026' for July-September 2026 reporting (Hospital Participation Agreement §§2-3); every payment 'fully contingent' on the Care Collaborative receiving RHT funds (§6).","§10.2 PASS_THROUGH_DESIGNATED NOT MET (session 95): intermediary YES (KDHE sub-award to the Care Collaborative); hospitals named YES; award made NOT SHOWN -- this is an ENROLMENT list, and the administrator will post a separate list of providers that 'have received' payments.","NOT AN AWARD (§0.3, §6.1 mode 3). Listed under the administrator's hospital heading; not typed here (Stage 5). Never in STATE_FILES.",EBP Program Participating Hospitals (9/18/2026),https://ruralhealthkansas.com/wp-content/uploads/2026/09/EBP-Program-Participating-Hospitals-9.18.2026.xlsx,data/evidence/KS/ebp/2026-10-07_ebp_participating_hospitals_2026-09-18.xlsx,ORG_WEBSITE
KS,58,Morton County Health System,EBP Program Participating Hospitals (9/18/2026),"Evidence-Based Practice (EBP) Program, Kansas RHT Plan Initiative 4, Program 1",UKHS Care Collaborative Association,No,No,No,"Formula, not an award: $100,000 infrastructure payment 'upon' a signed Attestation Form (deadline as late as 2027-10-01) plus a $50,000 incentive 'by November 30, 2026' for July-September 2026 reporting (Hospital Participation Agreement §§2-3); every payment 'fully contingent' on the Care Collaborative receiving RHT funds (§6).","§10.2 PASS_THROUGH_DESIGNATED NOT MET (session 95): intermediary YES (KDHE sub-award to the Care Collaborative); hospitals named YES; award made NOT SHOWN -- this is an ENROLMENT list, and the administrator will post a separate list of providers that 'have received' payments.","NOT AN AWARD (§0.3, §6.1 mode 3). Listed under the administrator's hospital heading; not typed here (Stage 5). Never in STATE_FILES.",EBP Program Participating Hospitals (9/18/2026),https://ruralhealthkansas.com/wp-content/uploads/2026/09/EBP-Program-Participating-Hospitals-9.18.2026.xlsx,data/evidence/KS/ebp/2026-10-07_ebp_participating_hospitals_2026-09-18.xlsx,ORG_WEBSITE
KS,59,Nemaha Valley Community Hospital,EBP Program Participating Hospitals (9/18/2026),"Evidence-Based Practice (EBP) Program, Kansas RHT Plan Initiative 4, Program 1",UKHS Care Collaborative Association,No,No,No,"Formula, not an award: $100,000 infrastructure payment 'upon' a signed Attestation Form (deadline as late as 2027-10-01) plus a $50,000 incentive 'by November 30, 2026' for July-September 2026 reporting (Hospital Participation Agreement §§2-3); every payment 'fully contingent' on the Care Collaborative receiving RHT funds (§6).","§10.2 PASS_THROUGH_DESIGNATED NOT MET (session 95): intermediary YES (KDHE sub-award to the Care Collaborative); hospitals named YES; award made NOT SHOWN -- this is an ENROLMENT list, and the administrator will post a separate list of providers that 'have received' payments.","NOT AN AWARD (§0.3, §6.1 mode 3). Listed under the administrator's hospital heading; not typed here (Stage 5). Never in STATE_FILES.",EBP Program Participating Hospitals (9/18/2026),https://ruralhealthkansas.com/wp-content/uploads/2026/09/EBP-Program-Participating-Hospitals-9.18.2026.xlsx,data/evidence/KS/ebp/2026-10-07_ebp_participating_hospitals_2026-09-18.xlsx,ORG_WEBSITE
KS,60,Neosho Memorial Regional Medical Center,EBP Program Participating Hospitals (9/18/2026),"Evidence-Based Practice (EBP) Program, Kansas RHT Plan Initiative 4, Program 1",UKHS Care Collaborative Association,No,No,No,"Formula, not an award: $100,000 infrastructure payment 'upon' a signed Attestation Form (deadline as late as 2027-10-01) plus a $50,000 incentive 'by November 30, 2026' for July-September 2026 reporting (Hospital Participation Agreement §§2-3); every payment 'fully contingent' on the Care Collaborative receiving RHT funds (§6).","§10.2 PASS_THROUGH_DESIGNATED NOT MET (session 95): intermediary YES (KDHE sub-award to the Care Collaborative); hospitals named YES; award made NOT SHOWN -- this is an ENROLMENT list, and the administrator will post a separate list of providers that 'have received' payments.","NOT AN AWARD (§0.3, §6.1 mode 3). Listed under the administrator's hospital heading; not typed here (Stage 5). Never in STATE_FILES.",EBP Program Participating Hospitals (9/18/2026),https://ruralhealthkansas.com/wp-content/uploads/2026/09/EBP-Program-Participating-Hospitals-9.18.2026.xlsx,data/evidence/KS/ebp/2026-10-07_ebp_participating_hospitals_2026-09-18.xlsx,ORG_WEBSITE
KS,61,Ness County Hospital District #2,EBP Program Participating Hospitals (9/18/2026),"Evidence-Based Practice (EBP) Program, Kansas RHT Plan Initiative 4, Program 1",UKHS Care Collaborative Association,No,No,No,"Formula, not an award: $100,000 infrastructure payment 'upon' a signed Attestation Form (deadline as late as 2027-10-01) plus a $50,000 incentive 'by November 30, 2026' for July-September 2026 reporting (Hospital Participation Agreement §§2-3); every payment 'fully contingent' on the Care Collaborative receiving RHT funds (§6).","§10.2 PASS_THROUGH_DESIGNATED NOT MET (session 95): intermediary YES (KDHE sub-award to the Care Collaborative); hospitals named YES; award made NOT SHOWN -- this is an ENROLMENT list, and the administrator will post a separate list of providers that 'have received' payments.","NOT AN AWARD (§0.3, §6.1 mode 3). Listed under the administrator's hospital heading; not typed here (Stage 5). Never in STATE_FILES.",EBP Program Participating Hospitals (9/18/2026),https://ruralhealthkansas.com/wp-content/uploads/2026/09/EBP-Program-Participating-Hospitals-9.18.2026.xlsx,data/evidence/KS/ebp/2026-10-07_ebp_participating_hospitals_2026-09-18.xlsx,ORG_WEBSITE
KS,62,Newman Regional Health,EBP Program Participating Hospitals (9/18/2026),"Evidence-Based Practice (EBP) Program, Kansas RHT Plan Initiative 4, Program 1",UKHS Care Collaborative Association,No,No,No,"Formula, not an award: $100,000 infrastructure payment 'upon' a signed Attestation Form (deadline as late as 2027-10-01) plus a $50,000 incentive 'by November 30, 2026' for July-September 2026 reporting (Hospital Participation Agreement §§2-3); every payment 'fully contingent' on the Care Collaborative receiving RHT funds (§6).","§10.2 PASS_THROUGH_DESIGNATED NOT MET (session 95): intermediary YES (KDHE sub-award to the Care Collaborative); hospitals named YES; award made NOT SHOWN -- this is an ENROLMENT list, and the administrator will post a separate list of providers that 'have received' payments.","NOT AN AWARD (§0.3, §6.1 mode 3). Listed under the administrator's hospital heading; not typed here (Stage 5). Never in STATE_FILES.",EBP Program Participating Hospitals (9/18/2026),https://ruralhealthkansas.com/wp-content/uploads/2026/09/EBP-Program-Participating-Hospitals-9.18.2026.xlsx,data/evidence/KS/ebp/2026-10-07_ebp_participating_hospitals_2026-09-18.xlsx,ORG_WEBSITE
KS,63,North Central Kansas Medical Center,EBP Program Participating Hospitals (9/18/2026),"Evidence-Based Practice (EBP) Program, Kansas RHT Plan Initiative 4, Program 1",UKHS Care Collaborative Association,No,No,No,"Formula, not an award: $100,000 infrastructure payment 'upon' a signed Attestation Form (deadline as late as 2027-10-01) plus a $50,000 incentive 'by November 30, 2026' for July-September 2026 reporting (Hospital Participation Agreement §§2-3); every payment 'fully contingent' on the Care Collaborative receiving RHT funds (§6).","§10.2 PASS_THROUGH_DESIGNATED NOT MET (session 95): intermediary YES (KDHE sub-award to the Care Collaborative); hospitals named YES; award made NOT SHOWN -- this is an ENROLMENT list, and the administrator will post a separate list of providers that 'have received' payments.","NOT AN AWARD (§0.3, §6.1 mode 3). Listed under the administrator's hospital heading; not typed here (Stage 5). Never in STATE_FILES.",EBP Program Participating Hospitals (9/18/2026),https://ruralhealthkansas.com/wp-content/uploads/2026/09/EBP-Program-Participating-Hospitals-9.18.2026.xlsx,data/evidence/KS/ebp/2026-10-07_ebp_participating_hospitals_2026-09-18.xlsx,ORG_WEBSITE
KS,64,Norton County Hospital,EBP Program Participating Hospitals (9/18/2026),"Evidence-Based Practice (EBP) Program, Kansas RHT Plan Initiative 4, Program 1",UKHS Care Collaborative Association,No,No,No,"Formula, not an award: $100,000 infrastructure payment 'upon' a signed Attestation Form (deadline as late as 2027-10-01) plus a $50,000 incentive 'by November 30, 2026' for July-September 2026 reporting (Hospital Participation Agreement §§2-3); every payment 'fully contingent' on the Care Collaborative receiving RHT funds (§6).","§10.2 PASS_THROUGH_DESIGNATED NOT MET (session 95): intermediary YES (KDHE sub-award to the Care Collaborative); hospitals named YES; award made NOT SHOWN -- this is an ENROLMENT list, and the administrator will post a separate list of providers that 'have received' payments.","NOT AN AWARD (§0.3, §6.1 mode 3). Listed under the administrator's hospital heading; not typed here (Stage 5). Never in STATE_FILES.",EBP Program Participating Hospitals (9/18/2026),https://ruralhealthkansas.com/wp-content/uploads/2026/09/EBP-Program-Participating-Hospitals-9.18.2026.xlsx,data/evidence/KS/ebp/2026-10-07_ebp_participating_hospitals_2026-09-18.xlsx,ORG_WEBSITE
KS,65,Osborne County Memorial Hospital,EBP Program Participating Hospitals (9/18/2026),"Evidence-Based Practice (EBP) Program, Kansas RHT Plan Initiative 4, Program 1",UKHS Care Collaborative Association,No,No,No,"Formula, not an award: $100,000 infrastructure payment 'upon' a signed Attestation Form (deadline as late as 2027-10-01) plus a $50,000 incentive 'by November 30, 2026' for July-September 2026 reporting (Hospital Participation Agreement §§2-3); every payment 'fully contingent' on the Care Collaborative receiving RHT funds (§6).","§10.2 PASS_THROUGH_DESIGNATED NOT MET (session 95): intermediary YES (KDHE sub-award to the Care Collaborative); hospitals named YES; award made NOT SHOWN -- this is an ENROLMENT list, and the administrator will post a separate list of providers that 'have received' payments.","NOT AN AWARD (§0.3, §6.1 mode 3). Listed under the administrator's hospital heading; not typed here (Stage 5). Never in STATE_FILES.",EBP Program Participating Hospitals (9/18/2026),https://ruralhealthkansas.com/wp-content/uploads/2026/09/EBP-Program-Participating-Hospitals-9.18.2026.xlsx,data/evidence/KS/ebp/2026-10-07_ebp_participating_hospitals_2026-09-18.xlsx,ORG_WEBSITE
KS,66,Ottawa County Health Center,EBP Program Participating Hospitals (9/18/2026),"Evidence-Based Practice (EBP) Program, Kansas RHT Plan Initiative 4, Program 1",UKHS Care Collaborative Association,No,No,No,"Formula, not an award: $100,000 infrastructure payment 'upon' a signed Attestation Form (deadline as late as 2027-10-01) plus a $50,000 incentive 'by November 30, 2026' for July-September 2026 reporting (Hospital Participation Agreement §§2-3); every payment 'fully contingent' on the Care Collaborative receiving RHT funds (§6).","§10.2 PASS_THROUGH_DESIGNATED NOT MET (session 95): intermediary YES (KDHE sub-award to the Care Collaborative); hospitals named YES; award made NOT SHOWN -- this is an ENROLMENT list, and the administrator will post a separate list of providers that 'have received' payments.","NOT AN AWARD (§0.3, §6.1 mode 3). Listed under the administrator's hospital heading; not typed here (Stage 5). Never in STATE_FILES.",EBP Program Participating Hospitals (9/18/2026),https://ruralhealthkansas.com/wp-content/uploads/2026/09/EBP-Program-Participating-Hospitals-9.18.2026.xlsx,data/evidence/KS/ebp/2026-10-07_ebp_participating_hospitals_2026-09-18.xlsx,ORG_WEBSITE
KS,67,Pawnee Valley Community Hospital,EBP Program Participating Hospitals (9/18/2026),"Evidence-Based Practice (EBP) Program, Kansas RHT Plan Initiative 4, Program 1",UKHS Care Collaborative Association,No,No,No,"Formula, not an award: $100,000 infrastructure payment 'upon' a signed Attestation Form (deadline as late as 2027-10-01) plus a $50,000 incentive 'by November 30, 2026' for July-September 2026 reporting (Hospital Participation Agreement §§2-3); every payment 'fully contingent' on the Care Collaborative receiving RHT funds (§6).","§10.2 PASS_THROUGH_DESIGNATED NOT MET (session 95): intermediary YES (KDHE sub-award to the Care Collaborative); hospitals named YES; award made NOT SHOWN -- this is an ENROLMENT list, and the administrator will post a separate list of providers that 'have received' payments.","NOT AN AWARD (§0.3, §6.1 mode 3). Listed under the administrator's hospital heading; not typed here (Stage 5). Never in STATE_FILES.",EBP Program Participating Hospitals (9/18/2026),https://ruralhealthkansas.com/wp-content/uploads/2026/09/EBP-Program-Participating-Hospitals-9.18.2026.xlsx,data/evidence/KS/ebp/2026-10-07_ebp_participating_hospitals_2026-09-18.xlsx,ORG_WEBSITE
KS,68,Phillips County Health Systems,EBP Program Participating Hospitals (9/18/2026),"Evidence-Based Practice (EBP) Program, Kansas RHT Plan Initiative 4, Program 1",UKHS Care Collaborative Association,No,No,No,"Formula, not an award: $100,000 infrastructure payment 'upon' a signed Attestation Form (deadline as late as 2027-10-01) plus a $50,000 incentive 'by November 30, 2026' for July-September 2026 reporting (Hospital Participation Agreement §§2-3); every payment 'fully contingent' on the Care Collaborative receiving RHT funds (§6).","§10.2 PASS_THROUGH_DESIGNATED NOT MET (session 95): intermediary YES (KDHE sub-award to the Care Collaborative); hospitals named YES; award made NOT SHOWN -- this is an ENROLMENT list, and the administrator will post a separate list of providers that 'have received' payments.","NOT AN AWARD (§0.3, §6.1 mode 3). Listed under the administrator's hospital heading; not typed here (Stage 5). Never in STATE_FILES.",EBP Program Participating Hospitals (9/18/2026),https://ruralhealthkansas.com/wp-content/uploads/2026/09/EBP-Program-Participating-Hospitals-9.18.2026.xlsx,data/evidence/KS/ebp/2026-10-07_ebp_participating_hospitals_2026-09-18.xlsx,ORG_WEBSITE
KS,69,Pratt Regional Medical Center (not w/ Pratt Fam Pract),EBP Program Participating Hospitals (9/18/2026),"Evidence-Based Practice (EBP) Program, Kansas RHT Plan Initiative 4, Program 1",UKHS Care Collaborative Association,No,No,No,"Formula, not an award: $100,000 infrastructure payment 'upon' a signed Attestation Form (deadline as late as 2027-10-01) plus a $50,000 incentive 'by November 30, 2026' for July-September 2026 reporting (Hospital Participation Agreement §§2-3); every payment 'fully contingent' on the Care Collaborative receiving RHT funds (§6).","§10.2 PASS_THROUGH_DESIGNATED NOT MET (session 95): intermediary YES (KDHE sub-award to the Care Collaborative); hospitals named YES; award made NOT SHOWN -- this is an ENROLMENT list, and the administrator will post a separate list of providers that 'have received' payments.","NOT AN AWARD (§0.3, §6.1 mode 3). Listed under the administrator's hospital heading; not typed here (Stage 5). Never in STATE_FILES.",EBP Program Participating Hospitals (9/18/2026),https://ruralhealthkansas.com/wp-content/uploads/2026/09/EBP-Program-Participating-Hospitals-9.18.2026.xlsx,data/evidence/KS/ebp/2026-10-07_ebp_participating_hospitals_2026-09-18.xlsx,ORG_WEBSITE
KS,70,Prime Healthcare Services - St. John Hospital,EBP Program Participating Hospitals (9/18/2026),"Evidence-Based Practice (EBP) Program, Kansas RHT Plan Initiative 4, Program 1",UKHS Care Collaborative Association,No,No,No,"Formula, not an award: $100,000 infrastructure payment 'upon' a signed Attestation Form (deadline as late as 2027-10-01) plus a $50,000 incentive 'by November 30, 2026' for July-September 2026 reporting (Hospital Participation Agreement §§2-3); every payment 'fully contingent' on the Care Collaborative receiving RHT funds (§6).","§10.2 PASS_THROUGH_DESIGNATED NOT MET (session 95): intermediary YES (KDHE sub-award to the Care Collaborative); hospitals named YES; award made NOT SHOWN -- this is an ENROLMENT list, and the administrator will post a separate list of providers that 'have received' payments.","NOT AN AWARD (§0.3, §6.1 mode 3). Listed under the administrator's hospital heading; not typed here (Stage 5). Never in STATE_FILES.",EBP Program Participating Hospitals (9/18/2026),https://ruralhealthkansas.com/wp-content/uploads/2026/09/EBP-Program-Participating-Hospitals-9.18.2026.xlsx,data/evidence/KS/ebp/2026-10-07_ebp_participating_hospitals_2026-09-18.xlsx,ORG_WEBSITE
KS,71,Rawlins County Health Center,EBP Program Participating Hospitals (9/18/2026),"Evidence-Based Practice (EBP) Program, Kansas RHT Plan Initiative 4, Program 1",UKHS Care Collaborative Association,No,No,No,"Formula, not an award: $100,000 infrastructure payment 'upon' a signed Attestation Form (deadline as late as 2027-10-01) plus a $50,000 incentive 'by November 30, 2026' for July-September 2026 reporting (Hospital Participation Agreement §§2-3); every payment 'fully contingent' on the Care Collaborative receiving RHT funds (§6).","§10.2 PASS_THROUGH_DESIGNATED NOT MET (session 95): intermediary YES (KDHE sub-award to the Care Collaborative); hospitals named YES; award made NOT SHOWN -- this is an ENROLMENT list, and the administrator will post a separate list of providers that 'have received' payments.","NOT AN AWARD (§0.3, §6.1 mode 3). Listed under the administrator's hospital heading; not typed here (Stage 5). Never in STATE_FILES.",EBP Program Participating Hospitals (9/18/2026),https://ruralhealthkansas.com/wp-content/uploads/2026/09/EBP-Program-Participating-Hospitals-9.18.2026.xlsx,data/evidence/KS/ebp/2026-10-07_ebp_participating_hospitals_2026-09-18.xlsx,ORG_WEBSITE
KS,72,Republic County Health Center,EBP Program Participating Hospitals (9/18/2026),"Evidence-Based Practice (EBP) Program, Kansas RHT Plan Initiative 4, Program 1",UKHS Care Collaborative Association,No,No,No,"Formula, not an award: $100,000 infrastructure payment 'upon' a signed Attestation Form (deadline as late as 2027-10-01) plus a $50,000 incentive 'by November 30, 2026' for July-September 2026 reporting (Hospital Participation Agreement §§2-3); every payment 'fully contingent' on the Care Collaborative receiving RHT funds (§6).","§10.2 PASS_THROUGH_DESIGNATED NOT MET (session 95): intermediary YES (KDHE sub-award to the Care Collaborative); hospitals named YES; award made NOT SHOWN -- this is an ENROLMENT list, and the administrator will post a separate list of providers that 'have received' payments.","NOT AN AWARD (§0.3, §6.1 mode 3). Listed under the administrator's hospital heading; not typed here (Stage 5). Never in STATE_FILES.",EBP Program Participating Hospitals (9/18/2026),https://ruralhealthkansas.com/wp-content/uploads/2026/09/EBP-Program-Participating-Hospitals-9.18.2026.xlsx,data/evidence/KS/ebp/2026-10-07_ebp_participating_hospitals_2026-09-18.xlsx,ORG_WEBSITE
KS,73,Rooks County Health Center,EBP Program Participating Hospitals (9/18/2026),"Evidence-Based Practice (EBP) Program, Kansas RHT Plan Initiative 4, Program 1",UKHS Care Collaborative Association,No,No,No,"Formula, not an award: $100,000 infrastructure payment 'upon' a signed Attestation Form (deadline as late as 2027-10-01) plus a $50,000 incentive 'by November 30, 2026' for July-September 2026 reporting (Hospital Participation Agreement §§2-3); every payment 'fully contingent' on the Care Collaborative receiving RHT funds (§6).","§10.2 PASS_THROUGH_DESIGNATED NOT MET (session 95): intermediary YES (KDHE sub-award to the Care Collaborative); hospitals named YES; award made NOT SHOWN -- this is an ENROLMENT list, and the administrator will post a separate list of providers that 'have received' payments.","NOT AN AWARD (§0.3, §6.1 mode 3). Listed under the administrator's hospital heading; not typed here (Stage 5). Never in STATE_FILES.",EBP Program Participating Hospitals (9/18/2026),https://ruralhealthkansas.com/wp-content/uploads/2026/09/EBP-Program-Participating-Hospitals-9.18.2026.xlsx,data/evidence/KS/ebp/2026-10-07_ebp_participating_hospitals_2026-09-18.xlsx,ORG_WEBSITE
KS,74,Rush County Memorial Hospital,EBP Program Participating Hospitals (9/18/2026),"Evidence-Based Practice (EBP) Program, Kansas RHT Plan Initiative 4, Program 1",UKHS Care Collaborative Association,No,No,No,"Formula, not an award: $100,000 infrastructure payment 'upon' a signed Attestation Form (deadline as late as 2027-10-01) plus a $50,000 incentive 'by November 30, 2026' for July-September 2026 reporting (Hospital Participation Agreement §§2-3); every payment 'fully contingent' on the Care Collaborative receiving RHT funds (§6).","§10.2 PASS_THROUGH_DESIGNATED NOT MET (session 95): intermediary YES (KDHE sub-award to the Care Collaborative); hospitals named YES; award made NOT SHOWN -- this is an ENROLMENT list, and the administrator will post a separate list of providers that 'have received' payments.","NOT AN AWARD (§0.3, §6.1 mode 3). Listed under the administrator's hospital heading; not typed here (Stage 5). Never in STATE_FILES.",EBP Program Participating Hospitals (9/18/2026),https://ruralhealthkansas.com/wp-content/uploads/2026/09/EBP-Program-Participating-Hospitals-9.18.2026.xlsx,data/evidence/KS/ebp/2026-10-07_ebp_participating_hospitals_2026-09-18.xlsx,ORG_WEBSITE
KS,75,Sabetha Community Hospital,EBP Program Participating Hospitals (9/18/2026),"Evidence-Based Practice (EBP) Program, Kansas RHT Plan Initiative 4, Program 1",UKHS Care Collaborative Association,No,No,No,"Formula, not an award: $100,000 infrastructure payment 'upon' a signed Attestation Form (deadline as late as 2027-10-01) plus a $50,000 incentive 'by November 30, 2026' for July-September 2026 reporting (Hospital Participation Agreement §§2-3); every payment 'fully contingent' on the Care Collaborative receiving RHT funds (§6).","§10.2 PASS_THROUGH_DESIGNATED NOT MET (session 95): intermediary YES (KDHE sub-award to the Care Collaborative); hospitals named YES; award made NOT SHOWN -- this is an ENROLMENT list, and the administrator will post a separate list of providers that 'have received' payments.","NOT AN AWARD (§0.3, §6.1 mode 3). Listed under the administrator's hospital heading; not typed here (Stage 5). Never in STATE_FILES.",EBP Program Participating Hospitals (9/18/2026),https://ruralhealthkansas.com/wp-content/uploads/2026/09/EBP-Program-Participating-Hospitals-9.18.2026.xlsx,data/evidence/KS/ebp/2026-10-07_ebp_participating_hospitals_2026-09-18.xlsx,ORG_WEBSITE
KS,76,Salina Regional Health Center,EBP Program Participating Hospitals (9/18/2026),"Evidence-Based Practice (EBP) Program, Kansas RHT Plan Initiative 4, Program 1",UKHS Care Collaborative Association,No,No,No,"Formula, not an award: $100,000 infrastructure payment 'upon' a signed Attestation Form (deadline as late as 2027-10-01) plus a $50,000 incentive 'by November 30, 2026' for July-September 2026 reporting (Hospital Participation Agreement §§2-3); every payment 'fully contingent' on the Care Collaborative receiving RHT funds (§6).","§10.2 PASS_THROUGH_DESIGNATED NOT MET (session 95): intermediary YES (KDHE sub-award to the Care Collaborative); hospitals named YES; award made NOT SHOWN -- this is an ENROLMENT list, and the administrator will post a separate list of providers that 'have received' payments.","NOT AN AWARD (§0.3, §6.1 mode 3). Listed under the administrator's hospital heading; not typed here (Stage 5). Never in STATE_FILES.",EBP Program Participating Hospitals (9/18/2026),https://ruralhealthkansas.com/wp-content/uploads/2026/09/EBP-Program-Participating-Hospitals-9.18.2026.xlsx,data/evidence/KS/ebp/2026-10-07_ebp_participating_hospitals_2026-09-18.xlsx,ORG_WEBSITE
KS,77,Satanta District Hospital,EBP Program Participating Hospitals (9/18/2026),"Evidence-Based Practice (EBP) Program, Kansas RHT Plan Initiative 4, Program 1",UKHS Care Collaborative Association,No,No,No,"Formula, not an award: $100,000 infrastructure payment 'upon' a signed Attestation Form (deadline as late as 2027-10-01) plus a $50,000 incentive 'by November 30, 2026' for July-September 2026 reporting (Hospital Participation Agreement §§2-3); every payment 'fully contingent' on the Care Collaborative receiving RHT funds (§6).","§10.2 PASS_THROUGH_DESIGNATED NOT MET (session 95): intermediary YES (KDHE sub-award to the Care Collaborative); hospitals named YES; award made NOT SHOWN -- this is an ENROLMENT list, and the administrator will post a separate list of providers that 'have received' payments.","NOT AN AWARD (§0.3, §6.1 mode 3). Listed under the administrator's hospital heading; not typed here (Stage 5). Never in STATE_FILES.",EBP Program Participating Hospitals (9/18/2026),https://ruralhealthkansas.com/wp-content/uploads/2026/09/EBP-Program-Participating-Hospitals-9.18.2026.xlsx,data/evidence/KS/ebp/2026-10-07_ebp_participating_hospitals_2026-09-18.xlsx,ORG_WEBSITE
KS,78,Scott County Hospital,EBP Program Participating Hospitals (9/18/2026),"Evidence-Based Practice (EBP) Program, Kansas RHT Plan Initiative 4, Program 1",UKHS Care Collaborative Association,No,No,No,"Formula, not an award: $100,000 infrastructure payment 'upon' a signed Attestation Form (deadline as late as 2027-10-01) plus a $50,000 incentive 'by November 30, 2026' for July-September 2026 reporting (Hospital Participation Agreement §§2-3); every payment 'fully contingent' on the Care Collaborative receiving RHT funds (§6).","§10.2 PASS_THROUGH_DESIGNATED NOT MET (session 95): intermediary YES (KDHE sub-award to the Care Collaborative); hospitals named YES; award made NOT SHOWN -- this is an ENROLMENT list, and the administrator will post a separate list of providers that 'have received' payments.","NOT AN AWARD (§0.3, §6.1 mode 3). Listed under the administrator's hospital heading; not typed here (Stage 5). Never in STATE_FILES.",EBP Program Participating Hospitals (9/18/2026),https://ruralhealthkansas.com/wp-content/uploads/2026/09/EBP-Program-Participating-Hospitals-9.18.2026.xlsx,data/evidence/KS/ebp/2026-10-07_ebp_participating_hospitals_2026-09-18.xlsx,ORG_WEBSITE
KS,79,Sedan City Hospital,EBP Program Participating Hospitals (9/18/2026),"Evidence-Based Practice (EBP) Program, Kansas RHT Plan Initiative 4, Program 1",UKHS Care Collaborative Association,No,No,No,"Formula, not an award: $100,000 infrastructure payment 'upon' a signed Attestation Form (deadline as late as 2027-10-01) plus a $50,000 incentive 'by November 30, 2026' for July-September 2026 reporting (Hospital Participation Agreement §§2-3); every payment 'fully contingent' on the Care Collaborative receiving RHT funds (§6).","§10.2 PASS_THROUGH_DESIGNATED NOT MET (session 95): intermediary YES (KDHE sub-award to the Care Collaborative); hospitals named YES; award made NOT SHOWN -- this is an ENROLMENT list, and the administrator will post a separate list of providers that 'have received' payments.","NOT AN AWARD (§0.3, §6.1 mode 3). Listed under the administrator's hospital heading; not typed here (Stage 5). Never in STATE_FILES.",EBP Program Participating Hospitals (9/18/2026),https://ruralhealthkansas.com/wp-content/uploads/2026/09/EBP-Program-Participating-Hospitals-9.18.2026.xlsx,data/evidence/KS/ebp/2026-10-07_ebp_participating_hospitals_2026-09-18.xlsx,ORG_WEBSITE
KS,80,Smith County Memorial Hospital,EBP Program Participating Hospitals (9/18/2026),"Evidence-Based Practice (EBP) Program, Kansas RHT Plan Initiative 4, Program 1",UKHS Care Collaborative Association,No,No,No,"Formula, not an award: $100,000 infrastructure payment 'upon' a signed Attestation Form (deadline as late as 2027-10-01) plus a $50,000 incentive 'by November 30, 2026' for July-September 2026 reporting (Hospital Participation Agreement §§2-3); every payment 'fully contingent' on the Care Collaborative receiving RHT funds (§6).","§10.2 PASS_THROUGH_DESIGNATED NOT MET (session 95): intermediary YES (KDHE sub-award to the Care Collaborative); hospitals named YES; award made NOT SHOWN -- this is an ENROLMENT list, and the administrator will post a separate list of providers that 'have received' payments.","NOT AN AWARD (§0.3, §6.1 mode 3). Listed under the administrator's hospital heading; not typed here (Stage 5). Never in STATE_FILES.",EBP Program Participating Hospitals (9/18/2026),https://ruralhealthkansas.com/wp-content/uploads/2026/09/EBP-Program-Participating-Hospitals-9.18.2026.xlsx,data/evidence/KS/ebp/2026-10-07_ebp_participating_hospitals_2026-09-18.xlsx,ORG_WEBSITE
KS,81,South Central Kansas Regional Medical Center-SCK Health,EBP Program Participating Hospitals (9/18/2026),"Evidence-Based Practice (EBP) Program, Kansas RHT Plan Initiative 4, Program 1",UKHS Care Collaborative Association,No,No,No,"Formula, not an award: $100,000 infrastructure payment 'upon' a signed Attestation Form (deadline as late as 2027-10-01) plus a $50,000 incentive 'by November 30, 2026' for July-September 2026 reporting (Hospital Participation Agreement §§2-3); every payment 'fully contingent' on the Care Collaborative receiving RHT funds (§6).","§10.2 PASS_THROUGH_DESIGNATED NOT MET (session 95): intermediary YES (KDHE sub-award to the Care Collaborative); hospitals named YES; award made NOT SHOWN -- this is an ENROLMENT list, and the administrator will post a separate list of providers that 'have received' payments.","NOT AN AWARD (§0.3, §6.1 mode 3). Listed under the administrator's hospital heading; not typed here (Stage 5). Never in STATE_FILES.",EBP Program Participating Hospitals (9/18/2026),https://ruralhealthkansas.com/wp-content/uploads/2026/09/EBP-Program-Participating-Hospitals-9.18.2026.xlsx,data/evidence/KS/ebp/2026-10-07_ebp_participating_hospitals_2026-09-18.xlsx,ORG_WEBSITE
KS,82,Southwest Medical Center,EBP Program Participating Hospitals (9/18/2026),"Evidence-Based Practice (EBP) Program, Kansas RHT Plan Initiative 4, Program 1",UKHS Care Collaborative Association,No,No,No,"Formula, not an award: $100,000 infrastructure payment 'upon' a signed Attestation Form (deadline as late as 2027-10-01) plus a $50,000 incentive 'by November 30, 2026' for July-September 2026 reporting (Hospital Participation Agreement §§2-3); every payment 'fully contingent' on the Care Collaborative receiving RHT funds (§6).","§10.2 PASS_THROUGH_DESIGNATED NOT MET (session 95): intermediary YES (KDHE sub-award to the Care Collaborative); hospitals named YES; award made NOT SHOWN -- this is an ENROLMENT list, and the administrator will post a separate list of providers that 'have received' payments.","NOT AN AWARD (§0.3, §6.1 mode 3). Listed under the administrator's hospital heading; not typed here (Stage 5). Never in STATE_FILES.",EBP Program Participating Hospitals (9/18/2026),https://ruralhealthkansas.com/wp-content/uploads/2026/09/EBP-Program-Participating-Hospitals-9.18.2026.xlsx,data/evidence/KS/ebp/2026-10-07_ebp_participating_hospitals_2026-09-18.xlsx,ORG_WEBSITE
KS,83,St. Luke Hospital and Living Center,EBP Program Participating Hospitals (9/18/2026),"Evidence-Based Practice (EBP) Program, Kansas RHT Plan Initiative 4, Program 1",UKHS Care Collaborative Association,No,No,No,"Formula, not an award: $100,000 infrastructure payment 'upon' a signed Attestation Form (deadline as late as 2027-10-01) plus a $50,000 incentive 'by November 30, 2026' for July-September 2026 reporting (Hospital Participation Agreement §§2-3); every payment 'fully contingent' on the Care Collaborative receiving RHT funds (§6).","§10.2 PASS_THROUGH_DESIGNATED NOT MET (session 95): intermediary YES (KDHE sub-award to the Care Collaborative); hospitals named YES; award made NOT SHOWN -- this is an ENROLMENT list, and the administrator will post a separate list of providers that 'have received' payments.","NOT AN AWARD (§0.3, §6.1 mode 3). Listed under the administrator's hospital heading; not typed here (Stage 5). Never in STATE_FILES.",EBP Program Participating Hospitals (9/18/2026),https://ruralhealthkansas.com/wp-content/uploads/2026/09/EBP-Program-Participating-Hospitals-9.18.2026.xlsx,data/evidence/KS/ebp/2026-10-07_ebp_participating_hospitals_2026-09-18.xlsx,ORG_WEBSITE
KS,84,Stafford County Hospital,EBP Program Participating Hospitals (9/18/2026),"Evidence-Based Practice (EBP) Program, Kansas RHT Plan Initiative 4, Program 1",UKHS Care Collaborative Association,No,No,No,"Formula, not an award: $100,000 infrastructure payment 'upon' a signed Attestation Form (deadline as late as 2027-10-01) plus a $50,000 incentive 'by November 30, 2026' for July-September 2026 reporting (Hospital Participation Agreement §§2-3); every payment 'fully contingent' on the Care Collaborative receiving RHT funds (§6).","§10.2 PASS_THROUGH_DESIGNATED NOT MET (session 95): intermediary YES (KDHE sub-award to the Care Collaborative); hospitals named YES; award made NOT SHOWN -- this is an ENROLMENT list, and the administrator will post a separate list of providers that 'have received' payments.","NOT AN AWARD (§0.3, §6.1 mode 3). Listed under the administrator's hospital heading; not typed here (Stage 5). Never in STATE_FILES.",EBP Program Participating Hospitals (9/18/2026),https://ruralhealthkansas.com/wp-content/uploads/2026/09/EBP-Program-Participating-Hospitals-9.18.2026.xlsx,data/evidence/KS/ebp/2026-10-07_ebp_participating_hospitals_2026-09-18.xlsx,ORG_WEBSITE
KS,85,Stanton County Hospital,EBP Program Participating Hospitals (9/18/2026),"Evidence-Based Practice (EBP) Program, Kansas RHT Plan Initiative 4, Program 1",UKHS Care Collaborative Association,No,No,No,"Formula, not an award: $100,000 infrastructure payment 'upon' a signed Attestation Form (deadline as late as 2027-10-01) plus a $50,000 incentive 'by November 30, 2026' for July-September 2026 reporting (Hospital Participation Agreement §§2-3); every payment 'fully contingent' on the Care Collaborative receiving RHT funds (§6).","§10.2 PASS_THROUGH_DESIGNATED NOT MET (session 95): intermediary YES (KDHE sub-award to the Care Collaborative); hospitals named YES; award made NOT SHOWN -- this is an ENROLMENT list, and the administrator will post a separate list of providers that 'have received' payments.","NOT AN AWARD (§0.3, §6.1 mode 3). Listed under the administrator's hospital heading; not typed here (Stage 5). Never in STATE_FILES.",EBP Program Participating Hospitals (9/18/2026),https://ruralhealthkansas.com/wp-content/uploads/2026/09/EBP-Program-Participating-Hospitals-9.18.2026.xlsx,data/evidence/KS/ebp/2026-10-07_ebp_participating_hospitals_2026-09-18.xlsx,ORG_WEBSITE
KS,86,Stevens County Hospital,EBP Program Participating Hospitals (9/18/2026),"Evidence-Based Practice (EBP) Program, Kansas RHT Plan Initiative 4, Program 1",UKHS Care Collaborative Association,No,No,No,"Formula, not an award: $100,000 infrastructure payment 'upon' a signed Attestation Form (deadline as late as 2027-10-01) plus a $50,000 incentive 'by November 30, 2026' for July-September 2026 reporting (Hospital Participation Agreement §§2-3); every payment 'fully contingent' on the Care Collaborative receiving RHT funds (§6).","§10.2 PASS_THROUGH_DESIGNATED NOT MET (session 95): intermediary YES (KDHE sub-award to the Care Collaborative); hospitals named YES; award made NOT SHOWN -- this is an ENROLMENT list, and the administrator will post a separate list of providers that 'have received' payments.","NOT AN AWARD (§0.3, §6.1 mode 3). Listed under the administrator's hospital heading; not typed here (Stage 5). Never in STATE_FILES.",EBP Program Participating Hospitals (9/18/2026),https://ruralhealthkansas.com/wp-content/uploads/2026/09/EBP-Program-Participating-Hospitals-9.18.2026.xlsx,data/evidence/KS/ebp/2026-10-07_ebp_participating_hospitals_2026-09-18.xlsx,ORG_WEBSITE
KS,87,Stormont Vail Health - Flint Hills Campus,EBP Program Participating Hospitals (9/18/2026),"Evidence-Based Practice (EBP) Program, Kansas RHT Plan Initiative 4, Program 1",UKHS Care Collaborative Association,No,No,No,"Formula, not an award: $100,000 infrastructure payment 'upon' a signed Attestation Form (deadline as late as 2027-10-01) plus a $50,000 incentive 'by November 30, 2026' for July-September 2026 reporting (Hospital Participation Agreement §§2-3); every payment 'fully contingent' on the Care Collaborative receiving RHT funds (§6).","§10.2 PASS_THROUGH_DESIGNATED NOT MET (session 95): intermediary YES (KDHE sub-award to the Care Collaborative); hospitals named YES; award made NOT SHOWN -- this is an ENROLMENT list, and the administrator will post a separate list of providers that 'have received' payments.","NOT AN AWARD (§0.3, §6.1 mode 3). Listed under the administrator's hospital heading; not typed here (Stage 5). Never in STATE_FILES.",EBP Program Participating Hospitals (9/18/2026),https://ruralhealthkansas.com/wp-content/uploads/2026/09/EBP-Program-Participating-Hospitals-9.18.2026.xlsx,data/evidence/KS/ebp/2026-10-07_ebp_participating_hospitals_2026-09-18.xlsx,ORG_WEBSITE
KS,88,Susan B Allen Memorial Hospital,EBP Program Participating Hospitals (9/18/2026),"Evidence-Based Practice (EBP) Program, Kansas RHT Plan Initiative 4, Program 1",UKHS Care Collaborative Association,No,No,No,"Formula, not an award: $100,000 infrastructure payment 'upon' a signed Attestation Form (deadline as late as 2027-10-01) plus a $50,000 incentive 'by November 30, 2026' for July-September 2026 reporting (Hospital Participation Agreement §§2-3); every payment 'fully contingent' on the Care Collaborative receiving RHT funds (§6).","§10.2 PASS_THROUGH_DESIGNATED NOT MET (session 95): intermediary YES (KDHE sub-award to the Care Collaborative); hospitals named YES; award made NOT SHOWN -- this is an ENROLMENT list, and the administrator will post a separate list of providers that 'have received' payments.","NOT AN AWARD (§0.3, §6.1 mode 3). Listed under the administrator's hospital heading; not typed here (Stage 5). Never in STATE_FILES.",EBP Program Participating Hospitals (9/18/2026),https://ruralhealthkansas.com/wp-content/uploads/2026/09/EBP-Program-Participating-Hospitals-9.18.2026.xlsx,data/evidence/KS/ebp/2026-10-07_ebp_participating_hospitals_2026-09-18.xlsx,ORG_WEBSITE
KS,89,Trego County-Lemke Memorial Hospital,EBP Program Participating Hospitals (9/18/2026),"Evidence-Based Practice (EBP) Program, Kansas RHT Plan Initiative 4, Program 1",UKHS Care Collaborative Association,No,No,No,"Formula, not an award: $100,000 infrastructure payment 'upon' a signed Attestation Form (deadline as late as 2027-10-01) plus a $50,000 incentive 'by November 30, 2026' for July-September 2026 reporting (Hospital Participation Agreement §§2-3); every payment 'fully contingent' on the Care Collaborative receiving RHT funds (§6).","§10.2 PASS_THROUGH_DESIGNATED NOT MET (session 95): intermediary YES (KDHE sub-award to the Care Collaborative); hospitals named YES; award made NOT SHOWN -- this is an ENROLMENT list, and the administrator will post a separate list of providers that 'have received' payments.","NOT AN AWARD (§0.3, §6.1 mode 3). Listed under the administrator's hospital heading; not typed here (Stage 5). Never in STATE_FILES.",EBP Program Participating Hospitals (9/18/2026),https://ruralhealthkansas.com/wp-content/uploads/2026/09/EBP-Program-Participating-Hospitals-9.18.2026.xlsx,data/evidence/KS/ebp/2026-10-07_ebp_participating_hospitals_2026-09-18.xlsx,ORG_WEBSITE
KS,90,University of Kansas Health System-Great Bend,EBP Program Participating Hospitals (9/18/2026),"Evidence-Based Practice (EBP) Program, Kansas RHT Plan Initiative 4, Program 1",UKHS Care Collaborative Association,No,No,No,"Formula, not an award: $100,000 infrastructure payment 'upon' a signed Attestation Form (deadline as late as 2027-10-01) plus a $50,000 incentive 'by November 30, 2026' for July-September 2026 reporting (Hospital Participation Agreement §§2-3); every payment 'fully contingent' on the Care Collaborative receiving RHT funds (§6).","§10.2 PASS_THROUGH_DESIGNATED NOT MET (session 95): intermediary YES (KDHE sub-award to the Care Collaborative); hospitals named YES; award made NOT SHOWN -- this is an ENROLMENT list, and the administrator will post a separate list of providers that 'have received' payments.","NOT AN AWARD (§0.3, §6.1 mode 3). Listed under the administrator's hospital heading; not typed here (Stage 5). Never in STATE_FILES.",EBP Program Participating Hospitals (9/18/2026),https://ruralhealthkansas.com/wp-content/uploads/2026/09/EBP-Program-Participating-Hospitals-9.18.2026.xlsx,data/evidence/KS/ebp/2026-10-07_ebp_participating_hospitals_2026-09-18.xlsx,ORG_WEBSITE
KS,91,Wamego Hospital Association,EBP Program Participating Hospitals (9/18/2026),"Evidence-Based Practice (EBP) Program, Kansas RHT Plan Initiative 4, Program 1",UKHS Care Collaborative Association,No,No,No,"Formula, not an award: $100,000 infrastructure payment 'upon' a signed Attestation Form (deadline as late as 2027-10-01) plus a $50,000 incentive 'by November 30, 2026' for July-September 2026 reporting (Hospital Participation Agreement §§2-3); every payment 'fully contingent' on the Care Collaborative receiving RHT funds (§6).","§10.2 PASS_THROUGH_DESIGNATED NOT MET (session 95): intermediary YES (KDHE sub-award to the Care Collaborative); hospitals named YES; award made NOT SHOWN -- this is an ENROLMENT list, and the administrator will post a separate list of providers that 'have received' payments.","NOT AN AWARD (§0.3, §6.1 mode 3). Listed under the administrator's hospital heading; not typed here (Stage 5). Never in STATE_FILES.",EBP Program Participating Hospitals (9/18/2026),https://ruralhealthkansas.com/wp-content/uploads/2026/09/EBP-Program-Participating-Hospitals-9.18.2026.xlsx,data/evidence/KS/ebp/2026-10-07_ebp_participating_hospitals_2026-09-18.xlsx,ORG_WEBSITE
KS,92,Washington County Hospital,EBP Program Participating Hospitals (9/18/2026),"Evidence-Based Practice (EBP) Program, Kansas RHT Plan Initiative 4, Program 1",UKHS Care Collaborative Association,No,No,No,"Formula, not an award: $100,000 infrastructure payment 'upon' a signed Attestation Form (deadline as late as 2027-10-01) plus a $50,000 incentive 'by November 30, 2026' for July-September 2026 reporting (Hospital Participation Agreement §§2-3); every payment 'fully contingent' on the Care Collaborative receiving RHT funds (§6).","§10.2 PASS_THROUGH_DESIGNATED NOT MET (session 95): intermediary YES (KDHE sub-award to the Care Collaborative); hospitals named YES; award made NOT SHOWN -- this is an ENROLMENT list, and the administrator will post a separate list of providers that 'have received' payments.","NOT AN AWARD (§0.3, §6.1 mode 3). Listed under the administrator's hospital heading; not typed here (Stage 5). Never in STATE_FILES.",EBP Program Participating Hospitals (9/18/2026),https://ruralhealthkansas.com/wp-content/uploads/2026/09/EBP-Program-Participating-Hospitals-9.18.2026.xlsx,data/evidence/KS/ebp/2026-10-07_ebp_participating_hospitals_2026-09-18.xlsx,ORG_WEBSITE
KS,93,Wichita County Health Center,EBP Program Participating Hospitals (9/18/2026),"Evidence-Based Practice (EBP) Program, Kansas RHT Plan Initiative 4, Program 1",UKHS Care Collaborative Association,No,No,No,"Formula, not an award: $100,000 infrastructure payment 'upon' a signed Attestation Form (deadline as late as 2027-10-01) plus a $50,000 incentive 'by November 30, 2026' for July-September 2026 reporting (Hospital Participation Agreement §§2-3); every payment 'fully contingent' on the Care Collaborative receiving RHT funds (§6).","§10.2 PASS_THROUGH_DESIGNATED NOT MET (session 95): intermediary YES (KDHE sub-award to the Care Collaborative); hospitals named YES; award made NOT SHOWN -- this is an ENROLMENT list, and the administrator will post a separate list of providers that 'have received' payments.","NOT AN AWARD (§0.3, §6.1 mode 3). Listed under the administrator's hospital heading; not typed here (Stage 5). Never in STATE_FILES.",EBP Program Participating Hospitals (9/18/2026),https://ruralhealthkansas.com/wp-content/uploads/2026/09/EBP-Program-Participating-Hospitals-9.18.2026.xlsx,data/evidence/KS/ebp/2026-10-07_ebp_participating_hospitals_2026-09-18.xlsx,ORG_WEBSITE
KS,94,Wilson Medical Center,EBP Program Participating Hospitals (9/18/2026),"Evidence-Based Practice (EBP) Program, Kansas RHT Plan Initiative 4, Program 1",UKHS Care Collaborative Association,No,No,No,"Formula, not an award: $100,000 infrastructure payment 'upon' a signed Attestation Form (deadline as late as 2027-10-01) plus a $50,000 incentive 'by November 30, 2026' for July-September 2026 reporting (Hospital Participation Agreement §§2-3); every payment 'fully contingent' on the Care Collaborative receiving RHT funds (§6).","§10.2 PASS_THROUGH_DESIGNATED NOT MET (session 95): intermediary YES (KDHE sub-award to the Care Collaborative); hospitals named YES; award made NOT SHOWN -- this is an ENROLMENT list, and the administrator will post a separate list of providers that 'have received' payments.","NOT AN AWARD (§0.3, §6.1 mode 3). Listed under the administrator's hospital heading; not typed here (Stage 5). Never in STATE_FILES.",EBP Program Participating Hospitals (9/18/2026),https://ruralhealthkansas.com/wp-content/uploads/2026/09/EBP-Program-Participating-Hospitals-9.18.2026.xlsx,data/evidence/KS/ebp/2026-10-07_ebp_participating_hospitals_2026-09-18.xlsx,ORG_WEBSITE
