state,row_no,awardee,amount,recipient_type,distributed_to_hospital,note,recipient_confirmed,amount_confirmed,fiscal_year,source_document_title,state_source_url,validation_source_type,extraction_method,validator,ccn,aha_id,rural_designation,reviewer,county,award_pool,row_in_pool,awardee_as_published,recipient_type_source,determination_confidence,flag_reason,budget_period,flow_type,hospital_benefiting,hospital_attribution,intermediary_name,determination_basis,amount_basis,round_amount,announcement_date,source_archive_path,basis_type,verified_by,verified_basis
MS,1,Singing River Services,397850,OTHER,No,To modernize aging technology that will strengthen operational sustainability and expand access to high-quality behavioral healthcare. [George County],Yes,Yes,FY2026 (Year 1),Governor Reeves Announces 167 Rural Health Transformation Program Awards Totaling More Than $104 Million,https://governorreeves.ms.gov/governor-reeves-announces-167-rural-health-transformation-program-awards-totaling-more-than-104-million/,GOVERNOR_PRESS_RELEASE,DIRECT_TEXT,R/03ak_ms_year1_awardees.R,NA,NA,NA,NA,George County,Rural Technology Grant (RTG),1,Singing River Services,"§8's STANDING FALLBACK. The Governor's release publishes a recipient, a county, an amount and a description of the WORK, and says NOTHING about the recipient's organisational form -- Kansas's, Maryland's, Nebraska's, Oklahoma's, Nevada's, Michigan's, Missouri's, Iowa's, North Carolina's, Arkansas's and Wyoming's shape a TWELFTH time. NOTHING WAS PROMOTED (§0.4): several of these read as FQHCs or physician practices to anyone who knows Mississippi, and reading them that way would be this pipeline asserting a form the state has not.",LOW,NA,Budget Period 1,NON_HOSPITAL,No,NOT_HOSPITAL,NA,"RECIPIENT TYPE DETERMINED (session 50): OTHER -- Mississippi regional community mental health centre. Basis (GENERAL_KNOWLEDGE): THE REGION 14 COMMUNITY MENTAL HEALTH CENTRE, NOT SINGING RIVER HEALTH SYSTEM. The hospital system of that name is in Jackson County; this awardee is in George County and is the regional CMHC. The shared stem is exactly the trap §2 exists for. Source: no citable source for the FORM; the answer is this project's own knowledge (§0.4, session 49 policy 3). flow unchanged: the re-type does not cross §10.2's DIRECT test. PRIOR BASIS, kept because §2.1 says a correction shows what moved: §10.2 -- the named recipient is not a hospital, so no hospital dollar is claimed. Where recipient_type is §8's standing fallback this is the CONSERVATIVE answer and the row is queued as MS_RECIPIENT_FORM_NOT_STATED: resolving it could only raise Mississippi's hospital figure, never lower it.","EXACT, per-recipient, and published by the Governor for every one of the 167 rows. The 167 sum to $104,115,146.80 against a stated $104,115,146 -- a $0.80 TRUNCATION of the cents, not a discrepancy (§8: both figures are the state's own and neither is corrected).",NA,2026-09-14,data/evidence/MS/2026-09-14_ms_governor_167_awards_ROSTER.html,GENERAL_KNOWLEDGE,session 50 unstated-form typing,"Mississippi regional community mental health centre. THE REGION 14 COMMUNITY MENTAL HEALTH CENTRE, NOT SINGING RIVER HEALTH SYSTEM. The hospital system of that name is in Jackson County; this awardee is in George County and is the regional CMHC. The shared stem is exactly the trap §2 exists for. Source: no citable source for the FORM; the answer is this project's own knowledge (§0.4, session 49 policy 3)"
MS,2,South Mississippi State Hospital,50000,HOSPITAL_OR_SYSTEM,Yes,"To replace an outdated and unreliable electronic door access system to better protect patients, staff and facility operations. [Lamar County]",Yes,Yes,FY2026 (Year 1),Governor Reeves Announces 167 Rural Health Transformation Program Awards Totaling More Than $104 Million,https://governorreeves.ms.gov/governor-reeves-announces-167-rural-health-transformation-program-awards-totaling-more-than-104-million/,GOVERNOR_PRESS_RELEASE,DIRECT_TEXT,R/03ak_ms_year1_awardees.R,NA,NA,NA,NA,Lamar County,Rural Technology Grant (RTG),2,South Mississippi State Hospital,DERIVED FROM THE RECIPIENT'S OWN NAME by rhtp_classify_recipient_type().,HIGH,NA,Budget Period 1,DIRECT,Yes,NAMED_HOSPITAL,NA,"§10.2 DIRECT -- the named recipient is itself a hospital or health system, so recipient identity IS the flow test and no description decides it (§0.3a). The award is ANNOUNCED, not intended: the Governor's release says 'today announced 167 awards', so recipient_confirmed and amount_confirmed are both Yes -- stronger than Arkansas's or Wyoming's intents.","EXACT, per-recipient, and published by the Governor for every one of the 167 rows. The 167 sum to $104,115,146.80 against a stated $104,115,146 -- a $0.80 TRUNCATION of the cents, not a discrepancy (§8: both figures are the state's own and neither is corrected).",NA,2026-09-14,data/evidence/MS/2026-09-14_ms_governor_167_awards_ROSTER.html,NA,NA,NA
MS,3,Region IV Mental Health Services,291707,OTHER,No,"To implement new technology tools that will improve documentation efficiency, automate eligibility verification and improve interoperability. [Alcorn County]",Yes,Yes,FY2026 (Year 1),Governor Reeves Announces 167 Rural Health Transformation Program Awards Totaling More Than $104 Million,https://governorreeves.ms.gov/governor-reeves-announces-167-rural-health-transformation-program-awards-totaling-more-than-104-million/,GOVERNOR_PRESS_RELEASE,DIRECT_TEXT,R/03ak_ms_year1_awardees.R,NA,NA,NA,NA,Alcorn County,Rural Technology Grant (RTG),3,Region IV Mental Health Services,"§8's STANDING FALLBACK. The Governor's release publishes a recipient, a county, an amount and a description of the WORK, and says NOTHING about the recipient's organisational form -- Kansas's, Maryland's, Nebraska's, Oklahoma's, Nevada's, Michigan's, Missouri's, Iowa's, North Carolina's, Arkansas's and Wyoming's shape a TWELFTH time. NOTHING WAS PROMOTED (§0.4): several of these read as FQHCs or physician practices to anyone who knows Mississippi, and reading them that way would be this pipeline asserting a form the state has not.",LOW,NA,Budget Period 1,NON_HOSPITAL,No,NOT_HOSPITAL,NA,"RECIPIENT TYPE DETERMINED (session 50): OTHER -- Mississippi regional community mental health centre. Basis (GENERAL_KNOWLEDGE): One of Mississippi's regional community mental health centres. Source: no citable source for the FORM; the answer is this project's own knowledge (§0.4, session 49 policy 3). flow unchanged: the re-type does not cross §10.2's DIRECT test. PRIOR BASIS, kept because §2.1 says a correction shows what moved: §10.2 -- the named recipient is not a hospital, so no hospital dollar is claimed. Where recipient_type is §8's standing fallback this is the CONSERVATIVE answer and the row is queued as MS_RECIPIENT_FORM_NOT_STATED: resolving it could only raise Mississippi's hospital figure, never lower it.","EXACT, per-recipient, and published by the Governor for every one of the 167 rows. The 167 sum to $104,115,146.80 against a stated $104,115,146 -- a $0.80 TRUNCATION of the cents, not a discrepancy (§8: both figures are the state's own and neither is corrected).",NA,2026-09-14,data/evidence/MS/2026-09-14_ms_governor_167_awards_ROSTER.html,GENERAL_KNOWLEDGE,session 50 unstated-form typing,"Mississippi regional community mental health centre. One of Mississippi's regional community mental health centres. Source: no citable source for the FORM; the answer is this project's own knowledge (§0.4, session 49 policy 3)"
MS,4,"Corinth Family Medical Center, PC",98702,HOSPITAL_OR_SYSTEM,Yes,"To modernize technology to create a secure, integrated and interoperable environment for rural health delivery. [Alcorn County]",Yes,Yes,FY2026 (Year 1),Governor Reeves Announces 167 Rural Health Transformation Program Awards Totaling More Than $104 Million,https://governorreeves.ms.gov/governor-reeves-announces-167-rural-health-transformation-program-awards-totaling-more-than-104-million/,GOVERNOR_PRESS_RELEASE,DIRECT_TEXT,R/03ak_ms_year1_awardees.R,NA,NA,NA,NA,Alcorn County,Rural Technology Grant (RTG),4,"Corinth Family Medical Center, PC",DERIVED FROM THE RECIPIENT'S OWN NAME by rhtp_classify_recipient_type().,HIGH,NA,Budget Period 1,DIRECT,Yes,NAMED_HOSPITAL,NA,"§10.2 DIRECT -- the named recipient is itself a hospital or health system, so recipient identity IS the flow test and no description decides it (§0.3a). The award is ANNOUNCED, not intended: the Governor's release says 'today announced 167 awards', so recipient_confirmed and amount_confirmed are both Yes -- stronger than Arkansas's or Wyoming's intents.","EXACT, per-recipient, and published by the Governor for every one of the 167 rows. The 167 sum to $104,115,146.80 against a stated $104,115,146 -- a $0.80 TRUNCATION of the cents, not a discrepancy (§8: both figures are the state's own and neither is corrected).",NA,2026-09-14,data/evidence/MS/2026-09-14_ms_governor_167_awards_ROSTER.html,NA,NA,NA
MS,5,Kinder Mind,124700,OTHER,No,"To update technology across three outpatient clinics including upgraded workstations, self-check-in kiosks, collaboration technology and workflow software. [Jackson County]",Yes,Yes,FY2026 (Year 1),Governor Reeves Announces 167 Rural Health Transformation Program Awards Totaling More Than $104 Million,https://governorreeves.ms.gov/governor-reeves-announces-167-rural-health-transformation-program-awards-totaling-more-than-104-million/,GOVERNOR_PRESS_RELEASE,DIRECT_TEXT,R/03ak_ms_year1_awardees.R,NA,NA,NA,NA,Jackson County,Rural Technology Grant (RTG),5,Kinder Mind,"§8's STANDING FALLBACK. The Governor's release publishes a recipient, a county, an amount and a description of the WORK, and says NOTHING about the recipient's organisational form -- Kansas's, Maryland's, Nebraska's, Oklahoma's, Nevada's, Michigan's, Missouri's, Iowa's, North Carolina's, Arkansas's and Wyoming's shape a TWELFTH time. NOTHING WAS PROMOTED (§0.4): several of these read as FQHCs or physician practices to anyone who knows Mississippi, and reading them that way would be this pipeline asserting a form the state has not.",LOW,NA,Budget Period 1,NON_HOSPITAL,No,NOT_HOSPITAL,NA,"RECIPIENT TYPE DETERMINED (session 50): OTHER -- outpatient behavioural health practice. Basis (GENERAL_KNOWLEDGE): An outpatient behavioural health practice. Source: no citable source for the FORM; the answer is this project's own knowledge (§0.4, session 49 policy 3). flow unchanged: the re-type does not cross §10.2's DIRECT test. PRIOR BASIS, kept because §2.1 says a correction shows what moved: §10.2 -- the named recipient is not a hospital, so no hospital dollar is claimed. Where recipient_type is §8's standing fallback this is the CONSERVATIVE answer and the row is queued as MS_RECIPIENT_FORM_NOT_STATED: resolving it could only raise Mississippi's hospital figure, never lower it.","EXACT, per-recipient, and published by the Governor for every one of the 167 rows. The 167 sum to $104,115,146.80 against a stated $104,115,146 -- a $0.80 TRUNCATION of the cents, not a discrepancy (§8: both figures are the state's own and neither is corrected).",NA,2026-09-14,data/evidence/MS/2026-09-14_ms_governor_167_awards_ROSTER.html,GENERAL_KNOWLEDGE,session 50 unstated-form typing,"outpatient behavioural health practice. An outpatient behavioural health practice. Source: no citable source for the FORM; the answer is this project's own knowledge (§0.4, session 49 policy 3)"
MS,6,"Hattiesburg Clinic, P.A.",46101,PHYSICIAN_PRACTICE,No,"To add a tertiary cellular wireless wide-area network (WAN) connection at 67 rural satellite clinics that will preserve electronic health records access, strengthen infrastructure resilience and cybersecurity, and maintain rural continuity during fiber disruptions. [Forrest County]",Yes,Yes,FY2026 (Year 1),Governor Reeves Announces 167 Rural Health Transformation Program Awards Totaling More Than $104 Million,https://governorreeves.ms.gov/governor-reeves-announces-167-rural-health-transformation-program-awards-totaling-more-than-104-million/,GOVERNOR_PRESS_RELEASE,DIRECT_TEXT,R/03ak_ms_year1_awardees.R,NA,NA,NA,NA,Forrest County,Rural Technology Grant (RTG),6,"Hattiesburg Clinic, P.A.","§8's STANDING FALLBACK. The Governor's release publishes a recipient, a county, an amount and a description of the WORK, and says NOTHING about the recipient's organisational form -- Kansas's, Maryland's, Nebraska's, Oklahoma's, Nevada's, Michigan's, Missouri's, Iowa's, North Carolina's, Arkansas's and Wyoming's shape a TWELFTH time. NOTHING WAS PROMOTED (§0.4): several of these read as FQHCs or physician practices to anyone who knows Mississippi, and reading them that way would be this pipeline asserting a form the state has not.",LOW,NA,Budget Period 1,NON_HOSPITAL,No,NOT_HOSPITAL,NA,"RECIPIENT TYPE DETERMINED (session 50): PHYSICIAN_PRACTICE -- multispecialty physician group (professional association). Basis (GENERAL_KNOWLEDGE): A physician-owned multispecialty group practice; the 'P.A.' in the awardee string is Mississippi's professional-association form for a physician practice. Source: no citable source for the FORM; the answer is this project's own knowledge (§0.4, session 49 policy 3). flow unchanged: the re-type does not cross §10.2's DIRECT test. PRIOR BASIS, kept because §2.1 says a correction shows what moved: §10.2 -- the named recipient is not a hospital, so no hospital dollar is claimed. Where recipient_type is §8's standing fallback this is the CONSERVATIVE answer and the row is queued as MS_RECIPIENT_FORM_NOT_STATED: resolving it could only raise Mississippi's hospital figure, never lower it.","EXACT, per-recipient, and published by the Governor for every one of the 167 rows. The 167 sum to $104,115,146.80 against a stated $104,115,146 -- a $0.80 TRUNCATION of the cents, not a discrepancy (§8: both figures are the state's own and neither is corrected).",NA,2026-09-14,data/evidence/MS/2026-09-14_ms_governor_167_awards_ROSTER.html,GENERAL_KNOWLEDGE,session 50 unstated-form typing,"multispecialty physician group (professional association). A physician-owned multispecialty group practice; the 'P.A.' in the awardee string is Mississippi's professional-association form for a physician practice. Source: no citable source for the FORM; the answer is this project's own knowledge (§0.4, session 49 policy 3)"
MS,7,Region 8 Mental Health,292650,OTHER,No,"To replace six disconnected phone systems with unified cloud-hosted VoIP platform and standardize fragmented access control and video surveillance systems with centralized, secure and more reliable technology. [Lincoln County]",Yes,Yes,FY2026 (Year 1),Governor Reeves Announces 167 Rural Health Transformation Program Awards Totaling More Than $104 Million,https://governorreeves.ms.gov/governor-reeves-announces-167-rural-health-transformation-program-awards-totaling-more-than-104-million/,GOVERNOR_PRESS_RELEASE,DIRECT_TEXT,R/03ak_ms_year1_awardees.R,NA,NA,NA,NA,Lincoln County,Rural Technology Grant (RTG),7,Region 8 Mental Health,"§8's STANDING FALLBACK. The Governor's release publishes a recipient, a county, an amount and a description of the WORK, and says NOTHING about the recipient's organisational form -- Kansas's, Maryland's, Nebraska's, Oklahoma's, Nevada's, Michigan's, Missouri's, Iowa's, North Carolina's, Arkansas's and Wyoming's shape a TWELFTH time. NOTHING WAS PROMOTED (§0.4): several of these read as FQHCs or physician practices to anyone who knows Mississippi, and reading them that way would be this pipeline asserting a form the state has not.",LOW,NA,Budget Period 1,NON_HOSPITAL,No,NOT_HOSPITAL,NA,"RECIPIENT TYPE DETERMINED (session 50): OTHER -- Mississippi regional community mental health centre. Basis (GENERAL_KNOWLEDGE): One of Mississippi's regional community mental health centres, established as a regional commission of its member counties. §8 carries no code for a CMHC; it is not a hospital, and it is not the awarding agency, so STATE_AGENCY would misdescribe it. Source: no citable source for the FORM; the answer is this project's own knowledge (§0.4, session 49 policy 3). flow unchanged: the re-type does not cross §10.2's DIRECT test. PRIOR BASIS, kept because §2.1 says a correction shows what moved: §10.2 -- the named recipient is not a hospital, so no hospital dollar is claimed. Where recipient_type is §8's standing fallback this is the CONSERVATIVE answer and the row is queued as MS_RECIPIENT_FORM_NOT_STATED: resolving it could only raise Mississippi's hospital figure, never lower it.","EXACT, per-recipient, and published by the Governor for every one of the 167 rows. The 167 sum to $104,115,146.80 against a stated $104,115,146 -- a $0.80 TRUNCATION of the cents, not a discrepancy (§8: both figures are the state's own and neither is corrected).",NA,2026-09-14,data/evidence/MS/2026-09-14_ms_governor_167_awards_ROSTER.html,GENERAL_KNOWLEDGE,session 50 unstated-form typing,"Mississippi regional community mental health centre. One of Mississippi's regional community mental health centres, established as a regional commission of its member counties. §8 carries no code for a CMHC; it is not a hospital, and it is not the awarding agency, so STATE_AGENCY would misdescribe it. Source: no citable source for the FORM; the answer is this project's own knowledge (§0.4, session 49 policy 3)"
MS,8,"Hattiesburg Clinic, P.A.",537094,PHYSICIAN_PRACTICE,No,"To deploy ambient AI documentation to approximately 500 providers across its multispecialty network to reduce documentation burden, provider burnout and after-hours charting. [Forrest County]",Yes,Yes,FY2026 (Year 1),Governor Reeves Announces 167 Rural Health Transformation Program Awards Totaling More Than $104 Million,https://governorreeves.ms.gov/governor-reeves-announces-167-rural-health-transformation-program-awards-totaling-more-than-104-million/,GOVERNOR_PRESS_RELEASE,DIRECT_TEXT,R/03ak_ms_year1_awardees.R,NA,NA,NA,NA,Forrest County,Rural Technology Grant (RTG),8,"Hattiesburg Clinic, P.A.","§8's STANDING FALLBACK. The Governor's release publishes a recipient, a county, an amount and a description of the WORK, and says NOTHING about the recipient's organisational form -- Kansas's, Maryland's, Nebraska's, Oklahoma's, Nevada's, Michigan's, Missouri's, Iowa's, North Carolina's, Arkansas's and Wyoming's shape a TWELFTH time. NOTHING WAS PROMOTED (§0.4): several of these read as FQHCs or physician practices to anyone who knows Mississippi, and reading them that way would be this pipeline asserting a form the state has not.",LOW,NA,Budget Period 1,NON_HOSPITAL,No,NOT_HOSPITAL,NA,"RECIPIENT TYPE DETERMINED (session 50): PHYSICIAN_PRACTICE -- multispecialty physician group (professional association). Basis (GENERAL_KNOWLEDGE): A physician-owned multispecialty group practice; the 'P.A.' in the awardee string is Mississippi's professional-association form for a physician practice. Source: no citable source for the FORM; the answer is this project's own knowledge (§0.4, session 49 policy 3). flow unchanged: the re-type does not cross §10.2's DIRECT test. PRIOR BASIS, kept because §2.1 says a correction shows what moved: §10.2 -- the named recipient is not a hospital, so no hospital dollar is claimed. Where recipient_type is §8's standing fallback this is the CONSERVATIVE answer and the row is queued as MS_RECIPIENT_FORM_NOT_STATED: resolving it could only raise Mississippi's hospital figure, never lower it.","EXACT, per-recipient, and published by the Governor for every one of the 167 rows. The 167 sum to $104,115,146.80 against a stated $104,115,146 -- a $0.80 TRUNCATION of the cents, not a discrepancy (§8: both figures are the state's own and neither is corrected).",NA,2026-09-14,data/evidence/MS/2026-09-14_ms_governor_167_awards_ROSTER.html,GENERAL_KNOWLEDGE,session 50 unstated-form typing,"multispecialty physician group (professional association). A physician-owned multispecialty group practice; the 'P.A.' in the awardee string is Mississippi's professional-association form for a physician practice. Source: no citable source for the FORM; the answer is this project's own knowledge (§0.4, session 49 policy 3)"
MS,9,"Sidhu Pediatrics, LLC",375000,PHYSICIAN_PRACTICE,No,"To implement modern pediatric electronic health records with AI-enabled clinical documentation, patient engagement tools and population health capabilities. [Desoto County]",Yes,Yes,FY2026 (Year 1),Governor Reeves Announces 167 Rural Health Transformation Program Awards Totaling More Than $104 Million,https://governorreeves.ms.gov/governor-reeves-announces-167-rural-health-transformation-program-awards-totaling-more-than-104-million/,GOVERNOR_PRESS_RELEASE,DIRECT_TEXT,R/03ak_ms_year1_awardees.R,NA,NA,NA,NA,Desoto County,Rural Technology Grant (RTG),9,"Sidhu Pediatrics, LLC",DERIVED FROM THE RECIPIENT'S OWN NAME by rhtp_classify_recipient_type().,MEDIUM,NA,Budget Period 1,NON_HOSPITAL,No,NOT_HOSPITAL,NA,"§10.2 -- the named recipient is not a hospital, so no hospital dollar is claimed. Where recipient_type is §8's standing fallback this is the CONSERVATIVE answer and the row is queued as MS_RECIPIENT_FORM_NOT_STATED: resolving it could only raise Mississippi's hospital figure, never lower it.","EXACT, per-recipient, and published by the Governor for every one of the 167 rows. The 167 sum to $104,115,146.80 against a stated $104,115,146 -- a $0.80 TRUNCATION of the cents, not a discrepancy (§8: both figures are the state's own and neither is corrected).",NA,2026-09-14,data/evidence/MS/2026-09-14_ms_governor_167_awards_ROSTER.html,NA,NA,NA
MS,10,"Hattiesburg Clinic, P.A.",52868,PHYSICIAN_PRACTICE,No,"To add AI-native email and browser threat detection layer beyond its existing secure email gateway which will help identify sophisticated attacks such as business email compromise, lookalike-domain fraud, QR-code phishing and malicious links that traditional gateway tools may miss. [Forrest County]",Yes,Yes,FY2026 (Year 1),Governor Reeves Announces 167 Rural Health Transformation Program Awards Totaling More Than $104 Million,https://governorreeves.ms.gov/governor-reeves-announces-167-rural-health-transformation-program-awards-totaling-more-than-104-million/,GOVERNOR_PRESS_RELEASE,DIRECT_TEXT,R/03ak_ms_year1_awardees.R,NA,NA,NA,NA,Forrest County,Rural Technology Grant (RTG),10,"Hattiesburg Clinic, P.A.","§8's STANDING FALLBACK. The Governor's release publishes a recipient, a county, an amount and a description of the WORK, and says NOTHING about the recipient's organisational form -- Kansas's, Maryland's, Nebraska's, Oklahoma's, Nevada's, Michigan's, Missouri's, Iowa's, North Carolina's, Arkansas's and Wyoming's shape a TWELFTH time. NOTHING WAS PROMOTED (§0.4): several of these read as FQHCs or physician practices to anyone who knows Mississippi, and reading them that way would be this pipeline asserting a form the state has not.",LOW,NA,Budget Period 1,NON_HOSPITAL,No,NOT_HOSPITAL,NA,"RECIPIENT TYPE DETERMINED (session 50): PHYSICIAN_PRACTICE -- multispecialty physician group (professional association). Basis (GENERAL_KNOWLEDGE): A physician-owned multispecialty group practice; the 'P.A.' in the awardee string is Mississippi's professional-association form for a physician practice. Source: no citable source for the FORM; the answer is this project's own knowledge (§0.4, session 49 policy 3). flow unchanged: the re-type does not cross §10.2's DIRECT test. PRIOR BASIS, kept because §2.1 says a correction shows what moved: §10.2 -- the named recipient is not a hospital, so no hospital dollar is claimed. Where recipient_type is §8's standing fallback this is the CONSERVATIVE answer and the row is queued as MS_RECIPIENT_FORM_NOT_STATED: resolving it could only raise Mississippi's hospital figure, never lower it.","EXACT, per-recipient, and published by the Governor for every one of the 167 rows. The 167 sum to $104,115,146.80 against a stated $104,115,146 -- a $0.80 TRUNCATION of the cents, not a discrepancy (§8: both figures are the state's own and neither is corrected).",NA,2026-09-14,data/evidence/MS/2026-09-14_ms_governor_167_awards_ROSTER.html,GENERAL_KNOWLEDGE,session 50 unstated-form typing,"multispecialty physician group (professional association). A physician-owned multispecialty group practice; the 'P.A.' in the awardee string is Mississippi's professional-association form for a physician practice. Source: no citable source for the FORM; the answer is this project's own knowledge (§0.4, session 49 policy 3)"
MS,11,Gulf Coast Outpatient Surgery Center,25103,OTHER,No,"To upgrade an automated medication dispensing system and badge security access control system which will improve medication accountability, patient safety and physical security. [Harrison County]",Yes,Yes,FY2026 (Year 1),Governor Reeves Announces 167 Rural Health Transformation Program Awards Totaling More Than $104 Million,https://governorreeves.ms.gov/governor-reeves-announces-167-rural-health-transformation-program-awards-totaling-more-than-104-million/,GOVERNOR_PRESS_RELEASE,DIRECT_TEXT,R/03ak_ms_year1_awardees.R,NA,NA,NA,NA,Harrison County,Rural Technology Grant (RTG),11,Gulf Coast Outpatient Surgery Center,"§8's STANDING FALLBACK. The Governor's release publishes a recipient, a county, an amount and a description of the WORK, and says NOTHING about the recipient's organisational form -- Kansas's, Maryland's, Nebraska's, Oklahoma's, Nevada's, Michigan's, Missouri's, Iowa's, North Carolina's, Arkansas's and Wyoming's shape a TWELFTH time. NOTHING WAS PROMOTED (§0.4): several of these read as FQHCs or physician practices to anyone who knows Mississippi, and reading them that way would be this pipeline asserting a form the state has not.",LOW,NA,Budget Period 1,NON_HOSPITAL,No,NOT_HOSPITAL,NA,"RECIPIENT TYPE DETERMINED (session 50): OTHER -- ambulatory surgery centre. Basis (GENERAL_KNOWLEDGE): An ambulatory surgery centre. An ASC is a Medicare provider type distinct from a hospital and §8 carries no code for it. Source: no citable source for the FORM; the answer is this project's own knowledge (§0.4, session 49 policy 3). flow unchanged: the re-type does not cross §10.2's DIRECT test. PRIOR BASIS, kept because §2.1 says a correction shows what moved: §10.2 -- the named recipient is not a hospital, so no hospital dollar is claimed. Where recipient_type is §8's standing fallback this is the CONSERVATIVE answer and the row is queued as MS_RECIPIENT_FORM_NOT_STATED: resolving it could only raise Mississippi's hospital figure, never lower it.","EXACT, per-recipient, and published by the Governor for every one of the 167 rows. The 167 sum to $104,115,146.80 against a stated $104,115,146 -- a $0.80 TRUNCATION of the cents, not a discrepancy (§8: both figures are the state's own and neither is corrected).",NA,2026-09-14,data/evidence/MS/2026-09-14_ms_governor_167_awards_ROSTER.html,GENERAL_KNOWLEDGE,session 50 unstated-form typing,"ambulatory surgery centre. An ambulatory surgery centre. An ASC is a Medicare provider type distinct from a hospital and §8 carries no code for it. Source: no citable source for the FORM; the answer is this project's own knowledge (§0.4, session 49 policy 3)"
MS,12,"Hattiesburg Clinic, P.A.",330200,PHYSICIAN_PRACTICE,No,"To establish a physically segregated, air gapped recovery environment with immutable storage, dedicated identity controls and malware scanning. [Forrest County]",Yes,Yes,FY2026 (Year 1),Governor Reeves Announces 167 Rural Health Transformation Program Awards Totaling More Than $104 Million,https://governorreeves.ms.gov/governor-reeves-announces-167-rural-health-transformation-program-awards-totaling-more-than-104-million/,GOVERNOR_PRESS_RELEASE,DIRECT_TEXT,R/03ak_ms_year1_awardees.R,NA,NA,NA,NA,Forrest County,Rural Technology Grant (RTG),12,"Hattiesburg Clinic, P.A.","§8's STANDING FALLBACK. The Governor's release publishes a recipient, a county, an amount and a description of the WORK, and says NOTHING about the recipient's organisational form -- Kansas's, Maryland's, Nebraska's, Oklahoma's, Nevada's, Michigan's, Missouri's, Iowa's, North Carolina's, Arkansas's and Wyoming's shape a TWELFTH time. NOTHING WAS PROMOTED (§0.4): several of these read as FQHCs or physician practices to anyone who knows Mississippi, and reading them that way would be this pipeline asserting a form the state has not.",LOW,NA,Budget Period 1,NON_HOSPITAL,No,NOT_HOSPITAL,NA,"RECIPIENT TYPE DETERMINED (session 50): PHYSICIAN_PRACTICE -- multispecialty physician group (professional association). Basis (GENERAL_KNOWLEDGE): A physician-owned multispecialty group practice; the 'P.A.' in the awardee string is Mississippi's professional-association form for a physician practice. Source: no citable source for the FORM; the answer is this project's own knowledge (§0.4, session 49 policy 3). flow unchanged: the re-type does not cross §10.2's DIRECT test. PRIOR BASIS, kept because §2.1 says a correction shows what moved: §10.2 -- the named recipient is not a hospital, so no hospital dollar is claimed. Where recipient_type is §8's standing fallback this is the CONSERVATIVE answer and the row is queued as MS_RECIPIENT_FORM_NOT_STATED: resolving it could only raise Mississippi's hospital figure, never lower it.","EXACT, per-recipient, and published by the Governor for every one of the 167 rows. The 167 sum to $104,115,146.80 against a stated $104,115,146 -- a $0.80 TRUNCATION of the cents, not a discrepancy (§8: both figures are the state's own and neither is corrected).",NA,2026-09-14,data/evidence/MS/2026-09-14_ms_governor_167_awards_ROSTER.html,GENERAL_KNOWLEDGE,session 50 unstated-form typing,"multispecialty physician group (professional association). A physician-owned multispecialty group practice; the 'P.A.' in the awardee string is Mississippi's professional-association form for a physician practice. Source: no citable source for the FORM; the answer is this project's own knowledge (§0.4, session 49 policy 3)"
MS,13,Mississippi Children's Home Society dba Canopy Children's Solutions,320250,NONPROFIT_CBO,No,"To design a modern enterprise data infrastructure that will support interoperability by creating an enterprise data strategy, governance framework and a phased roadmap to strengthen long-term infrastructure to better serve 14,000 children across 82 counties. [Hinds County]",Yes,Yes,FY2026 (Year 1),Governor Reeves Announces 167 Rural Health Transformation Program Awards Totaling More Than $104 Million,https://governorreeves.ms.gov/governor-reeves-announces-167-rural-health-transformation-program-awards-totaling-more-than-104-million/,GOVERNOR_PRESS_RELEASE,DIRECT_TEXT,R/03ak_ms_year1_awardees.R,NA,NA,NA,NA,Hinds County,Rural Technology Grant (RTG),13,Mississippi Children's Home Society dba Canopy Children's Solutions,"§8's STANDING FALLBACK. The Governor's release publishes a recipient, a county, an amount and a description of the WORK, and says NOTHING about the recipient's organisational form -- Kansas's, Maryland's, Nebraska's, Oklahoma's, Nevada's, Michigan's, Missouri's, Iowa's, North Carolina's, Arkansas's and Wyoming's shape a TWELFTH time. NOTHING WAS PROMOTED (§0.4): several of these read as FQHCs or physician practices to anyone who knows Mississippi, and reading them that way would be this pipeline asserting a form the state has not.",LOW,NA,Budget Period 1,NON_HOSPITAL,No,NOT_HOSPITAL,NA,"RECIPIENT TYPE DETERMINED (session 50): NONPROFIT_CBO -- community-based nonprofit (children's behavioural health and welfare). Basis (GENERAL_KNOWLEDGE): A statewide children's nonprofit trading as Canopy Children's Solutions. Determined, not inferred. Source: no citable source for the FORM; the answer is this project's own knowledge (§0.4, session 49 policy 3). flow unchanged: the re-type does not cross §10.2's DIRECT test. PRIOR BASIS, kept because §2.1 says a correction shows what moved: §10.2 -- the named recipient is not a hospital, so no hospital dollar is claimed. Where recipient_type is §8's standing fallback this is the CONSERVATIVE answer and the row is queued as MS_RECIPIENT_FORM_NOT_STATED: resolving it could only raise Mississippi's hospital figure, never lower it.","EXACT, per-recipient, and published by the Governor for every one of the 167 rows. The 167 sum to $104,115,146.80 against a stated $104,115,146 -- a $0.80 TRUNCATION of the cents, not a discrepancy (§8: both figures are the state's own and neither is corrected).",NA,2026-09-14,data/evidence/MS/2026-09-14_ms_governor_167_awards_ROSTER.html,GENERAL_KNOWLEDGE,session 50 unstated-form typing,"community-based nonprofit (children's behavioural health and welfare). A statewide children's nonprofit trading as Canopy Children's Solutions. Determined, not inferred. Source: no citable source for the FORM; the answer is this project's own knowledge (§0.4, session 49 policy 3)"
MS,14,"Hattiesburg Clinic, P.A.",343282,PHYSICIAN_PRACTICE,No,"To install current-generation high-availability firewalls with advanced threat protection, URL filtering and full implementation services to store supported perimeter security, reduce HIPAA and cybersecurity risk and protect care delivery across more than 60 ambulatory sites. [Forrest County]",Yes,Yes,FY2026 (Year 1),Governor Reeves Announces 167 Rural Health Transformation Program Awards Totaling More Than $104 Million,https://governorreeves.ms.gov/governor-reeves-announces-167-rural-health-transformation-program-awards-totaling-more-than-104-million/,GOVERNOR_PRESS_RELEASE,DIRECT_TEXT,R/03ak_ms_year1_awardees.R,NA,NA,NA,NA,Forrest County,Rural Technology Grant (RTG),14,"Hattiesburg Clinic, P.A.","§8's STANDING FALLBACK. The Governor's release publishes a recipient, a county, an amount and a description of the WORK, and says NOTHING about the recipient's organisational form -- Kansas's, Maryland's, Nebraska's, Oklahoma's, Nevada's, Michigan's, Missouri's, Iowa's, North Carolina's, Arkansas's and Wyoming's shape a TWELFTH time. NOTHING WAS PROMOTED (§0.4): several of these read as FQHCs or physician practices to anyone who knows Mississippi, and reading them that way would be this pipeline asserting a form the state has not.",LOW,NA,Budget Period 1,NON_HOSPITAL,No,NOT_HOSPITAL,NA,"RECIPIENT TYPE DETERMINED (session 50): PHYSICIAN_PRACTICE -- multispecialty physician group (professional association). Basis (GENERAL_KNOWLEDGE): A physician-owned multispecialty group practice; the 'P.A.' in the awardee string is Mississippi's professional-association form for a physician practice. Source: no citable source for the FORM; the answer is this project's own knowledge (§0.4, session 49 policy 3). flow unchanged: the re-type does not cross §10.2's DIRECT test. PRIOR BASIS, kept because §2.1 says a correction shows what moved: §10.2 -- the named recipient is not a hospital, so no hospital dollar is claimed. Where recipient_type is §8's standing fallback this is the CONSERVATIVE answer and the row is queued as MS_RECIPIENT_FORM_NOT_STATED: resolving it could only raise Mississippi's hospital figure, never lower it.","EXACT, per-recipient, and published by the Governor for every one of the 167 rows. The 167 sum to $104,115,146.80 against a stated $104,115,146 -- a $0.80 TRUNCATION of the cents, not a discrepancy (§8: both figures are the state's own and neither is corrected).",NA,2026-09-14,data/evidence/MS/2026-09-14_ms_governor_167_awards_ROSTER.html,GENERAL_KNOWLEDGE,session 50 unstated-form typing,"multispecialty physician group (professional association). A physician-owned multispecialty group practice; the 'P.A.' in the awardee string is Mississippi's professional-association form for a physician practice. Source: no citable source for the FORM; the answer is this project's own knowledge (§0.4, session 49 policy 3)"
MS,15,Preventive Care MD,378000,PHYSICIAN_PRACTICE,No,"To implement a secure, one-click interoperability solution that retrieves complete patient records for referring rural electronic health records and integrate those records into the Center’s surgical platform. [Jackson County]",Yes,Yes,FY2026 (Year 1),Governor Reeves Announces 167 Rural Health Transformation Program Awards Totaling More Than $104 Million,https://governorreeves.ms.gov/governor-reeves-announces-167-rural-health-transformation-program-awards-totaling-more-than-104-million/,GOVERNOR_PRESS_RELEASE,DIRECT_TEXT,R/03ak_ms_year1_awardees.R,NA,NA,NA,NA,Jackson County,Rural Technology Grant (RTG),15,Preventive Care MD,"§8's STANDING FALLBACK. The Governor's release publishes a recipient, a county, an amount and a description of the WORK, and says NOTHING about the recipient's organisational form -- Kansas's, Maryland's, Nebraska's, Oklahoma's, Nevada's, Michigan's, Missouri's, Iowa's, North Carolina's, Arkansas's and Wyoming's shape a TWELFTH time. NOTHING WAS PROMOTED (§0.4): several of these read as FQHCs or physician practices to anyone who knows Mississippi, and reading them that way would be this pipeline asserting a form the state has not.",LOW,NA,Budget Period 1,NON_HOSPITAL,No,NOT_HOSPITAL,NA,"RECIPIENT TYPE DETERMINED (session 50): PHYSICIAN_PRACTICE -- physician practice. Basis (GENERAL_KNOWLEDGE): A primary-care practice operating rural sites on the Gulf Coast. Source: no citable source for the FORM; the answer is this project's own knowledge (§0.4, session 49 policy 3). flow unchanged: the re-type does not cross §10.2's DIRECT test. PRIOR BASIS, kept because §2.1 says a correction shows what moved: §10.2 -- the named recipient is not a hospital, so no hospital dollar is claimed. Where recipient_type is §8's standing fallback this is the CONSERVATIVE answer and the row is queued as MS_RECIPIENT_FORM_NOT_STATED: resolving it could only raise Mississippi's hospital figure, never lower it.","EXACT, per-recipient, and published by the Governor for every one of the 167 rows. The 167 sum to $104,115,146.80 against a stated $104,115,146 -- a $0.80 TRUNCATION of the cents, not a discrepancy (§8: both figures are the state's own and neither is corrected).",NA,2026-09-14,data/evidence/MS/2026-09-14_ms_governor_167_awards_ROSTER.html,GENERAL_KNOWLEDGE,session 50 unstated-form typing,"physician practice. A primary-care practice operating rural sites on the Gulf Coast. Source: no citable source for the FORM; the answer is this project's own knowledge (§0.4, session 49 policy 3)"
MS,16,Memorial Health System,650000,HOSPITAL_OR_SYSTEM,Yes,"To support the Mobile Health Bridge program that combines remote patient monitoring tools with in-home visits by community paramedics and a transitional care nurse. Enables real-time biometric tracking, physical assessments, point-of-care testing and digital documentation in patients’ homes. [Harrison County]",Yes,Yes,FY2026 (Year 1),Governor Reeves Announces 167 Rural Health Transformation Program Awards Totaling More Than $104 Million,https://governorreeves.ms.gov/governor-reeves-announces-167-rural-health-transformation-program-awards-totaling-more-than-104-million/,GOVERNOR_PRESS_RELEASE,DIRECT_TEXT,R/03ak_ms_year1_awardees.R,NA,NA,NA,NA,Harrison County,Rural Technology Grant (RTG),16,Memorial Health System,DERIVED FROM THE RECIPIENT'S OWN NAME by rhtp_classify_recipient_type().,MEDIUM,NA,Budget Period 1,DIRECT,Yes,NAMED_HOSPITAL,NA,"§10.2 DIRECT -- the named recipient is itself a hospital or health system, so recipient identity IS the flow test and no description decides it (§0.3a). The award is ANNOUNCED, not intended: the Governor's release says 'today announced 167 awards', so recipient_confirmed and amount_confirmed are both Yes -- stronger than Arkansas's or Wyoming's intents.","EXACT, per-recipient, and published by the Governor for every one of the 167 rows. The 167 sum to $104,115,146.80 against a stated $104,115,146 -- a $0.80 TRUNCATION of the cents, not a discrepancy (§8: both figures are the state's own and neither is corrected).",NA,2026-09-14,data/evidence/MS/2026-09-14_ms_governor_167_awards_ROSTER.html,NA,NA,NA
MS,17,"Family Health Center, Inc.",750000,FQHC_OR_RHC,No,"To upgrade servers, networks, endpoint devices, cybersecurity, identity and access management and backup and disaster recovery capabilities to reduce downtime, improve reliability and better protect patient information. [Jones County]",Yes,Yes,FY2026 (Year 1),Governor Reeves Announces 167 Rural Health Transformation Program Awards Totaling More Than $104 Million,https://governorreeves.ms.gov/governor-reeves-announces-167-rural-health-transformation-program-awards-totaling-more-than-104-million/,GOVERNOR_PRESS_RELEASE,DIRECT_TEXT,R/03ak_ms_year1_awardees.R,NA,NA,NA,NA,Jones County,Rural Technology Grant (RTG),17,"Family Health Center, Inc.","§8's STANDING FALLBACK. The Governor's release publishes a recipient, a county, an amount and a description of the WORK, and says NOTHING about the recipient's organisational form -- Kansas's, Maryland's, Nebraska's, Oklahoma's, Nevada's, Michigan's, Missouri's, Iowa's, North Carolina's, Arkansas's and Wyoming's shape a TWELFTH time. NOTHING WAS PROMOTED (§0.4): several of these read as FQHCs or physician practices to anyone who knows Mississippi, and reading them that way would be this pipeline asserting a form the state has not.",MEDIUM,NA,Budget Period 1,NON_HOSPITAL,No,NOT_HOSPITAL,NA,"RECIPIENT TYPE DETERMINED (session 50): FQHC_OR_RHC -- federally qualified health center. Basis (ORG_WEBSITE): CMS FQHC Enrollments carries 'FAMILY HEALTH CENTER, INC' against CCNs 251067 (Waynesboro), 251835 (Laurel), 251899 (Sandersville). Award county is Jones. Source: https://data.cms.gov/data-api/v1/dataset/4bcae866-3411-439a-b762-90a6187c194b/data (FQHC Enrollments, 2026-07-17). flow unchanged: the re-type does not cross §10.2's DIRECT test. PRIOR BASIS, kept because §2.1 says a correction shows what moved: §10.2 -- the named recipient is not a hospital, so no hospital dollar is claimed. Where recipient_type is §8's standing fallback this is the CONSERVATIVE answer and the row is queued as MS_RECIPIENT_FORM_NOT_STATED: resolving it could only raise Mississippi's hospital figure, never lower it.","EXACT, per-recipient, and published by the Governor for every one of the 167 rows. The 167 sum to $104,115,146.80 against a stated $104,115,146 -- a $0.80 TRUNCATION of the cents, not a discrepancy (§8: both figures are the state's own and neither is corrected).",NA,2026-09-14,data/evidence/MS/2026-09-14_ms_governor_167_awards_ROSTER.html,ORG_WEBSITE,session 50 unstated-form typing,"federally qualified health center. CMS FQHC Enrollments carries 'FAMILY HEALTH CENTER, INC' against CCNs 251067 (Waynesboro), 251835 (Laurel), 251899 (Sandersville). Award county is Jones. Source: https://data.cms.gov/data-api/v1/dataset/4bcae866-3411-439a-b762-90a6187c194b/data (FQHC Enrollments, 2026-07-17)"
MS,18,Metabolic Medicine of Mississippi,76230,PHYSICIAN_PRACTICE,No,"To modernize the clinic’s technology to include digital intake tablets, ambient listening tools for automated documentation, exam-room technology upgrades to increase patient capacity, improve efficiency and patient experience and help the clinic’s limited specialist workforce serve more rural patients effectively. [Hinds County]",Yes,Yes,FY2026 (Year 1),Governor Reeves Announces 167 Rural Health Transformation Program Awards Totaling More Than $104 Million,https://governorreeves.ms.gov/governor-reeves-announces-167-rural-health-transformation-program-awards-totaling-more-than-104-million/,GOVERNOR_PRESS_RELEASE,DIRECT_TEXT,R/03ak_ms_year1_awardees.R,NA,NA,NA,NA,Hinds County,Rural Technology Grant (RTG),18,Metabolic Medicine of Mississippi,"§8's STANDING FALLBACK. The Governor's release publishes a recipient, a county, an amount and a description of the WORK, and says NOTHING about the recipient's organisational form -- Kansas's, Maryland's, Nebraska's, Oklahoma's, Nevada's, Michigan's, Missouri's, Iowa's, North Carolina's, Arkansas's and Wyoming's shape a TWELFTH time. NOTHING WAS PROMOTED (§0.4): several of these read as FQHCs or physician practices to anyone who knows Mississippi, and reading them that way would be this pipeline asserting a form the state has not.",LOW,NA,Budget Period 1,NON_HOSPITAL,No,NOT_HOSPITAL,NA,"RECIPIENT TYPE DETERMINED (session 50): PHYSICIAN_PRACTICE -- physician practice. Basis (GENERAL_KNOWLEDGE): A single-specialty clinical practice. Source: no citable source for the FORM; the answer is this project's own knowledge (§0.4, session 49 policy 3). flow unchanged: the re-type does not cross §10.2's DIRECT test. PRIOR BASIS, kept because §2.1 says a correction shows what moved: §10.2 -- the named recipient is not a hospital, so no hospital dollar is claimed. Where recipient_type is §8's standing fallback this is the CONSERVATIVE answer and the row is queued as MS_RECIPIENT_FORM_NOT_STATED: resolving it could only raise Mississippi's hospital figure, never lower it.","EXACT, per-recipient, and published by the Governor for every one of the 167 rows. The 167 sum to $104,115,146.80 against a stated $104,115,146 -- a $0.80 TRUNCATION of the cents, not a discrepancy (§8: both figures are the state's own and neither is corrected).",NA,2026-09-14,data/evidence/MS/2026-09-14_ms_governor_167_awards_ROSTER.html,GENERAL_KNOWLEDGE,session 50 unstated-form typing,"physician practice. A single-specialty clinical practice. Source: no citable source for the FORM; the answer is this project's own knowledge (§0.4, session 49 policy 3)"
MS,19,"Lampton Medical Associates, P. A.",2009435,PHYSICIAN_PRACTICE,No,"To modernize electronic medical records for 50 rural Mississippi healthcare practices. This will help rural providers meet new CMS interoperability and prior authorization requirements by adding enhanced tools to reduce manual and fax-based processes, improve care coordination and data exchange and support faster, more informed patient care across rural communities. [Pike County]",Yes,Yes,FY2026 (Year 1),Governor Reeves Announces 167 Rural Health Transformation Program Awards Totaling More Than $104 Million,https://governorreeves.ms.gov/governor-reeves-announces-167-rural-health-transformation-program-awards-totaling-more-than-104-million/,GOVERNOR_PRESS_RELEASE,DIRECT_TEXT,R/03ak_ms_year1_awardees.R,NA,NA,NA,NA,Pike County,Rural Technology Grant (RTG),19,"Lampton Medical Associates, P. A.","§8's STANDING FALLBACK. The Governor's release publishes a recipient, a county, an amount and a description of the WORK, and says NOTHING about the recipient's organisational form -- Kansas's, Maryland's, Nebraska's, Oklahoma's, Nevada's, Michigan's, Missouri's, Iowa's, North Carolina's, Arkansas's and Wyoming's shape a TWELFTH time. NOTHING WAS PROMOTED (§0.4): several of these read as FQHCs or physician practices to anyone who knows Mississippi, and reading them that way would be this pipeline asserting a form the state has not.",LOW,NA,Budget Period 1,NON_HOSPITAL,No,NOT_HOSPITAL,NA,"RECIPIENT TYPE DETERMINED (session 50): PHYSICIAN_PRACTICE -- physician practice (professional association). Basis (GENERAL_KNOWLEDGE): A physician practice; 'Medical Associates ... P. A.' is the professional-association form. Source: no citable source for the FORM; the answer is this project's own knowledge (§0.4, session 49 policy 3). flow unchanged: the re-type does not cross §10.2's DIRECT test. PRIOR BASIS, kept because §2.1 says a correction shows what moved: §10.2 -- the named recipient is not a hospital, so no hospital dollar is claimed. Where recipient_type is §8's standing fallback this is the CONSERVATIVE answer and the row is queued as MS_RECIPIENT_FORM_NOT_STATED: resolving it could only raise Mississippi's hospital figure, never lower it.","EXACT, per-recipient, and published by the Governor for every one of the 167 rows. The 167 sum to $104,115,146.80 against a stated $104,115,146 -- a $0.80 TRUNCATION of the cents, not a discrepancy (§8: both figures are the state's own and neither is corrected).",NA,2026-09-14,data/evidence/MS/2026-09-14_ms_governor_167_awards_ROSTER.html,GENERAL_KNOWLEDGE,session 50 unstated-form typing,"physician practice (professional association). A physician practice; 'Medical Associates ... P. A.' is the professional-association form. Source: no citable source for the FORM; the answer is this project's own knowledge (§0.4, session 49 policy 3)"
MS,20,Preventive Care MD,700000,PHYSICIAN_PRACTICE,No,"To modernize the Ocean Springs primary care hub, strengthen cybersecurity and establish three new rural sites, creating a secure four-site network. [Jackson County]",Yes,Yes,FY2026 (Year 1),Governor Reeves Announces 167 Rural Health Transformation Program Awards Totaling More Than $104 Million,https://governorreeves.ms.gov/governor-reeves-announces-167-rural-health-transformation-program-awards-totaling-more-than-104-million/,GOVERNOR_PRESS_RELEASE,DIRECT_TEXT,R/03ak_ms_year1_awardees.R,NA,NA,NA,NA,Jackson County,Rural Technology Grant (RTG),20,Preventive Care MD,"§8's STANDING FALLBACK. The Governor's release publishes a recipient, a county, an amount and a description of the WORK, and says NOTHING about the recipient's organisational form -- Kansas's, Maryland's, Nebraska's, Oklahoma's, Nevada's, Michigan's, Missouri's, Iowa's, North Carolina's, Arkansas's and Wyoming's shape a TWELFTH time. NOTHING WAS PROMOTED (§0.4): several of these read as FQHCs or physician practices to anyone who knows Mississippi, and reading them that way would be this pipeline asserting a form the state has not.",LOW,NA,Budget Period 1,NON_HOSPITAL,No,NOT_HOSPITAL,NA,"RECIPIENT TYPE DETERMINED (session 50): PHYSICIAN_PRACTICE -- physician practice. Basis (GENERAL_KNOWLEDGE): A primary-care practice operating rural sites on the Gulf Coast. Source: no citable source for the FORM; the answer is this project's own knowledge (§0.4, session 49 policy 3). flow unchanged: the re-type does not cross §10.2's DIRECT test. PRIOR BASIS, kept because §2.1 says a correction shows what moved: §10.2 -- the named recipient is not a hospital, so no hospital dollar is claimed. Where recipient_type is §8's standing fallback this is the CONSERVATIVE answer and the row is queued as MS_RECIPIENT_FORM_NOT_STATED: resolving it could only raise Mississippi's hospital figure, never lower it.","EXACT, per-recipient, and published by the Governor for every one of the 167 rows. The 167 sum to $104,115,146.80 against a stated $104,115,146 -- a $0.80 TRUNCATION of the cents, not a discrepancy (§8: both figures are the state's own and neither is corrected).",NA,2026-09-14,data/evidence/MS/2026-09-14_ms_governor_167_awards_ROSTER.html,GENERAL_KNOWLEDGE,session 50 unstated-form typing,"physician practice. A primary-care practice operating rural sites on the Gulf Coast. Source: no citable source for the FORM; the answer is this project's own knowledge (§0.4, session 49 policy 3)"
MS,21,"Southeast Mississippi Rural Health Initiative, Inc",469792,FQHC_OR_RHC,No,"To modernize clinical technology by replacing endpoint devices and redesigning its deployment strategy to improve efficiency, cybersecurity and long-term sustainability. [Perry County]",Yes,Yes,FY2026 (Year 1),Governor Reeves Announces 167 Rural Health Transformation Program Awards Totaling More Than $104 Million,https://governorreeves.ms.gov/governor-reeves-announces-167-rural-health-transformation-program-awards-totaling-more-than-104-million/,GOVERNOR_PRESS_RELEASE,DIRECT_TEXT,R/03ak_ms_year1_awardees.R,NA,NA,NA,NA,Perry County,Rural Technology Grant (RTG),21,"Southeast Mississippi Rural Health Initiative, Inc","§8's STANDING FALLBACK. The Governor's release publishes a recipient, a county, an amount and a description of the WORK, and says NOTHING about the recipient's organisational form -- Kansas's, Maryland's, Nebraska's, Oklahoma's, Nevada's, Michigan's, Missouri's, Iowa's, North Carolina's, Arkansas's and Wyoming's shape a TWELFTH time. NOTHING WAS PROMOTED (§0.4): several of these read as FQHCs or physician practices to anyone who knows Mississippi, and reading them that way would be this pipeline asserting a form the state has not.",MEDIUM,NA,Budget Period 1,NON_HOSPITAL,No,NOT_HOSPITAL,NA,"RECIPIENT TYPE DETERMINED (session 50): FQHC_OR_RHC -- federally qualified health center. Basis (ORG_WEBSITE): CMS FQHC Enrollments carries 'SOUTHEAST MISSISSIPPI RURAL HEALTH INITIATIVE, INC.' against many Mississippi FQHC CCNs. Source: https://data.cms.gov/data-api/v1/dataset/4bcae866-3411-439a-b762-90a6187c194b/data (FQHC Enrollments, 2026-07-17). flow unchanged: the re-type does not cross §10.2's DIRECT test. PRIOR BASIS, kept because §2.1 says a correction shows what moved: §10.2 -- the named recipient is not a hospital, so no hospital dollar is claimed. Where recipient_type is §8's standing fallback this is the CONSERVATIVE answer and the row is queued as MS_RECIPIENT_FORM_NOT_STATED: resolving it could only raise Mississippi's hospital figure, never lower it.","EXACT, per-recipient, and published by the Governor for every one of the 167 rows. The 167 sum to $104,115,146.80 against a stated $104,115,146 -- a $0.80 TRUNCATION of the cents, not a discrepancy (§8: both figures are the state's own and neither is corrected).",NA,2026-09-14,data/evidence/MS/2026-09-14_ms_governor_167_awards_ROSTER.html,ORG_WEBSITE,session 50 unstated-form typing,"federally qualified health center. CMS FQHC Enrollments carries 'SOUTHEAST MISSISSIPPI RURAL HEALTH INITIATIVE, INC.' against many Mississippi FQHC CCNs. Source: https://data.cms.gov/data-api/v1/dataset/4bcae866-3411-439a-b762-90a6187c194b/data (FQHC Enrollments, 2026-07-17)"
MS,22,Mission Primary Care Clinic PLLC,23116,PHYSICIAN_PRACTICE,No,"To replace outdated computers with 15 laptops with docking stations and 15 desktops to ensure reliable compatibility with clinic’s electronic health records system, telehealth platform, billing and other essential healthcare systems. [Warren County]",Yes,Yes,FY2026 (Year 1),Governor Reeves Announces 167 Rural Health Transformation Program Awards Totaling More Than $104 Million,https://governorreeves.ms.gov/governor-reeves-announces-167-rural-health-transformation-program-awards-totaling-more-than-104-million/,GOVERNOR_PRESS_RELEASE,DIRECT_TEXT,R/03ak_ms_year1_awardees.R,NA,NA,NA,NA,Warren County,Rural Technology Grant (RTG),22,Mission Primary Care Clinic PLLC,"§8's STANDING FALLBACK. The Governor's release publishes a recipient, a county, an amount and a description of the WORK, and says NOTHING about the recipient's organisational form -- Kansas's, Maryland's, Nebraska's, Oklahoma's, Nevada's, Michigan's, Missouri's, Iowa's, North Carolina's, Arkansas's and Wyoming's shape a TWELFTH time. NOTHING WAS PROMOTED (§0.4): several of these read as FQHCs or physician practices to anyone who knows Mississippi, and reading them that way would be this pipeline asserting a form the state has not.",LOW,NA,Budget Period 1,NON_HOSPITAL,No,NOT_HOSPITAL,NA,"RECIPIENT TYPE DETERMINED (session 50): PHYSICIAN_PRACTICE -- physician practice (PLLC). Basis (GENERAL_KNOWLEDGE): A primary-care practice organised as a professional limited liability company. Source: no citable source for the FORM; the answer is this project's own knowledge (§0.4, session 49 policy 3). flow unchanged: the re-type does not cross §10.2's DIRECT test. PRIOR BASIS, kept because §2.1 says a correction shows what moved: §10.2 -- the named recipient is not a hospital, so no hospital dollar is claimed. Where recipient_type is §8's standing fallback this is the CONSERVATIVE answer and the row is queued as MS_RECIPIENT_FORM_NOT_STATED: resolving it could only raise Mississippi's hospital figure, never lower it.","EXACT, per-recipient, and published by the Governor for every one of the 167 rows. The 167 sum to $104,115,146.80 against a stated $104,115,146 -- a $0.80 TRUNCATION of the cents, not a discrepancy (§8: both figures are the state's own and neither is corrected).",NA,2026-09-14,data/evidence/MS/2026-09-14_ms_governor_167_awards_ROSTER.html,GENERAL_KNOWLEDGE,session 50 unstated-form typing,"physician practice (PLLC). A primary-care practice organised as a professional limited liability company. Source: no citable source for the FORM; the answer is this project's own knowledge (§0.4, session 49 policy 3)"
MS,23,Magee Benevolent Association,825000,HOSPITAL_OR_SYSTEM,Yes,"To modernize critical IT infrastructure, which will replace outdated network, server, storage, backup and endpoint systems, add 24/7 security information and event management monitoring and implement a hospital-wide security camera system to strengthen both cyber and physical security. [Simpson County]",Yes,Yes,FY2026 (Year 1),Governor Reeves Announces 167 Rural Health Transformation Program Awards Totaling More Than $104 Million,https://governorreeves.ms.gov/governor-reeves-announces-167-rural-health-transformation-program-awards-totaling-more-than-104-million/,GOVERNOR_PRESS_RELEASE,DIRECT_TEXT,R/03ak_ms_year1_awardees.R,NA,NA,NA,NA,Simpson County,Rural Technology Grant (RTG),23,Magee Benevolent Association,"§8's STANDING FALLBACK. The Governor's release publishes a recipient, a county, an amount and a description of the WORK, and says NOTHING about the recipient's organisational form -- Kansas's, Maryland's, Nebraska's, Oklahoma's, Nevada's, Michigan's, Missouri's, Iowa's, North Carolina's, Arkansas's and Wyoming's shape a TWELFTH time. NOTHING WAS PROMOTED (§0.4): several of these read as FQHCs or physician practices to anyone who knows Mississippi, and reading them that way would be this pipeline asserting a form the state has not.",MEDIUM,NA,Budget Period 1,DIRECT,Yes,NAMED_HOSPITAL,NA,"RECIPIENT TYPE DETERMINED (session 50): HOSPITAL_OR_SYSTEM -- acute care hospital (Magee General Hospital, CCN 250124). Basis (ORG_WEBSITE): CMS Hospital Enrollments carries ORGANIZATION NAME 'MAGEE BENEVOLENT ASSOCIATION', Magee MS (Simpson County), against CCN 250124. The awardee string is the hospital's own legal name and the award's county matches. Source: https://data.cms.gov/provider-data/dataset/xubh-q36u (Hospital Enrollments, 2026-07-31). flow re-run: §10.2 re-applied because the re-type crosses the DIRECT test. PRIOR BASIS, kept because §2.1 says a correction shows what moved: §10.2 -- the named recipient is not a hospital, so no hospital dollar is claimed. Where recipient_type is §8's standing fallback this is the CONSERVATIVE answer and the row is queued as MS_RECIPIENT_FORM_NOT_STATED: resolving it could only raise Mississippi's hospital figure, never lower it.","EXACT, per-recipient, and published by the Governor for every one of the 167 rows. The 167 sum to $104,115,146.80 against a stated $104,115,146 -- a $0.80 TRUNCATION of the cents, not a discrepancy (§8: both figures are the state's own and neither is corrected).",NA,2026-09-14,data/evidence/MS/2026-09-14_ms_governor_167_awards_ROSTER.html,ORG_WEBSITE,session 50 unstated-form typing,"acute care hospital (Magee General Hospital, CCN 250124). CMS Hospital Enrollments carries ORGANIZATION NAME 'MAGEE BENEVOLENT ASSOCIATION', Magee MS (Simpson County), against CCN 250124. The awardee string is the hospital's own legal name and the award's county matches. Source: https://data.cms.gov/provider-data/dataset/xubh-q36u (Hospital Enrollments, 2026-07-31)"
MS,24,"The Greenville Clinic, PA",16727,PHYSICIAN_PRACTICE,No,"To purchase Diagnostic Cardiology Suite software and three compatible laptops to expand EKG capacity, improve integration with electronic health records system and reduce turnaround times for test results. [Washington County]",Yes,Yes,FY2026 (Year 1),Governor Reeves Announces 167 Rural Health Transformation Program Awards Totaling More Than $104 Million,https://governorreeves.ms.gov/governor-reeves-announces-167-rural-health-transformation-program-awards-totaling-more-than-104-million/,GOVERNOR_PRESS_RELEASE,DIRECT_TEXT,R/03ak_ms_year1_awardees.R,NA,NA,NA,NA,Washington County,Rural Technology Grant (RTG),24,"The Greenville Clinic, PA","§8's STANDING FALLBACK. The Governor's release publishes a recipient, a county, an amount and a description of the WORK, and says NOTHING about the recipient's organisational form -- Kansas's, Maryland's, Nebraska's, Oklahoma's, Nevada's, Michigan's, Missouri's, Iowa's, North Carolina's, Arkansas's and Wyoming's shape a TWELFTH time. NOTHING WAS PROMOTED (§0.4): several of these read as FQHCs or physician practices to anyone who knows Mississippi, and reading them that way would be this pipeline asserting a form the state has not.",LOW,NA,Budget Period 1,NON_HOSPITAL,No,NOT_HOSPITAL,NA,"RECIPIENT TYPE DETERMINED (session 50): PHYSICIAN_PRACTICE -- physician practice (professional association). Basis (GENERAL_KNOWLEDGE): A physician practice organised as a professional association. Source: no citable source for the FORM; the answer is this project's own knowledge (§0.4, session 49 policy 3). flow unchanged: the re-type does not cross §10.2's DIRECT test. PRIOR BASIS, kept because §2.1 says a correction shows what moved: §10.2 -- the named recipient is not a hospital, so no hospital dollar is claimed. Where recipient_type is §8's standing fallback this is the CONSERVATIVE answer and the row is queued as MS_RECIPIENT_FORM_NOT_STATED: resolving it could only raise Mississippi's hospital figure, never lower it.","EXACT, per-recipient, and published by the Governor for every one of the 167 rows. The 167 sum to $104,115,146.80 against a stated $104,115,146 -- a $0.80 TRUNCATION of the cents, not a discrepancy (§8: both figures are the state's own and neither is corrected).",NA,2026-09-14,data/evidence/MS/2026-09-14_ms_governor_167_awards_ROSTER.html,GENERAL_KNOWLEDGE,session 50 unstated-form typing,"physician practice (professional association). A physician practice organised as a professional association. Source: no citable source for the FORM; the answer is this project's own knowledge (§0.4, session 49 policy 3)"
MS,25,Medical Associates of Vicksburg,73164,PHYSICIAN_PRACTICE,No,"To modernize technology by purchasing laptops, which will replace outdated desktops to improve operational efficiency, support staff mobility and strengthen data security. [Warren County]",Yes,Yes,FY2026 (Year 1),Governor Reeves Announces 167 Rural Health Transformation Program Awards Totaling More Than $104 Million,https://governorreeves.ms.gov/governor-reeves-announces-167-rural-health-transformation-program-awards-totaling-more-than-104-million/,GOVERNOR_PRESS_RELEASE,DIRECT_TEXT,R/03ak_ms_year1_awardees.R,NA,NA,NA,NA,Warren County,Rural Technology Grant (RTG),25,Medical Associates of Vicksburg,"§8's STANDING FALLBACK. The Governor's release publishes a recipient, a county, an amount and a description of the WORK, and says NOTHING about the recipient's organisational form -- Kansas's, Maryland's, Nebraska's, Oklahoma's, Nevada's, Michigan's, Missouri's, Iowa's, North Carolina's, Arkansas's and Wyoming's shape a TWELFTH time. NOTHING WAS PROMOTED (§0.4): several of these read as FQHCs or physician practices to anyone who knows Mississippi, and reading them that way would be this pipeline asserting a form the state has not.",LOW,NA,Budget Period 1,NON_HOSPITAL,No,NOT_HOSPITAL,NA,"RECIPIENT TYPE DETERMINED (session 50): PHYSICIAN_PRACTICE -- physician practice. Basis (GENERAL_KNOWLEDGE): A physician group practice in Vicksburg; no federal facility enrolment carries it, which is consistent with an office-based practice. Source: no citable source for the FORM; the answer is this project's own knowledge (§0.4, session 49 policy 3). flow unchanged: the re-type does not cross §10.2's DIRECT test. PRIOR BASIS, kept because §2.1 says a correction shows what moved: §10.2 -- the named recipient is not a hospital, so no hospital dollar is claimed. Where recipient_type is §8's standing fallback this is the CONSERVATIVE answer and the row is queued as MS_RECIPIENT_FORM_NOT_STATED: resolving it could only raise Mississippi's hospital figure, never lower it.","EXACT, per-recipient, and published by the Governor for every one of the 167 rows. The 167 sum to $104,115,146.80 against a stated $104,115,146 -- a $0.80 TRUNCATION of the cents, not a discrepancy (§8: both figures are the state's own and neither is corrected).",NA,2026-09-14,data/evidence/MS/2026-09-14_ms_governor_167_awards_ROSTER.html,GENERAL_KNOWLEDGE,session 50 unstated-form typing,"physician practice. A physician group practice in Vicksburg; no federal facility enrolment carries it, which is consistent with an office-based practice. Source: no citable source for the FORM; the answer is this project's own knowledge (§0.4, session 49 policy 3)"
MS,26,"Dental Solutions, PLLC",41000,OTHER,No,"To replace outdated workstations and server equipment, add battery backup and cooling systems, and support compatibility with AI software to enhance diagnostics, treatment planning and workflow efficiency. [Madison County]",Yes,Yes,FY2026 (Year 1),Governor Reeves Announces 167 Rural Health Transformation Program Awards Totaling More Than $104 Million,https://governorreeves.ms.gov/governor-reeves-announces-167-rural-health-transformation-program-awards-totaling-more-than-104-million/,GOVERNOR_PRESS_RELEASE,DIRECT_TEXT,R/03ak_ms_year1_awardees.R,NA,NA,NA,NA,Madison County,Rural Technology Grant (RTG),26,"Dental Solutions, PLLC","§8's STANDING FALLBACK. The Governor's release publishes a recipient, a county, an amount and a description of the WORK, and says NOTHING about the recipient's organisational form -- Kansas's, Maryland's, Nebraska's, Oklahoma's, Nevada's, Michigan's, Missouri's, Iowa's, North Carolina's, Arkansas's and Wyoming's shape a TWELFTH time. NOTHING WAS PROMOTED (§0.4): several of these read as FQHCs or physician practices to anyone who knows Mississippi, and reading them that way would be this pipeline asserting a form the state has not.",LOW,NA,Budget Period 1,NON_HOSPITAL,No,NOT_HOSPITAL,NA,"RECIPIENT TYPE DETERMINED (session 50): OTHER -- dental practice. Basis (GENERAL_KNOWLEDGE): A dental practice organised as a PLLC. Source: no citable source for the FORM; the answer is this project's own knowledge (§0.4, session 49 policy 3). flow unchanged: the re-type does not cross §10.2's DIRECT test. PRIOR BASIS, kept because §2.1 says a correction shows what moved: §10.2 -- the named recipient is not a hospital, so no hospital dollar is claimed. Where recipient_type is §8's standing fallback this is the CONSERVATIVE answer and the row is queued as MS_RECIPIENT_FORM_NOT_STATED: resolving it could only raise Mississippi's hospital figure, never lower it.","EXACT, per-recipient, and published by the Governor for every one of the 167 rows. The 167 sum to $104,115,146.80 against a stated $104,115,146 -- a $0.80 TRUNCATION of the cents, not a discrepancy (§8: both figures are the state's own and neither is corrected).",NA,2026-09-14,data/evidence/MS/2026-09-14_ms_governor_167_awards_ROSTER.html,GENERAL_KNOWLEDGE,session 50 unstated-form typing,"dental practice. A dental practice organised as a PLLC. Source: no citable source for the FORM; the answer is this project's own knowledge (§0.4, session 49 policy 3)"
MS,27,AIDS Services Coalition,350000,NONPROFIT_CBO,No,"To modernize devices, implement secure-based collaboration and identity systems, and enhance cybersecurity and data protection across five district offices. [Washington County]",Yes,Yes,FY2026 (Year 1),Governor Reeves Announces 167 Rural Health Transformation Program Awards Totaling More Than $104 Million,https://governorreeves.ms.gov/governor-reeves-announces-167-rural-health-transformation-program-awards-totaling-more-than-104-million/,GOVERNOR_PRESS_RELEASE,DIRECT_TEXT,R/03ak_ms_year1_awardees.R,NA,NA,NA,NA,Washington County,Rural Technology Grant (RTG),27,AIDS Services Coalition,"§8's STANDING FALLBACK. The Governor's release publishes a recipient, a county, an amount and a description of the WORK, and says NOTHING about the recipient's organisational form -- Kansas's, Maryland's, Nebraska's, Oklahoma's, Nevada's, Michigan's, Missouri's, Iowa's, North Carolina's, Arkansas's and Wyoming's shape a TWELFTH time. NOTHING WAS PROMOTED (§0.4): several of these read as FQHCs or physician practices to anyone who knows Mississippi, and reading them that way would be this pipeline asserting a form the state has not.",LOW,NA,Budget Period 1,NON_HOSPITAL,No,NOT_HOSPITAL,NA,"RECIPIENT TYPE DETERMINED (session 50): NONPROFIT_CBO -- community-based nonprofit. Basis (GENERAL_KNOWLEDGE): A community-based nonprofit providing HIV services and housing. The CODE is the same string §8's fallback uses, but it is now a DETERMINED answer with a basis rather than a statement that the form is unknown, so RECIPIENT_TYPE_INFERRED comes off. Source: no citable source for the FORM; the answer is this project's own knowledge (§0.4, session 49 policy 3). flow unchanged: the re-type does not cross §10.2's DIRECT test. PRIOR BASIS, kept because §2.1 says a correction shows what moved: §10.2 -- the named recipient is not a hospital, so no hospital dollar is claimed. Where recipient_type is §8's standing fallback this is the CONSERVATIVE answer and the row is queued as MS_RECIPIENT_FORM_NOT_STATED: resolving it could only raise Mississippi's hospital figure, never lower it.","EXACT, per-recipient, and published by the Governor for every one of the 167 rows. The 167 sum to $104,115,146.80 against a stated $104,115,146 -- a $0.80 TRUNCATION of the cents, not a discrepancy (§8: both figures are the state's own and neither is corrected).",NA,2026-09-14,data/evidence/MS/2026-09-14_ms_governor_167_awards_ROSTER.html,GENERAL_KNOWLEDGE,session 50 unstated-form typing,"community-based nonprofit. A community-based nonprofit providing HIV services and housing. The CODE is the same string §8's fallback uses, but it is now a DETERMINED answer with a basis rather than a statement that the form is unknown, so RECIPIENT_TYPE_INFERRED comes off. Source: no citable source for the FORM; the answer is this project's own knowledge (§0.4, session 49 policy 3)"
MS,28,"Aaron E Henry Community Health Services Center, INC",1025085,FQHC_OR_RHC,No,"To modernize technology by replacing aging computers, implement AI-assisted documentation tools, enhance digital registration and patient engagement, and strengthen reporting capabilities to improve efficiency. [Coahoma County]",Yes,Yes,FY2026 (Year 1),Governor Reeves Announces 167 Rural Health Transformation Program Awards Totaling More Than $104 Million,https://governorreeves.ms.gov/governor-reeves-announces-167-rural-health-transformation-program-awards-totaling-more-than-104-million/,GOVERNOR_PRESS_RELEASE,DIRECT_TEXT,R/03ak_ms_year1_awardees.R,NA,NA,NA,NA,Coahoma County,Rural Technology Grant (RTG),28,"Aaron E Henry Community Health Services Center, INC","§8's STANDING FALLBACK. The Governor's release publishes a recipient, a county, an amount and a description of the WORK, and says NOTHING about the recipient's organisational form -- Kansas's, Maryland's, Nebraska's, Oklahoma's, Nevada's, Michigan's, Missouri's, Iowa's, North Carolina's, Arkansas's and Wyoming's shape a TWELFTH time. NOTHING WAS PROMOTED (§0.4): several of these read as FQHCs or physician practices to anyone who knows Mississippi, and reading them that way would be this pipeline asserting a form the state has not.",MEDIUM,NA,Budget Period 1,NON_HOSPITAL,No,NOT_HOSPITAL,NA,"RECIPIENT TYPE DETERMINED (session 50): FQHC_OR_RHC -- federally qualified health center. Basis (ORG_WEBSITE): CMS FQHC Enrollments carries this operator against four Mississippi FQHC CCNs (251030 Coldwater, 251134 and 251832 Clarksdale, 251838 Tunica). Source: https://data.cms.gov/data-api/v1/dataset/4bcae866-3411-439a-b762-90a6187c194b/data (FQHC Enrollments, 2026-07-17). flow unchanged: the re-type does not cross §10.2's DIRECT test. PRIOR BASIS, kept because §2.1 says a correction shows what moved: §10.2 -- the named recipient is not a hospital, so no hospital dollar is claimed. Where recipient_type is §8's standing fallback this is the CONSERVATIVE answer and the row is queued as MS_RECIPIENT_FORM_NOT_STATED: resolving it could only raise Mississippi's hospital figure, never lower it.","EXACT, per-recipient, and published by the Governor for every one of the 167 rows. The 167 sum to $104,115,146.80 against a stated $104,115,146 -- a $0.80 TRUNCATION of the cents, not a discrepancy (§8: both figures are the state's own and neither is corrected).",NA,2026-09-14,data/evidence/MS/2026-09-14_ms_governor_167_awards_ROSTER.html,ORG_WEBSITE,session 50 unstated-form typing,"federally qualified health center. CMS FQHC Enrollments carries this operator against four Mississippi FQHC CCNs (251030 Coldwater, 251134 and 251832 Clarksdale, 251838 Tunica). Source: https://data.cms.gov/data-api/v1/dataset/4bcae866-3411-439a-b762-90a6187c194b/data (FQHC Enrollments, 2026-07-17)"
MS,29,Positive Pathways LLC,378750,OTHER,No,"To purchase new workstations, tablets, wireless networking, telehealth tools and self-service kiosks. [Desoto County]",Yes,Yes,FY2026 (Year 1),Governor Reeves Announces 167 Rural Health Transformation Program Awards Totaling More Than $104 Million,https://governorreeves.ms.gov/governor-reeves-announces-167-rural-health-transformation-program-awards-totaling-more-than-104-million/,GOVERNOR_PRESS_RELEASE,DIRECT_TEXT,R/03ak_ms_year1_awardees.R,NA,NA,NA,NA,Desoto County,Rural Technology Grant (RTG),29,Positive Pathways LLC,"§8's STANDING FALLBACK. The Governor's release publishes a recipient, a county, an amount and a description of the WORK, and says NOTHING about the recipient's organisational form -- Kansas's, Maryland's, Nebraska's, Oklahoma's, Nevada's, Michigan's, Missouri's, Iowa's, North Carolina's, Arkansas's and Wyoming's shape a TWELFTH time. NOTHING WAS PROMOTED (§0.4): several of these read as FQHCs or physician practices to anyone who knows Mississippi, and reading them that way would be this pipeline asserting a form the state has not.",LOW,NA,Budget Period 1,NON_HOSPITAL,No,NOT_HOSPITAL,NA,"RECIPIENT TYPE DETERMINED (session 50): OTHER -- outpatient behavioural health practice. Basis (GENERAL_KNOWLEDGE): An outpatient behavioural health practice. Source: no citable source for the FORM; the answer is this project's own knowledge (§0.4, session 49 policy 3). flow unchanged: the re-type does not cross §10.2's DIRECT test. PRIOR BASIS, kept because §2.1 says a correction shows what moved: §10.2 -- the named recipient is not a hospital, so no hospital dollar is claimed. Where recipient_type is §8's standing fallback this is the CONSERVATIVE answer and the row is queued as MS_RECIPIENT_FORM_NOT_STATED: resolving it could only raise Mississippi's hospital figure, never lower it.","EXACT, per-recipient, and published by the Governor for every one of the 167 rows. The 167 sum to $104,115,146.80 against a stated $104,115,146 -- a $0.80 TRUNCATION of the cents, not a discrepancy (§8: both figures are the state's own and neither is corrected).",NA,2026-09-14,data/evidence/MS/2026-09-14_ms_governor_167_awards_ROSTER.html,GENERAL_KNOWLEDGE,session 50 unstated-form typing,"outpatient behavioural health practice. An outpatient behavioural health practice. Source: no citable source for the FORM; the answer is this project's own knowledge (§0.4, session 49 policy 3)"
MS,30,"East Central Mississippi Health Care, Inc.",344500,FQHC_OR_RHC,No,"To deploy remote patient monitoring technology for 1,300 patients with hypertension and other chronic conditions. [Leake County]",Yes,Yes,FY2026 (Year 1),Governor Reeves Announces 167 Rural Health Transformation Program Awards Totaling More Than $104 Million,https://governorreeves.ms.gov/governor-reeves-announces-167-rural-health-transformation-program-awards-totaling-more-than-104-million/,GOVERNOR_PRESS_RELEASE,DIRECT_TEXT,R/03ak_ms_year1_awardees.R,NA,NA,NA,NA,Leake County,Rural Technology Grant (RTG),30,"East Central Mississippi Health Care, Inc.","§8's STANDING FALLBACK. The Governor's release publishes a recipient, a county, an amount and a description of the WORK, and says NOTHING about the recipient's organisational form -- Kansas's, Maryland's, Nebraska's, Oklahoma's, Nevada's, Michigan's, Missouri's, Iowa's, North Carolina's, Arkansas's and Wyoming's shape a TWELFTH time. NOTHING WAS PROMOTED (§0.4): several of these read as FQHCs or physician practices to anyone who knows Mississippi, and reading them that way would be this pipeline asserting a form the state has not.",MEDIUM,NA,Budget Period 1,NON_HOSPITAL,No,NOT_HOSPITAL,NA,"RECIPIENT TYPE DETERMINED (session 50): FQHC_OR_RHC -- federally qualified health center. Basis (ORG_WEBSITE): CMS FQHC Enrollments carries 'EAST CENTRAL MISSISSIPPI HEALTH CARE INC' against CCNs 251031, 251829, 251841, 251851. Source: https://data.cms.gov/data-api/v1/dataset/4bcae866-3411-439a-b762-90a6187c194b/data (FQHC Enrollments, 2026-07-17). flow unchanged: the re-type does not cross §10.2's DIRECT test. PRIOR BASIS, kept because §2.1 says a correction shows what moved: §10.2 -- the named recipient is not a hospital, so no hospital dollar is claimed. Where recipient_type is §8's standing fallback this is the CONSERVATIVE answer and the row is queued as MS_RECIPIENT_FORM_NOT_STATED: resolving it could only raise Mississippi's hospital figure, never lower it.","EXACT, per-recipient, and published by the Governor for every one of the 167 rows. The 167 sum to $104,115,146.80 against a stated $104,115,146 -- a $0.80 TRUNCATION of the cents, not a discrepancy (§8: both figures are the state's own and neither is corrected).",NA,2026-09-14,data/evidence/MS/2026-09-14_ms_governor_167_awards_ROSTER.html,ORG_WEBSITE,session 50 unstated-form typing,"federally qualified health center. CMS FQHC Enrollments carries 'EAST CENTRAL MISSISSIPPI HEALTH CARE INC' against CCNs 251031, 251829, 251841, 251851. Source: https://data.cms.gov/data-api/v1/dataset/4bcae866-3411-439a-b762-90a6187c194b/data (FQHC Enrollments, 2026-07-17)"
MS,31,"Delta Health Center, Inc.",407756,FQHC_OR_RHC,No,"To strengthen cybersecurity by adding firewalls, purchasing managed detection and response software, creating an incident response plan, and provide staff training while also advancing AI and data capabilities. [Bolivar County]",Yes,Yes,FY2026 (Year 1),Governor Reeves Announces 167 Rural Health Transformation Program Awards Totaling More Than $104 Million,https://governorreeves.ms.gov/governor-reeves-announces-167-rural-health-transformation-program-awards-totaling-more-than-104-million/,GOVERNOR_PRESS_RELEASE,DIRECT_TEXT,R/03ak_ms_year1_awardees.R,NA,NA,NA,NA,Bolivar County,Rural Technology Grant (RTG),31,"Delta Health Center, Inc.","§8's STANDING FALLBACK. The Governor's release publishes a recipient, a county, an amount and a description of the WORK, and says NOTHING about the recipient's organisational form -- Kansas's, Maryland's, Nebraska's, Oklahoma's, Nevada's, Michigan's, Missouri's, Iowa's, North Carolina's, Arkansas's and Wyoming's shape a TWELFTH time. NOTHING WAS PROMOTED (§0.4): several of these read as FQHCs or physician practices to anyone who knows Mississippi, and reading them that way would be this pipeline asserting a form the state has not.",MEDIUM,NA,Budget Period 1,NON_HOSPITAL,No,NOT_HOSPITAL,NA,"RECIPIENT TYPE DETERMINED (session 50): FQHC_OR_RHC -- federally qualified health center. Basis (ORG_WEBSITE): The same operator as the row above under Mississippi's second spelling. Both kept (§2). Source: https://data.cms.gov/data-api/v1/dataset/4bcae866-3411-439a-b762-90a6187c194b/data (FQHC Enrollments, 2026-07-17). flow unchanged: the re-type does not cross §10.2's DIRECT test. PRIOR BASIS, kept because §2.1 says a correction shows what moved: §10.2 -- the named recipient is not a hospital, so no hospital dollar is claimed. Where recipient_type is §8's standing fallback this is the CONSERVATIVE answer and the row is queued as MS_RECIPIENT_FORM_NOT_STATED: resolving it could only raise Mississippi's hospital figure, never lower it.","EXACT, per-recipient, and published by the Governor for every one of the 167 rows. The 167 sum to $104,115,146.80 against a stated $104,115,146 -- a $0.80 TRUNCATION of the cents, not a discrepancy (§8: both figures are the state's own and neither is corrected).",NA,2026-09-14,data/evidence/MS/2026-09-14_ms_governor_167_awards_ROSTER.html,ORG_WEBSITE,session 50 unstated-form typing,"federally qualified health center. The same operator as the row above under Mississippi's second spelling. Both kept (§2). Source: https://data.cms.gov/data-api/v1/dataset/4bcae866-3411-439a-b762-90a6187c194b/data (FQHC Enrollments, 2026-07-17)"
MS,32,Mantachie Rural Health Care Inc.,461000,FQHC_OR_RHC,No,"To modernize technology in the clinic by implementing modern servers, upgraded devices and network equipment, centralized security monitoring, and professional migration support to better protect health information of approximately 31,700 rural patients. [Itawamba County]",Yes,Yes,FY2026 (Year 1),Governor Reeves Announces 167 Rural Health Transformation Program Awards Totaling More Than $104 Million,https://governorreeves.ms.gov/governor-reeves-announces-167-rural-health-transformation-program-awards-totaling-more-than-104-million/,GOVERNOR_PRESS_RELEASE,DIRECT_TEXT,R/03ak_ms_year1_awardees.R,NA,NA,NA,NA,Itawamba County,Rural Technology Grant (RTG),32,Mantachie Rural Health Care Inc.,"§8's STANDING FALLBACK. The Governor's release publishes a recipient, a county, an amount and a description of the WORK, and says NOTHING about the recipient's organisational form -- Kansas's, Maryland's, Nebraska's, Oklahoma's, Nevada's, Michigan's, Missouri's, Iowa's, North Carolina's, Arkansas's and Wyoming's shape a TWELFTH time. NOTHING WAS PROMOTED (§0.4): several of these read as FQHCs or physician practices to anyone who knows Mississippi, and reading them that way would be this pipeline asserting a form the state has not.",MEDIUM,NA,Budget Period 1,NON_HOSPITAL,No,NOT_HOSPITAL,NA,"RECIPIENT TYPE DETERMINED (session 50): FQHC_OR_RHC -- federally qualified health center. Basis (ORG_WEBSITE): CMS FQHC Enrollments carries 'MANTACHIE RURAL HEALTH CARE, INC' against CCNs 251043, 251163, 251178, 251852. Source: https://data.cms.gov/data-api/v1/dataset/4bcae866-3411-439a-b762-90a6187c194b/data (FQHC Enrollments, 2026-07-17). flow unchanged: the re-type does not cross §10.2's DIRECT test. PRIOR BASIS, kept because §2.1 says a correction shows what moved: §10.2 -- the named recipient is not a hospital, so no hospital dollar is claimed. Where recipient_type is §8's standing fallback this is the CONSERVATIVE answer and the row is queued as MS_RECIPIENT_FORM_NOT_STATED: resolving it could only raise Mississippi's hospital figure, never lower it.","EXACT, per-recipient, and published by the Governor for every one of the 167 rows. The 167 sum to $104,115,146.80 against a stated $104,115,146 -- a $0.80 TRUNCATION of the cents, not a discrepancy (§8: both figures are the state's own and neither is corrected).",NA,2026-09-14,data/evidence/MS/2026-09-14_ms_governor_167_awards_ROSTER.html,ORG_WEBSITE,session 50 unstated-form typing,"federally qualified health center. CMS FQHC Enrollments carries 'MANTACHIE RURAL HEALTH CARE, INC' against CCNs 251043, 251163, 251178, 251852. Source: https://data.cms.gov/data-api/v1/dataset/4bcae866-3411-439a-b762-90a6187c194b/data (FQHC Enrollments, 2026-07-17)"
MS,33,Outreach Health Services,229500,FQHC_OR_RHC,No,"To enhance network protections by replacing outdated servers and workstations, deploying enterprise endpoint protections and completing a HIPAA Security Risk Assessment with a corrective action plan. [Clarke County]",Yes,Yes,FY2026 (Year 1),Governor Reeves Announces 167 Rural Health Transformation Program Awards Totaling More Than $104 Million,https://governorreeves.ms.gov/governor-reeves-announces-167-rural-health-transformation-program-awards-totaling-more-than-104-million/,GOVERNOR_PRESS_RELEASE,DIRECT_TEXT,R/03ak_ms_year1_awardees.R,NA,NA,NA,NA,Clarke County,Rural Technology Grant (RTG),33,Outreach Health Services,"§8's STANDING FALLBACK. The Governor's release publishes a recipient, a county, an amount and a description of the WORK, and says NOTHING about the recipient's organisational form -- Kansas's, Maryland's, Nebraska's, Oklahoma's, Nevada's, Michigan's, Missouri's, Iowa's, North Carolina's, Arkansas's and Wyoming's shape a TWELFTH time. NOTHING WAS PROMOTED (§0.4): several of these read as FQHCs or physician practices to anyone who knows Mississippi, and reading them that way would be this pipeline asserting a form the state has not.",MEDIUM,NA,Budget Period 1,NON_HOSPITAL,No,NOT_HOSPITAL,NA,"RECIPIENT TYPE DETERMINED (session 50): FQHC_OR_RHC -- federally qualified health center. Basis (ORG_WEBSITE): CMS FQHC Enrollments carries 'OUTREACH HEALTH SERVICES,INC.' against CCNs 251831 (Shubuta) and 251839 (Heidelberg). Source: https://data.cms.gov/data-api/v1/dataset/4bcae866-3411-439a-b762-90a6187c194b/data (FQHC Enrollments, 2026-07-17). flow unchanged: the re-type does not cross §10.2's DIRECT test. PRIOR BASIS, kept because §2.1 says a correction shows what moved: §10.2 -- the named recipient is not a hospital, so no hospital dollar is claimed. Where recipient_type is §8's standing fallback this is the CONSERVATIVE answer and the row is queued as MS_RECIPIENT_FORM_NOT_STATED: resolving it could only raise Mississippi's hospital figure, never lower it.","EXACT, per-recipient, and published by the Governor for every one of the 167 rows. The 167 sum to $104,115,146.80 against a stated $104,115,146 -- a $0.80 TRUNCATION of the cents, not a discrepancy (§8: both figures are the state's own and neither is corrected).",NA,2026-09-14,data/evidence/MS/2026-09-14_ms_governor_167_awards_ROSTER.html,ORG_WEBSITE,session 50 unstated-form typing,"federally qualified health center. CMS FQHC Enrollments carries 'OUTREACH HEALTH SERVICES,INC.' against CCNs 251831 (Shubuta) and 251839 (Heidelberg). Source: https://data.cms.gov/data-api/v1/dataset/4bcae866-3411-439a-b762-90a6187c194b/data (FQHC Enrollments, 2026-07-17)"
MS,34,"GA Carmichael Family Health Center, Inc.",432531,FQHC_OR_RHC,No,To upgrade critical technology infrastructure across its health center and school-based locations in six counties by investing in new workstations and stronger server and network infrastructure. [Yazoo County],Yes,Yes,FY2026 (Year 1),Governor Reeves Announces 167 Rural Health Transformation Program Awards Totaling More Than $104 Million,https://governorreeves.ms.gov/governor-reeves-announces-167-rural-health-transformation-program-awards-totaling-more-than-104-million/,GOVERNOR_PRESS_RELEASE,DIRECT_TEXT,R/03ak_ms_year1_awardees.R,NA,NA,NA,NA,Yazoo County,Rural Technology Grant (RTG),34,"GA Carmichael Family Health Center, Inc.","§8's STANDING FALLBACK. The Governor's release publishes a recipient, a county, an amount and a description of the WORK, and says NOTHING about the recipient's organisational form -- Kansas's, Maryland's, Nebraska's, Oklahoma's, Nevada's, Michigan's, Missouri's, Iowa's, North Carolina's, Arkansas's and Wyoming's shape a TWELFTH time. NOTHING WAS PROMOTED (§0.4): several of these read as FQHCs or physician practices to anyone who knows Mississippi, and reading them that way would be this pipeline asserting a form the state has not.",MEDIUM,NA,Budget Period 1,NON_HOSPITAL,No,NOT_HOSPITAL,NA,"RECIPIENT TYPE DETERMINED (session 50): FQHC_OR_RHC -- federally qualified health center. Basis (ORG_WEBSITE): CMS FQHC Enrollments carries 'GA CARMICHAEL FAMILY HEALTH CENTER INC' against CCN 251061. Source: https://data.cms.gov/data-api/v1/dataset/4bcae866-3411-439a-b762-90a6187c194b/data (FQHC Enrollments, 2026-07-17). flow unchanged: the re-type does not cross §10.2's DIRECT test. PRIOR BASIS, kept because §2.1 says a correction shows what moved: §10.2 -- the named recipient is not a hospital, so no hospital dollar is claimed. Where recipient_type is §8's standing fallback this is the CONSERVATIVE answer and the row is queued as MS_RECIPIENT_FORM_NOT_STATED: resolving it could only raise Mississippi's hospital figure, never lower it.","EXACT, per-recipient, and published by the Governor for every one of the 167 rows. The 167 sum to $104,115,146.80 against a stated $104,115,146 -- a $0.80 TRUNCATION of the cents, not a discrepancy (§8: both figures are the state's own and neither is corrected).",NA,2026-09-14,data/evidence/MS/2026-09-14_ms_governor_167_awards_ROSTER.html,ORG_WEBSITE,session 50 unstated-form typing,"federally qualified health center. CMS FQHC Enrollments carries 'GA CARMICHAEL FAMILY HEALTH CENTER INC' against CCN 251061. Source: https://data.cms.gov/data-api/v1/dataset/4bcae866-3411-439a-b762-90a6187c194b/data (FQHC Enrollments, 2026-07-17)"
MS,35,Choctaw Regional Medical Center,46113,HOSPITAL_OR_SYSTEM,Yes,"To implement managed threat detection and response tools, conduct an independent security risk assessment and penetration test, develop and test an incident-response plan, and provide staff training. [Choctaw County]",Yes,Yes,FY2026 (Year 1),Governor Reeves Announces 167 Rural Health Transformation Program Awards Totaling More Than $104 Million,https://governorreeves.ms.gov/governor-reeves-announces-167-rural-health-transformation-program-awards-totaling-more-than-104-million/,GOVERNOR_PRESS_RELEASE,DIRECT_TEXT,R/03ak_ms_year1_awardees.R,NA,NA,NA,NA,Choctaw County,Rural Technology Grant (RTG),35,Choctaw Regional Medical Center,DERIVED FROM THE RECIPIENT'S OWN NAME by rhtp_classify_recipient_type().,HIGH,NA,Budget Period 1,DIRECT,Yes,NAMED_HOSPITAL,NA,"§10.2 DIRECT -- the named recipient is itself a hospital or health system, so recipient identity IS the flow test and no description decides it (§0.3a). The award is ANNOUNCED, not intended: the Governor's release says 'today announced 167 awards', so recipient_confirmed and amount_confirmed are both Yes -- stronger than Arkansas's or Wyoming's intents.","EXACT, per-recipient, and published by the Governor for every one of the 167 rows. The 167 sum to $104,115,146.80 against a stated $104,115,146 -- a $0.80 TRUNCATION of the cents, not a discrepancy (§8: both figures are the state's own and neither is corrected).",NA,2026-09-14,data/evidence/MS/2026-09-14_ms_governor_167_awards_ROSTER.html,NA,NA,NA
MS,36,"Access Family Health Services, Inc.",326610,FQHC_OR_RHC,No,To purchase equipment and provide personnel to expand the preventive screening and remote patient monitoring across 5 primary care sites and 1 mobile clinic. [Monroe County],Yes,Yes,FY2026 (Year 1),Governor Reeves Announces 167 Rural Health Transformation Program Awards Totaling More Than $104 Million,https://governorreeves.ms.gov/governor-reeves-announces-167-rural-health-transformation-program-awards-totaling-more-than-104-million/,GOVERNOR_PRESS_RELEASE,DIRECT_TEXT,R/03ak_ms_year1_awardees.R,NA,NA,NA,NA,Monroe County,Rural Technology Grant (RTG),36,"Access Family Health Services, Inc.","§8's STANDING FALLBACK. The Governor's release publishes a recipient, a county, an amount and a description of the WORK, and says NOTHING about the recipient's organisational form -- Kansas's, Maryland's, Nebraska's, Oklahoma's, Nevada's, Michigan's, Missouri's, Iowa's, North Carolina's, Arkansas's and Wyoming's shape a TWELFTH time. NOTHING WAS PROMOTED (§0.4): several of these read as FQHCs or physician practices to anyone who knows Mississippi, and reading them that way would be this pipeline asserting a form the state has not.",MEDIUM,NA,Budget Period 1,NON_HOSPITAL,No,NOT_HOSPITAL,NA,"RECIPIENT TYPE DETERMINED (session 50): FQHC_OR_RHC -- federally qualified health center. Basis (ORG_WEBSITE): CMS FQHC Enrollments carries 'ACCESS FAMILY HEALTH SERVICES, INC.' against multiple Mississippi FQHC CCNs (251049, 251074, 251075, 251076). Source: https://data.cms.gov/data-api/v1/dataset/4bcae866-3411-439a-b762-90a6187c194b/data (FQHC Enrollments, 2026-07-17). flow unchanged: the re-type does not cross §10.2's DIRECT test. PRIOR BASIS, kept because §2.1 says a correction shows what moved: §10.2 -- the named recipient is not a hospital, so no hospital dollar is claimed. Where recipient_type is §8's standing fallback this is the CONSERVATIVE answer and the row is queued as MS_RECIPIENT_FORM_NOT_STATED: resolving it could only raise Mississippi's hospital figure, never lower it.","EXACT, per-recipient, and published by the Governor for every one of the 167 rows. The 167 sum to $104,115,146.80 against a stated $104,115,146 -- a $0.80 TRUNCATION of the cents, not a discrepancy (§8: both figures are the state's own and neither is corrected).",NA,2026-09-14,data/evidence/MS/2026-09-14_ms_governor_167_awards_ROSTER.html,ORG_WEBSITE,session 50 unstated-form typing,"federally qualified health center. CMS FQHC Enrollments carries 'ACCESS FAMILY HEALTH SERVICES, INC.' against multiple Mississippi FQHC CCNs (251049, 251074, 251075, 251076). Source: https://data.cms.gov/data-api/v1/dataset/4bcae866-3411-439a-b762-90a6187c194b/data (FQHC Enrollments, 2026-07-17)"
MS,37,Northwest Mississippi Regional Medical Center,917166,HOSPITAL_OR_SYSTEM,Yes,"To modernize IT infrastructure by replacing unsupported network and wireless systems, migrate legacy servers, and move The Women’s Clinic onto hospital-owned secure infrastructure while replacing aging clinical technology. [Coahoma County]",Yes,Yes,FY2026 (Year 1),Governor Reeves Announces 167 Rural Health Transformation Program Awards Totaling More Than $104 Million,https://governorreeves.ms.gov/governor-reeves-announces-167-rural-health-transformation-program-awards-totaling-more-than-104-million/,GOVERNOR_PRESS_RELEASE,DIRECT_TEXT,R/03ak_ms_year1_awardees.R,NA,NA,NA,NA,Coahoma County,Rural Technology Grant (RTG),37,Northwest Mississippi Regional Medical Center,DERIVED FROM THE RECIPIENT'S OWN NAME by rhtp_classify_recipient_type().,HIGH,NA,Budget Period 1,DIRECT,Yes,NAMED_HOSPITAL,NA,"§10.2 DIRECT -- the named recipient is itself a hospital or health system, so recipient identity IS the flow test and no description decides it (§0.3a). The award is ANNOUNCED, not intended: the Governor's release says 'today announced 167 awards', so recipient_confirmed and amount_confirmed are both Yes -- stronger than Arkansas's or Wyoming's intents.","EXACT, per-recipient, and published by the Governor for every one of the 167 rows. The 167 sum to $104,115,146.80 against a stated $104,115,146 -- a $0.80 TRUNCATION of the cents, not a discrepancy (§8: both figures are the state's own and neither is corrected).",NA,2026-09-14,data/evidence/MS/2026-09-14_ms_governor_167_awards_ROSTER.html,NA,NA,NA
MS,38,George County Hospital,330000,HOSPITAL_OR_SYSTEM,Yes,To replace the facility’s end-of-life nurse call infrastructure and add integrated wandering protection for residents with dementia and other cognitive impairments. [George County],Yes,Yes,FY2026 (Year 1),Governor Reeves Announces 167 Rural Health Transformation Program Awards Totaling More Than $104 Million,https://governorreeves.ms.gov/governor-reeves-announces-167-rural-health-transformation-program-awards-totaling-more-than-104-million/,GOVERNOR_PRESS_RELEASE,DIRECT_TEXT,R/03ak_ms_year1_awardees.R,NA,NA,NA,NA,George County,Rural Technology Grant (RTG),38,George County Hospital,DERIVED FROM THE RECIPIENT'S OWN NAME by rhtp_classify_recipient_type().,HIGH,NA,Budget Period 1,DIRECT,Yes,NAMED_HOSPITAL,NA,"§10.2 DIRECT -- the named recipient is itself a hospital or health system, so recipient identity IS the flow test and no description decides it (§0.3a). The award is ANNOUNCED, not intended: the Governor's release says 'today announced 167 awards', so recipient_confirmed and amount_confirmed are both Yes -- stronger than Arkansas's or Wyoming's intents.","EXACT, per-recipient, and published by the Governor for every one of the 167 rows. The 167 sum to $104,115,146.80 against a stated $104,115,146 -- a $0.80 TRUNCATION of the cents, not a discrepancy (§8: both figures are the state's own and neither is corrected).",NA,2026-09-14,data/evidence/MS/2026-09-14_ms_governor_167_awards_ROSTER.html,NA,NA,NA
MS,39,Memorial Health System,2980874,HOSPITAL_OR_SYSTEM,Yes,"To replace manual chemotherapy order transcription with standardized electronic oncology workflow program, which will improve patient safety, reduce errors and delays, and add clinical decision support for dosing and drug interaction review. [Harrison County]",Yes,Yes,FY2026 (Year 1),Governor Reeves Announces 167 Rural Health Transformation Program Awards Totaling More Than $104 Million,https://governorreeves.ms.gov/governor-reeves-announces-167-rural-health-transformation-program-awards-totaling-more-than-104-million/,GOVERNOR_PRESS_RELEASE,DIRECT_TEXT,R/03ak_ms_year1_awardees.R,NA,NA,NA,NA,Harrison County,Rural Technology Grant (RTG),39,Memorial Health System,DERIVED FROM THE RECIPIENT'S OWN NAME by rhtp_classify_recipient_type().,MEDIUM,NA,Budget Period 1,DIRECT,Yes,NAMED_HOSPITAL,NA,"§10.2 DIRECT -- the named recipient is itself a hospital or health system, so recipient identity IS the flow test and no description decides it (§0.3a). The award is ANNOUNCED, not intended: the Governor's release says 'today announced 167 awards', so recipient_confirmed and amount_confirmed are both Yes -- stronger than Arkansas's or Wyoming's intents.","EXACT, per-recipient, and published by the Governor for every one of the 167 rows. The 167 sum to $104,115,146.80 against a stated $104,115,146 -- a $0.80 TRUNCATION of the cents, not a discrepancy (§8: both figures are the state's own and neither is corrected).",NA,2026-09-14,data/evidence/MS/2026-09-14_ms_governor_167_awards_ROSTER.html,NA,NA,NA
MS,40,"Baptist Memorial Hospital-Calhoun, Inc.",1491000,HOSPITAL_OR_SYSTEM,Yes,"To modernize critical IT infrastructure for four critical access hospitals and one nursing home, which will enable telehealth deployment in emergency and inpatient rooms and prepare patient rooms for Smart Room capabilities. [Calhoun County]",Yes,Yes,FY2026 (Year 1),Governor Reeves Announces 167 Rural Health Transformation Program Awards Totaling More Than $104 Million,https://governorreeves.ms.gov/governor-reeves-announces-167-rural-health-transformation-program-awards-totaling-more-than-104-million/,GOVERNOR_PRESS_RELEASE,DIRECT_TEXT,R/03ak_ms_year1_awardees.R,NA,NA,NA,NA,Calhoun County,Rural Technology Grant (RTG),40,"Baptist Memorial Hospital-Calhoun, Inc.",DERIVED FROM THE RECIPIENT'S OWN NAME by rhtp_classify_recipient_type().,HIGH,NA,Budget Period 1,DIRECT,Yes,NAMED_HOSPITAL,NA,"§10.2 DIRECT -- the named recipient is itself a hospital or health system, so recipient identity IS the flow test and no description decides it (§0.3a). The award is ANNOUNCED, not intended: the Governor's release says 'today announced 167 awards', so recipient_confirmed and amount_confirmed are both Yes -- stronger than Arkansas's or Wyoming's intents.","EXACT, per-recipient, and published by the Governor for every one of the 167 rows. The 167 sum to $104,115,146.80 against a stated $104,115,146 -- a $0.80 TRUNCATION of the cents, not a discrepancy (§8: both figures are the state's own and neither is corrected).",NA,2026-09-14,data/evidence/MS/2026-09-14_ms_governor_167_awards_ROSTER.html,NA,NA,NA
MS,41,George County Hospital,30555,HOSPITAL_OR_SYSTEM,Yes,"To replace legacy voicemail refill systems with VOXO AI Pharmacy Voice Agent, which will allow patients to have 24/7 conversational support. [George County]",Yes,Yes,FY2026 (Year 1),Governor Reeves Announces 167 Rural Health Transformation Program Awards Totaling More Than $104 Million,https://governorreeves.ms.gov/governor-reeves-announces-167-rural-health-transformation-program-awards-totaling-more-than-104-million/,GOVERNOR_PRESS_RELEASE,DIRECT_TEXT,R/03ak_ms_year1_awardees.R,NA,NA,NA,NA,George County,Rural Technology Grant (RTG),41,George County Hospital,DERIVED FROM THE RECIPIENT'S OWN NAME by rhtp_classify_recipient_type().,HIGH,NA,Budget Period 1,DIRECT,Yes,NAMED_HOSPITAL,NA,"§10.2 DIRECT -- the named recipient is itself a hospital or health system, so recipient identity IS the flow test and no description decides it (§0.3a). The award is ANNOUNCED, not intended: the Governor's release says 'today announced 167 awards', so recipient_confirmed and amount_confirmed are both Yes -- stronger than Arkansas's or Wyoming's intents.","EXACT, per-recipient, and published by the Governor for every one of the 167 rows. The 167 sum to $104,115,146.80 against a stated $104,115,146 -- a $0.80 TRUNCATION of the cents, not a discrepancy (§8: both figures are the state's own and neither is corrected).",NA,2026-09-14,data/evidence/MS/2026-09-14_ms_governor_167_awards_ROSTER.html,NA,NA,NA
MS,42,Memorial Health System,83599,HOSPITAL_OR_SYSTEM,Yes,"To implement a new breast milk management system that will use barcode verification, real-time validation and end-to-end tracking to improve neonatal safety, standardize workflows and support future expansion across maternal-child services. [Harrison County]",Yes,Yes,FY2026 (Year 1),Governor Reeves Announces 167 Rural Health Transformation Program Awards Totaling More Than $104 Million,https://governorreeves.ms.gov/governor-reeves-announces-167-rural-health-transformation-program-awards-totaling-more-than-104-million/,GOVERNOR_PRESS_RELEASE,DIRECT_TEXT,R/03ak_ms_year1_awardees.R,NA,NA,NA,NA,Harrison County,Rural Technology Grant (RTG),42,Memorial Health System,DERIVED FROM THE RECIPIENT'S OWN NAME by rhtp_classify_recipient_type().,MEDIUM,NA,Budget Period 1,DIRECT,Yes,NAMED_HOSPITAL,NA,"§10.2 DIRECT -- the named recipient is itself a hospital or health system, so recipient identity IS the flow test and no description decides it (§0.3a). The award is ANNOUNCED, not intended: the Governor's release says 'today announced 167 awards', so recipient_confirmed and amount_confirmed are both Yes -- stronger than Arkansas's or Wyoming's intents.","EXACT, per-recipient, and published by the Governor for every one of the 167 rows. The 167 sum to $104,115,146.80 against a stated $104,115,146 -- a $0.80 TRUNCATION of the cents, not a discrepancy (§8: both figures are the state's own and neither is corrected).",NA,2026-09-14,data/evidence/MS/2026-09-14_ms_governor_167_awards_ROSTER.html,NA,NA,NA
MS,43,Copiah County Medical Center,44404,HOSPITAL_OR_SYSTEM,Yes,"To implement a nurse call system enhancement project that will add five nurse call master control stations and an audio expansion board to improve patient-caregiver communication, reduce response times and strengthen patient safety. [Copiah County]",Yes,Yes,FY2026 (Year 1),Governor Reeves Announces 167 Rural Health Transformation Program Awards Totaling More Than $104 Million,https://governorreeves.ms.gov/governor-reeves-announces-167-rural-health-transformation-program-awards-totaling-more-than-104-million/,GOVERNOR_PRESS_RELEASE,DIRECT_TEXT,R/03ak_ms_year1_awardees.R,NA,NA,NA,NA,Copiah County,Rural Technology Grant (RTG),43,Copiah County Medical Center,DERIVED FROM THE RECIPIENT'S OWN NAME by rhtp_classify_recipient_type().,HIGH,NA,Budget Period 1,DIRECT,Yes,NAMED_HOSPITAL,NA,"§10.2 DIRECT -- the named recipient is itself a hospital or health system, so recipient identity IS the flow test and no description decides it (§0.3a). The award is ANNOUNCED, not intended: the Governor's release says 'today announced 167 awards', so recipient_confirmed and amount_confirmed are both Yes -- stronger than Arkansas's or Wyoming's intents.","EXACT, per-recipient, and published by the Governor for every one of the 167 rows. The 167 sum to $104,115,146.80 against a stated $104,115,146 -- a $0.80 TRUNCATION of the cents, not a discrepancy (§8: both figures are the state's own and neither is corrected).",NA,2026-09-14,data/evidence/MS/2026-09-14_ms_governor_167_awards_ROSTER.html,NA,NA,NA
MS,44,George County Hospital,84000,HOSPITAL_OR_SYSTEM,Yes,"To equip two existing sleep study rooms with modern, compliant diagnostic equipment. [George County]",Yes,Yes,FY2026 (Year 1),Governor Reeves Announces 167 Rural Health Transformation Program Awards Totaling More Than $104 Million,https://governorreeves.ms.gov/governor-reeves-announces-167-rural-health-transformation-program-awards-totaling-more-than-104-million/,GOVERNOR_PRESS_RELEASE,DIRECT_TEXT,R/03ak_ms_year1_awardees.R,NA,NA,NA,NA,George County,Rural Technology Grant (RTG),44,George County Hospital,DERIVED FROM THE RECIPIENT'S OWN NAME by rhtp_classify_recipient_type().,HIGH,NA,Budget Period 1,DIRECT,Yes,NAMED_HOSPITAL,NA,"§10.2 DIRECT -- the named recipient is itself a hospital or health system, so recipient identity IS the flow test and no description decides it (§0.3a). The award is ANNOUNCED, not intended: the Governor's release says 'today announced 167 awards', so recipient_confirmed and amount_confirmed are both Yes -- stronger than Arkansas's or Wyoming's intents.","EXACT, per-recipient, and published by the Governor for every one of the 167 rows. The 167 sum to $104,115,146.80 against a stated $104,115,146 -- a $0.80 TRUNCATION of the cents, not a discrepancy (§8: both figures are the state's own and neither is corrected).",NA,2026-09-14,data/evidence/MS/2026-09-14_ms_governor_167_awards_ROSTER.html,NA,NA,NA
MS,45,Memorial Health System,156000,HOSPITAL_OR_SYSTEM,Yes,"To implement an intelligent document intake platform radiology service, which will automate referral processing by digitizing inbound orders, extracting structured clinical data, and integrating with scheduling and electronic health records systems. [Harrison County]",Yes,Yes,FY2026 (Year 1),Governor Reeves Announces 167 Rural Health Transformation Program Awards Totaling More Than $104 Million,https://governorreeves.ms.gov/governor-reeves-announces-167-rural-health-transformation-program-awards-totaling-more-than-104-million/,GOVERNOR_PRESS_RELEASE,DIRECT_TEXT,R/03ak_ms_year1_awardees.R,NA,NA,NA,NA,Harrison County,Rural Technology Grant (RTG),45,Memorial Health System,DERIVED FROM THE RECIPIENT'S OWN NAME by rhtp_classify_recipient_type().,MEDIUM,NA,Budget Period 1,DIRECT,Yes,NAMED_HOSPITAL,NA,"§10.2 DIRECT -- the named recipient is itself a hospital or health system, so recipient identity IS the flow test and no description decides it (§0.3a). The award is ANNOUNCED, not intended: the Governor's release says 'today announced 167 awards', so recipient_confirmed and amount_confirmed are both Yes -- stronger than Arkansas's or Wyoming's intents.","EXACT, per-recipient, and published by the Governor for every one of the 167 rows. The 167 sum to $104,115,146.80 against a stated $104,115,146 -- a $0.80 TRUNCATION of the cents, not a discrepancy (§8: both figures are the state's own and neither is corrected).",NA,2026-09-14,data/evidence/MS/2026-09-14_ms_governor_167_awards_ROSTER.html,NA,NA,NA
MS,46,Claiborne County Hospital d/b/a Claiborne County Medical Center,135070,HOSPITAL_OR_SYSTEM,Yes,"To modernize IT infrastructure by upgrading network infrastructure, cybersecurity capabilities and enhancing telehealth capabilities. [Claiborne County]",Yes,Yes,FY2026 (Year 1),Governor Reeves Announces 167 Rural Health Transformation Program Awards Totaling More Than $104 Million,https://governorreeves.ms.gov/governor-reeves-announces-167-rural-health-transformation-program-awards-totaling-more-than-104-million/,GOVERNOR_PRESS_RELEASE,DIRECT_TEXT,R/03ak_ms_year1_awardees.R,NA,NA,NA,NA,Claiborne County,Rural Technology Grant (RTG),46,Claiborne County Hospital d/b/a Claiborne County Medical Center,DERIVED FROM THE RECIPIENT'S OWN NAME by rhtp_classify_recipient_type().,HIGH,NA,Budget Period 1,DIRECT,Yes,NAMED_HOSPITAL,NA,"§10.2 DIRECT -- the named recipient is itself a hospital or health system, so recipient identity IS the flow test and no description decides it (§0.3a). The award is ANNOUNCED, not intended: the Governor's release says 'today announced 167 awards', so recipient_confirmed and amount_confirmed are both Yes -- stronger than Arkansas's or Wyoming's intents.","EXACT, per-recipient, and published by the Governor for every one of the 167 rows. The 167 sum to $104,115,146.80 against a stated $104,115,146 -- a $0.80 TRUNCATION of the cents, not a discrepancy (§8: both figures are the state's own and neither is corrected).",NA,2026-09-14,data/evidence/MS/2026-09-14_ms_governor_167_awards_ROSTER.html,NA,NA,NA
MS,47,George County Hospital,102381,HOSPITAL_OR_SYSTEM,Yes,To replace 10 patient monitors for continuous real-time monitoring of patients with acute and life-threatening conditions. [George County],Yes,Yes,FY2026 (Year 1),Governor Reeves Announces 167 Rural Health Transformation Program Awards Totaling More Than $104 Million,https://governorreeves.ms.gov/governor-reeves-announces-167-rural-health-transformation-program-awards-totaling-more-than-104-million/,GOVERNOR_PRESS_RELEASE,DIRECT_TEXT,R/03ak_ms_year1_awardees.R,NA,NA,NA,NA,George County,Rural Technology Grant (RTG),47,George County Hospital,DERIVED FROM THE RECIPIENT'S OWN NAME by rhtp_classify_recipient_type().,HIGH,NA,Budget Period 1,DIRECT,Yes,NAMED_HOSPITAL,NA,"§10.2 DIRECT -- the named recipient is itself a hospital or health system, so recipient identity IS the flow test and no description decides it (§0.3a). The award is ANNOUNCED, not intended: the Governor's release says 'today announced 167 awards', so recipient_confirmed and amount_confirmed are both Yes -- stronger than Arkansas's or Wyoming's intents.","EXACT, per-recipient, and published by the Governor for every one of the 167 rows. The 167 sum to $104,115,146.80 against a stated $104,115,146 -- a $0.80 TRUNCATION of the cents, not a discrepancy (§8: both figures are the state's own and neither is corrected).",NA,2026-09-14,data/evidence/MS/2026-09-14_ms_governor_167_awards_ROSTER.html,NA,NA,NA
MS,48,"The Mississippi Methodist Hospital and Rehabilitation Center, Inc",179900.18,HOSPITAL_OR_SYSTEM,Yes,"To fund an Enterprise Cybersecurity Modernization and Resilience Initiative that will replace hardware and software to strengthen cybersecurity, improve operational resilience and protect continuity of specialized rehabilitation services statewide. [Hinds County]",Yes,Yes,FY2026 (Year 1),Governor Reeves Announces 167 Rural Health Transformation Program Awards Totaling More Than $104 Million,https://governorreeves.ms.gov/governor-reeves-announces-167-rural-health-transformation-program-awards-totaling-more-than-104-million/,GOVERNOR_PRESS_RELEASE,DIRECT_TEXT,R/03ak_ms_year1_awardees.R,NA,NA,NA,NA,Hinds County,Rural Technology Grant (RTG),48,"The Mississippi Methodist Hospital and Rehabilitation Center, Inc",DERIVED FROM THE RECIPIENT'S OWN NAME by rhtp_classify_recipient_type().,HIGH,NA,Budget Period 1,DIRECT,Yes,NAMED_HOSPITAL,NA,"§10.2 DIRECT -- the named recipient is itself a hospital or health system, so recipient identity IS the flow test and no description decides it (§0.3a). The award is ANNOUNCED, not intended: the Governor's release says 'today announced 167 awards', so recipient_confirmed and amount_confirmed are both Yes -- stronger than Arkansas's or Wyoming's intents.","EXACT, per-recipient, and published by the Governor for every one of the 167 rows. The 167 sum to $104,115,146.80 against a stated $104,115,146 -- a $0.80 TRUNCATION of the cents, not a discrepancy (§8: both figures are the state's own and neither is corrected).",NA,2026-09-14,data/evidence/MS/2026-09-14_ms_governor_167_awards_ROSTER.html,NA,NA,NA
MS,49,Covington County Hospital,829240,HOSPITAL_OR_SYSTEM,Yes,"To enhance cybersecurity protections by purchasing equipment to modernize the network and servers, SD-WAN for remote clinics and manage SIEM monitoring. [Covington County]",Yes,Yes,FY2026 (Year 1),Governor Reeves Announces 167 Rural Health Transformation Program Awards Totaling More Than $104 Million,https://governorreeves.ms.gov/governor-reeves-announces-167-rural-health-transformation-program-awards-totaling-more-than-104-million/,GOVERNOR_PRESS_RELEASE,DIRECT_TEXT,R/03ak_ms_year1_awardees.R,NA,NA,NA,NA,Covington County,Rural Technology Grant (RTG),49,Covington County Hospital,DERIVED FROM THE RECIPIENT'S OWN NAME by rhtp_classify_recipient_type().,HIGH,NA,Budget Period 1,DIRECT,Yes,NAMED_HOSPITAL,NA,"§10.2 DIRECT -- the named recipient is itself a hospital or health system, so recipient identity IS the flow test and no description decides it (§0.3a). The award is ANNOUNCED, not intended: the Governor's release says 'today announced 167 awards', so recipient_confirmed and amount_confirmed are both Yes -- stronger than Arkansas's or Wyoming's intents.","EXACT, per-recipient, and published by the Governor for every one of the 167 rows. The 167 sum to $104,115,146.80 against a stated $104,115,146 -- a $0.80 TRUNCATION of the cents, not a discrepancy (§8: both figures are the state's own and neither is corrected).",NA,2026-09-14,data/evidence/MS/2026-09-14_ms_governor_167_awards_ROSTER.html,NA,NA,NA
MS,50,Memorial Health System,684325,HOSPITAL_OR_SYSTEM,Yes,"To launch a clinical communication transformation program to integrate telephony, paging, secure messaging, EHR alerts, call lights and monitoring systems in real-time. [Harrison County]",Yes,Yes,FY2026 (Year 1),Governor Reeves Announces 167 Rural Health Transformation Program Awards Totaling More Than $104 Million,https://governorreeves.ms.gov/governor-reeves-announces-167-rural-health-transformation-program-awards-totaling-more-than-104-million/,GOVERNOR_PRESS_RELEASE,DIRECT_TEXT,R/03ak_ms_year1_awardees.R,NA,NA,NA,NA,Harrison County,Rural Technology Grant (RTG),50,Memorial Health System,DERIVED FROM THE RECIPIENT'S OWN NAME by rhtp_classify_recipient_type().,MEDIUM,NA,Budget Period 1,DIRECT,Yes,NAMED_HOSPITAL,NA,"§10.2 DIRECT -- the named recipient is itself a hospital or health system, so recipient identity IS the flow test and no description decides it (§0.3a). The award is ANNOUNCED, not intended: the Governor's release says 'today announced 167 awards', so recipient_confirmed and amount_confirmed are both Yes -- stronger than Arkansas's or Wyoming's intents.","EXACT, per-recipient, and published by the Governor for every one of the 167 rows. The 167 sum to $104,115,146.80 against a stated $104,115,146 -- a $0.80 TRUNCATION of the cents, not a discrepancy (§8: both figures are the state's own and neither is corrected).",NA,2026-09-14,data/evidence/MS/2026-09-14_ms_governor_167_awards_ROSTER.html,NA,NA,NA
MS,51,University of Mississippi Medical Center,826256,HOSPITAL_OR_SYSTEM,Yes,"To create a shared, cloud-based analytics and reporting platform for participating rural hospitals to provide for a common reporting model, improve visibility into patient access and utilization, and build a sustainable data infrastructure to support better healthcare access and outcomes for rural Mississippians. [Hinds County]",Yes,Yes,FY2026 (Year 1),Governor Reeves Announces 167 Rural Health Transformation Program Awards Totaling More Than $104 Million,https://governorreeves.ms.gov/governor-reeves-announces-167-rural-health-transformation-program-awards-totaling-more-than-104-million/,GOVERNOR_PRESS_RELEASE,DIRECT_TEXT,R/03ak_ms_year1_awardees.R,NA,NA,NA,NA,Hinds County,Rural Technology Grant (RTG),51,University of Mississippi Medical Center,DERIVED FROM THE RECIPIENT'S OWN NAME by rhtp_classify_recipient_type().,HIGH,NA,Budget Period 1,DIRECT,Yes,NAMED_HOSPITAL,NA,"§10.2 DIRECT -- the named recipient is itself a hospital or health system, so recipient identity IS the flow test and no description decides it (§0.3a). The award is ANNOUNCED, not intended: the Governor's release says 'today announced 167 awards', so recipient_confirmed and amount_confirmed are both Yes -- stronger than Arkansas's or Wyoming's intents.","EXACT, per-recipient, and published by the Governor for every one of the 167 rows. The 167 sum to $104,115,146.80 against a stated $104,115,146 -- a $0.80 TRUNCATION of the cents, not a discrepancy (§8: both figures are the state's own and neither is corrected).",NA,2026-09-14,data/evidence/MS/2026-09-14_ms_governor_167_awards_ROSTER.html,NA,NA,NA
MS,52,Northwest Mississippi Regional Medical Center,212674,HOSPITAL_OR_SYSTEM,Yes,"To implement a Delta Cardiovascular Connectivity Network, a centralized cardiology PACS and interoperability project that will enable centralized image access, structured reporting, remote-ready physician connectivity and dashboard monitoring. [Coahoma County]",Yes,Yes,FY2026 (Year 1),Governor Reeves Announces 167 Rural Health Transformation Program Awards Totaling More Than $104 Million,https://governorreeves.ms.gov/governor-reeves-announces-167-rural-health-transformation-program-awards-totaling-more-than-104-million/,GOVERNOR_PRESS_RELEASE,DIRECT_TEXT,R/03ak_ms_year1_awardees.R,NA,NA,NA,NA,Coahoma County,Rural Technology Grant (RTG),52,Northwest Mississippi Regional Medical Center,DERIVED FROM THE RECIPIENT'S OWN NAME by rhtp_classify_recipient_type().,HIGH,NA,Budget Period 1,DIRECT,Yes,NAMED_HOSPITAL,NA,"§10.2 DIRECT -- the named recipient is itself a hospital or health system, so recipient identity IS the flow test and no description decides it (§0.3a). The award is ANNOUNCED, not intended: the Governor's release says 'today announced 167 awards', so recipient_confirmed and amount_confirmed are both Yes -- stronger than Arkansas's or Wyoming's intents.","EXACT, per-recipient, and published by the Governor for every one of the 167 rows. The 167 sum to $104,115,146.80 against a stated $104,115,146 -- a $0.80 TRUNCATION of the cents, not a discrepancy (§8: both figures are the state's own and neither is corrected).",NA,2026-09-14,data/evidence/MS/2026-09-14_ms_governor_167_awards_ROSTER.html,NA,NA,NA
MS,53,"The Mississippi Methodist Hospital and Rehabilitation Center, Inc",87061,HOSPITAL_OR_SYSTEM,Yes,To modernize medication management by integrating a comprehensive platform into its existing electronic health records system. [Hinds County],Yes,Yes,FY2026 (Year 1),Governor Reeves Announces 167 Rural Health Transformation Program Awards Totaling More Than $104 Million,https://governorreeves.ms.gov/governor-reeves-announces-167-rural-health-transformation-program-awards-totaling-more-than-104-million/,GOVERNOR_PRESS_RELEASE,DIRECT_TEXT,R/03ak_ms_year1_awardees.R,NA,NA,NA,NA,Hinds County,Rural Technology Grant (RTG),53,"The Mississippi Methodist Hospital and Rehabilitation Center, Inc",DERIVED FROM THE RECIPIENT'S OWN NAME by rhtp_classify_recipient_type().,HIGH,NA,Budget Period 1,DIRECT,Yes,NAMED_HOSPITAL,NA,"§10.2 DIRECT -- the named recipient is itself a hospital or health system, so recipient identity IS the flow test and no description decides it (§0.3a). The award is ANNOUNCED, not intended: the Governor's release says 'today announced 167 awards', so recipient_confirmed and amount_confirmed are both Yes -- stronger than Arkansas's or Wyoming's intents.","EXACT, per-recipient, and published by the Governor for every one of the 167 rows. The 167 sum to $104,115,146.80 against a stated $104,115,146 -- a $0.80 TRUNCATION of the cents, not a discrepancy (§8: both figures are the state's own and neither is corrected).",NA,2026-09-14,data/evidence/MS/2026-09-14_ms_governor_167_awards_ROSTER.html,NA,NA,NA
MS,54,South Mississippi State Hospital,180000,HOSPITAL_OR_SYSTEM,Yes,"To replace outdated nurse call system with a modern, hospital-wide communication platform that improves patient safety, staff response times and coordination of care. [Lamar County]",Yes,Yes,FY2026 (Year 1),Governor Reeves Announces 167 Rural Health Transformation Program Awards Totaling More Than $104 Million,https://governorreeves.ms.gov/governor-reeves-announces-167-rural-health-transformation-program-awards-totaling-more-than-104-million/,GOVERNOR_PRESS_RELEASE,DIRECT_TEXT,R/03ak_ms_year1_awardees.R,NA,NA,NA,NA,Lamar County,Rural Technology Grant (RTG),54,South Mississippi State Hospital,DERIVED FROM THE RECIPIENT'S OWN NAME by rhtp_classify_recipient_type().,HIGH,NA,Budget Period 1,DIRECT,Yes,NAMED_HOSPITAL,NA,"§10.2 DIRECT -- the named recipient is itself a hospital or health system, so recipient identity IS the flow test and no description decides it (§0.3a). The award is ANNOUNCED, not intended: the Governor's release says 'today announced 167 awards', so recipient_confirmed and amount_confirmed are both Yes -- stronger than Arkansas's or Wyoming's intents.","EXACT, per-recipient, and published by the Governor for every one of the 167 rows. The 167 sum to $104,115,146.80 against a stated $104,115,146 -- a $0.80 TRUNCATION of the cents, not a discrepancy (§8: both figures are the state's own and neither is corrected).",NA,2026-09-14,data/evidence/MS/2026-09-14_ms_governor_167_awards_ROSTER.html,NA,NA,NA
MS,55,Copiah County Medical Center,55000,HOSPITAL_OR_SYSTEM,Yes,"To launch a comprehensive lung cancer screening technology enhancement program that will expand access to preventive screening and early detection for a rural, underserved population. [Copiah County]",Yes,Yes,FY2026 (Year 1),Governor Reeves Announces 167 Rural Health Transformation Program Awards Totaling More Than $104 Million,https://governorreeves.ms.gov/governor-reeves-announces-167-rural-health-transformation-program-awards-totaling-more-than-104-million/,GOVERNOR_PRESS_RELEASE,DIRECT_TEXT,R/03ak_ms_year1_awardees.R,NA,NA,NA,NA,Copiah County,Rural Technology Grant (RTG),55,Copiah County Medical Center,DERIVED FROM THE RECIPIENT'S OWN NAME by rhtp_classify_recipient_type().,HIGH,NA,Budget Period 1,DIRECT,Yes,NAMED_HOSPITAL,NA,"§10.2 DIRECT -- the named recipient is itself a hospital or health system, so recipient identity IS the flow test and no description decides it (§0.3a). The award is ANNOUNCED, not intended: the Governor's release says 'today announced 167 awards', so recipient_confirmed and amount_confirmed are both Yes -- stronger than Arkansas's or Wyoming's intents.","EXACT, per-recipient, and published by the Governor for every one of the 167 rows. The 167 sum to $104,115,146.80 against a stated $104,115,146 -- a $0.80 TRUNCATION of the cents, not a discrepancy (§8: both figures are the state's own and neither is corrected).",NA,2026-09-14,data/evidence/MS/2026-09-14_ms_governor_167_awards_ROSTER.html,NA,NA,NA
MS,56,South Mississippi State Hospital,16000,HOSPITAL_OR_SYSTEM,Yes,To fund the purchase of electronic nursing communication boards to strengthen communications and support high-quality care for rural patients. [Lamar County],Yes,Yes,FY2026 (Year 1),Governor Reeves Announces 167 Rural Health Transformation Program Awards Totaling More Than $104 Million,https://governorreeves.ms.gov/governor-reeves-announces-167-rural-health-transformation-program-awards-totaling-more-than-104-million/,GOVERNOR_PRESS_RELEASE,DIRECT_TEXT,R/03ak_ms_year1_awardees.R,NA,NA,NA,NA,Lamar County,Rural Technology Grant (RTG),56,South Mississippi State Hospital,DERIVED FROM THE RECIPIENT'S OWN NAME by rhtp_classify_recipient_type().,HIGH,NA,Budget Period 1,DIRECT,Yes,NAMED_HOSPITAL,NA,"§10.2 DIRECT -- the named recipient is itself a hospital or health system, so recipient identity IS the flow test and no description decides it (§0.3a). The award is ANNOUNCED, not intended: the Governor's release says 'today announced 167 awards', so recipient_confirmed and amount_confirmed are both Yes -- stronger than Arkansas's or Wyoming's intents.","EXACT, per-recipient, and published by the Governor for every one of the 167 rows. The 167 sum to $104,115,146.80 against a stated $104,115,146 -- a $0.80 TRUNCATION of the cents, not a discrepancy (§8: both figures are the state's own and neither is corrected).",NA,2026-09-14,data/evidence/MS/2026-09-14_ms_governor_167_awards_ROSTER.html,NA,NA,NA
MS,57,South Mississippi State Hospital,30000,HOSPITAL_OR_SYSTEM,Yes,To fund hands-free clinical communication badges to enable faster coordination among clinical staff during emergencies and routine care. [Lamar County],Yes,Yes,FY2026 (Year 1),Governor Reeves Announces 167 Rural Health Transformation Program Awards Totaling More Than $104 Million,https://governorreeves.ms.gov/governor-reeves-announces-167-rural-health-transformation-program-awards-totaling-more-than-104-million/,GOVERNOR_PRESS_RELEASE,DIRECT_TEXT,R/03ak_ms_year1_awardees.R,NA,NA,NA,NA,Lamar County,Rural Technology Grant (RTG),57,South Mississippi State Hospital,DERIVED FROM THE RECIPIENT'S OWN NAME by rhtp_classify_recipient_type().,HIGH,NA,Budget Period 1,DIRECT,Yes,NAMED_HOSPITAL,NA,"§10.2 DIRECT -- the named recipient is itself a hospital or health system, so recipient identity IS the flow test and no description decides it (§0.3a). The award is ANNOUNCED, not intended: the Governor's release says 'today announced 167 awards', so recipient_confirmed and amount_confirmed are both Yes -- stronger than Arkansas's or Wyoming's intents.","EXACT, per-recipient, and published by the Governor for every one of the 167 rows. The 167 sum to $104,115,146.80 against a stated $104,115,146 -- a $0.80 TRUNCATION of the cents, not a discrepancy (§8: both figures are the state's own and neither is corrected).",NA,2026-09-14,data/evidence/MS/2026-09-14_ms_governor_167_awards_ROSTER.html,NA,NA,NA
MS,58,George County Hospital,395500,HOSPITAL_OR_SYSTEM,Yes,"To enhance cybersecurity capabilities, replace critical servers, add fire suppression, migrate workloads and train staff. [George County]",Yes,Yes,FY2026 (Year 1),Governor Reeves Announces 167 Rural Health Transformation Program Awards Totaling More Than $104 Million,https://governorreeves.ms.gov/governor-reeves-announces-167-rural-health-transformation-program-awards-totaling-more-than-104-million/,GOVERNOR_PRESS_RELEASE,DIRECT_TEXT,R/03ak_ms_year1_awardees.R,NA,NA,NA,NA,George County,Rural Technology Grant (RTG),58,George County Hospital,DERIVED FROM THE RECIPIENT'S OWN NAME by rhtp_classify_recipient_type().,HIGH,NA,Budget Period 1,DIRECT,Yes,NAMED_HOSPITAL,NA,"§10.2 DIRECT -- the named recipient is itself a hospital or health system, so recipient identity IS the flow test and no description decides it (§0.3a). The award is ANNOUNCED, not intended: the Governor's release says 'today announced 167 awards', so recipient_confirmed and amount_confirmed are both Yes -- stronger than Arkansas's or Wyoming's intents.","EXACT, per-recipient, and published by the Governor for every one of the 167 rows. The 167 sum to $104,115,146.80 against a stated $104,115,146 -- a $0.80 TRUNCATION of the cents, not a discrepancy (§8: both figures are the state's own and neither is corrected).",NA,2026-09-14,data/evidence/MS/2026-09-14_ms_governor_167_awards_ROSTER.html,NA,NA,NA
MS,59,South Mississippi State Hospital,3600,HOSPITAL_OR_SYSTEM,Yes,To purchase integrated vital signs equipment to interface directly with its new EHR system and replace manual documentation process. [Lamar County],Yes,Yes,FY2026 (Year 1),Governor Reeves Announces 167 Rural Health Transformation Program Awards Totaling More Than $104 Million,https://governorreeves.ms.gov/governor-reeves-announces-167-rural-health-transformation-program-awards-totaling-more-than-104-million/,GOVERNOR_PRESS_RELEASE,DIRECT_TEXT,R/03ak_ms_year1_awardees.R,NA,NA,NA,NA,Lamar County,Rural Technology Grant (RTG),59,South Mississippi State Hospital,DERIVED FROM THE RECIPIENT'S OWN NAME by rhtp_classify_recipient_type().,HIGH,NA,Budget Period 1,DIRECT,Yes,NAMED_HOSPITAL,NA,"§10.2 DIRECT -- the named recipient is itself a hospital or health system, so recipient identity IS the flow test and no description decides it (§0.3a). The award is ANNOUNCED, not intended: the Governor's release says 'today announced 167 awards', so recipient_confirmed and amount_confirmed are both Yes -- stronger than Arkansas's or Wyoming's intents.","EXACT, per-recipient, and published by the Governor for every one of the 167 rows. The 167 sum to $104,115,146.80 against a stated $104,115,146 -- a $0.80 TRUNCATION of the cents, not a discrepancy (§8: both figures are the state's own and neither is corrected).",NA,2026-09-14,data/evidence/MS/2026-09-14_ms_governor_167_awards_ROSTER.html,NA,NA,NA
MS,60,South Mississippi State Hospital,17600,HOSPITAL_OR_SYSTEM,Yes,To purchase two workstations on wheels and four barcode scanners to support integration of its new electronic health records system. [Lamar County],Yes,Yes,FY2026 (Year 1),Governor Reeves Announces 167 Rural Health Transformation Program Awards Totaling More Than $104 Million,https://governorreeves.ms.gov/governor-reeves-announces-167-rural-health-transformation-program-awards-totaling-more-than-104-million/,GOVERNOR_PRESS_RELEASE,DIRECT_TEXT,R/03ak_ms_year1_awardees.R,NA,NA,NA,NA,Lamar County,Rural Technology Grant (RTG),60,South Mississippi State Hospital,DERIVED FROM THE RECIPIENT'S OWN NAME by rhtp_classify_recipient_type().,HIGH,NA,Budget Period 1,DIRECT,Yes,NAMED_HOSPITAL,NA,"§10.2 DIRECT -- the named recipient is itself a hospital or health system, so recipient identity IS the flow test and no description decides it (§0.3a). The award is ANNOUNCED, not intended: the Governor's release says 'today announced 167 awards', so recipient_confirmed and amount_confirmed are both Yes -- stronger than Arkansas's or Wyoming's intents.","EXACT, per-recipient, and published by the Governor for every one of the 167 rows. The 167 sum to $104,115,146.80 against a stated $104,115,146 -- a $0.80 TRUNCATION of the cents, not a discrepancy (§8: both figures are the state's own and neither is corrected).",NA,2026-09-14,data/evidence/MS/2026-09-14_ms_governor_167_awards_ROSTER.html,NA,NA,NA
MS,61,Ochsner MS,3000000,HOSPITAL_OR_SYSTEM,Yes,"To modernize key systems, including the nurse call system, patient monitoring technology and infant security system to strengthen patient communication, real-time clinical response and newborn protection. [Lauderdale County]",Yes,Yes,FY2026 (Year 1),Governor Reeves Announces 167 Rural Health Transformation Program Awards Totaling More Than $104 Million,https://governorreeves.ms.gov/governor-reeves-announces-167-rural-health-transformation-program-awards-totaling-more-than-104-million/,GOVERNOR_PRESS_RELEASE,DIRECT_TEXT,R/03ak_ms_year1_awardees.R,NA,NA,NA,NA,Lauderdale County,Rural Technology Grant (RTG),61,Ochsner MS,"§8's STANDING FALLBACK. The Governor's release publishes a recipient, a county, an amount and a description of the WORK, and says NOTHING about the recipient's organisational form -- Kansas's, Maryland's, Nebraska's, Oklahoma's, Nevada's, Michigan's, Missouri's, Iowa's, North Carolina's, Arkansas's and Wyoming's shape a TWELFTH time. NOTHING WAS PROMOTED (§0.4): several of these read as FQHCs or physician practices to anyone who knows Mississippi, and reading them that way would be this pipeline asserting a form the state has not.",LOW,NA,Budget Period 1,DIRECT,Yes,NAMED_HOSPITAL,NA,"RECIPIENT TYPE DETERMINED (session 50): HOSPITAL_OR_SYSTEM -- health system operating Mississippi hospitals (Ochsner Rush Medical Center, Meridian, CCN 250069). Basis (GENERAL_KNOWLEDGE): A HAND-READ BRIDGE. 'Ochsner MS' is a shorthand no federal record carries. CMS Hospital Enrollments lists OCHSNER RUSH MEDICAL CENTER (Meridian, Lauderdale County, CCN 250069, legal name Rush Medical Foundation) and the award's county is Lauderdale; Ochsner's other Mississippi hospitals (Scott Regional, Stennis) are in other counties. The identification is this project's, so LOW. Source: no citable source for the FORM; the answer is this project's own knowledge (§0.4, session 49 policy 3). flow re-run: §10.2 re-applied because the re-type crosses the DIRECT test. PRIOR BASIS, kept because §2.1 says a correction shows what moved: §10.2 -- the named recipient is not a hospital, so no hospital dollar is claimed. Where recipient_type is §8's standing fallback this is the CONSERVATIVE answer and the row is queued as MS_RECIPIENT_FORM_NOT_STATED: resolving it could only raise Mississippi's hospital figure, never lower it.","EXACT, per-recipient, and published by the Governor for every one of the 167 rows. The 167 sum to $104,115,146.80 against a stated $104,115,146 -- a $0.80 TRUNCATION of the cents, not a discrepancy (§8: both figures are the state's own and neither is corrected).",NA,2026-09-14,data/evidence/MS/2026-09-14_ms_governor_167_awards_ROSTER.html,GENERAL_KNOWLEDGE,session 50 unstated-form typing,"health system operating Mississippi hospitals (Ochsner Rush Medical Center, Meridian, CCN 250069). A HAND-READ BRIDGE. 'Ochsner MS' is a shorthand no federal record carries. CMS Hospital Enrollments lists OCHSNER RUSH MEDICAL CENTER (Meridian, Lauderdale County, CCN 250069, legal name Rush Medical Foundation) and the award's county is Lauderdale; Ochsner's other Mississippi hospitals (Scott Regional, Stennis) are in other counties. The identification is this project's, so LOW. Source: no citable source for the FORM; the answer is this project's own knowledge (§0.4, session 49 policy 3)"
MS,62,Southwest Mississippi Regional Medical Center,50000,HOSPITAL_OR_SYSTEM,Yes,"To purchase equipment for an alerting thermostat system that will provide continuous, automated temperature monitoring in critical areas and send real-time alerts when conditions fall outside safe ranges. [Lawrence County]",Yes,Yes,FY2026 (Year 1),Governor Reeves Announces 167 Rural Health Transformation Program Awards Totaling More Than $104 Million,https://governorreeves.ms.gov/governor-reeves-announces-167-rural-health-transformation-program-awards-totaling-more-than-104-million/,GOVERNOR_PRESS_RELEASE,DIRECT_TEXT,R/03ak_ms_year1_awardees.R,NA,NA,NA,NA,Lawrence County,Rural Technology Grant (RTG),62,Southwest Mississippi Regional Medical Center,DERIVED FROM THE RECIPIENT'S OWN NAME by rhtp_classify_recipient_type().,HIGH,NA,Budget Period 1,DIRECT,Yes,NAMED_HOSPITAL,NA,"§10.2 DIRECT -- the named recipient is itself a hospital or health system, so recipient identity IS the flow test and no description decides it (§0.3a). The award is ANNOUNCED, not intended: the Governor's release says 'today announced 167 awards', so recipient_confirmed and amount_confirmed are both Yes -- stronger than Arkansas's or Wyoming's intents.","EXACT, per-recipient, and published by the Governor for every one of the 167 rows. The 167 sum to $104,115,146.80 against a stated $104,115,146 -- a $0.80 TRUNCATION of the cents, not a discrepancy (§8: both figures are the state's own and neither is corrected).",NA,2026-09-14,data/evidence/MS/2026-09-14_ms_governor_167_awards_ROSTER.html,NA,NA,NA
MS,63,Southwest Mississippi Regional Medical Center,30000,HOSPITAL_OR_SYSTEM,Yes,"To purchase equipment for a new electronic faxing solution to modernize rural hospital’s communication by replacing outdated, paper-based fax processes. [Lawrence County]",Yes,Yes,FY2026 (Year 1),Governor Reeves Announces 167 Rural Health Transformation Program Awards Totaling More Than $104 Million,https://governorreeves.ms.gov/governor-reeves-announces-167-rural-health-transformation-program-awards-totaling-more-than-104-million/,GOVERNOR_PRESS_RELEASE,DIRECT_TEXT,R/03ak_ms_year1_awardees.R,NA,NA,NA,NA,Lawrence County,Rural Technology Grant (RTG),63,Southwest Mississippi Regional Medical Center,DERIVED FROM THE RECIPIENT'S OWN NAME by rhtp_classify_recipient_type().,HIGH,NA,Budget Period 1,DIRECT,Yes,NAMED_HOSPITAL,NA,"§10.2 DIRECT -- the named recipient is itself a hospital or health system, so recipient identity IS the flow test and no description decides it (§0.3a). The award is ANNOUNCED, not intended: the Governor's release says 'today announced 167 awards', so recipient_confirmed and amount_confirmed are both Yes -- stronger than Arkansas's or Wyoming's intents.","EXACT, per-recipient, and published by the Governor for every one of the 167 rows. The 167 sum to $104,115,146.80 against a stated $104,115,146 -- a $0.80 TRUNCATION of the cents, not a discrepancy (§8: both figures are the state's own and neither is corrected).",NA,2026-09-14,data/evidence/MS/2026-09-14_ms_governor_167_awards_ROSTER.html,NA,NA,NA
MS,64,Tyler Holmes Memorial Hospital,263270,HOSPITAL_OR_SYSTEM,Yes,"To replace the nurse call system with a modernized system and real-time location services platform, which will improve communications reliability, reduce maintenance concerns and strengthen the hospital’s care delivery infrastructure. [Montgomery County]",Yes,Yes,FY2026 (Year 1),Governor Reeves Announces 167 Rural Health Transformation Program Awards Totaling More Than $104 Million,https://governorreeves.ms.gov/governor-reeves-announces-167-rural-health-transformation-program-awards-totaling-more-than-104-million/,GOVERNOR_PRESS_RELEASE,DIRECT_TEXT,R/03ak_ms_year1_awardees.R,NA,NA,NA,NA,Montgomery County,Rural Technology Grant (RTG),64,Tyler Holmes Memorial Hospital,DERIVED FROM THE RECIPIENT'S OWN NAME by rhtp_classify_recipient_type().,HIGH,NA,Budget Period 1,DIRECT,Yes,NAMED_HOSPITAL,NA,"§10.2 DIRECT -- the named recipient is itself a hospital or health system, so recipient identity IS the flow test and no description decides it (§0.3a). The award is ANNOUNCED, not intended: the Governor's release says 'today announced 167 awards', so recipient_confirmed and amount_confirmed are both Yes -- stronger than Arkansas's or Wyoming's intents.","EXACT, per-recipient, and published by the Governor for every one of the 167 rows. The 167 sum to $104,115,146.80 against a stated $104,115,146 -- a $0.80 TRUNCATION of the cents, not a discrepancy (§8: both figures are the state's own and neither is corrected).",NA,2026-09-14,data/evidence/MS/2026-09-14_ms_governor_167_awards_ROSTER.html,NA,NA,NA
MS,65,Neshoba County General Hospital,255000,HOSPITAL_OR_SYSTEM,Yes,"To implement a unified enterprise data warehouse and modern decision support platform integrating core systems, automating reporting and providing analytics for costing, productivity, quality and service line performance. [Neshoba County]",Yes,Yes,FY2026 (Year 1),Governor Reeves Announces 167 Rural Health Transformation Program Awards Totaling More Than $104 Million,https://governorreeves.ms.gov/governor-reeves-announces-167-rural-health-transformation-program-awards-totaling-more-than-104-million/,GOVERNOR_PRESS_RELEASE,DIRECT_TEXT,R/03ak_ms_year1_awardees.R,NA,NA,NA,NA,Neshoba County,Rural Technology Grant (RTG),65,Neshoba County General Hospital,DERIVED FROM THE RECIPIENT'S OWN NAME by rhtp_classify_recipient_type().,HIGH,NA,Budget Period 1,DIRECT,Yes,NAMED_HOSPITAL,NA,"§10.2 DIRECT -- the named recipient is itself a hospital or health system, so recipient identity IS the flow test and no description decides it (§0.3a). The award is ANNOUNCED, not intended: the Governor's release says 'today announced 167 awards', so recipient_confirmed and amount_confirmed are both Yes -- stronger than Arkansas's or Wyoming's intents.","EXACT, per-recipient, and published by the Governor for every one of the 167 rows. The 167 sum to $104,115,146.80 against a stated $104,115,146 -- a $0.80 TRUNCATION of the cents, not a discrepancy (§8: both figures are the state's own and neither is corrected).",NA,2026-09-14,data/evidence/MS/2026-09-14_ms_governor_167_awards_ROSTER.html,NA,NA,NA
MS,66,Southwest Mississippi Regional Medical Center,18200,HOSPITAL_OR_SYSTEM,Yes,To purchase automated CPR technology. [Pike County],Yes,Yes,FY2026 (Year 1),Governor Reeves Announces 167 Rural Health Transformation Program Awards Totaling More Than $104 Million,https://governorreeves.ms.gov/governor-reeves-announces-167-rural-health-transformation-program-awards-totaling-more-than-104-million/,GOVERNOR_PRESS_RELEASE,DIRECT_TEXT,R/03ak_ms_year1_awardees.R,NA,NA,NA,NA,Pike County,Rural Technology Grant (RTG),66,Southwest Mississippi Regional Medical Center,DERIVED FROM THE RECIPIENT'S OWN NAME by rhtp_classify_recipient_type().,HIGH,NA,Budget Period 1,DIRECT,Yes,NAMED_HOSPITAL,NA,"§10.2 DIRECT -- the named recipient is itself a hospital or health system, so recipient identity IS the flow test and no description decides it (§0.3a). The award is ANNOUNCED, not intended: the Governor's release says 'today announced 167 awards', so recipient_confirmed and amount_confirmed are both Yes -- stronger than Arkansas's or Wyoming's intents.","EXACT, per-recipient, and published by the Governor for every one of the 167 rows. The 167 sum to $104,115,146.80 against a stated $104,115,146 -- a $0.80 TRUNCATION of the cents, not a discrepancy (§8: both figures are the state's own and neither is corrected).",NA,2026-09-14,data/evidence/MS/2026-09-14_ms_governor_167_awards_ROSTER.html,NA,NA,NA
MS,67,Southwest Mississippi Regional Medical Center,120000,HOSPITAL_OR_SYSTEM,Yes,To purchase equipment for an automated blood bank system. [Pike County],Yes,Yes,FY2026 (Year 1),Governor Reeves Announces 167 Rural Health Transformation Program Awards Totaling More Than $104 Million,https://governorreeves.ms.gov/governor-reeves-announces-167-rural-health-transformation-program-awards-totaling-more-than-104-million/,GOVERNOR_PRESS_RELEASE,DIRECT_TEXT,R/03ak_ms_year1_awardees.R,NA,NA,NA,NA,Pike County,Rural Technology Grant (RTG),67,Southwest Mississippi Regional Medical Center,DERIVED FROM THE RECIPIENT'S OWN NAME by rhtp_classify_recipient_type().,HIGH,NA,Budget Period 1,DIRECT,Yes,NAMED_HOSPITAL,NA,"§10.2 DIRECT -- the named recipient is itself a hospital or health system, so recipient identity IS the flow test and no description decides it (§0.3a). The award is ANNOUNCED, not intended: the Governor's release says 'today announced 167 awards', so recipient_confirmed and amount_confirmed are both Yes -- stronger than Arkansas's or Wyoming's intents.","EXACT, per-recipient, and published by the Governor for every one of the 167 rows. The 167 sum to $104,115,146.80 against a stated $104,115,146 -- a $0.80 TRUNCATION of the cents, not a discrepancy (§8: both figures are the state's own and neither is corrected).",NA,2026-09-14,data/evidence/MS/2026-09-14_ms_governor_167_awards_ROSTER.html,NA,NA,NA
MS,68,Magee Benevolent Association,2131454,HOSPITAL_OR_SYSTEM,Yes,"To implement bi-directional integration between infusion pumps and Epic across four rural hospitals, while also replacing pumps at three of the sites. [Simpson County]",Yes,Yes,FY2026 (Year 1),Governor Reeves Announces 167 Rural Health Transformation Program Awards Totaling More Than $104 Million,https://governorreeves.ms.gov/governor-reeves-announces-167-rural-health-transformation-program-awards-totaling-more-than-104-million/,GOVERNOR_PRESS_RELEASE,DIRECT_TEXT,R/03ak_ms_year1_awardees.R,NA,NA,NA,NA,Simpson County,Rural Technology Grant (RTG),68,Magee Benevolent Association,"§8's STANDING FALLBACK. The Governor's release publishes a recipient, a county, an amount and a description of the WORK, and says NOTHING about the recipient's organisational form -- Kansas's, Maryland's, Nebraska's, Oklahoma's, Nevada's, Michigan's, Missouri's, Iowa's, North Carolina's, Arkansas's and Wyoming's shape a TWELFTH time. NOTHING WAS PROMOTED (§0.4): several of these read as FQHCs or physician practices to anyone who knows Mississippi, and reading them that way would be this pipeline asserting a form the state has not.",MEDIUM,NA,Budget Period 1,DIRECT,Yes,NAMED_HOSPITAL,NA,"RECIPIENT TYPE DETERMINED (session 50): HOSPITAL_OR_SYSTEM -- acute care hospital (Magee General Hospital, CCN 250124). Basis (ORG_WEBSITE): CMS Hospital Enrollments carries ORGANIZATION NAME 'MAGEE BENEVOLENT ASSOCIATION', Magee MS (Simpson County), against CCN 250124. The awardee string is the hospital's own legal name and the award's county matches. Source: https://data.cms.gov/provider-data/dataset/xubh-q36u (Hospital Enrollments, 2026-07-31). flow re-run: §10.2 re-applied because the re-type crosses the DIRECT test. PRIOR BASIS, kept because §2.1 says a correction shows what moved: §10.2 -- the named recipient is not a hospital, so no hospital dollar is claimed. Where recipient_type is §8's standing fallback this is the CONSERVATIVE answer and the row is queued as MS_RECIPIENT_FORM_NOT_STATED: resolving it could only raise Mississippi's hospital figure, never lower it.","EXACT, per-recipient, and published by the Governor for every one of the 167 rows. The 167 sum to $104,115,146.80 against a stated $104,115,146 -- a $0.80 TRUNCATION of the cents, not a discrepancy (§8: both figures are the state's own and neither is corrected).",NA,2026-09-14,data/evidence/MS/2026-09-14_ms_governor_167_awards_ROSTER.html,ORG_WEBSITE,session 50 unstated-form typing,"acute care hospital (Magee General Hospital, CCN 250124). CMS Hospital Enrollments carries ORGANIZATION NAME 'MAGEE BENEVOLENT ASSOCIATION', Magee MS (Simpson County), against CCN 250124. The awardee string is the hospital's own legal name and the award's county matches. Source: https://data.cms.gov/provider-data/dataset/xubh-q36u (Hospital Enrollments, 2026-07-31)"
MS,69,Memorial Health System,2874728,HOSPITAL_OR_SYSTEM,Yes,"To fund the purchase of equipment for Secure Clinical Access Platform Modernization to improve virtual desktop infrastructure, replace unsupported shared clinical endpoints and implement modern identity and single sign-on tools across its rural hospitals and clinics. [Stone County]",Yes,Yes,FY2026 (Year 1),Governor Reeves Announces 167 Rural Health Transformation Program Awards Totaling More Than $104 Million,https://governorreeves.ms.gov/governor-reeves-announces-167-rural-health-transformation-program-awards-totaling-more-than-104-million/,GOVERNOR_PRESS_RELEASE,DIRECT_TEXT,R/03ak_ms_year1_awardees.R,NA,NA,NA,NA,Stone County,Rural Technology Grant (RTG),69,Memorial Health System,DERIVED FROM THE RECIPIENT'S OWN NAME by rhtp_classify_recipient_type().,MEDIUM,NA,Budget Period 1,DIRECT,Yes,NAMED_HOSPITAL,NA,"§10.2 DIRECT -- the named recipient is itself a hospital or health system, so recipient identity IS the flow test and no description decides it (§0.3a). The award is ANNOUNCED, not intended: the Governor's release says 'today announced 167 awards', so recipient_confirmed and amount_confirmed are both Yes -- stronger than Arkansas's or Wyoming's intents.","EXACT, per-recipient, and published by the Governor for every one of the 167 rows. The 167 sum to $104,115,146.80 against a stated $104,115,146 -- a $0.80 TRUNCATION of the cents, not a discrepancy (§8: both figures are the state's own and neither is corrected).",NA,2026-09-14,data/evidence/MS/2026-09-14_ms_governor_167_awards_ROSTER.html,NA,NA,NA
MS,70,Tallahatchie General Hospital,125790,HOSPITAL_OR_SYSTEM,Yes,To launch a remote patient monitoring program for 400 patients with hypertension and diabetes across three rural clinics. [Tallahatchie County],Yes,Yes,FY2026 (Year 1),Governor Reeves Announces 167 Rural Health Transformation Program Awards Totaling More Than $104 Million,https://governorreeves.ms.gov/governor-reeves-announces-167-rural-health-transformation-program-awards-totaling-more-than-104-million/,GOVERNOR_PRESS_RELEASE,DIRECT_TEXT,R/03ak_ms_year1_awardees.R,NA,NA,NA,NA,Tallahatchie County,Rural Technology Grant (RTG),70,Tallahatchie General Hospital,DERIVED FROM THE RECIPIENT'S OWN NAME by rhtp_classify_recipient_type().,HIGH,NA,Budget Period 1,DIRECT,Yes,NAMED_HOSPITAL,NA,"§10.2 DIRECT -- the named recipient is itself a hospital or health system, so recipient identity IS the flow test and no description decides it (§0.3a). The award is ANNOUNCED, not intended: the Governor's release says 'today announced 167 awards', so recipient_confirmed and amount_confirmed are both Yes -- stronger than Arkansas's or Wyoming's intents.","EXACT, per-recipient, and published by the Governor for every one of the 167 rows. The 167 sum to $104,115,146.80 against a stated $104,115,146 -- a $0.80 TRUNCATION of the cents, not a discrepancy (§8: both figures are the state's own and neither is corrected).",NA,2026-09-14,data/evidence/MS/2026-09-14_ms_governor_167_awards_ROSTER.html,NA,NA,NA
MS,71,Tippah County Hospital,151300,HOSPITAL_OR_SYSTEM,Yes,To modernize technology by replacing aging hardware and strengthening cybersecurity. [Tippah County],Yes,Yes,FY2026 (Year 1),Governor Reeves Announces 167 Rural Health Transformation Program Awards Totaling More Than $104 Million,https://governorreeves.ms.gov/governor-reeves-announces-167-rural-health-transformation-program-awards-totaling-more-than-104-million/,GOVERNOR_PRESS_RELEASE,DIRECT_TEXT,R/03ak_ms_year1_awardees.R,NA,NA,NA,NA,Tippah County,Rural Technology Grant (RTG),71,Tippah County Hospital,DERIVED FROM THE RECIPIENT'S OWN NAME by rhtp_classify_recipient_type().,HIGH,NA,Budget Period 1,DIRECT,Yes,NAMED_HOSPITAL,NA,"§10.2 DIRECT -- the named recipient is itself a hospital or health system, so recipient identity IS the flow test and no description decides it (§0.3a). The award is ANNOUNCED, not intended: the Governor's release says 'today announced 167 awards', so recipient_confirmed and amount_confirmed are both Yes -- stronger than Arkansas's or Wyoming's intents.","EXACT, per-recipient, and published by the Governor for every one of the 167 rows. The 167 sum to $104,115,146.80 against a stated $104,115,146 -- a $0.80 TRUNCATION of the cents, not a discrepancy (§8: both figures are the state's own and neither is corrected).",NA,2026-09-14,data/evidence/MS/2026-09-14_ms_governor_167_awards_ROSTER.html,NA,NA,NA
MS,72,Tippah County Hospital,400000,HOSPITAL_OR_SYSTEM,Yes,"To implement a cloud-based ERP system that will modernize financial, supply chain and administrative operations. [Tippah County]",Yes,Yes,FY2026 (Year 1),Governor Reeves Announces 167 Rural Health Transformation Program Awards Totaling More Than $104 Million,https://governorreeves.ms.gov/governor-reeves-announces-167-rural-health-transformation-program-awards-totaling-more-than-104-million/,GOVERNOR_PRESS_RELEASE,DIRECT_TEXT,R/03ak_ms_year1_awardees.R,NA,NA,NA,NA,Tippah County,Rural Technology Grant (RTG),72,Tippah County Hospital,DERIVED FROM THE RECIPIENT'S OWN NAME by rhtp_classify_recipient_type().,HIGH,NA,Budget Period 1,DIRECT,Yes,NAMED_HOSPITAL,NA,"§10.2 DIRECT -- the named recipient is itself a hospital or health system, so recipient identity IS the flow test and no description decides it (§0.3a). The award is ANNOUNCED, not intended: the Governor's release says 'today announced 167 awards', so recipient_confirmed and amount_confirmed are both Yes -- stronger than Arkansas's or Wyoming's intents.","EXACT, per-recipient, and published by the Governor for every one of the 167 rows. The 167 sum to $104,115,146.80 against a stated $104,115,146 -- a $0.80 TRUNCATION of the cents, not a discrepancy (§8: both figures are the state's own and neither is corrected).",NA,2026-09-14,data/evidence/MS/2026-09-14_ms_governor_167_awards_ROSTER.html,NA,NA,NA
MS,73,Merit Health River Region,3000000,HOSPITAL_OR_SYSTEM,Yes,"To modernize the bed management process, improve interoperability and reduce manual workflows. [Warren County]",Yes,Yes,FY2026 (Year 1),Governor Reeves Announces 167 Rural Health Transformation Program Awards Totaling More Than $104 Million,https://governorreeves.ms.gov/governor-reeves-announces-167-rural-health-transformation-program-awards-totaling-more-than-104-million/,GOVERNOR_PRESS_RELEASE,DIRECT_TEXT,R/03ak_ms_year1_awardees.R,NA,NA,NA,NA,Warren County,Rural Technology Grant (RTG),73,Merit Health River Region,"§8's STANDING FALLBACK. The Governor's release publishes a recipient, a county, an amount and a description of the WORK, and says NOTHING about the recipient's organisational form -- Kansas's, Maryland's, Nebraska's, Oklahoma's, Nevada's, Michigan's, Missouri's, Iowa's, North Carolina's, Arkansas's and Wyoming's shape a TWELFTH time. NOTHING WAS PROMOTED (§0.4): several of these read as FQHCs or physician practices to anyone who knows Mississippi, and reading them that way would be this pipeline asserting a form the state has not.",MEDIUM,NA,Budget Period 1,DIRECT,Yes,NAMED_HOSPITAL,NA,"RECIPIENT TYPE DETERMINED (session 50): HOSPITAL_OR_SYSTEM -- acute care hospital (CCN 250031). Basis (ORG_WEBSITE): CMS Hospital Enrollments carries DOING BUSINESS AS NAME 'MERIT HEALTH RIVER REGION', Vicksburg MS (Warren County), against CCN 250031; the legal name is Vicksburg Healthcare LLC. Award county matches. Source: https://data.cms.gov/provider-data/dataset/xubh-q36u (Hospital Enrollments, 2026-07-31). flow re-run: §10.2 re-applied because the re-type crosses the DIRECT test. PRIOR BASIS, kept because §2.1 says a correction shows what moved: §10.2 -- the named recipient is not a hospital, so no hospital dollar is claimed. Where recipient_type is §8's standing fallback this is the CONSERVATIVE answer and the row is queued as MS_RECIPIENT_FORM_NOT_STATED: resolving it could only raise Mississippi's hospital figure, never lower it.","EXACT, per-recipient, and published by the Governor for every one of the 167 rows. The 167 sum to $104,115,146.80 against a stated $104,115,146 -- a $0.80 TRUNCATION of the cents, not a discrepancy (§8: both figures are the state's own and neither is corrected).",NA,2026-09-14,data/evidence/MS/2026-09-14_ms_governor_167_awards_ROSTER.html,ORG_WEBSITE,session 50 unstated-form typing,"acute care hospital (CCN 250031). CMS Hospital Enrollments carries DOING BUSINESS AS NAME 'MERIT HEALTH RIVER REGION', Vicksburg MS (Warren County), against CCN 250031; the legal name is Vicksburg Healthcare LLC. Award county matches. Source: https://data.cms.gov/provider-data/dataset/xubh-q36u (Hospital Enrollments, 2026-07-31)"
MS,74,Delta Health System,891750,HOSPITAL_OR_SYSTEM,Yes,To strengthen the facility’s cybersecurity infrastructure. [Washington County],Yes,Yes,FY2026 (Year 1),Governor Reeves Announces 167 Rural Health Transformation Program Awards Totaling More Than $104 Million,https://governorreeves.ms.gov/governor-reeves-announces-167-rural-health-transformation-program-awards-totaling-more-than-104-million/,GOVERNOR_PRESS_RELEASE,DIRECT_TEXT,R/03ak_ms_year1_awardees.R,NA,NA,NA,NA,Washington County,Rural Technology Grant (RTG),74,Delta Health System,DERIVED FROM THE RECIPIENT'S OWN NAME by rhtp_classify_recipient_type().,MEDIUM,NA,Budget Period 1,DIRECT,Yes,NAMED_HOSPITAL,NA,"§10.2 DIRECT -- the named recipient is itself a hospital or health system, so recipient identity IS the flow test and no description decides it (§0.3a). The award is ANNOUNCED, not intended: the Governor's release says 'today announced 167 awards', so recipient_confirmed and amount_confirmed are both Yes -- stronger than Arkansas's or Wyoming's intents.","EXACT, per-recipient, and published by the Governor for every one of the 167 rows. The 167 sum to $104,115,146.80 against a stated $104,115,146 -- a $0.80 TRUNCATION of the cents, not a discrepancy (§8: both figures are the state's own and neither is corrected).",NA,2026-09-14,data/evidence/MS/2026-09-14_ms_governor_167_awards_ROSTER.html,NA,NA,NA
MS,75,Wayne General Hospital,554357,HOSPITAL_OR_SYSTEM,Yes,To create a scalable and resilient digital ecosystem supporting high-quality healthcare delivery. [Wayne County],Yes,Yes,FY2026 (Year 1),Governor Reeves Announces 167 Rural Health Transformation Program Awards Totaling More Than $104 Million,https://governorreeves.ms.gov/governor-reeves-announces-167-rural-health-transformation-program-awards-totaling-more-than-104-million/,GOVERNOR_PRESS_RELEASE,DIRECT_TEXT,R/03ak_ms_year1_awardees.R,NA,NA,NA,NA,Wayne County,Rural Technology Grant (RTG),75,Wayne General Hospital,DERIVED FROM THE RECIPIENT'S OWN NAME by rhtp_classify_recipient_type().,HIGH,NA,Budget Period 1,DIRECT,Yes,NAMED_HOSPITAL,NA,"§10.2 DIRECT -- the named recipient is itself a hospital or health system, so recipient identity IS the flow test and no description decides it (§0.3a). The award is ANNOUNCED, not intended: the Governor's release says 'today announced 167 awards', so recipient_confirmed and amount_confirmed are both Yes -- stronger than Arkansas's or Wyoming's intents.","EXACT, per-recipient, and published by the Governor for every one of the 167 rows. The 167 sum to $104,115,146.80 against a stated $104,115,146 -- a $0.80 TRUNCATION of the cents, not a discrepancy (§8: both figures are the state's own and neither is corrected).",NA,2026-09-14,data/evidence/MS/2026-09-14_ms_governor_167_awards_ROSTER.html,NA,NA,NA
MS,76,Field Memorial Community Hospital,7800,HOSPITAL_OR_SYSTEM,Yes,To reduce technology barriers that limit communication between rural providers and patients. [Wilkinson County],Yes,Yes,FY2026 (Year 1),Governor Reeves Announces 167 Rural Health Transformation Program Awards Totaling More Than $104 Million,https://governorreeves.ms.gov/governor-reeves-announces-167-rural-health-transformation-program-awards-totaling-more-than-104-million/,GOVERNOR_PRESS_RELEASE,DIRECT_TEXT,R/03ak_ms_year1_awardees.R,NA,NA,NA,NA,Wilkinson County,Rural Technology Grant (RTG),76,Field Memorial Community Hospital,DERIVED FROM THE RECIPIENT'S OWN NAME by rhtp_classify_recipient_type().,HIGH,NA,Budget Period 1,DIRECT,Yes,NAMED_HOSPITAL,NA,"§10.2 DIRECT -- the named recipient is itself a hospital or health system, so recipient identity IS the flow test and no description decides it (§0.3a). The award is ANNOUNCED, not intended: the Governor's release says 'today announced 167 awards', so recipient_confirmed and amount_confirmed are both Yes -- stronger than Arkansas's or Wyoming's intents.","EXACT, per-recipient, and published by the Governor for every one of the 167 rows. The 167 sum to $104,115,146.80 against a stated $104,115,146 -- a $0.80 TRUNCATION of the cents, not a discrepancy (§8: both figures are the state's own and neither is corrected).",NA,2026-09-14,data/evidence/MS/2026-09-14_ms_governor_167_awards_ROSTER.html,NA,NA,NA
MS,77,Winston County Medical Foundation,369150,HOSPITAL_OR_SYSTEM,Yes,To modernize critical technology infrastructure supporting three rural clinics and a 120-bed skilled nursing facility. [Winston County],Yes,Yes,FY2026 (Year 1),Governor Reeves Announces 167 Rural Health Transformation Program Awards Totaling More Than $104 Million,https://governorreeves.ms.gov/governor-reeves-announces-167-rural-health-transformation-program-awards-totaling-more-than-104-million/,GOVERNOR_PRESS_RELEASE,DIRECT_TEXT,R/03ak_ms_year1_awardees.R,NA,NA,NA,NA,Winston County,Rural Technology Grant (RTG),77,Winston County Medical Foundation,"§8's STANDING FALLBACK. The Governor's release publishes a recipient, a county, an amount and a description of the WORK, and says NOTHING about the recipient's organisational form -- Kansas's, Maryland's, Nebraska's, Oklahoma's, Nevada's, Michigan's, Missouri's, Iowa's, North Carolina's, Arkansas's and Wyoming's shape a TWELFTH time. NOTHING WAS PROMOTED (§0.4): several of these read as FQHCs or physician practices to anyone who knows Mississippi, and reading them that way would be this pipeline asserting a form the state has not.",MEDIUM,NA,Budget Period 1,DIRECT,Yes,NAMED_HOSPITAL,NA,"RECIPIENT TYPE DETERMINED (session 50): HOSPITAL_OR_SYSTEM -- acute care hospital (Winston Medical Center, CCN 250027). Basis (ORG_WEBSITE): CMS Hospital Enrollments carries ORGANIZATION NAME 'WINSTON COUNTY MEDICAL FOUNDATION', Louisville MS, against CCN 250027 -- the state's published awardee string IS the hospital's legal name. The IRS Business Master File gives the same body as 'Winston County Medical Foundation Dba Winston Medical Center' and its Form 990 checks 'operated one or more hospital facilities' (Schedule H). Two federal publishers, nothing arranged. This is NOT §10.2's hospital-foundation row -- the foundation IS the hospital, it is not an arm of one -- which is why the queued MS_FOUNDATION_PARENT_NOT_STATED question resolves rather than needing the rule. Source: https://data.cms.gov/provider-data/dataset/xubh-q36u (Hospital Enrollments, 2026-07-31). flow re-run: §10.2 re-applied because the re-type crosses the DIRECT test. PRIOR BASIS, kept because §2.1 says a correction shows what moved: §10.2 -- the named recipient is not a hospital, so no hospital dollar is claimed. Where recipient_type is §8's standing fallback this is the CONSERVATIVE answer and the row is queued as MS_RECIPIENT_FORM_NOT_STATED: resolving it could only raise Mississippi's hospital figure, never lower it.","EXACT, per-recipient, and published by the Governor for every one of the 167 rows. The 167 sum to $104,115,146.80 against a stated $104,115,146 -- a $0.80 TRUNCATION of the cents, not a discrepancy (§8: both figures are the state's own and neither is corrected).",NA,2026-09-14,data/evidence/MS/2026-09-14_ms_governor_167_awards_ROSTER.html,ORG_WEBSITE,session 50 unstated-form typing,"acute care hospital (Winston Medical Center, CCN 250027). CMS Hospital Enrollments carries ORGANIZATION NAME 'WINSTON COUNTY MEDICAL FOUNDATION', Louisville MS, against CCN 250027 -- the state's published awardee string IS the hospital's legal name. The IRS Business Master File gives the same body as 'Winston County Medical Foundation Dba Winston Medical Center' and its Form 990 checks 'operated one or more hospital facilities' (Schedule H). Two federal publishers, nothing arranged. This is NOT §10.2's hospital-foundation row -- the foundation IS the hospital, it is not an arm of one -- which is why the queued MS_FOUNDATION_PARENT_NOT_STATED question resolves rather than needing the rule. Source: https://data.cms.gov/provider-data/dataset/xubh-q36u (Hospital Enrollments, 2026-07-31)"
MS,78,Winston County Medical Foundation,2085315,HOSPITAL_OR_SYSTEM,Yes,To fund the implementation of a new enterprise clinical information system. [Winston County],Yes,Yes,FY2026 (Year 1),Governor Reeves Announces 167 Rural Health Transformation Program Awards Totaling More Than $104 Million,https://governorreeves.ms.gov/governor-reeves-announces-167-rural-health-transformation-program-awards-totaling-more-than-104-million/,GOVERNOR_PRESS_RELEASE,DIRECT_TEXT,R/03ak_ms_year1_awardees.R,NA,NA,NA,NA,Winston County,Rural Technology Grant (RTG),78,Winston County Medical Foundation,"§8's STANDING FALLBACK. The Governor's release publishes a recipient, a county, an amount and a description of the WORK, and says NOTHING about the recipient's organisational form -- Kansas's, Maryland's, Nebraska's, Oklahoma's, Nevada's, Michigan's, Missouri's, Iowa's, North Carolina's, Arkansas's and Wyoming's shape a TWELFTH time. NOTHING WAS PROMOTED (§0.4): several of these read as FQHCs or physician practices to anyone who knows Mississippi, and reading them that way would be this pipeline asserting a form the state has not.",MEDIUM,NA,Budget Period 1,DIRECT,Yes,NAMED_HOSPITAL,NA,"RECIPIENT TYPE DETERMINED (session 50): HOSPITAL_OR_SYSTEM -- acute care hospital (Winston Medical Center, CCN 250027). Basis (ORG_WEBSITE): CMS Hospital Enrollments carries ORGANIZATION NAME 'WINSTON COUNTY MEDICAL FOUNDATION', Louisville MS, against CCN 250027 -- the state's published awardee string IS the hospital's legal name. The IRS Business Master File gives the same body as 'Winston County Medical Foundation Dba Winston Medical Center' and its Form 990 checks 'operated one or more hospital facilities' (Schedule H). Two federal publishers, nothing arranged. This is NOT §10.2's hospital-foundation row -- the foundation IS the hospital, it is not an arm of one -- which is why the queued MS_FOUNDATION_PARENT_NOT_STATED question resolves rather than needing the rule. Source: https://data.cms.gov/provider-data/dataset/xubh-q36u (Hospital Enrollments, 2026-07-31). flow re-run: §10.2 re-applied because the re-type crosses the DIRECT test. PRIOR BASIS, kept because §2.1 says a correction shows what moved: §10.2 -- the named recipient is not a hospital, so no hospital dollar is claimed. Where recipient_type is §8's standing fallback this is the CONSERVATIVE answer and the row is queued as MS_RECIPIENT_FORM_NOT_STATED: resolving it could only raise Mississippi's hospital figure, never lower it.","EXACT, per-recipient, and published by the Governor for every one of the 167 rows. The 167 sum to $104,115,146.80 against a stated $104,115,146 -- a $0.80 TRUNCATION of the cents, not a discrepancy (§8: both figures are the state's own and neither is corrected).",NA,2026-09-14,data/evidence/MS/2026-09-14_ms_governor_167_awards_ROSTER.html,ORG_WEBSITE,session 50 unstated-form typing,"acute care hospital (Winston Medical Center, CCN 250027). CMS Hospital Enrollments carries ORGANIZATION NAME 'WINSTON COUNTY MEDICAL FOUNDATION', Louisville MS, against CCN 250027 -- the state's published awardee string IS the hospital's legal name. The IRS Business Master File gives the same body as 'Winston County Medical Foundation Dba Winston Medical Center' and its Form 990 checks 'operated one or more hospital facilities' (Schedule H). Two federal publishers, nothing arranged. This is NOT §10.2's hospital-foundation row -- the foundation IS the hospital, it is not an arm of one -- which is why the queued MS_FOUNDATION_PARENT_NOT_STATED question resolves rather than needing the rule. Source: https://data.cms.gov/provider-data/dataset/xubh-q36u (Hospital Enrollments, 2026-07-31)"
MS,79,Central Mississippi Civic Improvement Association Inc,2929324,FQHC_OR_RHC,No,To modernize and strengthen healthcare technology. [Copiah County],Yes,Yes,FY2026 (Year 1),Governor Reeves Announces 167 Rural Health Transformation Program Awards Totaling More Than $104 Million,https://governorreeves.ms.gov/governor-reeves-announces-167-rural-health-transformation-program-awards-totaling-more-than-104-million/,GOVERNOR_PRESS_RELEASE,DIRECT_TEXT,R/03ak_ms_year1_awardees.R,NA,NA,NA,NA,Copiah County,Rural Technology Grant (RTG),79,Central Mississippi Civic Improvement Association Inc,"§8's STANDING FALLBACK. The Governor's release publishes a recipient, a county, an amount and a description of the WORK, and says NOTHING about the recipient's organisational form -- Kansas's, Maryland's, Nebraska's, Oklahoma's, Nevada's, Michigan's, Missouri's, Iowa's, North Carolina's, Arkansas's and Wyoming's shape a TWELFTH time. NOTHING WAS PROMOTED (§0.4): several of these read as FQHCs or physician practices to anyone who knows Mississippi, and reading them that way would be this pipeline asserting a form the state has not.",MEDIUM,NA,Budget Period 1,NON_HOSPITAL,No,NOT_HOSPITAL,NA,"RECIPIENT TYPE DETERMINED (session 50): FQHC_OR_RHC -- federally qualified health center (Jackson-Hinds Comprehensive Health Center). Basis (ORG_WEBSITE): CMS FQHC Enrollments carries this operator against many Mississippi FQHC CCNs, with DBAs reading 'JACKSON HINDS COMPREHENSIVE HEALTH CENTER'. Source: https://data.cms.gov/data-api/v1/dataset/4bcae866-3411-439a-b762-90a6187c194b/data (FQHC Enrollments, 2026-07-17). flow unchanged: the re-type does not cross §10.2's DIRECT test. PRIOR BASIS, kept because §2.1 says a correction shows what moved: §10.2 -- the named recipient is not a hospital, so no hospital dollar is claimed. Where recipient_type is §8's standing fallback this is the CONSERVATIVE answer and the row is queued as MS_RECIPIENT_FORM_NOT_STATED: resolving it could only raise Mississippi's hospital figure, never lower it.","EXACT, per-recipient, and published by the Governor for every one of the 167 rows. The 167 sum to $104,115,146.80 against a stated $104,115,146 -- a $0.80 TRUNCATION of the cents, not a discrepancy (§8: both figures are the state's own and neither is corrected).",NA,2026-09-14,data/evidence/MS/2026-09-14_ms_governor_167_awards_ROSTER.html,ORG_WEBSITE,session 50 unstated-form typing,"federally qualified health center (Jackson-Hinds Comprehensive Health Center). CMS FQHC Enrollments carries this operator against many Mississippi FQHC CCNs, with DBAs reading 'JACKSON HINDS COMPREHENSIVE HEALTH CENTER'. Source: https://data.cms.gov/data-api/v1/dataset/4bcae866-3411-439a-b762-90a6187c194b/data (FQHC Enrollments, 2026-07-17)"
MS,80,Northtown Pharmacy LLC,275000,OTHER,No,To modernize the pharmacy management system for better connectivity. [Hinds County],Yes,Yes,FY2026 (Year 1),Governor Reeves Announces 167 Rural Health Transformation Program Awards Totaling More Than $104 Million,https://governorreeves.ms.gov/governor-reeves-announces-167-rural-health-transformation-program-awards-totaling-more-than-104-million/,GOVERNOR_PRESS_RELEASE,DIRECT_TEXT,R/03ak_ms_year1_awardees.R,NA,NA,NA,NA,Hinds County,Rural Technology Grant (RTG),80,Northtown Pharmacy LLC,"§8's STANDING FALLBACK. The Governor's release publishes a recipient, a county, an amount and a description of the WORK, and says NOTHING about the recipient's organisational form -- Kansas's, Maryland's, Nebraska's, Oklahoma's, Nevada's, Michigan's, Missouri's, Iowa's, North Carolina's, Arkansas's and Wyoming's shape a TWELFTH time. NOTHING WAS PROMOTED (§0.4): several of these read as FQHCs or physician practices to anyone who knows Mississippi, and reading them that way would be this pipeline asserting a form the state has not.",LOW,NA,Budget Period 1,NON_HOSPITAL,No,NOT_HOSPITAL,NA,"RECIPIENT TYPE DETERMINED (session 50): OTHER -- retail pharmacy. Basis (GENERAL_KNOWLEDGE): A retail pharmacy -- the same determined form session 49 admitted OTHER for. Source: no citable source for the FORM; the answer is this project's own knowledge (§0.4, session 49 policy 3). flow unchanged: the re-type does not cross §10.2's DIRECT test. PRIOR BASIS, kept because §2.1 says a correction shows what moved: §10.2 -- the named recipient is not a hospital, so no hospital dollar is claimed. Where recipient_type is §8's standing fallback this is the CONSERVATIVE answer and the row is queued as MS_RECIPIENT_FORM_NOT_STATED: resolving it could only raise Mississippi's hospital figure, never lower it.","EXACT, per-recipient, and published by the Governor for every one of the 167 rows. The 167 sum to $104,115,146.80 against a stated $104,115,146 -- a $0.80 TRUNCATION of the cents, not a discrepancy (§8: both figures are the state's own and neither is corrected).",NA,2026-09-14,data/evidence/MS/2026-09-14_ms_governor_167_awards_ROSTER.html,GENERAL_KNOWLEDGE,session 50 unstated-form typing,"retail pharmacy. A retail pharmacy -- the same determined form session 49 admitted OTHER for. Source: no citable source for the FORM; the answer is this project's own knowledge (§0.4, session 49 policy 3)"
MS,81,"Amite County Medical Services, Inc.",172759,FQHC_OR_RHC,No,To modernize aging infrastructure and expand digital health tools to better support care for rural patients. [Amite County],Yes,Yes,FY2026 (Year 1),Governor Reeves Announces 167 Rural Health Transformation Program Awards Totaling More Than $104 Million,https://governorreeves.ms.gov/governor-reeves-announces-167-rural-health-transformation-program-awards-totaling-more-than-104-million/,GOVERNOR_PRESS_RELEASE,DIRECT_TEXT,R/03ak_ms_year1_awardees.R,NA,NA,NA,NA,Amite County,Rural Technology Grant (RTG),81,"Amite County Medical Services, Inc.","§8's STANDING FALLBACK. The Governor's release publishes a recipient, a county, an amount and a description of the WORK, and says NOTHING about the recipient's organisational form -- Kansas's, Maryland's, Nebraska's, Oklahoma's, Nevada's, Michigan's, Missouri's, Iowa's, North Carolina's, Arkansas's and Wyoming's shape a TWELFTH time. NOTHING WAS PROMOTED (§0.4): several of these read as FQHCs or physician practices to anyone who knows Mississippi, and reading them that way would be this pipeline asserting a form the state has not.",MEDIUM,NA,Budget Period 1,NON_HOSPITAL,No,NOT_HOSPITAL,NA,"RECIPIENT TYPE DETERMINED (session 50): FQHC_OR_RHC -- federally qualified health center. Basis (ORG_WEBSITE): CMS FQHC Enrollments carries 'AMITE COUNTY MEDICAL SERVICES INC' against CCNs 251032 and 251826. Source: https://data.cms.gov/data-api/v1/dataset/4bcae866-3411-439a-b762-90a6187c194b/data (FQHC Enrollments, 2026-07-17). flow unchanged: the re-type does not cross §10.2's DIRECT test. PRIOR BASIS, kept because §2.1 says a correction shows what moved: §10.2 -- the named recipient is not a hospital, so no hospital dollar is claimed. Where recipient_type is §8's standing fallback this is the CONSERVATIVE answer and the row is queued as MS_RECIPIENT_FORM_NOT_STATED: resolving it could only raise Mississippi's hospital figure, never lower it.","EXACT, per-recipient, and published by the Governor for every one of the 167 rows. The 167 sum to $104,115,146.80 against a stated $104,115,146 -- a $0.80 TRUNCATION of the cents, not a discrepancy (§8: both figures are the state's own and neither is corrected).",NA,2026-09-14,data/evidence/MS/2026-09-14_ms_governor_167_awards_ROSTER.html,ORG_WEBSITE,session 50 unstated-form typing,"federally qualified health center. CMS FQHC Enrollments carries 'AMITE COUNTY MEDICAL SERVICES INC' against CCNs 251032 and 251826. Source: https://data.cms.gov/data-api/v1/dataset/4bcae866-3411-439a-b762-90a6187c194b/data (FQHC Enrollments, 2026-07-17)"
MS,82,"Spann Senses, LLC",95000,OTHER,No,To better provide speech-language services through technology modernization and cybersecurity upgrades. [Bolivar County],Yes,Yes,FY2026 (Year 1),Governor Reeves Announces 167 Rural Health Transformation Program Awards Totaling More Than $104 Million,https://governorreeves.ms.gov/governor-reeves-announces-167-rural-health-transformation-program-awards-totaling-more-than-104-million/,GOVERNOR_PRESS_RELEASE,DIRECT_TEXT,R/03ak_ms_year1_awardees.R,NA,NA,NA,NA,Bolivar County,Rural Technology Grant (RTG),82,"Spann Senses, LLC","§8's STANDING FALLBACK. The Governor's release publishes a recipient, a county, an amount and a description of the WORK, and says NOTHING about the recipient's organisational form -- Kansas's, Maryland's, Nebraska's, Oklahoma's, Nevada's, Michigan's, Missouri's, Iowa's, North Carolina's, Arkansas's and Wyoming's shape a TWELFTH time. NOTHING WAS PROMOTED (§0.4): several of these read as FQHCs or physician practices to anyone who knows Mississippi, and reading them that way would be this pipeline asserting a form the state has not.",LOW,NA,Budget Period 1,NON_HOSPITAL,No,NOT_HOSPITAL,NA,"RECIPIENT TYPE DETERMINED (session 50): OTHER -- speech-language pathology practice. Basis (GENERAL_KNOWLEDGE): A speech-language services practice. Source: no citable source for the FORM; the answer is this project's own knowledge (§0.4, session 49 policy 3). flow unchanged: the re-type does not cross §10.2's DIRECT test. PRIOR BASIS, kept because §2.1 says a correction shows what moved: §10.2 -- the named recipient is not a hospital, so no hospital dollar is claimed. Where recipient_type is §8's standing fallback this is the CONSERVATIVE answer and the row is queued as MS_RECIPIENT_FORM_NOT_STATED: resolving it could only raise Mississippi's hospital figure, never lower it.","EXACT, per-recipient, and published by the Governor for every one of the 167 rows. The 167 sum to $104,115,146.80 against a stated $104,115,146 -- a $0.80 TRUNCATION of the cents, not a discrepancy (§8: both figures are the state's own and neither is corrected).",NA,2026-09-14,data/evidence/MS/2026-09-14_ms_governor_167_awards_ROSTER.html,GENERAL_KNOWLEDGE,session 50 unstated-form typing,"speech-language pathology practice. A speech-language services practice. Source: no citable source for the FORM; the answer is this project's own knowledge (§0.4, session 49 policy 3)"
MS,83,"Medplus Urgent Clinic, LLC",258800,PHYSICIAN_PRACTICE,No,To strengthen chronic disease care across five rural clinics through technology and operational updates. [Lee County],Yes,Yes,FY2026 (Year 1),Governor Reeves Announces 167 Rural Health Transformation Program Awards Totaling More Than $104 Million,https://governorreeves.ms.gov/governor-reeves-announces-167-rural-health-transformation-program-awards-totaling-more-than-104-million/,GOVERNOR_PRESS_RELEASE,DIRECT_TEXT,R/03ak_ms_year1_awardees.R,NA,NA,NA,NA,Lee County,Rural Technology Grant (RTG),83,"Medplus Urgent Clinic, LLC","§8's STANDING FALLBACK. The Governor's release publishes a recipient, a county, an amount and a description of the WORK, and says NOTHING about the recipient's organisational form -- Kansas's, Maryland's, Nebraska's, Oklahoma's, Nevada's, Michigan's, Missouri's, Iowa's, North Carolina's, Arkansas's and Wyoming's shape a TWELFTH time. NOTHING WAS PROMOTED (§0.4): several of these read as FQHCs or physician practices to anyone who knows Mississippi, and reading them that way would be this pipeline asserting a form the state has not.",LOW,NA,Budget Period 1,NON_HOSPITAL,No,NOT_HOSPITAL,NA,"RECIPIENT TYPE DETERMINED (session 50): PHYSICIAN_PRACTICE -- clinician practice (urgent care). Basis (GENERAL_KNOWLEDGE): An urgent-care clinic operator. Source: no citable source for the FORM; the answer is this project's own knowledge (§0.4, session 49 policy 3). flow unchanged: the re-type does not cross §10.2's DIRECT test. PRIOR BASIS, kept because §2.1 says a correction shows what moved: §10.2 -- the named recipient is not a hospital, so no hospital dollar is claimed. Where recipient_type is §8's standing fallback this is the CONSERVATIVE answer and the row is queued as MS_RECIPIENT_FORM_NOT_STATED: resolving it could only raise Mississippi's hospital figure, never lower it.","EXACT, per-recipient, and published by the Governor for every one of the 167 rows. The 167 sum to $104,115,146.80 against a stated $104,115,146 -- a $0.80 TRUNCATION of the cents, not a discrepancy (§8: both figures are the state's own and neither is corrected).",NA,2026-09-14,data/evidence/MS/2026-09-14_ms_governor_167_awards_ROSTER.html,GENERAL_KNOWLEDGE,session 50 unstated-form typing,"clinician practice (urgent care). An urgent-care clinic operator. Source: no citable source for the FORM; the answer is this project's own knowledge (§0.4, session 49 policy 3)"
MS,84,King's Daughters Medical Center,326441,HOSPITAL_OR_SYSTEM,Yes,To implement a comprehensive cybersecurity modernization initiative. [Lincoln County],Yes,Yes,FY2026 (Year 1),Governor Reeves Announces 167 Rural Health Transformation Program Awards Totaling More Than $104 Million,https://governorreeves.ms.gov/governor-reeves-announces-167-rural-health-transformation-program-awards-totaling-more-than-104-million/,GOVERNOR_PRESS_RELEASE,DIRECT_TEXT,R/03ak_ms_year1_awardees.R,NA,NA,NA,NA,Lincoln County,Rural Technology Grant (RTG),84,King's Daughters Medical Center,DERIVED FROM THE RECIPIENT'S OWN NAME by rhtp_classify_recipient_type().,HIGH,NA,Budget Period 1,DIRECT,Yes,NAMED_HOSPITAL,NA,"§10.2 DIRECT -- the named recipient is itself a hospital or health system, so recipient identity IS the flow test and no description decides it (§0.3a). The award is ANNOUNCED, not intended: the Governor's release says 'today announced 167 awards', so recipient_confirmed and amount_confirmed are both Yes -- stronger than Arkansas's or Wyoming's intents.","EXACT, per-recipient, and published by the Governor for every one of the 167 rows. The 167 sum to $104,115,146.80 against a stated $104,115,146 -- a $0.80 TRUNCATION of the cents, not a discrepancy (§8: both figures are the state's own and neither is corrected).",NA,2026-09-14,data/evidence/MS/2026-09-14_ms_governor_167_awards_ROSTER.html,NA,NA,NA
MS,85,King's Daughters Medical Center,960920,HOSPITAL_OR_SYSTEM,Yes,To implement a telemetry system modernization to ensure monitoring system interfaces with EHR. [Lincoln County],Yes,Yes,FY2026 (Year 1),Governor Reeves Announces 167 Rural Health Transformation Program Awards Totaling More Than $104 Million,https://governorreeves.ms.gov/governor-reeves-announces-167-rural-health-transformation-program-awards-totaling-more-than-104-million/,GOVERNOR_PRESS_RELEASE,DIRECT_TEXT,R/03ak_ms_year1_awardees.R,NA,NA,NA,NA,Lincoln County,Rural Technology Grant (RTG),85,King's Daughters Medical Center,DERIVED FROM THE RECIPIENT'S OWN NAME by rhtp_classify_recipient_type().,HIGH,NA,Budget Period 1,DIRECT,Yes,NAMED_HOSPITAL,NA,"§10.2 DIRECT -- the named recipient is itself a hospital or health system, so recipient identity IS the flow test and no description decides it (§0.3a). The award is ANNOUNCED, not intended: the Governor's release says 'today announced 167 awards', so recipient_confirmed and amount_confirmed are both Yes -- stronger than Arkansas's or Wyoming's intents.","EXACT, per-recipient, and published by the Governor for every one of the 167 rows. The 167 sum to $104,115,146.80 against a stated $104,115,146 -- a $0.80 TRUNCATION of the cents, not a discrepancy (§8: both figures are the state's own and neither is corrected).",NA,2026-09-14,data/evidence/MS/2026-09-14_ms_governor_167_awards_ROSTER.html,NA,NA,NA
MS,86,"Internal Medicine Clinic of Columbia, PA",74553,FQHC_OR_RHC,No,"To replace outdated technology to improve cybersecurity, patient care, and reliability. [Marion County]",Yes,Yes,FY2026 (Year 1),Governor Reeves Announces 167 Rural Health Transformation Program Awards Totaling More Than $104 Million,https://governorreeves.ms.gov/governor-reeves-announces-167-rural-health-transformation-program-awards-totaling-more-than-104-million/,GOVERNOR_PRESS_RELEASE,DIRECT_TEXT,R/03ak_ms_year1_awardees.R,NA,NA,NA,NA,Marion County,Rural Technology Grant (RTG),86,"Internal Medicine Clinic of Columbia, PA","§8's STANDING FALLBACK. The Governor's release publishes a recipient, a county, an amount and a description of the WORK, and says NOTHING about the recipient's organisational form -- Kansas's, Maryland's, Nebraska's, Oklahoma's, Nevada's, Michigan's, Missouri's, Iowa's, North Carolina's, Arkansas's and Wyoming's shape a TWELFTH time. NOTHING WAS PROMOTED (§0.4): several of these read as FQHCs or physician practices to anyone who knows Mississippi, and reading them that way would be this pipeline asserting a form the state has not.",MEDIUM,NA,Budget Period 1,NON_HOSPITAL,No,NOT_HOSPITAL,NA,"RECIPIENT TYPE DETERMINED (session 50): FQHC_OR_RHC -- rural health clinic. Basis (ORG_WEBSITE): CMS RHC Enrollments carries 'INTERNAL MEDICINE CLINIC OF COLUMBIA, P.A.' against CCN 258902, Columbia MS (Marion County). Award county matches. Source: https://data.cms.gov/data-api/v1/dataset/3b7e7659-067e-41ea-8e36-f9ee2036e1f6/data (RHC Enrollments, 2026-07-17). flow unchanged: the re-type does not cross §10.2's DIRECT test. PRIOR BASIS, kept because §2.1 says a correction shows what moved: §10.2 -- the named recipient is not a hospital, so no hospital dollar is claimed. Where recipient_type is §8's standing fallback this is the CONSERVATIVE answer and the row is queued as MS_RECIPIENT_FORM_NOT_STATED: resolving it could only raise Mississippi's hospital figure, never lower it.","EXACT, per-recipient, and published by the Governor for every one of the 167 rows. The 167 sum to $104,115,146.80 against a stated $104,115,146 -- a $0.80 TRUNCATION of the cents, not a discrepancy (§8: both figures are the state's own and neither is corrected).",NA,2026-09-14,data/evidence/MS/2026-09-14_ms_governor_167_awards_ROSTER.html,ORG_WEBSITE,session 50 unstated-form typing,"rural health clinic. CMS RHC Enrollments carries 'INTERNAL MEDICINE CLINIC OF COLUMBIA, P.A.' against CCN 258902, Columbia MS (Marion County). Award county matches. Source: https://data.cms.gov/data-api/v1/dataset/3b7e7659-067e-41ea-8e36-f9ee2036e1f6/data (RHC Enrollments, 2026-07-17)"
MS,87,"P & S Clinic OB-GYN, PLLC",115643,PHYSICIAN_PRACTICE,No,To improve IT infrastructure across three rural clinics. [Oktibbeha County],Yes,Yes,FY2026 (Year 1),Governor Reeves Announces 167 Rural Health Transformation Program Awards Totaling More Than $104 Million,https://governorreeves.ms.gov/governor-reeves-announces-167-rural-health-transformation-program-awards-totaling-more-than-104-million/,GOVERNOR_PRESS_RELEASE,DIRECT_TEXT,R/03ak_ms_year1_awardees.R,NA,NA,NA,NA,Oktibbeha County,Rural Technology Grant (RTG),87,"P & S Clinic OB-GYN, PLLC","§8's STANDING FALLBACK. The Governor's release publishes a recipient, a county, an amount and a description of the WORK, and says NOTHING about the recipient's organisational form -- Kansas's, Maryland's, Nebraska's, Oklahoma's, Nevada's, Michigan's, Missouri's, Iowa's, North Carolina's, Arkansas's and Wyoming's shape a TWELFTH time. NOTHING WAS PROMOTED (§0.4): several of these read as FQHCs or physician practices to anyone who knows Mississippi, and reading them that way would be this pipeline asserting a form the state has not.",LOW,NA,Budget Period 1,NON_HOSPITAL,No,NOT_HOSPITAL,NA,"RECIPIENT TYPE DETERMINED (session 50): PHYSICIAN_PRACTICE -- physician practice (PLLC). Basis (GENERAL_KNOWLEDGE): An obstetrics and gynaecology practice organised as a PLLC. Source: no citable source for the FORM; the answer is this project's own knowledge (§0.4, session 49 policy 3). flow unchanged: the re-type does not cross §10.2's DIRECT test. PRIOR BASIS, kept because §2.1 says a correction shows what moved: §10.2 -- the named recipient is not a hospital, so no hospital dollar is claimed. Where recipient_type is §8's standing fallback this is the CONSERVATIVE answer and the row is queued as MS_RECIPIENT_FORM_NOT_STATED: resolving it could only raise Mississippi's hospital figure, never lower it.","EXACT, per-recipient, and published by the Governor for every one of the 167 rows. The 167 sum to $104,115,146.80 against a stated $104,115,146 -- a $0.80 TRUNCATION of the cents, not a discrepancy (§8: both figures are the state's own and neither is corrected).",NA,2026-09-14,data/evidence/MS/2026-09-14_ms_governor_167_awards_ROSTER.html,GENERAL_KNOWLEDGE,session 50 unstated-form typing,"physician practice (PLLC). An obstetrics and gynaecology practice organised as a PLLC. Source: no citable source for the FORM; the answer is this project's own knowledge (§0.4, session 49 policy 3)"
MS,88,"Simpson Community Healthcare, Inc.",830000,HOSPITAL_OR_SYSTEM,Yes,To implement IT infrastructure and cybersecurity upgrades. [Simpson County],Yes,Yes,FY2026 (Year 1),Governor Reeves Announces 167 Rural Health Transformation Program Awards Totaling More Than $104 Million,https://governorreeves.ms.gov/governor-reeves-announces-167-rural-health-transformation-program-awards-totaling-more-than-104-million/,GOVERNOR_PRESS_RELEASE,DIRECT_TEXT,R/03ak_ms_year1_awardees.R,NA,NA,NA,NA,Simpson County,Rural Technology Grant (RTG),88,"Simpson Community Healthcare, Inc.","§8's STANDING FALLBACK. The Governor's release publishes a recipient, a county, an amount and a description of the WORK, and says NOTHING about the recipient's organisational form -- Kansas's, Maryland's, Nebraska's, Oklahoma's, Nevada's, Michigan's, Missouri's, Iowa's, North Carolina's, Arkansas's and Wyoming's shape a TWELFTH time. NOTHING WAS PROMOTED (§0.4): several of these read as FQHCs or physician practices to anyone who knows Mississippi, and reading them that way would be this pipeline asserting a form the state has not.",MEDIUM,NA,Budget Period 1,DIRECT,Yes,NAMED_HOSPITAL,NA,"RECIPIENT TYPE DETERMINED (session 50): HOSPITAL_OR_SYSTEM -- critical access hospital (CCN 251317, Mendenhall MS). Basis (ORG_WEBSITE): CMS Hospital Enrollments carries ORGANIZATION NAME 'SIMPSON COMMUNITY HEALTHCARE, INC.', Mendenhall MS, against CCN 251317. Award county is Simpson. Source: https://data.cms.gov/provider-data/dataset/xubh-q36u (Hospital Enrollments, 2026-07-31). flow re-run: §10.2 re-applied because the re-type crosses the DIRECT test. PRIOR BASIS, kept because §2.1 says a correction shows what moved: §10.2 -- the named recipient is not a hospital, so no hospital dollar is claimed. Where recipient_type is §8's standing fallback this is the CONSERVATIVE answer and the row is queued as MS_RECIPIENT_FORM_NOT_STATED: resolving it could only raise Mississippi's hospital figure, never lower it.","EXACT, per-recipient, and published by the Governor for every one of the 167 rows. The 167 sum to $104,115,146.80 against a stated $104,115,146 -- a $0.80 TRUNCATION of the cents, not a discrepancy (§8: both figures are the state's own and neither is corrected).",NA,2026-09-14,data/evidence/MS/2026-09-14_ms_governor_167_awards_ROSTER.html,ORG_WEBSITE,session 50 unstated-form typing,"critical access hospital (CCN 251317, Mendenhall MS). CMS Hospital Enrollments carries ORGANIZATION NAME 'SIMPSON COMMUNITY HEALTHCARE, INC.', Mendenhall MS, against CCN 251317. Award county is Simpson. Source: https://data.cms.gov/provider-data/dataset/xubh-q36u (Hospital Enrollments, 2026-07-31)"
MS,89,George Regional Health and Rehab,34400,OTHER,No,To purchase eight wireless vital sign monitors and integrate them with their EHR for improved patient care. [George County],Yes,Yes,FY2026 (Year 1),Governor Reeves Announces 167 Rural Health Transformation Program Awards Totaling More Than $104 Million,https://governorreeves.ms.gov/governor-reeves-announces-167-rural-health-transformation-program-awards-totaling-more-than-104-million/,GOVERNOR_PRESS_RELEASE,DIRECT_TEXT,R/03ak_ms_year1_awardees.R,NA,NA,NA,NA,George County,Rural Technology Grant (RTG),89,George Regional Health and Rehab,"§8's STANDING FALLBACK. The Governor's release publishes a recipient, a county, an amount and a description of the WORK, and says NOTHING about the recipient's organisational form -- Kansas's, Maryland's, Nebraska's, Oklahoma's, Nevada's, Michigan's, Missouri's, Iowa's, North Carolina's, Arkansas's and Wyoming's shape a TWELFTH time. NOTHING WAS PROMOTED (§0.4): several of these read as FQHCs or physician practices to anyone who knows Mississippi, and reading them that way would be this pipeline asserting a form the state has not.",LOW,NA,Budget Period 1,NON_HOSPITAL,No,NOT_HOSPITAL,NA,"RECIPIENT TYPE DETERMINED (session 50): OTHER -- skilled nursing and rehabilitation facility. Basis (GENERAL_KNOWLEDGE): A skilled nursing and rehabilitation facility. IT IS NOT GEORGE REGIONAL HOSPITAL, which is a separate body and is not an awardee here; typing this row a hospital on the shared 'George Regional' stem is the fuzzy match §2 forbids. Source: no citable source for the FORM; the answer is this project's own knowledge (§0.4, session 49 policy 3). flow unchanged: the re-type does not cross §10.2's DIRECT test. PRIOR BASIS, kept because §2.1 says a correction shows what moved: §10.2 -- the named recipient is not a hospital, so no hospital dollar is claimed. Where recipient_type is §8's standing fallback this is the CONSERVATIVE answer and the row is queued as MS_RECIPIENT_FORM_NOT_STATED: resolving it could only raise Mississippi's hospital figure, never lower it.","EXACT, per-recipient, and published by the Governor for every one of the 167 rows. The 167 sum to $104,115,146.80 against a stated $104,115,146 -- a $0.80 TRUNCATION of the cents, not a discrepancy (§8: both figures are the state's own and neither is corrected).",NA,2026-09-14,data/evidence/MS/2026-09-14_ms_governor_167_awards_ROSTER.html,GENERAL_KNOWLEDGE,session 50 unstated-form typing,"skilled nursing and rehabilitation facility. A skilled nursing and rehabilitation facility. IT IS NOT GEORGE REGIONAL HOSPITAL, which is a separate body and is not an awardee here; typing this row a hospital on the shared 'George Regional' stem is the fuzzy match §2 forbids. Source: no citable source for the FORM; the answer is this project's own knowledge (§0.4, session 49 policy 3)"
MS,90,Independent Healthcare Management Inc,730000,HOSPITAL_OR_SYSTEM,Yes,To provide for technology upgrades to improve patient access. [Scott County],Yes,Yes,FY2026 (Year 1),Governor Reeves Announces 167 Rural Health Transformation Program Awards Totaling More Than $104 Million,https://governorreeves.ms.gov/governor-reeves-announces-167-rural-health-transformation-program-awards-totaling-more-than-104-million/,GOVERNOR_PRESS_RELEASE,DIRECT_TEXT,R/03ak_ms_year1_awardees.R,NA,NA,NA,NA,Scott County,Rural Technology Grant (RTG),90,Independent Healthcare Management Inc,"§8's STANDING FALLBACK. The Governor's release publishes a recipient, a county, an amount and a description of the WORK, and says NOTHING about the recipient's organisational form -- Kansas's, Maryland's, Nebraska's, Oklahoma's, Nevada's, Michigan's, Missouri's, Iowa's, North Carolina's, Arkansas's and Wyoming's shape a TWELFTH time. NOTHING WAS PROMOTED (§0.4): several of these read as FQHCs or physician practices to anyone who knows Mississippi, and reading them that way would be this pipeline asserting a form the state has not.",MEDIUM,NA,Budget Period 1,DIRECT,Yes,NAMED_HOSPITAL,NA,"RECIPIENT TYPE DETERMINED (session 50): HOSPITAL_OR_SYSTEM -- critical access hospital operator (CCN 251300, Forest MS). Basis (ORG_WEBSITE): CMS Hospital Enrollments carries ORGANIZATION NAME 'INDEPENDENT HEALTHCARE MANAGEMENT INC', Forest MS (Scott County), against CCN 251300, plus an RHC enrolment at the same address. Award county is Scott. Source: https://data.cms.gov/provider-data/dataset/xubh-q36u (Hospital Enrollments, 2026-07-31). flow re-run: §10.2 re-applied because the re-type crosses the DIRECT test. PRIOR BASIS, kept because §2.1 says a correction shows what moved: §10.2 -- the named recipient is not a hospital, so no hospital dollar is claimed. Where recipient_type is §8's standing fallback this is the CONSERVATIVE answer and the row is queued as MS_RECIPIENT_FORM_NOT_STATED: resolving it could only raise Mississippi's hospital figure, never lower it.","EXACT, per-recipient, and published by the Governor for every one of the 167 rows. The 167 sum to $104,115,146.80 against a stated $104,115,146 -- a $0.80 TRUNCATION of the cents, not a discrepancy (§8: both figures are the state's own and neither is corrected).",NA,2026-09-14,data/evidence/MS/2026-09-14_ms_governor_167_awards_ROSTER.html,ORG_WEBSITE,session 50 unstated-form typing,"critical access hospital operator (CCN 251300, Forest MS). CMS Hospital Enrollments carries ORGANIZATION NAME 'INDEPENDENT HEALTHCARE MANAGEMENT INC', Forest MS (Scott County), against CCN 251300, plus an RHC enrolment at the same address. Award county is Scott. Source: https://data.cms.gov/provider-data/dataset/xubh-q36u (Hospital Enrollments, 2026-07-31)"
MS,91,"Phyfer Eye Care, PC DBA Brooks Eye Center and Optical",35317,PHYSICIAN_PRACTICE,No,To modernize technology infrastructure and security. [Lowndes County],Yes,Yes,FY2026 (Year 1),Governor Reeves Announces 167 Rural Health Transformation Program Awards Totaling More Than $104 Million,https://governorreeves.ms.gov/governor-reeves-announces-167-rural-health-transformation-program-awards-totaling-more-than-104-million/,GOVERNOR_PRESS_RELEASE,DIRECT_TEXT,R/03ak_ms_year1_awardees.R,NA,NA,NA,NA,Lowndes County,Rural Technology Grant (RTG),91,"Phyfer Eye Care, PC DBA Brooks Eye Center and Optical",DERIVED FROM THE RECIPIENT'S OWN NAME by rhtp_classify_recipient_type().,HIGH,NA,Budget Period 1,NON_HOSPITAL,No,NOT_HOSPITAL,NA,"§10.2 -- the named recipient is not a hospital, so no hospital dollar is claimed. Where recipient_type is §8's standing fallback this is the CONSERVATIVE answer and the row is queued as MS_RECIPIENT_FORM_NOT_STATED: resolving it could only raise Mississippi's hospital figure, never lower it.","EXACT, per-recipient, and published by the Governor for every one of the 167 rows. The 167 sum to $104,115,146.80 against a stated $104,115,146 -- a $0.80 TRUNCATION of the cents, not a discrepancy (§8: both figures are the state's own and neither is corrected).",NA,2026-09-14,data/evidence/MS/2026-09-14_ms_governor_167_awards_ROSTER.html,NA,NA,NA
MS,92,"Fast Pace Mississippi, PLLC",516600,FQHC_OR_RHC,No,"To fund a new enterprise-wide EHR, IT, interoperability and cybersecurity modernization initiative. [Tippah County]",Yes,Yes,FY2026 (Year 1),Governor Reeves Announces 167 Rural Health Transformation Program Awards Totaling More Than $104 Million,https://governorreeves.ms.gov/governor-reeves-announces-167-rural-health-transformation-program-awards-totaling-more-than-104-million/,GOVERNOR_PRESS_RELEASE,DIRECT_TEXT,R/03ak_ms_year1_awardees.R,NA,NA,NA,NA,Tippah County,Rural Technology Grant (RTG),92,"Fast Pace Mississippi, PLLC","§8's STANDING FALLBACK. The Governor's release publishes a recipient, a county, an amount and a description of the WORK, and says NOTHING about the recipient's organisational form -- Kansas's, Maryland's, Nebraska's, Oklahoma's, Nevada's, Michigan's, Missouri's, Iowa's, North Carolina's, Arkansas's and Wyoming's shape a TWELFTH time. NOTHING WAS PROMOTED (§0.4): several of these read as FQHCs or physician practices to anyone who knows Mississippi, and reading them that way would be this pipeline asserting a form the state has not.",MEDIUM,NA,Budget Period 1,NON_HOSPITAL,No,NOT_HOSPITAL,NA,"RECIPIENT TYPE DETERMINED (session 50): FQHC_OR_RHC -- rural health clinic. Basis (ORG_WEBSITE): CMS RHC Enrollments carries 'FAST PACE MISSISSIPPI PLLC' against a long series of Mississippi RHC CCNs (A53805 Carthage, A53806 Clarksdale, A53807 Columbia, A53808 Corinth and others). Source: https://data.cms.gov/data-api/v1/dataset/3b7e7659-067e-41ea-8e36-f9ee2036e1f6/data (RHC Enrollments, 2026-07-17). flow unchanged: the re-type does not cross §10.2's DIRECT test. PRIOR BASIS, kept because §2.1 says a correction shows what moved: §10.2 -- the named recipient is not a hospital, so no hospital dollar is claimed. Where recipient_type is §8's standing fallback this is the CONSERVATIVE answer and the row is queued as MS_RECIPIENT_FORM_NOT_STATED: resolving it could only raise Mississippi's hospital figure, never lower it.","EXACT, per-recipient, and published by the Governor for every one of the 167 rows. The 167 sum to $104,115,146.80 against a stated $104,115,146 -- a $0.80 TRUNCATION of the cents, not a discrepancy (§8: both figures are the state's own and neither is corrected).",NA,2026-09-14,data/evidence/MS/2026-09-14_ms_governor_167_awards_ROSTER.html,ORG_WEBSITE,session 50 unstated-form typing,"rural health clinic. CMS RHC Enrollments carries 'FAST PACE MISSISSIPPI PLLC' against a long series of Mississippi RHC CCNs (A53805 Carthage, A53806 Clarksdale, A53807 Columbia, A53808 Corinth and others). Source: https://data.cms.gov/data-api/v1/dataset/3b7e7659-067e-41ea-8e36-f9ee2036e1f6/data (RHC Enrollments, 2026-07-17)"
MS,93,"Daniel B. Story II, DMD",13374,OTHER,No,To upgrade their digital capabilities through IT upgrades. [Humphreys County],Yes,Yes,FY2026 (Year 1),Governor Reeves Announces 167 Rural Health Transformation Program Awards Totaling More Than $104 Million,https://governorreeves.ms.gov/governor-reeves-announces-167-rural-health-transformation-program-awards-totaling-more-than-104-million/,GOVERNOR_PRESS_RELEASE,DIRECT_TEXT,R/03ak_ms_year1_awardees.R,NA,NA,NA,NA,Humphreys County,Rural Technology Grant (RTG),93,"Daniel B. Story II, DMD","§8's STANDING FALLBACK. The Governor's release publishes a recipient, a county, an amount and a description of the WORK, and says NOTHING about the recipient's organisational form -- Kansas's, Maryland's, Nebraska's, Oklahoma's, Nevada's, Michigan's, Missouri's, Iowa's, North Carolina's, Arkansas's and Wyoming's shape a TWELFTH time. NOTHING WAS PROMOTED (§0.4): several of these read as FQHCs or physician practices to anyone who knows Mississippi, and reading them that way would be this pipeline asserting a form the state has not.",LOW,NA,Budget Period 1,NON_HOSPITAL,No,NOT_HOSPITAL,NA,"RECIPIENT TYPE DETERMINED (session 50): OTHER -- dental practice (a named dentist). Basis (GENERAL_KNOWLEDGE): A dental practice; the awardee string is a dentist's name and post-nominal. Source: no citable source for the FORM; the answer is this project's own knowledge (§0.4, session 49 policy 3). flow unchanged: the re-type does not cross §10.2's DIRECT test. PRIOR BASIS, kept because §2.1 says a correction shows what moved: §10.2 -- the named recipient is not a hospital, so no hospital dollar is claimed. Where recipient_type is §8's standing fallback this is the CONSERVATIVE answer and the row is queued as MS_RECIPIENT_FORM_NOT_STATED: resolving it could only raise Mississippi's hospital figure, never lower it.","EXACT, per-recipient, and published by the Governor for every one of the 167 rows. The 167 sum to $104,115,146.80 against a stated $104,115,146 -- a $0.80 TRUNCATION of the cents, not a discrepancy (§8: both figures are the state's own and neither is corrected).",NA,2026-09-14,data/evidence/MS/2026-09-14_ms_governor_167_awards_ROSTER.html,GENERAL_KNOWLEDGE,session 50 unstated-form typing,"dental practice (a named dentist). A dental practice; the awardee string is a dentist's name and post-nominal. Source: no citable source for the FORM; the answer is this project's own knowledge (§0.4, session 49 policy 3)"
MS,94,George Regional Health and Rehab,330000,OTHER,No,To install a smart nurse call system and an electronic wandering management system. [George County],Yes,Yes,FY2026 (Year 1),Governor Reeves Announces 167 Rural Health Transformation Program Awards Totaling More Than $104 Million,https://governorreeves.ms.gov/governor-reeves-announces-167-rural-health-transformation-program-awards-totaling-more-than-104-million/,GOVERNOR_PRESS_RELEASE,DIRECT_TEXT,R/03ak_ms_year1_awardees.R,NA,NA,NA,NA,George County,Rural Technology Grant (RTG),94,George Regional Health and Rehab,"§8's STANDING FALLBACK. The Governor's release publishes a recipient, a county, an amount and a description of the WORK, and says NOTHING about the recipient's organisational form -- Kansas's, Maryland's, Nebraska's, Oklahoma's, Nevada's, Michigan's, Missouri's, Iowa's, North Carolina's, Arkansas's and Wyoming's shape a TWELFTH time. NOTHING WAS PROMOTED (§0.4): several of these read as FQHCs or physician practices to anyone who knows Mississippi, and reading them that way would be this pipeline asserting a form the state has not.",LOW,NA,Budget Period 1,NON_HOSPITAL,No,NOT_HOSPITAL,NA,"RECIPIENT TYPE DETERMINED (session 50): OTHER -- skilled nursing and rehabilitation facility. Basis (GENERAL_KNOWLEDGE): A skilled nursing and rehabilitation facility. IT IS NOT GEORGE REGIONAL HOSPITAL, which is a separate body and is not an awardee here; typing this row a hospital on the shared 'George Regional' stem is the fuzzy match §2 forbids. Source: no citable source for the FORM; the answer is this project's own knowledge (§0.4, session 49 policy 3). flow unchanged: the re-type does not cross §10.2's DIRECT test. PRIOR BASIS, kept because §2.1 says a correction shows what moved: §10.2 -- the named recipient is not a hospital, so no hospital dollar is claimed. Where recipient_type is §8's standing fallback this is the CONSERVATIVE answer and the row is queued as MS_RECIPIENT_FORM_NOT_STATED: resolving it could only raise Mississippi's hospital figure, never lower it.","EXACT, per-recipient, and published by the Governor for every one of the 167 rows. The 167 sum to $104,115,146.80 against a stated $104,115,146 -- a $0.80 TRUNCATION of the cents, not a discrepancy (§8: both figures are the state's own and neither is corrected).",NA,2026-09-14,data/evidence/MS/2026-09-14_ms_governor_167_awards_ROSTER.html,GENERAL_KNOWLEDGE,session 50 unstated-form typing,"skilled nursing and rehabilitation facility. A skilled nursing and rehabilitation facility. IT IS NOT GEORGE REGIONAL HOSPITAL, which is a separate body and is not an awardee here; typing this row a hospital on the shared 'George Regional' stem is the fuzzy match §2 forbids. Source: no citable source for the FORM; the answer is this project's own knowledge (§0.4, session 49 policy 3)"
MS,95,McComb Children’s Clinic,24370,PHYSICIAN_PRACTICE,No,To update aging technological infrastructure. [Pike County],Yes,Yes,FY2026 (Year 1),Governor Reeves Announces 167 Rural Health Transformation Program Awards Totaling More Than $104 Million,https://governorreeves.ms.gov/governor-reeves-announces-167-rural-health-transformation-program-awards-totaling-more-than-104-million/,GOVERNOR_PRESS_RELEASE,DIRECT_TEXT,R/03ak_ms_year1_awardees.R,NA,NA,NA,NA,Pike County,Rural Technology Grant (RTG),95,McComb Children’s Clinic,"§8's STANDING FALLBACK. The Governor's release publishes a recipient, a county, an amount and a description of the WORK, and says NOTHING about the recipient's organisational form -- Kansas's, Maryland's, Nebraska's, Oklahoma's, Nevada's, Michigan's, Missouri's, Iowa's, North Carolina's, Arkansas's and Wyoming's shape a TWELFTH time. NOTHING WAS PROMOTED (§0.4): several of these read as FQHCs or physician practices to anyone who knows Mississippi, and reading them that way would be this pipeline asserting a form the state has not.",LOW,NA,Budget Period 1,NON_HOSPITAL,No,NOT_HOSPITAL,NA,"RECIPIENT TYPE DETERMINED (session 50): PHYSICIAN_PRACTICE -- physician practice. Basis (GENERAL_KNOWLEDGE): A paediatric practice. Source: no citable source for the FORM; the answer is this project's own knowledge (§0.4, session 49 policy 3). flow unchanged: the re-type does not cross §10.2's DIRECT test. PRIOR BASIS, kept because §2.1 says a correction shows what moved: §10.2 -- the named recipient is not a hospital, so no hospital dollar is claimed. Where recipient_type is §8's standing fallback this is the CONSERVATIVE answer and the row is queued as MS_RECIPIENT_FORM_NOT_STATED: resolving it could only raise Mississippi's hospital figure, never lower it.","EXACT, per-recipient, and published by the Governor for every one of the 167 rows. The 167 sum to $104,115,146.80 against a stated $104,115,146 -- a $0.80 TRUNCATION of the cents, not a discrepancy (§8: both figures are the state's own and neither is corrected).",NA,2026-09-14,data/evidence/MS/2026-09-14_ms_governor_167_awards_ROSTER.html,GENERAL_KNOWLEDGE,session 50 unstated-form typing,"physician practice. A paediatric practice. Source: no citable source for the FORM; the answer is this project's own knowledge (§0.4, session 49 policy 3)"
MS,96,"Quinn Healthcare, PLLC",33738,PHYSICIAN_PRACTICE,No,"To strengthen cyber security, modernize aging devices and enhance digital health access. [Madison County]",Yes,Yes,FY2026 (Year 1),Governor Reeves Announces 167 Rural Health Transformation Program Awards Totaling More Than $104 Million,https://governorreeves.ms.gov/governor-reeves-announces-167-rural-health-transformation-program-awards-totaling-more-than-104-million/,GOVERNOR_PRESS_RELEASE,DIRECT_TEXT,R/03ak_ms_year1_awardees.R,NA,NA,NA,NA,Madison County,Rural Technology Grant (RTG),96,"Quinn Healthcare, PLLC","§8's STANDING FALLBACK. The Governor's release publishes a recipient, a county, an amount and a description of the WORK, and says NOTHING about the recipient's organisational form -- Kansas's, Maryland's, Nebraska's, Oklahoma's, Nevada's, Michigan's, Missouri's, Iowa's, North Carolina's, Arkansas's and Wyoming's shape a TWELFTH time. NOTHING WAS PROMOTED (§0.4): several of these read as FQHCs or physician practices to anyone who knows Mississippi, and reading them that way would be this pipeline asserting a form the state has not.",LOW,NA,Budget Period 1,NON_HOSPITAL,No,NOT_HOSPITAL,NA,"RECIPIENT TYPE DETERMINED (session 50): PHYSICIAN_PRACTICE -- clinician practice (PLLC). Basis (GENERAL_KNOWLEDGE): A clinician-owned practice organised as a PLLC. Source: no citable source for the FORM; the answer is this project's own knowledge (§0.4, session 49 policy 3). flow unchanged: the re-type does not cross §10.2's DIRECT test. PRIOR BASIS, kept because §2.1 says a correction shows what moved: §10.2 -- the named recipient is not a hospital, so no hospital dollar is claimed. Where recipient_type is §8's standing fallback this is the CONSERVATIVE answer and the row is queued as MS_RECIPIENT_FORM_NOT_STATED: resolving it could only raise Mississippi's hospital figure, never lower it.","EXACT, per-recipient, and published by the Governor for every one of the 167 rows. The 167 sum to $104,115,146.80 against a stated $104,115,146 -- a $0.80 TRUNCATION of the cents, not a discrepancy (§8: both figures are the state's own and neither is corrected).",NA,2026-09-14,data/evidence/MS/2026-09-14_ms_governor_167_awards_ROSTER.html,GENERAL_KNOWLEDGE,session 50 unstated-form typing,"clinician practice (PLLC). A clinician-owned practice organised as a PLLC. Source: no citable source for the FORM; the answer is this project's own knowledge (§0.4, session 49 policy 3)"
MS,97,Jefferson County Nursing Home,150000,OTHER,No,"To improve connectivity, modernize systems, strengthen cyber security, and expand digital care capabilities. [Jefferson County]",Yes,Yes,FY2026 (Year 1),Governor Reeves Announces 167 Rural Health Transformation Program Awards Totaling More Than $104 Million,https://governorreeves.ms.gov/governor-reeves-announces-167-rural-health-transformation-program-awards-totaling-more-than-104-million/,GOVERNOR_PRESS_RELEASE,DIRECT_TEXT,R/03ak_ms_year1_awardees.R,NA,NA,NA,NA,Jefferson County,Rural Technology Grant (RTG),97,Jefferson County Nursing Home,"§8's STANDING FALLBACK. The Governor's release publishes a recipient, a county, an amount and a description of the WORK, and says NOTHING about the recipient's organisational form -- Kansas's, Maryland's, Nebraska's, Oklahoma's, Nevada's, Michigan's, Missouri's, Iowa's, North Carolina's, Arkansas's and Wyoming's shape a TWELFTH time. NOTHING WAS PROMOTED (§0.4): several of these read as FQHCs or physician practices to anyone who knows Mississippi, and reading them that way would be this pipeline asserting a form the state has not.",LOW,NA,Budget Period 1,NON_HOSPITAL,No,NOT_HOSPITAL,NA,"RECIPIENT TYPE DETERMINED (session 50): OTHER -- nursing home. Basis (GENERAL_KNOWLEDGE): A nursing home -- the determined form session 49 admitted OTHER for. Source: no citable source for the FORM; the answer is this project's own knowledge (§0.4, session 49 policy 3). flow unchanged: the re-type does not cross §10.2's DIRECT test. PRIOR BASIS, kept because §2.1 says a correction shows what moved: §10.2 -- the named recipient is not a hospital, so no hospital dollar is claimed. Where recipient_type is §8's standing fallback this is the CONSERVATIVE answer and the row is queued as MS_RECIPIENT_FORM_NOT_STATED: resolving it could only raise Mississippi's hospital figure, never lower it.","EXACT, per-recipient, and published by the Governor for every one of the 167 rows. The 167 sum to $104,115,146.80 against a stated $104,115,146 -- a $0.80 TRUNCATION of the cents, not a discrepancy (§8: both figures are the state's own and neither is corrected).",NA,2026-09-14,data/evidence/MS/2026-09-14_ms_governor_167_awards_ROSTER.html,GENERAL_KNOWLEDGE,session 50 unstated-form typing,"nursing home. A nursing home -- the determined form session 49 admitted OTHER for. Source: no citable source for the FORM; the answer is this project's own knowledge (§0.4, session 49 policy 3)"
MS,98,Downs Family Dentistry,225000,OTHER,No,"To add in-house implant, endodontic, preventative, and diagnostic services for rural patients. [Prentiss County]",Yes,Yes,FY2026 (Year 1),Governor Reeves Announces 167 Rural Health Transformation Program Awards Totaling More Than $104 Million,https://governorreeves.ms.gov/governor-reeves-announces-167-rural-health-transformation-program-awards-totaling-more-than-104-million/,GOVERNOR_PRESS_RELEASE,DIRECT_TEXT,R/03ak_ms_year1_awardees.R,NA,NA,NA,NA,Prentiss County,Rural Capital Project Care Gap Closure (RCGC),1,Downs Family Dentistry,"§8's STANDING FALLBACK. The Governor's release publishes a recipient, a county, an amount and a description of the WORK, and says NOTHING about the recipient's organisational form -- Kansas's, Maryland's, Nebraska's, Oklahoma's, Nevada's, Michigan's, Missouri's, Iowa's, North Carolina's, Arkansas's and Wyoming's shape a TWELFTH time. NOTHING WAS PROMOTED (§0.4): several of these read as FQHCs or physician practices to anyone who knows Mississippi, and reading them that way would be this pipeline asserting a form the state has not.",LOW,NA,Budget Period 1,NON_HOSPITAL,No,NOT_HOSPITAL,NA,"RECIPIENT TYPE DETERMINED (session 50): OTHER -- dental practice. Basis (GENERAL_KNOWLEDGE): A dental practice. Source: no citable source for the FORM; the answer is this project's own knowledge (§0.4, session 49 policy 3). flow unchanged: the re-type does not cross §10.2's DIRECT test. PRIOR BASIS, kept because §2.1 says a correction shows what moved: §10.2 -- the named recipient is not a hospital, so no hospital dollar is claimed. Where recipient_type is §8's standing fallback this is the CONSERVATIVE answer and the row is queued as MS_RECIPIENT_FORM_NOT_STATED: resolving it could only raise Mississippi's hospital figure, never lower it.","EXACT, per-recipient, and published by the Governor for every one of the 167 rows. The 167 sum to $104,115,146.80 against a stated $104,115,146 -- a $0.80 TRUNCATION of the cents, not a discrepancy (§8: both figures are the state's own and neither is corrected).",NA,2026-09-14,data/evidence/MS/2026-09-14_ms_governor_167_awards_ROSTER.html,GENERAL_KNOWLEDGE,session 50 unstated-form typing,"dental practice. A dental practice. Source: no citable source for the FORM; the answer is this project's own knowledge (§0.4, session 49 policy 3)"
MS,99,Winston County Medical Foundation,1090138.34,HOSPITAL_OR_SYSTEM,Yes,To modernize hospital diagnostic and patient monitoring services. [Winston County],Yes,Yes,FY2026 (Year 1),Governor Reeves Announces 167 Rural Health Transformation Program Awards Totaling More Than $104 Million,https://governorreeves.ms.gov/governor-reeves-announces-167-rural-health-transformation-program-awards-totaling-more-than-104-million/,GOVERNOR_PRESS_RELEASE,DIRECT_TEXT,R/03ak_ms_year1_awardees.R,NA,NA,NA,NA,Winston County,Rural Capital Project Care Gap Closure (RCGC),2,Winston County Medical Foundation,"§8's STANDING FALLBACK. The Governor's release publishes a recipient, a county, an amount and a description of the WORK, and says NOTHING about the recipient's organisational form -- Kansas's, Maryland's, Nebraska's, Oklahoma's, Nevada's, Michigan's, Missouri's, Iowa's, North Carolina's, Arkansas's and Wyoming's shape a TWELFTH time. NOTHING WAS PROMOTED (§0.4): several of these read as FQHCs or physician practices to anyone who knows Mississippi, and reading them that way would be this pipeline asserting a form the state has not.",MEDIUM,NA,Budget Period 1,DIRECT,Yes,NAMED_HOSPITAL,NA,"RECIPIENT TYPE DETERMINED (session 50): HOSPITAL_OR_SYSTEM -- acute care hospital (Winston Medical Center, CCN 250027). Basis (ORG_WEBSITE): CMS Hospital Enrollments carries ORGANIZATION NAME 'WINSTON COUNTY MEDICAL FOUNDATION', Louisville MS, against CCN 250027 -- the state's published awardee string IS the hospital's legal name. The IRS Business Master File gives the same body as 'Winston County Medical Foundation Dba Winston Medical Center' and its Form 990 checks 'operated one or more hospital facilities' (Schedule H). Two federal publishers, nothing arranged. This is NOT §10.2's hospital-foundation row -- the foundation IS the hospital, it is not an arm of one -- which is why the queued MS_FOUNDATION_PARENT_NOT_STATED question resolves rather than needing the rule. Source: https://data.cms.gov/provider-data/dataset/xubh-q36u (Hospital Enrollments, 2026-07-31). flow re-run: §10.2 re-applied because the re-type crosses the DIRECT test. PRIOR BASIS, kept because §2.1 says a correction shows what moved: §10.2 -- the named recipient is not a hospital, so no hospital dollar is claimed. Where recipient_type is §8's standing fallback this is the CONSERVATIVE answer and the row is queued as MS_RECIPIENT_FORM_NOT_STATED: resolving it could only raise Mississippi's hospital figure, never lower it.","EXACT, per-recipient, and published by the Governor for every one of the 167 rows. The 167 sum to $104,115,146.80 against a stated $104,115,146 -- a $0.80 TRUNCATION of the cents, not a discrepancy (§8: both figures are the state's own and neither is corrected).",NA,2026-09-14,data/evidence/MS/2026-09-14_ms_governor_167_awards_ROSTER.html,ORG_WEBSITE,session 50 unstated-form typing,"acute care hospital (Winston Medical Center, CCN 250027). CMS Hospital Enrollments carries ORGANIZATION NAME 'WINSTON COUNTY MEDICAL FOUNDATION', Louisville MS, against CCN 250027 -- the state's published awardee string IS the hospital's legal name. The IRS Business Master File gives the same body as 'Winston County Medical Foundation Dba Winston Medical Center' and its Form 990 checks 'operated one or more hospital facilities' (Schedule H). Two federal publishers, nothing arranged. This is NOT §10.2's hospital-foundation row -- the foundation IS the hospital, it is not an arm of one -- which is why the queued MS_FOUNDATION_PARENT_NOT_STATED question resolves rather than needing the rule. Source: https://data.cms.gov/provider-data/dataset/xubh-q36u (Hospital Enrollments, 2026-07-31)"
MS,100,University of Mississippi Medical Center Greenwood,3000000,HOSPITAL_OR_SYSTEM,Yes,To modernize hospital infrastructure and expand future surgical and post-acute care capacity. [Leflore County],Yes,Yes,FY2026 (Year 1),Governor Reeves Announces 167 Rural Health Transformation Program Awards Totaling More Than $104 Million,https://governorreeves.ms.gov/governor-reeves-announces-167-rural-health-transformation-program-awards-totaling-more-than-104-million/,GOVERNOR_PRESS_RELEASE,DIRECT_TEXT,R/03ak_ms_year1_awardees.R,NA,NA,NA,NA,Leflore County,Rural Capital Project Care Gap Closure (RCGC),3,University of Mississippi Medical Center Greenwood,DERIVED FROM THE RECIPIENT'S OWN NAME by rhtp_classify_recipient_type().,HIGH,NA,Budget Period 1,DIRECT,Yes,NAMED_HOSPITAL,NA,"§10.2 DIRECT -- the named recipient is itself a hospital or health system, so recipient identity IS the flow test and no description decides it (§0.3a). The award is ANNOUNCED, not intended: the Governor's release says 'today announced 167 awards', so recipient_confirmed and amount_confirmed are both Yes -- stronger than Arkansas's or Wyoming's intents.","EXACT, per-recipient, and published by the Governor for every one of the 167 rows. The 167 sum to $104,115,146.80 against a stated $104,115,146 -- a $0.80 TRUNCATION of the cents, not a discrepancy (§8: both figures are the state's own and neither is corrected).",NA,2026-09-14,data/evidence/MS/2026-09-14_ms_governor_167_awards_ROSTER.html,NA,NA,NA
MS,101,"Countrywood Manor Assisted Living, Inc.",450000,OTHER,No,To improve facility reliability through the installation of a whole-house backup generator and HVAC upgrades. [Lee County],Yes,Yes,FY2026 (Year 1),Governor Reeves Announces 167 Rural Health Transformation Program Awards Totaling More Than $104 Million,https://governorreeves.ms.gov/governor-reeves-announces-167-rural-health-transformation-program-awards-totaling-more-than-104-million/,GOVERNOR_PRESS_RELEASE,DIRECT_TEXT,R/03ak_ms_year1_awardees.R,NA,NA,NA,NA,Lee County,Rural Capital Project Care Gap Closure (RCGC),4,"Countrywood Manor Assisted Living, Inc.","§8's STANDING FALLBACK. The Governor's release publishes a recipient, a county, an amount and a description of the WORK, and says NOTHING about the recipient's organisational form -- Kansas's, Maryland's, Nebraska's, Oklahoma's, Nevada's, Michigan's, Missouri's, Iowa's, North Carolina's, Arkansas's and Wyoming's shape a TWELFTH time. NOTHING WAS PROMOTED (§0.4): several of these read as FQHCs or physician practices to anyone who knows Mississippi, and reading them that way would be this pipeline asserting a form the state has not.",LOW,NA,Budget Period 1,NON_HOSPITAL,No,NOT_HOSPITAL,NA,"RECIPIENT TYPE DETERMINED (session 50): OTHER -- assisted living facility. Basis (GENERAL_KNOWLEDGE): An assisted living facility operator. Source: no citable source for the FORM; the answer is this project's own knowledge (§0.4, session 49 policy 3). flow unchanged: the re-type does not cross §10.2's DIRECT test. PRIOR BASIS, kept because §2.1 says a correction shows what moved: §10.2 -- the named recipient is not a hospital, so no hospital dollar is claimed. Where recipient_type is §8's standing fallback this is the CONSERVATIVE answer and the row is queued as MS_RECIPIENT_FORM_NOT_STATED: resolving it could only raise Mississippi's hospital figure, never lower it.","EXACT, per-recipient, and published by the Governor for every one of the 167 rows. The 167 sum to $104,115,146.80 against a stated $104,115,146 -- a $0.80 TRUNCATION of the cents, not a discrepancy (§8: both figures are the state's own and neither is corrected).",NA,2026-09-14,data/evidence/MS/2026-09-14_ms_governor_167_awards_ROSTER.html,GENERAL_KNOWLEDGE,session 50 unstated-form typing,"assisted living facility. An assisted living facility operator. Source: no citable source for the FORM; the answer is this project's own knowledge (§0.4, session 49 policy 3)"
MS,102,"Countrywood Manor Assisted Living, Inc.",374492.11,OTHER,No,To improve facility reliability through the installation of a whole-house backup generator and HVAC upgrades. [Marshall County],Yes,Yes,FY2026 (Year 1),Governor Reeves Announces 167 Rural Health Transformation Program Awards Totaling More Than $104 Million,https://governorreeves.ms.gov/governor-reeves-announces-167-rural-health-transformation-program-awards-totaling-more-than-104-million/,GOVERNOR_PRESS_RELEASE,DIRECT_TEXT,R/03ak_ms_year1_awardees.R,NA,NA,NA,NA,Marshall County,Rural Capital Project Care Gap Closure (RCGC),5,"Countrywood Manor Assisted Living, Inc.","§8's STANDING FALLBACK. The Governor's release publishes a recipient, a county, an amount and a description of the WORK, and says NOTHING about the recipient's organisational form -- Kansas's, Maryland's, Nebraska's, Oklahoma's, Nevada's, Michigan's, Missouri's, Iowa's, North Carolina's, Arkansas's and Wyoming's shape a TWELFTH time. NOTHING WAS PROMOTED (§0.4): several of these read as FQHCs or physician practices to anyone who knows Mississippi, and reading them that way would be this pipeline asserting a form the state has not.",LOW,NA,Budget Period 1,NON_HOSPITAL,No,NOT_HOSPITAL,NA,"RECIPIENT TYPE DETERMINED (session 50): OTHER -- assisted living facility. Basis (GENERAL_KNOWLEDGE): An assisted living facility operator. Source: no citable source for the FORM; the answer is this project's own knowledge (§0.4, session 49 policy 3). flow unchanged: the re-type does not cross §10.2's DIRECT test. PRIOR BASIS, kept because §2.1 says a correction shows what moved: §10.2 -- the named recipient is not a hospital, so no hospital dollar is claimed. Where recipient_type is §8's standing fallback this is the CONSERVATIVE answer and the row is queued as MS_RECIPIENT_FORM_NOT_STATED: resolving it could only raise Mississippi's hospital figure, never lower it.","EXACT, per-recipient, and published by the Governor for every one of the 167 rows. The 167 sum to $104,115,146.80 against a stated $104,115,146 -- a $0.80 TRUNCATION of the cents, not a discrepancy (§8: both figures are the state's own and neither is corrected).",NA,2026-09-14,data/evidence/MS/2026-09-14_ms_governor_167_awards_ROSTER.html,GENERAL_KNOWLEDGE,session 50 unstated-form typing,"assisted living facility. An assisted living facility operator. Source: no citable source for the FORM; the answer is this project's own knowledge (§0.4, session 49 policy 3)"
MS,103,Memorial Health System,1151594,HOSPITAL_OR_SYSTEM,Yes,"To expand access to diagnostic testing with a new mammography unit, bone density system and patient tracking & referral system. [Stone County]",Yes,Yes,FY2026 (Year 1),Governor Reeves Announces 167 Rural Health Transformation Program Awards Totaling More Than $104 Million,https://governorreeves.ms.gov/governor-reeves-announces-167-rural-health-transformation-program-awards-totaling-more-than-104-million/,GOVERNOR_PRESS_RELEASE,DIRECT_TEXT,R/03ak_ms_year1_awardees.R,NA,NA,NA,NA,Stone County,Rural Capital Project Care Gap Closure (RCGC),6,Memorial Health System,DERIVED FROM THE RECIPIENT'S OWN NAME by rhtp_classify_recipient_type().,MEDIUM,NA,Budget Period 1,DIRECT,Yes,NAMED_HOSPITAL,NA,"§10.2 DIRECT -- the named recipient is itself a hospital or health system, so recipient identity IS the flow test and no description decides it (§0.3a). The award is ANNOUNCED, not intended: the Governor's release says 'today announced 167 awards', so recipient_confirmed and amount_confirmed are both Yes -- stronger than Arkansas's or Wyoming's intents.","EXACT, per-recipient, and published by the Governor for every one of the 167 rows. The 167 sum to $104,115,146.80 against a stated $104,115,146 -- a $0.80 TRUNCATION of the cents, not a discrepancy (§8: both figures are the state's own and neither is corrected).",NA,2026-09-14,data/evidence/MS/2026-09-14_ms_governor_167_awards_ROSTER.html,NA,NA,NA
MS,104,Delta Health Center,3000000,FQHC_OR_RHC,No,To establish a 24/7 Urgent and Critical Response center in Rosedale. [Bolivar County],Yes,Yes,FY2026 (Year 1),Governor Reeves Announces 167 Rural Health Transformation Program Awards Totaling More Than $104 Million,https://governorreeves.ms.gov/governor-reeves-announces-167-rural-health-transformation-program-awards-totaling-more-than-104-million/,GOVERNOR_PRESS_RELEASE,DIRECT_TEXT,R/03ak_ms_year1_awardees.R,NA,NA,NA,NA,Bolivar County,Rural Capital Project Care Gap Closure (RCGC),7,Delta Health Center,"§8's STANDING FALLBACK. The Governor's release publishes a recipient, a county, an amount and a description of the WORK, and says NOTHING about the recipient's organisational form -- Kansas's, Maryland's, Nebraska's, Oklahoma's, Nevada's, Michigan's, Missouri's, Iowa's, North Carolina's, Arkansas's and Wyoming's shape a TWELFTH time. NOTHING WAS PROMOTED (§0.4): several of these read as FQHCs or physician practices to anyone who knows Mississippi, and reading them that way would be this pipeline asserting a form the state has not.",MEDIUM,NA,Budget Period 1,NON_HOSPITAL,No,NOT_HOSPITAL,NA,"RECIPIENT TYPE DETERMINED (session 50): FQHC_OR_RHC -- federally qualified health center. Basis (ORG_WEBSITE): CMS FQHC Enrollments carries 'DELTA HEALTH CENTER, INC.' against CCNs 251008, 251020, 251022, 251033. Mississippi publishes this awardee both with and without the 'Inc.'; both spellings are kept (§2). Source: https://data.cms.gov/data-api/v1/dataset/4bcae866-3411-439a-b762-90a6187c194b/data (FQHC Enrollments, 2026-07-17). flow unchanged: the re-type does not cross §10.2's DIRECT test. PRIOR BASIS, kept because §2.1 says a correction shows what moved: §10.2 -- the named recipient is not a hospital, so no hospital dollar is claimed. Where recipient_type is §8's standing fallback this is the CONSERVATIVE answer and the row is queued as MS_RECIPIENT_FORM_NOT_STATED: resolving it could only raise Mississippi's hospital figure, never lower it.","EXACT, per-recipient, and published by the Governor for every one of the 167 rows. The 167 sum to $104,115,146.80 against a stated $104,115,146 -- a $0.80 TRUNCATION of the cents, not a discrepancy (§8: both figures are the state's own and neither is corrected).",NA,2026-09-14,data/evidence/MS/2026-09-14_ms_governor_167_awards_ROSTER.html,ORG_WEBSITE,session 50 unstated-form typing,"federally qualified health center. CMS FQHC Enrollments carries 'DELTA HEALTH CENTER, INC.' against CCNs 251008, 251020, 251022, 251033. Mississippi publishes this awardee both with and without the 'Inc.'; both spellings are kept (§2). Source: https://data.cms.gov/data-api/v1/dataset/4bcae866-3411-439a-b762-90a6187c194b/data (FQHC Enrollments, 2026-07-17)"
MS,105,"Independent Healthcare Management, Inc.",3000000,HOSPITAL_OR_SYSTEM,Yes,"To expand access to robotic surgery through the purchase of necessary equipment as well as an automated medication management system, chemistry analyzer and replacement inpatient hospital beds. [Scott County]",Yes,Yes,FY2026 (Year 1),Governor Reeves Announces 167 Rural Health Transformation Program Awards Totaling More Than $104 Million,https://governorreeves.ms.gov/governor-reeves-announces-167-rural-health-transformation-program-awards-totaling-more-than-104-million/,GOVERNOR_PRESS_RELEASE,DIRECT_TEXT,R/03ak_ms_year1_awardees.R,NA,NA,NA,NA,Scott County,Rural Capital Project Care Gap Closure (RCGC),8,"Independent Healthcare Management, Inc.","§8's STANDING FALLBACK. The Governor's release publishes a recipient, a county, an amount and a description of the WORK, and says NOTHING about the recipient's organisational form -- Kansas's, Maryland's, Nebraska's, Oklahoma's, Nevada's, Michigan's, Missouri's, Iowa's, North Carolina's, Arkansas's and Wyoming's shape a TWELFTH time. NOTHING WAS PROMOTED (§0.4): several of these read as FQHCs or physician practices to anyone who knows Mississippi, and reading them that way would be this pipeline asserting a form the state has not.",MEDIUM,NA,Budget Period 1,DIRECT,Yes,NAMED_HOSPITAL,NA,"RECIPIENT TYPE DETERMINED (session 50): HOSPITAL_OR_SYSTEM -- critical access hospital operator (CCN 251300, Forest MS). Basis (ORG_WEBSITE): The same body as the row above under Mississippi's second spelling (a comma and a full stop apart). BOTH SPELLINGS ARE KEPT (§2): they are two award actions, not one, and nothing is merged. Source: https://data.cms.gov/provider-data/dataset/xubh-q36u (Hospital Enrollments, 2026-07-31). flow re-run: §10.2 re-applied because the re-type crosses the DIRECT test. PRIOR BASIS, kept because §2.1 says a correction shows what moved: §10.2 -- the named recipient is not a hospital, so no hospital dollar is claimed. Where recipient_type is §8's standing fallback this is the CONSERVATIVE answer and the row is queued as MS_RECIPIENT_FORM_NOT_STATED: resolving it could only raise Mississippi's hospital figure, never lower it.","EXACT, per-recipient, and published by the Governor for every one of the 167 rows. The 167 sum to $104,115,146.80 against a stated $104,115,146 -- a $0.80 TRUNCATION of the cents, not a discrepancy (§8: both figures are the state's own and neither is corrected).",NA,2026-09-14,data/evidence/MS/2026-09-14_ms_governor_167_awards_ROSTER.html,ORG_WEBSITE,session 50 unstated-form typing,"critical access hospital operator (CCN 251300, Forest MS). The same body as the row above under Mississippi's second spelling (a comma and a full stop apart). BOTH SPELLINGS ARE KEPT (§2): they are two award actions, not one, and nothing is merged. Source: https://data.cms.gov/provider-data/dataset/xubh-q36u (Hospital Enrollments, 2026-07-31)"
MS,106,Sai Sanjeevani Medical Group,11550,PHYSICIAN_PRACTICE,No,To expand access to vision screenings in the Delta. [Coahoma County],Yes,Yes,FY2026 (Year 1),Governor Reeves Announces 167 Rural Health Transformation Program Awards Totaling More Than $104 Million,https://governorreeves.ms.gov/governor-reeves-announces-167-rural-health-transformation-program-awards-totaling-more-than-104-million/,GOVERNOR_PRESS_RELEASE,DIRECT_TEXT,R/03ak_ms_year1_awardees.R,NA,NA,NA,NA,Coahoma County,Rural Capital Project Care Gap Closure (RCGC),9,Sai Sanjeevani Medical Group,"§8's STANDING FALLBACK. The Governor's release publishes a recipient, a county, an amount and a description of the WORK, and says NOTHING about the recipient's organisational form -- Kansas's, Maryland's, Nebraska's, Oklahoma's, Nevada's, Michigan's, Missouri's, Iowa's, North Carolina's, Arkansas's and Wyoming's shape a TWELFTH time. NOTHING WAS PROMOTED (§0.4): several of these read as FQHCs or physician practices to anyone who knows Mississippi, and reading them that way would be this pipeline asserting a form the state has not.",LOW,NA,Budget Period 1,NON_HOSPITAL,No,NOT_HOSPITAL,NA,"RECIPIENT TYPE DETERMINED (session 50): PHYSICIAN_PRACTICE -- physician practice. Basis (GENERAL_KNOWLEDGE): A physician group practice. Source: no citable source for the FORM; the answer is this project's own knowledge (§0.4, session 49 policy 3). flow unchanged: the re-type does not cross §10.2's DIRECT test. PRIOR BASIS, kept because §2.1 says a correction shows what moved: §10.2 -- the named recipient is not a hospital, so no hospital dollar is claimed. Where recipient_type is §8's standing fallback this is the CONSERVATIVE answer and the row is queued as MS_RECIPIENT_FORM_NOT_STATED: resolving it could only raise Mississippi's hospital figure, never lower it.","EXACT, per-recipient, and published by the Governor for every one of the 167 rows. The 167 sum to $104,115,146.80 against a stated $104,115,146 -- a $0.80 TRUNCATION of the cents, not a discrepancy (§8: both figures are the state's own and neither is corrected).",NA,2026-09-14,data/evidence/MS/2026-09-14_ms_governor_167_awards_ROSTER.html,GENERAL_KNOWLEDGE,session 50 unstated-form typing,"physician practice. A physician group practice. Source: no citable source for the FORM; the answer is this project's own knowledge (§0.4, session 49 policy 3)"
MS,107,Tate County Hospital,1500000,HOSPITAL_OR_SYSTEM,Yes,To equip two operating rooms and re-establish inpatient and outpatient surgical care. [Tate County],Yes,Yes,FY2026 (Year 1),Governor Reeves Announces 167 Rural Health Transformation Program Awards Totaling More Than $104 Million,https://governorreeves.ms.gov/governor-reeves-announces-167-rural-health-transformation-program-awards-totaling-more-than-104-million/,GOVERNOR_PRESS_RELEASE,DIRECT_TEXT,R/03ak_ms_year1_awardees.R,NA,NA,NA,NA,Tate County,Rural Capital Project Care Gap Closure (RCGC),10,Tate County Hospital,DERIVED FROM THE RECIPIENT'S OWN NAME by rhtp_classify_recipient_type().,HIGH,NA,Budget Period 1,DIRECT,Yes,NAMED_HOSPITAL,NA,"§10.2 DIRECT -- the named recipient is itself a hospital or health system, so recipient identity IS the flow test and no description decides it (§0.3a). The award is ANNOUNCED, not intended: the Governor's release says 'today announced 167 awards', so recipient_confirmed and amount_confirmed are both Yes -- stronger than Arkansas's or Wyoming's intents.","EXACT, per-recipient, and published by the Governor for every one of the 167 rows. The 167 sum to $104,115,146.80 against a stated $104,115,146 -- a $0.80 TRUNCATION of the cents, not a discrepancy (§8: both figures are the state's own and neither is corrected).",NA,2026-09-14,data/evidence/MS/2026-09-14_ms_governor_167_awards_ROSTER.html,NA,NA,NA
MS,108,Copiah County Medical Center,643700.4,HOSPITAL_OR_SYSTEM,Yes,To modernize diagnostic imaging services with advanced imaging technology. [Copiah County],Yes,Yes,FY2026 (Year 1),Governor Reeves Announces 167 Rural Health Transformation Program Awards Totaling More Than $104 Million,https://governorreeves.ms.gov/governor-reeves-announces-167-rural-health-transformation-program-awards-totaling-more-than-104-million/,GOVERNOR_PRESS_RELEASE,DIRECT_TEXT,R/03ak_ms_year1_awardees.R,NA,NA,NA,NA,Copiah County,Rural Capital Project Care Gap Closure (RCGC),11,Copiah County Medical Center,DERIVED FROM THE RECIPIENT'S OWN NAME by rhtp_classify_recipient_type().,HIGH,NA,Budget Period 1,DIRECT,Yes,NAMED_HOSPITAL,NA,"§10.2 DIRECT -- the named recipient is itself a hospital or health system, so recipient identity IS the flow test and no description decides it (§0.3a). The award is ANNOUNCED, not intended: the Governor's release says 'today announced 167 awards', so recipient_confirmed and amount_confirmed are both Yes -- stronger than Arkansas's or Wyoming's intents.","EXACT, per-recipient, and published by the Governor for every one of the 167 rows. The 167 sum to $104,115,146.80 against a stated $104,115,146 -- a $0.80 TRUNCATION of the cents, not a discrepancy (§8: both figures are the state's own and neither is corrected).",NA,2026-09-14,data/evidence/MS/2026-09-14_ms_governor_167_awards_ROSTER.html,NA,NA,NA
MS,109,Yalobusha General Hospital,175000,HOSPITAL_OR_SYSTEM,Yes,To expand diagnostic imaging services by upgrading to advanced imaging technology. [Yalobusha County],Yes,Yes,FY2026 (Year 1),Governor Reeves Announces 167 Rural Health Transformation Program Awards Totaling More Than $104 Million,https://governorreeves.ms.gov/governor-reeves-announces-167-rural-health-transformation-program-awards-totaling-more-than-104-million/,GOVERNOR_PRESS_RELEASE,DIRECT_TEXT,R/03ak_ms_year1_awardees.R,NA,NA,NA,NA,Yalobusha County,Rural Capital Project Care Gap Closure (RCGC),12,Yalobusha General Hospital,DERIVED FROM THE RECIPIENT'S OWN NAME by rhtp_classify_recipient_type().,HIGH,NA,Budget Period 1,DIRECT,Yes,NAMED_HOSPITAL,NA,"§10.2 DIRECT -- the named recipient is itself a hospital or health system, so recipient identity IS the flow test and no description decides it (§0.3a). The award is ANNOUNCED, not intended: the Governor's release says 'today announced 167 awards', so recipient_confirmed and amount_confirmed are both Yes -- stronger than Arkansas's or Wyoming's intents.","EXACT, per-recipient, and published by the Governor for every one of the 167 rows. The 167 sum to $104,115,146.80 against a stated $104,115,146 -- a $0.80 TRUNCATION of the cents, not a discrepancy (§8: both figures are the state's own and neither is corrected).",NA,2026-09-14,data/evidence/MS/2026-09-14_ms_governor_167_awards_ROSTER.html,NA,NA,NA
MS,110,"Delta Health Transformation Council, Inc.",3000000,NONPROFIT_CBO,No,To expand access to advanced surgical care in the Delta through robotic-assisted surgery. [Washington County],Yes,Yes,FY2026 (Year 1),Governor Reeves Announces 167 Rural Health Transformation Program Awards Totaling More Than $104 Million,https://governorreeves.ms.gov/governor-reeves-announces-167-rural-health-transformation-program-awards-totaling-more-than-104-million/,GOVERNOR_PRESS_RELEASE,DIRECT_TEXT,R/03ak_ms_year1_awardees.R,NA,NA,NA,NA,Washington County,Rural Capital Project Care Gap Closure (RCGC),13,"Delta Health Transformation Council, Inc.","§8's STANDING FALLBACK. The Governor's release publishes a recipient, a county, an amount and a description of the WORK, and says NOTHING about the recipient's organisational form -- Kansas's, Maryland's, Nebraska's, Oklahoma's, Nevada's, Michigan's, Missouri's, Iowa's, North Carolina's, Arkansas's and Wyoming's shape a TWELFTH time. NOTHING WAS PROMOTED (§0.4): several of these read as FQHCs or physician practices to anyone who knows Mississippi, and reading them that way would be this pipeline asserting a form the state has not.",LOW,RECIPIENT_TYPE_INFERRED,Budget Period 1,NON_HOSPITAL,No,NOT_HOSPITAL,NA,"§10.2 -- the named recipient is not a hospital, so no hospital dollar is claimed. Where recipient_type is §8's standing fallback this is the CONSERVATIVE answer and the row is queued as MS_RECIPIENT_FORM_NOT_STATED: resolving it could only raise Mississippi's hospital figure, never lower it.","EXACT, per-recipient, and published by the Governor for every one of the 167 rows. The 167 sum to $104,115,146.80 against a stated $104,115,146 -- a $0.80 TRUNCATION of the cents, not a discrepancy (§8: both figures are the state's own and neither is corrected).",NA,2026-09-14,data/evidence/MS/2026-09-14_ms_governor_167_awards_ROSTER.html,NA,NA,NA
MS,111,Progressive Health of Houston,1645000,HOSPITAL_OR_SYSTEM,Yes,To establish six new service lines including women’s health. [Chickasaw County],Yes,Yes,FY2026 (Year 1),Governor Reeves Announces 167 Rural Health Transformation Program Awards Totaling More Than $104 Million,https://governorreeves.ms.gov/governor-reeves-announces-167-rural-health-transformation-program-awards-totaling-more-than-104-million/,GOVERNOR_PRESS_RELEASE,DIRECT_TEXT,R/03ak_ms_year1_awardees.R,NA,NA,NA,NA,Chickasaw County,Rural Capital Project Care Gap Closure (RCGC),14,Progressive Health of Houston,"§8's STANDING FALLBACK. The Governor's release publishes a recipient, a county, an amount and a description of the WORK, and says NOTHING about the recipient's organisational form -- Kansas's, Maryland's, Nebraska's, Oklahoma's, Nevada's, Michigan's, Missouri's, Iowa's, North Carolina's, Arkansas's and Wyoming's shape a TWELFTH time. NOTHING WAS PROMOTED (§0.4): several of these read as FQHCs or physician practices to anyone who knows Mississippi, and reading them that way would be this pipeline asserting a form the state has not.",MEDIUM,NA,Budget Period 1,DIRECT,Yes,NAMED_HOSPITAL,NA,"RECIPIENT TYPE DETERMINED (session 50): HOSPITAL_OR_SYSTEM -- critical access hospital operator (CCN 250785, Houston MS). Basis (ORG_WEBSITE): CMS Hospital Enrollments carries ORGANIZATION NAME 'PROGRESSIVE HEALTH OF HOUSTON LLC', Houston MS (Chickasaw County), against CCN 250785, plus three RHC enrolments. Award county is Chickasaw. Source: https://data.cms.gov/provider-data/dataset/xubh-q36u (Hospital Enrollments, 2026-07-31). flow re-run: §10.2 re-applied because the re-type crosses the DIRECT test. PRIOR BASIS, kept because §2.1 says a correction shows what moved: §10.2 -- the named recipient is not a hospital, so no hospital dollar is claimed. Where recipient_type is §8's standing fallback this is the CONSERVATIVE answer and the row is queued as MS_RECIPIENT_FORM_NOT_STATED: resolving it could only raise Mississippi's hospital figure, never lower it.","EXACT, per-recipient, and published by the Governor for every one of the 167 rows. The 167 sum to $104,115,146.80 against a stated $104,115,146 -- a $0.80 TRUNCATION of the cents, not a discrepancy (§8: both figures are the state's own and neither is corrected).",NA,2026-09-14,data/evidence/MS/2026-09-14_ms_governor_167_awards_ROSTER.html,ORG_WEBSITE,session 50 unstated-form typing,"critical access hospital operator (CCN 250785, Houston MS). CMS Hospital Enrollments carries ORGANIZATION NAME 'PROGRESSIVE HEALTH OF HOUSTON LLC', Houston MS (Chickasaw County), against CCN 250785, plus three RHC enrolments. Award county is Chickasaw. Source: https://data.cms.gov/provider-data/dataset/xubh-q36u (Hospital Enrollments, 2026-07-31)"
MS,112,Winston County Medical Foundation,240852.15,HOSPITAL_OR_SYSTEM,Yes,To expand transportation access for rural patients. [Winston County],Yes,Yes,FY2026 (Year 1),Governor Reeves Announces 167 Rural Health Transformation Program Awards Totaling More Than $104 Million,https://governorreeves.ms.gov/governor-reeves-announces-167-rural-health-transformation-program-awards-totaling-more-than-104-million/,GOVERNOR_PRESS_RELEASE,DIRECT_TEXT,R/03ak_ms_year1_awardees.R,NA,NA,NA,NA,Winston County,Rural Capital Project Care Gap Closure (RCGC),15,Winston County Medical Foundation,"§8's STANDING FALLBACK. The Governor's release publishes a recipient, a county, an amount and a description of the WORK, and says NOTHING about the recipient's organisational form -- Kansas's, Maryland's, Nebraska's, Oklahoma's, Nevada's, Michigan's, Missouri's, Iowa's, North Carolina's, Arkansas's and Wyoming's shape a TWELFTH time. NOTHING WAS PROMOTED (§0.4): several of these read as FQHCs or physician practices to anyone who knows Mississippi, and reading them that way would be this pipeline asserting a form the state has not.",MEDIUM,NA,Budget Period 1,DIRECT,Yes,NAMED_HOSPITAL,NA,"RECIPIENT TYPE DETERMINED (session 50): HOSPITAL_OR_SYSTEM -- acute care hospital (Winston Medical Center, CCN 250027). Basis (ORG_WEBSITE): CMS Hospital Enrollments carries ORGANIZATION NAME 'WINSTON COUNTY MEDICAL FOUNDATION', Louisville MS, against CCN 250027 -- the state's published awardee string IS the hospital's legal name. The IRS Business Master File gives the same body as 'Winston County Medical Foundation Dba Winston Medical Center' and its Form 990 checks 'operated one or more hospital facilities' (Schedule H). Two federal publishers, nothing arranged. This is NOT §10.2's hospital-foundation row -- the foundation IS the hospital, it is not an arm of one -- which is why the queued MS_FOUNDATION_PARENT_NOT_STATED question resolves rather than needing the rule. Source: https://data.cms.gov/provider-data/dataset/xubh-q36u (Hospital Enrollments, 2026-07-31). flow re-run: §10.2 re-applied because the re-type crosses the DIRECT test. PRIOR BASIS, kept because §2.1 says a correction shows what moved: §10.2 -- the named recipient is not a hospital, so no hospital dollar is claimed. Where recipient_type is §8's standing fallback this is the CONSERVATIVE answer and the row is queued as MS_RECIPIENT_FORM_NOT_STATED: resolving it could only raise Mississippi's hospital figure, never lower it.","EXACT, per-recipient, and published by the Governor for every one of the 167 rows. The 167 sum to $104,115,146.80 against a stated $104,115,146 -- a $0.80 TRUNCATION of the cents, not a discrepancy (§8: both figures are the state's own and neither is corrected).",NA,2026-09-14,data/evidence/MS/2026-09-14_ms_governor_167_awards_ROSTER.html,ORG_WEBSITE,session 50 unstated-form typing,"acute care hospital (Winston Medical Center, CCN 250027). CMS Hospital Enrollments carries ORGANIZATION NAME 'WINSTON COUNTY MEDICAL FOUNDATION', Louisville MS, against CCN 250027 -- the state's published awardee string IS the hospital's legal name. The IRS Business Master File gives the same body as 'Winston County Medical Foundation Dba Winston Medical Center' and its Form 990 checks 'operated one or more hospital facilities' (Schedule H). Two federal publishers, nothing arranged. This is NOT §10.2's hospital-foundation row -- the foundation IS the hospital, it is not an arm of one -- which is why the queued MS_FOUNDATION_PARENT_NOT_STATED question resolves rather than needing the rule. Source: https://data.cms.gov/provider-data/dataset/xubh-q36u (Hospital Enrollments, 2026-07-31)"
MS,113,North Sunflower Medical Center,1000000,HOSPITAL_OR_SYSTEM,Yes,To provide roof renovations that will improve facility reliability and provide patients with uninterrupted healthcare. [Sunflower County],Yes,Yes,FY2026 (Year 1),Governor Reeves Announces 167 Rural Health Transformation Program Awards Totaling More Than $104 Million,https://governorreeves.ms.gov/governor-reeves-announces-167-rural-health-transformation-program-awards-totaling-more-than-104-million/,GOVERNOR_PRESS_RELEASE,DIRECT_TEXT,R/03ak_ms_year1_awardees.R,NA,NA,NA,NA,Sunflower County,Rural Capital Project Care Gap Closure (RCGC),16,North Sunflower Medical Center,DERIVED FROM THE RECIPIENT'S OWN NAME by rhtp_classify_recipient_type().,HIGH,NA,Budget Period 1,DIRECT,Yes,NAMED_HOSPITAL,NA,"§10.2 DIRECT -- the named recipient is itself a hospital or health system, so recipient identity IS the flow test and no description decides it (§0.3a). The award is ANNOUNCED, not intended: the Governor's release says 'today announced 167 awards', so recipient_confirmed and amount_confirmed are both Yes -- stronger than Arkansas's or Wyoming's intents.","EXACT, per-recipient, and published by the Governor for every one of the 167 rows. The 167 sum to $104,115,146.80 against a stated $104,115,146 -- a $0.80 TRUNCATION of the cents, not a discrepancy (§8: both figures are the state's own and neither is corrected).",NA,2026-09-14,data/evidence/MS/2026-09-14_ms_governor_167_awards_ROSTER.html,NA,NA,NA
MS,114,Progressive Health of Houston,1383406,HOSPITAL_OR_SYSTEM,Yes,"To restore outpatient services for endoscopy, vascular diagnostics, minor procedures, portable imaging and wound care. [Chickasaw County]",Yes,Yes,FY2026 (Year 1),Governor Reeves Announces 167 Rural Health Transformation Program Awards Totaling More Than $104 Million,https://governorreeves.ms.gov/governor-reeves-announces-167-rural-health-transformation-program-awards-totaling-more-than-104-million/,GOVERNOR_PRESS_RELEASE,DIRECT_TEXT,R/03ak_ms_year1_awardees.R,NA,NA,NA,NA,Chickasaw County,Rural Capital Project Care Gap Closure (RCGC),17,Progressive Health of Houston,"§8's STANDING FALLBACK. The Governor's release publishes a recipient, a county, an amount and a description of the WORK, and says NOTHING about the recipient's organisational form -- Kansas's, Maryland's, Nebraska's, Oklahoma's, Nevada's, Michigan's, Missouri's, Iowa's, North Carolina's, Arkansas's and Wyoming's shape a TWELFTH time. NOTHING WAS PROMOTED (§0.4): several of these read as FQHCs or physician practices to anyone who knows Mississippi, and reading them that way would be this pipeline asserting a form the state has not.",MEDIUM,NA,Budget Period 1,DIRECT,Yes,NAMED_HOSPITAL,NA,"RECIPIENT TYPE DETERMINED (session 50): HOSPITAL_OR_SYSTEM -- critical access hospital operator (CCN 250785, Houston MS). Basis (ORG_WEBSITE): CMS Hospital Enrollments carries ORGANIZATION NAME 'PROGRESSIVE HEALTH OF HOUSTON LLC', Houston MS (Chickasaw County), against CCN 250785, plus three RHC enrolments. Award county is Chickasaw. Source: https://data.cms.gov/provider-data/dataset/xubh-q36u (Hospital Enrollments, 2026-07-31). flow re-run: §10.2 re-applied because the re-type crosses the DIRECT test. PRIOR BASIS, kept because §2.1 says a correction shows what moved: §10.2 -- the named recipient is not a hospital, so no hospital dollar is claimed. Where recipient_type is §8's standing fallback this is the CONSERVATIVE answer and the row is queued as MS_RECIPIENT_FORM_NOT_STATED: resolving it could only raise Mississippi's hospital figure, never lower it.","EXACT, per-recipient, and published by the Governor for every one of the 167 rows. The 167 sum to $104,115,146.80 against a stated $104,115,146 -- a $0.80 TRUNCATION of the cents, not a discrepancy (§8: both figures are the state's own and neither is corrected).",NA,2026-09-14,data/evidence/MS/2026-09-14_ms_governor_167_awards_ROSTER.html,ORG_WEBSITE,session 50 unstated-form typing,"critical access hospital operator (CCN 250785, Houston MS). CMS Hospital Enrollments carries ORGANIZATION NAME 'PROGRESSIVE HEALTH OF HOUSTON LLC', Houston MS (Chickasaw County), against CCN 250785, plus three RHC enrolments. Award county is Chickasaw. Source: https://data.cms.gov/provider-data/dataset/xubh-q36u (Hospital Enrollments, 2026-07-31)"
MS,115,Memorial Health System,1160837,HOSPITAL_OR_SYSTEM,Yes,To expand access to advanced cardiac imaging services. [Stone County],Yes,Yes,FY2026 (Year 1),Governor Reeves Announces 167 Rural Health Transformation Program Awards Totaling More Than $104 Million,https://governorreeves.ms.gov/governor-reeves-announces-167-rural-health-transformation-program-awards-totaling-more-than-104-million/,GOVERNOR_PRESS_RELEASE,DIRECT_TEXT,R/03ak_ms_year1_awardees.R,NA,NA,NA,NA,Stone County,Rural Capital Project Care Gap Closure (RCGC),18,Memorial Health System,DERIVED FROM THE RECIPIENT'S OWN NAME by rhtp_classify_recipient_type().,MEDIUM,NA,Budget Period 1,DIRECT,Yes,NAMED_HOSPITAL,NA,"§10.2 DIRECT -- the named recipient is itself a hospital or health system, so recipient identity IS the flow test and no description decides it (§0.3a). The award is ANNOUNCED, not intended: the Governor's release says 'today announced 167 awards', so recipient_confirmed and amount_confirmed are both Yes -- stronger than Arkansas's or Wyoming's intents.","EXACT, per-recipient, and published by the Governor for every one of the 167 rows. The 167 sum to $104,115,146.80 against a stated $104,115,146 -- a $0.80 TRUNCATION of the cents, not a discrepancy (§8: both figures are the state's own and neither is corrected).",NA,2026-09-14,data/evidence/MS/2026-09-14_ms_governor_167_awards_ROSTER.html,NA,NA,NA
MS,116,"Webster Healthcare Services, Inc.",500000,HOSPITAL_OR_SYSTEM,Yes,To create a four-bed Emergency Department Observation Unit to provide behavioral health observation for rural patients requiring extended care. [Webster County],Yes,Yes,FY2026 (Year 1),Governor Reeves Announces 167 Rural Health Transformation Program Awards Totaling More Than $104 Million,https://governorreeves.ms.gov/governor-reeves-announces-167-rural-health-transformation-program-awards-totaling-more-than-104-million/,GOVERNOR_PRESS_RELEASE,DIRECT_TEXT,R/03ak_ms_year1_awardees.R,NA,NA,NA,NA,Webster County,Rural Capital Project Care Gap Closure (RCGC),19,"Webster Healthcare Services, Inc.","§8's STANDING FALLBACK. The Governor's release publishes a recipient, a county, an amount and a description of the WORK, and says NOTHING about the recipient's organisational form -- Kansas's, Maryland's, Nebraska's, Oklahoma's, Nevada's, Michigan's, Missouri's, Iowa's, North Carolina's, Arkansas's and Wyoming's shape a TWELFTH time. NOTHING WAS PROMOTED (§0.4): several of these read as FQHCs or physician practices to anyone who knows Mississippi, and reading them that way would be this pipeline asserting a form the state has not.",LOW,NA,Budget Period 1,DIRECT,Yes,NAMED_HOSPITAL,NA,"RECIPIENT TYPE DETERMINED (session 50): HOSPITAL_OR_SYSTEM -- critical access hospital operator (Webster General Hospital, Eupora MS, CCN 250020). Basis (GENERAL_KNOWLEDGE): A HAND-READ BRIDGE AND NOT A RECORD MATCH, SO IT IS LOW. CMS Hospital Enrollments carries 'WEBSTER HEALTH SERVICES INC' dba 'WEBSTER GENERAL HOSPITAL' in Eupora, Webster County, CCN 250020; Mississippi publishes 'Webster HealthCARE Services, Inc.', ONE WORD DIFFERENT. The award's county is Webster and CMS lists no other hospital operator in it, which is what carries the identification -- but the bridge is this project's reading, not either publisher's statement, so §2's ban on a machine resolving a fuzzy hospital match is honoured by making it visible here and pricing it at LOW. Source: no citable source for the FORM; the answer is this project's own knowledge (§0.4, session 49 policy 3). flow re-run: §10.2 re-applied because the re-type crosses the DIRECT test. PRIOR BASIS, kept because §2.1 says a correction shows what moved: §10.2 -- the named recipient is not a hospital, so no hospital dollar is claimed. Where recipient_type is §8's standing fallback this is the CONSERVATIVE answer and the row is queued as MS_RECIPIENT_FORM_NOT_STATED: resolving it could only raise Mississippi's hospital figure, never lower it.","EXACT, per-recipient, and published by the Governor for every one of the 167 rows. The 167 sum to $104,115,146.80 against a stated $104,115,146 -- a $0.80 TRUNCATION of the cents, not a discrepancy (§8: both figures are the state's own and neither is corrected).",NA,2026-09-14,data/evidence/MS/2026-09-14_ms_governor_167_awards_ROSTER.html,GENERAL_KNOWLEDGE,session 50 unstated-form typing,"critical access hospital operator (Webster General Hospital, Eupora MS, CCN 250020). A HAND-READ BRIDGE AND NOT A RECORD MATCH, SO IT IS LOW. CMS Hospital Enrollments carries 'WEBSTER HEALTH SERVICES INC' dba 'WEBSTER GENERAL HOSPITAL' in Eupora, Webster County, CCN 250020; Mississippi publishes 'Webster HealthCARE Services, Inc.', ONE WORD DIFFERENT. The award's county is Webster and CMS lists no other hospital operator in it, which is what carries the identification -- but the bridge is this project's reading, not either publisher's statement, so §2's ban on a machine resolving a fuzzy hospital match is honoured by making it visible here and pricing it at LOW. Source: no citable source for the FORM; the answer is this project's own knowledge (§0.4, session 49 policy 3)"
MS,117,Copiah County Medical Center,29063.6,HOSPITAL_OR_SYSTEM,Yes,To modernize emergency department workflows by enabling bedside electronic medical record access. [Copiah County],Yes,Yes,FY2026 (Year 1),Governor Reeves Announces 167 Rural Health Transformation Program Awards Totaling More Than $104 Million,https://governorreeves.ms.gov/governor-reeves-announces-167-rural-health-transformation-program-awards-totaling-more-than-104-million/,GOVERNOR_PRESS_RELEASE,DIRECT_TEXT,R/03ak_ms_year1_awardees.R,NA,NA,NA,NA,Copiah County,Rural Capital Project Care Gap Closure (RCGC),20,Copiah County Medical Center,DERIVED FROM THE RECIPIENT'S OWN NAME by rhtp_classify_recipient_type().,HIGH,NA,Budget Period 1,DIRECT,Yes,NAMED_HOSPITAL,NA,"§10.2 DIRECT -- the named recipient is itself a hospital or health system, so recipient identity IS the flow test and no description decides it (§0.3a). The award is ANNOUNCED, not intended: the Governor's release says 'today announced 167 awards', so recipient_confirmed and amount_confirmed are both Yes -- stronger than Arkansas's or Wyoming's intents.","EXACT, per-recipient, and published by the Governor for every one of the 167 rows. The 167 sum to $104,115,146.80 against a stated $104,115,146 -- a $0.80 TRUNCATION of the cents, not a discrepancy (§8: both figures are the state's own and neither is corrected).",NA,2026-09-14,data/evidence/MS/2026-09-14_ms_governor_167_awards_ROSTER.html,NA,NA,NA
MS,118,USDR Behavioral Specialists,1884967.88,OTHER,No,To establish a seven-room Applied Behavioral Analysis clinic in Belzoni to expand autism and behavioral health services. [Hinds County],Yes,Yes,FY2026 (Year 1),Governor Reeves Announces 167 Rural Health Transformation Program Awards Totaling More Than $104 Million,https://governorreeves.ms.gov/governor-reeves-announces-167-rural-health-transformation-program-awards-totaling-more-than-104-million/,GOVERNOR_PRESS_RELEASE,DIRECT_TEXT,R/03ak_ms_year1_awardees.R,NA,NA,NA,NA,Hinds County,Rural Capital Project Care Gap Closure (RCGC),21,USDR Behavioral Specialists,"§8's STANDING FALLBACK. The Governor's release publishes a recipient, a county, an amount and a description of the WORK, and says NOTHING about the recipient's organisational form -- Kansas's, Maryland's, Nebraska's, Oklahoma's, Nevada's, Michigan's, Missouri's, Iowa's, North Carolina's, Arkansas's and Wyoming's shape a TWELFTH time. NOTHING WAS PROMOTED (§0.4): several of these read as FQHCs or physician practices to anyone who knows Mississippi, and reading them that way would be this pipeline asserting a form the state has not.",LOW,NA,Budget Period 1,NON_HOSPITAL,No,NOT_HOSPITAL,NA,"RECIPIENT TYPE DETERMINED (session 50): OTHER -- applied behaviour analysis practice. Basis (GENERAL_KNOWLEDGE): An applied behaviour analysis and behavioural health practice. Source: no citable source for the FORM; the answer is this project's own knowledge (§0.4, session 49 policy 3). flow unchanged: the re-type does not cross §10.2's DIRECT test. PRIOR BASIS, kept because §2.1 says a correction shows what moved: §10.2 -- the named recipient is not a hospital, so no hospital dollar is claimed. Where recipient_type is §8's standing fallback this is the CONSERVATIVE answer and the row is queued as MS_RECIPIENT_FORM_NOT_STATED: resolving it could only raise Mississippi's hospital figure, never lower it.","EXACT, per-recipient, and published by the Governor for every one of the 167 rows. The 167 sum to $104,115,146.80 against a stated $104,115,146 -- a $0.80 TRUNCATION of the cents, not a discrepancy (§8: both figures are the state's own and neither is corrected).",NA,2026-09-14,data/evidence/MS/2026-09-14_ms_governor_167_awards_ROSTER.html,GENERAL_KNOWLEDGE,session 50 unstated-form typing,"applied behaviour analysis practice. An applied behaviour analysis and behavioural health practice. Source: no citable source for the FORM; the answer is this project's own knowledge (§0.4, session 49 policy 3)"
MS,119,South Central Regional Medical Center,3000000,HOSPITAL_OR_SYSTEM,Yes,To establish the South Central Imaging center dedicated to outpatient diagnostic imaging for expanded services. [Jones County],Yes,Yes,FY2026 (Year 1),Governor Reeves Announces 167 Rural Health Transformation Program Awards Totaling More Than $104 Million,https://governorreeves.ms.gov/governor-reeves-announces-167-rural-health-transformation-program-awards-totaling-more-than-104-million/,GOVERNOR_PRESS_RELEASE,DIRECT_TEXT,R/03ak_ms_year1_awardees.R,NA,NA,NA,NA,Jones County,Rural Capital Project Care Gap Closure (RCGC),22,South Central Regional Medical Center,DERIVED FROM THE RECIPIENT'S OWN NAME by rhtp_classify_recipient_type().,HIGH,NA,Budget Period 1,DIRECT,Yes,NAMED_HOSPITAL,NA,"§10.2 DIRECT -- the named recipient is itself a hospital or health system, so recipient identity IS the flow test and no description decides it (§0.3a). The award is ANNOUNCED, not intended: the Governor's release says 'today announced 167 awards', so recipient_confirmed and amount_confirmed are both Yes -- stronger than Arkansas's or Wyoming's intents.","EXACT, per-recipient, and published by the Governor for every one of the 167 rows. The 167 sum to $104,115,146.80 against a stated $104,115,146 -- a $0.80 TRUNCATION of the cents, not a discrepancy (§8: both figures are the state's own and neither is corrected).",NA,2026-09-14,data/evidence/MS/2026-09-14_ms_governor_167_awards_ROSTER.html,NA,NA,NA
MS,120,"North Mississippi Medical Center, Inc.",2500000,HOSPITAL_OR_SYSTEM,Yes,To expand access to advanced minimally invasive surgical care. [Lee County],Yes,Yes,FY2026 (Year 1),Governor Reeves Announces 167 Rural Health Transformation Program Awards Totaling More Than $104 Million,https://governorreeves.ms.gov/governor-reeves-announces-167-rural-health-transformation-program-awards-totaling-more-than-104-million/,GOVERNOR_PRESS_RELEASE,DIRECT_TEXT,R/03ak_ms_year1_awardees.R,NA,NA,NA,NA,Lee County,Rural Capital Project Care Gap Closure (RCGC),23,"North Mississippi Medical Center, Inc.",DERIVED FROM THE RECIPIENT'S OWN NAME by rhtp_classify_recipient_type().,HIGH,NA,Budget Period 1,DIRECT,Yes,NAMED_HOSPITAL,NA,"§10.2 DIRECT -- the named recipient is itself a hospital or health system, so recipient identity IS the flow test and no description decides it (§0.3a). The award is ANNOUNCED, not intended: the Governor's release says 'today announced 167 awards', so recipient_confirmed and amount_confirmed are both Yes -- stronger than Arkansas's or Wyoming's intents.","EXACT, per-recipient, and published by the Governor for every one of the 167 rows. The 167 sum to $104,115,146.80 against a stated $104,115,146 -- a $0.80 TRUNCATION of the cents, not a discrepancy (§8: both figures are the state's own and neither is corrected).",NA,2026-09-14,data/evidence/MS/2026-09-14_ms_governor_167_awards_ROSTER.html,NA,NA,NA
MS,121,"Hattiesburg Clinic, P.A.",125414,PHYSICIAN_PRACTICE,No,To expand diabetic retinopathy screening by integrating AI enabled retinal imaging into 12 rural clinics. [Forrest County],Yes,Yes,FY2026 (Year 1),Governor Reeves Announces 167 Rural Health Transformation Program Awards Totaling More Than $104 Million,https://governorreeves.ms.gov/governor-reeves-announces-167-rural-health-transformation-program-awards-totaling-more-than-104-million/,GOVERNOR_PRESS_RELEASE,DIRECT_TEXT,R/03ak_ms_year1_awardees.R,NA,NA,NA,NA,Forrest County,Rural Capital Project Care Gap Closure (RCGC),24,"Hattiesburg Clinic, P.A.","§8's STANDING FALLBACK. The Governor's release publishes a recipient, a county, an amount and a description of the WORK, and says NOTHING about the recipient's organisational form -- Kansas's, Maryland's, Nebraska's, Oklahoma's, Nevada's, Michigan's, Missouri's, Iowa's, North Carolina's, Arkansas's and Wyoming's shape a TWELFTH time. NOTHING WAS PROMOTED (§0.4): several of these read as FQHCs or physician practices to anyone who knows Mississippi, and reading them that way would be this pipeline asserting a form the state has not.",LOW,NA,Budget Period 1,NON_HOSPITAL,No,NOT_HOSPITAL,NA,"RECIPIENT TYPE DETERMINED (session 50): PHYSICIAN_PRACTICE -- multispecialty physician group (professional association). Basis (GENERAL_KNOWLEDGE): A physician-owned multispecialty group practice; the 'P.A.' in the awardee string is Mississippi's professional-association form for a physician practice. Source: no citable source for the FORM; the answer is this project's own knowledge (§0.4, session 49 policy 3). flow unchanged: the re-type does not cross §10.2's DIRECT test. PRIOR BASIS, kept because §2.1 says a correction shows what moved: §10.2 -- the named recipient is not a hospital, so no hospital dollar is claimed. Where recipient_type is §8's standing fallback this is the CONSERVATIVE answer and the row is queued as MS_RECIPIENT_FORM_NOT_STATED: resolving it could only raise Mississippi's hospital figure, never lower it.","EXACT, per-recipient, and published by the Governor for every one of the 167 rows. The 167 sum to $104,115,146.80 against a stated $104,115,146 -- a $0.80 TRUNCATION of the cents, not a discrepancy (§8: both figures are the state's own and neither is corrected).",NA,2026-09-14,data/evidence/MS/2026-09-14_ms_governor_167_awards_ROSTER.html,GENERAL_KNOWLEDGE,session 50 unstated-form typing,"multispecialty physician group (professional association). A physician-owned multispecialty group practice; the 'P.A.' in the awardee string is Mississippi's professional-association form for a physician practice. Source: no citable source for the FORM; the answer is this project's own knowledge (§0.4, session 49 policy 3)"
MS,122,South Central Regional Medical Center,3000000,HOSPITAL_OR_SYSTEM,Yes,To expand pharmacy and infusion services by increasing IV compounding capacity and improving medication access for rural cancer and infusion patients. [Jones County],Yes,Yes,FY2026 (Year 1),Governor Reeves Announces 167 Rural Health Transformation Program Awards Totaling More Than $104 Million,https://governorreeves.ms.gov/governor-reeves-announces-167-rural-health-transformation-program-awards-totaling-more-than-104-million/,GOVERNOR_PRESS_RELEASE,DIRECT_TEXT,R/03ak_ms_year1_awardees.R,NA,NA,NA,NA,Jones County,Rural Capital Project Care Gap Closure (RCGC),25,South Central Regional Medical Center,DERIVED FROM THE RECIPIENT'S OWN NAME by rhtp_classify_recipient_type().,HIGH,NA,Budget Period 1,DIRECT,Yes,NAMED_HOSPITAL,NA,"§10.2 DIRECT -- the named recipient is itself a hospital or health system, so recipient identity IS the flow test and no description decides it (§0.3a). The award is ANNOUNCED, not intended: the Governor's release says 'today announced 167 awards', so recipient_confirmed and amount_confirmed are both Yes -- stronger than Arkansas's or Wyoming's intents.","EXACT, per-recipient, and published by the Governor for every one of the 167 rows. The 167 sum to $104,115,146.80 against a stated $104,115,146 -- a $0.80 TRUNCATION of the cents, not a discrepancy (§8: both figures are the state's own and neither is corrected).",NA,2026-09-14,data/evidence/MS/2026-09-14_ms_governor_167_awards_ROSTER.html,NA,NA,NA
MS,123,Gorton Rural Health Clinic,228000,FQHC_OR_RHC,No,To strengthen access by replacing outdated equipment and installing a backup power generator. [Humphreys County],Yes,Yes,FY2026 (Year 1),Governor Reeves Announces 167 Rural Health Transformation Program Awards Totaling More Than $104 Million,https://governorreeves.ms.gov/governor-reeves-announces-167-rural-health-transformation-program-awards-totaling-more-than-104-million/,GOVERNOR_PRESS_RELEASE,DIRECT_TEXT,R/03ak_ms_year1_awardees.R,NA,NA,NA,NA,Humphreys County,Rural Capital Project Care Gap Closure (RCGC),26,Gorton Rural Health Clinic,DERIVED FROM THE RECIPIENT'S OWN NAME by rhtp_classify_recipient_type().,HIGH,NA,Budget Period 1,NON_HOSPITAL,No,NOT_HOSPITAL,NA,"§10.2 -- the named recipient is not a hospital, so no hospital dollar is claimed. Where recipient_type is §8's standing fallback this is the CONSERVATIVE answer and the row is queued as MS_RECIPIENT_FORM_NOT_STATED: resolving it could only raise Mississippi's hospital figure, never lower it.","EXACT, per-recipient, and published by the Governor for every one of the 167 rows. The 167 sum to $104,115,146.80 against a stated $104,115,146 -- a $0.80 TRUNCATION of the cents, not a discrepancy (§8: both figures are the state's own and neither is corrected).",NA,2026-09-14,data/evidence/MS/2026-09-14_ms_governor_167_awards_ROSTER.html,NA,NA,NA
MS,124,Jasper General Hospital,535000,HOSPITAL_OR_SYSTEM,Yes,To provide a backup power generator for uninterrupted care delivery. [Jasper County],Yes,Yes,FY2026 (Year 1),Governor Reeves Announces 167 Rural Health Transformation Program Awards Totaling More Than $104 Million,https://governorreeves.ms.gov/governor-reeves-announces-167-rural-health-transformation-program-awards-totaling-more-than-104-million/,GOVERNOR_PRESS_RELEASE,DIRECT_TEXT,R/03ak_ms_year1_awardees.R,NA,NA,NA,NA,Jasper County,Rural Capital Project Care Gap Closure (RCGC),27,Jasper General Hospital,DERIVED FROM THE RECIPIENT'S OWN NAME by rhtp_classify_recipient_type().,HIGH,NA,Budget Period 1,DIRECT,Yes,NAMED_HOSPITAL,NA,"§10.2 DIRECT -- the named recipient is itself a hospital or health system, so recipient identity IS the flow test and no description decides it (§0.3a). The award is ANNOUNCED, not intended: the Governor's release says 'today announced 167 awards', so recipient_confirmed and amount_confirmed are both Yes -- stronger than Arkansas's or Wyoming's intents.","EXACT, per-recipient, and published by the Governor for every one of the 167 rows. The 167 sum to $104,115,146.80 against a stated $104,115,146 -- a $0.80 TRUNCATION of the cents, not a discrepancy (§8: both figures are the state's own and neither is corrected).",NA,2026-09-14,data/evidence/MS/2026-09-14_ms_governor_167_awards_ROSTER.html,NA,NA,NA
MS,125,Laurel Surgery & Endoscopy Center,80850,OTHER,No,To improve outpatient surgical care by providing equipment upgrades. [Jackson County],Yes,Yes,FY2026 (Year 1),Governor Reeves Announces 167 Rural Health Transformation Program Awards Totaling More Than $104 Million,https://governorreeves.ms.gov/governor-reeves-announces-167-rural-health-transformation-program-awards-totaling-more-than-104-million/,GOVERNOR_PRESS_RELEASE,DIRECT_TEXT,R/03ak_ms_year1_awardees.R,NA,NA,NA,NA,Jackson County,Rural Capital Project Care Gap Closure (RCGC),28,Laurel Surgery & Endoscopy Center,"§8's STANDING FALLBACK. The Governor's release publishes a recipient, a county, an amount and a description of the WORK, and says NOTHING about the recipient's organisational form -- Kansas's, Maryland's, Nebraska's, Oklahoma's, Nevada's, Michigan's, Missouri's, Iowa's, North Carolina's, Arkansas's and Wyoming's shape a TWELFTH time. NOTHING WAS PROMOTED (§0.4): several of these read as FQHCs or physician practices to anyone who knows Mississippi, and reading them that way would be this pipeline asserting a form the state has not.",LOW,NA,Budget Period 1,NON_HOSPITAL,No,NOT_HOSPITAL,NA,"RECIPIENT TYPE DETERMINED (session 50): OTHER -- ambulatory surgery centre. Basis (GENERAL_KNOWLEDGE): An ambulatory surgery and endoscopy centre. Source: no citable source for the FORM; the answer is this project's own knowledge (§0.4, session 49 policy 3). flow unchanged: the re-type does not cross §10.2's DIRECT test. PRIOR BASIS, kept because §2.1 says a correction shows what moved: §10.2 -- the named recipient is not a hospital, so no hospital dollar is claimed. Where recipient_type is §8's standing fallback this is the CONSERVATIVE answer and the row is queued as MS_RECIPIENT_FORM_NOT_STATED: resolving it could only raise Mississippi's hospital figure, never lower it.","EXACT, per-recipient, and published by the Governor for every one of the 167 rows. The 167 sum to $104,115,146.80 against a stated $104,115,146 -- a $0.80 TRUNCATION of the cents, not a discrepancy (§8: both figures are the state's own and neither is corrected).",NA,2026-09-14,data/evidence/MS/2026-09-14_ms_governor_167_awards_ROSTER.html,GENERAL_KNOWLEDGE,session 50 unstated-form typing,"ambulatory surgery centre. An ambulatory surgery and endoscopy centre. Source: no citable source for the FORM; the answer is this project's own knowledge (§0.4, session 49 policy 3)"
MS,126,Southwest Mississippi Regional Center,277077,HOSPITAL_OR_SYSTEM,Yes,To modernize surgical and emergency equipment. [Pike County],Yes,Yes,FY2026 (Year 1),Governor Reeves Announces 167 Rural Health Transformation Program Awards Totaling More Than $104 Million,https://governorreeves.ms.gov/governor-reeves-announces-167-rural-health-transformation-program-awards-totaling-more-than-104-million/,GOVERNOR_PRESS_RELEASE,DIRECT_TEXT,R/03ak_ms_year1_awardees.R,NA,NA,NA,NA,Pike County,Rural Capital Project Care Gap Closure (RCGC),29,Southwest Mississippi Regional Center,"§8's STANDING FALLBACK. The Governor's release publishes a recipient, a county, an amount and a description of the WORK, and says NOTHING about the recipient's organisational form -- Kansas's, Maryland's, Nebraska's, Oklahoma's, Nevada's, Michigan's, Missouri's, Iowa's, North Carolina's, Arkansas's and Wyoming's shape a TWELFTH time. NOTHING WAS PROMOTED (§0.4): several of these read as FQHCs or physician practices to anyone who knows Mississippi, and reading them that way would be this pipeline asserting a form the state has not.",LOW,NA,Budget Period 1,DIRECT,Yes,NAMED_HOSPITAL,NA,"RECIPIENT TYPE DETERMINED (session 50): HOSPITAL_OR_SYSTEM -- acute care hospital (Southwest Mississippi Regional Medical Center, McComb, CCN 250097). Basis (GENERAL_KNOWLEDGE): A HAND-READ BRIDGE WITH A REAL RIVAL, AND THE COUNTY IS WHAT DECIDES IT. Two Mississippi organisations answer to something like this name: Southwest Mississippi Regional MEDICAL CENTER, McComb, PIKE County (CCN 250097), and the Department of Mental Health's Southwest Mississippi Regional CENTER, Brookhaven, LINCOLN County. The award's county is PIKE. The state drops the word MEDICAL, so the bridge is this project's reading and is priced at LOW. Source: no citable source for the FORM; the answer is this project's own knowledge (§0.4, session 49 policy 3). flow re-run: §10.2 re-applied because the re-type crosses the DIRECT test. PRIOR BASIS, kept because §2.1 says a correction shows what moved: §10.2 -- the named recipient is not a hospital, so no hospital dollar is claimed. Where recipient_type is §8's standing fallback this is the CONSERVATIVE answer and the row is queued as MS_RECIPIENT_FORM_NOT_STATED: resolving it could only raise Mississippi's hospital figure, never lower it.","EXACT, per-recipient, and published by the Governor for every one of the 167 rows. The 167 sum to $104,115,146.80 against a stated $104,115,146 -- a $0.80 TRUNCATION of the cents, not a discrepancy (§8: both figures are the state's own and neither is corrected).",NA,2026-09-14,data/evidence/MS/2026-09-14_ms_governor_167_awards_ROSTER.html,GENERAL_KNOWLEDGE,session 50 unstated-form typing,"acute care hospital (Southwest Mississippi Regional Medical Center, McComb, CCN 250097). A HAND-READ BRIDGE WITH A REAL RIVAL, AND THE COUNTY IS WHAT DECIDES IT. Two Mississippi organisations answer to something like this name: Southwest Mississippi Regional MEDICAL CENTER, McComb, PIKE County (CCN 250097), and the Department of Mental Health's Southwest Mississippi Regional CENTER, Brookhaven, LINCOLN County. The award's county is PIKE. The state drops the word MEDICAL, so the bridge is this project's reading and is priced at LOW. Source: no citable source for the FORM; the answer is this project's own knowledge (§0.4, session 49 policy 3)"
MS,127,Northeast Mental Health - Mental Retardation Commission d.b.a. LIFECORE Health Group,27600,OTHER,No,To expand service capacity through the renovation of the Amory clinic. [Monroe County],Yes,Yes,FY2026 (Year 1),Governor Reeves Announces 167 Rural Health Transformation Program Awards Totaling More Than $104 Million,https://governorreeves.ms.gov/governor-reeves-announces-167-rural-health-transformation-program-awards-totaling-more-than-104-million/,GOVERNOR_PRESS_RELEASE,DIRECT_TEXT,R/03ak_ms_year1_awardees.R,NA,NA,NA,NA,Monroe County,Rural Capital Project Care Gap Closure (RCGC),30,Northeast Mental Health - Mental Retardation Commission d.b.a. LIFECORE Health Group,"§8's STANDING FALLBACK. The Governor's release publishes a recipient, a county, an amount and a description of the WORK, and says NOTHING about the recipient's organisational form -- Kansas's, Maryland's, Nebraska's, Oklahoma's, Nevada's, Michigan's, Missouri's, Iowa's, North Carolina's, Arkansas's and Wyoming's shape a TWELFTH time. NOTHING WAS PROMOTED (§0.4): several of these read as FQHCs or physician practices to anyone who knows Mississippi, and reading them that way would be this pipeline asserting a form the state has not.",LOW,NA,Budget Period 1,NON_HOSPITAL,No,NOT_HOSPITAL,NA,"RECIPIENT TYPE DETERMINED (session 50): OTHER -- Mississippi regional community mental health centre. Basis (GENERAL_KNOWLEDGE): A regional community mental health commission trading as LIFECORE Health Group. Mississippi publishes this body under TWO spellings and they are NOT merged (§2). Source: no citable source for the FORM; the answer is this project's own knowledge (§0.4, session 49 policy 3). flow unchanged: the re-type does not cross §10.2's DIRECT test. PRIOR BASIS, kept because §2.1 says a correction shows what moved: §10.2 -- the named recipient is not a hospital, so no hospital dollar is claimed. Where recipient_type is §8's standing fallback this is the CONSERVATIVE answer and the row is queued as MS_RECIPIENT_FORM_NOT_STATED: resolving it could only raise Mississippi's hospital figure, never lower it.","EXACT, per-recipient, and published by the Governor for every one of the 167 rows. The 167 sum to $104,115,146.80 against a stated $104,115,146 -- a $0.80 TRUNCATION of the cents, not a discrepancy (§8: both figures are the state's own and neither is corrected).",NA,2026-09-14,data/evidence/MS/2026-09-14_ms_governor_167_awards_ROSTER.html,GENERAL_KNOWLEDGE,session 50 unstated-form typing,"Mississippi regional community mental health centre. A regional community mental health commission trading as LIFECORE Health Group. Mississippi publishes this body under TWO spellings and they are NOT merged (§2). Source: no citable source for the FORM; the answer is this project's own knowledge (§0.4, session 49 policy 3)"
MS,128,George County Hospital,220000,HOSPITAL_OR_SYSTEM,Yes,To modernize laboratory diagnostic services through equipment upgrades. [George County],Yes,Yes,FY2026 (Year 1),Governor Reeves Announces 167 Rural Health Transformation Program Awards Totaling More Than $104 Million,https://governorreeves.ms.gov/governor-reeves-announces-167-rural-health-transformation-program-awards-totaling-more-than-104-million/,GOVERNOR_PRESS_RELEASE,DIRECT_TEXT,R/03ak_ms_year1_awardees.R,NA,NA,NA,NA,George County,Rural Capital Project Care Gap Closure (RCGC),31,George County Hospital,DERIVED FROM THE RECIPIENT'S OWN NAME by rhtp_classify_recipient_type().,HIGH,NA,Budget Period 1,DIRECT,Yes,NAMED_HOSPITAL,NA,"§10.2 DIRECT -- the named recipient is itself a hospital or health system, so recipient identity IS the flow test and no description decides it (§0.3a). The award is ANNOUNCED, not intended: the Governor's release says 'today announced 167 awards', so recipient_confirmed and amount_confirmed are both Yes -- stronger than Arkansas's or Wyoming's intents.","EXACT, per-recipient, and published by the Governor for every one of the 167 rows. The 167 sum to $104,115,146.80 against a stated $104,115,146 -- a $0.80 TRUNCATION of the cents, not a discrepancy (§8: both figures are the state's own and neither is corrected).",NA,2026-09-14,data/evidence/MS/2026-09-14_ms_governor_167_awards_ROSTER.html,NA,NA,NA
MS,129,George County Hospital,1501000,HOSPITAL_OR_SYSTEM,Yes,To strengthen rural laboratory and maternal health services by establishing onsite maternal Hepatitis B testing. [George County],Yes,Yes,FY2026 (Year 1),Governor Reeves Announces 167 Rural Health Transformation Program Awards Totaling More Than $104 Million,https://governorreeves.ms.gov/governor-reeves-announces-167-rural-health-transformation-program-awards-totaling-more-than-104-million/,GOVERNOR_PRESS_RELEASE,DIRECT_TEXT,R/03ak_ms_year1_awardees.R,NA,NA,NA,NA,George County,Rural Capital Project Care Gap Closure (RCGC),32,George County Hospital,DERIVED FROM THE RECIPIENT'S OWN NAME by rhtp_classify_recipient_type().,HIGH,NA,Budget Period 1,DIRECT,Yes,NAMED_HOSPITAL,NA,"§10.2 DIRECT -- the named recipient is itself a hospital or health system, so recipient identity IS the flow test and no description decides it (§0.3a). The award is ANNOUNCED, not intended: the Governor's release says 'today announced 167 awards', so recipient_confirmed and amount_confirmed are both Yes -- stronger than Arkansas's or Wyoming's intents.","EXACT, per-recipient, and published by the Governor for every one of the 167 rows. The 167 sum to $104,115,146.80 against a stated $104,115,146 -- a $0.80 TRUNCATION of the cents, not a discrepancy (§8: both figures are the state's own and neither is corrected).",NA,2026-09-14,data/evidence/MS/2026-09-14_ms_governor_167_awards_ROSTER.html,NA,NA,NA
MS,130,Endocrine Diabetes & Thyroid Center PLLC,88960.38,PHYSICIAN_PRACTICE,No,To enhance access to specialized endocrinology services for rural patients. [DeSoto County],Yes,Yes,FY2026 (Year 1),Governor Reeves Announces 167 Rural Health Transformation Program Awards Totaling More Than $104 Million,https://governorreeves.ms.gov/governor-reeves-announces-167-rural-health-transformation-program-awards-totaling-more-than-104-million/,GOVERNOR_PRESS_RELEASE,DIRECT_TEXT,R/03ak_ms_year1_awardees.R,NA,NA,NA,NA,DeSoto County,Rural Capital Project Care Gap Closure (RCGC),33,Endocrine Diabetes & Thyroid Center PLLC,"§8's STANDING FALLBACK. The Governor's release publishes a recipient, a county, an amount and a description of the WORK, and says NOTHING about the recipient's organisational form -- Kansas's, Maryland's, Nebraska's, Oklahoma's, Nevada's, Michigan's, Missouri's, Iowa's, North Carolina's, Arkansas's and Wyoming's shape a TWELFTH time. NOTHING WAS PROMOTED (§0.4): several of these read as FQHCs or physician practices to anyone who knows Mississippi, and reading them that way would be this pipeline asserting a form the state has not.",LOW,NA,Budget Period 1,NON_HOSPITAL,No,NOT_HOSPITAL,NA,"RECIPIENT TYPE DETERMINED (session 50): PHYSICIAN_PRACTICE -- physician practice (PLLC). Basis (GENERAL_KNOWLEDGE): A single-specialty endocrinology practice organised as a PLLC. Source: no citable source for the FORM; the answer is this project's own knowledge (§0.4, session 49 policy 3). flow unchanged: the re-type does not cross §10.2's DIRECT test. PRIOR BASIS, kept because §2.1 says a correction shows what moved: §10.2 -- the named recipient is not a hospital, so no hospital dollar is claimed. Where recipient_type is §8's standing fallback this is the CONSERVATIVE answer and the row is queued as MS_RECIPIENT_FORM_NOT_STATED: resolving it could only raise Mississippi's hospital figure, never lower it.","EXACT, per-recipient, and published by the Governor for every one of the 167 rows. The 167 sum to $104,115,146.80 against a stated $104,115,146 -- a $0.80 TRUNCATION of the cents, not a discrepancy (§8: both figures are the state's own and neither is corrected).",NA,2026-09-14,data/evidence/MS/2026-09-14_ms_governor_167_awards_ROSTER.html,GENERAL_KNOWLEDGE,session 50 unstated-form typing,"physician practice (PLLC). A single-specialty endocrinology practice organised as a PLLC. Source: no citable source for the FORM; the answer is this project's own knowledge (§0.4, session 49 policy 3)"
MS,131,Memorial Health System,3000000,HOSPITAL_OR_SYSTEM,Yes,To expand diagnostic imaging access through a mobile MRI program. [Stone County],Yes,Yes,FY2026 (Year 1),Governor Reeves Announces 167 Rural Health Transformation Program Awards Totaling More Than $104 Million,https://governorreeves.ms.gov/governor-reeves-announces-167-rural-health-transformation-program-awards-totaling-more-than-104-million/,GOVERNOR_PRESS_RELEASE,DIRECT_TEXT,R/03ak_ms_year1_awardees.R,NA,NA,NA,NA,Stone County,Rural Capital Project Care Gap Closure (RCGC),34,Memorial Health System,DERIVED FROM THE RECIPIENT'S OWN NAME by rhtp_classify_recipient_type().,MEDIUM,NA,Budget Period 1,DIRECT,Yes,NAMED_HOSPITAL,NA,"§10.2 DIRECT -- the named recipient is itself a hospital or health system, so recipient identity IS the flow test and no description decides it (§0.3a). The award is ANNOUNCED, not intended: the Governor's release says 'today announced 167 awards', so recipient_confirmed and amount_confirmed are both Yes -- stronger than Arkansas's or Wyoming's intents.","EXACT, per-recipient, and published by the Governor for every one of the 167 rows. The 167 sum to $104,115,146.80 against a stated $104,115,146 -- a $0.80 TRUNCATION of the cents, not a discrepancy (§8: both figures are the state's own and neither is corrected).",NA,2026-09-14,data/evidence/MS/2026-09-14_ms_governor_167_awards_ROSTER.html,NA,NA,NA
MS,132,George Regional Health and Rehab,356650,OTHER,No,To improve patient safety and care quality by replacing existing beds with integrated care beds. [George County],Yes,Yes,FY2026 (Year 1),Governor Reeves Announces 167 Rural Health Transformation Program Awards Totaling More Than $104 Million,https://governorreeves.ms.gov/governor-reeves-announces-167-rural-health-transformation-program-awards-totaling-more-than-104-million/,GOVERNOR_PRESS_RELEASE,DIRECT_TEXT,R/03ak_ms_year1_awardees.R,NA,NA,NA,NA,George County,Rural Capital Project Care Gap Closure (RCGC),35,George Regional Health and Rehab,"§8's STANDING FALLBACK. The Governor's release publishes a recipient, a county, an amount and a description of the WORK, and says NOTHING about the recipient's organisational form -- Kansas's, Maryland's, Nebraska's, Oklahoma's, Nevada's, Michigan's, Missouri's, Iowa's, North Carolina's, Arkansas's and Wyoming's shape a TWELFTH time. NOTHING WAS PROMOTED (§0.4): several of these read as FQHCs or physician practices to anyone who knows Mississippi, and reading them that way would be this pipeline asserting a form the state has not.",LOW,NA,Budget Period 1,NON_HOSPITAL,No,NOT_HOSPITAL,NA,"RECIPIENT TYPE DETERMINED (session 50): OTHER -- skilled nursing and rehabilitation facility. Basis (GENERAL_KNOWLEDGE): A skilled nursing and rehabilitation facility. IT IS NOT GEORGE REGIONAL HOSPITAL, which is a separate body and is not an awardee here; typing this row a hospital on the shared 'George Regional' stem is the fuzzy match §2 forbids. Source: no citable source for the FORM; the answer is this project's own knowledge (§0.4, session 49 policy 3). flow unchanged: the re-type does not cross §10.2's DIRECT test. PRIOR BASIS, kept because §2.1 says a correction shows what moved: §10.2 -- the named recipient is not a hospital, so no hospital dollar is claimed. Where recipient_type is §8's standing fallback this is the CONSERVATIVE answer and the row is queued as MS_RECIPIENT_FORM_NOT_STATED: resolving it could only raise Mississippi's hospital figure, never lower it.","EXACT, per-recipient, and published by the Governor for every one of the 167 rows. The 167 sum to $104,115,146.80 against a stated $104,115,146 -- a $0.80 TRUNCATION of the cents, not a discrepancy (§8: both figures are the state's own and neither is corrected).",NA,2026-09-14,data/evidence/MS/2026-09-14_ms_governor_167_awards_ROSTER.html,GENERAL_KNOWLEDGE,session 50 unstated-form typing,"skilled nursing and rehabilitation facility. A skilled nursing and rehabilitation facility. IT IS NOT GEORGE REGIONAL HOSPITAL, which is a separate body and is not an awardee here; typing this row a hospital on the shared 'George Regional' stem is the fuzzy match §2 forbids. Source: no citable source for the FORM; the answer is this project's own knowledge (§0.4, session 49 policy 3)"
MS,133,Laurel Surgery & Endoscopy Center,68250,OTHER,No,To upgrade equipment to ensure access to high-quality image guided outpatient surgical and pain management services. [Jones County],Yes,Yes,FY2026 (Year 1),Governor Reeves Announces 167 Rural Health Transformation Program Awards Totaling More Than $104 Million,https://governorreeves.ms.gov/governor-reeves-announces-167-rural-health-transformation-program-awards-totaling-more-than-104-million/,GOVERNOR_PRESS_RELEASE,DIRECT_TEXT,R/03ak_ms_year1_awardees.R,NA,NA,NA,NA,Jones County,Rural Capital Project Care Gap Closure (RCGC),36,Laurel Surgery & Endoscopy Center,"§8's STANDING FALLBACK. The Governor's release publishes a recipient, a county, an amount and a description of the WORK, and says NOTHING about the recipient's organisational form -- Kansas's, Maryland's, Nebraska's, Oklahoma's, Nevada's, Michigan's, Missouri's, Iowa's, North Carolina's, Arkansas's and Wyoming's shape a TWELFTH time. NOTHING WAS PROMOTED (§0.4): several of these read as FQHCs or physician practices to anyone who knows Mississippi, and reading them that way would be this pipeline asserting a form the state has not.",LOW,NA,Budget Period 1,NON_HOSPITAL,No,NOT_HOSPITAL,NA,"RECIPIENT TYPE DETERMINED (session 50): OTHER -- ambulatory surgery centre. Basis (GENERAL_KNOWLEDGE): An ambulatory surgery and endoscopy centre. Source: no citable source for the FORM; the answer is this project's own knowledge (§0.4, session 49 policy 3). flow unchanged: the re-type does not cross §10.2's DIRECT test. PRIOR BASIS, kept because §2.1 says a correction shows what moved: §10.2 -- the named recipient is not a hospital, so no hospital dollar is claimed. Where recipient_type is §8's standing fallback this is the CONSERVATIVE answer and the row is queued as MS_RECIPIENT_FORM_NOT_STATED: resolving it could only raise Mississippi's hospital figure, never lower it.","EXACT, per-recipient, and published by the Governor for every one of the 167 rows. The 167 sum to $104,115,146.80 against a stated $104,115,146 -- a $0.80 TRUNCATION of the cents, not a discrepancy (§8: both figures are the state's own and neither is corrected).",NA,2026-09-14,data/evidence/MS/2026-09-14_ms_governor_167_awards_ROSTER.html,GENERAL_KNOWLEDGE,session 50 unstated-form typing,"ambulatory surgery centre. An ambulatory surgery and endoscopy centre. Source: no citable source for the FORM; the answer is this project's own knowledge (§0.4, session 49 policy 3)"
MS,134,Yalobusha General Hospital,275000,HOSPITAL_OR_SYSTEM,Yes,To expand access to advanced breast cancer screening services. [Yalobusha County],Yes,Yes,FY2026 (Year 1),Governor Reeves Announces 167 Rural Health Transformation Program Awards Totaling More Than $104 Million,https://governorreeves.ms.gov/governor-reeves-announces-167-rural-health-transformation-program-awards-totaling-more-than-104-million/,GOVERNOR_PRESS_RELEASE,DIRECT_TEXT,R/03ak_ms_year1_awardees.R,NA,NA,NA,NA,Yalobusha County,Rural Capital Project Care Gap Closure (RCGC),37,Yalobusha General Hospital,DERIVED FROM THE RECIPIENT'S OWN NAME by rhtp_classify_recipient_type().,HIGH,NA,Budget Period 1,DIRECT,Yes,NAMED_HOSPITAL,NA,"§10.2 DIRECT -- the named recipient is itself a hospital or health system, so recipient identity IS the flow test and no description decides it (§0.3a). The award is ANNOUNCED, not intended: the Governor's release says 'today announced 167 awards', so recipient_confirmed and amount_confirmed are both Yes -- stronger than Arkansas's or Wyoming's intents.","EXACT, per-recipient, and published by the Governor for every one of the 167 rows. The 167 sum to $104,115,146.80 against a stated $104,115,146 -- a $0.80 TRUNCATION of the cents, not a discrepancy (§8: both figures are the state's own and neither is corrected).",NA,2026-09-14,data/evidence/MS/2026-09-14_ms_governor_167_awards_ROSTER.html,NA,NA,NA
MS,135,"Countrywood Manor Assisted Living, Inc.",350000,OTHER,No,To provide for full-facility backup power. [Itawamba County],Yes,Yes,FY2026 (Year 1),Governor Reeves Announces 167 Rural Health Transformation Program Awards Totaling More Than $104 Million,https://governorreeves.ms.gov/governor-reeves-announces-167-rural-health-transformation-program-awards-totaling-more-than-104-million/,GOVERNOR_PRESS_RELEASE,DIRECT_TEXT,R/03ak_ms_year1_awardees.R,NA,NA,NA,NA,Itawamba County,Rural Capital Project Care Gap Closure (RCGC),38,"Countrywood Manor Assisted Living, Inc.","§8's STANDING FALLBACK. The Governor's release publishes a recipient, a county, an amount and a description of the WORK, and says NOTHING about the recipient's organisational form -- Kansas's, Maryland's, Nebraska's, Oklahoma's, Nevada's, Michigan's, Missouri's, Iowa's, North Carolina's, Arkansas's and Wyoming's shape a TWELFTH time. NOTHING WAS PROMOTED (§0.4): several of these read as FQHCs or physician practices to anyone who knows Mississippi, and reading them that way would be this pipeline asserting a form the state has not.",LOW,NA,Budget Period 1,NON_HOSPITAL,No,NOT_HOSPITAL,NA,"RECIPIENT TYPE DETERMINED (session 50): OTHER -- assisted living facility. Basis (GENERAL_KNOWLEDGE): An assisted living facility operator. Source: no citable source for the FORM; the answer is this project's own knowledge (§0.4, session 49 policy 3). flow unchanged: the re-type does not cross §10.2's DIRECT test. PRIOR BASIS, kept because §2.1 says a correction shows what moved: §10.2 -- the named recipient is not a hospital, so no hospital dollar is claimed. Where recipient_type is §8's standing fallback this is the CONSERVATIVE answer and the row is queued as MS_RECIPIENT_FORM_NOT_STATED: resolving it could only raise Mississippi's hospital figure, never lower it.","EXACT, per-recipient, and published by the Governor for every one of the 167 rows. The 167 sum to $104,115,146.80 against a stated $104,115,146 -- a $0.80 TRUNCATION of the cents, not a discrepancy (§8: both figures are the state's own and neither is corrected).",NA,2026-09-14,data/evidence/MS/2026-09-14_ms_governor_167_awards_ROSTER.html,GENERAL_KNOWLEDGE,session 50 unstated-form typing,"assisted living facility. An assisted living facility operator. Source: no citable source for the FORM; the answer is this project's own knowledge (§0.4, session 49 policy 3)"
MS,136,Mantachie Rural Health Center,236000,FQHC_OR_RHC,No,"To expand capacity through added counseling space, upgraded dental and diagnostic equipment, and onsite imaging and lab testing. [Itawamba County]",Yes,Yes,FY2026 (Year 1),Governor Reeves Announces 167 Rural Health Transformation Program Awards Totaling More Than $104 Million,https://governorreeves.ms.gov/governor-reeves-announces-167-rural-health-transformation-program-awards-totaling-more-than-104-million/,GOVERNOR_PRESS_RELEASE,DIRECT_TEXT,R/03ak_ms_year1_awardees.R,NA,NA,NA,NA,Itawamba County,Rural Capital Project Care Gap Closure (RCGC),39,Mantachie Rural Health Center,"§8's STANDING FALLBACK. The Governor's release publishes a recipient, a county, an amount and a description of the WORK, and says NOTHING about the recipient's organisational form -- Kansas's, Maryland's, Nebraska's, Oklahoma's, Nevada's, Michigan's, Missouri's, Iowa's, North Carolina's, Arkansas's and Wyoming's shape a TWELFTH time. NOTHING WAS PROMOTED (§0.4): several of these read as FQHCs or physician practices to anyone who knows Mississippi, and reading them that way would be this pipeline asserting a form the state has not.",LOW,NA,Budget Period 1,NON_HOSPITAL,No,NOT_HOSPITAL,NA,"RECIPIENT TYPE DETERMINED (session 50): FQHC_OR_RHC -- federally qualified health center. Basis (GENERAL_KNOWLEDGE): Mississippi's SECOND spelling for the same Itawamba County operator ('Health Center' for 'Health Care Inc.'). No federal record carries this exact string, so the bridge is this project's reading and is priced LOW. NOT MERGED with the row above (§2): two award actions, two rows. Source: no citable source for the FORM; the answer is this project's own knowledge (§0.4, session 49 policy 3). flow unchanged: the re-type does not cross §10.2's DIRECT test. PRIOR BASIS, kept because §2.1 says a correction shows what moved: §10.2 -- the named recipient is not a hospital, so no hospital dollar is claimed. Where recipient_type is §8's standing fallback this is the CONSERVATIVE answer and the row is queued as MS_RECIPIENT_FORM_NOT_STATED: resolving it could only raise Mississippi's hospital figure, never lower it.","EXACT, per-recipient, and published by the Governor for every one of the 167 rows. The 167 sum to $104,115,146.80 against a stated $104,115,146 -- a $0.80 TRUNCATION of the cents, not a discrepancy (§8: both figures are the state's own and neither is corrected).",NA,2026-09-14,data/evidence/MS/2026-09-14_ms_governor_167_awards_ROSTER.html,GENERAL_KNOWLEDGE,session 50 unstated-form typing,"federally qualified health center. Mississippi's SECOND spelling for the same Itawamba County operator ('Health Center' for 'Health Care Inc.'). No federal record carries this exact string, so the bridge is this project's reading and is priced LOW. NOT MERGED with the row above (§2): two award actions, two rows. Source: no citable source for the FORM; the answer is this project's own knowledge (§0.4, session 49 policy 3)"
MS,137,"JWM Therapy Services, LLC",19185.76,OTHER,No,"To expand outpatient pediatric PT, OT, and STT services. [Grenada County]",Yes,Yes,FY2026 (Year 1),Governor Reeves Announces 167 Rural Health Transformation Program Awards Totaling More Than $104 Million,https://governorreeves.ms.gov/governor-reeves-announces-167-rural-health-transformation-program-awards-totaling-more-than-104-million/,GOVERNOR_PRESS_RELEASE,DIRECT_TEXT,R/03ak_ms_year1_awardees.R,NA,NA,NA,NA,Grenada County,Rural Capital Project Care Gap Closure (RCGC),40,"JWM Therapy Services, LLC","§8's STANDING FALLBACK. The Governor's release publishes a recipient, a county, an amount and a description of the WORK, and says NOTHING about the recipient's organisational form -- Kansas's, Maryland's, Nebraska's, Oklahoma's, Nevada's, Michigan's, Missouri's, Iowa's, North Carolina's, Arkansas's and Wyoming's shape a TWELFTH time. NOTHING WAS PROMOTED (§0.4): several of these read as FQHCs or physician practices to anyone who knows Mississippi, and reading them that way would be this pipeline asserting a form the state has not.",LOW,NA,Budget Period 1,NON_HOSPITAL,No,NOT_HOSPITAL,NA,"RECIPIENT TYPE DETERMINED (session 50): OTHER -- outpatient therapy practice. Basis (GENERAL_KNOWLEDGE): An outpatient paediatric physical, occupational and speech therapy practice. Source: no citable source for the FORM; the answer is this project's own knowledge (§0.4, session 49 policy 3). flow unchanged: the re-type does not cross §10.2's DIRECT test. PRIOR BASIS, kept because §2.1 says a correction shows what moved: §10.2 -- the named recipient is not a hospital, so no hospital dollar is claimed. Where recipient_type is §8's standing fallback this is the CONSERVATIVE answer and the row is queued as MS_RECIPIENT_FORM_NOT_STATED: resolving it could only raise Mississippi's hospital figure, never lower it.","EXACT, per-recipient, and published by the Governor for every one of the 167 rows. The 167 sum to $104,115,146.80 against a stated $104,115,146 -- a $0.80 TRUNCATION of the cents, not a discrepancy (§8: both figures are the state's own and neither is corrected).",NA,2026-09-14,data/evidence/MS/2026-09-14_ms_governor_167_awards_ROSTER.html,GENERAL_KNOWLEDGE,session 50 unstated-form typing,"outpatient therapy practice. An outpatient paediatric physical, occupational and speech therapy practice. Source: no citable source for the FORM; the answer is this project's own knowledge (§0.4, session 49 policy 3)"
MS,138,Northwest Mississippi Regional Medical Center,834750,HOSPITAL_OR_SYSTEM,Yes,To support the Delta Maternal-Newborn Access Preservation and Modernization Initiative. [Coahoma County],Yes,Yes,FY2026 (Year 1),Governor Reeves Announces 167 Rural Health Transformation Program Awards Totaling More Than $104 Million,https://governorreeves.ms.gov/governor-reeves-announces-167-rural-health-transformation-program-awards-totaling-more-than-104-million/,GOVERNOR_PRESS_RELEASE,DIRECT_TEXT,R/03ak_ms_year1_awardees.R,NA,NA,NA,NA,Coahoma County,Rural Capital Project Care Gap Closure (RCGC),41,Northwest Mississippi Regional Medical Center,DERIVED FROM THE RECIPIENT'S OWN NAME by rhtp_classify_recipient_type().,HIGH,NA,Budget Period 1,DIRECT,Yes,NAMED_HOSPITAL,NA,"§10.2 DIRECT -- the named recipient is itself a hospital or health system, so recipient identity IS the flow test and no description decides it (§0.3a). The award is ANNOUNCED, not intended: the Governor's release says 'today announced 167 awards', so recipient_confirmed and amount_confirmed are both Yes -- stronger than Arkansas's or Wyoming's intents.","EXACT, per-recipient, and published by the Governor for every one of the 167 rows. The 167 sum to $104,115,146.80 against a stated $104,115,146 -- a $0.80 TRUNCATION of the cents, not a discrepancy (§8: both figures are the state's own and neither is corrected).",NA,2026-09-14,data/evidence/MS/2026-09-14_ms_governor_167_awards_ROSTER.html,NA,NA,NA
MS,139,Sai Sanjeevani Medical Group,750000,PHYSICIAN_PRACTICE,No,To establish a cardiac unit to provide high-quality cardiovascular care. [Coahoma County],Yes,Yes,FY2026 (Year 1),Governor Reeves Announces 167 Rural Health Transformation Program Awards Totaling More Than $104 Million,https://governorreeves.ms.gov/governor-reeves-announces-167-rural-health-transformation-program-awards-totaling-more-than-104-million/,GOVERNOR_PRESS_RELEASE,DIRECT_TEXT,R/03ak_ms_year1_awardees.R,NA,NA,NA,NA,Coahoma County,Rural Capital Project Care Gap Closure (RCGC),42,Sai Sanjeevani Medical Group,"§8's STANDING FALLBACK. The Governor's release publishes a recipient, a county, an amount and a description of the WORK, and says NOTHING about the recipient's organisational form -- Kansas's, Maryland's, Nebraska's, Oklahoma's, Nevada's, Michigan's, Missouri's, Iowa's, North Carolina's, Arkansas's and Wyoming's shape a TWELFTH time. NOTHING WAS PROMOTED (§0.4): several of these read as FQHCs or physician practices to anyone who knows Mississippi, and reading them that way would be this pipeline asserting a form the state has not.",LOW,NA,Budget Period 1,NON_HOSPITAL,No,NOT_HOSPITAL,NA,"RECIPIENT TYPE DETERMINED (session 50): PHYSICIAN_PRACTICE -- physician practice. Basis (GENERAL_KNOWLEDGE): A physician group practice. Source: no citable source for the FORM; the answer is this project's own knowledge (§0.4, session 49 policy 3). flow unchanged: the re-type does not cross §10.2's DIRECT test. PRIOR BASIS, kept because §2.1 says a correction shows what moved: §10.2 -- the named recipient is not a hospital, so no hospital dollar is claimed. Where recipient_type is §8's standing fallback this is the CONSERVATIVE answer and the row is queued as MS_RECIPIENT_FORM_NOT_STATED: resolving it could only raise Mississippi's hospital figure, never lower it.","EXACT, per-recipient, and published by the Governor for every one of the 167 rows. The 167 sum to $104,115,146.80 against a stated $104,115,146 -- a $0.80 TRUNCATION of the cents, not a discrepancy (§8: both figures are the state's own and neither is corrected).",NA,2026-09-14,data/evidence/MS/2026-09-14_ms_governor_167_awards_ROSTER.html,GENERAL_KNOWLEDGE,session 50 unstated-form typing,"physician practice. A physician group practice. Source: no citable source for the FORM; the answer is this project's own knowledge (§0.4, session 49 policy 3)"
MS,140,"Lafayette LTC, Inc.",395000,OTHER,No,To upgrade generator systems so this facility can improve service continuity. [Lafayette County],Yes,Yes,FY2026 (Year 1),Governor Reeves Announces 167 Rural Health Transformation Program Awards Totaling More Than $104 Million,https://governorreeves.ms.gov/governor-reeves-announces-167-rural-health-transformation-program-awards-totaling-more-than-104-million/,GOVERNOR_PRESS_RELEASE,DIRECT_TEXT,R/03ak_ms_year1_awardees.R,NA,NA,NA,NA,Lafayette County,Rural Capital Project Care Gap Closure (RCGC),43,"Lafayette LTC, Inc.","§8's STANDING FALLBACK. The Governor's release publishes a recipient, a county, an amount and a description of the WORK, and says NOTHING about the recipient's organisational form -- Kansas's, Maryland's, Nebraska's, Oklahoma's, Nevada's, Michigan's, Missouri's, Iowa's, North Carolina's, Arkansas's and Wyoming's shape a TWELFTH time. NOTHING WAS PROMOTED (§0.4): several of these read as FQHCs or physician practices to anyone who knows Mississippi, and reading them that way would be this pipeline asserting a form the state has not.",LOW,NA,Budget Period 1,NON_HOSPITAL,No,NOT_HOSPITAL,NA,"RECIPIENT TYPE DETERMINED (session 50): OTHER -- long-term care facility. Basis (GENERAL_KNOWLEDGE): A long-term care facility; 'LTC' in the awardee string is the form. Source: no citable source for the FORM; the answer is this project's own knowledge (§0.4, session 49 policy 3). flow unchanged: the re-type does not cross §10.2's DIRECT test. PRIOR BASIS, kept because §2.1 says a correction shows what moved: §10.2 -- the named recipient is not a hospital, so no hospital dollar is claimed. Where recipient_type is §8's standing fallback this is the CONSERVATIVE answer and the row is queued as MS_RECIPIENT_FORM_NOT_STATED: resolving it could only raise Mississippi's hospital figure, never lower it.","EXACT, per-recipient, and published by the Governor for every one of the 167 rows. The 167 sum to $104,115,146.80 against a stated $104,115,146 -- a $0.80 TRUNCATION of the cents, not a discrepancy (§8: both figures are the state's own and neither is corrected).",NA,2026-09-14,data/evidence/MS/2026-09-14_ms_governor_167_awards_ROSTER.html,GENERAL_KNOWLEDGE,session 50 unstated-form typing,"long-term care facility. A long-term care facility; 'LTC' in the awardee string is the form. Source: no citable source for the FORM; the answer is this project's own knowledge (§0.4, session 49 policy 3)"
MS,141,"Resilience Counseling & Recovery Center, LLC",50000,OTHER,No,To fund telehealth capacity for rural mental health and substance use counseling. [Rankin County],Yes,Yes,FY2026 (Year 1),Governor Reeves Announces 167 Rural Health Transformation Program Awards Totaling More Than $104 Million,https://governorreeves.ms.gov/governor-reeves-announces-167-rural-health-transformation-program-awards-totaling-more-than-104-million/,GOVERNOR_PRESS_RELEASE,DIRECT_TEXT,R/03ak_ms_year1_awardees.R,NA,NA,NA,NA,Rankin County,"Telehealth Hub Connectivity, Equipment & Education (TCE)",1,"Resilience Counseling & Recovery Center, LLC","§8's STANDING FALLBACK. The Governor's release publishes a recipient, a county, an amount and a description of the WORK, and says NOTHING about the recipient's organisational form -- Kansas's, Maryland's, Nebraska's, Oklahoma's, Nevada's, Michigan's, Missouri's, Iowa's, North Carolina's, Arkansas's and Wyoming's shape a TWELFTH time. NOTHING WAS PROMOTED (§0.4): several of these read as FQHCs or physician practices to anyone who knows Mississippi, and reading them that way would be this pipeline asserting a form the state has not.",LOW,NA,Budget Period 1,NON_HOSPITAL,No,NOT_HOSPITAL,NA,"RECIPIENT TYPE DETERMINED (session 50): OTHER -- counselling and substance-use recovery practice. Basis (GENERAL_KNOWLEDGE): An outpatient counselling and substance-use recovery practice. Source: no citable source for the FORM; the answer is this project's own knowledge (§0.4, session 49 policy 3). flow unchanged: the re-type does not cross §10.2's DIRECT test. PRIOR BASIS, kept because §2.1 says a correction shows what moved: §10.2 -- the named recipient is not a hospital, so no hospital dollar is claimed. Where recipient_type is §8's standing fallback this is the CONSERVATIVE answer and the row is queued as MS_RECIPIENT_FORM_NOT_STATED: resolving it could only raise Mississippi's hospital figure, never lower it.","EXACT, per-recipient, and published by the Governor for every one of the 167 rows. The 167 sum to $104,115,146.80 against a stated $104,115,146 -- a $0.80 TRUNCATION of the cents, not a discrepancy (§8: both figures are the state's own and neither is corrected).",NA,2026-09-14,data/evidence/MS/2026-09-14_ms_governor_167_awards_ROSTER.html,GENERAL_KNOWLEDGE,session 50 unstated-form typing,"counselling and substance-use recovery practice. An outpatient counselling and substance-use recovery practice. Source: no citable source for the FORM; the answer is this project's own knowledge (§0.4, session 49 policy 3)"
MS,142,CAMHP Foundation,250000,NONPROFIT_CBO,No,"To establish a hub for behavioral health, psychiatric medication management, specialty care and related services. [Franklin County]",Yes,Yes,FY2026 (Year 1),Governor Reeves Announces 167 Rural Health Transformation Program Awards Totaling More Than $104 Million,https://governorreeves.ms.gov/governor-reeves-announces-167-rural-health-transformation-program-awards-totaling-more-than-104-million/,GOVERNOR_PRESS_RELEASE,DIRECT_TEXT,R/03ak_ms_year1_awardees.R,NA,NA,NA,NA,Franklin County,"Telehealth Hub Connectivity, Equipment & Education (TCE)",2,CAMHP Foundation,"§8's STANDING FALLBACK. The Governor's release publishes a recipient, a county, an amount and a description of the WORK, and says NOTHING about the recipient's organisational form -- Kansas's, Maryland's, Nebraska's, Oklahoma's, Nevada's, Michigan's, Missouri's, Iowa's, North Carolina's, Arkansas's and Wyoming's shape a TWELFTH time. NOTHING WAS PROMOTED (§0.4): several of these read as FQHCs or physician practices to anyone who knows Mississippi, and reading them that way would be this pipeline asserting a form the state has not.",LOW,RECIPIENT_TYPE_INFERRED,Budget Period 1,NON_HOSPITAL,No,NOT_HOSPITAL,NA,"§10.2 -- the named recipient is not a hospital, so no hospital dollar is claimed. Where recipient_type is §8's standing fallback this is the CONSERVATIVE answer and the row is queued as MS_RECIPIENT_FORM_NOT_STATED: resolving it could only raise Mississippi's hospital figure, never lower it.","EXACT, per-recipient, and published by the Governor for every one of the 167 rows. The 167 sum to $104,115,146.80 against a stated $104,115,146 -- a $0.80 TRUNCATION of the cents, not a discrepancy (§8: both figures are the state's own and neither is corrected).",NA,2026-09-14,data/evidence/MS/2026-09-14_ms_governor_167_awards_ROSTER.html,NA,NA,NA
MS,143,Outreach Health Services,218200,FQHC_OR_RHC,No,"To enhance chronic care management for obesity, diabetes, hypertension, cardiovascular disease and other chronic conditions. [Clarke County]",Yes,Yes,FY2026 (Year 1),Governor Reeves Announces 167 Rural Health Transformation Program Awards Totaling More Than $104 Million,https://governorreeves.ms.gov/governor-reeves-announces-167-rural-health-transformation-program-awards-totaling-more-than-104-million/,GOVERNOR_PRESS_RELEASE,DIRECT_TEXT,R/03ak_ms_year1_awardees.R,NA,NA,NA,NA,Clarke County,"Telehealth Hub Connectivity, Equipment & Education (TCE)",3,Outreach Health Services,"§8's STANDING FALLBACK. The Governor's release publishes a recipient, a county, an amount and a description of the WORK, and says NOTHING about the recipient's organisational form -- Kansas's, Maryland's, Nebraska's, Oklahoma's, Nevada's, Michigan's, Missouri's, Iowa's, North Carolina's, Arkansas's and Wyoming's shape a TWELFTH time. NOTHING WAS PROMOTED (§0.4): several of these read as FQHCs or physician practices to anyone who knows Mississippi, and reading them that way would be this pipeline asserting a form the state has not.",MEDIUM,NA,Budget Period 1,NON_HOSPITAL,No,NOT_HOSPITAL,NA,"RECIPIENT TYPE DETERMINED (session 50): FQHC_OR_RHC -- federally qualified health center. Basis (ORG_WEBSITE): CMS FQHC Enrollments carries 'OUTREACH HEALTH SERVICES,INC.' against CCNs 251831 (Shubuta) and 251839 (Heidelberg). Source: https://data.cms.gov/data-api/v1/dataset/4bcae866-3411-439a-b762-90a6187c194b/data (FQHC Enrollments, 2026-07-17). flow unchanged: the re-type does not cross §10.2's DIRECT test. PRIOR BASIS, kept because §2.1 says a correction shows what moved: §10.2 -- the named recipient is not a hospital, so no hospital dollar is claimed. Where recipient_type is §8's standing fallback this is the CONSERVATIVE answer and the row is queued as MS_RECIPIENT_FORM_NOT_STATED: resolving it could only raise Mississippi's hospital figure, never lower it.","EXACT, per-recipient, and published by the Governor for every one of the 167 rows. The 167 sum to $104,115,146.80 against a stated $104,115,146 -- a $0.80 TRUNCATION of the cents, not a discrepancy (§8: both figures are the state's own and neither is corrected).",NA,2026-09-14,data/evidence/MS/2026-09-14_ms_governor_167_awards_ROSTER.html,ORG_WEBSITE,session 50 unstated-form typing,"federally qualified health center. CMS FQHC Enrollments carries 'OUTREACH HEALTH SERVICES,INC.' against CCNs 251831 (Shubuta) and 251839 (Heidelberg). Source: https://data.cms.gov/data-api/v1/dataset/4bcae866-3411-439a-b762-90a6187c194b/data (FQHC Enrollments, 2026-07-17)"
MS,144,Harmony House Calls LLC,250000,PHYSICIAN_PRACTICE,No,"To fund a readiness model combining digital-literacy coaching, provider education, connectivity improvements, diagnostic peripherals, and RPM. [Rankin County]",Yes,Yes,FY2026 (Year 1),Governor Reeves Announces 167 Rural Health Transformation Program Awards Totaling More Than $104 Million,https://governorreeves.ms.gov/governor-reeves-announces-167-rural-health-transformation-program-awards-totaling-more-than-104-million/,GOVERNOR_PRESS_RELEASE,DIRECT_TEXT,R/03ak_ms_year1_awardees.R,NA,NA,NA,NA,Rankin County,"Telehealth Hub Connectivity, Equipment & Education (TCE)",4,Harmony House Calls LLC,"§8's STANDING FALLBACK. The Governor's release publishes a recipient, a county, an amount and a description of the WORK, and says NOTHING about the recipient's organisational form -- Kansas's, Maryland's, Nebraska's, Oklahoma's, Nevada's, Michigan's, Missouri's, Iowa's, North Carolina's, Arkansas's and Wyoming's shape a TWELFTH time. NOTHING WAS PROMOTED (§0.4): several of these read as FQHCs or physician practices to anyone who knows Mississippi, and reading them that way would be this pipeline asserting a form the state has not.",LOW,NA,Budget Period 1,NON_HOSPITAL,No,NOT_HOSPITAL,NA,"RECIPIENT TYPE DETERMINED (session 50): PHYSICIAN_PRACTICE -- clinician practice (house-call primary care). Basis (GENERAL_KNOWLEDGE): A house-call clinical practice. Source: no citable source for the FORM; the answer is this project's own knowledge (§0.4, session 49 policy 3). flow unchanged: the re-type does not cross §10.2's DIRECT test. PRIOR BASIS, kept because §2.1 says a correction shows what moved: §10.2 -- the named recipient is not a hospital, so no hospital dollar is claimed. Where recipient_type is §8's standing fallback this is the CONSERVATIVE answer and the row is queued as MS_RECIPIENT_FORM_NOT_STATED: resolving it could only raise Mississippi's hospital figure, never lower it.","EXACT, per-recipient, and published by the Governor for every one of the 167 rows. The 167 sum to $104,115,146.80 against a stated $104,115,146 -- a $0.80 TRUNCATION of the cents, not a discrepancy (§8: both figures are the state's own and neither is corrected).",NA,2026-09-14,data/evidence/MS/2026-09-14_ms_governor_167_awards_ROSTER.html,GENERAL_KNOWLEDGE,session 50 unstated-form typing,"clinician practice (house-call primary care). A house-call clinical practice. Source: no citable source for the FORM; the answer is this project's own knowledge (§0.4, session 49 policy 3)"
MS,145,Choctaw Regional Medical Center,394000,HOSPITAL_OR_SYSTEM,Yes,To fund accessible telehealth access points offering diagnostic equipment and remote clinician coverage. [Choctaw County],Yes,Yes,FY2026 (Year 1),Governor Reeves Announces 167 Rural Health Transformation Program Awards Totaling More Than $104 Million,https://governorreeves.ms.gov/governor-reeves-announces-167-rural-health-transformation-program-awards-totaling-more-than-104-million/,GOVERNOR_PRESS_RELEASE,DIRECT_TEXT,R/03ak_ms_year1_awardees.R,NA,NA,NA,NA,Choctaw County,"Telehealth Hub Connectivity, Equipment & Education (TCE)",5,Choctaw Regional Medical Center,DERIVED FROM THE RECIPIENT'S OWN NAME by rhtp_classify_recipient_type().,HIGH,NA,Budget Period 1,DIRECT,Yes,NAMED_HOSPITAL,NA,"§10.2 DIRECT -- the named recipient is itself a hospital or health system, so recipient identity IS the flow test and no description decides it (§0.3a). The award is ANNOUNCED, not intended: the Governor's release says 'today announced 167 awards', so recipient_confirmed and amount_confirmed are both Yes -- stronger than Arkansas's or Wyoming's intents.","EXACT, per-recipient, and published by the Governor for every one of the 167 rows. The 167 sum to $104,115,146.80 against a stated $104,115,146 -- a $0.80 TRUNCATION of the cents, not a discrepancy (§8: both figures are the state's own and neither is corrected).",NA,2026-09-14,data/evidence/MS/2026-09-14_ms_governor_167_awards_ROSTER.html,NA,NA,NA
MS,146,Progressive Health of Houston,336000,HOSPITAL_OR_SYSTEM,Yes,"To fund a project that includes diagnostic telehealth carts, specialist contracting, coordinators, patient outreach and consultation spaces. [Chickasaw County]",Yes,Yes,FY2026 (Year 1),Governor Reeves Announces 167 Rural Health Transformation Program Awards Totaling More Than $104 Million,https://governorreeves.ms.gov/governor-reeves-announces-167-rural-health-transformation-program-awards-totaling-more-than-104-million/,GOVERNOR_PRESS_RELEASE,DIRECT_TEXT,R/03ak_ms_year1_awardees.R,NA,NA,NA,NA,Chickasaw County,"Telehealth Hub Connectivity, Equipment & Education (TCE)",6,Progressive Health of Houston,"§8's STANDING FALLBACK. The Governor's release publishes a recipient, a county, an amount and a description of the WORK, and says NOTHING about the recipient's organisational form -- Kansas's, Maryland's, Nebraska's, Oklahoma's, Nevada's, Michigan's, Missouri's, Iowa's, North Carolina's, Arkansas's and Wyoming's shape a TWELFTH time. NOTHING WAS PROMOTED (§0.4): several of these read as FQHCs or physician practices to anyone who knows Mississippi, and reading them that way would be this pipeline asserting a form the state has not.",MEDIUM,NA,Budget Period 1,DIRECT,Yes,NAMED_HOSPITAL,NA,"RECIPIENT TYPE DETERMINED (session 50): HOSPITAL_OR_SYSTEM -- critical access hospital operator (CCN 250785, Houston MS). Basis (ORG_WEBSITE): CMS Hospital Enrollments carries ORGANIZATION NAME 'PROGRESSIVE HEALTH OF HOUSTON LLC', Houston MS (Chickasaw County), against CCN 250785, plus three RHC enrolments. Award county is Chickasaw. Source: https://data.cms.gov/provider-data/dataset/xubh-q36u (Hospital Enrollments, 2026-07-31). flow re-run: §10.2 re-applied because the re-type crosses the DIRECT test. PRIOR BASIS, kept because §2.1 says a correction shows what moved: §10.2 -- the named recipient is not a hospital, so no hospital dollar is claimed. Where recipient_type is §8's standing fallback this is the CONSERVATIVE answer and the row is queued as MS_RECIPIENT_FORM_NOT_STATED: resolving it could only raise Mississippi's hospital figure, never lower it.","EXACT, per-recipient, and published by the Governor for every one of the 167 rows. The 167 sum to $104,115,146.80 against a stated $104,115,146 -- a $0.80 TRUNCATION of the cents, not a discrepancy (§8: both figures are the state's own and neither is corrected).",NA,2026-09-14,data/evidence/MS/2026-09-14_ms_governor_167_awards_ROSTER.html,ORG_WEBSITE,session 50 unstated-form typing,"critical access hospital operator (CCN 250785, Houston MS). CMS Hospital Enrollments carries ORGANIZATION NAME 'PROGRESSIVE HEALTH OF HOUSTON LLC', Houston MS (Chickasaw County), against CCN 250785, plus three RHC enrolments. Award county is Chickasaw. Source: https://data.cms.gov/provider-data/dataset/xubh-q36u (Hospital Enrollments, 2026-07-31)"
MS,147,Memorial Health System,1920000,HOSPITAL_OR_SYSTEM,Yes,"To establish AI-enabled care for Stone, George, Hancock, Jackson and Pearl River Counties offering virtual primary, behavioral and chronic disease care. [Stone County]",Yes,Yes,FY2026 (Year 1),Governor Reeves Announces 167 Rural Health Transformation Program Awards Totaling More Than $104 Million,https://governorreeves.ms.gov/governor-reeves-announces-167-rural-health-transformation-program-awards-totaling-more-than-104-million/,GOVERNOR_PRESS_RELEASE,DIRECT_TEXT,R/03ak_ms_year1_awardees.R,NA,NA,NA,NA,Stone County,"Telehealth Hub Connectivity, Equipment & Education (TCE)",7,Memorial Health System,DERIVED FROM THE RECIPIENT'S OWN NAME by rhtp_classify_recipient_type().,MEDIUM,NA,Budget Period 1,DIRECT,Yes,NAMED_HOSPITAL,NA,"§10.2 DIRECT -- the named recipient is itself a hospital or health system, so recipient identity IS the flow test and no description decides it (§0.3a). The award is ANNOUNCED, not intended: the Governor's release says 'today announced 167 awards', so recipient_confirmed and amount_confirmed are both Yes -- stronger than Arkansas's or Wyoming's intents.","EXACT, per-recipient, and published by the Governor for every one of the 167 rows. The 167 sum to $104,115,146.80 against a stated $104,115,146 -- a $0.80 TRUNCATION of the cents, not a discrepancy (§8: both figures are the state's own and neither is corrected).",NA,2026-09-14,data/evidence/MS/2026-09-14_ms_governor_167_awards_ROSTER.html,NA,NA,NA
MS,148,Preventive Care MD,182000,PHYSICIAN_PRACTICE,No,"To expand hub to four site networks serving Stone, George and Pearl River Counties through telehealth equipment, broadband improvements and education. [Jackson County]",Yes,Yes,FY2026 (Year 1),Governor Reeves Announces 167 Rural Health Transformation Program Awards Totaling More Than $104 Million,https://governorreeves.ms.gov/governor-reeves-announces-167-rural-health-transformation-program-awards-totaling-more-than-104-million/,GOVERNOR_PRESS_RELEASE,DIRECT_TEXT,R/03ak_ms_year1_awardees.R,NA,NA,NA,NA,Jackson County,"Telehealth Hub Connectivity, Equipment & Education (TCE)",8,Preventive Care MD,"§8's STANDING FALLBACK. The Governor's release publishes a recipient, a county, an amount and a description of the WORK, and says NOTHING about the recipient's organisational form -- Kansas's, Maryland's, Nebraska's, Oklahoma's, Nevada's, Michigan's, Missouri's, Iowa's, North Carolina's, Arkansas's and Wyoming's shape a TWELFTH time. NOTHING WAS PROMOTED (§0.4): several of these read as FQHCs or physician practices to anyone who knows Mississippi, and reading them that way would be this pipeline asserting a form the state has not.",LOW,NA,Budget Period 1,NON_HOSPITAL,No,NOT_HOSPITAL,NA,"RECIPIENT TYPE DETERMINED (session 50): PHYSICIAN_PRACTICE -- physician practice. Basis (GENERAL_KNOWLEDGE): A primary-care practice operating rural sites on the Gulf Coast. Source: no citable source for the FORM; the answer is this project's own knowledge (§0.4, session 49 policy 3). flow unchanged: the re-type does not cross §10.2's DIRECT test. PRIOR BASIS, kept because §2.1 says a correction shows what moved: §10.2 -- the named recipient is not a hospital, so no hospital dollar is claimed. Where recipient_type is §8's standing fallback this is the CONSERVATIVE answer and the row is queued as MS_RECIPIENT_FORM_NOT_STATED: resolving it could only raise Mississippi's hospital figure, never lower it.","EXACT, per-recipient, and published by the Governor for every one of the 167 rows. The 167 sum to $104,115,146.80 against a stated $104,115,146 -- a $0.80 TRUNCATION of the cents, not a discrepancy (§8: both figures are the state's own and neither is corrected).",NA,2026-09-14,data/evidence/MS/2026-09-14_ms_governor_167_awards_ROSTER.html,GENERAL_KNOWLEDGE,session 50 unstated-form typing,"physician practice. A primary-care practice operating rural sites on the Gulf Coast. Source: no citable source for the FORM; the answer is this project's own knowledge (§0.4, session 49 policy 3)"
MS,149,North Mississippi Commission on Mental Illness/Mental Retardation d.b.a. Communicare,300000,OTHER,No,"To expand infrastructure for crisis response, detention-based care, commitment proceedings, and care coordination. [Lafayette Co.]",Yes,Yes,FY2026 (Year 1),Governor Reeves Announces 167 Rural Health Transformation Program Awards Totaling More Than $104 Million,https://governorreeves.ms.gov/governor-reeves-announces-167-rural-health-transformation-program-awards-totaling-more-than-104-million/,GOVERNOR_PRESS_RELEASE,DIRECT_TEXT,R/03ak_ms_year1_awardees.R,NA,NA,NA,NA,Lafayette Co.,"Telehealth Hub Connectivity, Equipment & Education (TCE)",9,North Mississippi Commission on Mental Illness/Mental Retardation d.b.a. Communicare,"§8's STANDING FALLBACK. The Governor's release publishes a recipient, a county, an amount and a description of the WORK, and says NOTHING about the recipient's organisational form -- Kansas's, Maryland's, Nebraska's, Oklahoma's, Nevada's, Michigan's, Missouri's, Iowa's, North Carolina's, Arkansas's and Wyoming's shape a TWELFTH time. NOTHING WAS PROMOTED (§0.4): several of these read as FQHCs or physician practices to anyone who knows Mississippi, and reading them that way would be this pipeline asserting a form the state has not.",LOW,NA,Budget Period 1,NON_HOSPITAL,No,NOT_HOSPITAL,NA,"RECIPIENT TYPE DETERMINED (session 50): OTHER -- Mississippi regional community mental health centre. Basis (GENERAL_KNOWLEDGE): A regional community mental health commission trading as Communicare. Source: no citable source for the FORM; the answer is this project's own knowledge (§0.4, session 49 policy 3). flow unchanged: the re-type does not cross §10.2's DIRECT test. PRIOR BASIS, kept because §2.1 says a correction shows what moved: §10.2 -- the named recipient is not a hospital, so no hospital dollar is claimed. Where recipient_type is §8's standing fallback this is the CONSERVATIVE answer and the row is queued as MS_RECIPIENT_FORM_NOT_STATED: resolving it could only raise Mississippi's hospital figure, never lower it.","EXACT, per-recipient, and published by the Governor for every one of the 167 rows. The 167 sum to $104,115,146.80 against a stated $104,115,146 -- a $0.80 TRUNCATION of the cents, not a discrepancy (§8: both figures are the state's own and neither is corrected).",NA,2026-09-14,data/evidence/MS/2026-09-14_ms_governor_167_awards_ROSTER.html,GENERAL_KNOWLEDGE,session 50 unstated-form typing,"Mississippi regional community mental health centre. A regional community mental health commission trading as Communicare. Source: no citable source for the FORM; the answer is this project's own knowledge (§0.4, session 49 policy 3)"
MS,150,Memorial Health System,72750,HOSPITAL_OR_SYSTEM,Yes,"To fund a regional hub-and-spoke congestive heart failure program providing telehealth, cardiac rehabilitation, and advanced-heart-failure referral pathways. [Harrison County]",Yes,Yes,FY2026 (Year 1),Governor Reeves Announces 167 Rural Health Transformation Program Awards Totaling More Than $104 Million,https://governorreeves.ms.gov/governor-reeves-announces-167-rural-health-transformation-program-awards-totaling-more-than-104-million/,GOVERNOR_PRESS_RELEASE,DIRECT_TEXT,R/03ak_ms_year1_awardees.R,NA,NA,NA,NA,Harrison County,"Telehealth Hub Connectivity, Equipment & Education (TCE)",10,Memorial Health System,DERIVED FROM THE RECIPIENT'S OWN NAME by rhtp_classify_recipient_type().,MEDIUM,NA,Budget Period 1,DIRECT,Yes,NAMED_HOSPITAL,NA,"§10.2 DIRECT -- the named recipient is itself a hospital or health system, so recipient identity IS the flow test and no description decides it (§0.3a). The award is ANNOUNCED, not intended: the Governor's release says 'today announced 167 awards', so recipient_confirmed and amount_confirmed are both Yes -- stronger than Arkansas's or Wyoming's intents.","EXACT, per-recipient, and published by the Governor for every one of the 167 rows. The 167 sum to $104,115,146.80 against a stated $104,115,146 -- a $0.80 TRUNCATION of the cents, not a discrepancy (§8: both figures are the state's own and neither is corrected).",NA,2026-09-14,data/evidence/MS/2026-09-14_ms_governor_167_awards_ROSTER.html,NA,NA,NA
MS,151,"Access Family Health Services, Inc.",98693,FQHC_OR_RHC,No,"To add digital otoscopes and stethoscopes to school-based clinics, and a mobile clinic to improve diagnostic capability during virtual visits. [Chickasaw County]",Yes,Yes,FY2026 (Year 1),Governor Reeves Announces 167 Rural Health Transformation Program Awards Totaling More Than $104 Million,https://governorreeves.ms.gov/governor-reeves-announces-167-rural-health-transformation-program-awards-totaling-more-than-104-million/,GOVERNOR_PRESS_RELEASE,DIRECT_TEXT,R/03ak_ms_year1_awardees.R,NA,NA,NA,NA,Chickasaw County,"Telehealth Hub Connectivity, Equipment & Education (TCE)",11,"Access Family Health Services, Inc.","§8's STANDING FALLBACK. The Governor's release publishes a recipient, a county, an amount and a description of the WORK, and says NOTHING about the recipient's organisational form -- Kansas's, Maryland's, Nebraska's, Oklahoma's, Nevada's, Michigan's, Missouri's, Iowa's, North Carolina's, Arkansas's and Wyoming's shape a TWELFTH time. NOTHING WAS PROMOTED (§0.4): several of these read as FQHCs or physician practices to anyone who knows Mississippi, and reading them that way would be this pipeline asserting a form the state has not.",MEDIUM,NA,Budget Period 1,NON_HOSPITAL,No,NOT_HOSPITAL,NA,"RECIPIENT TYPE DETERMINED (session 50): FQHC_OR_RHC -- federally qualified health center. Basis (ORG_WEBSITE): CMS FQHC Enrollments carries 'ACCESS FAMILY HEALTH SERVICES, INC.' against multiple Mississippi FQHC CCNs (251049, 251074, 251075, 251076). Source: https://data.cms.gov/data-api/v1/dataset/4bcae866-3411-439a-b762-90a6187c194b/data (FQHC Enrollments, 2026-07-17). flow unchanged: the re-type does not cross §10.2's DIRECT test. PRIOR BASIS, kept because §2.1 says a correction shows what moved: §10.2 -- the named recipient is not a hospital, so no hospital dollar is claimed. Where recipient_type is §8's standing fallback this is the CONSERVATIVE answer and the row is queued as MS_RECIPIENT_FORM_NOT_STATED: resolving it could only raise Mississippi's hospital figure, never lower it.","EXACT, per-recipient, and published by the Governor for every one of the 167 rows. The 167 sum to $104,115,146.80 against a stated $104,115,146 -- a $0.80 TRUNCATION of the cents, not a discrepancy (§8: both figures are the state's own and neither is corrected).",NA,2026-09-14,data/evidence/MS/2026-09-14_ms_governor_167_awards_ROSTER.html,ORG_WEBSITE,session 50 unstated-form typing,"federally qualified health center. CMS FQHC Enrollments carries 'ACCESS FAMILY HEALTH SERVICES, INC.' against multiple Mississippi FQHC CCNs (251049, 251074, 251075, 251076). Source: https://data.cms.gov/data-api/v1/dataset/4bcae866-3411-439a-b762-90a6187c194b/data (FQHC Enrollments, 2026-07-17)"
MS,152,"NP Care Anywhere, LLC",134000,PHYSICIAN_PRACTICE,No,"To establish a mobile maternal telehealth hub combining maternal diagnostic equipment, tele-ultrasound, and specialty/behavioral-health access. [Quitman County]",Yes,Yes,FY2026 (Year 1),Governor Reeves Announces 167 Rural Health Transformation Program Awards Totaling More Than $104 Million,https://governorreeves.ms.gov/governor-reeves-announces-167-rural-health-transformation-program-awards-totaling-more-than-104-million/,GOVERNOR_PRESS_RELEASE,DIRECT_TEXT,R/03ak_ms_year1_awardees.R,NA,NA,NA,NA,Quitman County,"Telehealth Hub Connectivity, Equipment & Education (TCE)",12,"NP Care Anywhere, LLC","§8's STANDING FALLBACK. The Governor's release publishes a recipient, a county, an amount and a description of the WORK, and says NOTHING about the recipient's organisational form -- Kansas's, Maryland's, Nebraska's, Oklahoma's, Nevada's, Michigan's, Missouri's, Iowa's, North Carolina's, Arkansas's and Wyoming's shape a TWELFTH time. NOTHING WAS PROMOTED (§0.4): several of these read as FQHCs or physician practices to anyone who knows Mississippi, and reading them that way would be this pipeline asserting a form the state has not.",LOW,NA,Budget Period 1,NON_HOSPITAL,No,NOT_HOSPITAL,NA,"RECIPIENT TYPE DETERMINED (session 50): PHYSICIAN_PRACTICE -- clinician practice (nurse-practitioner-led). Basis (GENERAL_KNOWLEDGE): A nurse-practitioner-led clinical practice. §8 carries PHYSICIAN_PRACTICE for a clinician-owned outpatient practice and has no narrower code; the determined form is stated here rather than in the code. Source: no citable source for the FORM; the answer is this project's own knowledge (§0.4, session 49 policy 3). flow unchanged: the re-type does not cross §10.2's DIRECT test. PRIOR BASIS, kept because §2.1 says a correction shows what moved: §10.2 -- the named recipient is not a hospital, so no hospital dollar is claimed. Where recipient_type is §8's standing fallback this is the CONSERVATIVE answer and the row is queued as MS_RECIPIENT_FORM_NOT_STATED: resolving it could only raise Mississippi's hospital figure, never lower it.","EXACT, per-recipient, and published by the Governor for every one of the 167 rows. The 167 sum to $104,115,146.80 against a stated $104,115,146 -- a $0.80 TRUNCATION of the cents, not a discrepancy (§8: both figures are the state's own and neither is corrected).",NA,2026-09-14,data/evidence/MS/2026-09-14_ms_governor_167_awards_ROSTER.html,GENERAL_KNOWLEDGE,session 50 unstated-form typing,"clinician practice (nurse-practitioner-led). A nurse-practitioner-led clinical practice. §8 carries PHYSICIAN_PRACTICE for a clinician-owned outpatient practice and has no narrower code; the determined form is stated here rather than in the code. Source: no citable source for the FORM; the answer is this project's own knowledge (§0.4, session 49 policy 3)"
MS,153,Northeast Mental Health d.b.a. LIFECORE Health Group,30610,OTHER,No,To expand direct-to-consumer behavioral-health telehealth to existing clinic-based virtual-care program across Northeast Mississippi. [Monroe County],Yes,Yes,FY2026 (Year 1),Governor Reeves Announces 167 Rural Health Transformation Program Awards Totaling More Than $104 Million,https://governorreeves.ms.gov/governor-reeves-announces-167-rural-health-transformation-program-awards-totaling-more-than-104-million/,GOVERNOR_PRESS_RELEASE,DIRECT_TEXT,R/03ak_ms_year1_awardees.R,NA,NA,NA,NA,Monroe County,"Telehealth Hub Connectivity, Equipment & Education (TCE)",13,Northeast Mental Health d.b.a. LIFECORE Health Group,"§8's STANDING FALLBACK. The Governor's release publishes a recipient, a county, an amount and a description of the WORK, and says NOTHING about the recipient's organisational form -- Kansas's, Maryland's, Nebraska's, Oklahoma's, Nevada's, Michigan's, Missouri's, Iowa's, North Carolina's, Arkansas's and Wyoming's shape a TWELFTH time. NOTHING WAS PROMOTED (§0.4): several of these read as FQHCs or physician practices to anyone who knows Mississippi, and reading them that way would be this pipeline asserting a form the state has not.",LOW,NA,Budget Period 1,NON_HOSPITAL,No,NOT_HOSPITAL,NA,"RECIPIENT TYPE DETERMINED (session 50): OTHER -- Mississippi regional community mental health centre. Basis (GENERAL_KNOWLEDGE): The same commission under Mississippi's second, shorter spelling. Kept separate (§2). Source: no citable source for the FORM; the answer is this project's own knowledge (§0.4, session 49 policy 3). flow unchanged: the re-type does not cross §10.2's DIRECT test. PRIOR BASIS, kept because §2.1 says a correction shows what moved: §10.2 -- the named recipient is not a hospital, so no hospital dollar is claimed. Where recipient_type is §8's standing fallback this is the CONSERVATIVE answer and the row is queued as MS_RECIPIENT_FORM_NOT_STATED: resolving it could only raise Mississippi's hospital figure, never lower it.","EXACT, per-recipient, and published by the Governor for every one of the 167 rows. The 167 sum to $104,115,146.80 against a stated $104,115,146 -- a $0.80 TRUNCATION of the cents, not a discrepancy (§8: both figures are the state's own and neither is corrected).",NA,2026-09-14,data/evidence/MS/2026-09-14_ms_governor_167_awards_ROSTER.html,GENERAL_KNOWLEDGE,session 50 unstated-form typing,"Mississippi regional community mental health centre. The same commission under Mississippi's second, shorter spelling. Kept separate (§2). Source: no citable source for the FORM; the answer is this project's own knowledge (§0.4, session 49 policy 3)"
MS,154,University of Mississippi Medical Center,149100,HOSPITAL_OR_SYSTEM,Yes,To allow AI-enabled remote patient monitoring for chronic disease and maternal health that integrates device data with EHR. [Hinds County],Yes,Yes,FY2026 (Year 1),Governor Reeves Announces 167 Rural Health Transformation Program Awards Totaling More Than $104 Million,https://governorreeves.ms.gov/governor-reeves-announces-167-rural-health-transformation-program-awards-totaling-more-than-104-million/,GOVERNOR_PRESS_RELEASE,DIRECT_TEXT,R/03ak_ms_year1_awardees.R,NA,NA,NA,NA,Hinds County,"Telehealth Hub Connectivity, Equipment & Education (TCE)",14,University of Mississippi Medical Center,DERIVED FROM THE RECIPIENT'S OWN NAME by rhtp_classify_recipient_type().,HIGH,NA,Budget Period 1,DIRECT,Yes,NAMED_HOSPITAL,NA,"§10.2 DIRECT -- the named recipient is itself a hospital or health system, so recipient identity IS the flow test and no description decides it (§0.3a). The award is ANNOUNCED, not intended: the Governor's release says 'today announced 167 awards', so recipient_confirmed and amount_confirmed are both Yes -- stronger than Arkansas's or Wyoming's intents.","EXACT, per-recipient, and published by the Governor for every one of the 167 rows. The 167 sum to $104,115,146.80 against a stated $104,115,146 -- a $0.80 TRUNCATION of the cents, not a discrepancy (§8: both figures are the state's own and neither is corrected).",NA,2026-09-14,data/evidence/MS/2026-09-14_ms_governor_167_awards_ROSTER.html,NA,NA,NA
MS,155,"Plan A Health, Inc.",50000,NONPROFIT_CBO,No,To equip rural clinic sites and a mobile unit with telehealth kiosks capable of supporting virtual specialist visits and diagnostic testing. [Humphreys County],Yes,Yes,FY2026 (Year 1),Governor Reeves Announces 167 Rural Health Transformation Program Awards Totaling More Than $104 Million,https://governorreeves.ms.gov/governor-reeves-announces-167-rural-health-transformation-program-awards-totaling-more-than-104-million/,GOVERNOR_PRESS_RELEASE,DIRECT_TEXT,R/03ak_ms_year1_awardees.R,NA,NA,NA,NA,Humphreys County,"Telehealth Hub Connectivity, Equipment & Education (TCE)",15,"Plan A Health, Inc.","§8's STANDING FALLBACK. The Governor's release publishes a recipient, a county, an amount and a description of the WORK, and says NOTHING about the recipient's organisational form -- Kansas's, Maryland's, Nebraska's, Oklahoma's, Nevada's, Michigan's, Missouri's, Iowa's, North Carolina's, Arkansas's and Wyoming's shape a TWELFTH time. NOTHING WAS PROMOTED (§0.4): several of these read as FQHCs or physician practices to anyone who knows Mississippi, and reading them that way would be this pipeline asserting a form the state has not.",MEDIUM,NA,Budget Period 1,NON_HOSPITAL,No,NOT_HOSPITAL,NA,"RECIPIENT TYPE DETERMINED (session 50): NONPROFIT_CBO -- nonprofit community clinic operator. Basis (ORG_WEBSITE): The IRS Business Master File carries Plan A Health Inc as a 501(c)(3) with NTEE E32 (community clinic). Determined as a nonprofit clinic operator, not a hospital. Source: https://projects.propublica.org/nonprofits/ (IRS Business Master File / Form 990). flow unchanged: the re-type does not cross §10.2's DIRECT test. PRIOR BASIS, kept because §2.1 says a correction shows what moved: §10.2 -- the named recipient is not a hospital, so no hospital dollar is claimed. Where recipient_type is §8's standing fallback this is the CONSERVATIVE answer and the row is queued as MS_RECIPIENT_FORM_NOT_STATED: resolving it could only raise Mississippi's hospital figure, never lower it.","EXACT, per-recipient, and published by the Governor for every one of the 167 rows. The 167 sum to $104,115,146.80 against a stated $104,115,146 -- a $0.80 TRUNCATION of the cents, not a discrepancy (§8: both figures are the state's own and neither is corrected).",NA,2026-09-14,data/evidence/MS/2026-09-14_ms_governor_167_awards_ROSTER.html,ORG_WEBSITE,session 50 unstated-form typing,"nonprofit community clinic operator. The IRS Business Master File carries Plan A Health Inc as a 501(c)(3) with NTEE E32 (community clinic). Determined as a nonprofit clinic operator, not a hospital. Source: https://projects.propublica.org/nonprofits/ (IRS Business Master File / Form 990)"
MS,156,Forrest County General Hospital,596026,HOSPITAL_OR_SYSTEM,Yes,"To add virtual nursing carts, discharge cameras, equipment, RPM, and navigation services to help coordinate patients. [Forrest County]",Yes,Yes,FY2026 (Year 1),Governor Reeves Announces 167 Rural Health Transformation Program Awards Totaling More Than $104 Million,https://governorreeves.ms.gov/governor-reeves-announces-167-rural-health-transformation-program-awards-totaling-more-than-104-million/,GOVERNOR_PRESS_RELEASE,DIRECT_TEXT,R/03ak_ms_year1_awardees.R,NA,NA,NA,NA,Forrest County,"Telehealth Hub Connectivity, Equipment & Education (TCE)",16,Forrest County General Hospital,DERIVED FROM THE RECIPIENT'S OWN NAME by rhtp_classify_recipient_type().,HIGH,NA,Budget Period 1,DIRECT,Yes,NAMED_HOSPITAL,NA,"§10.2 DIRECT -- the named recipient is itself a hospital or health system, so recipient identity IS the flow test and no description decides it (§0.3a). The award is ANNOUNCED, not intended: the Governor's release says 'today announced 167 awards', so recipient_confirmed and amount_confirmed are both Yes -- stronger than Arkansas's or Wyoming's intents.","EXACT, per-recipient, and published by the Governor for every one of the 167 rows. The 167 sum to $104,115,146.80 against a stated $104,115,146 -- a $0.80 TRUNCATION of the cents, not a discrepancy (§8: both figures are the state's own and neither is corrected).",NA,2026-09-14,data/evidence/MS/2026-09-14_ms_governor_167_awards_ROSTER.html,NA,NA,NA
MS,157,"Delta Health Center, Inc.",760955,FQHC_OR_RHC,No,To fund a closed-loop specialty referral network linking providers through medical-grade telehealth carts and dedicated coordinators. [Washington County],Yes,Yes,FY2026 (Year 1),Governor Reeves Announces 167 Rural Health Transformation Program Awards Totaling More Than $104 Million,https://governorreeves.ms.gov/governor-reeves-announces-167-rural-health-transformation-program-awards-totaling-more-than-104-million/,GOVERNOR_PRESS_RELEASE,DIRECT_TEXT,R/03ak_ms_year1_awardees.R,NA,NA,NA,NA,Washington County,"Telehealth Hub Connectivity, Equipment & Education (TCE)",17,"Delta Health Center, Inc.","§8's STANDING FALLBACK. The Governor's release publishes a recipient, a county, an amount and a description of the WORK, and says NOTHING about the recipient's organisational form -- Kansas's, Maryland's, Nebraska's, Oklahoma's, Nevada's, Michigan's, Missouri's, Iowa's, North Carolina's, Arkansas's and Wyoming's shape a TWELFTH time. NOTHING WAS PROMOTED (§0.4): several of these read as FQHCs or physician practices to anyone who knows Mississippi, and reading them that way would be this pipeline asserting a form the state has not.",MEDIUM,NA,Budget Period 1,NON_HOSPITAL,No,NOT_HOSPITAL,NA,"RECIPIENT TYPE DETERMINED (session 50): FQHC_OR_RHC -- federally qualified health center. Basis (ORG_WEBSITE): The same operator as the row above under Mississippi's second spelling. Both kept (§2). Source: https://data.cms.gov/data-api/v1/dataset/4bcae866-3411-439a-b762-90a6187c194b/data (FQHC Enrollments, 2026-07-17). flow unchanged: the re-type does not cross §10.2's DIRECT test. PRIOR BASIS, kept because §2.1 says a correction shows what moved: §10.2 -- the named recipient is not a hospital, so no hospital dollar is claimed. Where recipient_type is §8's standing fallback this is the CONSERVATIVE answer and the row is queued as MS_RECIPIENT_FORM_NOT_STATED: resolving it could only raise Mississippi's hospital figure, never lower it.","EXACT, per-recipient, and published by the Governor for every one of the 167 rows. The 167 sum to $104,115,146.80 against a stated $104,115,146 -- a $0.80 TRUNCATION of the cents, not a discrepancy (§8: both figures are the state's own and neither is corrected).",NA,2026-09-14,data/evidence/MS/2026-09-14_ms_governor_167_awards_ROSTER.html,ORG_WEBSITE,session 50 unstated-form typing,"federally qualified health center. The same operator as the row above under Mississippi's second spelling. Both kept (§2). Source: https://data.cms.gov/data-api/v1/dataset/4bcae866-3411-439a-b762-90a6187c194b/data (FQHC Enrollments, 2026-07-17)"
MS,158,"TrustCare Health, LLC",1203414,PHYSICIAN_PRACTICE,No,"To expand bilingual, pediatric, behavioral-health, and primary-care through school-based diagnostics, education, and dedicated providers. [Madison County]",Yes,Yes,FY2026 (Year 1),Governor Reeves Announces 167 Rural Health Transformation Program Awards Totaling More Than $104 Million,https://governorreeves.ms.gov/governor-reeves-announces-167-rural-health-transformation-program-awards-totaling-more-than-104-million/,GOVERNOR_PRESS_RELEASE,DIRECT_TEXT,R/03ak_ms_year1_awardees.R,NA,NA,NA,NA,Madison County,"Telehealth Hub Connectivity, Equipment & Education (TCE)",18,"TrustCare Health, LLC","§8's STANDING FALLBACK. The Governor's release publishes a recipient, a county, an amount and a description of the WORK, and says NOTHING about the recipient's organisational form -- Kansas's, Maryland's, Nebraska's, Oklahoma's, Nevada's, Michigan's, Missouri's, Iowa's, North Carolina's, Arkansas's and Wyoming's shape a TWELFTH time. NOTHING WAS PROMOTED (§0.4): several of these read as FQHCs or physician practices to anyone who knows Mississippi, and reading them that way would be this pipeline asserting a form the state has not.",LOW,NA,Budget Period 1,NON_HOSPITAL,No,NOT_HOSPITAL,NA,"RECIPIENT TYPE DETERMINED (session 50): PHYSICIAN_PRACTICE -- clinician practice (urgent and primary care). Basis (GENERAL_KNOWLEDGE): A Mississippi urgent-care and primary-care clinic operator. Source: no citable source for the FORM; the answer is this project's own knowledge (§0.4, session 49 policy 3). flow unchanged: the re-type does not cross §10.2's DIRECT test. PRIOR BASIS, kept because §2.1 says a correction shows what moved: §10.2 -- the named recipient is not a hospital, so no hospital dollar is claimed. Where recipient_type is §8's standing fallback this is the CONSERVATIVE answer and the row is queued as MS_RECIPIENT_FORM_NOT_STATED: resolving it could only raise Mississippi's hospital figure, never lower it.","EXACT, per-recipient, and published by the Governor for every one of the 167 rows. The 167 sum to $104,115,146.80 against a stated $104,115,146 -- a $0.80 TRUNCATION of the cents, not a discrepancy (§8: both figures are the state's own and neither is corrected).",NA,2026-09-14,data/evidence/MS/2026-09-14_ms_governor_167_awards_ROSTER.html,GENERAL_KNOWLEDGE,session 50 unstated-form typing,"clinician practice (urgent and primary care). A Mississippi urgent-care and primary-care clinic operator. Source: no citable source for the FORM; the answer is this project's own knowledge (§0.4, session 49 policy 3)"
MS,159,"Coastal Family Health Center, Inc.",422250,FQHC_OR_RHC,No,To expand RPM program to rural and low-income patients with uncontrolled hypertension. [Harrison County],Yes,Yes,FY2026 (Year 1),Governor Reeves Announces 167 Rural Health Transformation Program Awards Totaling More Than $104 Million,https://governorreeves.ms.gov/governor-reeves-announces-167-rural-health-transformation-program-awards-totaling-more-than-104-million/,GOVERNOR_PRESS_RELEASE,DIRECT_TEXT,R/03ak_ms_year1_awardees.R,NA,NA,NA,NA,Harrison County,"Telehealth Hub Connectivity, Equipment & Education (TCE)",19,"Coastal Family Health Center, Inc.","§8's STANDING FALLBACK. The Governor's release publishes a recipient, a county, an amount and a description of the WORK, and says NOTHING about the recipient's organisational form -- Kansas's, Maryland's, Nebraska's, Oklahoma's, Nevada's, Michigan's, Missouri's, Iowa's, North Carolina's, Arkansas's and Wyoming's shape a TWELFTH time. NOTHING WAS PROMOTED (§0.4): several of these read as FQHCs or physician practices to anyone who knows Mississippi, and reading them that way would be this pipeline asserting a form the state has not.",MEDIUM,NA,Budget Period 1,NON_HOSPITAL,No,NOT_HOSPITAL,NA,"RECIPIENT TYPE DETERMINED (session 50): FQHC_OR_RHC -- federally qualified health center. Basis (ORG_WEBSITE): CMS FQHC Enrollments carries 'COASTAL FAMILY HEALTH CENTER, INC' against CCNs 251002, 251006, 251053, 251054 and others. Source: https://data.cms.gov/data-api/v1/dataset/4bcae866-3411-439a-b762-90a6187c194b/data (FQHC Enrollments, 2026-07-17). flow unchanged: the re-type does not cross §10.2's DIRECT test. PRIOR BASIS, kept because §2.1 says a correction shows what moved: §10.2 -- the named recipient is not a hospital, so no hospital dollar is claimed. Where recipient_type is §8's standing fallback this is the CONSERVATIVE answer and the row is queued as MS_RECIPIENT_FORM_NOT_STATED: resolving it could only raise Mississippi's hospital figure, never lower it.","EXACT, per-recipient, and published by the Governor for every one of the 167 rows. The 167 sum to $104,115,146.80 against a stated $104,115,146 -- a $0.80 TRUNCATION of the cents, not a discrepancy (§8: both figures are the state's own and neither is corrected).",NA,2026-09-14,data/evidence/MS/2026-09-14_ms_governor_167_awards_ROSTER.html,ORG_WEBSITE,session 50 unstated-form typing,"federally qualified health center. CMS FQHC Enrollments carries 'COASTAL FAMILY HEALTH CENTER, INC' against CCNs 251002, 251006, 251053, 251054 and others. Source: https://data.cms.gov/data-api/v1/dataset/4bcae866-3411-439a-b762-90a6187c194b/data (FQHC Enrollments, 2026-07-17)"
MS,160,Wayne General Hospital,200000,HOSPITAL_OR_SYSTEM,Yes,To add mobile clinical workstations supporting dedicated telehealth-enabled clinical environments. [Wayne County],Yes,Yes,FY2026 (Year 1),Governor Reeves Announces 167 Rural Health Transformation Program Awards Totaling More Than $104 Million,https://governorreeves.ms.gov/governor-reeves-announces-167-rural-health-transformation-program-awards-totaling-more-than-104-million/,GOVERNOR_PRESS_RELEASE,DIRECT_TEXT,R/03ak_ms_year1_awardees.R,NA,NA,NA,NA,Wayne County,"Telehealth Hub Connectivity, Equipment & Education (TCE)",20,Wayne General Hospital,DERIVED FROM THE RECIPIENT'S OWN NAME by rhtp_classify_recipient_type().,HIGH,NA,Budget Period 1,DIRECT,Yes,NAMED_HOSPITAL,NA,"§10.2 DIRECT -- the named recipient is itself a hospital or health system, so recipient identity IS the flow test and no description decides it (§0.3a). The award is ANNOUNCED, not intended: the Governor's release says 'today announced 167 awards', so recipient_confirmed and amount_confirmed are both Yes -- stronger than Arkansas's or Wyoming's intents.","EXACT, per-recipient, and published by the Governor for every one of the 167 rows. The 167 sum to $104,115,146.80 against a stated $104,115,146 -- a $0.80 TRUNCATION of the cents, not a discrepancy (§8: both figures are the state's own and neither is corrected).",NA,2026-09-14,data/evidence/MS/2026-09-14_ms_governor_167_awards_ROSTER.html,NA,NA,NA
MS,161,South Central Regional Medical Center,2543900,HOSPITAL_OR_SYSTEM,Yes,"To establish a hub that provides chronic care management, transitional care, wellness visits, and a 24/7 nurse call line. [Covington County]",Yes,Yes,FY2026 (Year 1),Governor Reeves Announces 167 Rural Health Transformation Program Awards Totaling More Than $104 Million,https://governorreeves.ms.gov/governor-reeves-announces-167-rural-health-transformation-program-awards-totaling-more-than-104-million/,GOVERNOR_PRESS_RELEASE,DIRECT_TEXT,R/03ak_ms_year1_awardees.R,NA,NA,NA,NA,Covington County,"Telehealth Hub Connectivity, Equipment & Education (TCE)",21,South Central Regional Medical Center,DERIVED FROM THE RECIPIENT'S OWN NAME by rhtp_classify_recipient_type().,HIGH,NA,Budget Period 1,DIRECT,Yes,NAMED_HOSPITAL,NA,"§10.2 DIRECT -- the named recipient is itself a hospital or health system, so recipient identity IS the flow test and no description decides it (§0.3a). The award is ANNOUNCED, not intended: the Governor's release says 'today announced 167 awards', so recipient_confirmed and amount_confirmed are both Yes -- stronger than Arkansas's or Wyoming's intents.","EXACT, per-recipient, and published by the Governor for every one of the 167 rows. The 167 sum to $104,115,146.80 against a stated $104,115,146 -- a $0.80 TRUNCATION of the cents, not a discrepancy (§8: both figures are the state's own and neither is corrected).",NA,2026-09-14,data/evidence/MS/2026-09-14_ms_governor_167_awards_ROSTER.html,NA,NA,NA
MS,162,"Jefferson Comprehensive Health Center, Inc.",1000000,FQHC_OR_RHC,No,To establish a regional telehealth and remote patient monitoring program serving Jefferson and Adams Counties. [Jefferson County],Yes,Yes,FY2026 (Year 1),Governor Reeves Announces 167 Rural Health Transformation Program Awards Totaling More Than $104 Million,https://governorreeves.ms.gov/governor-reeves-announces-167-rural-health-transformation-program-awards-totaling-more-than-104-million/,GOVERNOR_PRESS_RELEASE,DIRECT_TEXT,R/03ak_ms_year1_awardees.R,NA,NA,NA,NA,Jefferson County,"Telehealth Hub Connectivity, Equipment & Education (TCE)",22,"Jefferson Comprehensive Health Center, Inc.","§8's STANDING FALLBACK. The Governor's release publishes a recipient, a county, an amount and a description of the WORK, and says NOTHING about the recipient's organisational form -- Kansas's, Maryland's, Nebraska's, Oklahoma's, Nevada's, Michigan's, Missouri's, Iowa's, North Carolina's, Arkansas's and Wyoming's shape a TWELFTH time. NOTHING WAS PROMOTED (§0.4): several of these read as FQHCs or physician practices to anyone who knows Mississippi, and reading them that way would be this pipeline asserting a form the state has not.",MEDIUM,NA,Budget Period 1,NON_HOSPITAL,No,NOT_HOSPITAL,NA,"RECIPIENT TYPE DETERMINED (session 50): FQHC_OR_RHC -- federally qualified health center. Basis (ORG_WEBSITE): CMS FQHC Enrollments carries 'JEFFERSON COMPREHENSIVE HEALTH CENTER, INC.' against CCNs 251007, 251041, 251813, 251875. Source: https://data.cms.gov/data-api/v1/dataset/4bcae866-3411-439a-b762-90a6187c194b/data (FQHC Enrollments, 2026-07-17). flow unchanged: the re-type does not cross §10.2's DIRECT test. PRIOR BASIS, kept because §2.1 says a correction shows what moved: §10.2 -- the named recipient is not a hospital, so no hospital dollar is claimed. Where recipient_type is §8's standing fallback this is the CONSERVATIVE answer and the row is queued as MS_RECIPIENT_FORM_NOT_STATED: resolving it could only raise Mississippi's hospital figure, never lower it.","EXACT, per-recipient, and published by the Governor for every one of the 167 rows. The 167 sum to $104,115,146.80 against a stated $104,115,146 -- a $0.80 TRUNCATION of the cents, not a discrepancy (§8: both figures are the state's own and neither is corrected).",NA,2026-09-14,data/evidence/MS/2026-09-14_ms_governor_167_awards_ROSTER.html,ORG_WEBSITE,session 50 unstated-form typing,"federally qualified health center. CMS FQHC Enrollments carries 'JEFFERSON COMPREHENSIVE HEALTH CENTER, INC.' against CCNs 251007, 251041, 251813, 251875. Source: https://data.cms.gov/data-api/v1/dataset/4bcae866-3411-439a-b762-90a6187c194b/data (FQHC Enrollments, 2026-07-17)"
MS,163,"Delta Health Center, Inc.",491621,FQHC_OR_RHC,No,"To fund remote patient monitoring and mobile Community Health Workers to serve patients with uncontrolled diabetes, hypertension, CHF, and COPD. [Washington County]",Yes,Yes,FY2026 (Year 1),Governor Reeves Announces 167 Rural Health Transformation Program Awards Totaling More Than $104 Million,https://governorreeves.ms.gov/governor-reeves-announces-167-rural-health-transformation-program-awards-totaling-more-than-104-million/,GOVERNOR_PRESS_RELEASE,DIRECT_TEXT,R/03ak_ms_year1_awardees.R,NA,NA,NA,NA,Washington County,"Telehealth Hub Connectivity, Equipment & Education (TCE)",23,"Delta Health Center, Inc.","§8's STANDING FALLBACK. The Governor's release publishes a recipient, a county, an amount and a description of the WORK, and says NOTHING about the recipient's organisational form -- Kansas's, Maryland's, Nebraska's, Oklahoma's, Nevada's, Michigan's, Missouri's, Iowa's, North Carolina's, Arkansas's and Wyoming's shape a TWELFTH time. NOTHING WAS PROMOTED (§0.4): several of these read as FQHCs or physician practices to anyone who knows Mississippi, and reading them that way would be this pipeline asserting a form the state has not.",MEDIUM,NA,Budget Period 1,NON_HOSPITAL,No,NOT_HOSPITAL,NA,"RECIPIENT TYPE DETERMINED (session 50): FQHC_OR_RHC -- federally qualified health center. Basis (ORG_WEBSITE): The same operator as the row above under Mississippi's second spelling. Both kept (§2). Source: https://data.cms.gov/data-api/v1/dataset/4bcae866-3411-439a-b762-90a6187c194b/data (FQHC Enrollments, 2026-07-17). flow unchanged: the re-type does not cross §10.2's DIRECT test. PRIOR BASIS, kept because §2.1 says a correction shows what moved: §10.2 -- the named recipient is not a hospital, so no hospital dollar is claimed. Where recipient_type is §8's standing fallback this is the CONSERVATIVE answer and the row is queued as MS_RECIPIENT_FORM_NOT_STATED: resolving it could only raise Mississippi's hospital figure, never lower it.","EXACT, per-recipient, and published by the Governor for every one of the 167 rows. The 167 sum to $104,115,146.80 against a stated $104,115,146 -- a $0.80 TRUNCATION of the cents, not a discrepancy (§8: both figures are the state's own and neither is corrected).",NA,2026-09-14,data/evidence/MS/2026-09-14_ms_governor_167_awards_ROSTER.html,ORG_WEBSITE,session 50 unstated-form typing,"federally qualified health center. The same operator as the row above under Mississippi's second spelling. Both kept (§2). Source: https://data.cms.gov/data-api/v1/dataset/4bcae866-3411-439a-b762-90a6187c194b/data (FQHC Enrollments, 2026-07-17)"
MS,164,"Medplus Urgent Clinic, LLC",158600,PHYSICIAN_PRACTICE,No,To expand telehealth and RPM to address provider shortages and improve care for large diabetic and prediabetic populations. [Lee County],Yes,Yes,FY2026 (Year 1),Governor Reeves Announces 167 Rural Health Transformation Program Awards Totaling More Than $104 Million,https://governorreeves.ms.gov/governor-reeves-announces-167-rural-health-transformation-program-awards-totaling-more-than-104-million/,GOVERNOR_PRESS_RELEASE,DIRECT_TEXT,R/03ak_ms_year1_awardees.R,NA,NA,NA,NA,Lee County,"Telehealth Hub Connectivity, Equipment & Education (TCE)",24,"Medplus Urgent Clinic, LLC","§8's STANDING FALLBACK. The Governor's release publishes a recipient, a county, an amount and a description of the WORK, and says NOTHING about the recipient's organisational form -- Kansas's, Maryland's, Nebraska's, Oklahoma's, Nevada's, Michigan's, Missouri's, Iowa's, North Carolina's, Arkansas's and Wyoming's shape a TWELFTH time. NOTHING WAS PROMOTED (§0.4): several of these read as FQHCs or physician practices to anyone who knows Mississippi, and reading them that way would be this pipeline asserting a form the state has not.",LOW,NA,Budget Period 1,NON_HOSPITAL,No,NOT_HOSPITAL,NA,"RECIPIENT TYPE DETERMINED (session 50): PHYSICIAN_PRACTICE -- clinician practice (urgent care). Basis (GENERAL_KNOWLEDGE): An urgent-care clinic operator. Source: no citable source for the FORM; the answer is this project's own knowledge (§0.4, session 49 policy 3). flow unchanged: the re-type does not cross §10.2's DIRECT test. PRIOR BASIS, kept because §2.1 says a correction shows what moved: §10.2 -- the named recipient is not a hospital, so no hospital dollar is claimed. Where recipient_type is §8's standing fallback this is the CONSERVATIVE answer and the row is queued as MS_RECIPIENT_FORM_NOT_STATED: resolving it could only raise Mississippi's hospital figure, never lower it.","EXACT, per-recipient, and published by the Governor for every one of the 167 rows. The 167 sum to $104,115,146.80 against a stated $104,115,146 -- a $0.80 TRUNCATION of the cents, not a discrepancy (§8: both figures are the state's own and neither is corrected).",NA,2026-09-14,data/evidence/MS/2026-09-14_ms_governor_167_awards_ROSTER.html,GENERAL_KNOWLEDGE,session 50 unstated-form typing,"clinician practice (urgent care). An urgent-care clinic operator. Source: no citable source for the FORM; the answer is this project's own knowledge (§0.4, session 49 policy 3)"
MS,165,Memorial Health System,306515,HOSPITAL_OR_SYSTEM,Yes,"To fund a hub-and-spoke model for diabetes education, navigation, telehealth, remote monitoring, and chronic-disease management. [Harrison County]",Yes,Yes,FY2026 (Year 1),Governor Reeves Announces 167 Rural Health Transformation Program Awards Totaling More Than $104 Million,https://governorreeves.ms.gov/governor-reeves-announces-167-rural-health-transformation-program-awards-totaling-more-than-104-million/,GOVERNOR_PRESS_RELEASE,DIRECT_TEXT,R/03ak_ms_year1_awardees.R,NA,NA,NA,NA,Harrison County,"Telehealth Hub Connectivity, Equipment & Education (TCE)",25,Memorial Health System,DERIVED FROM THE RECIPIENT'S OWN NAME by rhtp_classify_recipient_type().,MEDIUM,NA,Budget Period 1,DIRECT,Yes,NAMED_HOSPITAL,NA,"§10.2 DIRECT -- the named recipient is itself a hospital or health system, so recipient identity IS the flow test and no description decides it (§0.3a). The award is ANNOUNCED, not intended: the Governor's release says 'today announced 167 awards', so recipient_confirmed and amount_confirmed are both Yes -- stronger than Arkansas's or Wyoming's intents.","EXACT, per-recipient, and published by the Governor for every one of the 167 rows. The 167 sum to $104,115,146.80 against a stated $104,115,146 -- a $0.80 TRUNCATION of the cents, not a discrepancy (§8: both figures are the state's own and neither is corrected).",NA,2026-09-14,data/evidence/MS/2026-09-14_ms_governor_167_awards_ROSTER.html,NA,NA,NA
MS,166,PSP Medical Clinic,1000000,FQHC_OR_RHC,No,"To establish telehealth and RPM capabilities serving patients with significant hypertension, diabetes, and obesity burdens. [Madison County]",Yes,Yes,FY2026 (Year 1),Governor Reeves Announces 167 Rural Health Transformation Program Awards Totaling More Than $104 Million,https://governorreeves.ms.gov/governor-reeves-announces-167-rural-health-transformation-program-awards-totaling-more-than-104-million/,GOVERNOR_PRESS_RELEASE,DIRECT_TEXT,R/03ak_ms_year1_awardees.R,NA,NA,NA,NA,Madison County,"Telehealth Hub Connectivity, Equipment & Education (TCE)",26,PSP Medical Clinic,"§8's STANDING FALLBACK. The Governor's release publishes a recipient, a county, an amount and a description of the WORK, and says NOTHING about the recipient's organisational form -- Kansas's, Maryland's, Nebraska's, Oklahoma's, Nevada's, Michigan's, Missouri's, Iowa's, North Carolina's, Arkansas's and Wyoming's shape a TWELFTH time. NOTHING WAS PROMOTED (§0.4): several of these read as FQHCs or physician practices to anyone who knows Mississippi, and reading them that way would be this pipeline asserting a form the state has not.",MEDIUM,NA,Budget Period 1,NON_HOSPITAL,No,NOT_HOSPITAL,NA,"RECIPIENT TYPE DETERMINED (session 50): FQHC_OR_RHC -- rural health clinic. Basis (ORG_WEBSITE): CMS RHC Enrollments carries 'PSP MEDICAL CLINIC LLC' against CCNs 253855 (Yazoo City) and 258999 (Canton). Award county is Madison, which is Canton's county. Source: https://data.cms.gov/data-api/v1/dataset/3b7e7659-067e-41ea-8e36-f9ee2036e1f6/data (RHC Enrollments, 2026-07-17). flow unchanged: the re-type does not cross §10.2's DIRECT test. PRIOR BASIS, kept because §2.1 says a correction shows what moved: §10.2 -- the named recipient is not a hospital, so no hospital dollar is claimed. Where recipient_type is §8's standing fallback this is the CONSERVATIVE answer and the row is queued as MS_RECIPIENT_FORM_NOT_STATED: resolving it could only raise Mississippi's hospital figure, never lower it.","EXACT, per-recipient, and published by the Governor for every one of the 167 rows. The 167 sum to $104,115,146.80 against a stated $104,115,146 -- a $0.80 TRUNCATION of the cents, not a discrepancy (§8: both figures are the state's own and neither is corrected).",NA,2026-09-14,data/evidence/MS/2026-09-14_ms_governor_167_awards_ROSTER.html,ORG_WEBSITE,session 50 unstated-form typing,"rural health clinic. CMS RHC Enrollments carries 'PSP MEDICAL CLINIC LLC' against CCNs 253855 (Yazoo City) and 258999 (Canton). Award county is Madison, which is Canton's county. Source: https://data.cms.gov/data-api/v1/dataset/3b7e7659-067e-41ea-8e36-f9ee2036e1f6/data (RHC Enrollments, 2026-07-17)"
MS,167,"GA Carmichael Family Health Center, Inc.",255800,FQHC_OR_RHC,No,"To add diagnostic equipment, standardized workflows, staff training, patient education, and outreach. [Madison County]",Yes,Yes,FY2026 (Year 1),Governor Reeves Announces 167 Rural Health Transformation Program Awards Totaling More Than $104 Million,https://governorreeves.ms.gov/governor-reeves-announces-167-rural-health-transformation-program-awards-totaling-more-than-104-million/,GOVERNOR_PRESS_RELEASE,DIRECT_TEXT,R/03ak_ms_year1_awardees.R,NA,NA,NA,NA,Madison County,"Telehealth Hub Connectivity, Equipment & Education (TCE)",27,"GA Carmichael Family Health Center, Inc.","§8's STANDING FALLBACK. The Governor's release publishes a recipient, a county, an amount and a description of the WORK, and says NOTHING about the recipient's organisational form -- Kansas's, Maryland's, Nebraska's, Oklahoma's, Nevada's, Michigan's, Missouri's, Iowa's, North Carolina's, Arkansas's and Wyoming's shape a TWELFTH time. NOTHING WAS PROMOTED (§0.4): several of these read as FQHCs or physician practices to anyone who knows Mississippi, and reading them that way would be this pipeline asserting a form the state has not.",MEDIUM,NA,Budget Period 1,NON_HOSPITAL,No,NOT_HOSPITAL,NA,"RECIPIENT TYPE DETERMINED (session 50): FQHC_OR_RHC -- federally qualified health center. Basis (ORG_WEBSITE): CMS FQHC Enrollments carries 'GA CARMICHAEL FAMILY HEALTH CENTER INC' against CCN 251061. Source: https://data.cms.gov/data-api/v1/dataset/4bcae866-3411-439a-b762-90a6187c194b/data (FQHC Enrollments, 2026-07-17). flow unchanged: the re-type does not cross §10.2's DIRECT test. PRIOR BASIS, kept because §2.1 says a correction shows what moved: §10.2 -- the named recipient is not a hospital, so no hospital dollar is claimed. Where recipient_type is §8's standing fallback this is the CONSERVATIVE answer and the row is queued as MS_RECIPIENT_FORM_NOT_STATED: resolving it could only raise Mississippi's hospital figure, never lower it.","EXACT, per-recipient, and published by the Governor for every one of the 167 rows. The 167 sum to $104,115,146.80 against a stated $104,115,146 -- a $0.80 TRUNCATION of the cents, not a discrepancy (§8: both figures are the state's own and neither is corrected).",NA,2026-09-14,data/evidence/MS/2026-09-14_ms_governor_167_awards_ROSTER.html,ORG_WEBSITE,session 50 unstated-form typing,"federally qualified health center. CMS FQHC Enrollments carries 'GA CARMICHAEL FAMILY HEALTH CENTER INC' against CCN 251061. Source: https://data.cms.gov/data-api/v1/dataset/4bcae866-3411-439a-b762-90a6187c194b/data (FQHC Enrollments, 2026-07-17)"
