state,row_no,awardee,amount,recipient_type,distributed_to_hospital,note,recipient_confirmed,amount_confirmed,fiscal_year,source_document_title,state_source_url,validation_source_type,extraction_method,validator,ccn,aha_id,rural_designation,reviewer,award_pool,site,activity_raw,recipient_type_source,determination_confidence,flag_reason,budget_period,flow_type,hospital_benefiting,hospital_attribution,intermediary_name,determination_basis,amount_basis,basis_type,round_amount,announcement_date,source_archive_path
NJ,1,Atlantic Ambulance Corporation,614190,EMS_OR_PSAP,No,"NJRHT first-round award, 2026-07-31. Advancing Access to Care, EMS, and Dispatch Capability in Rural New Jersey.",Yes,Yes,FY2026 (Year 1),"Rural Health Transformation Program Funding Allocations – July 31, 2026 (NJ DOH/DHS)",https://nj.gov/rural-health-transformation/documents/njrht-funding-allocations-2026.pdf,GOVERNOR_PRESS_RELEASE,DIRECT_TEXT,R/03bf_nj_year1_awardees.R,,,,,"Advancing Access to Care, EMS, and Dispatch Capability in Rural New Jersey",,"Expand access to comprehensive healthcare by expanding Mobile Integrated Health services and pre-hospital whole blood administration to improve access to coordinated care, reduce treatment delays and avoidable emergency utilization, and improve patient outcomes for underserved communities.","TYPED (session 61, CLASSIFIER): The form is in the state's own string, and the shared classifier's name rule reads it. Classifier said EMS_OR_PSAP/HIGH.",HIGH,,Budget Period 1,NON_HOSPITAL,No,NOT_HOSPITAL,,"§10.2 NON_HOSPITAL: The form is in the state's own string, and the shared classifier's name rule reads it.","Award Amount column of the state's allocations PDF, exact to the dollar. The PDF prints no total; the 103 rows sum to $83,060,837 against the Governor's '$83 million' and '103 projects'.",STATE_SOURCE,,2026-07-31,data/evidence/recheck/2026-09-24/NJ/njrht_funding_allocations_2026-07-31.pdf
NJ,2,AtlantiCare Regional Medical Center,2045763,HOSPITAL_OR_SYSTEM,Yes,"NJRHT first-round award, 2026-07-31. Advancing Access to Care, EMS, and Dispatch Capability in Rural New Jersey.",Yes,Yes,FY2026 (Year 1),"Rural Health Transformation Program Funding Allocations – July 31, 2026 (NJ DOH/DHS)",https://nj.gov/rural-health-transformation/documents/njrht-funding-allocations-2026.pdf,GOVERNOR_PRESS_RELEASE,DIRECT_TEXT,R/03bf_nj_year1_awardees.R,310064,,,,"Advancing Access to Care, EMS, and Dispatch Capability in Rural New Jersey",,"Establish a Mobile Integrated Health program to expand access to follow-up and preventive healthcare, improve continuity of care, reduce preventable rehospitalizations, and decrease unnecessary EMS utilization. Expand the prehospital blood program to increase access to lifesaving blood products in rural communities, improving early treatment for patients experiencing acute hemorrhage, and enhancing survival outcomes.","TYPED (session 61, FEDERAL RECORD): EXACT federal record: CMS NJ Hospital Enrollment carries this string as an ORGANIZATION NAME or DBA (normalised for case, punctuation, a leading THE and a trailing INC) at CCN 310064. Classifier said HOSPITAL_OR_SYSTEM/HIGH.",MEDIUM,,Budget Period 1,DIRECT,Yes,NAMED_HOSPITAL,,"§10.2 DIRECT: EXACT federal record: CMS NJ Hospital Enrollment carries this string as an ORGANIZATION NAME or DBA (normalised for case, punctuation, a leading THE and a trailing INC) at CCN 310064. §0.3a: the recipient is a hospital whatever the activity.","Award Amount column of the state's allocations PDF, exact to the dollar. The PDF prints no total; the 103 rows sum to $83,060,837 against the Governor's '$83 million' and '103 projects'.",ORG_WEBSITE,,2026-07-31,data/evidence/recheck/2026-09-24/NJ/njrht_funding_allocations_2026-07-31.pdf
NJ,3,Cooper Health System,1373265,HOSPITAL_OR_SYSTEM,Yes,"NJRHT first-round award, 2026-07-31. Advancing Access to Care, EMS, and Dispatch Capability in Rural New Jersey.",Yes,Yes,FY2026 (Year 1),"Rural Health Transformation Program Funding Allocations – July 31, 2026 (NJ DOH/DHS)",https://nj.gov/rural-health-transformation/documents/njrht-funding-allocations-2026.pdf,GOVERNOR_PRESS_RELEASE,DIRECT_TEXT,R/03bf_nj_year1_awardees.R,310014,,,,"Advancing Access to Care, EMS, and Dispatch Capability in Rural New Jersey",,"Establish a sustainable Mobile Integrated Health program that expands access to preventive, coordinated, and patient-centered healthcare. Improve care continuity through follow-up services, chronic disease management, and connections to primary care, behavioral health, and community resources in order to reduce preventable hospitalizations, unnecessary EMS utilization, and healthcare disparities.","TYPED (session 61, FEDERAL RECORD): EXACT federal record: CMS NJ Hospital Enrollment carries this string as an ORGANIZATION NAME or DBA (normalised for case, punctuation, a leading THE and a trailing INC) at CCN 310014. Classifier said HOSPITAL_OR_SYSTEM/MEDIUM.",MEDIUM,,Budget Period 1,DIRECT,Yes,NAMED_HOSPITAL,,"§10.2 DIRECT: EXACT federal record: CMS NJ Hospital Enrollment carries this string as an ORGANIZATION NAME or DBA (normalised for case, punctuation, a leading THE and a trailing INC) at CCN 310014. §0.3a: the recipient is a hospital whatever the activity.","Award Amount column of the state's allocations PDF, exact to the dollar. The PDF prints no total; the 103 rows sum to $83,060,837 against the Governor's '$83 million' and '103 projects'.",ORG_WEBSITE,,2026-07-31,data/evidence/recheck/2026-09-24/NJ/njrht_funding_allocations_2026-07-31.pdf
NJ,4,Gloucester County,1053650,LOCAL_GOVT_OR_PUBLIC_HEALTH,No,"NJRHT first-round award, 2026-07-31. Advancing Access to Care, EMS, and Dispatch Capability in Rural New Jersey.",Yes,Yes,FY2026 (Year 1),"Rural Health Transformation Program Funding Allocations – July 31, 2026 (NJ DOH/DHS)",https://nj.gov/rural-health-transformation/documents/njrht-funding-allocations-2026.pdf,GOVERNOR_PRESS_RELEASE,DIRECT_TEXT,R/03bf_nj_year1_awardees.R,,,,,"Advancing Access to Care, EMS, and Dispatch Capability in Rural New Jersey",,"Improve the efficiency and effectiveness of the emergency medical response system by integrating clinician-led triage into the 9-1-1 call process, ensuring patients are directed to the most appropriate level of care based on their clinical needs. Enhance patient outcomes by reducing unnecessary emergency department visits and EMS transports, improving resource allocation, decreasing response times for high-acuity emergencies, and connecting patients with alternative care options.","TYPED (session 61, HAND-READ): A New Jersey county government; the form is in the state's own string. Classifier said NONPROFIT_CBO/LOW.",MEDIUM,,Budget Period 1,NON_HOSPITAL,No,NOT_HOSPITAL,,§10.2 NON_HOSPITAL: A New Jersey county government; the form is in the state's own string.,"Award Amount column of the state's allocations PDF, exact to the dollar. The PDF prints no total; the 103 rows sum to $83,060,837 against the Governor's '$83 million' and '103 projects'.",STATE_SOURCE,,2026-07-31,data/evidence/recheck/2026-09-24/NJ/njrht_funding_allocations_2026-07-31.pdf
NJ,5,"Inspira Medical Centers, Inc.",2033362,HOSPITAL_OR_SYSTEM,Yes,"NJRHT first-round award, 2026-07-31. Advancing Access to Care, EMS, and Dispatch Capability in Rural New Jersey.",Yes,Yes,FY2026 (Year 1),"Rural Health Transformation Program Funding Allocations – July 31, 2026 (NJ DOH/DHS)",https://nj.gov/rural-health-transformation/documents/njrht-funding-allocations-2026.pdf,GOVERNOR_PRESS_RELEASE,DIRECT_TEXT,R/03bf_nj_year1_awardees.R,,,,,"Advancing Access to Care, EMS, and Dispatch Capability in Rural New Jersey",,"Establish a sustainable Mobile Integrated Health program to expand access to preventive, coordinated, and patient-centered care in rural designated counties while implementing a safe, standardized prehospital whole blood administration program to improve trauma survival, strengthen emergency response capabilities, and enhance overall rural health outcomes.","TYPED (session 61, FEDERAL RECORD): EXACT federal record: CMS NJ Hospital Enrollment carries this string as an ORGANIZATION NAME or DBA (normalised for case, punctuation, a leading THE and a trailing INC) at CCNs 310032/310032A/310069/310069A/31S032/31S032A/31S069A. Classifier said NONPROFIT_CBO/LOW.",MEDIUM,,Budget Period 1,DIRECT,Yes,NAMED_HOSPITAL,,"§10.2 DIRECT: EXACT federal record: CMS NJ Hospital Enrollment carries this string as an ORGANIZATION NAME or DBA (normalised for case, punctuation, a leading THE and a trailing INC) at CCNs 310032/310032A/310069/310069A/31S032/31S032A/31S069A. §0.3a: the recipient is a hospital whatever the activity.","Award Amount column of the state's allocations PDF, exact to the dollar. The PDF prints no total; the 103 rows sum to $83,060,837 against the Governor's '$83 million' and '103 projects'.",ORG_WEBSITE,,2026-07-31,data/evidence/recheck/2026-09-24/NJ/njrht_funding_allocations_2026-07-31.pdf
NJ,6,Virtua Health Inc.,1126384,HOSPITAL_OR_SYSTEM,Yes,"NJRHT first-round award, 2026-07-31. Advancing Access to Care, EMS, and Dispatch Capability in Rural New Jersey.",Yes,Yes,FY2026 (Year 1),"Rural Health Transformation Program Funding Allocations – July 31, 2026 (NJ DOH/DHS)",https://nj.gov/rural-health-transformation/documents/njrht-funding-allocations-2026.pdf,GOVERNOR_PRESS_RELEASE,DIRECT_TEXT,R/03bf_nj_year1_awardees.R,,,,,"Advancing Access to Care, EMS, and Dispatch Capability in Rural New Jersey",,"Improve rural health outcomes by expanding the Mobile Integrated Health program to expand access to coordinated, preventive, and patient-centered care for uninsured and underserved residents while reducing avoidable emergency care utilization and strengthening trauma response through expanded prehospital whole blood administration and enhanced field- based hemorrhage resuscitation.","TYPED (session 61, HAND-READ): HAND-READ BRIDGE: CMS NJ Hospital Enrollment carries no record under 'Virtua Health Inc.'; it enrols Virtua's hospitals under four subsidiaries, every one named VIRTUA ... (Willingboro 310061, Our Lady of Lourdes 310029, West Jersey Health System 310022, Memorial Hospital Burlington County 310057). The parent of an enrolled hospital system is §8's HOSPITAL_OR_SYSTEM; the tie is a reading, so LOW and subtractable. Classifier said NONPROFIT_CBO/LOW.",LOW,,Budget Period 1,DIRECT,Yes,NAMED_HOSPITAL,,"§10.2 DIRECT: HAND-READ BRIDGE: CMS NJ Hospital Enrollment carries no record under 'Virtua Health Inc.'; it enrols Virtua's hospitals under four subsidiaries, every one named VIRTUA ... (Willingboro 310061, Our Lady of Lourdes 310029, West Jersey Health System 310022, Memorial Hospital Burlington County 310057). The parent of an enrolled hospital system is §8's HOSPITAL_OR_SYSTEM; the tie is a reading, so LOW and subtractable. §0.3a: the recipient is a hospital whatever the activity.","Award Amount column of the state's allocations PDF, exact to the dollar. The PDF prints no total; the 103 rows sum to $83,060,837 against the Governor's '$83 million' and '103 projects'.",GENERAL_KNOWLEDGE,,2026-07-31,data/evidence/recheck/2026-09-24/NJ/njrht_funding_allocations_2026-07-31.pdf
NJ,7,Warren County,4180,LOCAL_GOVT_OR_PUBLIC_HEALTH,No,"NJRHT first-round award, 2026-07-31. Advancing Access to Care, EMS, and Dispatch Capability in Rural New Jersey.",Yes,Yes,FY2026 (Year 1),"Rural Health Transformation Program Funding Allocations – July 31, 2026 (NJ DOH/DHS)",https://nj.gov/rural-health-transformation/documents/njrht-funding-allocations-2026.pdf,GOVERNOR_PRESS_RELEASE,DIRECT_TEXT,R/03bf_nj_year1_awardees.R,,,,,"Advancing Access to Care, EMS, and Dispatch Capability in Rural New Jersey",,"Establish and implement a comprehensive Quality Assurance/Quality Improvement (QA/QI) program that improves EMS dispatch performance, protocol compliance, workforce competency, and operational accountability through standardized call evaluation and continuous quality improvement.","TYPED (session 61, HAND-READ): A New Jersey county government; the form is in the state's own string. Classifier said NONPROFIT_CBO/LOW.",MEDIUM,,Budget Period 1,NON_HOSPITAL,No,NOT_HOSPITAL,,§10.2 NON_HOSPITAL: A New Jersey county government; the form is in the state's own string.,"Award Amount column of the state's allocations PDF, exact to the dollar. The PDF prints no total; the 103 rows sum to $83,060,837 against the Governor's '$83 million' and '103 projects'.",STATE_SOURCE,,2026-07-31,data/evidence/recheck/2026-09-24/NJ/njrht_funding_allocations_2026-07-31.pdf
NJ,8,"Acenda, Inc.",510112,NONPROFIT_CBO,No,"NJRHT first-round award, 2026-07-31. Advancing Technology, Prevention, and Workforce Capacity in Rural New Jersey.",Yes,Yes,FY2026 (Year 1),"Rural Health Transformation Program Funding Allocations – July 31, 2026 (NJ DOH/DHS)",https://nj.gov/rural-health-transformation/documents/njrht-funding-allocations-2026.pdf,GOVERNOR_PRESS_RELEASE,DIRECT_TEXT,R/03bf_nj_year1_awardees.R,,,,,"Advancing Technology, Prevention, and Workforce Capacity in Rural New Jersey",,"Expand access to preventive services and improve care navigation for residents in rural Atlantic, Cape May, Cumberland, and Salem Counties through Rural Health Connect - South Jersey using a standardized, Community Health Worker and Care Partner-led model.","TYPED (session 61, FALLBACK): The source states no form (§8's standing fallback, RECIPIENT_TYPE_INFERRED); queued as NJ_RECIPIENT_FORM_NOT_STATED. Classifier said NONPROFIT_CBO/LOW.",LOW,RECIPIENT_TYPE_INFERRED,Budget Period 1,NON_HOSPITAL,No,NOT_HOSPITAL,,"§10.2 NON_HOSPITAL: The source states no form (§8's standing fallback, RECIPIENT_TYPE_INFERRED); queued as NJ_RECIPIENT_FORM_NOT_STATED.","Award Amount column of the state's allocations PDF, exact to the dollar. The PDF prints no total; the 103 rows sum to $83,060,837 against the Governor's '$83 million' and '103 projects'.",,,2026-07-31,data/evidence/recheck/2026-09-24/NJ/njrht_funding_allocations_2026-07-31.pdf
NJ,9,Allamuchy-Green First Aid Squad,281939,EMS_OR_PSAP,No,"NJRHT first-round award, 2026-07-31. Advancing Technology, Prevention, and Workforce Capacity in Rural New Jersey.",Yes,Yes,FY2026 (Year 1),"Rural Health Transformation Program Funding Allocations – July 31, 2026 (NJ DOH/DHS)",https://nj.gov/rural-health-transformation/documents/njrht-funding-allocations-2026.pdf,GOVERNOR_PRESS_RELEASE,DIRECT_TEXT,R/03bf_nj_year1_awardees.R,,,,,"Advancing Technology, Prevention, and Workforce Capacity in Rural New Jersey",,"Reduce barriers to emergency and preventive healthcare access by modernizing patient transport capabilities, preventing transport- related complications, and ensuring timely delivery of medical care in rural Warren County.","TYPED (session 61, HAND-READ): A volunteer first aid (EMS) squad; the form is in the state's own string. The classifier's EMS rule does not reach 'First Aid Squad'. Classifier said NONPROFIT_CBO/LOW.",MEDIUM,,Budget Period 1,NON_HOSPITAL,No,NOT_HOSPITAL,,§10.2 NON_HOSPITAL: A volunteer first aid (EMS) squad; the form is in the state's own string. The classifier's EMS rule does not reach 'First Aid Squad'.,"Award Amount column of the state's allocations PDF, exact to the dollar. The PDF prints no total; the 103 rows sum to $83,060,837 against the Governor's '$83 million' and '103 projects'.",STATE_SOURCE,,2026-07-31,data/evidence/recheck/2026-09-24/NJ/njrht_funding_allocations_2026-07-31.pdf
NJ,10,"AtlantiCare Health Services, Inc.",1800000,FQHC_OR_RHC,No,"NJRHT first-round award, 2026-07-31. Advancing Technology, Prevention, and Workforce Capacity in Rural New Jersey.",Yes,Yes,FY2026 (Year 1),"Rural Health Transformation Program Funding Allocations – July 31, 2026 (NJ DOH/DHS)",https://nj.gov/rural-health-transformation/documents/njrht-funding-allocations-2026.pdf,GOVERNOR_PRESS_RELEASE,DIRECT_TEXT,R/03bf_nj_year1_awardees.R,,,,,"Advancing Technology, Prevention, and Workforce Capacity in Rural New Jersey",,"Improve health outcomes in Atlantic and Cape May Counties by integrating a population health tool and dashboard to identify care gaps, support social determinants of health screening, and enable coordinated, closed-loop care and by implementing a patient portal that enables access to health information, supports communication across care teams, and facilitates timely follow-up and care coordination.","TYPED (session 61, FEDERAL RECORD): EXACT federal record: CMS NJ FQHC Enrollment carries this string as an ORGANIZATION NAME or DBA (normalised for case, punctuation, a leading THE and a trailing INC) at CCNs 311008/311009/311012/311014/311015/311017/311872/311949. Classifier said NONPROFIT_CBO/LOW.",MEDIUM,,Budget Period 1,NON_HOSPITAL,No,NOT_HOSPITAL,,"§10.2 NON_HOSPITAL: EXACT federal record: CMS NJ FQHC Enrollment carries this string as an ORGANIZATION NAME or DBA (normalised for case, punctuation, a leading THE and a trailing INC) at CCNs 311008/311009/311012/311014/311015/311017/311872/311949.","Award Amount column of the state's allocations PDF, exact to the dollar. The PDF prints no total; the 103 rows sum to $83,060,837 against the Governor's '$83 million' and '103 projects'.",ORG_WEBSITE,,2026-07-31,data/evidence/recheck/2026-09-24/NJ/njrht_funding_allocations_2026-07-31.pdf
NJ,11,Bridgeway Behavioral Health Services A NJ Nonprofit Corporation,208537,NONPROFIT_CBO,No,"NJRHT first-round award, 2026-07-31. Advancing Technology, Prevention, and Workforce Capacity in Rural New Jersey.",Yes,Yes,FY2026 (Year 1),"Rural Health Transformation Program Funding Allocations – July 31, 2026 (NJ DOH/DHS)",https://nj.gov/rural-health-transformation/documents/njrht-funding-allocations-2026.pdf,GOVERNOR_PRESS_RELEASE,DIRECT_TEXT,R/03bf_nj_year1_awardees.R,,,,,"Advancing Technology, Prevention, and Workforce Capacity in Rural New Jersey",,"Increase coordinated, prevention-focused interventions for individuals with serious mental illness (SMI) and co-occurring metabolic conditions in rural Sussex County.","TYPED (session 61, HAND-READ): The state's own string states the form: 'A NJ Nonprofit Corporation'. Classifier said NONPROFIT_CBO/LOW.",MEDIUM,,Budget Period 1,NON_HOSPITAL,No,NOT_HOSPITAL,,§10.2 NON_HOSPITAL: The state's own string states the form: 'A NJ Nonprofit Corporation'.,"Award Amount column of the state's allocations PDF, exact to the dollar. The PDF prints no total; the 103 rows sum to $83,060,837 against the Governor's '$83 million' and '103 projects'.",STATE_SOURCE,,2026-07-31,data/evidence/recheck/2026-09-24/NJ/njrht_funding_allocations_2026-07-31.pdf
NJ,12,Burlington County,100956,LOCAL_GOVT_OR_PUBLIC_HEALTH,No,"NJRHT first-round award, 2026-07-31. Advancing Technology, Prevention, and Workforce Capacity in Rural New Jersey.",Yes,Yes,FY2026 (Year 1),"Rural Health Transformation Program Funding Allocations – July 31, 2026 (NJ DOH/DHS)",https://nj.gov/rural-health-transformation/documents/njrht-funding-allocations-2026.pdf,GOVERNOR_PRESS_RELEASE,DIRECT_TEXT,R/03bf_nj_year1_awardees.R,,,,,"Advancing Technology, Prevention, and Workforce Capacity in Rural New Jersey",,"Improve health outcomes through mobile health unit services, community partnerships, and coordinated care.","TYPED (session 61, HAND-READ): A New Jersey county government; the form is in the state's own string. Classifier said NONPROFIT_CBO/LOW.",MEDIUM,,Budget Period 1,NON_HOSPITAL,No,NOT_HOSPITAL,,§10.2 NON_HOSPITAL: A New Jersey county government; the form is in the state's own string.,"Award Amount column of the state's allocations PDF, exact to the dollar. The PDF prints no total; the 103 rows sum to $83,060,837 against the Governor's '$83 million' and '103 projects'.",STATE_SOURCE,,2026-07-31,data/evidence/recheck/2026-09-24/NJ/njrht_funding_allocations_2026-07-31.pdf
NJ,13,"Camden Coalition, Inc.",179058,NONPROFIT_CBO,No,"NJRHT first-round award, 2026-07-31. Advancing Technology, Prevention, and Workforce Capacity in Rural New Jersey.",Yes,Yes,FY2026 (Year 1),"Rural Health Transformation Program Funding Allocations – July 31, 2026 (NJ DOH/DHS)",https://nj.gov/rural-health-transformation/documents/njrht-funding-allocations-2026.pdf,GOVERNOR_PRESS_RELEASE,DIRECT_TEXT,R/03bf_nj_year1_awardees.R,,,,,"Advancing Technology, Prevention, and Workforce Capacity in Rural New Jersey",,Enhance maternal health systems in rural Atlantic and Cape May counties through early identification and coordinated care connections for uninsured high-risk pregnant individuals.,"TYPED (session 61, FALLBACK): The source states no form (§8's standing fallback, RECIPIENT_TYPE_INFERRED); queued as NJ_RECIPIENT_FORM_NOT_STATED. Classifier said NONPROFIT_CBO/LOW.",LOW,RECIPIENT_TYPE_INFERRED,Budget Period 1,NON_HOSPITAL,No,NOT_HOSPITAL,,"§10.2 NON_HOSPITAL: The source states no form (§8's standing fallback, RECIPIENT_TYPE_INFERRED); queued as NJ_RECIPIENT_FORM_NOT_STATED.","Award Amount column of the state's allocations PDF, exact to the dollar. The PDF prints no total; the 103 rows sum to $83,060,837 against the Governor's '$83 million' and '103 projects'.",,,2026-07-31,data/evidence/recheck/2026-09-24/NJ/njrht_funding_allocations_2026-07-31.pdf
NJ,14,Cape May County Council on Alcoholism/Drug,159194,NONPROFIT_CBO,No,"NJRHT first-round award, 2026-07-31. Advancing Technology, Prevention, and Workforce Capacity in Rural New Jersey.",Yes,Yes,FY2026 (Year 1),"Rural Health Transformation Program Funding Allocations – July 31, 2026 (NJ DOH/DHS)",https://nj.gov/rural-health-transformation/documents/njrht-funding-allocations-2026.pdf,GOVERNOR_PRESS_RELEASE,DIRECT_TEXT,R/03bf_nj_year1_awardees.R,,,,,"Advancing Technology, Prevention, and Workforce Capacity in Rural New Jersey",,"Strengthen caregiver and family health by delivering evidence- based education in chronic disease, mental health awareness, and substance abuse prevention.","TYPED (session 61, FALLBACK): The source states no form (§8's standing fallback, RECIPIENT_TYPE_INFERRED); queued as NJ_RECIPIENT_FORM_NOT_STATED. Classifier said NONPROFIT_CBO/LOW.",LOW,RECIPIENT_TYPE_INFERRED,Budget Period 1,NON_HOSPITAL,No,NOT_HOSPITAL,,"§10.2 NON_HOSPITAL: The source states no form (§8's standing fallback, RECIPIENT_TYPE_INFERRED); queued as NJ_RECIPIENT_FORM_NOT_STATED.","Award Amount column of the state's allocations PDF, exact to the dollar. The PDF prints no total; the 103 rows sum to $83,060,837 against the Governor's '$83 million' and '103 projects'.",,,2026-07-31,data/evidence/recheck/2026-09-24/NJ/njrht_funding_allocations_2026-07-31.pdf
NJ,15,Center for Health Equity a Public Health Institute Inc.,21748500,NONPROFIT_CBO,No,"NJRHT first-round award, 2026-07-31. Advancing Technology, Prevention, and Workforce Capacity in Rural New Jersey.",Yes,Yes,FY2026 (Year 1),"Rural Health Transformation Program Funding Allocations – July 31, 2026 (NJ DOH/DHS)",https://nj.gov/rural-health-transformation/documents/njrht-funding-allocations-2026.pdf,GOVERNOR_PRESS_RELEASE,DIRECT_TEXT,R/03bf_nj_year1_awardees.R,,,,,"Advancing Technology, Prevention, and Workforce Capacity in Rural New Jersey",,"Improve rural community capacity to deliver preventive health interventions and addressing social drivers of health, improve access to health coverage and primary care by using AI outreach platforms to conduct eligibility screening and care connections, and improve the clinical workforce through recruitment and retention efforts.","TYPED (session 61, HAND-READ): The state's own string states the form: 'a Public Health Institute Inc.' -- a nonprofit public health institute. The largest single row ($21,748,500); not a hospital on any reading. Classifier said NONPROFIT_CBO/LOW.",MEDIUM,,Budget Period 1,NON_HOSPITAL,No,NOT_HOSPITAL,,"§10.2 NON_HOSPITAL: The state's own string states the form: 'a Public Health Institute Inc.' -- a nonprofit public health institute. The largest single row ($21,748,500); not a hospital on any reading.","Award Amount column of the state's allocations PDF, exact to the dollar. The PDF prints no total; the 103 rows sum to $83,060,837 against the Governor's '$83 million' and '103 projects'.",STATE_SOURCE,,2026-07-31,data/evidence/recheck/2026-09-24/NJ/njrht_funding_allocations_2026-07-31.pdf
NJ,16,Center for Prevention & Counseling Inc.,196796,NONPROFIT_CBO,No,"NJRHT first-round award, 2026-07-31. Advancing Technology, Prevention, and Workforce Capacity in Rural New Jersey.",Yes,Yes,FY2026 (Year 1),"Rural Health Transformation Program Funding Allocations – July 31, 2026 (NJ DOH/DHS)",https://nj.gov/rural-health-transformation/documents/njrht-funding-allocations-2026.pdf,GOVERNOR_PRESS_RELEASE,DIRECT_TEXT,R/03bf_nj_year1_awardees.R,,,,,"Advancing Technology, Prevention, and Workforce Capacity in Rural New Jersey",,Strengthen preventive services and expand healthcare access to improve health outcomes in rural Sussex County.,"TYPED (session 61, FALLBACK): The source states no form (§8's standing fallback, RECIPIENT_TYPE_INFERRED); queued as NJ_RECIPIENT_FORM_NOT_STATED. Classifier said NONPROFIT_CBO/LOW.",LOW,RECIPIENT_TYPE_INFERRED,Budget Period 1,NON_HOSPITAL,No,NOT_HOSPITAL,,"§10.2 NON_HOSPITAL: The source states no form (§8's standing fallback, RECIPIENT_TYPE_INFERRED); queued as NJ_RECIPIENT_FORM_NOT_STATED.","Award Amount column of the state's allocations PDF, exact to the dollar. The PDF prints no total; the 103 rows sum to $83,060,837 against the Governor's '$83 million' and '103 projects'.",,,2026-07-31,data/evidence/recheck/2026-09-24/NJ/njrht_funding_allocations_2026-07-31.pdf
NJ,17,Cherry Hill Free Clinic Inc.,447906,NONPROFIT_CBO,No,"NJRHT first-round award, 2026-07-31. Advancing Technology, Prevention, and Workforce Capacity in Rural New Jersey.",Yes,Yes,FY2026 (Year 1),"Rural Health Transformation Program Funding Allocations – July 31, 2026 (NJ DOH/DHS)",https://nj.gov/rural-health-transformation/documents/njrht-funding-allocations-2026.pdf,GOVERNOR_PRESS_RELEASE,DIRECT_TEXT,R/03bf_nj_year1_awardees.R,,,,,"Advancing Technology, Prevention, and Workforce Capacity in Rural New Jersey",,"Improve access to comprehensive primary care, chronic disease management, and mental health services for rural residents of southern NJ by eliminating distance and financial barriers to high- quality, timely medical care.","TYPED (session 61, FALLBACK): The source states no form (§8's standing fallback, RECIPIENT_TYPE_INFERRED); queued as NJ_RECIPIENT_FORM_NOT_STATED. Classifier said NONPROFIT_CBO/LOW.",LOW,RECIPIENT_TYPE_INFERRED,Budget Period 1,NON_HOSPITAL,No,NOT_HOSPITAL,,"§10.2 NON_HOSPITAL: The source states no form (§8's standing fallback, RECIPIENT_TYPE_INFERRED); queued as NJ_RECIPIENT_FORM_NOT_STATED.","Award Amount column of the state's allocations PDF, exact to the dollar. The PDF prints no total; the 103 rows sum to $83,060,837 against the Governor's '$83 million' and '103 projects'.",,,2026-07-31,data/evidence/recheck/2026-09-24/NJ/njrht_funding_allocations_2026-07-31.pdf
NJ,18,Child Mind Institute Inc.,504429,NONPROFIT_CBO,No,"NJRHT first-round award, 2026-07-31. Advancing Technology, Prevention, and Workforce Capacity in Rural New Jersey.",Yes,Yes,FY2026 (Year 1),"Rural Health Transformation Program Funding Allocations – July 31, 2026 (NJ DOH/DHS)",https://nj.gov/rural-health-transformation/documents/njrht-funding-allocations-2026.pdf,GOVERNOR_PRESS_RELEASE,DIRECT_TEXT,R/03bf_nj_year1_awardees.R,,,,,"Advancing Technology, Prevention, and Workforce Capacity in Rural New Jersey",,"Increase healthcare access and improve health outcomes in rural communities of Mercer, Monmouth, Sussex, and Warren Counties through interactive mental health workshops for educators, school staff, and caregivers.","TYPED (session 61, FALLBACK): The source states no form (§8's standing fallback, RECIPIENT_TYPE_INFERRED); queued as NJ_RECIPIENT_FORM_NOT_STATED. Classifier said NONPROFIT_CBO/LOW.",LOW,RECIPIENT_TYPE_INFERRED,Budget Period 1,NON_HOSPITAL,No,NOT_HOSPITAL,,"§10.2 NON_HOSPITAL: The source states no form (§8's standing fallback, RECIPIENT_TYPE_INFERRED); queued as NJ_RECIPIENT_FORM_NOT_STATED.","Award Amount column of the state's allocations PDF, exact to the dollar. The PDF prints no total; the 103 rows sum to $83,060,837 against the Governor's '$83 million' and '103 projects'.",,,2026-07-31,data/evidence/recheck/2026-09-24/NJ/njrht_funding_allocations_2026-07-31.pdf
NJ,19,CompleteCare Health Network,464538,FQHC_OR_RHC,No,"NJRHT first-round award, 2026-07-31. Advancing Technology, Prevention, and Workforce Capacity in Rural New Jersey.",Yes,Yes,FY2026 (Year 1),"Rural Health Transformation Program Funding Allocations – July 31, 2026 (NJ DOH/DHS)",https://nj.gov/rural-health-transformation/documents/njrht-funding-allocations-2026.pdf,GOVERNOR_PRESS_RELEASE,DIRECT_TEXT,R/03bf_nj_year1_awardees.R,,,,,"Advancing Technology, Prevention, and Workforce Capacity in Rural New Jersey",,Improve access to preventive and primary care among rural residents of Cumberland and Cape May Counties and improve patient care through technology solutions for clinical decision- making and workflow adherence.,"TYPED (session 61, FEDERAL RECORD): EXACT federal record: CMS NJ FQHC Enrollment carries this string as an ORGANIZATION NAME or DBA (normalised for case, punctuation, a leading THE and a trailing INC) at CCNs 311016/311807/311860/311864/311888/311897/311905/311918/311930/311935/311941. Classifier said NONPROFIT_CBO/LOW.",MEDIUM,,Budget Period 1,NON_HOSPITAL,No,NOT_HOSPITAL,,"§10.2 NON_HOSPITAL: EXACT federal record: CMS NJ FQHC Enrollment carries this string as an ORGANIZATION NAME or DBA (normalised for case, punctuation, a leading THE and a trailing INC) at CCNs 311016/311807/311860/311864/311888/311897/311905/311918/311930/311935/311941.","Award Amount column of the state's allocations PDF, exact to the dollar. The PDF prints no total; the 103 rows sum to $83,060,837 against the Governor's '$83 million' and '103 projects'.",ORG_WEBSITE,,2026-07-31,data/evidence/recheck/2026-09-24/NJ/njrht_funding_allocations_2026-07-31.pdf
NJ,20,Crossroads4Hope,329734,NONPROFIT_CBO,No,"NJRHT first-round award, 2026-07-31. Advancing Technology, Prevention, and Workforce Capacity in Rural New Jersey.",Yes,Yes,FY2026 (Year 1),"Rural Health Transformation Program Funding Allocations – July 31, 2026 (NJ DOH/DHS)",https://nj.gov/rural-health-transformation/documents/njrht-funding-allocations-2026.pdf,GOVERNOR_PRESS_RELEASE,DIRECT_TEXT,R/03bf_nj_year1_awardees.R,,,,,"Advancing Technology, Prevention, and Workforce Capacity in Rural New Jersey",,"Expand access to cancer prevention education, screening and early detection awareness, technology-enabled supportive care resources, and coordinated referral pathways for rural residents of Hunterdon, Sussex, and Warren Counties.","TYPED (session 61, FALLBACK): The source states no form (§8's standing fallback, RECIPIENT_TYPE_INFERRED); queued as NJ_RECIPIENT_FORM_NOT_STATED. Classifier said NONPROFIT_CBO/LOW.",LOW,RECIPIENT_TYPE_INFERRED,Budget Period 1,NON_HOSPITAL,No,NOT_HOSPITAL,,"§10.2 NON_HOSPITAL: The source states no form (§8's standing fallback, RECIPIENT_TYPE_INFERRED); queued as NJ_RECIPIENT_FORM_NOT_STATED.","Award Amount column of the state's allocations PDF, exact to the dollar. The PDF prints no total; the 103 rows sum to $83,060,837 against the Governor's '$83 million' and '103 projects'.",,,2026-07-31,data/evidence/recheck/2026-09-24/NJ/njrht_funding_allocations_2026-07-31.pdf
NJ,21,Cumberland County,273396,LOCAL_GOVT_OR_PUBLIC_HEALTH,No,"NJRHT first-round award, 2026-07-31. Advancing Technology, Prevention, and Workforce Capacity in Rural New Jersey.",Yes,Yes,FY2026 (Year 1),"Rural Health Transformation Program Funding Allocations – July 31, 2026 (NJ DOH/DHS)",https://nj.gov/rural-health-transformation/documents/njrht-funding-allocations-2026.pdf,GOVERNOR_PRESS_RELEASE,DIRECT_TEXT,R/03bf_nj_year1_awardees.R,,,,,"Advancing Technology, Prevention, and Workforce Capacity in Rural New Jersey",,"Increase access to preventive care, chronic disease screening and management, vaccinations, care coordination, and health education.","TYPED (session 61, HAND-READ): A New Jersey county government; the form is in the state's own string. Classifier said NONPROFIT_CBO/LOW.",MEDIUM,,Budget Period 1,NON_HOSPITAL,No,NOT_HOSPITAL,,§10.2 NON_HOSPITAL: A New Jersey county government; the form is in the state's own string.,"Award Amount column of the state's allocations PDF, exact to the dollar. The PDF prints no total; the 103 rows sum to $83,060,837 against the Governor's '$83 million' and '103 projects'.",STATE_SOURCE,,2026-07-31,data/evidence/recheck/2026-09-24/NJ/njrht_funding_allocations_2026-07-31.pdf
NJ,22,Deborah Heart and Lung Center,1246393,HOSPITAL_OR_SYSTEM,Yes,"NJRHT first-round award, 2026-07-31. Advancing Technology, Prevention, and Workforce Capacity in Rural New Jersey.",Yes,Yes,FY2026 (Year 1),"Rural Health Transformation Program Funding Allocations – July 31, 2026 (NJ DOH/DHS)",https://nj.gov/rural-health-transformation/documents/njrht-funding-allocations-2026.pdf,GOVERNOR_PRESS_RELEASE,DIRECT_TEXT,R/03bf_nj_year1_awardees.R,310031,,,,"Advancing Technology, Prevention, and Workforce Capacity in Rural New Jersey",,"Improve access, care coordination, and continuity of services for rural residents of Burlington and Ocean Counties through preventive, primary, specialty, and home-based telehealth services, supported by remote patient monitoring.","TYPED (session 61, FEDERAL RECORD): EXACT federal record: CMS NJ Hospital Enrollment carries this string as an ORGANIZATION NAME or DBA (normalised for case, punctuation, a leading THE and a trailing INC) at CCN 310031. Classifier said NONPROFIT_CBO/LOW.",MEDIUM,,Budget Period 1,DIRECT,Yes,NAMED_HOSPITAL,,"§10.2 DIRECT: EXACT federal record: CMS NJ Hospital Enrollment carries this string as an ORGANIZATION NAME or DBA (normalised for case, punctuation, a leading THE and a trailing INC) at CCN 310031. §0.3a: the recipient is a hospital whatever the activity.","Award Amount column of the state's allocations PDF, exact to the dollar. The PDF prints no total; the 103 rows sum to $83,060,837 against the Governor's '$83 million' and '103 projects'.",ORG_WEBSITE,,2026-07-31,data/evidence/recheck/2026-09-24/NJ/njrht_funding_allocations_2026-07-31.pdf
NJ,23,FamCare Incorporated,419072,NONPROFIT_CBO,No,"NJRHT first-round award, 2026-07-31. Advancing Technology, Prevention, and Workforce Capacity in Rural New Jersey.",Yes,Yes,FY2026 (Year 1),"Rural Health Transformation Program Funding Allocations – July 31, 2026 (NJ DOH/DHS)",https://nj.gov/rural-health-transformation/documents/njrht-funding-allocations-2026.pdf,GOVERNOR_PRESS_RELEASE,DIRECT_TEXT,R/03bf_nj_year1_awardees.R,,,,,"Advancing Technology, Prevention, and Workforce Capacity in Rural New Jersey",,"Conduct community-based outreach, screening, and patient navigation services to improve early identification and linkage to care for sexually transmitted infections (STIs), hypertension, and cancer-related health needs with the use of technology solutions and to strengthen the capacity of the rural health workforce in Salem and Cumberland Counties through education, training, and experiential opportunities.","TYPED (session 61, FALLBACK): The source states no form (§8's standing fallback, RECIPIENT_TYPE_INFERRED); queued as NJ_RECIPIENT_FORM_NOT_STATED. Classifier said NONPROFIT_CBO/LOW.",LOW,RECIPIENT_TYPE_INFERRED,Budget Period 1,NON_HOSPITAL,No,NOT_HOSPITAL,,"§10.2 NON_HOSPITAL: The source states no form (§8's standing fallback, RECIPIENT_TYPE_INFERRED); queued as NJ_RECIPIENT_FORM_NOT_STATED.","Award Amount column of the state's allocations PDF, exact to the dollar. The PDF prints no total; the 103 rows sum to $83,060,837 against the Governor's '$83 million' and '103 projects'.",,,2026-07-31,data/evidence/recheck/2026-09-24/NJ/njrht_funding_allocations_2026-07-31.pdf
NJ,24,"Fond of You, Inc.",499498,NONPROFIT_CBO,No,"NJRHT first-round award, 2026-07-31. Advancing Technology, Prevention, and Workforce Capacity in Rural New Jersey.",Yes,Yes,FY2026 (Year 1),"Rural Health Transformation Program Funding Allocations – July 31, 2026 (NJ DOH/DHS)",https://nj.gov/rural-health-transformation/documents/njrht-funding-allocations-2026.pdf,GOVERNOR_PRESS_RELEASE,DIRECT_TEXT,R/03bf_nj_year1_awardees.R,,,,,"Advancing Technology, Prevention, and Workforce Capacity in Rural New Jersey",,"Improve mental health outcomes among rural youth and young adults in New Jersey through clinically supervised, technology- enabled peer support, early intervention, and coordinated behavioral health services.","TYPED (session 61, FALLBACK): The source states no form (§8's standing fallback, RECIPIENT_TYPE_INFERRED); queued as NJ_RECIPIENT_FORM_NOT_STATED. Classifier said NONPROFIT_CBO/LOW.",LOW,RECIPIENT_TYPE_INFERRED,Budget Period 1,NON_HOSPITAL,No,NOT_HOSPITAL,,"§10.2 NON_HOSPITAL: The source states no form (§8's standing fallback, RECIPIENT_TYPE_INFERRED); queued as NJ_RECIPIENT_FORM_NOT_STATED.","Award Amount column of the state's allocations PDF, exact to the dollar. The PDF prints no total; the 103 rows sum to $83,060,837 against the Governor's '$83 million' and '103 projects'.",,,2026-07-31,data/evidence/recheck/2026-09-24/NJ/njrht_funding_allocations_2026-07-31.pdf
NJ,25,"Health Center Network of New York, Inc. aka Health Efficient",727658,NONPROFIT_CBO,No,"NJRHT first-round award, 2026-07-31. Advancing Technology, Prevention, and Workforce Capacity in Rural New Jersey.",Yes,Yes,FY2026 (Year 1),"Rural Health Transformation Program Funding Allocations – July 31, 2026 (NJ DOH/DHS)",https://nj.gov/rural-health-transformation/documents/njrht-funding-allocations-2026.pdf,GOVERNOR_PRESS_RELEASE,DIRECT_TEXT,R/03bf_nj_year1_awardees.R,,,,,"Advancing Technology, Prevention, and Workforce Capacity in Rural New Jersey",,Improve care quality and access by enhancing rural health center Electronic Health Record (EHR) systems and implementing e- consults to support data-driven care and timely specialty input.,"TYPED (session 61, FALLBACK): The source states no form (§8's standing fallback, RECIPIENT_TYPE_INFERRED); queued as NJ_RECIPIENT_FORM_NOT_STATED. Classifier said NONPROFIT_CBO/LOW.",LOW,RECIPIENT_TYPE_INFERRED,Budget Period 1,NON_HOSPITAL,No,NOT_HOSPITAL,,"§10.2 NON_HOSPITAL: The source states no form (§8's standing fallback, RECIPIENT_TYPE_INFERRED); queued as NJ_RECIPIENT_FORM_NOT_STATED.","Award Amount column of the state's allocations PDF, exact to the dollar. The PDF prints no total; the 103 rows sum to $83,060,837 against the Governor's '$83 million' and '103 projects'.",,,2026-07-31,data/evidence/recheck/2026-09-24/NJ/njrht_funding_allocations_2026-07-31.pdf
NJ,26,Health Research and Educational Trust of NJ/NJHA,898854,NONPROFIT_CBO,No,"NJRHT first-round award, 2026-07-31. Advancing Technology, Prevention, and Workforce Capacity in Rural New Jersey.",Yes,Yes,FY2026 (Year 1),"Rural Health Transformation Program Funding Allocations – July 31, 2026 (NJ DOH/DHS)",https://nj.gov/rural-health-transformation/documents/njrht-funding-allocations-2026.pdf,GOVERNOR_PRESS_RELEASE,DIRECT_TEXT,R/03bf_nj_year1_awardees.R,,,,,"Advancing Technology, Prevention, and Workforce Capacity in Rural New Jersey",,Improve patient outcomes by streamlining real-time clinical decision support systems and tools in rural hospitals across New Jersey.,"TYPED (session 61, HAND-READ): §10.2 ASSOCIATION ROW, IN-KIND HALF: the New Jersey Hospital Association's research and education affiliate. Its activity is 'streamlining real-time clinical decision support systems and tools in rural hospitals' -- tools reach hospitals, dollars do not (Georgia's GHA carts). Classifier said NONPROFIT_CBO/LOW.",LOW,,Budget Period 1,IN_KIND_BENEFIT,Yes,NOT_HOSPITAL,,"§10.2 IN_KIND_BENEFIT: §10.2 ASSOCIATION ROW, IN-KIND HALF: the New Jersey Hospital Association's research and education affiliate. Its activity is 'streamlining real-time clinical decision support systems and tools in rural hospitals' -- tools reach hospitals, dollars do not (Georgia's GHA carts).","Award Amount column of the state's allocations PDF, exact to the dollar. The PDF prints no total; the 103 rows sum to $83,060,837 against the Governor's '$83 million' and '103 projects'.",GENERAL_KNOWLEDGE,,2026-07-31,data/evidence/recheck/2026-09-24/NJ/njrht_funding_allocations_2026-07-31.pdf
NJ,27,HMH Hospitals Corporation,1550815,HOSPITAL_OR_SYSTEM,Yes,"NJRHT first-round award, 2026-07-31. Advancing Technology, Prevention, and Workforce Capacity in Rural New Jersey.",Yes,Yes,FY2026 (Year 1),"Rural Health Transformation Program Funding Allocations – July 31, 2026 (NJ DOH/DHS)",https://nj.gov/rural-health-transformation/documents/njrht-funding-allocations-2026.pdf,GOVERNOR_PRESS_RELEASE,DIRECT_TEXT,R/03bf_nj_year1_awardees.R,,,,,"Advancing Technology, Prevention, and Workforce Capacity in Rural New Jersey",,"Improve early identification of and outcomes for pediatric and caregiver mental health needs in rural communities across New Jersey by strengthening rural provider capacities to deliver standardized, trauma-informed screening. Additionally, improve chronic disease outcomes through Remote Patient Monitoring (RPM) programs.","TYPED (session 61, FEDERAL RECORD): EXACT federal record: CMS NJ Hospital Enrollment carries this string as an ORGANIZATION NAME or DBA (normalised for case, punctuation, a leading THE and a trailing INC) at CCNs 310001/310003/310034/310039/310052/310073/310108/310112/310113/31S001/31S073/31T034/31T052/31T108. Classifier said HOSPITAL_OR_SYSTEM/HIGH.",MEDIUM,,Budget Period 1,DIRECT,Yes,NAMED_HOSPITAL,,"§10.2 DIRECT: EXACT federal record: CMS NJ Hospital Enrollment carries this string as an ORGANIZATION NAME or DBA (normalised for case, punctuation, a leading THE and a trailing INC) at CCNs 310001/310003/310034/310039/310052/310073/310108/310112/310113/31S001/31S073/31T034/31T052/31T108. §0.3a: the recipient is a hospital whatever the activity.","Award Amount column of the state's allocations PDF, exact to the dollar. The PDF prints no total; the 103 rows sum to $83,060,837 against the Governor's '$83 million' and '103 projects'.",ORG_WEBSITE,,2026-07-31,data/evidence/recheck/2026-09-24/NJ/njrht_funding_allocations_2026-07-31.pdf
NJ,28,Hunterdon County,401359,LOCAL_GOVT_OR_PUBLIC_HEALTH,No,"NJRHT first-round award, 2026-07-31. Advancing Technology, Prevention, and Workforce Capacity in Rural New Jersey.",Yes,Yes,FY2026 (Year 1),"Rural Health Transformation Program Funding Allocations – July 31, 2026 (NJ DOH/DHS)",https://nj.gov/rural-health-transformation/documents/njrht-funding-allocations-2026.pdf,GOVERNOR_PRESS_RELEASE,DIRECT_TEXT,R/03bf_nj_year1_awardees.R,,,,,"Advancing Technology, Prevention, and Workforce Capacity in Rural New Jersey",,"Expand access to preventive care, cancer screening, vision health, and mental health through mobile delivery, transportation support, and community-based programming.","TYPED (session 61, HAND-READ): A New Jersey county government -- NOT Hunterdon Medical Center, a different recipient on this same roster. Classifier said NONPROFIT_CBO/LOW.",MEDIUM,,Budget Period 1,NON_HOSPITAL,No,NOT_HOSPITAL,,"§10.2 NON_HOSPITAL: A New Jersey county government -- NOT Hunterdon Medical Center, a different recipient on this same roster.","Award Amount column of the state's allocations PDF, exact to the dollar. The PDF prints no total; the 103 rows sum to $83,060,837 against the Governor's '$83 million' and '103 projects'.",STATE_SOURCE,,2026-07-31,data/evidence/recheck/2026-09-24/NJ/njrht_funding_allocations_2026-07-31.pdf
NJ,29,Hunterdon Medical Center,1088184,HOSPITAL_OR_SYSTEM,Yes,"NJRHT first-round award, 2026-07-31. Advancing Technology, Prevention, and Workforce Capacity in Rural New Jersey.",Yes,Yes,FY2026 (Year 1),"Rural Health Transformation Program Funding Allocations – July 31, 2026 (NJ DOH/DHS)",https://nj.gov/rural-health-transformation/documents/njrht-funding-allocations-2026.pdf,GOVERNOR_PRESS_RELEASE,DIRECT_TEXT,R/03bf_nj_year1_awardees.R,310005,,,,"Advancing Technology, Prevention, and Workforce Capacity in Rural New Jersey",,"To reduce avoidable hospital readmissions and improve continuity of care for high-risk rural patients by strengthening care transitions from inpatient to community settings and expanding access to wellness resources and to improve access to timely, safe, and coordinated care by implementing and integrating a virtual care platform across key hospital settings and care transition workflows.","TYPED (session 61, FEDERAL RECORD): EXACT federal record: CMS NJ Hospital Enrollment carries this string as an ORGANIZATION NAME or DBA (normalised for case, punctuation, a leading THE and a trailing INC) at CCN 310005. Classifier said HOSPITAL_OR_SYSTEM/HIGH.",MEDIUM,,Budget Period 1,DIRECT,Yes,NAMED_HOSPITAL,,"§10.2 DIRECT: EXACT federal record: CMS NJ Hospital Enrollment carries this string as an ORGANIZATION NAME or DBA (normalised for case, punctuation, a leading THE and a trailing INC) at CCN 310005. §0.3a: the recipient is a hospital whatever the activity.","Award Amount column of the state's allocations PDF, exact to the dollar. The PDF prints no total; the 103 rows sum to $83,060,837 against the Governor's '$83 million' and '103 projects'.",ORG_WEBSITE,,2026-07-31,data/evidence/recheck/2026-09-24/NJ/njrht_funding_allocations_2026-07-31.pdf
NJ,30,"Impactiv, Inc.",157737,NONPROFIT_CBO,No,"NJRHT first-round award, 2026-07-31. Advancing Technology, Prevention, and Workforce Capacity in Rural New Jersey.",Yes,Yes,FY2026 (Year 1),"Rural Health Transformation Program Funding Allocations – July 31, 2026 (NJ DOH/DHS)",https://nj.gov/rural-health-transformation/documents/njrht-funding-allocations-2026.pdf,GOVERNOR_PRESS_RELEASE,DIRECT_TEXT,R/03bf_nj_year1_awardees.R,,,,,"Advancing Technology, Prevention, and Workforce Capacity in Rural New Jersey",,"Expand access to evidence-based virtual exercise programming for older adults (55+) in rural New Jersey to reduce fall risk, increase physical activity engagement, and improve social connectedness through community-based partnerships.","TYPED (session 61, FALLBACK): The source states no form (§8's standing fallback, RECIPIENT_TYPE_INFERRED); queued as NJ_RECIPIENT_FORM_NOT_STATED. Classifier said NONPROFIT_CBO/LOW.",LOW,RECIPIENT_TYPE_INFERRED,Budget Period 1,NON_HOSPITAL,No,NOT_HOSPITAL,,"§10.2 NON_HOSPITAL: The source states no form (§8's standing fallback, RECIPIENT_TYPE_INFERRED); queued as NJ_RECIPIENT_FORM_NOT_STATED.","Award Amount column of the state's allocations PDF, exact to the dollar. The PDF prints no total; the 103 rows sum to $83,060,837 against the Governor's '$83 million' and '103 projects'.",,,2026-07-31,data/evidence/recheck/2026-09-24/NJ/njrht_funding_allocations_2026-07-31.pdf
NJ,31,"Inspira Medical Centers, Inc.",578248,HOSPITAL_OR_SYSTEM,Yes,"NJRHT first-round award, 2026-07-31. Advancing Technology, Prevention, and Workforce Capacity in Rural New Jersey.",Yes,Yes,FY2026 (Year 1),"Rural Health Transformation Program Funding Allocations – July 31, 2026 (NJ DOH/DHS)",https://nj.gov/rural-health-transformation/documents/njrht-funding-allocations-2026.pdf,GOVERNOR_PRESS_RELEASE,DIRECT_TEXT,R/03bf_nj_year1_awardees.R,,,,,"Advancing Technology, Prevention, and Workforce Capacity in Rural New Jersey",,To expand Community Health Worker (CHW) capacity to identify rural residents in Cumberland and Salem counties with unmet social and health needs and connect them to supportive services.,"TYPED (session 61, FEDERAL RECORD): EXACT federal record: CMS NJ Hospital Enrollment carries this string as an ORGANIZATION NAME or DBA (normalised for case, punctuation, a leading THE and a trailing INC) at CCNs 310032/310032A/310069/310069A/31S032/31S032A/31S069A. Classifier said NONPROFIT_CBO/LOW.",MEDIUM,,Budget Period 1,DIRECT,Yes,NAMED_HOSPITAL,,"§10.2 DIRECT: EXACT federal record: CMS NJ Hospital Enrollment carries this string as an ORGANIZATION NAME or DBA (normalised for case, punctuation, a leading THE and a trailing INC) at CCNs 310032/310032A/310069/310069A/31S032/31S032A/31S069A. §0.3a: the recipient is a hospital whatever the activity.","Award Amount column of the state's allocations PDF, exact to the dollar. The PDF prints no total; the 103 rows sum to $83,060,837 against the Governor's '$83 million' and '103 projects'.",ORG_WEBSITE,,2026-07-31,data/evidence/recheck/2026-09-24/NJ/njrht_funding_allocations_2026-07-31.pdf
NJ,32,Kennedy University Hospital Inc.,584514,HOSPITAL_OR_SYSTEM,Yes,"NJRHT first-round award, 2026-07-31. Advancing Technology, Prevention, and Workforce Capacity in Rural New Jersey.",Yes,Yes,FY2026 (Year 1),"Rural Health Transformation Program Funding Allocations – July 31, 2026 (NJ DOH/DHS)",https://nj.gov/rural-health-transformation/documents/njrht-funding-allocations-2026.pdf,GOVERNOR_PRESS_RELEASE,DIRECT_TEXT,R/03bf_nj_year1_awardees.R,310086,,,,"Advancing Technology, Prevention, and Workforce Capacity in Rural New Jersey",,"Enhance patient access to care for rural residents in Atlantic, Burlington, Cumberland, and Salem Counties through the integration of technology solutions.","TYPED (session 61, FEDERAL RECORD): EXACT federal record: CMS NJ Hospital Enrollment carries this string as an ORGANIZATION NAME or DBA (normalised for case, punctuation, a leading THE and a trailing INC) at CCN 310086. Classifier said HOSPITAL_OR_SYSTEM/HIGH.",MEDIUM,,Budget Period 1,DIRECT,Yes,NAMED_HOSPITAL,,"§10.2 DIRECT: EXACT federal record: CMS NJ Hospital Enrollment carries this string as an ORGANIZATION NAME or DBA (normalised for case, punctuation, a leading THE and a trailing INC) at CCN 310086. §0.3a: the recipient is a hospital whatever the activity.","Award Amount column of the state's allocations PDF, exact to the dollar. The PDF prints no total; the 103 rows sum to $83,060,837 against the Governor's '$83 million' and '103 projects'.",ORG_WEBSITE,,2026-07-31,data/evidence/recheck/2026-09-24/NJ/njrht_funding_allocations_2026-07-31.pdf
NJ,33,Legacy Treatment Services,662335,NONPROFIT_CBO,No,"NJRHT first-round award, 2026-07-31. Advancing Technology, Prevention, and Workforce Capacity in Rural New Jersey.",Yes,Yes,FY2026 (Year 1),"Rural Health Transformation Program Funding Allocations – July 31, 2026 (NJ DOH/DHS)",https://nj.gov/rural-health-transformation/documents/njrht-funding-allocations-2026.pdf,GOVERNOR_PRESS_RELEASE,DIRECT_TEXT,R/03bf_nj_year1_awardees.R,,,,,"Advancing Technology, Prevention, and Workforce Capacity in Rural New Jersey",,"Increase access to quality whole-person care through mobile- enabled healthcare delivery, including substance use disorder (SUD) services and prevention in rural Atlantic and Cape May counties.","TYPED (session 61, FALLBACK): The source states no form (§8's standing fallback, RECIPIENT_TYPE_INFERRED); queued as NJ_RECIPIENT_FORM_NOT_STATED. Classifier said NONPROFIT_CBO/LOW.",LOW,RECIPIENT_TYPE_INFERRED,Budget Period 1,NON_HOSPITAL,No,NOT_HOSPITAL,,"§10.2 NON_HOSPITAL: The source states no form (§8's standing fallback, RECIPIENT_TYPE_INFERRED); queued as NJ_RECIPIENT_FORM_NOT_STATED.","Award Amount column of the state's allocations PDF, exact to the dollar. The PDF prints no total; the 103 rows sum to $83,060,837 against the Governor's '$83 million' and '103 projects'.",,,2026-07-31,data/evidence/recheck/2026-09-24/NJ/njrht_funding_allocations_2026-07-31.pdf
NJ,34,LilyLink Inc.,440370,NONPROFIT_CBO,No,"NJRHT first-round award, 2026-07-31. Advancing Technology, Prevention, and Workforce Capacity in Rural New Jersey.",Yes,Yes,FY2026 (Year 1),"Rural Health Transformation Program Funding Allocations – July 31, 2026 (NJ DOH/DHS)",https://nj.gov/rural-health-transformation/documents/njrht-funding-allocations-2026.pdf,GOVERNOR_PRESS_RELEASE,DIRECT_TEXT,R/03bf_nj_year1_awardees.R,,,,,"Advancing Technology, Prevention, and Workforce Capacity in Rural New Jersey",,Improve maternal and neonatal health outcomes among rural residents across New Jersey through technology-enabled solutions.,"TYPED (session 61, FALLBACK): The source states no form (§8's standing fallback, RECIPIENT_TYPE_INFERRED); queued as NJ_RECIPIENT_FORM_NOT_STATED. Classifier said NONPROFIT_CBO/LOW.",LOW,RECIPIENT_TYPE_INFERRED,Budget Period 1,NON_HOSPITAL,No,NOT_HOSPITAL,,"§10.2 NON_HOSPITAL: The source states no form (§8's standing fallback, RECIPIENT_TYPE_INFERRED); queued as NJ_RECIPIENT_FORM_NOT_STATED.","Award Amount column of the state's allocations PDF, exact to the dollar. The PDF prints no total; the 103 rows sum to $83,060,837 against the Governor's '$83 million' and '103 projects'.",,,2026-07-31,data/evidence/recheck/2026-09-24/NJ/njrht_funding_allocations_2026-07-31.pdf
NJ,35,Maryville Inc.,821012,NONPROFIT_CBO,No,"NJRHT first-round award, 2026-07-31. Advancing Technology, Prevention, and Workforce Capacity in Rural New Jersey.",Yes,Yes,FY2026 (Year 1),"Rural Health Transformation Program Funding Allocations – July 31, 2026 (NJ DOH/DHS)",https://nj.gov/rural-health-transformation/documents/njrht-funding-allocations-2026.pdf,GOVERNOR_PRESS_RELEASE,DIRECT_TEXT,R/03bf_nj_year1_awardees.R,,,,,"Advancing Technology, Prevention, and Workforce Capacity in Rural New Jersey",,Improve recovery outcomes for residents of rural Southern New Jersey with mental health and substance use disorders (SUDs) by enrolling and maintaining active participation in peer-led recovery support services and expanding access to mental health and SUD support services by implementing technology-enabled solutions.,"TYPED (session 61, FALLBACK): The source states no form (§8's standing fallback, RECIPIENT_TYPE_INFERRED); queued as NJ_RECIPIENT_FORM_NOT_STATED. Classifier said NONPROFIT_CBO/LOW.",LOW,RECIPIENT_TYPE_INFERRED,Budget Period 1,NON_HOSPITAL,No,NOT_HOSPITAL,,"§10.2 NON_HOSPITAL: The source states no form (§8's standing fallback, RECIPIENT_TYPE_INFERRED); queued as NJ_RECIPIENT_FORM_NOT_STATED.","Award Amount column of the state's allocations PDF, exact to the dollar. The PDF prints no total; the 103 rows sum to $83,060,837 against the Governor's '$83 million' and '103 projects'.",,,2026-07-31,data/evidence/recheck/2026-09-24/NJ/njrht_funding_allocations_2026-07-31.pdf
NJ,36,Mercer County,409538,LOCAL_GOVT_OR_PUBLIC_HEALTH,No,"NJRHT first-round award, 2026-07-31. Advancing Technology, Prevention, and Workforce Capacity in Rural New Jersey.",Yes,Yes,FY2026 (Year 1),"Rural Health Transformation Program Funding Allocations – July 31, 2026 (NJ DOH/DHS)",https://nj.gov/rural-health-transformation/documents/njrht-funding-allocations-2026.pdf,GOVERNOR_PRESS_RELEASE,DIRECT_TEXT,R/03bf_nj_year1_awardees.R,,,,,"Advancing Technology, Prevention, and Workforce Capacity in Rural New Jersey",,Increase access to preventive health screenings and vaccinations for populations in rural Mercer County.,"TYPED (session 61, HAND-READ): A New Jersey county government; the form is in the state's own string. Classifier said NONPROFIT_CBO/LOW.",MEDIUM,,Budget Period 1,NON_HOSPITAL,No,NOT_HOSPITAL,,§10.2 NON_HOSPITAL: A New Jersey county government; the form is in the state's own string.,"Award Amount column of the state's allocations PDF, exact to the dollar. The PDF prints no total; the 103 rows sum to $83,060,837 against the Governor's '$83 million' and '103 projects'.",STATE_SOURCE,,2026-07-31,data/evidence/recheck/2026-09-24/NJ/njrht_funding_allocations_2026-07-31.pdf
NJ,37,Montclair State University,335731,UNIVERSITY_OR_AHC,No,"NJRHT first-round award, 2026-07-31. Advancing Technology, Prevention, and Workforce Capacity in Rural New Jersey.",Yes,Yes,FY2026 (Year 1),"Rural Health Transformation Program Funding Allocations – July 31, 2026 (NJ DOH/DHS)",https://nj.gov/rural-health-transformation/documents/njrht-funding-allocations-2026.pdf,GOVERNOR_PRESS_RELEASE,DIRECT_TEXT,R/03bf_nj_year1_awardees.R,,,,,"Advancing Technology, Prevention, and Workforce Capacity in Rural New Jersey",,"Provide professional development opportunities, including reflective supervision training and coaching, for the rural health workforce.","TYPED (session 61, CLASSIFIER): The form is in the state's own string, and the shared classifier's name rule reads it. Classifier said UNIVERSITY_OR_AHC/HIGH.",HIGH,,Budget Period 1,NON_HOSPITAL,No,NOT_HOSPITAL,,"§10.2 NON_HOSPITAL: The form is in the state's own string, and the shared classifier's name rule reads it.","Award Amount column of the state's allocations PDF, exact to the dollar. The PDF prints no total; the 103 rows sum to $83,060,837 against the Governor's '$83 million' and '103 projects'.",STATE_SOURCE,,2026-07-31,data/evidence/recheck/2026-09-24/NJ/njrht_funding_allocations_2026-07-31.pdf
NJ,38,"New Jersey Chapter, American Academy of Pediatrics",515257,NONPROFIT_CBO,No,"NJRHT first-round award, 2026-07-31. Advancing Technology, Prevention, and Workforce Capacity in Rural New Jersey.",Yes,Yes,FY2026 (Year 1),"Rural Health Transformation Program Funding Allocations – July 31, 2026 (NJ DOH/DHS)",https://nj.gov/rural-health-transformation/documents/njrht-funding-allocations-2026.pdf,GOVERNOR_PRESS_RELEASE,DIRECT_TEXT,R/03bf_nj_year1_awardees.R,,,,,"Advancing Technology, Prevention, and Workforce Capacity in Rural New Jersey",,"Improve oral health and mental health outcomes for children and adolescents in rural New Jersey, with a focus on uninsured and underinsured populations.","TYPED (session 61, HAND-READ): OVERRIDE of the classifier's PHYSICIAN_PRACTICE, which reads 'Pediatrics' as a practice: this is the state chapter of a professional medical society. Left on §8's standing fallback and queued; $0 hospital effect either way. Classifier said PHYSICIAN_PRACTICE/MEDIUM.",LOW,RECIPIENT_TYPE_INFERRED,Budget Period 1,NON_HOSPITAL,No,NOT_HOSPITAL,,"§10.2 NON_HOSPITAL: OVERRIDE of the classifier's PHYSICIAN_PRACTICE, which reads 'Pediatrics' as a practice: this is the state chapter of a professional medical society. Left on §8's standing fallback and queued; $0 hospital effect either way.","Award Amount column of the state's allocations PDF, exact to the dollar. The PDF prints no total; the 103 rows sum to $83,060,837 against the Governor's '$83 million' and '103 projects'.",GENERAL_KNOWLEDGE,,2026-07-31,data/evidence/recheck/2026-09-24/NJ/njrht_funding_allocations_2026-07-31.pdf
NJ,39,NJ Prevention Network,291079,NONPROFIT_CBO,No,"NJRHT first-round award, 2026-07-31. Advancing Technology, Prevention, and Workforce Capacity in Rural New Jersey.",Yes,Yes,FY2026 (Year 1),"Rural Health Transformation Program Funding Allocations – July 31, 2026 (NJ DOH/DHS)",https://nj.gov/rural-health-transformation/documents/njrht-funding-allocations-2026.pdf,GOVERNOR_PRESS_RELEASE,DIRECT_TEXT,R/03bf_nj_year1_awardees.R,,,,,"Advancing Technology, Prevention, and Workforce Capacity in Rural New Jersey",,"Expand access for rural residents in New Jersey to timely, coordinated health, behavioral health, and social support services through integrated technology solutions for communications, referral, and resource navigation and to strengthen the capacity of New Jersey’s behavioral health workforce by developing and delivering evidence-informed, rural-adapted training modules for providers serving eligible rural areas.","TYPED (session 61, FALLBACK): The source states no form (§8's standing fallback, RECIPIENT_TYPE_INFERRED); queued as NJ_RECIPIENT_FORM_NOT_STATED. Classifier said NONPROFIT_CBO/LOW.",LOW,RECIPIENT_TYPE_INFERRED,Budget Period 1,NON_HOSPITAL,No,NOT_HOSPITAL,,"§10.2 NON_HOSPITAL: The source states no form (§8's standing fallback, RECIPIENT_TYPE_INFERRED); queued as NJ_RECIPIENT_FORM_NOT_STATED.","Award Amount column of the state's allocations PDF, exact to the dollar. The PDF prints no total; the 103 rows sum to $83,060,837 against the Governor's '$83 million' and '103 projects'.",,,2026-07-31,data/evidence/recheck/2026-09-24/NJ/njrht_funding_allocations_2026-07-31.pdf
NJ,40,NORWESCAP,52236,NONPROFIT_CBO,No,"NJRHT first-round award, 2026-07-31. Advancing Technology, Prevention, and Workforce Capacity in Rural New Jersey.",Yes,Yes,FY2026 (Year 1),"Rural Health Transformation Program Funding Allocations – July 31, 2026 (NJ DOH/DHS)",https://nj.gov/rural-health-transformation/documents/njrht-funding-allocations-2026.pdf,GOVERNOR_PRESS_RELEASE,DIRECT_TEXT,R/03bf_nj_year1_awardees.R,,,,,"Advancing Technology, Prevention, and Workforce Capacity in Rural New Jersey",,"Deploy community-based digital screening kiosks and navigation services that identify social needs and connect individuals to wraparound services in rural Hunterdon, Sussex, and Warren Counties.","TYPED (session 61, FALLBACK): The source states no form (§8's standing fallback, RECIPIENT_TYPE_INFERRED); queued as NJ_RECIPIENT_FORM_NOT_STATED. Classifier said NONPROFIT_CBO/LOW.",LOW,RECIPIENT_TYPE_INFERRED,Budget Period 1,NON_HOSPITAL,No,NOT_HOSPITAL,,"§10.2 NON_HOSPITAL: The source states no form (§8's standing fallback, RECIPIENT_TYPE_INFERRED); queued as NJ_RECIPIENT_FORM_NOT_STATED.","Award Amount column of the state's allocations PDF, exact to the dollar. The PDF prints no total; the 103 rows sum to $83,060,837 against the Governor's '$83 million' and '103 projects'.",,,2026-07-31,data/evidence/recheck/2026-09-24/NJ/njrht_funding_allocations_2026-07-31.pdf
NJ,41,Oaks Integrated Care Inc.,149810,NONPROFIT_CBO,No,"NJRHT first-round award, 2026-07-31. Advancing Technology, Prevention, and Workforce Capacity in Rural New Jersey.",Yes,Yes,FY2026 (Year 1),"Rural Health Transformation Program Funding Allocations – July 31, 2026 (NJ DOH/DHS)",https://nj.gov/rural-health-transformation/documents/njrht-funding-allocations-2026.pdf,GOVERNOR_PRESS_RELEASE,DIRECT_TEXT,R/03bf_nj_year1_awardees.R,,,,,"Advancing Technology, Prevention, and Workforce Capacity in Rural New Jersey",,"Improve mental health care access, quality, and outcomes for rural New Jersey residents by integrating technology solutions, including Electronic Health Record (EHR) enhancements, telehealth expansion, and AI-driven tools.","TYPED (session 61, FALLBACK): The source states no form (§8's standing fallback, RECIPIENT_TYPE_INFERRED); queued as NJ_RECIPIENT_FORM_NOT_STATED. Classifier said NONPROFIT_CBO/LOW.",LOW,RECIPIENT_TYPE_INFERRED,Budget Period 1,NON_HOSPITAL,No,NOT_HOSPITAL,,"§10.2 NON_HOSPITAL: The source states no form (§8's standing fallback, RECIPIENT_TYPE_INFERRED); queued as NJ_RECIPIENT_FORM_NOT_STATED.","Award Amount column of the state's allocations PDF, exact to the dollar. The PDF prints no total; the 103 rows sum to $83,060,837 against the Governor's '$83 million' and '103 projects'.",,,2026-07-31,data/evidence/recheck/2026-09-24/NJ/njrht_funding_allocations_2026-07-31.pdf
NJ,42,Ocean County,713310,LOCAL_GOVT_OR_PUBLIC_HEALTH,No,"NJRHT first-round award, 2026-07-31. Advancing Technology, Prevention, and Workforce Capacity in Rural New Jersey.",Yes,Yes,FY2026 (Year 1),"Rural Health Transformation Program Funding Allocations – July 31, 2026 (NJ DOH/DHS)",https://nj.gov/rural-health-transformation/documents/njrht-funding-allocations-2026.pdf,GOVERNOR_PRESS_RELEASE,DIRECT_TEXT,R/03bf_nj_year1_awardees.R,,,,,"Advancing Technology, Prevention, and Workforce Capacity in Rural New Jersey",,"Improve access to coordinated preventive, chronic disease, maternal, and behavioral health services and support better health outcomes through community-based care, education, and engagement. Improve chronic disease, maternal health, and perinatal mental health outcomes by enabling early clinical intervention through remote patient monitoring and behavioral health integration programs.","TYPED (session 61, HAND-READ): A New Jersey county government; the form is in the state's own string. Classifier said NONPROFIT_CBO/LOW.",MEDIUM,,Budget Period 1,NON_HOSPITAL,No,NOT_HOSPITAL,,§10.2 NON_HOSPITAL: A New Jersey county government; the form is in the state's own string.,"Award Amount column of the state's allocations PDF, exact to the dollar. The PDF prints no total; the 103 rows sum to $83,060,837 against the Governor's '$83 million' and '103 projects'.",STATE_SOURCE,,2026-07-31,data/evidence/recheck/2026-09-24/NJ/njrht_funding_allocations_2026-07-31.pdf
NJ,43,Ocean Mental Health Services,849327,NONPROFIT_CBO,No,"NJRHT first-round award, 2026-07-31. Advancing Technology, Prevention, and Workforce Capacity in Rural New Jersey.",Yes,Yes,FY2026 (Year 1),"Rural Health Transformation Program Funding Allocations – July 31, 2026 (NJ DOH/DHS)",https://nj.gov/rural-health-transformation/documents/njrht-funding-allocations-2026.pdf,GOVERNOR_PRESS_RELEASE,DIRECT_TEXT,R/03bf_nj_year1_awardees.R,,,,,"Advancing Technology, Prevention, and Workforce Capacity in Rural New Jersey",,"To increase preventive care access and to improve early detection of chronic disease among rural residents through mobile outreach, health education, and digital communication efforts and by expanding access to care through remote patient monitoring, telehealth infrastructure, and integrated Electronic Health Record (EHR) technology solutions.","TYPED (session 61, FALLBACK): The source states no form (§8's standing fallback, RECIPIENT_TYPE_INFERRED); queued as NJ_RECIPIENT_FORM_NOT_STATED. Classifier said NONPROFIT_CBO/LOW.",LOW,RECIPIENT_TYPE_INFERRED,Budget Period 1,NON_HOSPITAL,No,NOT_HOSPITAL,,"§10.2 NON_HOSPITAL: The source states no form (§8's standing fallback, RECIPIENT_TYPE_INFERRED); queued as NJ_RECIPIENT_FORM_NOT_STATED.","Award Amount column of the state's allocations PDF, exact to the dollar. The PDF prints no total; the 103 rows sum to $83,060,837 against the Governor's '$83 million' and '103 projects'.",,,2026-07-31,data/evidence/recheck/2026-09-24/NJ/njrht_funding_allocations_2026-07-31.pdf
NJ,44,Parker Family Health Center Inc.,438215,NONPROFIT_CBO,No,"NJRHT first-round award, 2026-07-31. Advancing Technology, Prevention, and Workforce Capacity in Rural New Jersey.",Yes,Yes,FY2026 (Year 1),"Rural Health Transformation Program Funding Allocations – July 31, 2026 (NJ DOH/DHS)",https://nj.gov/rural-health-transformation/documents/njrht-funding-allocations-2026.pdf,GOVERNOR_PRESS_RELEASE,DIRECT_TEXT,R/03bf_nj_year1_awardees.R,,,,,"Advancing Technology, Prevention, and Workforce Capacity in Rural New Jersey",,"Increase healthcare access and improve health outcomes in Monmouth and Ocean County rural communities by implementing initiatives focused on oral health, diabetes, and hypertension prevention and management, supported by new technological resources.","TYPED (session 61, FALLBACK): The source states no form (§8's standing fallback, RECIPIENT_TYPE_INFERRED); queued as NJ_RECIPIENT_FORM_NOT_STATED. Classifier said NONPROFIT_CBO/LOW.",LOW,RECIPIENT_TYPE_INFERRED,Budget Period 1,NON_HOSPITAL,No,NOT_HOSPITAL,,"§10.2 NON_HOSPITAL: The source states no form (§8's standing fallback, RECIPIENT_TYPE_INFERRED); queued as NJ_RECIPIENT_FORM_NOT_STATED.","Award Amount column of the state's allocations PDF, exact to the dollar. The PDF prints no total; the 103 rows sum to $83,060,837 against the Governor's '$83 million' and '103 projects'.",,,2026-07-31,data/evidence/recheck/2026-09-24/NJ/njrht_funding_allocations_2026-07-31.pdf
NJ,45,RH Health Inc.,269612,NONPROFIT_CBO,No,"NJRHT first-round award, 2026-07-31. Advancing Technology, Prevention, and Workforce Capacity in Rural New Jersey.",Yes,Yes,FY2026 (Year 1),"Rural Health Transformation Program Funding Allocations – July 31, 2026 (NJ DOH/DHS)",https://nj.gov/rural-health-transformation/documents/njrht-funding-allocations-2026.pdf,GOVERNOR_PRESS_RELEASE,DIRECT_TEXT,R/03bf_nj_year1_awardees.R,,,,,"Advancing Technology, Prevention, and Workforce Capacity in Rural New Jersey",,Improve health outcomes among rural residents across New Jersey through a home-based diagnostic testing program.,"TYPED (session 61, FALLBACK): The source states no form (§8's standing fallback, RECIPIENT_TYPE_INFERRED); queued as NJ_RECIPIENT_FORM_NOT_STATED. Classifier said NONPROFIT_CBO/LOW.",LOW,RECIPIENT_TYPE_INFERRED,Budget Period 1,NON_HOSPITAL,No,NOT_HOSPITAL,,"§10.2 NON_HOSPITAL: The source states no form (§8's standing fallback, RECIPIENT_TYPE_INFERRED); queued as NJ_RECIPIENT_FORM_NOT_STATED.","Award Amount column of the state's allocations PDF, exact to the dollar. The PDF prints no total; the 103 rows sum to $83,060,837 against the Governor's '$83 million' and '103 projects'.",,,2026-07-31,data/evidence/recheck/2026-09-24/NJ/njrht_funding_allocations_2026-07-31.pdf
NJ,46,Rowan University,786938,UNIVERSITY_OR_AHC,No,"NJRHT first-round award, 2026-07-31. Advancing Technology, Prevention, and Workforce Capacity in Rural New Jersey.",Yes,Yes,FY2026 (Year 1),"Rural Health Transformation Program Funding Allocations – July 31, 2026 (NJ DOH/DHS)",https://nj.gov/rural-health-transformation/documents/njrht-funding-allocations-2026.pdf,GOVERNOR_PRESS_RELEASE,DIRECT_TEXT,R/03bf_nj_year1_awardees.R,,,,,"Advancing Technology, Prevention, and Workforce Capacity in Rural New Jersey",,"Expand rural health infrastructure and programming to improve early detection and prevention of chronic conditions, substance use, and nutritional health challenges among residents of Cumberland County.","TYPED (session 61, CLASSIFIER): The form is in the state's own string, and the shared classifier's name rule reads it. Classifier said UNIVERSITY_OR_AHC/HIGH.",HIGH,,Budget Period 1,NON_HOSPITAL,No,NOT_HOSPITAL,,"§10.2 NON_HOSPITAL: The form is in the state's own string, and the shared classifier's name rule reads it.","Award Amount column of the state's allocations PDF, exact to the dollar. The PDF prints no total; the 103 rows sum to $83,060,837 against the Governor's '$83 million' and '103 projects'.",STATE_SOURCE,,2026-07-31,data/evidence/recheck/2026-09-24/NJ/njrht_funding_allocations_2026-07-31.pdf
NJ,47,Rutgers Biomedical and Health Sciences,518443,UNIVERSITY_OR_AHC,No,"NJRHT first-round award, 2026-07-31. Advancing Technology, Prevention, and Workforce Capacity in Rural New Jersey.",Yes,Yes,FY2026 (Year 1),"Rural Health Transformation Program Funding Allocations – July 31, 2026 (NJ DOH/DHS)",https://nj.gov/rural-health-transformation/documents/njrht-funding-allocations-2026.pdf,GOVERNOR_PRESS_RELEASE,DIRECT_TEXT,R/03bf_nj_year1_awardees.R,,,,,"Advancing Technology, Prevention, and Workforce Capacity in Rural New Jersey",,"Improve maternal mental health and access to perinatal support services by implementing and scaling technology-enabled interventions and by expanding access to culturally responsive, evidence-based patient education integrated into routine perinatal care clinical workflows.","TYPED (session 61, HAND-READ): Rutgers University's academic health sciences division; the university is in the state's own string. Classifier said NONPROFIT_CBO/LOW.",MEDIUM,,Budget Period 1,NON_HOSPITAL,No,NOT_HOSPITAL,,§10.2 NON_HOSPITAL: Rutgers University's academic health sciences division; the university is in the state's own string.,"Award Amount column of the state's allocations PDF, exact to the dollar. The PDF prints no total; the 103 rows sum to $83,060,837 against the Governor's '$83 million' and '103 projects'.",STATE_SOURCE,,2026-07-31,data/evidence/recheck/2026-09-24/NJ/njrht_funding_allocations_2026-07-31.pdf
NJ,48,"Rutgers, The State University of New Jersey, Camden",239785,UNIVERSITY_OR_AHC,No,"NJRHT first-round award, 2026-07-31. Advancing Technology, Prevention, and Workforce Capacity in Rural New Jersey.",Yes,Yes,FY2026 (Year 1),"Rural Health Transformation Program Funding Allocations – July 31, 2026 (NJ DOH/DHS)",https://nj.gov/rural-health-transformation/documents/njrht-funding-allocations-2026.pdf,GOVERNOR_PRESS_RELEASE,DIRECT_TEXT,R/03bf_nj_year1_awardees.R,,,,,"Advancing Technology, Prevention, and Workforce Capacity in Rural New Jersey",,"Identify and address healthcare access barriers for residents in rural Atlantic, Salem, and Cumberland counties through community-informed research that informs statewide rural health strategy.","TYPED (session 61, CLASSIFIER): The form is in the state's own string, and the shared classifier's name rule reads it. Classifier said UNIVERSITY_OR_AHC/HIGH.",HIGH,,Budget Period 1,NON_HOSPITAL,No,NOT_HOSPITAL,,"§10.2 NON_HOSPITAL: The form is in the state's own string, and the shared classifier's name rule reads it.","Award Amount column of the state's allocations PDF, exact to the dollar. The PDF prints no total; the 103 rows sum to $83,060,837 against the Governor's '$83 million' and '103 projects'.",STATE_SOURCE,,2026-07-31,data/evidence/recheck/2026-09-24/NJ/njrht_funding_allocations_2026-07-31.pdf
NJ,49,"Rutgers, The State University of NJ",1216604,UNIVERSITY_OR_AHC,No,"NJRHT first-round award, 2026-07-31. Advancing Technology, Prevention, and Workforce Capacity in Rural New Jersey.",Yes,Yes,FY2026 (Year 1),"Rural Health Transformation Program Funding Allocations – July 31, 2026 (NJ DOH/DHS)",https://nj.gov/rural-health-transformation/documents/njrht-funding-allocations-2026.pdf,GOVERNOR_PRESS_RELEASE,DIRECT_TEXT,R/03bf_nj_year1_awardees.R,,,,,"Advancing Technology, Prevention, and Workforce Capacity in Rural New Jersey",,"Expand identification of health risks and improve access to health care and supportive services and integrated systems through community outreach, health screening, remote patient monitoring, risk detection, and care navigation and strengthening the rural health infrastructure by building community and workforce capacity through training and technical assistance to support chronic disease prevention, health literacy, and care coordination in Hunterdon and Cumberland Counties.","TYPED (session 61, CLASSIFIER): The form is in the state's own string, and the shared classifier's name rule reads it. Classifier said UNIVERSITY_OR_AHC/HIGH.",HIGH,,Budget Period 1,NON_HOSPITAL,No,NOT_HOSPITAL,,"§10.2 NON_HOSPITAL: The form is in the state's own string, and the shared classifier's name rule reads it.","Award Amount column of the state's allocations PDF, exact to the dollar. The PDF prints no total; the 103 rows sum to $83,060,837 against the Governor's '$83 million' and '103 projects'.",STATE_SOURCE,,2026-07-31,data/evidence/recheck/2026-09-24/NJ/njrht_funding_allocations_2026-07-31.pdf
NJ,50,"Rutgers, The State University of NJ",115921,UNIVERSITY_OR_AHC,No,"NJRHT first-round award, 2026-07-31. Advancing Technology, Prevention, and Workforce Capacity in Rural New Jersey.",Yes,Yes,FY2026 (Year 1),"Rural Health Transformation Program Funding Allocations – July 31, 2026 (NJ DOH/DHS)",https://nj.gov/rural-health-transformation/documents/njrht-funding-allocations-2026.pdf,GOVERNOR_PRESS_RELEASE,DIRECT_TEXT,R/03bf_nj_year1_awardees.R,,,,,"Advancing Technology, Prevention, and Workforce Capacity in Rural New Jersey",,"Establish the New Jersey Rural Health Resource Center (NJ- RHRC) to strengthen rural health care delivery across the state by providing expert technical assistance to rural partners, fostering collaborative partnerships, and building sustainable capacity for rural health care.","TYPED (session 61, CLASSIFIER): The form is in the state's own string, and the shared classifier's name rule reads it. Classifier said UNIVERSITY_OR_AHC/HIGH.",HIGH,,Budget Period 1,NON_HOSPITAL,No,NOT_HOSPITAL,,"§10.2 NON_HOSPITAL: The form is in the state's own string, and the shared classifier's name rule reads it.","Award Amount column of the state's allocations PDF, exact to the dollar. The PDF prints no total; the 103 rows sum to $83,060,837 against the Governor's '$83 million' and '103 projects'.",STATE_SOURCE,,2026-07-31,data/evidence/recheck/2026-09-24/NJ/njrht_funding_allocations_2026-07-31.pdf
NJ,51,Salem County,230344,LOCAL_GOVT_OR_PUBLIC_HEALTH,No,"NJRHT first-round award, 2026-07-31. Advancing Technology, Prevention, and Workforce Capacity in Rural New Jersey.",Yes,Yes,FY2026 (Year 1),"Rural Health Transformation Program Funding Allocations – July 31, 2026 (NJ DOH/DHS)",https://nj.gov/rural-health-transformation/documents/njrht-funding-allocations-2026.pdf,GOVERNOR_PRESS_RELEASE,DIRECT_TEXT,R/03bf_nj_year1_awardees.R,,,,,"Advancing Technology, Prevention, and Workforce Capacity in Rural New Jersey",,"Improve health outcomes and reduce health barriers in Salem County by expanding access to comprehensive primary care, preventive services, and chronic disease management for rural residents.","TYPED (session 61, HAND-READ): A New Jersey county government; the form is in the state's own string. Classifier said NONPROFIT_CBO/LOW.",MEDIUM,,Budget Period 1,NON_HOSPITAL,No,NOT_HOSPITAL,,§10.2 NON_HOSPITAL: A New Jersey county government; the form is in the state's own string.,"Award Amount column of the state's allocations PDF, exact to the dollar. The PDF prints no total; the 103 rows sum to $83,060,837 against the Governor's '$83 million' and '103 projects'.",STATE_SOURCE,,2026-07-31,data/evidence/recheck/2026-09-24/NJ/njrht_funding_allocations_2026-07-31.pdf
NJ,52,Salem Inter Agency Council of Human Services,242010,NONPROFIT_CBO,No,"NJRHT first-round award, 2026-07-31. Advancing Technology, Prevention, and Workforce Capacity in Rural New Jersey.",Yes,Yes,FY2026 (Year 1),"Rural Health Transformation Program Funding Allocations – July 31, 2026 (NJ DOH/DHS)",https://nj.gov/rural-health-transformation/documents/njrht-funding-allocations-2026.pdf,GOVERNOR_PRESS_RELEASE,DIRECT_TEXT,R/03bf_nj_year1_awardees.R,,,,,"Advancing Technology, Prevention, and Workforce Capacity in Rural New Jersey",,"Build community health capacity through health ambassador training, culturally responsive engagement strategies, and peer- driven health communication in rural Salem County.","TYPED (session 61, FALLBACK): The source states no form (§8's standing fallback, RECIPIENT_TYPE_INFERRED); queued as NJ_RECIPIENT_FORM_NOT_STATED. Classifier said NONPROFIT_CBO/LOW.",LOW,RECIPIENT_TYPE_INFERRED,Budget Period 1,NON_HOSPITAL,No,NOT_HOSPITAL,,"§10.2 NON_HOSPITAL: The source states no form (§8's standing fallback, RECIPIENT_TYPE_INFERRED); queued as NJ_RECIPIENT_FORM_NOT_STATED.","Award Amount column of the state's allocations PDF, exact to the dollar. The PDF prints no total; the 103 rows sum to $83,060,837 against the Governor's '$83 million' and '103 projects'.",,,2026-07-31,data/evidence/recheck/2026-09-24/NJ/njrht_funding_allocations_2026-07-31.pdf
NJ,53,"Southern Jersey Family Medical Centers, Inc.",697114,FQHC_OR_RHC,No,"NJRHT first-round award, 2026-07-31. Advancing Technology, Prevention, and Workforce Capacity in Rural New Jersey.",Yes,Yes,FY2026 (Year 1),"Rural Health Transformation Program Funding Allocations – July 31, 2026 (NJ DOH/DHS)",https://nj.gov/rural-health-transformation/documents/njrht-funding-allocations-2026.pdf,GOVERNOR_PRESS_RELEASE,DIRECT_TEXT,R/03bf_nj_year1_awardees.R,,,,,"Advancing Technology, Prevention, and Workforce Capacity in Rural New Jersey",,"Improve access to coordinated preventive care and chronic disease health services for rural residents in Atlantic, Burlington, and Salem Counties through remote patient monitoring, telehealth infrastructure, and integrated Electronic Health Record (EHR) technology solutions.","TYPED (session 61, FEDERAL RECORD): EXACT federal record: CMS NJ FQHC Enrollment carries this string as an ORGANIZATION NAME or DBA (normalised for case, punctuation, a leading THE and a trailing INC) at CCNs 311804/311813/311828/311835/311859/311875/311883/311937. Classifier said NONPROFIT_CBO/LOW.",MEDIUM,,Budget Period 1,NON_HOSPITAL,No,NOT_HOSPITAL,,"§10.2 NON_HOSPITAL: EXACT federal record: CMS NJ FQHC Enrollment carries this string as an ORGANIZATION NAME or DBA (normalised for case, punctuation, a leading THE and a trailing INC) at CCNs 311804/311813/311828/311835/311859/311875/311883/311937.","Award Amount column of the state's allocations PDF, exact to the dollar. The PDF prints no total; the 103 rows sum to $83,060,837 against the Governor's '$83 million' and '103 projects'.",ORG_WEBSITE,,2026-07-31,data/evidence/recheck/2026-09-24/NJ/njrht_funding_allocations_2026-07-31.pdf
NJ,54,Southern NJ Perinatal Cooperative,278102,NONPROFIT_CBO,No,"NJRHT first-round award, 2026-07-31. Advancing Technology, Prevention, and Workforce Capacity in Rural New Jersey.",Yes,Yes,FY2026 (Year 1),"Rural Health Transformation Program Funding Allocations – July 31, 2026 (NJ DOH/DHS)",https://nj.gov/rural-health-transformation/documents/njrht-funding-allocations-2026.pdf,GOVERNOR_PRESS_RELEASE,DIRECT_TEXT,R/03bf_nj_year1_awardees.R,,,,,"Advancing Technology, Prevention, and Workforce Capacity in Rural New Jersey",,Improve maternal health and future pregnancy outcomes in rural Atlantic and Cumberland Counties through increased connectivity with health care during the interconception period.,"TYPED (session 61, FALLBACK): The source states no form (§8's standing fallback, RECIPIENT_TYPE_INFERRED); queued as NJ_RECIPIENT_FORM_NOT_STATED. Classifier said NONPROFIT_CBO/LOW.",LOW,RECIPIENT_TYPE_INFERRED,Budget Period 1,NON_HOSPITAL,No,NOT_HOSPITAL,,"§10.2 NON_HOSPITAL: The source states no form (§8's standing fallback, RECIPIENT_TYPE_INFERRED); queued as NJ_RECIPIENT_FORM_NOT_STATED.","Award Amount column of the state's allocations PDF, exact to the dollar. The PDF prints no total; the 103 rows sum to $83,060,837 against the Governor's '$83 million' and '103 projects'.",,,2026-07-31,data/evidence/recheck/2026-09-24/NJ/njrht_funding_allocations_2026-07-31.pdf
NJ,55,St. Luke's Warren Hospital,657452,HOSPITAL_OR_SYSTEM,Yes,"NJRHT first-round award, 2026-07-31. Advancing Technology, Prevention, and Workforce Capacity in Rural New Jersey.",Yes,Yes,FY2026 (Year 1),"Rural Health Transformation Program Funding Allocations – July 31, 2026 (NJ DOH/DHS)",https://nj.gov/rural-health-transformation/documents/njrht-funding-allocations-2026.pdf,GOVERNOR_PRESS_RELEASE,DIRECT_TEXT,R/03bf_nj_year1_awardees.R,310060,,,,"Advancing Technology, Prevention, and Workforce Capacity in Rural New Jersey",,Enhance patient care and operational efficiency through the integration of technology solutions.,"TYPED (session 61, FEDERAL RECORD): EXACT federal record: CMS NJ Hospital Enrollment carries this string as an ORGANIZATION NAME or DBA (normalised for case, punctuation, a leading THE and a trailing INC) at CCN 310060. Classifier said HOSPITAL_OR_SYSTEM/HIGH.",MEDIUM,,Budget Period 1,DIRECT,Yes,NAMED_HOSPITAL,,"§10.2 DIRECT: EXACT federal record: CMS NJ Hospital Enrollment carries this string as an ORGANIZATION NAME or DBA (normalised for case, punctuation, a leading THE and a trailing INC) at CCN 310060. §0.3a: the recipient is a hospital whatever the activity.","Award Amount column of the state's allocations PDF, exact to the dollar. The PDF prints no total; the 103 rows sum to $83,060,837 against the Governor's '$83 million' and '103 projects'.",ORG_WEBSITE,,2026-07-31,data/evidence/recheck/2026-09-24/NJ/njrht_funding_allocations_2026-07-31.pdf
NJ,56,Sussex County,206539,LOCAL_GOVT_OR_PUBLIC_HEALTH,No,"NJRHT first-round award, 2026-07-31. Advancing Technology, Prevention, and Workforce Capacity in Rural New Jersey.",Yes,Yes,FY2026 (Year 1),"Rural Health Transformation Program Funding Allocations – July 31, 2026 (NJ DOH/DHS)",https://nj.gov/rural-health-transformation/documents/njrht-funding-allocations-2026.pdf,GOVERNOR_PRESS_RELEASE,DIRECT_TEXT,R/03bf_nj_year1_awardees.R,,,,,"Advancing Technology, Prevention, and Workforce Capacity in Rural New Jersey",,"Expand access to preventive health screenings, health education, and referral resources for rural Sussex County residents through community-based screening kiosks and mobile health clinics.","TYPED (session 61, HAND-READ): A New Jersey county government; the form is in the state's own string. Classifier said NONPROFIT_CBO/LOW.",MEDIUM,,Budget Period 1,NON_HOSPITAL,No,NOT_HOSPITAL,,§10.2 NON_HOSPITAL: A New Jersey county government; the form is in the state's own string.,"Award Amount column of the state's allocations PDF, exact to the dollar. The PDF prints no total; the 103 rows sum to $83,060,837 against the Governor's '$83 million' and '103 projects'.",STATE_SOURCE,,2026-07-31,data/evidence/recheck/2026-09-24/NJ/njrht_funding_allocations_2026-07-31.pdf
NJ,57,The Food Bank of South Jersey,272199,NONPROFIT_CBO,No,"NJRHT first-round award, 2026-07-31. Advancing Technology, Prevention, and Workforce Capacity in Rural New Jersey.",Yes,Yes,FY2026 (Year 1),"Rural Health Transformation Program Funding Allocations – July 31, 2026 (NJ DOH/DHS)",https://nj.gov/rural-health-transformation/documents/njrht-funding-allocations-2026.pdf,GOVERNOR_PRESS_RELEASE,DIRECT_TEXT,R/03bf_nj_year1_awardees.R,,,,,"Advancing Technology, Prevention, and Workforce Capacity in Rural New Jersey",,"Increase access to preventive healthcare services for adults in rural Burlington and Salem County. Strengthen rural organizations' capacity to reduce stigma, build trust, and improve access to care through trauma-informed training and community engagement.","TYPED (session 61, FALLBACK): The source states no form (§8's standing fallback, RECIPIENT_TYPE_INFERRED); queued as NJ_RECIPIENT_FORM_NOT_STATED. Classifier said NONPROFIT_CBO/LOW.",LOW,RECIPIENT_TYPE_INFERRED,Budget Period 1,NON_HOSPITAL,No,NOT_HOSPITAL,,"§10.2 NON_HOSPITAL: The source states no form (§8's standing fallback, RECIPIENT_TYPE_INFERRED); queued as NJ_RECIPIENT_FORM_NOT_STATED.","Award Amount column of the state's allocations PDF, exact to the dollar. The PDF prints no total; the 103 rows sum to $83,060,837 against the Governor's '$83 million' and '103 projects'.",,,2026-07-31,data/evidence/recheck/2026-09-24/NJ/njrht_funding_allocations_2026-07-31.pdf
NJ,58,Virtua Health Inc.,1196187,HOSPITAL_OR_SYSTEM,Yes,"NJRHT first-round award, 2026-07-31. Advancing Technology, Prevention, and Workforce Capacity in Rural New Jersey.",Yes,Yes,FY2026 (Year 1),"Rural Health Transformation Program Funding Allocations – July 31, 2026 (NJ DOH/DHS)",https://nj.gov/rural-health-transformation/documents/njrht-funding-allocations-2026.pdf,GOVERNOR_PRESS_RELEASE,DIRECT_TEXT,R/03bf_nj_year1_awardees.R,,,,,"Advancing Technology, Prevention, and Workforce Capacity in Rural New Jersey",,"Increase awareness of and access to preventive health services among rural residents in Atlantic and Burlington Counties, improve early identification and outcomes for pediatric and caregiver health needs by strengthening rural provider knowledge and capacities, and improve chronic disease outcomes through technology solutions.","TYPED (session 61, HAND-READ): HAND-READ BRIDGE: CMS NJ Hospital Enrollment carries no record under 'Virtua Health Inc.'; it enrols Virtua's hospitals under four subsidiaries, every one named VIRTUA ... (Willingboro 310061, Our Lady of Lourdes 310029, West Jersey Health System 310022, Memorial Hospital Burlington County 310057). The parent of an enrolled hospital system is §8's HOSPITAL_OR_SYSTEM; the tie is a reading, so LOW and subtractable. Classifier said NONPROFIT_CBO/LOW.",LOW,,Budget Period 1,DIRECT,Yes,NAMED_HOSPITAL,,"§10.2 DIRECT: HAND-READ BRIDGE: CMS NJ Hospital Enrollment carries no record under 'Virtua Health Inc.'; it enrols Virtua's hospitals under four subsidiaries, every one named VIRTUA ... (Willingboro 310061, Our Lady of Lourdes 310029, West Jersey Health System 310022, Memorial Hospital Burlington County 310057). The parent of an enrolled hospital system is §8's HOSPITAL_OR_SYSTEM; the tie is a reading, so LOW and subtractable. §0.3a: the recipient is a hospital whatever the activity.","Award Amount column of the state's allocations PDF, exact to the dollar. The PDF prints no total; the 103 rows sum to $83,060,837 against the Governor's '$83 million' and '103 projects'.",GENERAL_KNOWLEDGE,,2026-07-31,data/evidence/recheck/2026-09-24/NJ/njrht_funding_allocations_2026-07-31.pdf
NJ,59,"Visiting Nurse Association of Central Jersey, Community Health Center, Inc.",169550,FQHC_OR_RHC,No,"NJRHT first-round award, 2026-07-31. Advancing Technology, Prevention, and Workforce Capacity in Rural New Jersey.",Yes,Yes,FY2026 (Year 1),"Rural Health Transformation Program Funding Allocations – July 31, 2026 (NJ DOH/DHS)",https://nj.gov/rural-health-transformation/documents/njrht-funding-allocations-2026.pdf,GOVERNOR_PRESS_RELEASE,DIRECT_TEXT,R/03bf_nj_year1_awardees.R,,,,,"Advancing Technology, Prevention, and Workforce Capacity in Rural New Jersey",,"Strengthen preventive care for rural and underserved populations in Monmouth County by enhancing care coordination, improving infectious disease management, and increasing access to pediatric preventive services.","TYPED (session 61, CLASSIFIER): The form is in the state's own string, and the shared classifier's name rule reads it. Classifier said FQHC_OR_RHC/MEDIUM.",MEDIUM,,Budget Period 1,NON_HOSPITAL,No,NOT_HOSPITAL,,"§10.2 NON_HOSPITAL: The form is in the state's own string, and the shared classifier's name rule reads it.","Award Amount column of the state's allocations PDF, exact to the dollar. The PDF prints no total; the 103 rows sum to $83,060,837 against the Governor's '$83 million' and '103 projects'.",STATE_SOURCE,,2026-07-31,data/evidence/recheck/2026-09-24/NJ/njrht_funding_allocations_2026-07-31.pdf
NJ,60,"Visiting Nurse Association of Central Jersey, Inc.",271617,NONPROFIT_CBO,No,"NJRHT first-round award, 2026-07-31. Advancing Technology, Prevention, and Workforce Capacity in Rural New Jersey.",Yes,Yes,FY2026 (Year 1),"Rural Health Transformation Program Funding Allocations – July 31, 2026 (NJ DOH/DHS)",https://nj.gov/rural-health-transformation/documents/njrht-funding-allocations-2026.pdf,GOVERNOR_PRESS_RELEASE,DIRECT_TEXT,R/03bf_nj_year1_awardees.R,,,,,"Advancing Technology, Prevention, and Workforce Capacity in Rural New Jersey",,"Improve mental health outcomes through rural resident participation in HIV Case Management, ResourceConnect, Early Intervention, Nurse-Family Partnership, Healthy Families, Parents as Teachers, and WIC programs.","TYPED (session 61, FALLBACK): The source states no form (§8's standing fallback, RECIPIENT_TYPE_INFERRED); queued as NJ_RECIPIENT_FORM_NOT_STATED. Classifier said NONPROFIT_CBO/LOW.",LOW,RECIPIENT_TYPE_INFERRED,Budget Period 1,NON_HOSPITAL,No,NOT_HOSPITAL,,"§10.2 NON_HOSPITAL: The source states no form (§8's standing fallback, RECIPIENT_TYPE_INFERRED); queued as NJ_RECIPIENT_FORM_NOT_STATED.","Award Amount column of the state's allocations PDF, exact to the dollar. The PDF prints no total; the 103 rows sum to $83,060,837 against the Governor's '$83 million' and '103 projects'.",,,2026-07-31,data/evidence/recheck/2026-09-24/NJ/njrht_funding_allocations_2026-07-31.pdf
NJ,61,Zufall Health Center,600162,FQHC_OR_RHC,No,"NJRHT first-round award, 2026-07-31. Advancing Technology, Prevention, and Workforce Capacity in Rural New Jersey.",Yes,Yes,FY2026 (Year 1),"Rural Health Transformation Program Funding Allocations – July 31, 2026 (NJ DOH/DHS)",https://nj.gov/rural-health-transformation/documents/njrht-funding-allocations-2026.pdf,GOVERNOR_PRESS_RELEASE,DIRECT_TEXT,R/03bf_nj_year1_awardees.R,,,,,"Advancing Technology, Prevention, and Workforce Capacity in Rural New Jersey",,"Expand equitable access to comprehensive primary and preventive health care for residents in rural Hunterdon, Sussex, and Warren Counties through innovative mobile, telehealth, and community-based service delivery and strengthen Zufall organizational capacity and patient care delivery through leadership development, operational excellence, and enhanced workforce capabilities.","TYPED (session 61, FEDERAL RECORD): EXACT federal record: CMS NJ FQHC Enrollment carries this string as an ORGANIZATION NAME or DBA (normalised for case, punctuation, a leading THE and a trailing INC) at CCNs 311004/311866/311891/311899/311900/311911/311912/311928/311948. Classifier said NONPROFIT_CBO/LOW.",MEDIUM,,Budget Period 1,NON_HOSPITAL,No,NOT_HOSPITAL,,"§10.2 NON_HOSPITAL: EXACT federal record: CMS NJ FQHC Enrollment carries this string as an ORGANIZATION NAME or DBA (normalised for case, punctuation, a leading THE and a trailing INC) at CCNs 311004/311866/311891/311899/311900/311911/311912/311928/311948.","Award Amount column of the state's allocations PDF, exact to the dollar. The PDF prints no total; the 103 rows sum to $83,060,837 against the Governor's '$83 million' and '103 projects'.",ORG_WEBSITE,,2026-07-31,data/evidence/recheck/2026-09-24/NJ/njrht_funding_allocations_2026-07-31.pdf
NJ,62,AHS Hospital Corp.,1460000,HOSPITAL_OR_SYSTEM,Yes,"NJRHT first-round award, 2026-07-31. Building Rural Hospital Capacity. SITE (not the recipient): Hackettstown Medical Center.",Yes,Yes,FY2026 (Year 1),"Rural Health Transformation Program Funding Allocations – July 31, 2026 (NJ DOH/DHS)",https://nj.gov/rural-health-transformation/documents/njrht-funding-allocations-2026.pdf,GOVERNOR_PRESS_RELEASE,DIRECT_TEXT,R/03bf_nj_year1_awardees.R,310115,,,,Building Rural Hospital Capacity,Hackettstown Medical Center,[Hackettstown Medical Center] The project is intended to expand the capacity of Hackettstown Medical Center to serve primarily uninsured and underinsured patients through three programs to build rural hospital capacity. These include: 1) Transitions of Care (to increase accessibility to hospital services); 2) Food Is Medicine (to expand existing nutrition programs); and 3) tele- neurology robots (to modernize infrastructure).,"TYPED (session 61, FEDERAL RECORD): EXACT federal record: CMS NJ Hospital Enrollment carries this string as an ORGANIZATION NAME or DBA (normalised for case, punctuation, a leading THE and a trailing INC) at CCN 310115. Classifier said HOSPITAL_OR_SYSTEM/HIGH.",MEDIUM,,Budget Period 1,DIRECT,Yes,NAMED_HOSPITAL,,"§10.2 DIRECT: EXACT federal record: CMS NJ Hospital Enrollment carries this string as an ORGANIZATION NAME or DBA (normalised for case, punctuation, a leading THE and a trailing INC) at CCN 310115. §0.3a: the recipient is a hospital whatever the activity.","Award Amount column of the state's allocations PDF, exact to the dollar. The PDF prints no total; the 103 rows sum to $83,060,837 against the Governor's '$83 million' and '103 projects'.",ORG_WEBSITE,,2026-07-31,data/evidence/recheck/2026-09-24/NJ/njrht_funding_allocations_2026-07-31.pdf
NJ,63,AHS Hospital Corp.,1460000,HOSPITAL_OR_SYSTEM,Yes,"NJRHT first-round award, 2026-07-31. Building Rural Hospital Capacity. SITE (not the recipient): Newton Medical Center.",Yes,Yes,FY2026 (Year 1),"Rural Health Transformation Program Funding Allocations – July 31, 2026 (NJ DOH/DHS)",https://nj.gov/rural-health-transformation/documents/njrht-funding-allocations-2026.pdf,GOVERNOR_PRESS_RELEASE,DIRECT_TEXT,R/03bf_nj_year1_awardees.R,310028,,,,Building Rural Hospital Capacity,Newton Medical Center,[Newton Medical Center] The project is intended to expand the capacity of Newton Medical Center to serve primarily uninsured and underinsured patients through three programs to build rural hospital capacity. These include: 1) Transitions of Care (to increase accessibility to hospital services); 2) Food Is Medicine (to expand existing nutrition programs); and 3) tele-neurology robots (to modernize infrastructure).,"TYPED (session 61, FEDERAL RECORD): EXACT federal record: CMS NJ Hospital Enrollment carries this string as an ORGANIZATION NAME or DBA (normalised for case, punctuation, a leading THE and a trailing INC) at CCN 310028. Classifier said HOSPITAL_OR_SYSTEM/HIGH.",MEDIUM,,Budget Period 1,DIRECT,Yes,NAMED_HOSPITAL,,"§10.2 DIRECT: EXACT federal record: CMS NJ Hospital Enrollment carries this string as an ORGANIZATION NAME or DBA (normalised for case, punctuation, a leading THE and a trailing INC) at CCN 310028. §0.3a: the recipient is a hospital whatever the activity.","Award Amount column of the state's allocations PDF, exact to the dollar. The PDF prints no total; the 103 rows sum to $83,060,837 against the Governor's '$83 million' and '103 projects'.",ORG_WEBSITE,,2026-07-31,data/evidence/recheck/2026-09-24/NJ/njrht_funding_allocations_2026-07-31.pdf
NJ,64,AtlantiCare Regional Medical Center,1460000,HOSPITAL_OR_SYSTEM,Yes,"NJRHT first-round award, 2026-07-31. Building Rural Hospital Capacity. SITE (not the recipient): City Campus.",Yes,Yes,FY2026 (Year 1),"Rural Health Transformation Program Funding Allocations – July 31, 2026 (NJ DOH/DHS)",https://nj.gov/rural-health-transformation/documents/njrht-funding-allocations-2026.pdf,GOVERNOR_PRESS_RELEASE,DIRECT_TEXT,R/03bf_nj_year1_awardees.R,310064,,,,Building Rural Hospital Capacity,City Campus,"[City Campus] This project is intended to modernize and strengthen the digital infrastructure, security posture, and clinical technology capabilities across the two-campus health system.","TYPED (session 61, FEDERAL RECORD): EXACT federal record: CMS NJ Hospital Enrollment carries this string as an ORGANIZATION NAME or DBA (normalised for case, punctuation, a leading THE and a trailing INC) at CCN 310064. Classifier said HOSPITAL_OR_SYSTEM/HIGH.",MEDIUM,,Budget Period 1,DIRECT,Yes,NAMED_HOSPITAL,,"§10.2 DIRECT: EXACT federal record: CMS NJ Hospital Enrollment carries this string as an ORGANIZATION NAME or DBA (normalised for case, punctuation, a leading THE and a trailing INC) at CCN 310064. §0.3a: the recipient is a hospital whatever the activity.","Award Amount column of the state's allocations PDF, exact to the dollar. The PDF prints no total; the 103 rows sum to $83,060,837 against the Governor's '$83 million' and '103 projects'.",ORG_WEBSITE,,2026-07-31,data/evidence/recheck/2026-09-24/NJ/njrht_funding_allocations_2026-07-31.pdf
NJ,65,AtlantiCare Regional Medical Center,1460000,HOSPITAL_OR_SYSTEM,Yes,"NJRHT first-round award, 2026-07-31. Building Rural Hospital Capacity. SITE (not the recipient): Mainland Campus.",Yes,Yes,FY2026 (Year 1),"Rural Health Transformation Program Funding Allocations – July 31, 2026 (NJ DOH/DHS)",https://nj.gov/rural-health-transformation/documents/njrht-funding-allocations-2026.pdf,GOVERNOR_PRESS_RELEASE,DIRECT_TEXT,R/03bf_nj_year1_awardees.R,310064,,,,Building Rural Hospital Capacity,Mainland Campus,"[Mainland Campus] This project is intended to modernize and strengthen the digital infrastructure, security posture, and clinical technology capabilities across the two-campus health system.","TYPED (session 61, FEDERAL RECORD): EXACT federal record: CMS NJ Hospital Enrollment carries this string as an ORGANIZATION NAME or DBA (normalised for case, punctuation, a leading THE and a trailing INC) at CCN 310064. Classifier said HOSPITAL_OR_SYSTEM/HIGH.",MEDIUM,,Budget Period 1,DIRECT,Yes,NAMED_HOSPITAL,,"§10.2 DIRECT: EXACT federal record: CMS NJ Hospital Enrollment carries this string as an ORGANIZATION NAME or DBA (normalised for case, punctuation, a leading THE and a trailing INC) at CCN 310064. §0.3a: the recipient is a hospital whatever the activity.","Award Amount column of the state's allocations PDF, exact to the dollar. The PDF prints no total; the 103 rows sum to $83,060,837 against the Governor's '$83 million' and '103 projects'.",ORG_WEBSITE,,2026-07-31,data/evidence/recheck/2026-09-24/NJ/njrht_funding_allocations_2026-07-31.pdf
NJ,66,"Capital Health System, Inc.",1388795,HOSPITAL_OR_SYSTEM,Yes,"NJRHT first-round award, 2026-07-31. Building Rural Hospital Capacity.",Yes,Yes,FY2026 (Year 1),"Rural Health Transformation Program Funding Allocations – July 31, 2026 (NJ DOH/DHS)",https://nj.gov/rural-health-transformation/documents/njrht-funding-allocations-2026.pdf,GOVERNOR_PRESS_RELEASE,DIRECT_TEXT,R/03bf_nj_year1_awardees.R,,,,,Building Rural Hospital Capacity,,This grantee intends to purchase a new Specialty Care Transport Unit and an Advance Life Support ambulance. This project will also be used to strengthen their IT infrastructure.,"TYPED (session 61, FEDERAL RECORD): EXACT federal record: CMS NJ Hospital Enrollment carries this string as an ORGANIZATION NAME or DBA (normalised for case, punctuation, a leading THE and a trailing INC) at CCNs 310044/310092/31S092. Classifier said HOSPITAL_OR_SYSTEM/MEDIUM.",MEDIUM,,Budget Period 1,DIRECT,Yes,NAMED_HOSPITAL,,"§10.2 DIRECT: EXACT federal record: CMS NJ Hospital Enrollment carries this string as an ORGANIZATION NAME or DBA (normalised for case, punctuation, a leading THE and a trailing INC) at CCNs 310044/310092/31S092. §0.3a: the recipient is a hospital whatever the activity.","Award Amount column of the state's allocations PDF, exact to the dollar. The PDF prints no total; the 103 rows sum to $83,060,837 against the Governor's '$83 million' and '103 projects'.",ORG_WEBSITE,,2026-07-31,data/evidence/recheck/2026-09-24/NJ/njrht_funding_allocations_2026-07-31.pdf
NJ,67,Cooper Health System,1460000,HOSPITAL_OR_SYSTEM,Yes,"NJRHT first-round award, 2026-07-31. Building Rural Hospital Capacity.",Yes,Yes,FY2026 (Year 1),"Rural Health Transformation Program Funding Allocations – July 31, 2026 (NJ DOH/DHS)",https://nj.gov/rural-health-transformation/documents/njrht-funding-allocations-2026.pdf,GOVERNOR_PRESS_RELEASE,DIRECT_TEXT,R/03bf_nj_year1_awardees.R,310014,,,,Building Rural Hospital Capacity,,"This project will include digital infrastructure modernization, implementation of a telehealth pilot, home-based care, workforce development and Food as Medicine integration.","TYPED (session 61, FEDERAL RECORD): EXACT federal record: CMS NJ Hospital Enrollment carries this string as an ORGANIZATION NAME or DBA (normalised for case, punctuation, a leading THE and a trailing INC) at CCN 310014. Classifier said HOSPITAL_OR_SYSTEM/MEDIUM.",MEDIUM,,Budget Period 1,DIRECT,Yes,NAMED_HOSPITAL,,"§10.2 DIRECT: EXACT federal record: CMS NJ Hospital Enrollment carries this string as an ORGANIZATION NAME or DBA (normalised for case, punctuation, a leading THE and a trailing INC) at CCN 310014. §0.3a: the recipient is a hospital whatever the activity.","Award Amount column of the state's allocations PDF, exact to the dollar. The PDF prints no total; the 103 rows sum to $83,060,837 against the Governor's '$83 million' and '103 projects'.",ORG_WEBSITE,,2026-07-31,data/evidence/recheck/2026-09-24/NJ/njrht_funding_allocations_2026-07-31.pdf
NJ,68,Deborah Heart and Lung Center,1393982,HOSPITAL_OR_SYSTEM,Yes,"NJRHT first-round award, 2026-07-31. Building Rural Hospital Capacity.",Yes,Yes,FY2026 (Year 1),"Rural Health Transformation Program Funding Allocations – July 31, 2026 (NJ DOH/DHS)",https://nj.gov/rural-health-transformation/documents/njrht-funding-allocations-2026.pdf,GOVERNOR_PRESS_RELEASE,DIRECT_TEXT,R/03bf_nj_year1_awardees.R,310031,,,,Building Rural Hospital Capacity,,"This project is intended to implement RuralCare ConnectTM program, which includes outreach and support, and technology and monitoring. This program follows an integrated prevention- to-technology care model that expands access to preventive services, strengthens workforce capacity, and integrates telehealth and remote monitoring solutions to reach rural residents.","TYPED (session 61, FEDERAL RECORD): EXACT federal record: CMS NJ Hospital Enrollment carries this string as an ORGANIZATION NAME or DBA (normalised for case, punctuation, a leading THE and a trailing INC) at CCN 310031. Classifier said NONPROFIT_CBO/LOW.",MEDIUM,,Budget Period 1,DIRECT,Yes,NAMED_HOSPITAL,,"§10.2 DIRECT: EXACT federal record: CMS NJ Hospital Enrollment carries this string as an ORGANIZATION NAME or DBA (normalised for case, punctuation, a leading THE and a trailing INC) at CCN 310031. §0.3a: the recipient is a hospital whatever the activity.","Award Amount column of the state's allocations PDF, exact to the dollar. The PDF prints no total; the 103 rows sum to $83,060,837 against the Governor's '$83 million' and '103 projects'.",ORG_WEBSITE,,2026-07-31,data/evidence/recheck/2026-09-24/NJ/njrht_funding_allocations_2026-07-31.pdf
NJ,69,Hunterdon Medical Center,1446828,HOSPITAL_OR_SYSTEM,Yes,"NJRHT first-round award, 2026-07-31. Building Rural Hospital Capacity.",Yes,Yes,FY2026 (Year 1),"Rural Health Transformation Program Funding Allocations – July 31, 2026 (NJ DOH/DHS)",https://nj.gov/rural-health-transformation/documents/njrht-funding-allocations-2026.pdf,GOVERNOR_PRESS_RELEASE,DIRECT_TEXT,R/03bf_nj_year1_awardees.R,310005,,,,Building Rural Hospital Capacity,,This project is intended to modernize the digital hardware and technological infrastructure to complete EMR modernization to align with the latest HITECH standards.,"TYPED (session 61, FEDERAL RECORD): EXACT federal record: CMS NJ Hospital Enrollment carries this string as an ORGANIZATION NAME or DBA (normalised for case, punctuation, a leading THE and a trailing INC) at CCN 310005. Classifier said HOSPITAL_OR_SYSTEM/HIGH.",MEDIUM,,Budget Period 1,DIRECT,Yes,NAMED_HOSPITAL,,"§10.2 DIRECT: EXACT federal record: CMS NJ Hospital Enrollment carries this string as an ORGANIZATION NAME or DBA (normalised for case, punctuation, a leading THE and a trailing INC) at CCN 310005. §0.3a: the recipient is a hospital whatever the activity.","Award Amount column of the state's allocations PDF, exact to the dollar. The PDF prints no total; the 103 rows sum to $83,060,837 against the Governor's '$83 million' and '103 projects'.",ORG_WEBSITE,,2026-07-31,data/evidence/recheck/2026-09-24/NJ/njrht_funding_allocations_2026-07-31.pdf
NJ,70,"Inspira Medical Centers, Inc.",1460000,HOSPITAL_OR_SYSTEM,Yes,"NJRHT first-round award, 2026-07-31. Building Rural Hospital Capacity. SITE (not the recipient): Elmer.",Yes,Yes,FY2026 (Year 1),"Rural Health Transformation Program Funding Allocations – July 31, 2026 (NJ DOH/DHS)",https://nj.gov/rural-health-transformation/documents/njrht-funding-allocations-2026.pdf,GOVERNOR_PRESS_RELEASE,DIRECT_TEXT,R/03bf_nj_year1_awardees.R,,,,,Building Rural Hospital Capacity,Elmer,"[Elmer] The project centers on implementing an end-to-end virtual nursing model with a centralized command center, virtual observation, and standardized care coordination workflows, to preserve access, and stabilize staffing.","TYPED (session 61, FEDERAL RECORD): EXACT federal record: CMS NJ Hospital Enrollment carries this string as an ORGANIZATION NAME or DBA (normalised for case, punctuation, a leading THE and a trailing INC) at CCNs 310032/310032A/310069/310069A/31S032/31S032A/31S069A. Classifier said NONPROFIT_CBO/LOW.",MEDIUM,,Budget Period 1,DIRECT,Yes,NAMED_HOSPITAL,,"§10.2 DIRECT: EXACT federal record: CMS NJ Hospital Enrollment carries this string as an ORGANIZATION NAME or DBA (normalised for case, punctuation, a leading THE and a trailing INC) at CCNs 310032/310032A/310069/310069A/31S032/31S032A/31S069A. §0.3a: the recipient is a hospital whatever the activity.","Award Amount column of the state's allocations PDF, exact to the dollar. The PDF prints no total; the 103 rows sum to $83,060,837 against the Governor's '$83 million' and '103 projects'.",ORG_WEBSITE,,2026-07-31,data/evidence/recheck/2026-09-24/NJ/njrht_funding_allocations_2026-07-31.pdf
NJ,71,"Inspira Medical Centers, Inc.",1209202,HOSPITAL_OR_SYSTEM,Yes,"NJRHT first-round award, 2026-07-31. Building Rural Hospital Capacity. SITE (not the recipient): Mannington.",Yes,Yes,FY2026 (Year 1),"Rural Health Transformation Program Funding Allocations – July 31, 2026 (NJ DOH/DHS)",https://nj.gov/rural-health-transformation/documents/njrht-funding-allocations-2026.pdf,GOVERNOR_PRESS_RELEASE,DIRECT_TEXT,R/03bf_nj_year1_awardees.R,,,,,Building Rural Hospital Capacity,Mannington,"[Mannington] The project centers on implementing an end-to- end virtual nursing model with a centralized command center, virtual observation, and standardized care coordination workflows, to preserve access, and stabilize staffing.","TYPED (session 61, FEDERAL RECORD): EXACT federal record: CMS NJ Hospital Enrollment carries this string as an ORGANIZATION NAME or DBA (normalised for case, punctuation, a leading THE and a trailing INC) at CCNs 310032/310032A/310069/310069A/31S032/31S032A/31S069A. Classifier said NONPROFIT_CBO/LOW.",MEDIUM,,Budget Period 1,DIRECT,Yes,NAMED_HOSPITAL,,"§10.2 DIRECT: EXACT federal record: CMS NJ Hospital Enrollment carries this string as an ORGANIZATION NAME or DBA (normalised for case, punctuation, a leading THE and a trailing INC) at CCNs 310032/310032A/310069/310069A/31S032/31S032A/31S069A. §0.3a: the recipient is a hospital whatever the activity.","Award Amount column of the state's allocations PDF, exact to the dollar. The PDF prints no total; the 103 rows sum to $83,060,837 against the Governor's '$83 million' and '103 projects'.",ORG_WEBSITE,,2026-07-31,data/evidence/recheck/2026-09-24/NJ/njrht_funding_allocations_2026-07-31.pdf
NJ,72,"Inspira Medical Centers, Inc.",1460000,HOSPITAL_OR_SYSTEM,Yes,"NJRHT first-round award, 2026-07-31. Building Rural Hospital Capacity. SITE (not the recipient): Vineland.",Yes,Yes,FY2026 (Year 1),"Rural Health Transformation Program Funding Allocations – July 31, 2026 (NJ DOH/DHS)",https://nj.gov/rural-health-transformation/documents/njrht-funding-allocations-2026.pdf,GOVERNOR_PRESS_RELEASE,DIRECT_TEXT,R/03bf_nj_year1_awardees.R,310032,,,,Building Rural Hospital Capacity,Vineland,"[Vineland] The project centers on implementing an end-to-end virtual nursing model with a centralized command center, virtual observation, and standardized care coordination workflows, to preserve access, and stabilize staffing.","TYPED (session 61, FEDERAL RECORD): EXACT federal record: CMS NJ Hospital Enrollment carries this string as an ORGANIZATION NAME or DBA (normalised for case, punctuation, a leading THE and a trailing INC) at CCN 310032. Classifier said NONPROFIT_CBO/LOW.",MEDIUM,,Budget Period 1,DIRECT,Yes,NAMED_HOSPITAL,,"§10.2 DIRECT: EXACT federal record: CMS NJ Hospital Enrollment carries this string as an ORGANIZATION NAME or DBA (normalised for case, punctuation, a leading THE and a trailing INC) at CCN 310032. §0.3a: the recipient is a hospital whatever the activity.","Award Amount column of the state's allocations PDF, exact to the dollar. The PDF prints no total; the 103 rows sum to $83,060,837 against the Governor's '$83 million' and '103 projects'.",ORG_WEBSITE,,2026-07-31,data/evidence/recheck/2026-09-24/NJ/njrht_funding_allocations_2026-07-31.pdf
NJ,73,Shore Memorial Hospital,1458227,HOSPITAL_OR_SYSTEM,Yes,"NJRHT first-round award, 2026-07-31. Building Rural Hospital Capacity.",Yes,Yes,FY2026 (Year 1),"Rural Health Transformation Program Funding Allocations – July 31, 2026 (NJ DOH/DHS)",https://nj.gov/rural-health-transformation/documents/njrht-funding-allocations-2026.pdf,GOVERNOR_PRESS_RELEASE,DIRECT_TEXT,R/03bf_nj_year1_awardees.R,310047,,,,Building Rural Hospital Capacity,,"This project will transition Shore Physicians Group from Athena to Oracle Health, consolidating both hospital and ambulatory services onto a single, remote-hosted Oracle Health enterprise platform.","TYPED (session 61, FEDERAL RECORD): EXACT federal record: CMS NJ Hospital Enrollment carries this string as an ORGANIZATION NAME or DBA (normalised for case, punctuation, a leading THE and a trailing INC) at CCN 310047. Classifier said HOSPITAL_OR_SYSTEM/HIGH.",MEDIUM,,Budget Period 1,DIRECT,Yes,NAMED_HOSPITAL,,"§10.2 DIRECT: EXACT federal record: CMS NJ Hospital Enrollment carries this string as an ORGANIZATION NAME or DBA (normalised for case, punctuation, a leading THE and a trailing INC) at CCN 310047. §0.3a: the recipient is a hospital whatever the activity.","Award Amount column of the state's allocations PDF, exact to the dollar. The PDF prints no total; the 103 rows sum to $83,060,837 against the Governor's '$83 million' and '103 projects'.",ORG_WEBSITE,,2026-07-31,data/evidence/recheck/2026-09-24/NJ/njrht_funding_allocations_2026-07-31.pdf
NJ,74,St. Luke's Warren Hospital,1460000,HOSPITAL_OR_SYSTEM,Yes,"NJRHT first-round award, 2026-07-31. Building Rural Hospital Capacity.",Yes,Yes,FY2026 (Year 1),"Rural Health Transformation Program Funding Allocations – July 31, 2026 (NJ DOH/DHS)",https://nj.gov/rural-health-transformation/documents/njrht-funding-allocations-2026.pdf,GOVERNOR_PRESS_RELEASE,DIRECT_TEXT,R/03bf_nj_year1_awardees.R,310060,,,,Building Rural Hospital Capacity,,"This project will upgrade Ultrasound, General Diagnostic and Women's Imaging equipment with the latest software to improve patient care.","TYPED (session 61, FEDERAL RECORD): EXACT federal record: CMS NJ Hospital Enrollment carries this string as an ORGANIZATION NAME or DBA (normalised for case, punctuation, a leading THE and a trailing INC) at CCN 310060. Classifier said HOSPITAL_OR_SYSTEM/HIGH.",MEDIUM,,Budget Period 1,DIRECT,Yes,NAMED_HOSPITAL,,"§10.2 DIRECT: EXACT federal record: CMS NJ Hospital Enrollment carries this string as an ORGANIZATION NAME or DBA (normalised for case, punctuation, a leading THE and a trailing INC) at CCN 310060. §0.3a: the recipient is a hospital whatever the activity.","Award Amount column of the state's allocations PDF, exact to the dollar. The PDF prints no total; the 103 rows sum to $83,060,837 against the Governor's '$83 million' and '103 projects'.",ORG_WEBSITE,,2026-07-31,data/evidence/recheck/2026-09-24/NJ/njrht_funding_allocations_2026-07-31.pdf
NJ,75,"Community Health Care, Inc. DBA CompleteCare Health Network",240589,FQHC_OR_RHC,No,"NJRHT first-round award, 2026-07-31. Community Health Workers in Rural New Jersey.",Yes,Yes,FY2026 (Year 1),"Rural Health Transformation Program Funding Allocations – July 31, 2026 (NJ DOH/DHS)",https://nj.gov/rural-health-transformation/documents/njrht-funding-allocations-2026.pdf,GOVERNOR_PRESS_RELEASE,DIRECT_TEXT,R/03bf_nj_year1_awardees.R,,,,,Community Health Workers in Rural New Jersey,,"Deploy CHWs to expand access to care, address SDOH, reduce avoidable emergency department utilization, and improve health outcomes for rural residents in Cumberland and Cape May counties through SDOH screenings, care coordination and patient navigation, community outreach, and building lasting community-clinical partnerships.","TYPED (session 61, FEDERAL RECORD): EXACT federal record: CMS NJ FQHC Enrollment carries this string as an ORGANIZATION NAME or DBA (normalised for case, punctuation, a leading THE and a trailing INC) at CCNs 311016/311807/311860/311864/311888/311897/311905/311918/311930/311935/311941. Classifier said NONPROFIT_CBO/LOW.",MEDIUM,,Budget Period 1,NON_HOSPITAL,No,NOT_HOSPITAL,,"§10.2 NON_HOSPITAL: EXACT federal record: CMS NJ FQHC Enrollment carries this string as an ORGANIZATION NAME or DBA (normalised for case, punctuation, a leading THE and a trailing INC) at CCNs 311016/311807/311860/311864/311888/311897/311905/311918/311930/311935/311941.","Award Amount column of the state's allocations PDF, exact to the dollar. The PDF prints no total; the 103 rows sum to $83,060,837 against the Governor's '$83 million' and '103 projects'.",ORG_WEBSITE,,2026-07-31,data/evidence/recheck/2026-09-24/NJ/njrht_funding_allocations_2026-07-31.pdf
NJ,76,Cooper Health System,169861,HOSPITAL_OR_SYSTEM,Yes,"NJRHT first-round award, 2026-07-31. Community Health Workers in Rural New Jersey.",Yes,Yes,FY2026 (Year 1),"Rural Health Transformation Program Funding Allocations – July 31, 2026 (NJ DOH/DHS)",https://nj.gov/rural-health-transformation/documents/njrht-funding-allocations-2026.pdf,GOVERNOR_PRESS_RELEASE,DIRECT_TEXT,R/03bf_nj_year1_awardees.R,310014,,,,Community Health Workers in Rural New Jersey,,"Deploy CHWs to deliver community-centered outreach, care coordination, and social needs navigation in rural Burlington and Cape May Counties to ensure continuity across care settings.","TYPED (session 61, FEDERAL RECORD): EXACT federal record: CMS NJ Hospital Enrollment carries this string as an ORGANIZATION NAME or DBA (normalised for case, punctuation, a leading THE and a trailing INC) at CCN 310014. Classifier said HOSPITAL_OR_SYSTEM/MEDIUM.",MEDIUM,,Budget Period 1,DIRECT,Yes,NAMED_HOSPITAL,,"§10.2 DIRECT: EXACT federal record: CMS NJ Hospital Enrollment carries this string as an ORGANIZATION NAME or DBA (normalised for case, punctuation, a leading THE and a trailing INC) at CCN 310014. §0.3a: the recipient is a hospital whatever the activity.","Award Amount column of the state's allocations PDF, exact to the dollar. The PDF prints no total; the 103 rows sum to $83,060,837 against the Governor's '$83 million' and '103 projects'.",ORG_WEBSITE,,2026-07-31,data/evidence/recheck/2026-09-24/NJ/njrht_funding_allocations_2026-07-31.pdf
NJ,77,Healthy People Worldwide DBA Mowana Care,300000,NONPROFIT_CBO,No,"NJRHT first-round award, 2026-07-31. Community Health Workers in Rural New Jersey.",Yes,Yes,FY2026 (Year 1),"Rural Health Transformation Program Funding Allocations – July 31, 2026 (NJ DOH/DHS)",https://nj.gov/rural-health-transformation/documents/njrht-funding-allocations-2026.pdf,GOVERNOR_PRESS_RELEASE,DIRECT_TEXT,R/03bf_nj_year1_awardees.R,,,,,Community Health Workers in Rural New Jersey,,"Improve access to maternal, behavioral, and preventive healthcare services in rural Hunterdon and Mercer Counties through outreach, care coordination, and SDOH navigation via CHWs.","TYPED (session 61, FALLBACK): The source states no form (§8's standing fallback, RECIPIENT_TYPE_INFERRED); queued as NJ_RECIPIENT_FORM_NOT_STATED. Classifier said NONPROFIT_CBO/LOW.",LOW,RECIPIENT_TYPE_INFERRED,Budget Period 1,NON_HOSPITAL,No,NOT_HOSPITAL,,"§10.2 NON_HOSPITAL: The source states no form (§8's standing fallback, RECIPIENT_TYPE_INFERRED); queued as NJ_RECIPIENT_FORM_NOT_STATED.","Award Amount column of the state's allocations PDF, exact to the dollar. The PDF prints no total; the 103 rows sum to $83,060,837 against the Governor's '$83 million' and '103 projects'.",,,2026-07-31,data/evidence/recheck/2026-09-24/NJ/njrht_funding_allocations_2026-07-31.pdf
NJ,78,Kennedy University Hospital Inc.,123603,HOSPITAL_OR_SYSTEM,Yes,"NJRHT first-round award, 2026-07-31. Community Health Workers in Rural New Jersey.",Yes,Yes,FY2026 (Year 1),"Rural Health Transformation Program Funding Allocations – July 31, 2026 (NJ DOH/DHS)",https://nj.gov/rural-health-transformation/documents/njrht-funding-allocations-2026.pdf,GOVERNOR_PRESS_RELEASE,DIRECT_TEXT,R/03bf_nj_year1_awardees.R,310086,,,,Community Health Workers in Rural New Jersey,,"Improve access to care, strengthen chronic disease prevention and management, and address SDOH among rural residents of Burlington County via CHWs.","TYPED (session 61, FEDERAL RECORD): EXACT federal record: CMS NJ Hospital Enrollment carries this string as an ORGANIZATION NAME or DBA (normalised for case, punctuation, a leading THE and a trailing INC) at CCN 310086. Classifier said HOSPITAL_OR_SYSTEM/HIGH.",MEDIUM,,Budget Period 1,DIRECT,Yes,NAMED_HOSPITAL,,"§10.2 DIRECT: EXACT federal record: CMS NJ Hospital Enrollment carries this string as an ORGANIZATION NAME or DBA (normalised for case, punctuation, a leading THE and a trailing INC) at CCN 310086. §0.3a: the recipient is a hospital whatever the activity.","Award Amount column of the state's allocations PDF, exact to the dollar. The PDF prints no total; the 103 rows sum to $83,060,837 against the Governor's '$83 million' and '103 projects'.",ORG_WEBSITE,,2026-07-31,data/evidence/recheck/2026-09-24/NJ/njrht_funding_allocations_2026-07-31.pdf
NJ,79,NORWESCAP,106258,NONPROFIT_CBO,No,"NJRHT first-round award, 2026-07-31. Community Health Workers in Rural New Jersey.",Yes,Yes,FY2026 (Year 1),"Rural Health Transformation Program Funding Allocations – July 31, 2026 (NJ DOH/DHS)",https://nj.gov/rural-health-transformation/documents/njrht-funding-allocations-2026.pdf,GOVERNOR_PRESS_RELEASE,DIRECT_TEXT,R/03bf_nj_year1_awardees.R,,,,,Community Health Workers in Rural New Jersey,,"Identify unmet medical and SDOH needs in Warren and Hunterdon Counties and connect residents to appropriate resources, reducing avoidable emergency care utilization and improving long-term well-being.","TYPED (session 61, FALLBACK): The source states no form (§8's standing fallback, RECIPIENT_TYPE_INFERRED); queued as NJ_RECIPIENT_FORM_NOT_STATED. Classifier said NONPROFIT_CBO/LOW.",LOW,RECIPIENT_TYPE_INFERRED,Budget Period 1,NON_HOSPITAL,No,NOT_HOSPITAL,,"§10.2 NON_HOSPITAL: The source states no form (§8's standing fallback, RECIPIENT_TYPE_INFERRED); queued as NJ_RECIPIENT_FORM_NOT_STATED.","Award Amount column of the state's allocations PDF, exact to the dollar. The PDF prints no total; the 103 rows sum to $83,060,837 against the Governor's '$83 million' and '103 projects'.",,,2026-07-31,data/evidence/recheck/2026-09-24/NJ/njrht_funding_allocations_2026-07-31.pdf
NJ,80,Statewide Parent Advocacy Network,186517,NONPROFIT_CBO,No,"NJRHT first-round award, 2026-07-31. Community Health Workers in Rural New Jersey.",Yes,Yes,FY2026 (Year 1),"Rural Health Transformation Program Funding Allocations – July 31, 2026 (NJ DOH/DHS)",https://nj.gov/rural-health-transformation/documents/njrht-funding-allocations-2026.pdf,GOVERNOR_PRESS_RELEASE,DIRECT_TEXT,R/03bf_nj_year1_awardees.R,,,,,Community Health Workers in Rural New Jersey,,"Deploy CHWs across Atlantic, Cape May, Cumberland, Hunterdon, Salem, Sussex, and Warren counties, to strengthen family navigation, improve care coordination, and enhance community-clinical linkages.","TYPED (session 61, FALLBACK): The source states no form (§8's standing fallback, RECIPIENT_TYPE_INFERRED); queued as NJ_RECIPIENT_FORM_NOT_STATED. Classifier said NONPROFIT_CBO/LOW.",LOW,RECIPIENT_TYPE_INFERRED,Budget Period 1,NON_HOSPITAL,No,NOT_HOSPITAL,,"§10.2 NON_HOSPITAL: The source states no form (§8's standing fallback, RECIPIENT_TYPE_INFERRED); queued as NJ_RECIPIENT_FORM_NOT_STATED.","Award Amount column of the state's allocations PDF, exact to the dollar. The PDF prints no total; the 103 rows sum to $83,060,837 against the Governor's '$83 million' and '103 projects'.",,,2026-07-31,data/evidence/recheck/2026-09-24/NJ/njrht_funding_allocations_2026-07-31.pdf
NJ,81,"Trenton Health Team, Inc.",249382,NONPROFIT_CBO,No,"NJRHT first-round award, 2026-07-31. Community Health Workers in Rural New Jersey.",Yes,Yes,FY2026 (Year 1),"Rural Health Transformation Program Funding Allocations – July 31, 2026 (NJ DOH/DHS)",https://nj.gov/rural-health-transformation/documents/njrht-funding-allocations-2026.pdf,GOVERNOR_PRESS_RELEASE,DIRECT_TEXT,R/03bf_nj_year1_awardees.R,,,,,Community Health Workers in Rural New Jersey,,"Improve maternal and infant health outcomes for rural pregnant and postpartum individuals in Mercer County using a fully embedded CHW model within Capital Health’s prenatal clinics, including SDOH screening and care coordination.","TYPED (session 61, FALLBACK): The source states no form (§8's standing fallback, RECIPIENT_TYPE_INFERRED); queued as NJ_RECIPIENT_FORM_NOT_STATED. Classifier said NONPROFIT_CBO/LOW.",LOW,RECIPIENT_TYPE_INFERRED,Budget Period 1,NON_HOSPITAL,No,NOT_HOSPITAL,,"§10.2 NON_HOSPITAL: The source states no form (§8's standing fallback, RECIPIENT_TYPE_INFERRED); queued as NJ_RECIPIENT_FORM_NOT_STATED.","Award Amount column of the state's allocations PDF, exact to the dollar. The PDF prints no total; the 103 rows sum to $83,060,837 against the Governor's '$83 million' and '103 projects'.",,,2026-07-31,data/evidence/recheck/2026-09-24/NJ/njrht_funding_allocations_2026-07-31.pdf
NJ,82,Virtua Health Inc.,107451,HOSPITAL_OR_SYSTEM,Yes,"NJRHT first-round award, 2026-07-31. Community Health Workers in Rural New Jersey.",Yes,Yes,FY2026 (Year 1),"Rural Health Transformation Program Funding Allocations – July 31, 2026 (NJ DOH/DHS)",https://nj.gov/rural-health-transformation/documents/njrht-funding-allocations-2026.pdf,GOVERNOR_PRESS_RELEASE,DIRECT_TEXT,R/03bf_nj_year1_awardees.R,,,,,Community Health Workers in Rural New Jersey,,"Expand a specialized CHW workforce to improve access to preventive maternal and child health services for families in rural South Jersey through home visiting, mobile health integration, telehealth support, and care coordination.","TYPED (session 61, HAND-READ): HAND-READ BRIDGE: CMS NJ Hospital Enrollment carries no record under 'Virtua Health Inc.'; it enrols Virtua's hospitals under four subsidiaries, every one named VIRTUA ... (Willingboro 310061, Our Lady of Lourdes 310029, West Jersey Health System 310022, Memorial Hospital Burlington County 310057). The parent of an enrolled hospital system is §8's HOSPITAL_OR_SYSTEM; the tie is a reading, so LOW and subtractable. Classifier said NONPROFIT_CBO/LOW.",LOW,,Budget Period 1,DIRECT,Yes,NAMED_HOSPITAL,,"§10.2 DIRECT: HAND-READ BRIDGE: CMS NJ Hospital Enrollment carries no record under 'Virtua Health Inc.'; it enrols Virtua's hospitals under four subsidiaries, every one named VIRTUA ... (Willingboro 310061, Our Lady of Lourdes 310029, West Jersey Health System 310022, Memorial Hospital Burlington County 310057). The parent of an enrolled hospital system is §8's HOSPITAL_OR_SYSTEM; the tie is a reading, so LOW and subtractable. §0.3a: the recipient is a hospital whatever the activity.","Award Amount column of the state's allocations PDF, exact to the dollar. The PDF prints no total; the 103 rows sum to $83,060,837 against the Governor's '$83 million' and '103 projects'.",GENERAL_KNOWLEDGE,,2026-07-31,data/evidence/recheck/2026-09-24/NJ/njrht_funding_allocations_2026-07-31.pdf
NJ,83,AtlantiCare Regional Medical Center,790478,HOSPITAL_OR_SYSTEM,Yes,"NJRHT first-round award, 2026-07-31. Doula Integration in Rural New Jersey.",Yes,Yes,FY2026 (Year 1),"Rural Health Transformation Program Funding Allocations – July 31, 2026 (NJ DOH/DHS)",https://nj.gov/rural-health-transformation/documents/njrht-funding-allocations-2026.pdf,GOVERNOR_PRESS_RELEASE,DIRECT_TEXT,R/03bf_nj_year1_awardees.R,310064,,,,Doula Integration in Rural New Jersey,,"Establish a doula integration model to increase the delivery of patient-centered prenatal and perinatal care through standardized practices, shared decision making, culturally responsive care, and individualized birth plans.","TYPED (session 61, FEDERAL RECORD): EXACT federal record: CMS NJ Hospital Enrollment carries this string as an ORGANIZATION NAME or DBA (normalised for case, punctuation, a leading THE and a trailing INC) at CCN 310064. Classifier said HOSPITAL_OR_SYSTEM/HIGH.",MEDIUM,,Budget Period 1,DIRECT,Yes,NAMED_HOSPITAL,,"§10.2 DIRECT: EXACT federal record: CMS NJ Hospital Enrollment carries this string as an ORGANIZATION NAME or DBA (normalised for case, punctuation, a leading THE and a trailing INC) at CCN 310064. §0.3a: the recipient is a hospital whatever the activity.","Award Amount column of the state's allocations PDF, exact to the dollar. The PDF prints no total; the 103 rows sum to $83,060,837 against the Governor's '$83 million' and '103 projects'.",ORG_WEBSITE,,2026-07-31,data/evidence/recheck/2026-09-24/NJ/njrht_funding_allocations_2026-07-31.pdf
NJ,84,Cooper Health System,185000,HOSPITAL_OR_SYSTEM,Yes,"NJRHT first-round award, 2026-07-31. Doula Integration in Rural New Jersey.",Yes,Yes,FY2026 (Year 1),"Rural Health Transformation Program Funding Allocations – July 31, 2026 (NJ DOH/DHS)",https://nj.gov/rural-health-transformation/documents/njrht-funding-allocations-2026.pdf,GOVERNOR_PRESS_RELEASE,DIRECT_TEXT,R/03bf_nj_year1_awardees.R,310014,,,,Doula Integration in Rural New Jersey,,"Implement a Tier 1 Community Doula Program that integrates paid, NJ-approved community doulas into existing clinical and community-based maternal health services at Cooper University Health Care within Burlington County, Atlantic, Cape May, Cumberland, and Salem Counties.","TYPED (session 61, FEDERAL RECORD): EXACT federal record: CMS NJ Hospital Enrollment carries this string as an ORGANIZATION NAME or DBA (normalised for case, punctuation, a leading THE and a trailing INC) at CCN 310014. Classifier said HOSPITAL_OR_SYSTEM/MEDIUM.",MEDIUM,,Budget Period 1,DIRECT,Yes,NAMED_HOSPITAL,,"§10.2 DIRECT: EXACT federal record: CMS NJ Hospital Enrollment carries this string as an ORGANIZATION NAME or DBA (normalised for case, punctuation, a leading THE and a trailing INC) at CCN 310014. §0.3a: the recipient is a hospital whatever the activity.","Award Amount column of the state's allocations PDF, exact to the dollar. The PDF prints no total; the 103 rows sum to $83,060,837 against the Governor's '$83 million' and '103 projects'.",ORG_WEBSITE,,2026-07-31,data/evidence/recheck/2026-09-24/NJ/njrht_funding_allocations_2026-07-31.pdf
NJ,85,HMH Hospitals Corporation,750000,HOSPITAL_OR_SYSTEM,Yes,"NJRHT first-round award, 2026-07-31. Doula Integration in Rural New Jersey.",Yes,Yes,FY2026 (Year 1),"Rural Health Transformation Program Funding Allocations – July 31, 2026 (NJ DOH/DHS)",https://nj.gov/rural-health-transformation/documents/njrht-funding-allocations-2026.pdf,GOVERNOR_PRESS_RELEASE,DIRECT_TEXT,R/03bf_nj_year1_awardees.R,,,,,Doula Integration in Rural New Jersey,,"Establish a hospital-integrated Transitions of Care Doula program at Hackensack Meridian Health (HMH) through the deployment of six full-time doulas to provide support to high-risk postpartum patients in Atlantic, Burlington, Cape May, Cumberland, Mercer, Monmouth, Ocean, Salem, and Sussex Counties.","TYPED (session 61, FEDERAL RECORD): EXACT federal record: CMS NJ Hospital Enrollment carries this string as an ORGANIZATION NAME or DBA (normalised for case, punctuation, a leading THE and a trailing INC) at CCNs 310001/310003/310034/310039/310052/310073/310108/310112/310113/31S001/31S073/31T034/31T052/31T108. Classifier said HOSPITAL_OR_SYSTEM/HIGH.",MEDIUM,,Budget Period 1,DIRECT,Yes,NAMED_HOSPITAL,,"§10.2 DIRECT: EXACT federal record: CMS NJ Hospital Enrollment carries this string as an ORGANIZATION NAME or DBA (normalised for case, punctuation, a leading THE and a trailing INC) at CCNs 310001/310003/310034/310039/310052/310073/310108/310112/310113/31S001/31S073/31T034/31T052/31T108. §0.3a: the recipient is a hospital whatever the activity.","Award Amount column of the state's allocations PDF, exact to the dollar. The PDF prints no total; the 103 rows sum to $83,060,837 against the Governor's '$83 million' and '103 projects'.",ORG_WEBSITE,,2026-07-31,data/evidence/recheck/2026-09-24/NJ/njrht_funding_allocations_2026-07-31.pdf
NJ,86,Virtua Health Inc.,292524,HOSPITAL_OR_SYSTEM,Yes,"NJRHT first-round award, 2026-07-31. Doula Integration in Rural New Jersey.",Yes,Yes,FY2026 (Year 1),"Rural Health Transformation Program Funding Allocations – July 31, 2026 (NJ DOH/DHS)",https://nj.gov/rural-health-transformation/documents/njrht-funding-allocations-2026.pdf,GOVERNOR_PRESS_RELEASE,DIRECT_TEXT,R/03bf_nj_year1_awardees.R,,,,,Doula Integration in Rural New Jersey,,"Expand access to culturally competent doula services for pregnant and postpartum individuals through the recruitment and training of a rural doula workforce, establishment of referral pathways with healthcare and community partners, and provision of continuous prenatal, labor, and postpartum support in rural Burlington and Atlantic Counties.","TYPED (session 61, HAND-READ): HAND-READ BRIDGE: CMS NJ Hospital Enrollment carries no record under 'Virtua Health Inc.'; it enrols Virtua's hospitals under four subsidiaries, every one named VIRTUA ... (Willingboro 310061, Our Lady of Lourdes 310029, West Jersey Health System 310022, Memorial Hospital Burlington County 310057). The parent of an enrolled hospital system is §8's HOSPITAL_OR_SYSTEM; the tie is a reading, so LOW and subtractable. Classifier said NONPROFIT_CBO/LOW.",LOW,,Budget Period 1,DIRECT,Yes,NAMED_HOSPITAL,,"§10.2 DIRECT: HAND-READ BRIDGE: CMS NJ Hospital Enrollment carries no record under 'Virtua Health Inc.'; it enrols Virtua's hospitals under four subsidiaries, every one named VIRTUA ... (Willingboro 310061, Our Lady of Lourdes 310029, West Jersey Health System 310022, Memorial Hospital Burlington County 310057). The parent of an enrolled hospital system is §8's HOSPITAL_OR_SYSTEM; the tie is a reading, so LOW and subtractable. §0.3a: the recipient is a hospital whatever the activity.","Award Amount column of the state's allocations PDF, exact to the dollar. The PDF prints no total; the 103 rows sum to $83,060,837 against the Governor's '$83 million' and '103 projects'.",GENERAL_KNOWLEDGE,,2026-07-31,data/evidence/recheck/2026-09-24/NJ/njrht_funding_allocations_2026-07-31.pdf
NJ,87,"Visiting Nurse Association of Central Jersey, Community Health Center, Inc.",85484,FQHC_OR_RHC,No,"NJRHT first-round award, 2026-07-31. Doula Integration in Rural New Jersey.",Yes,Yes,FY2026 (Year 1),"Rural Health Transformation Program Funding Allocations – July 31, 2026 (NJ DOH/DHS)",https://nj.gov/rural-health-transformation/documents/njrht-funding-allocations-2026.pdf,GOVERNOR_PRESS_RELEASE,DIRECT_TEXT,R/03bf_nj_year1_awardees.R,,,,,Doula Integration in Rural New Jersey,,"The Bridge to Birth Doula Program will implement Community Doula services through consistent, culturally responsive support that strengthens patient engagement, builds trust, and complements medical care.","TYPED (session 61, CLASSIFIER): The form is in the state's own string, and the shared classifier's name rule reads it. Classifier said FQHC_OR_RHC/MEDIUM.",MEDIUM,,Budget Period 1,NON_HOSPITAL,No,NOT_HOSPITAL,,"§10.2 NON_HOSPITAL: The form is in the state's own string, and the shared classifier's name rule reads it.","Award Amount column of the state's allocations PDF, exact to the dollar. The PDF prints no total; the 103 rows sum to $83,060,837 against the Governor's '$83 million' and '103 projects'.",STATE_SOURCE,,2026-07-31,data/evidence/recheck/2026-09-24/NJ/njrht_funding_allocations_2026-07-31.pdf
NJ,88,Atlantic Prevention Resources Inc.,130392,NONPROFIT_CBO,No,"NJRHT first-round award, 2026-07-31. Improving Chronic Disease Outcomes.",Yes,Yes,FY2026 (Year 1),"Rural Health Transformation Program Funding Allocations – July 31, 2026 (NJ DOH/DHS)",https://nj.gov/rural-health-transformation/documents/njrht-funding-allocations-2026.pdf,GOVERNOR_PRESS_RELEASE,DIRECT_TEXT,R/03bf_nj_year1_awardees.R,,,,,Improving Chronic Disease Outcomes,,"Rural Pharmacy Medication Management Therapy Program supports medication management, tobacco cessation, and chronic disease prevention services not covered by medical insurance. This program targets medication adherence, polypharmacy, and tobacco use among uninsured and underinsured populations with or at risk for chronic conditions to delay disease progression and support overall well-being.","TYPED (session 61, FALLBACK): The source states no form (§8's standing fallback, RECIPIENT_TYPE_INFERRED); queued as NJ_RECIPIENT_FORM_NOT_STATED. Classifier said NONPROFIT_CBO/LOW.",LOW,RECIPIENT_TYPE_INFERRED,Budget Period 1,NON_HOSPITAL,No,NOT_HOSPITAL,,"§10.2 NON_HOSPITAL: The source states no form (§8's standing fallback, RECIPIENT_TYPE_INFERRED); queued as NJ_RECIPIENT_FORM_NOT_STATED.","Award Amount column of the state's allocations PDF, exact to the dollar. The PDF prints no total; the 103 rows sum to $83,060,837 against the Governor's '$83 million' and '103 projects'.",,,2026-07-31,data/evidence/recheck/2026-09-24/NJ/njrht_funding_allocations_2026-07-31.pdf
NJ,89,"AtlantiCare Health Services, Inc.",146655,FQHC_OR_RHC,No,"NJRHT first-round award, 2026-07-31. Improving Chronic Disease Outcomes.",Yes,Yes,FY2026 (Year 1),"Rural Health Transformation Program Funding Allocations – July 31, 2026 (NJ DOH/DHS)",https://nj.gov/rural-health-transformation/documents/njrht-funding-allocations-2026.pdf,GOVERNOR_PRESS_RELEASE,DIRECT_TEXT,R/03bf_nj_year1_awardees.R,,,,,Improving Chronic Disease Outcomes,,"The NJ Rural Southern Physical Activity and Nutrition (NJ R- SPAN) Program will support evidence-based physical activity, nutrition, and obesity prevention initiatives for rural communities by leveraging partnerships and resources from various sectors in Atlantic, Cumberland, Salem, Cape May counties.","TYPED (session 61, FEDERAL RECORD): EXACT federal record: CMS NJ FQHC Enrollment carries this string as an ORGANIZATION NAME or DBA (normalised for case, punctuation, a leading THE and a trailing INC) at CCNs 311008/311009/311012/311014/311015/311017/311872/311949. Classifier said NONPROFIT_CBO/LOW.",MEDIUM,,Budget Period 1,NON_HOSPITAL,No,NOT_HOSPITAL,,"§10.2 NON_HOSPITAL: EXACT federal record: CMS NJ FQHC Enrollment carries this string as an ORGANIZATION NAME or DBA (normalised for case, punctuation, a leading THE and a trailing INC) at CCNs 311008/311009/311012/311014/311015/311017/311872/311949.","Award Amount column of the state's allocations PDF, exact to the dollar. The PDF prints no total; the 103 rows sum to $83,060,837 against the Governor's '$83 million' and '103 projects'.",ORG_WEBSITE,,2026-07-31,data/evidence/recheck/2026-09-24/NJ/njrht_funding_allocations_2026-07-31.pdf
NJ,90,"Community Health Care, Inc. DBA CompleteCare Health Network",322104,FQHC_OR_RHC,No,"NJRHT first-round award, 2026-07-31. Improving Chronic Disease Outcomes.",Yes,Yes,FY2026 (Year 1),"Rural Health Transformation Program Funding Allocations – July 31, 2026 (NJ DOH/DHS)",https://nj.gov/rural-health-transformation/documents/njrht-funding-allocations-2026.pdf,GOVERNOR_PRESS_RELEASE,DIRECT_TEXT,R/03bf_nj_year1_awardees.R,,,,,Improving Chronic Disease Outcomes,,"The Rural Health Screening and Education improves access to preventive cancer screening, chronic disease self-management education, and care coordination for underserved rural residents of Cumberland and Cape May Counties through health education, screening activation, navigation, and referral services.","TYPED (session 61, FEDERAL RECORD): EXACT federal record: CMS NJ FQHC Enrollment carries this string as an ORGANIZATION NAME or DBA (normalised for case, punctuation, a leading THE and a trailing INC) at CCNs 311016/311807/311860/311864/311888/311897/311905/311918/311930/311935/311941. Classifier said NONPROFIT_CBO/LOW.",MEDIUM,,Budget Period 1,NON_HOSPITAL,No,NOT_HOSPITAL,,"§10.2 NON_HOSPITAL: EXACT federal record: CMS NJ FQHC Enrollment carries this string as an ORGANIZATION NAME or DBA (normalised for case, punctuation, a leading THE and a trailing INC) at CCNs 311016/311807/311860/311864/311888/311897/311905/311918/311930/311935/311941.","Award Amount column of the state's allocations PDF, exact to the dollar. The PDF prints no total; the 103 rows sum to $83,060,837 against the Governor's '$83 million' and '103 projects'.",ORG_WEBSITE,,2026-07-31,data/evidence/recheck/2026-09-24/NJ/njrht_funding_allocations_2026-07-31.pdf
NJ,91,Cooper Health System,178711,HOSPITAL_OR_SYSTEM,Yes,"NJRHT first-round award, 2026-07-31. Improving Chronic Disease Outcomes.",Yes,Yes,FY2026 (Year 1),"Rural Health Transformation Program Funding Allocations – July 31, 2026 (NJ DOH/DHS)",https://nj.gov/rural-health-transformation/documents/njrht-funding-allocations-2026.pdf,GOVERNOR_PRESS_RELEASE,DIRECT_TEXT,R/03bf_nj_year1_awardees.R,310014,,,,Improving Chronic Disease Outcomes,,"The Enhancing Rural Cancer Healthcare program aims to implement sustainable policy, systems, and environmental change approaches across the rural areas of 8 Regional Chronic Disease Coalitions to reduce the burden of cancer and other chronic and reproductive diseases through cancer education, outreach, referrals to appropriate screening services, and survivorship care services.","TYPED (session 61, FEDERAL RECORD): EXACT federal record: CMS NJ Hospital Enrollment carries this string as an ORGANIZATION NAME or DBA (normalised for case, punctuation, a leading THE and a trailing INC) at CCN 310014. Classifier said HOSPITAL_OR_SYSTEM/MEDIUM.",MEDIUM,,Budget Period 1,DIRECT,Yes,NAMED_HOSPITAL,,"§10.2 DIRECT: EXACT federal record: CMS NJ Hospital Enrollment carries this string as an ORGANIZATION NAME or DBA (normalised for case, punctuation, a leading THE and a trailing INC) at CCN 310014. §0.3a: the recipient is a hospital whatever the activity.","Award Amount column of the state's allocations PDF, exact to the dollar. The PDF prints no total; the 103 rows sum to $83,060,837 against the Governor's '$83 million' and '103 projects'.",ORG_WEBSITE,,2026-07-31,data/evidence/recheck/2026-09-24/NJ/njrht_funding_allocations_2026-07-31.pdf
NJ,92,Healthy People Worldwide DBA Mowana Care,89268,NONPROFIT_CBO,No,"NJRHT first-round award, 2026-07-31. Improving Chronic Disease Outcomes.",Yes,Yes,FY2026 (Year 1),"Rural Health Transformation Program Funding Allocations – July 31, 2026 (NJ DOH/DHS)",https://nj.gov/rural-health-transformation/documents/njrht-funding-allocations-2026.pdf,GOVERNOR_PRESS_RELEASE,DIRECT_TEXT,R/03bf_nj_year1_awardees.R,,,,,Improving Chronic Disease Outcomes,,"The Umbrella Hub Organizations aims to reduce barriers and increase reimbursement for education on diabetes, cardiovascular, and other chronic diseases covered by public and private insurers.","TYPED (session 61, FALLBACK): The source states no form (§8's standing fallback, RECIPIENT_TYPE_INFERRED); queued as NJ_RECIPIENT_FORM_NOT_STATED. Classifier said NONPROFIT_CBO/LOW.",LOW,RECIPIENT_TYPE_INFERRED,Budget Period 1,NON_HOSPITAL,No,NOT_HOSPITAL,,"§10.2 NON_HOSPITAL: The source states no form (§8's standing fallback, RECIPIENT_TYPE_INFERRED); queued as NJ_RECIPIENT_FORM_NOT_STATED.","Award Amount column of the state's allocations PDF, exact to the dollar. The PDF prints no total; the 103 rows sum to $83,060,837 against the Governor's '$83 million' and '103 projects'.",,,2026-07-31,data/evidence/recheck/2026-09-24/NJ/njrht_funding_allocations_2026-07-31.pdf
NJ,93,Hunterdon Medical Center,147117,HOSPITAL_OR_SYSTEM,Yes,"NJRHT first-round award, 2026-07-31. Improving Chronic Disease Outcomes.",Yes,Yes,FY2026 (Year 1),"Rural Health Transformation Program Funding Allocations – July 31, 2026 (NJ DOH/DHS)",https://nj.gov/rural-health-transformation/documents/njrht-funding-allocations-2026.pdf,GOVERNOR_PRESS_RELEASE,DIRECT_TEXT,R/03bf_nj_year1_awardees.R,310005,,,,Improving Chronic Disease Outcomes,,"Enhance and expand early detection, prevention, and management of chronic diseases through coordinated screening and education initiatives encouraging proactive engagement in preventive care, healthier behaviors, and improvement in long- term health outcomes and to advance health equity among food- insecure and medically underserved rural residents by providing access to healthy foods through an integrated community-clinical model.","TYPED (session 61, FEDERAL RECORD): EXACT federal record: CMS NJ Hospital Enrollment carries this string as an ORGANIZATION NAME or DBA (normalised for case, punctuation, a leading THE and a trailing INC) at CCN 310005. Classifier said HOSPITAL_OR_SYSTEM/HIGH.",MEDIUM,,Budget Period 1,DIRECT,Yes,NAMED_HOSPITAL,,"§10.2 DIRECT: EXACT federal record: CMS NJ Hospital Enrollment carries this string as an ORGANIZATION NAME or DBA (normalised for case, punctuation, a leading THE and a trailing INC) at CCN 310005. §0.3a: the recipient is a hospital whatever the activity.","Award Amount column of the state's allocations PDF, exact to the dollar. The PDF prints no total; the 103 rows sum to $83,060,837 against the Governor's '$83 million' and '103 projects'.",ORG_WEBSITE,,2026-07-31,data/evidence/recheck/2026-09-24/NJ/njrht_funding_allocations_2026-07-31.pdf
NJ,94,Legacy Treatment Services,133296,NONPROFIT_CBO,No,"NJRHT first-round award, 2026-07-31. Improving Chronic Disease Outcomes.",Yes,Yes,FY2026 (Year 1),"Rural Health Transformation Program Funding Allocations – July 31, 2026 (NJ DOH/DHS)",https://nj.gov/rural-health-transformation/documents/njrht-funding-allocations-2026.pdf,GOVERNOR_PRESS_RELEASE,DIRECT_TEXT,R/03bf_nj_year1_awardees.R,,,,,Improving Chronic Disease Outcomes,,"Improve health outcomes in rural communities through medication therapy management, tobacco cessation services, and chronic disease prevention and management that are not covered by medical insurance.","TYPED (session 61, FALLBACK): The source states no form (§8's standing fallback, RECIPIENT_TYPE_INFERRED); queued as NJ_RECIPIENT_FORM_NOT_STATED. Classifier said NONPROFIT_CBO/LOW.",LOW,RECIPIENT_TYPE_INFERRED,Budget Period 1,NON_HOSPITAL,No,NOT_HOSPITAL,,"§10.2 NON_HOSPITAL: The source states no form (§8's standing fallback, RECIPIENT_TYPE_INFERRED); queued as NJ_RECIPIENT_FORM_NOT_STATED.","Award Amount column of the state's allocations PDF, exact to the dollar. The PDF prints no total; the 103 rows sum to $83,060,837 against the Governor's '$83 million' and '103 projects'.",,,2026-07-31,data/evidence/recheck/2026-09-24/NJ/njrht_funding_allocations_2026-07-31.pdf
NJ,95,National Kidney Foundation,177757,NONPROFIT_CBO,No,"NJRHT first-round award, 2026-07-31. Improving Chronic Disease Outcomes.",Yes,Yes,FY2026 (Year 1),"Rural Health Transformation Program Funding Allocations – July 31, 2026 (NJ DOH/DHS)",https://nj.gov/rural-health-transformation/documents/njrht-funding-allocations-2026.pdf,GOVERNOR_PRESS_RELEASE,DIRECT_TEXT,R/03bf_nj_year1_awardees.R,,,,,Improving Chronic Disease Outcomes,,"Enhance and expand early detection, prevention, and management of chronic diseases through coordinated screening and education initiatives encouraging proactive engagement in preventive care, healthier behaviors, and improvement in long- term health outcomes among residents through home-based testing, patient-centered support services, and quality improvement initiatives.","TYPED (session 61, FALLBACK): The source states no form (§8's standing fallback, RECIPIENT_TYPE_INFERRED); queued as NJ_RECIPIENT_FORM_NOT_STATED. Classifier said NONPROFIT_CBO/LOW.",LOW,RECIPIENT_TYPE_INFERRED,Budget Period 1,NON_HOSPITAL,No,NOT_HOSPITAL,,"§10.2 NON_HOSPITAL: The source states no form (§8's standing fallback, RECIPIENT_TYPE_INFERRED); queued as NJ_RECIPIENT_FORM_NOT_STATED.","Award Amount column of the state's allocations PDF, exact to the dollar. The PDF prints no total; the 103 rows sum to $83,060,837 against the Governor's '$83 million' and '103 projects'.",,,2026-07-31,data/evidence/recheck/2026-09-24/NJ/njrht_funding_allocations_2026-07-31.pdf
NJ,96,"New Jersey Innovation Institute, Inc.",197004,NONPROFIT_CBO,No,"NJRHT first-round award, 2026-07-31. Improving Chronic Disease Outcomes.",Yes,Yes,FY2026 (Year 1),"Rural Health Transformation Program Funding Allocations – July 31, 2026 (NJ DOH/DHS)",https://nj.gov/rural-health-transformation/documents/njrht-funding-allocations-2026.pdf,GOVERNOR_PRESS_RELEASE,DIRECT_TEXT,R/03bf_nj_year1_awardees.R,,,,,Improving Chronic Disease Outcomes,,"The NJ Rural Southern Physical Activity and Nutrition (NJ R- SPAN) Program will support evidence-based physical activity, nutrition, and obesity prevention initiatives for rural communities by leveraging partnerships and resources from various sectors in Atlantic, Cumberland, Salem, Cape May counties.","TYPED (session 61, FALLBACK): The source states no form (§8's standing fallback, RECIPIENT_TYPE_INFERRED); queued as NJ_RECIPIENT_FORM_NOT_STATED. Classifier said NONPROFIT_CBO/LOW.",LOW,RECIPIENT_TYPE_INFERRED,Budget Period 1,NON_HOSPITAL,No,NOT_HOSPITAL,,"§10.2 NON_HOSPITAL: The source states no form (§8's standing fallback, RECIPIENT_TYPE_INFERRED); queued as NJ_RECIPIENT_FORM_NOT_STATED.","Award Amount column of the state's allocations PDF, exact to the dollar. The PDF prints no total; the 103 rows sum to $83,060,837 against the Governor's '$83 million' and '103 projects'.",,,2026-07-31,data/evidence/recheck/2026-09-24/NJ/njrht_funding_allocations_2026-07-31.pdf
NJ,97,Rowan University School of Osteopathic Medicine,437838,UNIVERSITY_OR_AHC,No,"NJRHT first-round award, 2026-07-31. Improving Chronic Disease Outcomes.",Yes,Yes,FY2026 (Year 1),"Rural Health Transformation Program Funding Allocations – July 31, 2026 (NJ DOH/DHS)",https://nj.gov/rural-health-transformation/documents/njrht-funding-allocations-2026.pdf,GOVERNOR_PRESS_RELEASE,DIRECT_TEXT,R/03bf_nj_year1_awardees.R,,,,,Improving Chronic Disease Outcomes,,"Increase hepatitis C diagnosis, linkage to care, treatment completion, and cure rates through the Rowan University School of Osteopathic Medicine Liver Health Mobile Unit Project among rural residents in Cumberland County.","TYPED (session 61, CLASSIFIER): The form is in the state's own string, and the shared classifier's name rule reads it. Classifier said UNIVERSITY_OR_AHC/HIGH.",HIGH,,Budget Period 1,NON_HOSPITAL,No,NOT_HOSPITAL,,"§10.2 NON_HOSPITAL: The form is in the state's own string, and the shared classifier's name rule reads it.","Award Amount column of the state's allocations PDF, exact to the dollar. The PDF prints no total; the 103 rows sum to $83,060,837 against the Governor's '$83 million' and '103 projects'.",STATE_SOURCE,,2026-07-31,data/evidence/recheck/2026-09-24/NJ/njrht_funding_allocations_2026-07-31.pdf
NJ,98,"Rutgers, The State University of NJ",277462,UNIVERSITY_OR_AHC,No,"NJRHT first-round award, 2026-07-31. Improving Chronic Disease Outcomes.",Yes,Yes,FY2026 (Year 1),"Rural Health Transformation Program Funding Allocations – July 31, 2026 (NJ DOH/DHS)",https://nj.gov/rural-health-transformation/documents/njrht-funding-allocations-2026.pdf,GOVERNOR_PRESS_RELEASE,DIRECT_TEXT,R/03bf_nj_year1_awardees.R,,,,,Improving Chronic Disease Outcomes,,"Support evidence-based physical activity, nutrition, and obesity- prevention initiatives for rural communities by leveraging partnerships and resources. Reduce barriers and increase reimbursement for education on diabetes, cardiovascular, and other chronic diseases covered by public and private insurers.","TYPED (session 61, CLASSIFIER): The form is in the state's own string, and the shared classifier's name rule reads it. Classifier said UNIVERSITY_OR_AHC/HIGH.",HIGH,,Budget Period 1,NON_HOSPITAL,No,NOT_HOSPITAL,,"§10.2 NON_HOSPITAL: The form is in the state's own string, and the shared classifier's name rule reads it.","Award Amount column of the state's allocations PDF, exact to the dollar. The PDF prints no total; the 103 rows sum to $83,060,837 against the Governor's '$83 million' and '103 projects'.",STATE_SOURCE,,2026-07-31,data/evidence/recheck/2026-09-24/NJ/njrht_funding_allocations_2026-07-31.pdf
NJ,99,Salem County,67167,LOCAL_GOVT_OR_PUBLIC_HEALTH,No,"NJRHT first-round award, 2026-07-31. Improving Chronic Disease Outcomes.",Yes,Yes,FY2026 (Year 1),"Rural Health Transformation Program Funding Allocations – July 31, 2026 (NJ DOH/DHS)",https://nj.gov/rural-health-transformation/documents/njrht-funding-allocations-2026.pdf,GOVERNOR_PRESS_RELEASE,DIRECT_TEXT,R/03bf_nj_year1_awardees.R,,,,,Improving Chronic Disease Outcomes,,"Increase the capacity of Salem County residents, particularly those living in rural and medically underserved communities, to prevent and manage chronic diseases through the implementation of accessible health monitoring technology, personalized education, and ongoing engagement strategies that support sustained behavior change.","TYPED (session 61, HAND-READ): A New Jersey county government; the form is in the state's own string. Classifier said NONPROFIT_CBO/LOW.",MEDIUM,,Budget Period 1,NON_HOSPITAL,No,NOT_HOSPITAL,,§10.2 NON_HOSPITAL: A New Jersey county government; the form is in the state's own string.,"Award Amount column of the state's allocations PDF, exact to the dollar. The PDF prints no total; the 103 rows sum to $83,060,837 against the Governor's '$83 million' and '103 projects'.",STATE_SOURCE,,2026-07-31,data/evidence/recheck/2026-09-24/NJ/njrht_funding_allocations_2026-07-31.pdf
NJ,100,Shore Memorial Hospital,45021,HOSPITAL_OR_SYSTEM,Yes,"NJRHT first-round award, 2026-07-31. Improving Chronic Disease Outcomes.",Yes,Yes,FY2026 (Year 1),"Rural Health Transformation Program Funding Allocations – July 31, 2026 (NJ DOH/DHS)",https://nj.gov/rural-health-transformation/documents/njrht-funding-allocations-2026.pdf,GOVERNOR_PRESS_RELEASE,DIRECT_TEXT,R/03bf_nj_year1_awardees.R,310047,,,,Improving Chronic Disease Outcomes,,"The NJ Rural Southern Physical Activity and Nutrition (NJ R- SPAN) Program will support evidence-based physical activity, nutrition, and obesity prevention initiatives for rural communities by leveraging partnerships and resources from various sectors in Atlantic, Cumberland, Salem, Cape May counties.","TYPED (session 61, FEDERAL RECORD): EXACT federal record: CMS NJ Hospital Enrollment carries this string as an ORGANIZATION NAME or DBA (normalised for case, punctuation, a leading THE and a trailing INC) at CCN 310047. Classifier said HOSPITAL_OR_SYSTEM/HIGH.",MEDIUM,,Budget Period 1,DIRECT,Yes,NAMED_HOSPITAL,,"§10.2 DIRECT: EXACT federal record: CMS NJ Hospital Enrollment carries this string as an ORGANIZATION NAME or DBA (normalised for case, punctuation, a leading THE and a trailing INC) at CCN 310047. §0.3a: the recipient is a hospital whatever the activity.","Award Amount column of the state's allocations PDF, exact to the dollar. The PDF prints no total; the 103 rows sum to $83,060,837 against the Governor's '$83 million' and '103 projects'.",ORG_WEBSITE,,2026-07-31,data/evidence/recheck/2026-09-24/NJ/njrht_funding_allocations_2026-07-31.pdf
NJ,101,Statewide Parent Advocacy Network,710000,NONPROFIT_CBO,No,"NJRHT first-round award, 2026-07-31. Improving Chronic Disease Outcomes.",Yes,Yes,FY2026 (Year 1),"Rural Health Transformation Program Funding Allocations – July 31, 2026 (NJ DOH/DHS)",https://nj.gov/rural-health-transformation/documents/njrht-funding-allocations-2026.pdf,GOVERNOR_PRESS_RELEASE,DIRECT_TEXT,R/03bf_nj_year1_awardees.R,,,,,Improving Chronic Disease Outcomes,,"Reduce risk factors associated with youth violence in rural communities, strengthen protective factors through positive youth development, and enhance family and community capacity to prevent youth violence through the Safe Communities: Youth Violence Prevention in Rural Communities initiative.","TYPED (session 61, FALLBACK): The source states no form (§8's standing fallback, RECIPIENT_TYPE_INFERRED); queued as NJ_RECIPIENT_FORM_NOT_STATED. Classifier said NONPROFIT_CBO/LOW.",LOW,RECIPIENT_TYPE_INFERRED,Budget Period 1,NON_HOSPITAL,No,NOT_HOSPITAL,,"§10.2 NON_HOSPITAL: The source states no form (§8's standing fallback, RECIPIENT_TYPE_INFERRED); queued as NJ_RECIPIENT_FORM_NOT_STATED.","Award Amount column of the state's allocations PDF, exact to the dollar. The PDF prints no total; the 103 rows sum to $83,060,837 against the Governor's '$83 million' and '103 projects'.",,,2026-07-31,data/evidence/recheck/2026-09-24/NJ/njrht_funding_allocations_2026-07-31.pdf
NJ,102,Virtua Health Inc.,427709,HOSPITAL_OR_SYSTEM,Yes,"NJRHT first-round award, 2026-07-31. Improving Chronic Disease Outcomes.",Yes,Yes,FY2026 (Year 1),"Rural Health Transformation Program Funding Allocations – July 31, 2026 (NJ DOH/DHS)",https://nj.gov/rural-health-transformation/documents/njrht-funding-allocations-2026.pdf,GOVERNOR_PRESS_RELEASE,DIRECT_TEXT,R/03bf_nj_year1_awardees.R,,,,,Improving Chronic Disease Outcomes,,"Support evidence-based physical activity, nutrition, and obesity- prevention initiatives. Improve health outcomes in rural communities through medication therapy management, tobacco cessation services, and chronic disease prevention and management. Implement sustainable policy, systems, and environmental change across eight Regional Chronic Disease Coalitions to reduce cancer and other chronic and reproductive disease burden.","TYPED (session 61, HAND-READ): HAND-READ BRIDGE: CMS NJ Hospital Enrollment carries no record under 'Virtua Health Inc.'; it enrols Virtua's hospitals under four subsidiaries, every one named VIRTUA ... (Willingboro 310061, Our Lady of Lourdes 310029, West Jersey Health System 310022, Memorial Hospital Burlington County 310057). The parent of an enrolled hospital system is §8's HOSPITAL_OR_SYSTEM; the tie is a reading, so LOW and subtractable. Classifier said NONPROFIT_CBO/LOW.",LOW,,Budget Period 1,DIRECT,Yes,NAMED_HOSPITAL,,"§10.2 DIRECT: HAND-READ BRIDGE: CMS NJ Hospital Enrollment carries no record under 'Virtua Health Inc.'; it enrols Virtua's hospitals under four subsidiaries, every one named VIRTUA ... (Willingboro 310061, Our Lady of Lourdes 310029, West Jersey Health System 310022, Memorial Hospital Burlington County 310057). The parent of an enrolled hospital system is §8's HOSPITAL_OR_SYSTEM; the tie is a reading, so LOW and subtractable. §0.3a: the recipient is a hospital whatever the activity.","Award Amount column of the state's allocations PDF, exact to the dollar. The PDF prints no total; the 103 rows sum to $83,060,837 against the Governor's '$83 million' and '103 projects'.",GENERAL_KNOWLEDGE,,2026-07-31,data/evidence/recheck/2026-09-24/NJ/njrht_funding_allocations_2026-07-31.pdf
NJ,103,Zufall Health Center,154135,FQHC_OR_RHC,No,"NJRHT first-round award, 2026-07-31. Improving Chronic Disease Outcomes.",Yes,Yes,FY2026 (Year 1),"Rural Health Transformation Program Funding Allocations – July 31, 2026 (NJ DOH/DHS)",https://nj.gov/rural-health-transformation/documents/njrht-funding-allocations-2026.pdf,GOVERNOR_PRESS_RELEASE,DIRECT_TEXT,R/03bf_nj_year1_awardees.R,,,,,Improving Chronic Disease Outcomes,,"Improve access to chronic disease prevention, screening, and self-management services for residents in rural Hunterdon, Sussex, and Warren Counties, to reduce risk factors and improve long-term health outcomes related to hypertension and diabetes through the Bridging Chronic Disease Care Gaps in Rural America program.","TYPED (session 61, FEDERAL RECORD): EXACT federal record: CMS NJ FQHC Enrollment carries this string as an ORGANIZATION NAME or DBA (normalised for case, punctuation, a leading THE and a trailing INC) at CCNs 311004/311866/311891/311899/311900/311911/311912/311928/311948. Classifier said NONPROFIT_CBO/LOW.",MEDIUM,,Budget Period 1,NON_HOSPITAL,No,NOT_HOSPITAL,,"§10.2 NON_HOSPITAL: EXACT federal record: CMS NJ FQHC Enrollment carries this string as an ORGANIZATION NAME or DBA (normalised for case, punctuation, a leading THE and a trailing INC) at CCNs 311004/311866/311891/311899/311900/311911/311912/311928/311948.","Award Amount column of the state's allocations PDF, exact to the dollar. The PDF prints no total; the 103 rows sum to $83,060,837 against the Governor's '$83 million' and '103 projects'.",ORG_WEBSITE,,2026-07-31,data/evidence/recheck/2026-09-24/NJ/njrht_funding_allocations_2026-07-31.pdf
