state,row_no,awardee,amount,recipient_type,distributed_to_hospital,note,recipient_confirmed,amount_confirmed,fiscal_year,source_document_title,state_source_url,validation_source_type,extraction_method,validator,ccn,aha_id,rural_designation,reviewer,recipient_type_source,determination_confidence,flag_reason,award_pool,budget_period,flow_type,hospital_benefiting,hospital_attribution,intermediary_name,amount_basis,county,project_description,round_id,round_name,round_awards,round_amount,initiative,initiative_fund_use,source_archive_path
OK,1,CREOKS,49800,NONPROFIT_CBO,No,"Adair County. CREOKS will invest in two transportation vans for its Stilwell clinic. These vans will directly address barriers to rural transportation and help clients reach behavioral health, medical, wellness, and other supportive services more reliably. Community-Led Wellness Hubs: Microgrants -- applicants were eligible for awards of up to $100,000 per county (a $50,000 base budget and a $50,000 supplemental request). OSDH's Q2 Legislative Quarterly Report states it 'issued 68 awards through the competitive Microgrant application' and that contracts were in progress at 2026-06-30.",Yes,Yes,FY2026 (Year 1),"Oklahoma RHTP Funding Recipients -- Community-Led Wellness Hubs: Microgrants, List of Funding Recipients",https://oklahoma.gov/health/rhtp/rhtp-funding-recipients.html,NOTICE_OF_AWARD,DIRECT_TEXT,R/03t_ok_year1_awardees.R,,,,,OSDH publishes NO organisation-type column; the type is derived from the recipient's own name. Recipient is named but the source does not state its organisational form; §8 settled fallback (session 10).,LOW,RECIPIENT_TYPE_INFERRED,MICROGRANTS,Budget Period 1,NON_HOSPITAL,No,NOT_HOSPITAL,,award amount as published per county by OSDH,Adair,"CREOKS will invest in two transportation vans for its Stilwell clinic. These vans will directly address barriers to rural transportation and help clients reach behavioral health, medical, wellness, and other supportive services more reliably.",MG,Community-Led Wellness Hubs: Microgrants,68,,Moving Upstream,Community-Led Wellness Hub: Microgrants,data/evidence/OK/2026-08-31_ok_rhtp_funding_recipients.html
OK,2,Great Salt Plains Health Center,100000,NONPROFIT_CBO,No,"Alfalfa County. Great Salt Plains Health Center will invest in a new digital X-ray machine to provide clearer, higher-quality images, enabling medical provider teams to diagnose conditions faster and with greater accuracy. Improving imaging quality is a top priority as it improves overall patient health, decreases hospital admissions, reduces the burden on emergency rooms, and leads to quicker referrals to specialists for advanced care. Community-Led Wellness Hubs: Microgrants -- applicants were eligible for awards of up to $100,000 per county (a $50,000 base budget and a $50,000 supplemental request). OSDH's Q2 Legislative Quarterly Report states it 'issued 68 awards through the competitive Microgrant application' and that contracts were in progress at 2026-06-30.",Yes,Yes,FY2026 (Year 1),"Oklahoma RHTP Funding Recipients -- Community-Led Wellness Hubs: Microgrants, List of Funding Recipients",https://oklahoma.gov/health/rhtp/rhtp-funding-recipients.html,NOTICE_OF_AWARD,DIRECT_TEXT,R/03t_ok_year1_awardees.R,,,,,OSDH publishes NO organisation-type column; the type is derived from the recipient's own name. Recipient is named but the source does not state its organisational form; §8 settled fallback (session 10).,LOW,RECIPIENT_TYPE_INFERRED,MICROGRANTS,Budget Period 1,IN_KIND_BENEFIT,Yes,NOT_HOSPITAL,,award amount as published per county by OSDH,Alfalfa,"Great Salt Plains Health Center will invest in a new digital X-ray machine to provide clearer, higher-quality images, enabling medical provider teams to diagnose conditions faster and with greater accuracy. Improving imaging quality is a top priority as it improves overall patient health, decreases hospital admissions, reduces the burden on emergency rooms, and leads to quicker referrals to specialists for advanced care.",MG,Community-Led Wellness Hubs: Microgrants,68,,Moving Upstream,Community-Led Wellness Hub: Microgrants,data/evidence/OK/2026-08-31_ok_rhtp_funding_recipients.html
OK,3,Choctaw Nation of Oklahoma,38600,TRIBAL_ORG,No,"Atoka County. Choctaw Nation of Oklahoma will invest in vision, hearing, and wellness screening technology, in addition to a vaccine refrigerator and medical privacy tents. These investments directly support the project’s goal of delivering accessible, high-quality health screenings and ensuring safe immunization delivery. Community-Led Wellness Hubs: Microgrants -- applicants were eligible for awards of up to $100,000 per county (a $50,000 base budget and a $50,000 supplemental request). OSDH's Q2 Legislative Quarterly Report states it 'issued 68 awards through the competitive Microgrant application' and that contracts were in progress at 2026-06-30.",Yes,Yes,FY2026 (Year 1),"Oklahoma RHTP Funding Recipients -- Community-Led Wellness Hubs: Microgrants, List of Funding Recipients",https://oklahoma.gov/health/rhtp/rhtp-funding-recipients.html,NOTICE_OF_AWARD,DIRECT_TEXT,R/03t_ok_year1_awardees.R,,,,,"OSDH publishes NO organisation-type column; the type is derived from the recipient's own name. Curated override: federally recognised tribe; the tribal name pattern does not reach the ""Nation"" styling.",HIGH,,MICROGRANTS,Budget Period 1,NON_HOSPITAL,No,NOT_HOSPITAL,,award amount as published per county by OSDH,Atoka,"Choctaw Nation of Oklahoma will invest in vision, hearing, and wellness screening technology, in addition to a vaccine refrigerator and medical privacy tents. These investments directly support the project’s goal of delivering accessible, high-quality health screenings and ensuring safe immunization delivery.",MG,Community-Led Wellness Hubs: Microgrants,68,,Moving Upstream,Community-Led Wellness Hub: Microgrants,data/evidence/OK/2026-08-31_ok_rhtp_funding_recipients.html
OK,4,Beaver County Memorial Hospital,67298.38,HOSPITAL_OR_SYSTEM,Yes,"Beaver County. Beaver County Memorial Hospital will invest in new health and wellness equipment to create an exercise space to support and allow employees, their families, and others to work towards a healthier lifestyle. The awardee will also expand its physical therapy department by purchasing specialized equipment for rehabilitation use for all patients in need. Community-Led Wellness Hubs: Microgrants -- applicants were eligible for awards of up to $100,000 per county (a $50,000 base budget and a $50,000 supplemental request). OSDH's Q2 Legislative Quarterly Report states it 'issued 68 awards through the competitive Microgrant application' and that contracts were in progress at 2026-06-30.",Yes,Yes,FY2026 (Year 1),"Oklahoma RHTP Funding Recipients -- Community-Led Wellness Hubs: Microgrants, List of Funding Recipients",https://oklahoma.gov/health/rhtp/rhtp-funding-recipients.html,NOTICE_OF_AWARD,DIRECT_TEXT,R/03t_ok_year1_awardees.R,,,,,OSDH publishes NO organisation-type column; the type is derived from the recipient's own name. Recipient name rule: name states a hospital.,HIGH,,MICROGRANTS,Budget Period 1,DIRECT,Yes,NAMED_HOSPITAL,,award amount as published per county by OSDH,Beaver,"Beaver County Memorial Hospital will invest in new health and wellness equipment to create an exercise space to support and allow employees, their families, and others to work towards a healthier lifestyle. The awardee will also expand its physical therapy department by purchasing specialized equipment for rehabilitation use for all patients in need.",MG,Community-Led Wellness Hubs: Microgrants,68,,Moving Upstream,Community-Led Wellness Hub: Microgrants,data/evidence/OK/2026-08-31_ok_rhtp_funding_recipients.html
OK,5,Great Salt Plains Health Center,61776,NONPROFIT_CBO,No,"Blaine County. Great Salt Plains Health Center will invest in a vaccine management system to improve vaccine storage, guarantee temperature control, and enhance patient safety. Community-Led Wellness Hubs: Microgrants -- applicants were eligible for awards of up to $100,000 per county (a $50,000 base budget and a $50,000 supplemental request). OSDH's Q2 Legislative Quarterly Report states it 'issued 68 awards through the competitive Microgrant application' and that contracts were in progress at 2026-06-30.",Yes,Yes,FY2026 (Year 1),"Oklahoma RHTP Funding Recipients -- Community-Led Wellness Hubs: Microgrants, List of Funding Recipients",https://oklahoma.gov/health/rhtp/rhtp-funding-recipients.html,NOTICE_OF_AWARD,DIRECT_TEXT,R/03t_ok_year1_awardees.R,,,,,OSDH publishes NO organisation-type column; the type is derived from the recipient's own name. Recipient is named but the source does not state its organisational form; §8 settled fallback (session 10).,LOW,RECIPIENT_TYPE_INFERRED,MICROGRANTS,Budget Period 1,NON_HOSPITAL,No,NOT_HOSPITAL,,award amount as published per county by OSDH,Blaine,"Great Salt Plains Health Center will invest in a vaccine management system to improve vaccine storage, guarantee temperature control, and enhance patient safety.",MG,Community-Led Wellness Hubs: Microgrants,68,,Moving Upstream,Community-Led Wellness Hub: Microgrants,data/evidence/OK/2026-08-31_ok_rhtp_funding_recipients.html
OK,6,Bryan County EMS,48164,EMS_OR_PSAP,No,"Bryan County. Bryan County EMS will invest in updated, modern communications equipment to better serve its community. This equipment will be helpful in daily EMS operations, crucial in disasters, and prospectively important in upcoming programs like their “treatment in place” (TIP) initiative. Community-Led Wellness Hubs: Microgrants -- applicants were eligible for awards of up to $100,000 per county (a $50,000 base budget and a $50,000 supplemental request). OSDH's Q2 Legislative Quarterly Report states it 'issued 68 awards through the competitive Microgrant application' and that contracts were in progress at 2026-06-30.",Yes,Yes,FY2026 (Year 1),"Oklahoma RHTP Funding Recipients -- Community-Led Wellness Hubs: Microgrants, List of Funding Recipients",https://oklahoma.gov/health/rhtp/rhtp-funding-recipients.html,NOTICE_OF_AWARD,DIRECT_TEXT,R/03t_ok_year1_awardees.R,,,,,OSDH publishes NO organisation-type column; the type is derived from the recipient's own name. Recipient name rule: name states an EMS entity.,HIGH,,MICROGRANTS,Budget Period 1,NON_HOSPITAL,No,NOT_HOSPITAL,,award amount as published per county by OSDH,Bryan,"Bryan County EMS will invest in updated, modern communications equipment to better serve its community. This equipment will be helpful in daily EMS operations, crucial in disasters, and prospectively important in upcoming programs like their “treatment in place” (TIP) initiative.",MG,Community-Led Wellness Hubs: Microgrants,68,,Moving Upstream,Community-Led Wellness Hub: Microgrants,data/evidence/OK/2026-08-31_ok_rhtp_funding_recipients.html
OK,7,Avem Health Partners,50000,NONPROFIT_CBO,No,"Caddo County. Avem Health Partners will invest in the purchase and installation of a full outdoor basketball court at Rotary Park. This includes site preparation, concrete installation, goals, surfacing, and necessary safety features to create a functional and durable recreational space. This investment directly addresses the identified gap in safe and accessible opportunities for physical activity in an underserved area of the community. Community-Led Wellness Hubs: Microgrants -- applicants were eligible for awards of up to $100,000 per county (a $50,000 base budget and a $50,000 supplemental request). OSDH's Q2 Legislative Quarterly Report states it 'issued 68 awards through the competitive Microgrant application' and that contracts were in progress at 2026-06-30.",Yes,Yes,FY2026 (Year 1),"Oklahoma RHTP Funding Recipients -- Community-Led Wellness Hubs: Microgrants, List of Funding Recipients",https://oklahoma.gov/health/rhtp/rhtp-funding-recipients.html,NOTICE_OF_AWARD,DIRECT_TEXT,R/03t_ok_year1_awardees.R,,,,,OSDH publishes NO organisation-type column; the type is derived from the recipient's own name. Recipient is named but the source does not state its organisational form; §8 settled fallback (session 10).,LOW,RECIPIENT_TYPE_INFERRED,MICROGRANTS,Budget Period 1,NON_HOSPITAL,No,NOT_HOSPITAL,,award amount as published per county by OSDH,Caddo,"Avem Health Partners will invest in the purchase and installation of a full outdoor basketball court at Rotary Park. This includes site preparation, concrete installation, goals, surfacing, and necessary safety features to create a functional and durable recreational space. This investment directly addresses the identified gap in safe and accessible opportunities for physical activity in an underserved area of the community.",MG,Community-Led Wellness Hubs: Microgrants,68,,Moving Upstream,Community-Led Wellness Hub: Microgrants,data/evidence/OK/2026-08-31_ok_rhtp_funding_recipients.html
OK,8,Southern Oklahoma Ambulance Services,54238.76,EMS_OR_PSAP,No,"Carter County. Southern Oklahoma Ambulance Services will invest in two cardiac monitors and two portable ventilators. Together, these investments equip each additional ambulance with the life‑saving technology necessary to maintain clinical readiness and meet the growing demands of its service area. Community-Led Wellness Hubs: Microgrants -- applicants were eligible for awards of up to $100,000 per county (a $50,000 base budget and a $50,000 supplemental request). OSDH's Q2 Legislative Quarterly Report states it 'issued 68 awards through the competitive Microgrant application' and that contracts were in progress at 2026-06-30.",Yes,Yes,FY2026 (Year 1),"Oklahoma RHTP Funding Recipients -- Community-Led Wellness Hubs: Microgrants, List of Funding Recipients",https://oklahoma.gov/health/rhtp/rhtp-funding-recipients.html,NOTICE_OF_AWARD,DIRECT_TEXT,R/03t_ok_year1_awardees.R,,,,,OSDH publishes NO organisation-type column; the type is derived from the recipient's own name. Recipient name rule: name states an EMS entity.,HIGH,,MICROGRANTS,Budget Period 1,NON_HOSPITAL,No,NOT_HOSPITAL,,award amount as published per county by OSDH,Carter,"Southern Oklahoma Ambulance Services will invest in two cardiac monitors and two portable ventilators. Together, these investments equip each additional ambulance with the life‑saving technology necessary to maintain clinical readiness and meet the growing demands of its service area.",MG,Community-Led Wellness Hubs: Microgrants,68,,Moving Upstream,Community-Led Wellness Hub: Microgrants,data/evidence/OK/2026-08-31_ok_rhtp_funding_recipients.html
OK,9,Choctaw County City of Hugo Hospital Authority,49514.09,HOSPITAL_OR_SYSTEM,Yes,"Choctaw County. Choctaw County City of Hugo Hospital Authority will invest in four defibrillators, five rechargeable battery packs, and a charger for the batteries. These investments ensure that high-risk patients have immediate access to reliable defibrillation, while healthcare staff have standardized, easy-to-use equipment that meets FDA safety and effectiveness standards. Community-Led Wellness Hubs: Microgrants -- applicants were eligible for awards of up to $100,000 per county (a $50,000 base budget and a $50,000 supplemental request). OSDH's Q2 Legislative Quarterly Report states it 'issued 68 awards through the competitive Microgrant application' and that contracts were in progress at 2026-06-30.",Yes,Yes,FY2026 (Year 1),"Oklahoma RHTP Funding Recipients -- Community-Led Wellness Hubs: Microgrants, List of Funding Recipients",https://oklahoma.gov/health/rhtp/rhtp-funding-recipients.html,NOTICE_OF_AWARD,DIRECT_TEXT,R/03t_ok_year1_awardees.R,,,,,OSDH publishes NO organisation-type column; the type is derived from the recipient's own name. Recipient name rule: name states a hospital.,HIGH,,MICROGRANTS,Budget Period 1,DIRECT,Yes,NAMED_HOSPITAL,,award amount as published per county by OSDH,Choctaw,"Choctaw County City of Hugo Hospital Authority will invest in four defibrillators, five rechargeable battery packs, and a charger for the batteries. These investments ensure that high-risk patients have immediate access to reliable defibrillation, while healthcare staff have standardized, easy-to-use equipment that meets FDA safety and effectiveness standards.",MG,Community-Led Wellness Hubs: Microgrants,68,,Moving Upstream,Community-Led Wellness Hub: Microgrants,data/evidence/OK/2026-08-31_ok_rhtp_funding_recipients.html
OK,10,Cimarron Memorial Hospital and Rural Health Clinic,46060.95,HOSPITAL_OR_SYSTEM,Yes,"Cimarron County. Cimarron Memorial Hospital and Rural Health Clinic will invest in essential equipment required to establish and operate a safe, effective, and fully functional cardiac rehabilitation program. These investments include a recumbent bike and ergometer, cardiac rehabilitation exercise equipment system, a defibrillator, and a wireless stress system. Community-Led Wellness Hubs: Microgrants -- applicants were eligible for awards of up to $100,000 per county (a $50,000 base budget and a $50,000 supplemental request). OSDH's Q2 Legislative Quarterly Report states it 'issued 68 awards through the competitive Microgrant application' and that contracts were in progress at 2026-06-30.",Yes,Yes,FY2026 (Year 1),"Oklahoma RHTP Funding Recipients -- Community-Led Wellness Hubs: Microgrants, List of Funding Recipients",https://oklahoma.gov/health/rhtp/rhtp-funding-recipients.html,NOTICE_OF_AWARD,DIRECT_TEXT,R/03t_ok_year1_awardees.R,,,,,OSDH publishes NO organisation-type column; the type is derived from the recipient's own name. Recipient name rule: name states a hospital.,HIGH,,MICROGRANTS,Budget Period 1,DIRECT,Yes,NAMED_HOSPITAL,,award amount as published per county by OSDH,Cimarron,"Cimarron Memorial Hospital and Rural Health Clinic will invest in essential equipment required to establish and operate a safe, effective, and fully functional cardiac rehabilitation program. These investments include a recumbent bike and ergometer, cardiac rehabilitation exercise equipment system, a defibrillator, and a wireless stress system.",MG,Community-Led Wellness Hubs: Microgrants,68,,Moving Upstream,Community-Led Wellness Hub: Microgrants,data/evidence/OK/2026-08-31_ok_rhtp_funding_recipients.html
OK,11,Absentee Shawnee Tribal Health System,42500,TRIBAL_ORG,No,"Cleveland County. Absentee Shawnee Tribal Health System will invest in blood pressure cuffs in multiple sizes, glucose monitors, and smart glass body weight scales with BMI indicators. Diagnostic tools help patients track their health progress at home, leading to earlier detection and better management of chronic conditions like diabetes and hypertension. [ER1.1][CP1.2]Investments will also include health and wellness equipment for their diet and wellness programming and rehabilitation. Community-Led Wellness Hubs: Microgrants -- applicants were eligible for awards of up to $100,000 per county (a $50,000 base budget and a $50,000 supplemental request). OSDH's Q2 Legislative Quarterly Report states it 'issued 68 awards through the competitive Microgrant application' and that contracts were in progress at 2026-06-30.",Yes,Yes,FY2026 (Year 1),"Oklahoma RHTP Funding Recipients -- Community-Led Wellness Hubs: Microgrants, List of Funding Recipients",https://oklahoma.gov/health/rhtp/rhtp-funding-recipients.html,NOTICE_OF_AWARD,DIRECT_TEXT,R/03t_ok_year1_awardees.R,,,,,OSDH publishes NO organisation-type column; the type is derived from the recipient's own name. Recipient name rule: name states a tribal entity.,HIGH,,MICROGRANTS,Budget Period 1,NON_HOSPITAL,No,NOT_HOSPITAL,,award amount as published per county by OSDH,Cleveland,"Absentee Shawnee Tribal Health System will invest in blood pressure cuffs in multiple sizes, glucose monitors, and smart glass body weight scales with BMI indicators. Diagnostic tools help patients track their health progress at home, leading to earlier detection and better management of chronic conditions like diabetes and hypertension. [ER1.1][CP1.2]Investments will also include health and wellness equipment for their diet and wellness programming and rehabilitation.",MG,Community-Led Wellness Hubs: Microgrants,68,,Moving Upstream,Community-Led Wellness Hub: Microgrants,data/evidence/OK/2026-08-31_ok_rhtp_funding_recipients.html
OK,12,Family Health Center of Southern Oklahoma,35800,NONPROFIT_CBO,No,"Coal County. Family Health Center of Southern Oklahoma (FHCSO) will invest in home-monitoring equipment, which includes pulse oximeters, digital thermometers, blood pressure cuffs, and scales, to support patients diagnosed with chronic conditions in monitoring key health indicators at home. FHCSO will also invest in a body composition machine to assess overall patient health, including weight, body fat percentage, muscle mass, and fluid balance. Community-Led Wellness Hubs: Microgrants -- applicants were eligible for awards of up to $100,000 per county (a $50,000 base budget and a $50,000 supplemental request). OSDH's Q2 Legislative Quarterly Report states it 'issued 68 awards through the competitive Microgrant application' and that contracts were in progress at 2026-06-30.",Yes,Yes,FY2026 (Year 1),"Oklahoma RHTP Funding Recipients -- Community-Led Wellness Hubs: Microgrants, List of Funding Recipients",https://oklahoma.gov/health/rhtp/rhtp-funding-recipients.html,NOTICE_OF_AWARD,DIRECT_TEXT,R/03t_ok_year1_awardees.R,,,,,OSDH publishes NO organisation-type column; the type is derived from the recipient's own name. Recipient is named but the source does not state its organisational form; §8 settled fallback (session 10).,LOW,RECIPIENT_TYPE_INFERRED,MICROGRANTS,Budget Period 1,NON_HOSPITAL,No,NOT_HOSPITAL,,award amount as published per county by OSDH,Coal,"Family Health Center of Southern Oklahoma (FHCSO) will invest in home-monitoring equipment, which includes pulse oximeters, digital thermometers, blood pressure cuffs, and scales, to support patients diagnosed with chronic conditions in monitoring key health indicators at home. FHCSO will also invest in a body composition machine to assess overall patient health, including weight, body fat percentage, muscle mass, and fluid balance.",MG,Community-Led Wellness Hubs: Microgrants,68,,Moving Upstream,Community-Led Wellness Hub: Microgrants,data/evidence/OK/2026-08-31_ok_rhtp_funding_recipients.html
OK,13,Comanche County Hospital Authority,50000,HOSPITAL_OR_SYSTEM,Yes,"Comanche County. Comanche County Hospital Authority will invest in clinical access infrastructure equipment to deliver point-of-service [BC2.1][ER2.2][CP2.3]care to patients of FQHC clinics in Comanche, County. [BC3.1]CCHA will upgrade X-ray equipment to reduce radiation exposure and deliver faster results via on-the-spot diagnosis, improving patient outcomes, and quality of life. Community-Led Wellness Hubs: Microgrants -- applicants were eligible for awards of up to $100,000 per county (a $50,000 base budget and a $50,000 supplemental request). OSDH's Q2 Legislative Quarterly Report states it 'issued 68 awards through the competitive Microgrant application' and that contracts were in progress at 2026-06-30.",Yes,Yes,FY2026 (Year 1),"Oklahoma RHTP Funding Recipients -- Community-Led Wellness Hubs: Microgrants, List of Funding Recipients",https://oklahoma.gov/health/rhtp/rhtp-funding-recipients.html,NOTICE_OF_AWARD,DIRECT_TEXT,R/03t_ok_year1_awardees.R,,,,,OSDH publishes NO organisation-type column; the type is derived from the recipient's own name. Recipient name rule: name states a hospital.,HIGH,,MICROGRANTS,Budget Period 1,DIRECT,Yes,NAMED_HOSPITAL,,award amount as published per county by OSDH,Comanche,"Comanche County Hospital Authority will invest in clinical access infrastructure equipment to deliver point-of-service [BC2.1][ER2.2][CP2.3]care to patients of FQHC clinics in Comanche, County. [BC3.1]CCHA will upgrade X-ray equipment to reduce radiation exposure and deliver faster results via on-the-spot diagnosis, improving patient outcomes, and quality of life.",MG,Community-Led Wellness Hubs: Microgrants,68,,Moving Upstream,Community-Led Wellness Hub: Microgrants,data/evidence/OK/2026-08-31_ok_rhtp_funding_recipients.html
OK,14,DRH Health,24337.82,NONPROFIT_CBO,No,"Cotton County. DRH Health will invest in clinical access and point-of-care equipment for its Rural Health Clinics [ER4.1][CP4.2]to enable providers to conduct medical examinations, diagnose and treat patients, maintain compliance with CMS requirements for Medicare and Medicaid patients, and better support people with disabilities. Equipment includes examination tables, vital signs devices, hypertension management tools, wheelchair accessible scales, education materials to empower patients to manage their chronic conditions, bariatric wheelchairs, and diagnostic equipment. Community-Led Wellness Hubs: Microgrants -- applicants were eligible for awards of up to $100,000 per county (a $50,000 base budget and a $50,000 supplemental request). OSDH's Q2 Legislative Quarterly Report states it 'issued 68 awards through the competitive Microgrant application' and that contracts were in progress at 2026-06-30.",Yes,Yes,FY2026 (Year 1),"Oklahoma RHTP Funding Recipients -- Community-Led Wellness Hubs: Microgrants, List of Funding Recipients",https://oklahoma.gov/health/rhtp/rhtp-funding-recipients.html,NOTICE_OF_AWARD,DIRECT_TEXT,R/03t_ok_year1_awardees.R,,,,,OSDH publishes NO organisation-type column; the type is derived from the recipient's own name. Recipient is named but the source does not state its organisational form; §8 settled fallback (session 10).,LOW,RECIPIENT_TYPE_INFERRED,MICROGRANTS,Budget Period 1,NON_HOSPITAL,No,NOT_HOSPITAL,,award amount as published per county by OSDH,Cotton,"DRH Health will invest in clinical access and point-of-care equipment for its Rural Health Clinics [ER4.1][CP4.2]to enable providers to conduct medical examinations, diagnose and treat patients, maintain compliance with CMS requirements for Medicare and Medicaid patients, and better support people with disabilities. Equipment includes examination tables, vital signs devices, hypertension management tools, wheelchair accessible scales, education materials to empower patients to manage their chronic conditions, bariatric wheelchairs, and diagnostic equipment.",MG,Community-Led Wellness Hubs: Microgrants,68,,Moving Upstream,Community-Led Wellness Hub: Microgrants,data/evidence/OK/2026-08-31_ok_rhtp_funding_recipients.html
OK,15,Baptist Healthcare,36594,NONPROFIT_CBO,No,"Craig County. Baptist Healthcare will invest in one additional ultrasound machine for its clinic. The new system will expand capacity for imaging and improve the overall quality and timeliness of care. Community-Led Wellness Hubs: Microgrants -- applicants were eligible for awards of up to $100,000 per county (a $50,000 base budget and a $50,000 supplemental request). OSDH's Q2 Legislative Quarterly Report states it 'issued 68 awards through the competitive Microgrant application' and that contracts were in progress at 2026-06-30.",Yes,Yes,FY2026 (Year 1),"Oklahoma RHTP Funding Recipients -- Community-Led Wellness Hubs: Microgrants, List of Funding Recipients",https://oklahoma.gov/health/rhtp/rhtp-funding-recipients.html,NOTICE_OF_AWARD,DIRECT_TEXT,R/03t_ok_year1_awardees.R,,,,,OSDH publishes NO organisation-type column; the type is derived from the recipient's own name. Recipient is named but the source does not state its organisational form; §8 settled fallback (session 10).,LOW,RECIPIENT_TYPE_INFERRED,MICROGRANTS,Budget Period 1,NON_HOSPITAL,No,NOT_HOSPITAL,,award amount as published per county by OSDH,Craig,Baptist Healthcare will invest in one additional ultrasound machine for its clinic. The new system will expand capacity for imaging and improve the overall quality and timeliness of care.,MG,Community-Led Wellness Hubs: Microgrants,68,,Moving Upstream,Community-Led Wellness Hub: Microgrants,data/evidence/OK/2026-08-31_ok_rhtp_funding_recipients.html
OK,16,CREOKS Mental Health Services Inc.,49997.68,NONPROFIT_CBO,No,"Creek County. CREOKS will invest in mobile medical carts, a medication dispensing machine, emergency medical cots, laptops, and a transportation van. These investments will strengthen crisis stabilization capacity, improve medication management and emergency readiness, support clinical assessment and workflow, and help clients access needed care and recovery services. Community-Led Wellness Hubs: Microgrants -- applicants were eligible for awards of up to $100,000 per county (a $50,000 base budget and a $50,000 supplemental request). OSDH's Q2 Legislative Quarterly Report states it 'issued 68 awards through the competitive Microgrant application' and that contracts were in progress at 2026-06-30.",Yes,Yes,FY2026 (Year 1),"Oklahoma RHTP Funding Recipients -- Community-Led Wellness Hubs: Microgrants, List of Funding Recipients",https://oklahoma.gov/health/rhtp/rhtp-funding-recipients.html,NOTICE_OF_AWARD,DIRECT_TEXT,R/03t_ok_year1_awardees.R,,,,,OSDH publishes NO organisation-type column; the type is derived from the recipient's own name. Recipient is named but the source does not state its organisational form; §8 settled fallback (session 10).,LOW,RECIPIENT_TYPE_INFERRED,MICROGRANTS,Budget Period 1,NON_HOSPITAL,No,NOT_HOSPITAL,,award amount as published per county by OSDH,Creek,"CREOKS will invest in mobile medical carts, a medication dispensing machine, emergency medical cots, laptops, and a transportation van. These investments will strengthen crisis stabilization capacity, improve medication management and emergency readiness, support clinical assessment and workflow, and help clients access needed care and recovery services.",MG,Community-Led Wellness Hubs: Microgrants,68,,Moving Upstream,Community-Led Wellness Hub: Microgrants,data/evidence/OK/2026-08-31_ok_rhtp_funding_recipients.html
OK,17,TheraWest LLC,38016.68,NONPROFIT_CBO,No,"Custer County. TheraWest LLC will invest in one anti-gravity treadmill, which utilizes NASA-developed differential air-pressure technology to reduce a patient's effective body weight by up to 80%. The technology allows for therapeutic [BC5.1]movement that would otherwise be impossible or painful during the early stages of recovery. Community-Led Wellness Hubs: Microgrants -- applicants were eligible for awards of up to $100,000 per county (a $50,000 base budget and a $50,000 supplemental request). OSDH's Q2 Legislative Quarterly Report states it 'issued 68 awards through the competitive Microgrant application' and that contracts were in progress at 2026-06-30.",Yes,Yes,FY2026 (Year 1),"Oklahoma RHTP Funding Recipients -- Community-Led Wellness Hubs: Microgrants, List of Funding Recipients",https://oklahoma.gov/health/rhtp/rhtp-funding-recipients.html,NOTICE_OF_AWARD,DIRECT_TEXT,R/03t_ok_year1_awardees.R,,,,,OSDH publishes NO organisation-type column; the type is derived from the recipient's own name. Recipient is named but the source does not state its organisational form; §8 settled fallback (session 10).,LOW,RECIPIENT_TYPE_INFERRED,MICROGRANTS,Budget Period 1,NON_HOSPITAL,No,NOT_HOSPITAL,,award amount as published per county by OSDH,Custer,"TheraWest LLC will invest in one anti-gravity treadmill, which utilizes NASA-developed differential air-pressure technology to reduce a patient's effective body weight by up to 80%. The technology allows for therapeutic [BC5.1]movement that would otherwise be impossible or painful during the early stages of recovery.",MG,Community-Led Wellness Hubs: Microgrants,68,,Moving Upstream,Community-Led Wellness Hub: Microgrants,data/evidence/OK/2026-08-31_ok_rhtp_funding_recipients.html
OK,18,St. Francis Health System,25000,HOSPITAL_OR_SYSTEM,Yes,"Delaware County. St. Francis Health System will invest in retina scanning and remote patient monitoring equipment. This investment will bring the medical expertise and capacity of the larger Saint Francis Health System network into rural facilities via telemedicine and related equipment, improving the timeliness of specialized treatment and reducing the transportation burden on patients and their families. Community-Led Wellness Hubs: Microgrants -- applicants were eligible for awards of up to $100,000 per county (a $50,000 base budget and a $50,000 supplemental request). OSDH's Q2 Legislative Quarterly Report states it 'issued 68 awards through the competitive Microgrant application' and that contracts were in progress at 2026-06-30.",Yes,Yes,FY2026 (Year 1),"Oklahoma RHTP Funding Recipients -- Community-Led Wellness Hubs: Microgrants, List of Funding Recipients",https://oklahoma.gov/health/rhtp/rhtp-funding-recipients.html,NOTICE_OF_AWARD,DIRECT_TEXT,R/03t_ok_year1_awardees.R,,,,,OSDH publishes NO organisation-type column; the type is derived from the recipient's own name. Recipient name rule: name states a health system.,MEDIUM,,MICROGRANTS,Budget Period 1,DIRECT,Yes,NAMED_HOSPITAL,,award amount as published per county by OSDH,Delaware,"St. Francis Health System will invest in retina scanning and remote patient monitoring equipment. This investment will bring the medical expertise and capacity of the larger Saint Francis Health System network into rural facilities via telemedicine and related equipment, improving the timeliness of specialized treatment and reducing the transportation burden on patients and their families.",MG,Community-Led Wellness Hubs: Microgrants,68,,Moving Upstream,Community-Led Wellness Hub: Microgrants,data/evidence/OK/2026-08-31_ok_rhtp_funding_recipients.html
OK,19,Seiling Municipal Hospital,48990,HOSPITAL_OR_SYSTEM,Yes,"Dewey County. Seiling Municipal Hospital will invest in a non-contact, low-frequency ultrasound treatment that promotes wound healing by increasing blood flow, reducing bacteria, and stimulating tissue regeneration. It is particularly beneficial for patients with chronic or complex wounds, including diabetic ulcers, pressure injuries, and post-surgical wounds. Community-Led Wellness Hubs: Microgrants -- applicants were eligible for awards of up to $100,000 per county (a $50,000 base budget and a $50,000 supplemental request). OSDH's Q2 Legislative Quarterly Report states it 'issued 68 awards through the competitive Microgrant application' and that contracts were in progress at 2026-06-30.",Yes,Yes,FY2026 (Year 1),"Oklahoma RHTP Funding Recipients -- Community-Led Wellness Hubs: Microgrants, List of Funding Recipients",https://oklahoma.gov/health/rhtp/rhtp-funding-recipients.html,NOTICE_OF_AWARD,DIRECT_TEXT,R/03t_ok_year1_awardees.R,,,,,OSDH publishes NO organisation-type column; the type is derived from the recipient's own name. Recipient name rule: name states a hospital.,HIGH,,MICROGRANTS,Budget Period 1,DIRECT,Yes,NAMED_HOSPITAL,,award amount as published per county by OSDH,Dewey,"Seiling Municipal Hospital will invest in a non-contact, low-frequency ultrasound treatment that promotes wound healing by increasing blood flow, reducing bacteria, and stimulating tissue regeneration. It is particularly beneficial for patients with chronic or complex wounds, including diabetic ulcers, pressure injuries, and post-surgical wounds.",MG,Community-Led Wellness Hubs: Microgrants,68,,Moving Upstream,Community-Led Wellness Hub: Microgrants,data/evidence/OK/2026-08-31_ok_rhtp_funding_recipients.html
OK,20,"Newman Memorial Hospital, Inc.",49749.95,HOSPITAL_OR_SYSTEM,Yes,"Ellis County. Newman Memorial Hospital, Inc. will invest in new equipment to strengthen diagnostic, respiratory, medication administration, and patient care capacity. Equipment includes IV pumps and a laboratory microscope to ensure continued reliability and accuracy in medication administration and diagnostic testing; a non-invasive ventilator to expand respiratory support capacity during periods of high patient volume; and a bariatric standing scale to improve patient safety and allow for accurate assessment of a broader patient population. Community-Led Wellness Hubs: Microgrants -- applicants were eligible for awards of up to $100,000 per county (a $50,000 base budget and a $50,000 supplemental request). OSDH's Q2 Legislative Quarterly Report states it 'issued 68 awards through the competitive Microgrant application' and that contracts were in progress at 2026-06-30.",Yes,Yes,FY2026 (Year 1),"Oklahoma RHTP Funding Recipients -- Community-Led Wellness Hubs: Microgrants, List of Funding Recipients",https://oklahoma.gov/health/rhtp/rhtp-funding-recipients.html,NOTICE_OF_AWARD,DIRECT_TEXT,R/03t_ok_year1_awardees.R,,,,,OSDH publishes NO organisation-type column; the type is derived from the recipient's own name. Recipient name rule: name states a hospital.,HIGH,,MICROGRANTS,Budget Period 1,DIRECT,Yes,NAMED_HOSPITAL,,award amount as published per county by OSDH,Ellis,"Newman Memorial Hospital, Inc. will invest in new equipment to strengthen diagnostic, respiratory, medication administration, and patient care capacity. Equipment includes IV pumps and a laboratory microscope to ensure continued reliability and accuracy in medication administration and diagnostic testing; a non-invasive ventilator to expand respiratory support capacity during periods of high patient volume; and a bariatric standing scale to improve patient safety and allow for accurate assessment of a broader patient population.",MG,Community-Led Wellness Hubs: Microgrants,68,,Moving Upstream,Community-Led Wellness Hub: Microgrants,data/evidence/OK/2026-08-31_ok_rhtp_funding_recipients.html
OK,21,Great Salt Plains Health Center,59220,NONPROFIT_CBO,No,"Garfield County. Great Salt Plains Health Center will invest in architectural and engineering (A&E) design services for the repurposing of existing space within the clinical facility to support the expansion of the rural residency teaching program to accommodate up to 12 residents. Services will include facility planning, schematic design, and coordination necessary to reconfigure existing space for clinical and educational use. Community-Led Wellness Hubs: Microgrants -- applicants were eligible for awards of up to $100,000 per county (a $50,000 base budget and a $50,000 supplemental request). OSDH's Q2 Legislative Quarterly Report states it 'issued 68 awards through the competitive Microgrant application' and that contracts were in progress at 2026-06-30.",Yes,Yes,FY2026 (Year 1),"Oklahoma RHTP Funding Recipients -- Community-Led Wellness Hubs: Microgrants, List of Funding Recipients",https://oklahoma.gov/health/rhtp/rhtp-funding-recipients.html,NOTICE_OF_AWARD,DIRECT_TEXT,R/03t_ok_year1_awardees.R,,,,,OSDH publishes NO organisation-type column; the type is derived from the recipient's own name. Recipient is named but the source does not state its organisational form; §8 settled fallback (session 10).,LOW,RECIPIENT_TYPE_INFERRED,MICROGRANTS,Budget Period 1,NON_HOSPITAL,No,NOT_HOSPITAL,,award amount as published per county by OSDH,Garfield,"Great Salt Plains Health Center will invest in architectural and engineering (A&E) design services for the repurposing of existing space within the clinical facility to support the expansion of the rural residency teaching program to accommodate up to 12 residents. Services will include facility planning, schematic design, and coordination necessary to reconfigure existing space for clinical and educational use.",MG,Community-Led Wellness Hubs: Microgrants,68,,Moving Upstream,Community-Led Wellness Hub: Microgrants,data/evidence/OK/2026-08-31_ok_rhtp_funding_recipients.html
OK,22,Lindsay Municipal Hospital,39799.38,HOSPITAL_OR_SYSTEM,Yes,"Garvin County. Lindsay Municipal Hospital will invest in upgrading and replacing critical equipment to deliver safe, timely, and reliable care in a rural healthcare setting. These investments will support community wellness by improving emergency readiness, enhancing patient safety, and increasing operational efficiency across multiple departments. Equipment includes thermometers, analyzers, a tube rocker, a system for surgical instrument reprocessing, a patient lift, a stretcher, and materials to improve laboratory diagnostic accuracy and efficiency. Community-Led Wellness Hubs: Microgrants -- applicants were eligible for awards of up to $100,000 per county (a $50,000 base budget and a $50,000 supplemental request). OSDH's Q2 Legislative Quarterly Report states it 'issued 68 awards through the competitive Microgrant application' and that contracts were in progress at 2026-06-30.",Yes,Yes,FY2026 (Year 1),"Oklahoma RHTP Funding Recipients -- Community-Led Wellness Hubs: Microgrants, List of Funding Recipients",https://oklahoma.gov/health/rhtp/rhtp-funding-recipients.html,NOTICE_OF_AWARD,DIRECT_TEXT,R/03t_ok_year1_awardees.R,,,,,OSDH publishes NO organisation-type column; the type is derived from the recipient's own name. Recipient name rule: name states a hospital.,HIGH,,MICROGRANTS,Budget Period 1,DIRECT,Yes,NAMED_HOSPITAL,,award amount as published per county by OSDH,Garvin,"Lindsay Municipal Hospital will invest in upgrading and replacing critical equipment to deliver safe, timely, and reliable care in a rural healthcare setting. These investments will support community wellness by improving emergency readiness, enhancing patient safety, and increasing operational efficiency across multiple departments. Equipment includes thermometers, analyzers, a tube rocker, a system for surgical instrument reprocessing, a patient lift, a stretcher, and materials to improve laboratory diagnostic accuracy and efficiency.",MG,Community-Led Wellness Hubs: Microgrants,68,,Moving Upstream,Community-Led Wellness Hub: Microgrants,data/evidence/OK/2026-08-31_ok_rhtp_funding_recipients.html
OK,23,Empowerment Solutions,29950,NONPROFIT_CBO,No,"Grady County. Empowerment Solutions will invest in a workstation equipped with digital radiography equipment to upgrade to full digital imaging capability, in addition to required preventive maintenance to comply with existing equipment. Community-Led Wellness Hubs: Microgrants -- applicants were eligible for awards of up to $100,000 per county (a $50,000 base budget and a $50,000 supplemental request). OSDH's Q2 Legislative Quarterly Report states it 'issued 68 awards through the competitive Microgrant application' and that contracts were in progress at 2026-06-30.",Yes,Yes,FY2026 (Year 1),"Oklahoma RHTP Funding Recipients -- Community-Led Wellness Hubs: Microgrants, List of Funding Recipients",https://oklahoma.gov/health/rhtp/rhtp-funding-recipients.html,NOTICE_OF_AWARD,DIRECT_TEXT,R/03t_ok_year1_awardees.R,,,,,OSDH publishes NO organisation-type column; the type is derived from the recipient's own name. Recipient is named but the source does not state its organisational form; §8 settled fallback (session 10).,LOW,RECIPIENT_TYPE_INFERRED,MICROGRANTS,Budget Period 1,NON_HOSPITAL,No,NOT_HOSPITAL,,award amount as published per county by OSDH,Grady,"Empowerment Solutions will invest in a workstation equipped with digital radiography equipment to upgrade to full digital imaging capability, in addition to required preventive maintenance to comply with existing equipment.",MG,Community-Led Wellness Hubs: Microgrants,68,,Moving Upstream,Community-Led Wellness Hub: Microgrants,data/evidence/OK/2026-08-31_ok_rhtp_funding_recipients.html
OK,24,Great Salt Plains Health Center,61776,NONPROFIT_CBO,No,"Grant County. Great Salt Plains Health Center will invest in a vaccine management system to improve vaccine storage, guarantee temperature control, and enhance patient safety. Community-Led Wellness Hubs: Microgrants -- applicants were eligible for awards of up to $100,000 per county (a $50,000 base budget and a $50,000 supplemental request). OSDH's Q2 Legislative Quarterly Report states it 'issued 68 awards through the competitive Microgrant application' and that contracts were in progress at 2026-06-30.",Yes,Yes,FY2026 (Year 1),"Oklahoma RHTP Funding Recipients -- Community-Led Wellness Hubs: Microgrants, List of Funding Recipients",https://oklahoma.gov/health/rhtp/rhtp-funding-recipients.html,NOTICE_OF_AWARD,DIRECT_TEXT,R/03t_ok_year1_awardees.R,,,,,OSDH publishes NO organisation-type column; the type is derived from the recipient's own name. Recipient is named but the source does not state its organisational form; §8 settled fallback (session 10).,LOW,RECIPIENT_TYPE_INFERRED,MICROGRANTS,Budget Period 1,NON_HOSPITAL,No,NOT_HOSPITAL,,award amount as published per county by OSDH,Grant,"Great Salt Plains Health Center will invest in a vaccine management system to improve vaccine storage, guarantee temperature control, and enhance patient safety.",MG,Community-Led Wellness Hubs: Microgrants,68,,Moving Upstream,Community-Led Wellness Hub: Microgrants,data/evidence/OK/2026-08-31_ok_rhtp_funding_recipients.html
OK,25,Jackson County Memorial Hospital Authority,34152.99,HOSPITAL_OR_SYSTEM,Yes,"Greer County. Jackson County Memorial Hospital Authority will invest in clinical access and point-of-care equipment for its Rural Health Clinics [ER8.1][CP8.2]to enable providers to conduct medical examinations, diagnose and treat patients, maintain compliance with HHS requirements for treatment of Medicare and Medicaid patients, and serve people with disabilities. Equipment includes examination tables, a lab draw chair, scopes for conducting examinations, point-of-care ultrasound equipment, and bariatric patient chairs. Community-Led Wellness Hubs: Microgrants -- applicants were eligible for awards of up to $100,000 per county (a $50,000 base budget and a $50,000 supplemental request). OSDH's Q2 Legislative Quarterly Report states it 'issued 68 awards through the competitive Microgrant application' and that contracts were in progress at 2026-06-30.",Yes,Yes,FY2026 (Year 1),"Oklahoma RHTP Funding Recipients -- Community-Led Wellness Hubs: Microgrants, List of Funding Recipients",https://oklahoma.gov/health/rhtp/rhtp-funding-recipients.html,NOTICE_OF_AWARD,DIRECT_TEXT,R/03t_ok_year1_awardees.R,,,,,OSDH publishes NO organisation-type column; the type is derived from the recipient's own name. Recipient name rule: name states a hospital.,HIGH,,MICROGRANTS,Budget Period 1,DIRECT,Yes,NAMED_HOSPITAL,,award amount as published per county by OSDH,Greer,"Jackson County Memorial Hospital Authority will invest in clinical access and point-of-care equipment for its Rural Health Clinics [ER8.1][CP8.2]to enable providers to conduct medical examinations, diagnose and treat patients, maintain compliance with HHS requirements for treatment of Medicare and Medicaid patients, and serve people with disabilities. Equipment includes examination tables, a lab draw chair, scopes for conducting examinations, point-of-care ultrasound equipment, and bariatric patient chairs.",MG,Community-Led Wellness Hubs: Microgrants,68,,Moving Upstream,Community-Led Wellness Hub: Microgrants,data/evidence/OK/2026-08-31_ok_rhtp_funding_recipients.html
OK,26,Jackson County Memorial Hospital Authority,34152.99,HOSPITAL_OR_SYSTEM,Yes,"Harmon County. Jackson County Memorial Hospital Authority will invest in clinical access and point-of-care equipment for its Rural Health Clinics t[ER9.1][CP9.2]o enable providers to conduct medical examinations, diagnose and treat patients, maintain compliance with HHS requirements for treatment of Medicare and Medicaid patients, and serve people with disabilities. Equipment includes examination tables, a lab draw chair, scopes for conducting examinations, point-of-care ultrasound equipment, and bariatric patient chairs. Community-Led Wellness Hubs: Microgrants -- applicants were eligible for awards of up to $100,000 per county (a $50,000 base budget and a $50,000 supplemental request). OSDH's Q2 Legislative Quarterly Report states it 'issued 68 awards through the competitive Microgrant application' and that contracts were in progress at 2026-06-30.",Yes,Yes,FY2026 (Year 1),"Oklahoma RHTP Funding Recipients -- Community-Led Wellness Hubs: Microgrants, List of Funding Recipients",https://oklahoma.gov/health/rhtp/rhtp-funding-recipients.html,NOTICE_OF_AWARD,DIRECT_TEXT,R/03t_ok_year1_awardees.R,,,,,OSDH publishes NO organisation-type column; the type is derived from the recipient's own name. Recipient name rule: name states a hospital.,HIGH,,MICROGRANTS,Budget Period 1,DIRECT,Yes,NAMED_HOSPITAL,,award amount as published per county by OSDH,Harmon,"Jackson County Memorial Hospital Authority will invest in clinical access and point-of-care equipment for its Rural Health Clinics t[ER9.1][CP9.2]o enable providers to conduct medical examinations, diagnose and treat patients, maintain compliance with HHS requirements for treatment of Medicare and Medicaid patients, and serve people with disabilities. Equipment includes examination tables, a lab draw chair, scopes for conducting examinations, point-of-care ultrasound equipment, and bariatric patient chairs.",MG,Community-Led Wellness Hubs: Microgrants,68,,Moving Upstream,Community-Led Wellness Hub: Microgrants,data/evidence/OK/2026-08-31_ok_rhtp_funding_recipients.html
OK,27,Harper County Community Hospital,60360.41,HOSPITAL_OR_SYSTEM,Yes,"Harper County. Harper County Community Hospital will invest in a pulmonary function test machine to strengthen the hospital's ability to provide comprehensive respiratory care, improve diagnostic capabilities, and enhance overall patient service delivery in the community. Additionally, they will invest in a balance system to strengthen the hospital's rehabilitation services, improve patient safety by addressing fall risk, and expand access to advanced therapeutic technology. Community-Led Wellness Hubs: Microgrants -- applicants were eligible for awards of up to $100,000 per county (a $50,000 base budget and a $50,000 supplemental request). OSDH's Q2 Legislative Quarterly Report states it 'issued 68 awards through the competitive Microgrant application' and that contracts were in progress at 2026-06-30.",Yes,Yes,FY2026 (Year 1),"Oklahoma RHTP Funding Recipients -- Community-Led Wellness Hubs: Microgrants, List of Funding Recipients",https://oklahoma.gov/health/rhtp/rhtp-funding-recipients.html,NOTICE_OF_AWARD,DIRECT_TEXT,R/03t_ok_year1_awardees.R,,,,,OSDH publishes NO organisation-type column; the type is derived from the recipient's own name. Recipient name rule: name states a hospital.,HIGH,,MICROGRANTS,Budget Period 1,DIRECT,Yes,NAMED_HOSPITAL,,award amount as published per county by OSDH,Harper,"Harper County Community Hospital will invest in a pulmonary function test machine to strengthen the hospital's ability to provide comprehensive respiratory care, improve diagnostic capabilities, and enhance overall patient service delivery in the community. Additionally, they will invest in a balance system to strengthen the hospital's rehabilitation services, improve patient safety by addressing fall risk, and expand access to advanced therapeutic technology.",MG,Community-Led Wellness Hubs: Microgrants,68,,Moving Upstream,Community-Led Wellness Hub: Microgrants,data/evidence/OK/2026-08-31_ok_rhtp_funding_recipients.html
OK,28,Pafford Medical Services,64340.9,NONPROFIT_CBO,No,"Haskell County. Pafford Medical Services will invest in three categories of advanced prehospital clinical equipment for ambulances. This equipment includes a mechanical chest compression system to deliver automated, consistent chest compressions, an IV pump, and a kit to display a real-time glottis image on an integrated screen. Community-Led Wellness Hubs: Microgrants -- applicants were eligible for awards of up to $100,000 per county (a $50,000 base budget and a $50,000 supplemental request). OSDH's Q2 Legislative Quarterly Report states it 'issued 68 awards through the competitive Microgrant application' and that contracts were in progress at 2026-06-30.",Yes,Yes,FY2026 (Year 1),"Oklahoma RHTP Funding Recipients -- Community-Led Wellness Hubs: Microgrants, List of Funding Recipients",https://oklahoma.gov/health/rhtp/rhtp-funding-recipients.html,NOTICE_OF_AWARD,DIRECT_TEXT,R/03t_ok_year1_awardees.R,,,,,OSDH publishes NO organisation-type column; the type is derived from the recipient's own name. Recipient is named but the source does not state its organisational form; §8 settled fallback (session 10).,LOW,RECIPIENT_TYPE_INFERRED,MICROGRANTS,Budget Period 1,NON_HOSPITAL,No,NOT_HOSPITAL,,award amount as published per county by OSDH,Haskell,"Pafford Medical Services will invest in three categories of advanced prehospital clinical equipment for ambulances. This equipment includes a mechanical chest compression system to deliver automated, consistent chest compressions, an IV pump, and a kit to display a real-time glottis image on an integrated screen.",MG,Community-Led Wellness Hubs: Microgrants,68,,Moving Upstream,Community-Led Wellness Hub: Microgrants,data/evidence/OK/2026-08-31_ok_rhtp_funding_recipients.html
OK,29,City of Wetumka,50000,LOCAL_GOVT_OR_PUBLIC_HEALTH,No,"Hughes County. The City of Wetumka will invest in the development of an active living course to promote healthy lifestyles and encourage regular physical activity for the residents of Wetumka and surrounding communities, in partnership with local organizations. The adult physical fitness equipment is designed to accommodate a range of abilities, including individuals with disabilities, and a protective awning will provide shade and shelter. The City of Wetumka will also invest in walking path signs with designated mileage points to assist users in tracking their activity. Community-Led Wellness Hubs: Microgrants -- applicants were eligible for awards of up to $100,000 per county (a $50,000 base budget and a $50,000 supplemental request). OSDH's Q2 Legislative Quarterly Report states it 'issued 68 awards through the competitive Microgrant application' and that contracts were in progress at 2026-06-30.",Yes,Yes,FY2026 (Year 1),"Oklahoma RHTP Funding Recipients -- Community-Led Wellness Hubs: Microgrants, List of Funding Recipients",https://oklahoma.gov/health/rhtp/rhtp-funding-recipients.html,NOTICE_OF_AWARD,DIRECT_TEXT,R/03t_ok_year1_awardees.R,,,,,OSDH publishes NO organisation-type column; the type is derived from the recipient's own name. Recipient name rule: name states a local government.,MEDIUM,,MICROGRANTS,Budget Period 1,NON_HOSPITAL,No,NOT_HOSPITAL,,award amount as published per county by OSDH,Hughes,"The City of Wetumka will invest in the development of an active living course to promote healthy lifestyles and encourage regular physical activity for the residents of Wetumka and surrounding communities, in partnership with local organizations. The adult physical fitness equipment is designed to accommodate a range of abilities, including individuals with disabilities, and a protective awning will provide shade and shelter. The City of Wetumka will also invest in walking path signs with designated mileage points to assist users in tracking their activity.",MG,Community-Led Wellness Hubs: Microgrants,68,,Moving Upstream,Community-Led Wellness Hub: Microgrants,data/evidence/OK/2026-08-31_ok_rhtp_funding_recipients.html
OK,30,Altus Public Schools,49988.7,SCHOOL_OR_DISTRICT,No,"Jackson County. Altus Public Schools will invest in updated, shared-use wellness and strength-training equipment to expand safe, structured physical activity opportunities for students in grades 6–12. Purchases include strength and resistance equipment (such as dumbbells, plates, and benches), cardiovascular equipment (including stationary bikes), and functional training equipment (such as plyometric boxes, medicine balls, and agility tools). The project also includes mobility and recovery equipment (such as resistance bands and suspension trainers), performance monitoring tools to support safe progression, and safety and infrastructure improvements, including flooring, storage systems, and instructional signage. Community-Led Wellness Hubs: Microgrants -- applicants were eligible for awards of up to $100,000 per county (a $50,000 base budget and a $50,000 supplemental request). OSDH's Q2 Legislative Quarterly Report states it 'issued 68 awards through the competitive Microgrant application' and that contracts were in progress at 2026-06-30.",Yes,Yes,FY2026 (Year 1),"Oklahoma RHTP Funding Recipients -- Community-Led Wellness Hubs: Microgrants, List of Funding Recipients",https://oklahoma.gov/health/rhtp/rhtp-funding-recipients.html,NOTICE_OF_AWARD,DIRECT_TEXT,R/03t_ok_year1_awardees.R,,,,,OSDH publishes NO organisation-type column; the type is derived from the recipient's own name. Recipient name rule: name states a public school district.,HIGH,,MICROGRANTS,Budget Period 1,NON_HOSPITAL,No,NOT_HOSPITAL,,award amount as published per county by OSDH,Jackson,"Altus Public Schools will invest in updated, shared-use wellness and strength-training equipment to expand safe, structured physical activity opportunities for students in grades 6–12. Purchases include strength and resistance equipment (such as dumbbells, plates, and benches), cardiovascular equipment (including stationary bikes), and functional training equipment (such as plyometric boxes, medicine balls, and agility tools). The project also includes mobility and recovery equipment (such as resistance bands and suspension trainers), performance monitoring tools to support safe progression, and safety and infrastructure improvements, including flooring, storage systems, and instructional signage.",MG,Community-Led Wellness Hubs: Microgrants,68,,Moving Upstream,Community-Led Wellness Hub: Microgrants,data/evidence/OK/2026-08-31_ok_rhtp_funding_recipients.html
OK,31,DRH Health,42270.62,NONPROFIT_CBO,No,"Jefferson County. DRH Health will invest in clinical access and point-of-care equipment for its Rural Health Clinics[ER10.1][CP10.2] to enable providers to conduct medical examinations, diagnose and treat patients, maintain compliance with CMS requirements for Medicare and Medicaid patients, and better support people with disabilities. Equipment includes examination tables, vital signs devices, hypertension management tools, wheelchair accessible scales, education materials to empower patients to manage their chronic conditions, bariatric wheelchairs, and diagnostic equipment. Community-Led Wellness Hubs: Microgrants -- applicants were eligible for awards of up to $100,000 per county (a $50,000 base budget and a $50,000 supplemental request). OSDH's Q2 Legislative Quarterly Report states it 'issued 68 awards through the competitive Microgrant application' and that contracts were in progress at 2026-06-30.",Yes,Yes,FY2026 (Year 1),"Oklahoma RHTP Funding Recipients -- Community-Led Wellness Hubs: Microgrants, List of Funding Recipients",https://oklahoma.gov/health/rhtp/rhtp-funding-recipients.html,NOTICE_OF_AWARD,DIRECT_TEXT,R/03t_ok_year1_awardees.R,,,,,OSDH publishes NO organisation-type column; the type is derived from the recipient's own name. Recipient is named but the source does not state its organisational form; §8 settled fallback (session 10).,LOW,RECIPIENT_TYPE_INFERRED,MICROGRANTS,Budget Period 1,NON_HOSPITAL,No,NOT_HOSPITAL,,award amount as published per county by OSDH,Jefferson,"DRH Health will invest in clinical access and point-of-care equipment for its Rural Health Clinics[ER10.1][CP10.2] to enable providers to conduct medical examinations, diagnose and treat patients, maintain compliance with CMS requirements for Medicare and Medicaid patients, and better support people with disabilities. Equipment includes examination tables, vital signs devices, hypertension management tools, wheelchair accessible scales, education materials to empower patients to manage their chronic conditions, bariatric wheelchairs, and diagnostic equipment.",MG,Community-Led Wellness Hubs: Microgrants,68,,Moving Upstream,Community-Led Wellness Hub: Microgrants,data/evidence/OK/2026-08-31_ok_rhtp_funding_recipients.html
OK,32,Mercy Hospital Oklahoma Communities,50000,HOSPITAL_OR_SYSTEM,Yes,"Johnston County. Mercy Hospital Oklahoma Communities will invest in modern, energy-efficient LED lighting throughout the rural hospital and a modern floor scrubber to strengthen environmental cleanliness and infection control. Additionally, the installation of updated pharmacy storage will improve medication safety, organization, and regulatory compliance within the rural hospital. Community-Led Wellness Hubs: Microgrants -- applicants were eligible for awards of up to $100,000 per county (a $50,000 base budget and a $50,000 supplemental request). OSDH's Q2 Legislative Quarterly Report states it 'issued 68 awards through the competitive Microgrant application' and that contracts were in progress at 2026-06-30.",Yes,Yes,FY2026 (Year 1),"Oklahoma RHTP Funding Recipients -- Community-Led Wellness Hubs: Microgrants, List of Funding Recipients",https://oklahoma.gov/health/rhtp/rhtp-funding-recipients.html,NOTICE_OF_AWARD,DIRECT_TEXT,R/03t_ok_year1_awardees.R,,,,,OSDH publishes NO organisation-type column; the type is derived from the recipient's own name. Recipient name rule: name states a hospital.,HIGH,,MICROGRANTS,Budget Period 1,DIRECT,Yes,NAMED_HOSPITAL,,award amount as published per county by OSDH,Johnston,"Mercy Hospital Oklahoma Communities will invest in modern, energy-efficient LED lighting throughout the rural hospital and a modern floor scrubber to strengthen environmental cleanliness and infection control. Additionally, the installation of updated pharmacy storage will improve medication safety, organization, and regulatory compliance within the rural hospital.",MG,Community-Led Wellness Hubs: Microgrants,68,,Moving Upstream,Community-Led Wellness Hub: Microgrants,data/evidence/OK/2026-08-31_ok_rhtp_funding_recipients.html
OK,33,"Fairfax Medical Facilities, Inc.",83017.73,NONPROFIT_CBO,No,"Kay County. Fairfax Medical Facilities, Inc. will invest in equipment to conduct bone mineral density diagnostic testing. Community-Led Wellness Hubs: Microgrants -- applicants were eligible for awards of up to $100,000 per county (a $50,000 base budget and a $50,000 supplemental request). OSDH's Q2 Legislative Quarterly Report states it 'issued 68 awards through the competitive Microgrant application' and that contracts were in progress at 2026-06-30.",Yes,Yes,FY2026 (Year 1),"Oklahoma RHTP Funding Recipients -- Community-Led Wellness Hubs: Microgrants, List of Funding Recipients",https://oklahoma.gov/health/rhtp/rhtp-funding-recipients.html,NOTICE_OF_AWARD,DIRECT_TEXT,R/03t_ok_year1_awardees.R,,,,,OSDH publishes NO organisation-type column; the type is derived from the recipient's own name. Recipient is named but the source does not state its organisational form; §8 settled fallback (session 10).,LOW,RECIPIENT_TYPE_INFERRED,MICROGRANTS,Budget Period 1,NON_HOSPITAL,No,NOT_HOSPITAL,,award amount as published per county by OSDH,Kay,"Fairfax Medical Facilities, Inc. will invest in equipment to conduct bone mineral density diagnostic testing.",MG,Community-Led Wellness Hubs: Microgrants,68,,Moving Upstream,Community-Led Wellness Hub: Microgrants,data/evidence/OK/2026-08-31_ok_rhtp_funding_recipients.html
OK,34,"Great Plains Youth and Family Services, Inc.",12500,NONPROFIT_CBO,No,"Kiowa County. Great Plains Youth and Family Services, Inc. will invest in basic hygiene and dental care items, including toothbrushes, toothpaste, deodorant, body wash, and shampoo. These items are critical to ensuring children maintain proper personal hygiene, which is closely linked to physical health, self-esteem, and school readiness. Additionally, they will invest in backpacks and age-appropriate school supplies to help ensure students begin the school year equipped, confident, and prepared to learn, and a portion of the funds will be dedicated to promoting early literacy and learning opportunities. Community-Led Wellness Hubs: Microgrants -- applicants were eligible for awards of up to $100,000 per county (a $50,000 base budget and a $50,000 supplemental request). OSDH's Q2 Legislative Quarterly Report states it 'issued 68 awards through the competitive Microgrant application' and that contracts were in progress at 2026-06-30.",Yes,Yes,FY2026 (Year 1),"Oklahoma RHTP Funding Recipients -- Community-Led Wellness Hubs: Microgrants, List of Funding Recipients",https://oklahoma.gov/health/rhtp/rhtp-funding-recipients.html,NOTICE_OF_AWARD,DIRECT_TEXT,R/03t_ok_year1_awardees.R,,,,,OSDH publishes NO organisation-type column; the type is derived from the recipient's own name. Recipient is named but the source does not state its organisational form; §8 settled fallback (session 10).,LOW,RECIPIENT_TYPE_INFERRED,MICROGRANTS,Budget Period 1,NON_HOSPITAL,No,NOT_HOSPITAL,,award amount as published per county by OSDH,Kiowa,"Great Plains Youth and Family Services, Inc. will invest in basic hygiene and dental care items, including toothbrushes, toothpaste, deodorant, body wash, and shampoo. These items are critical to ensuring children maintain proper personal hygiene, which is closely linked to physical health, self-esteem, and school readiness. Additionally, they will invest in backpacks and age-appropriate school supplies to help ensure students begin the school year equipped, confident, and prepared to learn, and a portion of the funds will be dedicated to promoting early literacy and learning opportunities.",MG,Community-Led Wellness Hubs: Microgrants,68,,Moving Upstream,Community-Led Wellness Hub: Microgrants,data/evidence/OK/2026-08-31_ok_rhtp_funding_recipients.html
OK,35,Pafford Medical Services,32168.95,NONPROFIT_CBO,No,"Latimer County. Pafford Medical Services will invest in three categories of advanced prehospital clinical equipment for ambulances. This equipment includes a mechanical chest compression system to deliver automated, consistent chest compressions, an IV pump, and a kit to display a real-time glottis image on an integrated screen. Community-Led Wellness Hubs: Microgrants -- applicants were eligible for awards of up to $100,000 per county (a $50,000 base budget and a $50,000 supplemental request). OSDH's Q2 Legislative Quarterly Report states it 'issued 68 awards through the competitive Microgrant application' and that contracts were in progress at 2026-06-30.",Yes,Yes,FY2026 (Year 1),"Oklahoma RHTP Funding Recipients -- Community-Led Wellness Hubs: Microgrants, List of Funding Recipients",https://oklahoma.gov/health/rhtp/rhtp-funding-recipients.html,NOTICE_OF_AWARD,DIRECT_TEXT,R/03t_ok_year1_awardees.R,,,,,OSDH publishes NO organisation-type column; the type is derived from the recipient's own name. Recipient is named but the source does not state its organisational form; §8 settled fallback (session 10).,LOW,RECIPIENT_TYPE_INFERRED,MICROGRANTS,Budget Period 1,NON_HOSPITAL,No,NOT_HOSPITAL,,award amount as published per county by OSDH,Latimer,"Pafford Medical Services will invest in three categories of advanced prehospital clinical equipment for ambulances. This equipment includes a mechanical chest compression system to deliver automated, consistent chest compressions, an IV pump, and a kit to display a real-time glottis image on an integrated screen.",MG,Community-Led Wellness Hubs: Microgrants,68,,Moving Upstream,Community-Led Wellness Hub: Microgrants,data/evidence/OK/2026-08-31_ok_rhtp_funding_recipients.html
OK,36,"The LeFlore County Hospital Authority, dba Eastern Oklahoma Medical Center (EOMC)",86783,HOSPITAL_OR_SYSTEM,Yes,"LeFlore County. The LeFlore County Hospital Authority, dba Eastern Oklahoma Medical Center (EOMC), will invest in a machine with VO2 monitoring for bone density screenings. EOMC will also incorporate infusion services to include osteoporosis therapies, implement a structured fall prevention program, and enhance care coordination through screening referrals, treatment tracking, and patient follow-up. Community-Led Wellness Hubs: Microgrants -- applicants were eligible for awards of up to $100,000 per county (a $50,000 base budget and a $50,000 supplemental request). OSDH's Q2 Legislative Quarterly Report states it 'issued 68 awards through the competitive Microgrant application' and that contracts were in progress at 2026-06-30.",Yes,Yes,FY2026 (Year 1),"Oklahoma RHTP Funding Recipients -- Community-Led Wellness Hubs: Microgrants, List of Funding Recipients",https://oklahoma.gov/health/rhtp/rhtp-funding-recipients.html,NOTICE_OF_AWARD,DIRECT_TEXT,R/03t_ok_year1_awardees.R,,,,,OSDH publishes NO organisation-type column; the type is derived from the recipient's own name. Recipient name rule: name states a hospital.,HIGH,,MICROGRANTS,Budget Period 1,DIRECT,Yes,NAMED_HOSPITAL,,award amount as published per county by OSDH,LeFlore,"The LeFlore County Hospital Authority, dba Eastern Oklahoma Medical Center (EOMC), will invest in a machine with VO2 monitoring for bone density screenings. EOMC will also incorporate infusion services to include osteoporosis therapies, implement a structured fall prevention program, and enhance care coordination through screening referrals, treatment tracking, and patient follow-up.",MG,Community-Led Wellness Hubs: Microgrants,68,,Moving Upstream,Community-Led Wellness Hub: Microgrants,data/evidence/OK/2026-08-31_ok_rhtp_funding_recipients.html
OK,37,Community Market of Pottawatomie County,48378.5,NONPROFIT_CBO,No,"Lincoln County. The Community Market of Pottawatomie County will invest in a 16-foot box truck with an enclosed cargo area, designed for high-capacity transport and mobile delivery of food, supplies, and community resources. Additionally, CMPC will invest in an additional pallet jack, two new tablets, and additional folding tables to manage the increased level of service being provided. Community-Led Wellness Hubs: Microgrants -- applicants were eligible for awards of up to $100,000 per county (a $50,000 base budget and a $50,000 supplemental request). OSDH's Q2 Legislative Quarterly Report states it 'issued 68 awards through the competitive Microgrant application' and that contracts were in progress at 2026-06-30.",Yes,Yes,FY2026 (Year 1),"Oklahoma RHTP Funding Recipients -- Community-Led Wellness Hubs: Microgrants, List of Funding Recipients",https://oklahoma.gov/health/rhtp/rhtp-funding-recipients.html,NOTICE_OF_AWARD,DIRECT_TEXT,R/03t_ok_year1_awardees.R,,,,,OSDH publishes NO organisation-type column; the type is derived from the recipient's own name. Recipient is named but the source does not state its organisational form; §8 settled fallback (session 10).,LOW,RECIPIENT_TYPE_INFERRED,MICROGRANTS,Budget Period 1,NON_HOSPITAL,No,NOT_HOSPITAL,,award amount as published per county by OSDH,Lincoln,"The Community Market of Pottawatomie County will invest in a 16-foot box truck with an enclosed cargo area, designed for high-capacity transport and mobile delivery of food, supplies, and community resources. Additionally, CMPC will invest in an additional pallet jack, two new tablets, and additional folding tables to manage the increased level of service being provided.",MG,Community-Led Wellness Hubs: Microgrants,68,,Moving Upstream,Community-Led Wellness Hub: Microgrants,data/evidence/OK/2026-08-31_ok_rhtp_funding_recipients.html
OK,38,Guthrie Fire EMS,46600,EMS_OR_PSAP,No,"Logan County. Guthrie Fire EMS will invest in two cardiac monitor/defibrillators and two ventilators to fulfill a documented operational and clinical need by improving equipment availability for a rural EMS system. Dependable monitoring and ventilatory support are essential for safe patient care during response and transport. Community-Led Wellness Hubs: Microgrants -- applicants were eligible for awards of up to $100,000 per county (a $50,000 base budget and a $50,000 supplemental request). OSDH's Q2 Legislative Quarterly Report states it 'issued 68 awards through the competitive Microgrant application' and that contracts were in progress at 2026-06-30.",Yes,Yes,FY2026 (Year 1),"Oklahoma RHTP Funding Recipients -- Community-Led Wellness Hubs: Microgrants, List of Funding Recipients",https://oklahoma.gov/health/rhtp/rhtp-funding-recipients.html,NOTICE_OF_AWARD,DIRECT_TEXT,R/03t_ok_year1_awardees.R,,,,,OSDH publishes NO organisation-type column; the type is derived from the recipient's own name. Recipient name rule: name states an EMS entity.,HIGH,,MICROGRANTS,Budget Period 1,NON_HOSPITAL,No,NOT_HOSPITAL,,award amount as published per county by OSDH,Logan,Guthrie Fire EMS will invest in two cardiac monitor/defibrillators and two ventilators to fulfill a documented operational and clinical need by improving equipment availability for a rural EMS system. Dependable monitoring and ventilatory support are essential for safe patient care during response and transport.,MG,Community-Led Wellness Hubs: Microgrants,68,,Moving Upstream,Community-Led Wellness Hub: Microgrants,data/evidence/OK/2026-08-31_ok_rhtp_funding_recipients.html
OK,39,Fairview Regional Medical Center,100000,HOSPITAL_OR_SYSTEM,Yes,"Major County. Fairview Regional Medical Center will invest in laptops to support mobile care coordination, patient engagement, and community-based education, along with a portable X-ray machine to expand access to diagnostic imaging services in non-traditional and community-based settings. Community-Led Wellness Hubs: Microgrants -- applicants were eligible for awards of up to $100,000 per county (a $50,000 base budget and a $50,000 supplemental request). OSDH's Q2 Legislative Quarterly Report states it 'issued 68 awards through the competitive Microgrant application' and that contracts were in progress at 2026-06-30.",Yes,Yes,FY2026 (Year 1),"Oklahoma RHTP Funding Recipients -- Community-Led Wellness Hubs: Microgrants, List of Funding Recipients",https://oklahoma.gov/health/rhtp/rhtp-funding-recipients.html,NOTICE_OF_AWARD,DIRECT_TEXT,R/03t_ok_year1_awardees.R,,,,,OSDH publishes NO organisation-type column; the type is derived from the recipient's own name. Recipient name rule: name states a medical center.,HIGH,,MICROGRANTS,Budget Period 1,DIRECT,Yes,NAMED_HOSPITAL,,award amount as published per county by OSDH,Major,"Fairview Regional Medical Center will invest in laptops to support mobile care coordination, patient engagement, and community-based education, along with a portable X-ray machine to expand access to diagnostic imaging services in non-traditional and community-based settings.",MG,Community-Led Wellness Hubs: Microgrants,68,,Moving Upstream,Community-Led Wellness Hub: Microgrants,data/evidence/OK/2026-08-31_ok_rhtp_funding_recipients.html
OK,40,"Marshall County HMA, dba AllianceHealth Madill",47300,NONPROFIT_CBO,No,"Marshall County. Marshall County HMA, dba AllianceHealth Madill will invest in one pulmonary function testing (PFT) machine and two pieces of cardiovascular rehabilitation equipment to support the prevention, early detection, and management of chronic heart and lung disease. These investments create a more complete continuum of care, linking diagnosis with recovery and prevention services. Community-Led Wellness Hubs: Microgrants -- applicants were eligible for awards of up to $100,000 per county (a $50,000 base budget and a $50,000 supplemental request). OSDH's Q2 Legislative Quarterly Report states it 'issued 68 awards through the competitive Microgrant application' and that contracts were in progress at 2026-06-30.",Yes,Yes,FY2026 (Year 1),"Oklahoma RHTP Funding Recipients -- Community-Led Wellness Hubs: Microgrants, List of Funding Recipients",https://oklahoma.gov/health/rhtp/rhtp-funding-recipients.html,NOTICE_OF_AWARD,DIRECT_TEXT,R/03t_ok_year1_awardees.R,,,,,OSDH publishes NO organisation-type column; the type is derived from the recipient's own name. Recipient is named but the source does not state its organisational form; §8 settled fallback (session 10).,LOW,RECIPIENT_TYPE_INFERRED,MICROGRANTS,Budget Period 1,NON_HOSPITAL,No,NOT_HOSPITAL,,award amount as published per county by OSDH,Marshall,"Marshall County HMA, dba AllianceHealth Madill will invest in one pulmonary function testing (PFT) machine and two pieces of cardiovascular rehabilitation equipment to support the prevention, early detection, and management of chronic heart and lung disease. These investments create a more complete continuum of care, linking diagnosis with recovery and prevention services.",MG,Community-Led Wellness Hubs: Microgrants,68,,Moving Upstream,Community-Led Wellness Hub: Microgrants,data/evidence/OK/2026-08-31_ok_rhtp_funding_recipients.html
OK,41,Grand Lake Mental Health,49275,NONPROFIT_CBO,No,"Mayes County. Grand Lake Mental Health will invest in three kiosks in the waiting room of their outpatient clinic to make intake, assessment, and check-in processes less cumbersome and time-consuming for clients. They will also invest in a redesign of nine youth therapy rooms at outpatient clinics, making them more welcoming, trauma-informed, child-friendly, and equipped with therapeutic toys and activities. Community-Led Wellness Hubs: Microgrants -- applicants were eligible for awards of up to $100,000 per county (a $50,000 base budget and a $50,000 supplemental request). OSDH's Q2 Legislative Quarterly Report states it 'issued 68 awards through the competitive Microgrant application' and that contracts were in progress at 2026-06-30.",Yes,Yes,FY2026 (Year 1),"Oklahoma RHTP Funding Recipients -- Community-Led Wellness Hubs: Microgrants, List of Funding Recipients",https://oklahoma.gov/health/rhtp/rhtp-funding-recipients.html,NOTICE_OF_AWARD,DIRECT_TEXT,R/03t_ok_year1_awardees.R,,,,,OSDH publishes NO organisation-type column; the type is derived from the recipient's own name. Recipient is named but the source does not state its organisational form; §8 settled fallback (session 10).,LOW,RECIPIENT_TYPE_INFERRED,MICROGRANTS,Budget Period 1,NON_HOSPITAL,No,NOT_HOSPITAL,,award amount as published per county by OSDH,Mayes,"Grand Lake Mental Health will invest in three kiosks in the waiting room of their outpatient clinic to make intake, assessment, and check-in processes less cumbersome and time-consuming for clients. They will also invest in a redesign of nine youth therapy rooms at outpatient clinics, making them more welcoming, trauma-informed, child-friendly, and equipped with therapeutic toys and activities.",MG,Community-Led Wellness Hubs: Microgrants,68,,Moving Upstream,Community-Led Wellness Hub: Microgrants,data/evidence/OK/2026-08-31_ok_rhtp_funding_recipients.html
OK,42,Purcell Municipal Hospital,92167.82,HOSPITAL_OR_SYSTEM,Yes,"McClain County. Purcell Municipal Hospital will invest in two scopes with cameras, one adult and one pediatric, that will provide high-definition visualization with advanced technologies, enabling clinicians to detect subtle mucosal and vascular abnormalities, supporting an earlier and more accurate diagnosis. Community-Led Wellness Hubs: Microgrants -- applicants were eligible for awards of up to $100,000 per county (a $50,000 base budget and a $50,000 supplemental request). OSDH's Q2 Legislative Quarterly Report states it 'issued 68 awards through the competitive Microgrant application' and that contracts were in progress at 2026-06-30.",Yes,Yes,FY2026 (Year 1),"Oklahoma RHTP Funding Recipients -- Community-Led Wellness Hubs: Microgrants, List of Funding Recipients",https://oklahoma.gov/health/rhtp/rhtp-funding-recipients.html,NOTICE_OF_AWARD,DIRECT_TEXT,R/03t_ok_year1_awardees.R,,,,,OSDH publishes NO organisation-type column; the type is derived from the recipient's own name. Recipient name rule: name states a hospital.,HIGH,,MICROGRANTS,Budget Period 1,DIRECT,Yes,NAMED_HOSPITAL,,award amount as published per county by OSDH,McClain,"Purcell Municipal Hospital will invest in two scopes with cameras, one adult and one pediatric, that will provide high-definition visualization with advanced technologies, enabling clinicians to detect subtle mucosal and vascular abnormalities, supporting an earlier and more accurate diagnosis.",MG,Community-Led Wellness Hubs: Microgrants,68,,Moving Upstream,Community-Led Wellness Hub: Microgrants,data/evidence/OK/2026-08-31_ok_rhtp_funding_recipients.html
OK,43,"LIFT Community Action Agency, Inc.",48350,NONPROFIT_CBO,No,"McCurtain County. LIFT Community Action Agency, Inc. will invest in commercial-grade fitness equipment, including cardio machines, strength training equipment, flooring, lockers, and essential gym accessories. This investment will provide physical space for residents to use accessible and quality fitness equipment with a focus on low-income individuals and families, adults experiencing stress, anxiety, or depression, and residents with limited access to fitness facilities. Community-Led Wellness Hubs: Microgrants -- applicants were eligible for awards of up to $100,000 per county (a $50,000 base budget and a $50,000 supplemental request). OSDH's Q2 Legislative Quarterly Report states it 'issued 68 awards through the competitive Microgrant application' and that contracts were in progress at 2026-06-30.",Yes,Yes,FY2026 (Year 1),"Oklahoma RHTP Funding Recipients -- Community-Led Wellness Hubs: Microgrants, List of Funding Recipients",https://oklahoma.gov/health/rhtp/rhtp-funding-recipients.html,NOTICE_OF_AWARD,DIRECT_TEXT,R/03t_ok_year1_awardees.R,,,,,OSDH publishes NO organisation-type column; the type is derived from the recipient's own name. Recipient is named but the source does not state its organisational form; §8 settled fallback (session 10).,LOW,RECIPIENT_TYPE_INFERRED,MICROGRANTS,Budget Period 1,NON_HOSPITAL,No,NOT_HOSPITAL,,award amount as published per county by OSDH,McCurtain,"LIFT Community Action Agency, Inc. will invest in commercial-grade fitness equipment, including cardio machines, strength training equipment, flooring, lockers, and essential gym accessories. This investment will provide physical space for residents to use accessible and quality fitness equipment with a focus on low-income individuals and families, adults experiencing stress, anxiety, or depression, and residents with limited access to fitness facilities.",MG,Community-Led Wellness Hubs: Microgrants,68,,Moving Upstream,Community-Led Wellness Hub: Microgrants,data/evidence/OK/2026-08-31_ok_rhtp_funding_recipients.html
OK,44,Stigler HWC,57131.04,FQHC_OR_RHC,No,"McIntosh County. Stigler HWC will invest in various clinic equipment to deliver high-quality care to its patient population. As a Federally Qualified Health Center (FQHC), Stigler HWC places a strong emphasis on supporting individuals and families whose incomes are at or below 200% of the federal poverty level, as well as those who are un/underinsured. Equipment includes a vaccine refrigerator, AEDs, urinalysis analyzer systems, handheld coagulation analyzer base units and PT/INR analyzers, portable 12-lead ECG/EKG analyzers, vital signs monitors, spot-check pulse oximeters, clinic webcams, tabletop autoclave sterilization units, and handheld vision screening devices. Community-Led Wellness Hubs: Microgrants -- applicants were eligible for awards of up to $100,000 per county (a $50,000 base budget and a $50,000 supplemental request). OSDH's Q2 Legislative Quarterly Report states it 'issued 68 awards through the competitive Microgrant application' and that contracts were in progress at 2026-06-30.",Yes,Yes,FY2026 (Year 1),"Oklahoma RHTP Funding Recipients -- Community-Led Wellness Hubs: Microgrants, List of Funding Recipients",https://oklahoma.gov/health/rhtp/rhtp-funding-recipients.html,NOTICE_OF_AWARD,DIRECT_TEXT,R/03t_ok_year1_awardees.R,,,,,"OSDH publishes NO organisation-type column; the type is derived from the recipient's own name. Curated override: OSDH's own award text calls it ""a Federally Qualified Health Center (FQHC)"".",HIGH,,MICROGRANTS,Budget Period 1,NON_HOSPITAL,No,NOT_HOSPITAL,,award amount as published per county by OSDH,McIntosh,"Stigler HWC will invest in various clinic equipment to deliver high-quality care to its patient population. As a Federally Qualified Health Center (FQHC), Stigler HWC places a strong emphasis on supporting individuals and families whose incomes are at or below 200% of the federal poverty level, as well as those who are un/underinsured. Equipment includes a vaccine refrigerator, AEDs, urinalysis analyzer systems, handheld coagulation analyzer base units and PT/INR analyzers, portable 12-lead ECG/EKG analyzers, vital signs monitors, spot-check pulse oximeters, clinic webcams, tabletop autoclave sterilization units, and handheld vision screening devices.",MG,Community-Led Wellness Hubs: Microgrants,68,,Moving Upstream,Community-Led Wellness Hub: Microgrants,data/evidence/OK/2026-08-31_ok_rhtp_funding_recipients.html
OK,45,Arbuckle Memorial Hospital,48657.9,HOSPITAL_OR_SYSTEM,Yes,"Murray County. Arbuckle Memorial Hospital will invest in three ventilators with integrated BiPAP (bilevel positive airway pressure) capability to expand respiratory care capacity. Community-Led Wellness Hubs: Microgrants -- applicants were eligible for awards of up to $100,000 per county (a $50,000 base budget and a $50,000 supplemental request). OSDH's Q2 Legislative Quarterly Report states it 'issued 68 awards through the competitive Microgrant application' and that contracts were in progress at 2026-06-30.",Yes,Yes,FY2026 (Year 1),"Oklahoma RHTP Funding Recipients -- Community-Led Wellness Hubs: Microgrants, List of Funding Recipients",https://oklahoma.gov/health/rhtp/rhtp-funding-recipients.html,NOTICE_OF_AWARD,DIRECT_TEXT,R/03t_ok_year1_awardees.R,,,,,OSDH publishes NO organisation-type column; the type is derived from the recipient's own name. Recipient name rule: name states a hospital.,HIGH,,MICROGRANTS,Budget Period 1,DIRECT,Yes,NAMED_HOSPITAL,,award amount as published per county by OSDH,Murray,Arbuckle Memorial Hospital will invest in three ventilators with integrated BiPAP (bilevel positive airway pressure) capability to expand respiratory care capacity.,MG,Community-Led Wellness Hubs: Microgrants,68,,Moving Upstream,Community-Led Wellness Hub: Microgrants,data/evidence/OK/2026-08-31_ok_rhtp_funding_recipients.html
OK,46,Stigler HWC,29739.85,FQHC_OR_RHC,No,"Muskogee County. Stigler HWC will invest in various clinic equipment to deliver high-quality care to its patient population. As a Federally Qualified Health Center (FQHC), Stigler HWC places a strong emphasis on supporting individuals and families whose incomes are at or below 200% of the federal poverty level, as well as those who are un/underinsured. Equipment includes a vaccine refrigerator, AEDs, urinalysis analyzer systems, handheld coagulation analyzer base units and PT/INR analyzers, portable 12-lead ECG/EKG analyzers, vital signs monitors, spot-check pulse oximeters, clinic webcams, tabletop autoclave sterilization units, and handheld vision screening devices. Community-Led Wellness Hubs: Microgrants -- applicants were eligible for awards of up to $100,000 per county (a $50,000 base budget and a $50,000 supplemental request). OSDH's Q2 Legislative Quarterly Report states it 'issued 68 awards through the competitive Microgrant application' and that contracts were in progress at 2026-06-30.",Yes,Yes,FY2026 (Year 1),"Oklahoma RHTP Funding Recipients -- Community-Led Wellness Hubs: Microgrants, List of Funding Recipients",https://oklahoma.gov/health/rhtp/rhtp-funding-recipients.html,NOTICE_OF_AWARD,DIRECT_TEXT,R/03t_ok_year1_awardees.R,,,,,"OSDH publishes NO organisation-type column; the type is derived from the recipient's own name. Curated override: OSDH's own award text calls it ""a Federally Qualified Health Center (FQHC)"".",HIGH,,MICROGRANTS,Budget Period 1,NON_HOSPITAL,No,NOT_HOSPITAL,,award amount as published per county by OSDH,Muskogee,"Stigler HWC will invest in various clinic equipment to deliver high-quality care to its patient population. As a Federally Qualified Health Center (FQHC), Stigler HWC places a strong emphasis on supporting individuals and families whose incomes are at or below 200% of the federal poverty level, as well as those who are un/underinsured. Equipment includes a vaccine refrigerator, AEDs, urinalysis analyzer systems, handheld coagulation analyzer base units and PT/INR analyzers, portable 12-lead ECG/EKG analyzers, vital signs monitors, spot-check pulse oximeters, clinic webcams, tabletop autoclave sterilization units, and handheld vision screening devices.",MG,Community-Led Wellness Hubs: Microgrants,68,,Moving Upstream,Community-Led Wellness Hub: Microgrants,data/evidence/OK/2026-08-31_ok_rhtp_funding_recipients.html
OK,47,City of Ponca City - Ponca City Fire Department/Ambulance Service,78052,EMS_OR_PSAP,No,"Noble County. City of Ponca City - Ponca City Fire Department/Ambulance Service will invest in transforming their service from a transport-focused model into a mobile healthcare delivery system capable of providing advanced life-saving interventions in the field. Reserve units will be equipped to manage high acuity patients through investment in ventilators, chest compression systems, and more. Community-Led Wellness Hubs: Microgrants -- applicants were eligible for awards of up to $100,000 per county (a $50,000 base budget and a $50,000 supplemental request). OSDH's Q2 Legislative Quarterly Report states it 'issued 68 awards through the competitive Microgrant application' and that contracts were in progress at 2026-06-30.",Yes,Yes,FY2026 (Year 1),"Oklahoma RHTP Funding Recipients -- Community-Led Wellness Hubs: Microgrants, List of Funding Recipients",https://oklahoma.gov/health/rhtp/rhtp-funding-recipients.html,NOTICE_OF_AWARD,DIRECT_TEXT,R/03t_ok_year1_awardees.R,,,,,OSDH publishes NO organisation-type column; the type is derived from the recipient's own name. Recipient name rule: name states an EMS entity.,HIGH,,MICROGRANTS,Budget Period 1,NON_HOSPITAL,No,NOT_HOSPITAL,,award amount as published per county by OSDH,Noble,"City of Ponca City - Ponca City Fire Department/Ambulance Service will invest in transforming their service from a transport-focused model into a mobile healthcare delivery system capable of providing advanced life-saving interventions in the field. Reserve units will be equipped to manage high acuity patients through investment in ventilators, chest compression systems, and more.",MG,Community-Led Wellness Hubs: Microgrants,68,,Moving Upstream,Community-Led Wellness Hub: Microgrants,data/evidence/OK/2026-08-31_ok_rhtp_funding_recipients.html
OK,48,Stigler HWC,35027.02,FQHC_OR_RHC,No,"Okfuskee County. Stigler HWC will invest in various clinic equipment to deliver high-quality care to its patient population. As a Federally Qualified Heath Cetner (FQHC), Stigler HWC places a strong emphasis on supporting individuals and families whose incomes are at or below 200% of the federal poverty level, as well as those who are un/underinsured. Equipment includes a vaccine refrigerator, AEDs, urinalysis analyzer systems, handheld coagulation analyzer base units and PT/INR analyzers, portable 12-lead ECG/EKG analyzers, vital signs monitors, spot-check pulse oximeters, clinic webcams, tabletop autoclave sterilization units, and handheld vision screening devices. Community-Led Wellness Hubs: Microgrants -- applicants were eligible for awards of up to $100,000 per county (a $50,000 base budget and a $50,000 supplemental request). OSDH's Q2 Legislative Quarterly Report states it 'issued 68 awards through the competitive Microgrant application' and that contracts were in progress at 2026-06-30.",Yes,Yes,FY2026 (Year 1),"Oklahoma RHTP Funding Recipients -- Community-Led Wellness Hubs: Microgrants, List of Funding Recipients",https://oklahoma.gov/health/rhtp/rhtp-funding-recipients.html,NOTICE_OF_AWARD,DIRECT_TEXT,R/03t_ok_year1_awardees.R,,,,,"OSDH publishes NO organisation-type column; the type is derived from the recipient's own name. Curated override: OSDH's own award text calls it ""a Federally Qualified Health Center (FQHC)"".",HIGH,,MICROGRANTS,Budget Period 1,NON_HOSPITAL,No,NOT_HOSPITAL,,award amount as published per county by OSDH,Okfuskee,"Stigler HWC will invest in various clinic equipment to deliver high-quality care to its patient population. As a Federally Qualified Heath Cetner (FQHC), Stigler HWC places a strong emphasis on supporting individuals and families whose incomes are at or below 200% of the federal poverty level, as well as those who are un/underinsured. Equipment includes a vaccine refrigerator, AEDs, urinalysis analyzer systems, handheld coagulation analyzer base units and PT/INR analyzers, portable 12-lead ECG/EKG analyzers, vital signs monitors, spot-check pulse oximeters, clinic webcams, tabletop autoclave sterilization units, and handheld vision screening devices.",MG,Community-Led Wellness Hubs: Microgrants,68,,Moving Upstream,Community-Led Wellness Hub: Microgrants,data/evidence/OK/2026-08-31_ok_rhtp_funding_recipients.html
OK,49,Works Wonderfully Foundation,50000,NONPROFIT_CBO,No,"Okmulgee County. Works Wonderfully Foundation will invest in clinical diagnostic equipment, as well as therapeutic equipment that can serve a dual purpose of wellness enablers for community use outside of clinical practice. The investment is part of Project GO!, which seeks to improve health and wellness outcomes among pediatric patients with disabilities. Community-Led Wellness Hubs: Microgrants -- applicants were eligible for awards of up to $100,000 per county (a $50,000 base budget and a $50,000 supplemental request). OSDH's Q2 Legislative Quarterly Report states it 'issued 68 awards through the competitive Microgrant application' and that contracts were in progress at 2026-06-30.",Yes,Yes,FY2026 (Year 1),"Oklahoma RHTP Funding Recipients -- Community-Led Wellness Hubs: Microgrants, List of Funding Recipients",https://oklahoma.gov/health/rhtp/rhtp-funding-recipients.html,NOTICE_OF_AWARD,DIRECT_TEXT,R/03t_ok_year1_awardees.R,,,,,OSDH publishes NO organisation-type column; the type is derived from the recipient's own name. Recipient is named but the source does not state its organisational form; §8 settled fallback (session 10).,LOW,RECIPIENT_TYPE_INFERRED,MICROGRANTS,Budget Period 1,NON_HOSPITAL,No,NOT_HOSPITAL,,award amount as published per county by OSDH,Okmulgee,"Works Wonderfully Foundation will invest in clinical diagnostic equipment, as well as therapeutic equipment that can serve a dual purpose of wellness enablers for community use outside of clinical practice. The investment is part of Project GO!, which seeks to improve health and wellness outcomes among pediatric patients with disabilities.",MG,Community-Led Wellness Hubs: Microgrants,68,,Moving Upstream,Community-Led Wellness Hub: Microgrants,data/evidence/OK/2026-08-31_ok_rhtp_funding_recipients.html
OK,50,Avem Health Partners,49852,NONPROFIT_CBO,No,"Osage County. Avem Health Partners will invest in the purchase and installation of outdoor exercise equipment at Ben Parker Memorial Trail Park. This includes multiple pieces of durable, weather-resistant fitness equipment designed to support strength, cardiovascular health, and flexibility for users of varying ages and ability levels, as well as installation and site preparation. By enhancing an existing and well-utilized park, the project creates a functional outdoor fitness space that allows individuals and families to incorporate exercise into their daily routines. Community-Led Wellness Hubs: Microgrants -- applicants were eligible for awards of up to $100,000 per county (a $50,000 base budget and a $50,000 supplemental request). OSDH's Q2 Legislative Quarterly Report states it 'issued 68 awards through the competitive Microgrant application' and that contracts were in progress at 2026-06-30.",Yes,Yes,FY2026 (Year 1),"Oklahoma RHTP Funding Recipients -- Community-Led Wellness Hubs: Microgrants, List of Funding Recipients",https://oklahoma.gov/health/rhtp/rhtp-funding-recipients.html,NOTICE_OF_AWARD,DIRECT_TEXT,R/03t_ok_year1_awardees.R,,,,,OSDH publishes NO organisation-type column; the type is derived from the recipient's own name. Recipient is named but the source does not state its organisational form; §8 settled fallback (session 10).,LOW,RECIPIENT_TYPE_INFERRED,MICROGRANTS,Budget Period 1,NON_HOSPITAL,No,NOT_HOSPITAL,,award amount as published per county by OSDH,Osage,"Avem Health Partners will invest in the purchase and installation of outdoor exercise equipment at Ben Parker Memorial Trail Park. This includes multiple pieces of durable, weather-resistant fitness equipment designed to support strength, cardiovascular health, and flexibility for users of varying ages and ability levels, as well as installation and site preparation. By enhancing an existing and well-utilized park, the project creates a functional outdoor fitness space that allows individuals and families to incorporate exercise into their daily routines.",MG,Community-Led Wellness Hubs: Microgrants,68,,Moving Upstream,Community-Led Wellness Hub: Microgrants,data/evidence/OK/2026-08-31_ok_rhtp_funding_recipients.html
OK,51,Baptist Healthcare,36594,NONPROFIT_CBO,No,"Ottawa County. Baptist Healthcare will invest in one additional ultrasound machine[ER11.1][CP11.2] for the clinic. The new system will expand capacity for imaging and improve the overall quality and timeliness of care. Community-Led Wellness Hubs: Microgrants -- applicants were eligible for awards of up to $100,000 per county (a $50,000 base budget and a $50,000 supplemental request). OSDH's Q2 Legislative Quarterly Report states it 'issued 68 awards through the competitive Microgrant application' and that contracts were in progress at 2026-06-30.",Yes,Yes,FY2026 (Year 1),"Oklahoma RHTP Funding Recipients -- Community-Led Wellness Hubs: Microgrants, List of Funding Recipients",https://oklahoma.gov/health/rhtp/rhtp-funding-recipients.html,NOTICE_OF_AWARD,DIRECT_TEXT,R/03t_ok_year1_awardees.R,,,,,OSDH publishes NO organisation-type column; the type is derived from the recipient's own name. Recipient is named but the source does not state its organisational form; §8 settled fallback (session 10).,LOW,RECIPIENT_TYPE_INFERRED,MICROGRANTS,Budget Period 1,NON_HOSPITAL,No,NOT_HOSPITAL,,award amount as published per county by OSDH,Ottawa,Baptist Healthcare will invest in one additional ultrasound machine[ER11.1][CP11.2] for the clinic. The new system will expand capacity for imaging and improve the overall quality and timeliness of care.,MG,Community-Led Wellness Hubs: Microgrants,68,,Moving Upstream,Community-Led Wellness Hub: Microgrants,data/evidence/OK/2026-08-31_ok_rhtp_funding_recipients.html
OK,52,LifeNet EMS,94820,EMS_OR_PSAP,No,"Payne County. LifeNet EMS will invest in simulation mannequins that are portable, fully integrated systems operated through a single control unit, allowing for efficient deployment in both classroom and field-based training environments. Community-Led Wellness Hubs: Microgrants -- applicants were eligible for awards of up to $100,000 per county (a $50,000 base budget and a $50,000 supplemental request). OSDH's Q2 Legislative Quarterly Report states it 'issued 68 awards through the competitive Microgrant application' and that contracts were in progress at 2026-06-30.",Yes,Yes,FY2026 (Year 1),"Oklahoma RHTP Funding Recipients -- Community-Led Wellness Hubs: Microgrants, List of Funding Recipients",https://oklahoma.gov/health/rhtp/rhtp-funding-recipients.html,NOTICE_OF_AWARD,DIRECT_TEXT,R/03t_ok_year1_awardees.R,,,,,OSDH publishes NO organisation-type column; the type is derived from the recipient's own name. Recipient name rule: name states an EMS entity.,HIGH,,MICROGRANTS,Budget Period 1,NON_HOSPITAL,No,NOT_HOSPITAL,,award amount as published per county by OSDH,Payne,"LifeNet EMS will invest in simulation mannequins that are portable, fully integrated systems operated through a single control unit, allowing for efficient deployment in both classroom and field-based training environments.",MG,Community-Led Wellness Hubs: Microgrants,68,,Moving Upstream,Community-Led Wellness Hub: Microgrants,data/evidence/OK/2026-08-31_ok_rhtp_funding_recipients.html
OK,53,"Long Term Care Specialists, Inc.",49948.05,NONPROFIT_CBO,No,"Pittsburg County. Long Term Care Specialists, Inc. will invest in an ultrasound system to support real-time, image-guided vascular access, which allows trained personnel to more accurately and efficiently place peripherally inserted central catheters (PICCs), central venous catheters, IV lines, and other vascular access devices. Each unit is portable and designed for use in facility-based care settings, allowing it to be deployed across multiple branch locations within the county. Community-Led Wellness Hubs: Microgrants -- applicants were eligible for awards of up to $100,000 per county (a $50,000 base budget and a $50,000 supplemental request). OSDH's Q2 Legislative Quarterly Report states it 'issued 68 awards through the competitive Microgrant application' and that contracts were in progress at 2026-06-30.",Yes,Yes,FY2026 (Year 1),"Oklahoma RHTP Funding Recipients -- Community-Led Wellness Hubs: Microgrants, List of Funding Recipients",https://oklahoma.gov/health/rhtp/rhtp-funding-recipients.html,NOTICE_OF_AWARD,DIRECT_TEXT,R/03t_ok_year1_awardees.R,,,,,OSDH publishes NO organisation-type column; the type is derived from the recipient's own name. Recipient is named but the source does not state its organisational form; §8 settled fallback (session 10).,LOW,RECIPIENT_TYPE_INFERRED,MICROGRANTS,Budget Period 1,NON_HOSPITAL,No,NOT_HOSPITAL,,award amount as published per county by OSDH,Pittsburg,"Long Term Care Specialists, Inc. will invest in an ultrasound system to support real-time, image-guided vascular access, which allows trained personnel to more accurately and efficiently place peripherally inserted central catheters (PICCs), central venous catheters, IV lines, and other vascular access devices. Each unit is portable and designed for use in facility-based care settings, allowing it to be deployed across multiple branch locations within the county.",MG,Community-Led Wellness Hubs: Microgrants,68,,Moving Upstream,Community-Led Wellness Hub: Microgrants,data/evidence/OK/2026-08-31_ok_rhtp_funding_recipients.html
OK,54,The Clinic at Central Oklahoma Family Medical,50000,NONPROFIT_CBO,No,"Pontotoc County. The Clinic at Central Oklahoma Family Medical will invest in a one-exam-room mobile medical clinic to directly address barriers to patient transportation. The Clinic will station the unit across its rural service area to expand access to medical care and encourage uptake of initial and follow-up medical appointments to address and decrease chronic conditions. Community-Led Wellness Hubs: Microgrants -- applicants were eligible for awards of up to $100,000 per county (a $50,000 base budget and a $50,000 supplemental request). OSDH's Q2 Legislative Quarterly Report states it 'issued 68 awards through the competitive Microgrant application' and that contracts were in progress at 2026-06-30.",Yes,Yes,FY2026 (Year 1),"Oklahoma RHTP Funding Recipients -- Community-Led Wellness Hubs: Microgrants, List of Funding Recipients",https://oklahoma.gov/health/rhtp/rhtp-funding-recipients.html,NOTICE_OF_AWARD,DIRECT_TEXT,R/03t_ok_year1_awardees.R,,,,,OSDH publishes NO organisation-type column; the type is derived from the recipient's own name. Recipient is named but the source does not state its organisational form; §8 settled fallback (session 10).,LOW,RECIPIENT_TYPE_INFERRED,MICROGRANTS,Budget Period 1,NON_HOSPITAL,No,NOT_HOSPITAL,,award amount as published per county by OSDH,Pontotoc,The Clinic at Central Oklahoma Family Medical will invest in a one-exam-room mobile medical clinic to directly address barriers to patient transportation. The Clinic will station the unit across its rural service area to expand access to medical care and encourage uptake of initial and follow-up medical appointments to address and decrease chronic conditions.,MG,Community-Led Wellness Hubs: Microgrants,68,,Moving Upstream,Community-Led Wellness Hub: Microgrants,data/evidence/OK/2026-08-31_ok_rhtp_funding_recipients.html
OK,55,SSM Health St. Anthony Shawnee,48300,NONPROFIT_CBO,No,"Pottawatomie County. SSM Health St. Anthony Shawnee will invest in equipment for telestroke services to address a life-altering and potentially fatal gap in care. The equipment will help to sustain high-volume, around-the-clock consultation at scale. Community-Led Wellness Hubs: Microgrants -- applicants were eligible for awards of up to $100,000 per county (a $50,000 base budget and a $50,000 supplemental request). OSDH's Q2 Legislative Quarterly Report states it 'issued 68 awards through the competitive Microgrant application' and that contracts were in progress at 2026-06-30.",Yes,Yes,FY2026 (Year 1),"Oklahoma RHTP Funding Recipients -- Community-Led Wellness Hubs: Microgrants, List of Funding Recipients",https://oklahoma.gov/health/rhtp/rhtp-funding-recipients.html,NOTICE_OF_AWARD,DIRECT_TEXT,R/03t_ok_year1_awardees.R,,,,,OSDH publishes NO organisation-type column; the type is derived from the recipient's own name. Recipient is named but the source does not state its organisational form; §8 settled fallback (session 10).,LOW,RECIPIENT_TYPE_INFERRED,MICROGRANTS,Budget Period 1,NON_HOSPITAL,No,NOT_HOSPITAL,,award amount as published per county by OSDH,Pottawatomie,"SSM Health St. Anthony Shawnee will invest in equipment for telestroke services to address a life-altering and potentially fatal gap in care. The equipment will help to sustain high-volume, around-the-clock consultation at scale.",MG,Community-Led Wellness Hubs: Microgrants,68,,Moving Upstream,Community-Led Wellness Hub: Microgrants,data/evidence/OK/2026-08-31_ok_rhtp_funding_recipients.html
OK,56,Clayton Public Schools,48280,SCHOOL_OR_DISTRICT,No,"Pushmataha County. Clayton Public Schools will invest in telemedicine carts and personal telehealth solutions for five locations in the communities of Clayton, Albion, Tuskahoma, and Nashoba. These locations will provide access points for rural residents to make use of health care and mental health care services. Community-Led Wellness Hubs: Microgrants -- applicants were eligible for awards of up to $100,000 per county (a $50,000 base budget and a $50,000 supplemental request). OSDH's Q2 Legislative Quarterly Report states it 'issued 68 awards through the competitive Microgrant application' and that contracts were in progress at 2026-06-30.",Yes,Yes,FY2026 (Year 1),"Oklahoma RHTP Funding Recipients -- Community-Led Wellness Hubs: Microgrants, List of Funding Recipients",https://oklahoma.gov/health/rhtp/rhtp-funding-recipients.html,NOTICE_OF_AWARD,DIRECT_TEXT,R/03t_ok_year1_awardees.R,,,,,OSDH publishes NO organisation-type column; the type is derived from the recipient's own name. Recipient name rule: name states a public school district.,HIGH,,MICROGRANTS,Budget Period 1,NON_HOSPITAL,No,NOT_HOSPITAL,,award amount as published per county by OSDH,Pushmataha,"Clayton Public Schools will invest in telemedicine carts and personal telehealth solutions for five locations in the communities of Clayton, Albion, Tuskahoma, and Nashoba. These locations will provide access points for rural residents to make use of health care and mental health care services.",MG,Community-Led Wellness Hubs: Microgrants,68,,Moving Upstream,Community-Led Wellness Hub: Microgrants,data/evidence/OK/2026-08-31_ok_rhtp_funding_recipients.html
OK,57,Southwestern Oklahoma State University (SWOSU),99944.02,UNIVERSITY_OR_AHC,No,"Roger Mills County. Southwestern Oklahoma State University (SWOSU) Rural Health Center will invest in essential medical equipment, safety supplies, and health-related resources to address a critical gap in access to preventive health education, early intervention services, and essential health supplies in rural western Oklahoma. This investment includes education, school, and baby kits, as well as hospital and pharmacy kits, and a Wellness Mobile Unit to serve the rural population. Community-Led Wellness Hubs: Microgrants -- applicants were eligible for awards of up to $100,000 per county (a $50,000 base budget and a $50,000 supplemental request). OSDH's Q2 Legislative Quarterly Report states it 'issued 68 awards through the competitive Microgrant application' and that contracts were in progress at 2026-06-30.",Yes,Yes,FY2026 (Year 1),"Oklahoma RHTP Funding Recipients -- Community-Led Wellness Hubs: Microgrants, List of Funding Recipients",https://oklahoma.gov/health/rhtp/rhtp-funding-recipients.html,NOTICE_OF_AWARD,DIRECT_TEXT,R/03t_ok_year1_awardees.R,,,,,OSDH publishes NO organisation-type column; the type is derived from the recipient's own name. Recipient name rule: name states a university or college.,HIGH,,MICROGRANTS,Budget Period 1,IN_KIND_BENEFIT,Yes,NOT_HOSPITAL,,award amount as published per county by OSDH,Roger Mills,"Southwestern Oklahoma State University (SWOSU) Rural Health Center will invest in essential medical equipment, safety supplies, and health-related resources to address a critical gap in access to preventive health education, early intervention services, and essential health supplies in rural western Oklahoma. This investment includes education, school, and baby kits, as well as hospital and pharmacy kits, and a Wellness Mobile Unit to serve the rural population.",MG,Community-Led Wellness Hubs: Microgrants,68,,Moving Upstream,Community-Led Wellness Hub: Microgrants,data/evidence/OK/2026-08-31_ok_rhtp_funding_recipients.html
OK,58,Oolagah-Talala EMS,43364.89,EMS_OR_PSAP,No,"Rogers County. Oolagah-Talala EMS will invest in a new cardiac monitor/defibrillator. This is a piece of core clinical equipment for paramedic-level EMS services and will bolster their clinical capacity to manage critically ill patients during transport. Community-Led Wellness Hubs: Microgrants -- applicants were eligible for awards of up to $100,000 per county (a $50,000 base budget and a $50,000 supplemental request). OSDH's Q2 Legislative Quarterly Report states it 'issued 68 awards through the competitive Microgrant application' and that contracts were in progress at 2026-06-30.",Yes,Yes,FY2026 (Year 1),"Oklahoma RHTP Funding Recipients -- Community-Led Wellness Hubs: Microgrants, List of Funding Recipients",https://oklahoma.gov/health/rhtp/rhtp-funding-recipients.html,NOTICE_OF_AWARD,DIRECT_TEXT,R/03t_ok_year1_awardees.R,,,,,OSDH publishes NO organisation-type column; the type is derived from the recipient's own name. Recipient name rule: name states an EMS entity.,HIGH,,MICROGRANTS,Budget Period 1,NON_HOSPITAL,No,NOT_HOSPITAL,,award amount as published per county by OSDH,Rogers,Oolagah-Talala EMS will invest in a new cardiac monitor/defibrillator. This is a piece of core clinical equipment for paramedic-level EMS services and will bolster their clinical capacity to manage critically ill patients during transport.,MG,Community-Led Wellness Hubs: Microgrants,68,,Moving Upstream,Community-Led Wellness Hub: Microgrants,data/evidence/OK/2026-08-31_ok_rhtp_funding_recipients.html
OK,59,The Clinic at Central Oklahoma Family Medical,50000,NONPROFIT_CBO,No,"Seminole County. The Clinic at Central Oklahoma Family Medical will invest in a one-exam-room mobile medical clinic to directly address barriers to patient transportation. The Clinic will station the unit across its rural service area to expand access to medical care and encourage uptake of initial and follow-up medical appointments to address and decrease chronic conditions. Community-Led Wellness Hubs: Microgrants -- applicants were eligible for awards of up to $100,000 per county (a $50,000 base budget and a $50,000 supplemental request). OSDH's Q2 Legislative Quarterly Report states it 'issued 68 awards through the competitive Microgrant application' and that contracts were in progress at 2026-06-30.",Yes,Yes,FY2026 (Year 1),"Oklahoma RHTP Funding Recipients -- Community-Led Wellness Hubs: Microgrants, List of Funding Recipients",https://oklahoma.gov/health/rhtp/rhtp-funding-recipients.html,NOTICE_OF_AWARD,DIRECT_TEXT,R/03t_ok_year1_awardees.R,,,,,OSDH publishes NO organisation-type column; the type is derived from the recipient's own name. Recipient is named but the source does not state its organisational form; §8 settled fallback (session 10).,LOW,RECIPIENT_TYPE_INFERRED,MICROGRANTS,Budget Period 1,NON_HOSPITAL,No,NOT_HOSPITAL,,award amount as published per county by OSDH,Seminole,The Clinic at Central Oklahoma Family Medical will invest in a one-exam-room mobile medical clinic to directly address barriers to patient transportation. The Clinic will station the unit across its rural service area to expand access to medical care and encourage uptake of initial and follow-up medical appointments to address and decrease chronic conditions.,MG,Community-Led Wellness Hubs: Microgrants,68,,Moving Upstream,Community-Led Wellness Hub: Microgrants,data/evidence/OK/2026-08-31_ok_rhtp_funding_recipients.html
OK,60,Pafford Medical Services,97645.01,NONPROFIT_CBO,No,"Sequoyah County. Pafford Medical Services will invest in three categories of advanced prehospital clinical equipment for ambulances. This equipment includes a mechanical chest compression system to deliver automated, consistent chest compressions, an IV pump, and a kit to display a real-time glottis image on an integrated screen. Community-Led Wellness Hubs: Microgrants -- applicants were eligible for awards of up to $100,000 per county (a $50,000 base budget and a $50,000 supplemental request). OSDH's Q2 Legislative Quarterly Report states it 'issued 68 awards through the competitive Microgrant application' and that contracts were in progress at 2026-06-30.",Yes,Yes,FY2026 (Year 1),"Oklahoma RHTP Funding Recipients -- Community-Led Wellness Hubs: Microgrants, List of Funding Recipients",https://oklahoma.gov/health/rhtp/rhtp-funding-recipients.html,NOTICE_OF_AWARD,DIRECT_TEXT,R/03t_ok_year1_awardees.R,,,,,OSDH publishes NO organisation-type column; the type is derived from the recipient's own name. Recipient is named but the source does not state its organisational form; §8 settled fallback (session 10).,LOW,RECIPIENT_TYPE_INFERRED,MICROGRANTS,Budget Period 1,NON_HOSPITAL,No,NOT_HOSPITAL,,award amount as published per county by OSDH,Sequoyah,"Pafford Medical Services will invest in three categories of advanced prehospital clinical equipment for ambulances. This equipment includes a mechanical chest compression system to deliver automated, consistent chest compressions, an IV pump, and a kit to display a real-time glottis image on an integrated screen.",MG,Community-Led Wellness Hubs: Microgrants,68,,Moving Upstream,Community-Led Wellness Hub: Microgrants,data/evidence/OK/2026-08-31_ok_rhtp_funding_recipients.html
OK,61,"Sooner Mobile X-Ray, Inc.",71722.26,NONPROFIT_CBO,No,"Stephens County. Sooner Mobile X-Ray, Inc. will invest in one mobile unit to help fill a critical need for mobile services, spanning both digital connectivity and healthcare access. Community-Led Wellness Hubs: Microgrants -- applicants were eligible for awards of up to $100,000 per county (a $50,000 base budget and a $50,000 supplemental request). OSDH's Q2 Legislative Quarterly Report states it 'issued 68 awards through the competitive Microgrant application' and that contracts were in progress at 2026-06-30.",Yes,Yes,FY2026 (Year 1),"Oklahoma RHTP Funding Recipients -- Community-Led Wellness Hubs: Microgrants, List of Funding Recipients",https://oklahoma.gov/health/rhtp/rhtp-funding-recipients.html,NOTICE_OF_AWARD,DIRECT_TEXT,R/03t_ok_year1_awardees.R,,,,,OSDH publishes NO organisation-type column; the type is derived from the recipient's own name. Recipient is named but the source does not state its organisational form; §8 settled fallback (session 10).,LOW,RECIPIENT_TYPE_INFERRED,MICROGRANTS,Budget Period 1,NON_HOSPITAL,No,NOT_HOSPITAL,,award amount as published per county by OSDH,Stephens,"Sooner Mobile X-Ray, Inc. will invest in one mobile unit to help fill a critical need for mobile services, spanning both digital connectivity and healthcare access.",MG,Community-Led Wellness Hubs: Microgrants,68,,Moving Upstream,Community-Led Wellness Hub: Microgrants,data/evidence/OK/2026-08-31_ok_rhtp_funding_recipients.html
OK,62,Memorial Hospital of Texas County Authority,49737,HOSPITAL_OR_SYSTEM,Yes,"Texas County. Memorial Hospital of Texas County Authority will invest in new and updated physical therapy equipment to improve patient outcomes. The investment will introduce new treatment options for more members of the community and add updated safety features that reduce the risk for both the patient and the therapist. Community-Led Wellness Hubs: Microgrants -- applicants were eligible for awards of up to $100,000 per county (a $50,000 base budget and a $50,000 supplemental request). OSDH's Q2 Legislative Quarterly Report states it 'issued 68 awards through the competitive Microgrant application' and that contracts were in progress at 2026-06-30.",Yes,Yes,FY2026 (Year 1),"Oklahoma RHTP Funding Recipients -- Community-Led Wellness Hubs: Microgrants, List of Funding Recipients",https://oklahoma.gov/health/rhtp/rhtp-funding-recipients.html,NOTICE_OF_AWARD,DIRECT_TEXT,R/03t_ok_year1_awardees.R,,,,,OSDH publishes NO organisation-type column; the type is derived from the recipient's own name. Recipient name rule: name states a hospital.,HIGH,,MICROGRANTS,Budget Period 1,DIRECT,Yes,NAMED_HOSPITAL,,award amount as published per county by OSDH,Texas,Memorial Hospital of Texas County Authority will invest in new and updated physical therapy equipment to improve patient outcomes. The investment will introduce new treatment options for more members of the community and add updated safety features that reduce the risk for both the patient and the therapist.,MG,Community-Led Wellness Hubs: Microgrants,68,,Moving Upstream,Community-Led Wellness Hub: Microgrants,data/evidence/OK/2026-08-31_ok_rhtp_funding_recipients.html
OK,63,Tillman County Emergency Medical Services District,45862,EMS_OR_PSAP,No,"Tillman County. Tillman County Emergency Medical Services District will invest in ventilators, IV pumps, and equipment to help start IVs more reliably. The ventilators and IV pumps will enable better management of acutely ill patients and will also support future treatment-in-place (TIP) work. Community-Led Wellness Hubs: Microgrants -- applicants were eligible for awards of up to $100,000 per county (a $50,000 base budget and a $50,000 supplemental request). OSDH's Q2 Legislative Quarterly Report states it 'issued 68 awards through the competitive Microgrant application' and that contracts were in progress at 2026-06-30.",Yes,Yes,FY2026 (Year 1),"Oklahoma RHTP Funding Recipients -- Community-Led Wellness Hubs: Microgrants, List of Funding Recipients",https://oklahoma.gov/health/rhtp/rhtp-funding-recipients.html,NOTICE_OF_AWARD,DIRECT_TEXT,R/03t_ok_year1_awardees.R,,,,,OSDH publishes NO organisation-type column; the type is derived from the recipient's own name. Recipient name rule: name states an EMS entity.,HIGH,,MICROGRANTS,Budget Period 1,NON_HOSPITAL,No,NOT_HOSPITAL,,award amount as published per county by OSDH,Tillman,"Tillman County Emergency Medical Services District will invest in ventilators, IV pumps, and equipment to help start IVs more reliably. The ventilators and IV pumps will enable better management of acutely ill patients and will also support future treatment-in-place (TIP) work.",MG,Community-Led Wellness Hubs: Microgrants,68,,Moving Upstream,Community-Led Wellness Hub: Microgrants,data/evidence/OK/2026-08-31_ok_rhtp_funding_recipients.html
OK,64,Wagoner Hospital,49852,HOSPITAL_OR_SYSTEM,Yes,"Wagoner County. Wagoner Hospital will invest in replacement psychiatric-rated patient beds for their Mental Health Unit. These specialized safety beds are designed for behavioral health settings, featuring anti-ligature design, low-height fall prevention, tamper-resistant hardware, and infection-resistant surfaces. Community-Led Wellness Hubs: Microgrants -- applicants were eligible for awards of up to $100,000 per county (a $50,000 base budget and a $50,000 supplemental request). OSDH's Q2 Legislative Quarterly Report states it 'issued 68 awards through the competitive Microgrant application' and that contracts were in progress at 2026-06-30.",Yes,Yes,FY2026 (Year 1),"Oklahoma RHTP Funding Recipients -- Community-Led Wellness Hubs: Microgrants, List of Funding Recipients",https://oklahoma.gov/health/rhtp/rhtp-funding-recipients.html,NOTICE_OF_AWARD,DIRECT_TEXT,R/03t_ok_year1_awardees.R,,,,,OSDH publishes NO organisation-type column; the type is derived from the recipient's own name. Recipient name rule: name states a hospital.,HIGH,,MICROGRANTS,Budget Period 1,DIRECT,Yes,NAMED_HOSPITAL,,award amount as published per county by OSDH,Wagoner,"Wagoner Hospital will invest in replacement psychiatric-rated patient beds for their Mental Health Unit. These specialized safety beds are designed for behavioral health settings, featuring anti-ligature design, low-height fall prevention, tamper-resistant hardware, and infection-resistant surfaces.",MG,Community-Led Wellness Hubs: Microgrants,68,,Moving Upstream,Community-Led Wellness Hub: Microgrants,data/evidence/OK/2026-08-31_ok_rhtp_funding_recipients.html
OK,65,Washington County Eldercare,46373.05,NONPROFIT_CBO,No,"Washington County. Washington County Eldercare will invest in a combination of advanced assessment systems, therapeutic equipment, and program supplies that directly support fall prevention, mobility improvement, and the ability of older adults to maintain their independence. A significant portion of the investment focuses on evidence-based assessment and intervention systems designed to identify and address fall risk. Community-Led Wellness Hubs: Microgrants -- applicants were eligible for awards of up to $100,000 per county (a $50,000 base budget and a $50,000 supplemental request). OSDH's Q2 Legislative Quarterly Report states it 'issued 68 awards through the competitive Microgrant application' and that contracts were in progress at 2026-06-30.",Yes,Yes,FY2026 (Year 1),"Oklahoma RHTP Funding Recipients -- Community-Led Wellness Hubs: Microgrants, List of Funding Recipients",https://oklahoma.gov/health/rhtp/rhtp-funding-recipients.html,NOTICE_OF_AWARD,DIRECT_TEXT,R/03t_ok_year1_awardees.R,,,,,OSDH publishes NO organisation-type column; the type is derived from the recipient's own name. Recipient is named but the source does not state its organisational form; §8 settled fallback (session 10).,LOW,RECIPIENT_TYPE_INFERRED,MICROGRANTS,Budget Period 1,NON_HOSPITAL,No,NOT_HOSPITAL,,award amount as published per county by OSDH,Washington,"Washington County Eldercare will invest in a combination of advanced assessment systems, therapeutic equipment, and program supplies that directly support fall prevention, mobility improvement, and the ability of older adults to maintain their independence. A significant portion of the investment focuses on evidence-based assessment and intervention systems designed to identify and address fall risk.",MG,Community-Led Wellness Hubs: Microgrants,68,,Moving Upstream,Community-Led Wellness Hub: Microgrants,data/evidence/OK/2026-08-31_ok_rhtp_funding_recipients.html
OK,66,Southwestern Oklahoma State University (SWOSU),54997.96,UNIVERSITY_OR_AHC,No,"Washita County. Southwestern Oklahoma State University (SWOSU) Rural Health Center will invest in essential medical equipment, safety supplies, and health-related resources to address a critical gap in access to preventive health education, early intervention services, and essential health supplies in rural western Oklahoma. This investment includes education, school, and baby kits, as well as hospital and pharmacy kits, and a Wellness Mobile Unit to serve the rural population. Community-Led Wellness Hubs: Microgrants -- applicants were eligible for awards of up to $100,000 per county (a $50,000 base budget and a $50,000 supplemental request). OSDH's Q2 Legislative Quarterly Report states it 'issued 68 awards through the competitive Microgrant application' and that contracts were in progress at 2026-06-30.",Yes,Yes,FY2026 (Year 1),"Oklahoma RHTP Funding Recipients -- Community-Led Wellness Hubs: Microgrants, List of Funding Recipients",https://oklahoma.gov/health/rhtp/rhtp-funding-recipients.html,NOTICE_OF_AWARD,DIRECT_TEXT,R/03t_ok_year1_awardees.R,,,,,OSDH publishes NO organisation-type column; the type is derived from the recipient's own name. Recipient name rule: name states a university or college.,HIGH,,MICROGRANTS,Budget Period 1,IN_KIND_BENEFIT,Yes,NOT_HOSPITAL,,award amount as published per county by OSDH,Washita,"Southwestern Oklahoma State University (SWOSU) Rural Health Center will invest in essential medical equipment, safety supplies, and health-related resources to address a critical gap in access to preventive health education, early intervention services, and essential health supplies in rural western Oklahoma. This investment includes education, school, and baby kits, as well as hospital and pharmacy kits, and a Wellness Mobile Unit to serve the rural population.",MG,Community-Led Wellness Hubs: Microgrants,68,,Moving Upstream,Community-Led Wellness Hub: Microgrants,data/evidence/OK/2026-08-31_ok_rhtp_funding_recipients.html
OK,67,"Alva Hospital Authority, dba Share Medical Center",47809.64,HOSPITAL_OR_SYSTEM,Yes,"Woods County. Alva Hospital Authority, dba Share Medical Center, in collaboration with Alva EMS and Survival Flight, will invest in identified equipment that can ease the transition of care between their services in critical and emergent situations. This investment in improved equipment and increased training will improve healthcare outcomes for anyone experiencing a medical emergency in their rural community. Community-Led Wellness Hubs: Microgrants -- applicants were eligible for awards of up to $100,000 per county (a $50,000 base budget and a $50,000 supplemental request). OSDH's Q2 Legislative Quarterly Report states it 'issued 68 awards through the competitive Microgrant application' and that contracts were in progress at 2026-06-30.",Yes,Yes,FY2026 (Year 1),"Oklahoma RHTP Funding Recipients -- Community-Led Wellness Hubs: Microgrants, List of Funding Recipients",https://oklahoma.gov/health/rhtp/rhtp-funding-recipients.html,NOTICE_OF_AWARD,DIRECT_TEXT,R/03t_ok_year1_awardees.R,,,,,OSDH publishes NO organisation-type column; the type is derived from the recipient's own name. Recipient name rule: name states a hospital.,HIGH,,MICROGRANTS,Budget Period 1,DIRECT,Yes,NAMED_HOSPITAL,,award amount as published per county by OSDH,Woods,"Alva Hospital Authority, dba Share Medical Center, in collaboration with Alva EMS and Survival Flight, will invest in identified equipment that can ease the transition of care between their services in critical and emergent situations. This investment in improved equipment and increased training will improve healthcare outcomes for anyone experiencing a medical emergency in their rural community.",MG,Community-Led Wellness Hubs: Microgrants,68,,Moving Upstream,Community-Led Wellness Hub: Microgrants,data/evidence/OK/2026-08-31_ok_rhtp_funding_recipients.html
OK,68,"Newman Memorial Hospital, Inc.",49419.72,HOSPITAL_OR_SYSTEM,Yes,"Woodward County. Newman Memorial Hospital, Inc. will invest in equipment across the Woodward Rural Health Clinic, Woodward Specialty Clinic, and Mooreland Clinic to address increased patient volume, improve workflow efficiency, and support the expansion of diagnostic, procedural, and patient care services. This equipment includes EKG machines, vital sign machines, a bladder scanner, a flexible scope attachment for stent removal, exam tables, treatment stools, a medical supply cabinet with portable suction, a procedure chair, a bariatric lab chair, and a treatment table. Community-Led Wellness Hubs: Microgrants -- applicants were eligible for awards of up to $100,000 per county (a $50,000 base budget and a $50,000 supplemental request). OSDH's Q2 Legislative Quarterly Report states it 'issued 68 awards through the competitive Microgrant application' and that contracts were in progress at 2026-06-30.",Yes,Yes,FY2026 (Year 1),"Oklahoma RHTP Funding Recipients -- Community-Led Wellness Hubs: Microgrants, List of Funding Recipients",https://oklahoma.gov/health/rhtp/rhtp-funding-recipients.html,NOTICE_OF_AWARD,DIRECT_TEXT,R/03t_ok_year1_awardees.R,,,,,OSDH publishes NO organisation-type column; the type is derived from the recipient's own name. Recipient name rule: name states a hospital.,HIGH,,MICROGRANTS,Budget Period 1,DIRECT,Yes,NAMED_HOSPITAL,,award amount as published per county by OSDH,Woodward,"Newman Memorial Hospital, Inc. will invest in equipment across the Woodward Rural Health Clinic, Woodward Specialty Clinic, and Mooreland Clinic to address increased patient volume, improve workflow efficiency, and support the expansion of diagnostic, procedural, and patient care services. This equipment includes EKG machines, vital sign machines, a bladder scanner, a flexible scope attachment for stent removal, exam tables, treatment stools, a medical supply cabinet with portable suction, a procedure chair, a bariatric lab chair, and a treatment table.",MG,Community-Led Wellness Hubs: Microgrants,68,,Moving Upstream,Community-Led Wellness Hub: Microgrants,data/evidence/OK/2026-08-31_ok_rhtp_funding_recipients.html
OK,69,"60 grants (OSDE's ROOTS Competitive Grant) to PK-12 rural school sites at $10,000 each - recipient names not published",,NOT_YET_NAMED,No,"OSDE selected 60 PK-12 rural school sites at $10,000 each and has published NO roster -- a count and a unit price, not a list (§0.3). `amount` is deliberately EMPTY and the $600,000 round total is in `round_amount`, so no sum over `amount` can read as a per-recipient figure (§6.2, South Dakota's device). distributed_to_hospital is `No` rather than `Unclear` because OSDE states the recipient CLASS even though it names no member of it: PK-12 rural school sites are §10.2's own NON_HOSPITAL worked example, judged on the recipient and not on the activity (§0.3a). OSDH's Q2 Legislative Quarterly Report corroborates the round independently: '60 awards totalling $600K to local schools'.",No,Yes,FY2026 (Year 1),Oklahoma RHTP Funding Recipients -- OSDE's ROOTS Competitive Grant,https://oklahoma.gov/health/rhtp/rhtp-funding-recipients.html,NOTICE_OF_AWARD,DIRECT_TEXT,R/03t_ok_year1_awardees.R,,,,,OSDE names no recipient; the class it states is PK-12 rural school sites.,LOW,RECIPIENT_NAMES_NOT_CAPTURED,ROOTS,Budget Period 1,NON_HOSPITAL,No,NOT_HOSPITAL,,,,"The Oklahoma State Department of Education (OSDE) has selected sixty (60) PK-12 rural school sites for a $10,000 grant to support Presidential Fitness Testing and best practices in physical education instruction aligned to the Oklahoma Academic Standards for Physical Education.",ROOTS,OSDE's ROOTS Competitive Grant,60,600000,Moving Upstream,Presidential Fitness Test Preparation,data/evidence/OK/2026-08-31_ok_rhtp_funding_recipients.html
