state,row_no,awardee,amount,recipient_type,distributed_to_hospital,note,recipient_confirmed,amount_confirmed,fiscal_year,source_document_title,state_source_url,validation_source_type,extraction_method,validator,ccn,aha_id,rural_designation,reviewer,recipient_type_source,determination_confidence,flag_reason,flow_type,hospital_benefiting,determination_basis,source_archive_path,recipient_names_source_url,amount_basis,amount_precision,disbursement_status,classification_rule,activity_type_raw,region,initiative_raw,project_description
PA,1,Fulton County Medical Center,872891,HOSPITAL_OR_SYSTEM,Yes,Tech & Infrastructure | Southern Alleghenies region,Yes,Yes,FY2026 (Year 1),"Supporting Rural Health Care: Shapiro Administration Announces $42 Million to Support Technology and Infrastructure Improvements, Upgrades for Rural Hospitals, Emergency Medicine, and Health Care Providers",https://www.pa.gov/agencies/dhs/newsroom/supporting-rural-health-care,NOTICE_OF_INTENT_TO_AWARD,MODEL_ASSISTED,AI-assisted - CONFIRM,,,,,,HIGH,,DIRECT,Yes,"Recipient name rule: name states a medical center. §10.2 DIRECT: the named recipient is a hospital or hospital system and the state's award document names both the recipient and the amount. Source: PA DHS announced 66 authorized projects on 2026-07-23; the names and amounts are from the DHS Rural Health Selected Projects page it links to. Distribution is pending approval of selected projects, so this is an intent to award.",data/evidence/PA/2026-07-23_dhs_supporting_rural_health_care.html,https://www.pa.gov/agencies/dhs/programs-services/healthcare/rural-health/rural-health-selected-projects,PER_RECIPIENT,EXACT_AS_PUBLISHED,PENDING_APPROVAL,PATTERN,Tech & Infrastructure,Southern Alleghenies,Tech & Infrastructure,"Installed 20 years ago, the Medical Center's existing HVAC system has reached the end of its useful life and no longer providers the reliability, efficiency, and environmental control needed to support safe and sustainable patient care. Replacing this system is an essential investment in the Medical Center's ability to remain a stable, trusted source of care for the community."
PA,2,Geisinger Bloomsburg Hospital,700000,HOSPITAL_OR_SYSTEM,Yes,Tech & Infrastructure | Central region,Yes,Yes,FY2026 (Year 1),"Supporting Rural Health Care: Shapiro Administration Announces $42 Million to Support Technology and Infrastructure Improvements, Upgrades for Rural Hospitals, Emergency Medicine, and Health Care Providers",https://www.pa.gov/agencies/dhs/newsroom/supporting-rural-health-care,NOTICE_OF_INTENT_TO_AWARD,MODEL_ASSISTED,AI-assisted - CONFIRM,,,,,,HIGH,,DIRECT,Yes,"Recipient name rule: name states a hospital. §10.2 DIRECT: the named recipient is a hospital or hospital system and the state's award document names both the recipient and the amount. Source: PA DHS announced 66 authorized projects on 2026-07-23; the names and amounts are from the DHS Rural Health Selected Projects page it links to. Distribution is pending approval of selected projects, so this is an intent to award.",data/evidence/PA/2026-07-23_dhs_supporting_rural_health_care.html,https://www.pa.gov/agencies/dhs/programs-services/healthcare/rural-health/rural-health-selected-projects,PER_RECIPIENT,EXACT_AS_PUBLISHED,PENDING_APPROVAL,PATTERN,Tech & Infrastructure,Central,Tech & Infrastructure,"Program payments will be used to replace a high-volume radiographic (X-ray) unit to reduce equipment downtime that currently contributes to delays in accessing essential diagnostic imaging services. The existing system is aging and increasingly unable to meet demand, resulting in service interruptions that negatively impact patient care."
PA,3,Geisinger Jersey Shore Hospital,1000000,HOSPITAL_OR_SYSTEM,Yes,Tech & Infrastructure | Central region,Yes,Yes,FY2026 (Year 1),"Supporting Rural Health Care: Shapiro Administration Announces $42 Million to Support Technology and Infrastructure Improvements, Upgrades for Rural Hospitals, Emergency Medicine, and Health Care Providers",https://www.pa.gov/agencies/dhs/newsroom/supporting-rural-health-care,NOTICE_OF_INTENT_TO_AWARD,MODEL_ASSISTED,AI-assisted - CONFIRM,,,,,,HIGH,,DIRECT,Yes,"Recipient name rule: name states a hospital. §10.2 DIRECT: the named recipient is a hospital or hospital system and the state's award document names both the recipient and the amount. Source: PA DHS announced 66 authorized projects on 2026-07-23; the names and amounts are from the DHS Rural Health Selected Projects page it links to. Distribution is pending approval of selected projects, so this is an intent to award.",data/evidence/PA/2026-07-23_dhs_supporting_rural_health_care.html,https://www.pa.gov/agencies/dhs/programs-services/healthcare/rural-health/rural-health-selected-projects,PER_RECIPIENT,EXACT_AS_PUBLISHED,PENDING_APPROVAL,PATTERN,Tech & Infrastructure,Central,Tech & Infrastructure,"Program payments will be used to support this technology and infrastructure project focused on expanding availability of advanced diagnostic imaging through the deployment of a portable Computed Tomography (CT) unit at Geisinger Jersey Shore Hospital (GJSH) which serves rural and underserved communities across the region. Portable CT scanners can be utilized in various locations within a hospital, including bedside imaging in the Intensive Care Unit (ICU), operating rooms, emergency departments, and specialty care suites."
PA,4,Geisinger Lewistown Hospital,1000000,HOSPITAL_OR_SYSTEM,Yes,Tech & Infrastructure | Central region,Yes,Yes,FY2026 (Year 1),"Supporting Rural Health Care: Shapiro Administration Announces $42 Million to Support Technology and Infrastructure Improvements, Upgrades for Rural Hospitals, Emergency Medicine, and Health Care Providers",https://www.pa.gov/agencies/dhs/newsroom/supporting-rural-health-care,NOTICE_OF_INTENT_TO_AWARD,MODEL_ASSISTED,AI-assisted - CONFIRM,,,,,,HIGH,,DIRECT,Yes,"Recipient name rule: name states a hospital. §10.2 DIRECT: the named recipient is a hospital or hospital system and the state's award document names both the recipient and the amount. Source: PA DHS announced 66 authorized projects on 2026-07-23; the names and amounts are from the DHS Rural Health Selected Projects page it links to. Distribution is pending approval of selected projects, so this is an intent to award.",data/evidence/PA/2026-07-23_dhs_supporting_rural_health_care.html,https://www.pa.gov/agencies/dhs/programs-services/healthcare/rural-health/rural-health-selected-projects,PER_RECIPIENT,EXACT_AS_PUBLISHED,PENDING_APPROVAL,PATTERN,Tech & Infrastructure,Central,Tech & Infrastructure,"Funding will support the purchase, deployment, and installation of a CT imaging unit to ensure consistent, local access to advanced diagnostic imaging services. This investment will allow the community to maintain uninterrupted access to CT services, reducing reliance on external facilities and minimizing delays caused by equipment outages."
PA,5,Geisinger Medical Center,1000000,HOSPITAL_OR_SYSTEM,Yes,Tech & Infrastructure | Central region,Yes,Yes,FY2026 (Year 1),"Supporting Rural Health Care: Shapiro Administration Announces $42 Million to Support Technology and Infrastructure Improvements, Upgrades for Rural Hospitals, Emergency Medicine, and Health Care Providers",https://www.pa.gov/agencies/dhs/newsroom/supporting-rural-health-care,NOTICE_OF_INTENT_TO_AWARD,MODEL_ASSISTED,AI-assisted - CONFIRM,,,,,,HIGH,,DIRECT,Yes,"Recipient name rule: name states a medical center. §10.2 DIRECT: the named recipient is a hospital or hospital system and the state's award document names both the recipient and the amount. Source: PA DHS announced 66 authorized projects on 2026-07-23; the names and amounts are from the DHS Rural Health Selected Projects page it links to. Distribution is pending approval of selected projects, so this is an intent to award.",data/evidence/PA/2026-07-23_dhs_supporting_rural_health_care.html,https://www.pa.gov/agencies/dhs/programs-services/healthcare/rural-health/rural-health-selected-projects,PER_RECIPIENT,EXACT_AS_PUBLISHED,PENDING_APPROVAL,PATTERN,Tech & Infrastructure,Central,Tech & Infrastructure,"This project is an access and technology project aimed at ensuring rural Montour and surrounding counties maintain access to an advanced pharmacy. Funding will be used to purchase and install a new modular compounding suite, upgrade and replace the pharmacy’s HVAC system, add non-sterile hazardous drug compounding capacity, and improve the overall workflow layout of the facility."
PA,6,GSL Hospital dba Geisinger St. Luke's Hospital,948927,HOSPITAL_OR_SYSTEM,Yes,Tech & Infrastructure | Northeast region,Yes,Yes,FY2026 (Year 1),"Supporting Rural Health Care: Shapiro Administration Announces $42 Million to Support Technology and Infrastructure Improvements, Upgrades for Rural Hospitals, Emergency Medicine, and Health Care Providers",https://www.pa.gov/agencies/dhs/newsroom/supporting-rural-health-care,NOTICE_OF_INTENT_TO_AWARD,MODEL_ASSISTED,AI-assisted - CONFIRM,,,,,,HIGH,,DIRECT,Yes,"Recipient name rule: name states a hospital. §10.2 DIRECT: the named recipient is a hospital or hospital system and the state's award document names both the recipient and the amount. Source: PA DHS announced 66 authorized projects on 2026-07-23; the names and amounts are from the DHS Rural Health Selected Projects page it links to. Distribution is pending approval of selected projects, so this is an intent to award.",data/evidence/PA/2026-07-23_dhs_supporting_rural_health_care.html,https://www.pa.gov/agencies/dhs/programs-services/healthcare/rural-health/rural-health-selected-projects,PER_RECIPIENT,EXACT_AS_PUBLISHED,PENDING_APPROVAL,PATTERN,Tech & Infrastructure,Northeast,Tech & Infrastructure,"Geisinger St. Luke’s Hospital will use this one-time program payment to fully equip a fourth operating room (OR 4) in response to sustained growth in surgical demand. y. Expanding operating room capacity will enable the hospital to perform approximately 1,700 additional surgical procedures annually, serving as a primary benchmark for project success."
PA,7,"Hyndman Area Health Center, Inc.",63579,FQHC_OR_RHC,No,EMS & Transportation | Southern Alleghenies region,Yes,Yes,FY2026 (Year 1),"Supporting Rural Health Care: Shapiro Administration Announces $42 Million to Support Technology and Infrastructure Improvements, Upgrades for Rural Hospitals, Emergency Medicine, and Health Care Providers",https://www.pa.gov/agencies/dhs/newsroom/supporting-rural-health-care,NOTICE_OF_INTENT_TO_AWARD,MODEL_ASSISTED,AI-assisted - CONFIRM,,,,,,MEDIUM,,NON_HOSPITAL,No,"Curated override: federally qualified health center. §10.2 NON_HOSPITAL: the named recipient is not a hospital (§0.3a -- judged on the recipient, not the activity), and the source does not state that hospitals receive or use the funded activity. Source: PA DHS announced 66 authorized projects on 2026-07-23; the names and amounts are from the DHS Rural Health Selected Projects page it links to. Distribution is pending approval of selected projects, so this is an intent to award.",data/evidence/PA/2026-07-23_dhs_supporting_rural_health_care.html,https://www.pa.gov/agencies/dhs/programs-services/healthcare/rural-health/rural-health-selected-projects,PER_RECIPIENT,EXACT_AS_PUBLISHED,PENDING_APPROVAL,OVERRIDE,EMS & Transportation,Southern Alleghenies,EMS & Transportation,"Hyndman Area Health Center (HAHC) will use the RHTP/RRS program payment to purchase a wheelchair-accessible van to establish non-emergency transportation services for patients who lack safe, reliable, wheelchair-accessible transportation to and from medical appointments at HAHC."
PA,8,Lehigh Valley Hospital - Pocono,996328,HOSPITAL_OR_SYSTEM,Yes,Tech & Infrastructure | Northeast region,Yes,Yes,FY2026 (Year 1),"Supporting Rural Health Care: Shapiro Administration Announces $42 Million to Support Technology and Infrastructure Improvements, Upgrades for Rural Hospitals, Emergency Medicine, and Health Care Providers",https://www.pa.gov/agencies/dhs/newsroom/supporting-rural-health-care,NOTICE_OF_INTENT_TO_AWARD,MODEL_ASSISTED,AI-assisted - CONFIRM,,,,,,HIGH,,DIRECT,Yes,"Recipient name rule: name states a hospital. §10.2 DIRECT: the named recipient is a hospital or hospital system and the state's award document names both the recipient and the amount. Source: PA DHS announced 66 authorized projects on 2026-07-23; the names and amounts are from the DHS Rural Health Selected Projects page it links to. Distribution is pending approval of selected projects, so this is an intent to award.",data/evidence/PA/2026-07-23_dhs_supporting_rural_health_care.html,https://www.pa.gov/agencies/dhs/programs-services/healthcare/rural-health/rural-health-selected-projects,PER_RECIPIENT,EXACT_AS_PUBLISHED,PENDING_APPROVAL,PATTERN,Tech & Infrastructure,Northeast,Tech & Infrastructure,"The program payment for Lehigh Valley Hospital-Pocono will be used to modify the behavioral health unit, purchase supplies and equipment that stabilize and enhance rural health access. Equipment includes one GE Volusun Expert 22 BT25 ultrasound machine to support both telehealth and in person Maternal Fetal Medicine specialty care. Nine Teladoc TV Pro 300 carts will allow the hospital to connect bedside patients with remote clinicians and have these visits integrated with the electronic medical record. Two Retina Vue Scanners will provide retinal screening for more than 3743 patients with diabetes. And there will be an update to install anti-ligature door upgrades to 12 rooms in our behavioral health unit. These upgrades are essential for patient and staff safety."
PA,9,St. Luke's Hospital - Monroe Campus,823050,HOSPITAL_OR_SYSTEM,Yes,Tech & Infrastructure | Northeast region,Yes,Yes,FY2026 (Year 1),"Supporting Rural Health Care: Shapiro Administration Announces $42 Million to Support Technology and Infrastructure Improvements, Upgrades for Rural Hospitals, Emergency Medicine, and Health Care Providers",https://www.pa.gov/agencies/dhs/newsroom/supporting-rural-health-care,NOTICE_OF_INTENT_TO_AWARD,MODEL_ASSISTED,AI-assisted - CONFIRM,,,,,,HIGH,,DIRECT,Yes,"Recipient name rule: name states a hospital. §10.2 DIRECT: the named recipient is a hospital or hospital system and the state's award document names both the recipient and the amount. Source: PA DHS announced 66 authorized projects on 2026-07-23; the names and amounts are from the DHS Rural Health Selected Projects page it links to. Distribution is pending approval of selected projects, so this is an intent to award.",data/evidence/PA/2026-07-23_dhs_supporting_rural_health_care.html,https://www.pa.gov/agencies/dhs/programs-services/healthcare/rural-health/rural-health-selected-projects,PER_RECIPIENT,EXACT_AS_PUBLISHED,PENDING_APPROVAL,PATTERN,Tech & Infrastructure,Northeast,Tech & Infrastructure,"St. Luke’s Hospital – Monroe Campus plans to use this one-time payment to equip a sixth operating room to meet increased patient demand. With high utilization rates in its other ORs, SLMO has finished the OR space and now it needs to be outfitted for use."
PA,10,Wellspan Chambersburg Hospital,940153,HOSPITAL_OR_SYSTEM,Yes,Tech & Infrastructure | South Central region,Yes,Yes,FY2026 (Year 1),"Supporting Rural Health Care: Shapiro Administration Announces $42 Million to Support Technology and Infrastructure Improvements, Upgrades for Rural Hospitals, Emergency Medicine, and Health Care Providers",https://www.pa.gov/agencies/dhs/newsroom/supporting-rural-health-care,NOTICE_OF_INTENT_TO_AWARD,MODEL_ASSISTED,AI-assisted - CONFIRM,,,,,,HIGH,,DIRECT,Yes,"Recipient name rule: name states a hospital. §10.2 DIRECT: the named recipient is a hospital or hospital system and the state's award document names both the recipient and the amount. Source: PA DHS announced 66 authorized projects on 2026-07-23; the names and amounts are from the DHS Rural Health Selected Projects page it links to. Distribution is pending approval of selected projects, so this is an intent to award.",data/evidence/PA/2026-07-23_dhs_supporting_rural_health_care.html,https://www.pa.gov/agencies/dhs/programs-services/healthcare/rural-health/rural-health-selected-projects,PER_RECIPIENT,EXACT_AS_PUBLISHED,PENDING_APPROVAL,PATTERN,Tech & Infrastructure,South Central,Tech & Infrastructure,"WCH is using the funding for the Neuro Navigation and 3D imaging Project, which requires the purchasing of eqipment. Using existing navigation and visualization equipment, WCH neurosurgical team completed 707 cases with an average operative time of 145.4 minutes per case in CY2025. With the addition of enhanced navigation and visualization technology and related tools, we anticipate an immediate increase 35 cases per year with an annual increase of 3.9%, providing access to 193 additional procedures in 3 years"
PA,11,WellSpan Evangelical Community Hospital,1000000,HOSPITAL_OR_SYSTEM,Yes,Tech & Infrastructure | Central region,Yes,Yes,FY2026 (Year 1),"Supporting Rural Health Care: Shapiro Administration Announces $42 Million to Support Technology and Infrastructure Improvements, Upgrades for Rural Hospitals, Emergency Medicine, and Health Care Providers",https://www.pa.gov/agencies/dhs/newsroom/supporting-rural-health-care,NOTICE_OF_INTENT_TO_AWARD,MODEL_ASSISTED,AI-assisted - CONFIRM,,,,,,HIGH,,DIRECT,Yes,"Recipient name rule: name states a hospital. §10.2 DIRECT: the named recipient is a hospital or hospital system and the state's award document names both the recipient and the amount. Source: PA DHS announced 66 authorized projects on 2026-07-23; the names and amounts are from the DHS Rural Health Selected Projects page it links to. Distribution is pending approval of selected projects, so this is an intent to award.",data/evidence/PA/2026-07-23_dhs_supporting_rural_health_care.html,https://www.pa.gov/agencies/dhs/programs-services/healthcare/rural-health/rural-health-selected-projects,PER_RECIPIENT,EXACT_AS_PUBLISHED,PENDING_APPROVAL,PATTERN,Tech & Infrastructure,Central,Tech & Infrastructure,"The purchase and installation of ten new automated transfer switches is a one-time project that will stabilize electrical systems, which immediately and automatically connect critical hospital systems to back-up generators in the event of a local or regional power outage. During 2025 these ten units were inspected by a third-party consultant and recommended for replacement due to being obsolete and replacement parts no longer being available."
PA,12,WRC Pennsylvania Memorial Home,821409,NONPROFIT_CBO,No,Tech & Infrastructure | North Central region,Yes,Yes,FY2026 (Year 1),"Supporting Rural Health Care: Shapiro Administration Announces $42 Million to Support Technology and Infrastructure Improvements, Upgrades for Rural Hospitals, Emergency Medicine, and Health Care Providers",https://www.pa.gov/agencies/dhs/newsroom/supporting-rural-health-care,NOTICE_OF_INTENT_TO_AWARD,MODEL_ASSISTED,AI-assisted - CONFIRM,,,,,,MEDIUM,,NON_HOSPITAL,No,"Curated override: continuing-care retirement community, not a hospital. §10.2 NON_HOSPITAL: the named recipient is not a hospital (§0.3a -- judged on the recipient, not the activity), and the source does not state that hospitals receive or use the funded activity. Source: PA DHS announced 66 authorized projects on 2026-07-23; the names and amounts are from the DHS Rural Health Selected Projects page it links to. Distribution is pending approval of selected projects, so this is an intent to award.",data/evidence/PA/2026-07-23_dhs_supporting_rural_health_care.html,https://www.pa.gov/agencies/dhs/programs-services/healthcare/rural-health/rural-health-selected-projects,PER_RECIPIENT,EXACT_AS_PUBLISHED,PENDING_APPROVAL,OVERRIDE,Tech & Infrastructure,North Central,Tech & Infrastructure,"This project seeks funding to address urgent infrastructure needs that directly impact senior residents’ safety, health outcomes, and organizational operational efficiency. The requested funds will support roof replacement, flooring updates, chiller sustem replacement, and replacement of the phone system, internet, and resident call system network"
PA,13,Uniontown Hospital,678456,HOSPITAL_OR_SYSTEM,Yes,Tech & Infrastructure | Southwest region,Yes,Yes,FY2026 (Year 1),"Supporting Rural Health Care: Shapiro Administration Announces $42 Million to Support Technology and Infrastructure Improvements, Upgrades for Rural Hospitals, Emergency Medicine, and Health Care Providers",https://www.pa.gov/agencies/dhs/newsroom/supporting-rural-health-care,NOTICE_OF_INTENT_TO_AWARD,MODEL_ASSISTED,AI-assisted - CONFIRM,,,,,,HIGH,,DIRECT,Yes,"Recipient name rule: name states a hospital. §10.2 DIRECT: the named recipient is a hospital or hospital system and the state's award document names both the recipient and the amount. Source: PA DHS announced 66 authorized projects on 2026-07-23; the names and amounts are from the DHS Rural Health Selected Projects page it links to. Distribution is pending approval of selected projects, so this is an intent to award.",data/evidence/PA/2026-07-23_dhs_supporting_rural_health_care.html,https://www.pa.gov/agencies/dhs/programs-services/healthcare/rural-health/rural-health-selected-projects,PER_RECIPIENT,EXACT_AS_PUBLISHED,PENDING_APPROVAL,PATTERN,Tech & Infrastructure,Southwest,Tech & Infrastructure,"Funding will replace aging roof infrastructure, a critical project necessary to maintain safe, reliable, and high-quality healthcare services."
PA,14,Lehigh Valley Hospital Schuylkill,997428,HOSPITAL_OR_SYSTEM,Yes,Tech & Infrastructure | Northeast region,Yes,Yes,FY2026 (Year 1),"Supporting Rural Health Care: Shapiro Administration Announces $42 Million to Support Technology and Infrastructure Improvements, Upgrades for Rural Hospitals, Emergency Medicine, and Health Care Providers",https://www.pa.gov/agencies/dhs/newsroom/supporting-rural-health-care,NOTICE_OF_INTENT_TO_AWARD,MODEL_ASSISTED,AI-assisted - CONFIRM,,,,,,HIGH,,DIRECT,Yes,"Recipient name rule: name states a hospital. §10.2 DIRECT: the named recipient is a hospital or hospital system and the state's award document names both the recipient and the amount. Source: PA DHS announced 66 authorized projects on 2026-07-23; the names and amounts are from the DHS Rural Health Selected Projects page it links to. Distribution is pending approval of selected projects, so this is an intent to award.",data/evidence/PA/2026-07-23_dhs_supporting_rural_health_care.html,https://www.pa.gov/agencies/dhs/programs-services/healthcare/rural-health/rural-health-selected-projects,PER_RECIPIENT,EXACT_AS_PUBLISHED,PENDING_APPROVAL,PATTERN,Tech & Infrastructure,Northeast,Tech & Infrastructure,"The program payment for Lehigh Valley Hospital-Schuylkill will be used to purchase supplies and equipment that stabilize and enhance rural health access. These supplies and euipment include an ultrasound machine to support both telehealth and in person Maternal Fetal Medicine specialty care. Teladoc TV Pro 300 carts that will allow the hospital to connect bedside patients with remote clinicians and have these visits integrated with the electronic medical record. Smart beds will replace beds across acute care units to prevent falls and improve patient outcomes. Five Retina Vue Scanners will provide retinal screening for more than 2605 patients with diabetes. Twelve Stryker Medical stretchers with 30” wheels, 700lbs capacity and a scale will allow for seamless transport through the Emergency Department as well assist with accurate vital signs."
PA,15,Armstrong County Memorial Hospital (ACMH),987284,HOSPITAL_OR_SYSTEM,Yes,Tech & Infrastructure | Southwest region,Yes,Yes,FY2026 (Year 1),"Supporting Rural Health Care: Shapiro Administration Announces $42 Million to Support Technology and Infrastructure Improvements, Upgrades for Rural Hospitals, Emergency Medicine, and Health Care Providers",https://www.pa.gov/agencies/dhs/newsroom/supporting-rural-health-care,NOTICE_OF_INTENT_TO_AWARD,MODEL_ASSISTED,AI-assisted - CONFIRM,,,,,,HIGH,,DIRECT,Yes,"Recipient name rule: name states a hospital. §10.2 DIRECT: the named recipient is a hospital or hospital system and the state's award document names both the recipient and the amount. Source: PA DHS announced 66 authorized projects on 2026-07-23; the names and amounts are from the DHS Rural Health Selected Projects page it links to. Distribution is pending approval of selected projects, so this is an intent to award.",data/evidence/PA/2026-07-23_dhs_supporting_rural_health_care.html,https://www.pa.gov/agencies/dhs/programs-services/healthcare/rural-health/rural-health-selected-projects,PER_RECIPIENT,EXACT_AS_PUBLISHED,PENDING_APPROVAL,PATTERN,Tech & Infrastructure,Southwest,Tech & Infrastructure,"The ACMH Infrastructure Enhancement Project is designed to strengthen rural healthcare delivery capacity by modernizing critical infrastructure, improving access to care, and enhancing operational efficiency. The project focuses on upgrading clinical equipment and supporting facility improvements to better serve the community. This includes the purchase of a mammography unit, a breast cancer ultrasound machine, and a medical vacuum system."
PA,16,Bucktail Medical Center,78895,HOSPITAL_OR_SYSTEM,Yes,Tech & Infrastructure | Central region,Yes,Yes,FY2026 (Year 1),"Supporting Rural Health Care: Shapiro Administration Announces $42 Million to Support Technology and Infrastructure Improvements, Upgrades for Rural Hospitals, Emergency Medicine, and Health Care Providers",https://www.pa.gov/agencies/dhs/newsroom/supporting-rural-health-care,NOTICE_OF_INTENT_TO_AWARD,MODEL_ASSISTED,AI-assisted - CONFIRM,,,,,,HIGH,,DIRECT,Yes,"Recipient name rule: name states a medical center. §10.2 DIRECT: the named recipient is a hospital or hospital system and the state's award document names both the recipient and the amount. Source: PA DHS announced 66 authorized projects on 2026-07-23; the names and amounts are from the DHS Rural Health Selected Projects page it links to. Distribution is pending approval of selected projects, so this is an intent to award.",data/evidence/PA/2026-07-23_dhs_supporting_rural_health_care.html,https://www.pa.gov/agencies/dhs/programs-services/healthcare/rural-health/rural-health-selected-projects,PER_RECIPIENT,EXACT_AS_PUBLISHED,PENDING_APPROVAL,PATTERN,Tech & Infrastructure,Central,Tech & Infrastructure,"By not having to shut the facility down during warm temperatures, it will maintain access to care in the rural communities of Western Clinton Bucktail Medical Center faces a significant and ongoing challenge related to its aging infrastructure, particularly the hospital’s HVAC system. The installation of minisplit HVAC units offers a practical, cost effective interim solution to a critical infrastructure issue at Bucktail Medical Center. This project directly supports patient safety, protects essential medical equipment, ensures access and continuity of care, and aligns with the hospital’s current financial realities while longer term capital solutions are evaluated."
PA,17,"Carbon Schuylkill Community Hospital dba St. Luke's Miner's Memorial Hospital, St. Luke's Hospital-Miners Campus",909231,HOSPITAL_OR_SYSTEM,Yes,Tech & Infrastructure | Northeast region,Yes,Yes,FY2026 (Year 1),"Supporting Rural Health Care: Shapiro Administration Announces $42 Million to Support Technology and Infrastructure Improvements, Upgrades for Rural Hospitals, Emergency Medicine, and Health Care Providers",https://www.pa.gov/agencies/dhs/newsroom/supporting-rural-health-care,NOTICE_OF_INTENT_TO_AWARD,MODEL_ASSISTED,AI-assisted - CONFIRM,,,,,,HIGH,,DIRECT,Yes,"Recipient name rule: name states a hospital. §10.2 DIRECT: the named recipient is a hospital or hospital system and the state's award document names both the recipient and the amount. Source: PA DHS announced 66 authorized projects on 2026-07-23; the names and amounts are from the DHS Rural Health Selected Projects page it links to. Distribution is pending approval of selected projects, so this is an intent to award.",data/evidence/PA/2026-07-23_dhs_supporting_rural_health_care.html,https://www.pa.gov/agencies/dhs/programs-services/healthcare/rural-health/rural-health-selected-projects,PER_RECIPIENT,EXACT_AS_PUBLISHED,PENDING_APPROVAL,PATTERN,Tech & Infrastructure,Northeast,Tech & Infrastructure,"The one-time payment will support medical imaging technology and infrastructure enhancements by purchasing a new fluoroscopy system, enabling the hospital to continue this service for patients throughout the rural region. The equipment will replace the current system that is quickly approaching total failure; no manufacturer parts can be ordered for it and the unit cannot be serviced. Frequent fluoroscopy system down times during FY26 delayed patient care, or patients had no care due to the unsurmountable burden to travel long distances to receive this diagnostic testing. The one-time payment will also be used to purchase technology equipment required in three operating rooms to support perioperative workflow visibility and remote clinical support functions"
PA,18,Clarion Hospital,751107,HOSPITAL_OR_SYSTEM,Yes,Tech & Infrastructure | Northwest region,Yes,Yes,FY2026 (Year 1),"Supporting Rural Health Care: Shapiro Administration Announces $42 Million to Support Technology and Infrastructure Improvements, Upgrades for Rural Hospitals, Emergency Medicine, and Health Care Providers",https://www.pa.gov/agencies/dhs/newsroom/supporting-rural-health-care,NOTICE_OF_INTENT_TO_AWARD,MODEL_ASSISTED,AI-assisted - CONFIRM,,,,,,HIGH,,DIRECT,Yes,"Recipient name rule: name states a hospital. §10.2 DIRECT: the named recipient is a hospital or hospital system and the state's award document names both the recipient and the amount. Source: PA DHS announced 66 authorized projects on 2026-07-23; the names and amounts are from the DHS Rural Health Selected Projects page it links to. Distribution is pending approval of selected projects, so this is an intent to award.",data/evidence/PA/2026-07-23_dhs_supporting_rural_health_care.html,https://www.pa.gov/agencies/dhs/programs-services/healthcare/rural-health/rural-health-selected-projects,PER_RECIPIENT,EXACT_AS_PUBLISHED,PENDING_APPROVAL,PATTERN,Tech & Infrastructure,Northwest,Tech & Infrastructure,"Rapid Response funds will support a one-time capital investment to replace the aging 17-year-old CT scanner at Clarion Hospital, ensuring the stabilization and continued availability of essential diagnostic imaging services in Clarion County."
PA,19,St. Luke's Hospital - Carbon Campus,996519,HOSPITAL_OR_SYSTEM,Yes,Tech & Infrastructure | Northeast region,Yes,Yes,FY2026 (Year 1),"Supporting Rural Health Care: Shapiro Administration Announces $42 Million to Support Technology and Infrastructure Improvements, Upgrades for Rural Hospitals, Emergency Medicine, and Health Care Providers",https://www.pa.gov/agencies/dhs/newsroom/supporting-rural-health-care,NOTICE_OF_INTENT_TO_AWARD,MODEL_ASSISTED,AI-assisted - CONFIRM,,,,,,HIGH,,DIRECT,Yes,"Recipient name rule: name states a hospital. §10.2 DIRECT: the named recipient is a hospital or hospital system and the state's award document names both the recipient and the amount. Source: PA DHS announced 66 authorized projects on 2026-07-23; the names and amounts are from the DHS Rural Health Selected Projects page it links to. Distribution is pending approval of selected projects, so this is an intent to award.",data/evidence/PA/2026-07-23_dhs_supporting_rural_health_care.html,https://www.pa.gov/agencies/dhs/programs-services/healthcare/rural-health/rural-health-selected-projects,PER_RECIPIENT,EXACT_AS_PUBLISHED,PENDING_APPROVAL,PATTERN,Tech & Infrastructure,Northeast,Tech & Infrastructure,St. Luke’s Hospital – Carbon Campus plans to use this one-time payment to purchase new equipment and update a shell space for sterile storage for our operating rooms. The equipment is needed either to replace existing equipment that has reached its end of life or to augment existing equipment to meet increased patient demand. The sterile storage room for operating room instruments and equipment is needed to enhance workflows and efficiency for the operating rooms themselves and the operating room staff.
PA,20,Barnes-Kasson County Hospital,1000000,HOSPITAL_OR_SYSTEM,Yes,Tech & Infrastructure | Northern Tier region,Yes,Yes,FY2026 (Year 1),"Supporting Rural Health Care: Shapiro Administration Announces $42 Million to Support Technology and Infrastructure Improvements, Upgrades for Rural Hospitals, Emergency Medicine, and Health Care Providers",https://www.pa.gov/agencies/dhs/newsroom/supporting-rural-health-care,NOTICE_OF_INTENT_TO_AWARD,MODEL_ASSISTED,AI-assisted - CONFIRM,,,,,,HIGH,,DIRECT,Yes,"Recipient name rule: name states a hospital. §10.2 DIRECT: the named recipient is a hospital or hospital system and the state's award document names both the recipient and the amount. Source: PA DHS announced 66 authorized projects on 2026-07-23; the names and amounts are from the DHS Rural Health Selected Projects page it links to. Distribution is pending approval of selected projects, so this is an intent to award.",data/evidence/PA/2026-07-23_dhs_supporting_rural_health_care.html,https://www.pa.gov/agencies/dhs/programs-services/healthcare/rural-health/rural-health-selected-projects,PER_RECIPIENT,EXACT_AS_PUBLISHED,PENDING_APPROVAL,PATTERN,Tech & Infrastructure,Northern Tier,Tech & Infrastructure,"The hospital’s operating room (OR) air handling system has experienced complete failure and is no longer operational. The system has exceeded its useful life, and repair is no longer feasible. As a result, the operating room cannot be safely used for surgical procedures, required environmental controls cannot be maintained, and infection prevention standards cannot be met. This failure has made the operating room non-functional. Replacement of the failed operating room air handling system is an urgent, one-time infrastructure investment necessary to stabilize a distressed Critical Access Hospital and preserve access to essential rural health services."
PA,21,Counselling Services of Southeastern Erie County dba Corry Counseling of LECOM Health,548200,NONPROFIT_CBO,No,Tech & Infrastructure | Northwest region,Yes,Yes,FY2026 (Year 1),"Supporting Rural Health Care: Shapiro Administration Announces $42 Million to Support Technology and Infrastructure Improvements, Upgrades for Rural Hospitals, Emergency Medicine, and Health Care Providers",https://www.pa.gov/agencies/dhs/newsroom/supporting-rural-health-care,NOTICE_OF_INTENT_TO_AWARD,MODEL_ASSISTED,AI-assisted - CONFIRM,,,,,,MEDIUM,,NON_HOSPITAL,No,"Curated override: community behavioral health provider; 'County' must not read as a local government. §10.2 NON_HOSPITAL: the named recipient is not a hospital (§0.3a -- judged on the recipient, not the activity), and the source does not state that hospitals receive or use the funded activity. Source: PA DHS announced 66 authorized projects on 2026-07-23; the names and amounts are from the DHS Rural Health Selected Projects page it links to. Distribution is pending approval of selected projects, so this is an intent to award.",data/evidence/PA/2026-07-23_dhs_supporting_rural_health_care.html,https://www.pa.gov/agencies/dhs/programs-services/healthcare/rural-health/rural-health-selected-projects,PER_RECIPIENT,EXACT_AS_PUBLISHED,PENDING_APPROVAL,OVERRIDE,Tech & Infrastructure,Northwest,Tech & Infrastructure,"A one-time infrastructure investment to stabilize the Corry Counseling of LECOM Health facility and expand behavioral health service capacity for rural populations. The funding will support an AI-suppprted documentation sustem to improve efficency, video conferencing equipment, repair of water damage and sewage systems, and repurposing of office spece to support clinical capacity."
PA,22,"Jeffco Health Services, Inc.",907296,NONPROFIT_CBO,No,Tech & Infrastructure | North Central region,Yes,Yes,FY2026 (Year 1),"Supporting Rural Health Care: Shapiro Administration Announces $42 Million to Support Technology and Infrastructure Improvements, Upgrades for Rural Hospitals, Emergency Medicine, and Health Care Providers",https://www.pa.gov/agencies/dhs/newsroom/supporting-rural-health-care,NOTICE_OF_INTENT_TO_AWARD,MODEL_ASSISTED,AI-assisted - CONFIRM,,,,,,LOW,,NON_HOSPITAL,No,"Curated override: organisational form not stated by the source. §10.2 NON_HOSPITAL: the named recipient is not a hospital (§0.3a -- judged on the recipient, not the activity), and the source does not state that hospitals receive or use the funded activity. Source: PA DHS announced 66 authorized projects on 2026-07-23; the names and amounts are from the DHS Rural Health Selected Projects page it links to. Distribution is pending approval of selected projects, so this is an intent to award.",data/evidence/PA/2026-07-23_dhs_supporting_rural_health_care.html,https://www.pa.gov/agencies/dhs/programs-services/healthcare/rural-health/rural-health-selected-projects,PER_RECIPIENT,EXACT_AS_PUBLISHED,PENDING_APPROVAL,OVERRIDE,Tech & Infrastructure,North Central,Tech & Infrastructure,"This project will replce five air handlers, walk-in refrigeratir and freezer, three elevators, and the basement chiller system. Without these infrastructure upgrades, the ability of PHJM to provide necessary, high-quality care and a proper home for the elderly population of the area would be jeopardized, greatly increasing the chances of negative health outcomes for the community."
PA,23,Robert Packer Hospital,1000000,HOSPITAL_OR_SYSTEM,Yes,Tech & Infrastructure | Northern Tier region,Yes,Yes,FY2026 (Year 1),"Supporting Rural Health Care: Shapiro Administration Announces $42 Million to Support Technology and Infrastructure Improvements, Upgrades for Rural Hospitals, Emergency Medicine, and Health Care Providers",https://www.pa.gov/agencies/dhs/newsroom/supporting-rural-health-care,NOTICE_OF_INTENT_TO_AWARD,MODEL_ASSISTED,AI-assisted - CONFIRM,,,,,,HIGH,,DIRECT,Yes,"Recipient name rule: name states a hospital. §10.2 DIRECT: the named recipient is a hospital or hospital system and the state's award document names both the recipient and the amount. Source: PA DHS announced 66 authorized projects on 2026-07-23; the names and amounts are from the DHS Rural Health Selected Projects page it links to. Distribution is pending approval of selected projects, so this is an intent to award.",data/evidence/PA/2026-07-23_dhs_supporting_rural_health_care.html,https://www.pa.gov/agencies/dhs/programs-services/healthcare/rural-health/rural-health-selected-projects,PER_RECIPIENT,EXACT_AS_PUBLISHED,PENDING_APPROVAL,PATTERN,Tech & Infrastructure,Northern Tier,Tech & Infrastructure,"The upgrade of the cogeneration engine at Robert Packer Hospital (RPH) is a critical infrastructure investment necessary to ensure uninterrupted access to essential healthcare services across a rural, multi-campus system. The existing cogeneration unit is quickly approaching the manufacturerrecommended threshold for major overhaul, at approximately 80,000 run-time hours, which is anticipated to be reached by April 2027."
PA,24,Wakefield Ambulance Association,270900,EMS_OR_PSAP,No,EMS & Transportation | South Central region,Yes,Yes,FY2026 (Year 1),"Supporting Rural Health Care: Shapiro Administration Announces $42 Million to Support Technology and Infrastructure Improvements, Upgrades for Rural Hospitals, Emergency Medicine, and Health Care Providers",https://www.pa.gov/agencies/dhs/newsroom/supporting-rural-health-care,NOTICE_OF_INTENT_TO_AWARD,MODEL_ASSISTED,AI-assisted - CONFIRM,,,,,,HIGH,,NON_HOSPITAL,No,"Curated override: volunteer ambulance service. §10.2 NON_HOSPITAL: the named recipient is not a hospital (§0.3a -- judged on the recipient, not the activity), and the source does not state that hospitals receive or use the funded activity. Source: PA DHS announced 66 authorized projects on 2026-07-23; the names and amounts are from the DHS Rural Health Selected Projects page it links to. Distribution is pending approval of selected projects, so this is an intent to award.",data/evidence/PA/2026-07-23_dhs_supporting_rural_health_care.html,https://www.pa.gov/agencies/dhs/programs-services/healthcare/rural-health/rural-health-selected-projects,PER_RECIPIENT,EXACT_AS_PUBLISHED,PENDING_APPROVAL,OVERRIDE,EMS & Transportation,South Central,EMS & Transportation,Purchase of an ambulance
PA,25,Wayne Memorial Community Health Centers,997423,FQHC_OR_RHC,No,Tech & Infrastructure | Northeast region,Yes,Yes,FY2026 (Year 1),"Supporting Rural Health Care: Shapiro Administration Announces $42 Million to Support Technology and Infrastructure Improvements, Upgrades for Rural Hospitals, Emergency Medicine, and Health Care Providers",https://www.pa.gov/agencies/dhs/newsroom/supporting-rural-health-care,NOTICE_OF_INTENT_TO_AWARD,MODEL_ASSISTED,AI-assisted - CONFIRM,,,,,,MEDIUM,,NON_HOSPITAL,No,"Curated override: FQHC affiliated with Wayne Memorial Hospital. §10.2 NON_HOSPITAL: the named recipient is not a hospital (§0.3a -- judged on the recipient, not the activity), and the source does not state that hospitals receive or use the funded activity. Source: PA DHS announced 66 authorized projects on 2026-07-23; the names and amounts are from the DHS Rural Health Selected Projects page it links to. Distribution is pending approval of selected projects, so this is an intent to award.",data/evidence/PA/2026-07-23_dhs_supporting_rural_health_care.html,https://www.pa.gov/agencies/dhs/programs-services/healthcare/rural-health/rural-health-selected-projects,PER_RECIPIENT,EXACT_AS_PUBLISHED,PENDING_APPROVAL,OVERRIDE,Tech & Infrastructure,Northeast,Tech & Infrastructure,WMCHC has two minor renovations including in this funding. One of which will increase patient access particularly women’s health and obstetrics in an area (Pike County) where Wayne Memorial Community Health Centers provides the only OB care with the nearest other resources can be an hour away from patients’ homes. The second renovation is adding a gutter system to one office in Wayne County. Heavy rains are deteriorating the pavement and walkways creating a continuous maintenance issue in order provide safe footing entering and exiting. The remainder of the budget is comprised of technology embracing AI and innovation.
PA,26,Wellspan Waynesboro Hospital,881989,HOSPITAL_OR_SYSTEM,Yes,Tech & Infrastructure | South Central region,Yes,Yes,FY2026 (Year 1),"Supporting Rural Health Care: Shapiro Administration Announces $42 Million to Support Technology and Infrastructure Improvements, Upgrades for Rural Hospitals, Emergency Medicine, and Health Care Providers",https://www.pa.gov/agencies/dhs/newsroom/supporting-rural-health-care,NOTICE_OF_INTENT_TO_AWARD,MODEL_ASSISTED,AI-assisted - CONFIRM,,,,,,HIGH,,DIRECT,Yes,"Recipient name rule: name states a hospital. §10.2 DIRECT: the named recipient is a hospital or hospital system and the state's award document names both the recipient and the amount. Source: PA DHS announced 66 authorized projects on 2026-07-23; the names and amounts are from the DHS Rural Health Selected Projects page it links to. Distribution is pending approval of selected projects, so this is an intent to award.",data/evidence/PA/2026-07-23_dhs_supporting_rural_health_care.html,https://www.pa.gov/agencies/dhs/programs-services/healthcare/rural-health/rural-health-selected-projects,PER_RECIPIENT,EXACT_AS_PUBLISHED,PENDING_APPROVAL,PATTERN,Tech & Infrastructure,South Central,Tech & Infrastructure,"WWH will modify an outpatient clinical space in order to expand access to care and ensure the long-term sustainability of essential rural health services. A key component of the project is the modification of the existing wound clinic area to create a shared, modernized space with IV therapy. The funding will also replace an ultrasound unit and and echocaridgram unit."
PA,27,"Windber Hospital, Inc. dba Chan Soon-Shiong Medical Center at Windber",985100,HOSPITAL_OR_SYSTEM,Yes,Tech & Infrastructure | Southern Alleghenies region,Yes,Yes,FY2026 (Year 1),"Supporting Rural Health Care: Shapiro Administration Announces $42 Million to Support Technology and Infrastructure Improvements, Upgrades for Rural Hospitals, Emergency Medicine, and Health Care Providers",https://www.pa.gov/agencies/dhs/newsroom/supporting-rural-health-care,NOTICE_OF_INTENT_TO_AWARD,MODEL_ASSISTED,AI-assisted - CONFIRM,,,,,,HIGH,,DIRECT,Yes,"Recipient name rule: name states a hospital. §10.2 DIRECT: the named recipient is a hospital or hospital system and the state's award document names both the recipient and the amount. Source: PA DHS announced 66 authorized projects on 2026-07-23; the names and amounts are from the DHS Rural Health Selected Projects page it links to. Distribution is pending approval of selected projects, so this is an intent to award.",data/evidence/PA/2026-07-23_dhs_supporting_rural_health_care.html,https://www.pa.gov/agencies/dhs/programs-services/healthcare/rural-health/rural-health-selected-projects,PER_RECIPIENT,EXACT_AS_PUBLISHED,PENDING_APPROVAL,PATTERN,Tech & Infrastructure,Southern Alleghenies,Tech & Infrastructure,"Chan Soon-Shiong Medical Center at Windber will use the Rapid Response Stabilization Program payment to complete critical elevator repairs and modernization that directly support patient safety, access to care, emergency readiness, and uninterrupted hospital operations. The hospital’s elevators are essential for safely moving patients, staff, medications, supplies, medical equipment, and emergency response personnel between clinical, diagnostic, inpatient, outpatient, and support areas."
PA,28,"Punxsutawney Area Hospital, Inc.",605721,HOSPITAL_OR_SYSTEM,Yes,Tech & Infrastructure | North Central region,Yes,Yes,FY2026 (Year 1),"Supporting Rural Health Care: Shapiro Administration Announces $42 Million to Support Technology and Infrastructure Improvements, Upgrades for Rural Hospitals, Emergency Medicine, and Health Care Providers",https://www.pa.gov/agencies/dhs/newsroom/supporting-rural-health-care,NOTICE_OF_INTENT_TO_AWARD,MODEL_ASSISTED,AI-assisted - CONFIRM,,,,,,HIGH,,DIRECT,Yes,"Recipient name rule: name states a hospital. §10.2 DIRECT: the named recipient is a hospital or hospital system and the state's award document names both the recipient and the amount. Source: PA DHS announced 66 authorized projects on 2026-07-23; the names and amounts are from the DHS Rural Health Selected Projects page it links to. Distribution is pending approval of selected projects, so this is an intent to award.",data/evidence/PA/2026-07-23_dhs_supporting_rural_health_care.html,https://www.pa.gov/agencies/dhs/programs-services/healthcare/rural-health/rural-health-selected-projects,PER_RECIPIENT,EXACT_AS_PUBLISHED,PENDING_APPROVAL,PATTERN,Tech & Infrastructure,North Central,Tech & Infrastructure,"Funding will be used to repair and reroute a collapsed sewer line, ensure propoer sanitation and hygiene for staff, and repair drainage structure. In addition funding will be used to omplement an IP-based paging, alerting, and visual communication system and replace the wireless handset communications system."
PA,29,Meadville Medical Center dba Meadville Medical Center Health Services (MMCHS),997900,HOSPITAL_OR_SYSTEM,Yes,Tech & Infrastructure | Northwest region,Yes,Yes,FY2026 (Year 1),"Supporting Rural Health Care: Shapiro Administration Announces $42 Million to Support Technology and Infrastructure Improvements, Upgrades for Rural Hospitals, Emergency Medicine, and Health Care Providers",https://www.pa.gov/agencies/dhs/newsroom/supporting-rural-health-care,NOTICE_OF_INTENT_TO_AWARD,MODEL_ASSISTED,AI-assisted - CONFIRM,,,,,,HIGH,,DIRECT,Yes,"Recipient name rule: name states a medical center. §10.2 DIRECT: the named recipient is a hospital or hospital system and the state's award document names both the recipient and the amount. Source: PA DHS announced 66 authorized projects on 2026-07-23; the names and amounts are from the DHS Rural Health Selected Projects page it links to. Distribution is pending approval of selected projects, so this is an intent to award.",data/evidence/PA/2026-07-23_dhs_supporting_rural_health_care.html,https://www.pa.gov/agencies/dhs/programs-services/healthcare/rural-health/rural-health-selected-projects,PER_RECIPIENT,EXACT_AS_PUBLISHED,PENDING_APPROVAL,PATTERN,Tech & Infrastructure,Northwest,Tech & Infrastructure,"Funds will support the full replacement of rooftop Air Handling Unit (AHU-18) and associated heating, ventilation, structural, electrical, and controls systems serving the majority portion of the 2nd, 3rd, and 4th floors. The existing unit has degraded performance and requires replacement to maintain reliable hospital operations, environmental control, patient comfort, and continuity of care in a rural healthcare setting."
PA,30,Corry Memorial Hospital dba LECOM Health Corry Memorial Hospital,1000000,HOSPITAL_OR_SYSTEM,Yes,Tech & Infrastructure | Northwest region,Yes,Yes,FY2026 (Year 1),"Supporting Rural Health Care: Shapiro Administration Announces $42 Million to Support Technology and Infrastructure Improvements, Upgrades for Rural Hospitals, Emergency Medicine, and Health Care Providers",https://www.pa.gov/agencies/dhs/newsroom/supporting-rural-health-care,NOTICE_OF_INTENT_TO_AWARD,MODEL_ASSISTED,AI-assisted - CONFIRM,,,,,,HIGH,,DIRECT,Yes,"Recipient name rule: name states a hospital. §10.2 DIRECT: the named recipient is a hospital or hospital system and the state's award document names both the recipient and the amount. Source: PA DHS announced 66 authorized projects on 2026-07-23; the names and amounts are from the DHS Rural Health Selected Projects page it links to. Distribution is pending approval of selected projects, so this is an intent to award.",data/evidence/PA/2026-07-23_dhs_supporting_rural_health_care.html,https://www.pa.gov/agencies/dhs/programs-services/healthcare/rural-health/rural-health-selected-projects,PER_RECIPIENT,EXACT_AS_PUBLISHED,PENDING_APPROVAL,PATTERN,Tech & Infrastructure,Northwest,Tech & Infrastructure,"Corry Memorial Hospital will use funding to upgrade critical technology and infrastructure supporting both Radiology services and Inpatient Critical Care. This includes a new radiology system, ventilator, cardiac monitoring system, call bell system, and Baxter IV pumps."
PA,31,"Transitions Healthcare Gettysburg, LLC",77286,NONPROFIT_CBO,No,EMS & Transportation | South Central region,Yes,Yes,FY2026 (Year 1),"Supporting Rural Health Care: Shapiro Administration Announces $42 Million to Support Technology and Infrastructure Improvements, Upgrades for Rural Hospitals, Emergency Medicine, and Health Care Providers",https://www.pa.gov/agencies/dhs/newsroom/supporting-rural-health-care,NOTICE_OF_INTENT_TO_AWARD,MODEL_ASSISTED,AI-assisted - CONFIRM,,,,,,MEDIUM,,NON_HOSPITAL,No,"Curated override: post-acute / skilled nursing operator. §10.2 NON_HOSPITAL: the named recipient is not a hospital (§0.3a -- judged on the recipient, not the activity), and the source does not state that hospitals receive or use the funded activity. Source: PA DHS announced 66 authorized projects on 2026-07-23; the names and amounts are from the DHS Rural Health Selected Projects page it links to. Distribution is pending approval of selected projects, so this is an intent to award.",data/evidence/PA/2026-07-23_dhs_supporting_rural_health_care.html,https://www.pa.gov/agencies/dhs/programs-services/healthcare/rural-health/rural-health-selected-projects,PER_RECIPIENT,EXACT_AS_PUBLISHED,PENDING_APPROVAL,OVERRIDE,EMS & Transportation,South Central,EMS & Transportation,Transitions Healthcare Gettysburg will implement a dedicated non-emergency medical transportation solution through the acquisition of a customized transport van equipped with a specialized stretcher chair system.
PA,32,"Transitions Healthcare Allens Cove, LLC",198524,NONPROFIT_CBO,No,Tech & Infrastructure | South Central region,Yes,Yes,FY2026 (Year 1),"Supporting Rural Health Care: Shapiro Administration Announces $42 Million to Support Technology and Infrastructure Improvements, Upgrades for Rural Hospitals, Emergency Medicine, and Health Care Providers",https://www.pa.gov/agencies/dhs/newsroom/supporting-rural-health-care,NOTICE_OF_INTENT_TO_AWARD,MODEL_ASSISTED,AI-assisted - CONFIRM,,,,,,MEDIUM,,NON_HOSPITAL,No,"Curated override: post-acute / skilled nursing operator. §10.2 NON_HOSPITAL: the named recipient is not a hospital (§0.3a -- judged on the recipient, not the activity), and the source does not state that hospitals receive or use the funded activity. Source: PA DHS announced 66 authorized projects on 2026-07-23; the names and amounts are from the DHS Rural Health Selected Projects page it links to. Distribution is pending approval of selected projects, so this is an intent to award.",data/evidence/PA/2026-07-23_dhs_supporting_rural_health_care.html,https://www.pa.gov/agencies/dhs/programs-services/healthcare/rural-health/rural-health-selected-projects,PER_RECIPIENT,EXACT_AS_PUBLISHED,PENDING_APPROVAL,OVERRIDE,Tech & Infrastructure,South Central,Tech & Infrastructure,"Transitions Healthcare Allens Cove will implement a modern Voice over IP (VoIP) telephone system to address critical gaps in communication infrastructure within the facility. The implementation of a VoIP system will enable direct call routing to resident rooms, departments, and staff, significantly improving communication efficiency. Families will be able to connect directly with residents, enhancing accessibility and improving the overall resident and family experience."
PA,33,"Nulton Diagnostic and Treatment Center, P.C dba NDTC",499450,PHYSICIAN_PRACTICE,No,Tech & Infrastructure | Southern Alleghenies region,Yes,Yes,FY2026 (Year 1),"Supporting Rural Health Care: Shapiro Administration Announces $42 Million to Support Technology and Infrastructure Improvements, Upgrades for Rural Hospitals, Emergency Medicine, and Health Care Providers",https://www.pa.gov/agencies/dhs/newsroom/supporting-rural-health-care,NOTICE_OF_INTENT_TO_AWARD,MODEL_ASSISTED,AI-assisted - CONFIRM,,,,,,HIGH,,NON_HOSPITAL,No,"Curated override: professional corporation; the published name has no period after the C. §10.2 NON_HOSPITAL: the named recipient is not a hospital (§0.3a -- judged on the recipient, not the activity), and the source does not state that hospitals receive or use the funded activity. Source: PA DHS announced 66 authorized projects on 2026-07-23; the names and amounts are from the DHS Rural Health Selected Projects page it links to. Distribution is pending approval of selected projects, so this is an intent to award.",data/evidence/PA/2026-07-23_dhs_supporting_rural_health_care.html,https://www.pa.gov/agencies/dhs/programs-services/healthcare/rural-health/rural-health-selected-projects,PER_RECIPIENT,EXACT_AS_PUBLISHED,PENDING_APPROVAL,OVERRIDE,Tech & Infrastructure,Southern Alleghenies,Tech & Infrastructure,"Nulton Diagnostic and Treatment Center, P.C. (NDTC) will implement a centralized technology platform designed to support Rapid Access Psychiatric Services and Community-Based Intensive Treatment (CBIT) across rural Pennsylvania, with initial deployment at its licensed location in Cambria County. The platform will enable real-time referral intake, scheduling, patient tracking, and performance monitoring, and consists of two integrated components: (1) a Rapid Access coordination module that allows referring providers, including emergency departments, crisis response systems, and inpatient psychiatric units, to schedule psychiatric appointments within one business day, and (2) a CBIT management and oversight module that supports providers and managed care organizations in monitoring adherence to the CBIT model and tracking utilization and performance."
PA,34,The Guidance Center,183937,NONPROFIT_CBO,No,EMS & Transportation | North Central region,Yes,Yes,FY2026 (Year 1),"Supporting Rural Health Care: Shapiro Administration Announces $42 Million to Support Technology and Infrastructure Improvements, Upgrades for Rural Hospitals, Emergency Medicine, and Health Care Providers",https://www.pa.gov/agencies/dhs/newsroom/supporting-rural-health-care,NOTICE_OF_INTENT_TO_AWARD,MODEL_ASSISTED,AI-assisted - CONFIRM,,,,,,MEDIUM,,NON_HOSPITAL,No,"Curated override: community behavioral health provider. §10.2 NON_HOSPITAL: the named recipient is not a hospital (§0.3a -- judged on the recipient, not the activity), and the source does not state that hospitals receive or use the funded activity. Source: PA DHS announced 66 authorized projects on 2026-07-23; the names and amounts are from the DHS Rural Health Selected Projects page it links to. Distribution is pending approval of selected projects, so this is an intent to award.",data/evidence/PA/2026-07-23_dhs_supporting_rural_health_care.html,https://www.pa.gov/agencies/dhs/programs-services/healthcare/rural-health/rural-health-selected-projects,PER_RECIPIENT,EXACT_AS_PUBLISHED,PENDING_APPROVAL,OVERRIDE,EMS & Transportation,North Central,EMS & Transportation,"The Guidance Center will purchase four vehicles that will enable agency staff to provide safe, reliable transportation to essential healthcare services, including inpatient behavioral health care, crisis stabilization, specialty medical care, and maternal health services, to individuals enrolled in services with the organization. Providing transportation will improve access, reduce non-essential emergency service utilization, support continuity of care, and directlyaddress rural health disparities by removing a significant barrier to care."
PA,35,"Cornerstone Care, Inc. Mt Morris",449686,FQHC_OR_RHC,No,Tech & Infrastructure | Southwest region,Yes,Yes,FY2026 (Year 1),"Supporting Rural Health Care: Shapiro Administration Announces $42 Million to Support Technology and Infrastructure Improvements, Upgrades for Rural Hospitals, Emergency Medicine, and Health Care Providers",https://www.pa.gov/agencies/dhs/newsroom/supporting-rural-health-care,NOTICE_OF_INTENT_TO_AWARD,MODEL_ASSISTED,AI-assisted - CONFIRM,,,,,,MEDIUM,,NON_HOSPITAL,No,"Curated override: Cornerstone Care is an FQHC network. §10.2 NON_HOSPITAL: the named recipient is not a hospital (§0.3a -- judged on the recipient, not the activity), and the source does not state that hospitals receive or use the funded activity. Source: PA DHS announced 66 authorized projects on 2026-07-23; the names and amounts are from the DHS Rural Health Selected Projects page it links to. Distribution is pending approval of selected projects, so this is an intent to award.",data/evidence/PA/2026-07-23_dhs_supporting_rural_health_care.html,https://www.pa.gov/agencies/dhs/programs-services/healthcare/rural-health/rural-health-selected-projects,PER_RECIPIENT,EXACT_AS_PUBLISHED,PENDING_APPROVAL,OVERRIDE,Tech & Infrastructure,Southwest,Tech & Infrastructure,"Cornerstone Care is using funds to expand its capacity to offer pharmacy services at its Community Health Center of Mount Morris site. Cornerstone Care is using new strategies to provide prescription access through a secure vending machine. This innovative equipment allows the health center to fill prescriptions and make them available for our patients during extended hours. The project budget also includes new roofing, a generator, IT equipment upgrades, ADA enhancements, pharmacy upgrades, and replacement of outdated dental and medical equipment. The Mount Morris site serves nearly 2,500 unique patients during more than 5,300 visits annually across service lines."
PA,36,"Cornerstone Care, Inc. Rogersville",384840,FQHC_OR_RHC,No,Tech & Infrastructure | Southwest region,Yes,Yes,FY2026 (Year 1),"Supporting Rural Health Care: Shapiro Administration Announces $42 Million to Support Technology and Infrastructure Improvements, Upgrades for Rural Hospitals, Emergency Medicine, and Health Care Providers",https://www.pa.gov/agencies/dhs/newsroom/supporting-rural-health-care,NOTICE_OF_INTENT_TO_AWARD,MODEL_ASSISTED,AI-assisted - CONFIRM,,,,,,MEDIUM,,NON_HOSPITAL,No,"Curated override: Cornerstone Care is an FQHC network. §10.2 NON_HOSPITAL: the named recipient is not a hospital (§0.3a -- judged on the recipient, not the activity), and the source does not state that hospitals receive or use the funded activity. Source: PA DHS announced 66 authorized projects on 2026-07-23; the names and amounts are from the DHS Rural Health Selected Projects page it links to. Distribution is pending approval of selected projects, so this is an intent to award.",data/evidence/PA/2026-07-23_dhs_supporting_rural_health_care.html,https://www.pa.gov/agencies/dhs/programs-services/healthcare/rural-health/rural-health-selected-projects,PER_RECIPIENT,EXACT_AS_PUBLISHED,PENDING_APPROVAL,OVERRIDE,Tech & Infrastructure,Southwest,Tech & Infrastructure,"Cornerstone Care is using funding for facilities enhancements for the Rogersville Health Center site. Cornerstone Care is requesting funds for a new roof, flooring, generator, IT equipment upgrades, ADA enhancements, and medical equipment. Each requested item will support the maintenance of services provided to the rural community served at this location, which currently serves 1,235 patients and provides over 3,300 visits annually, across service lines."
PA,37,Somerset Care Inc dba Meadow View Nursing Center,803539,NONPROFIT_CBO,No,Tech & Infrastructure | Southern Alleghenies region,Yes,Yes,FY2026 (Year 1),"Supporting Rural Health Care: Shapiro Administration Announces $42 Million to Support Technology and Infrastructure Improvements, Upgrades for Rural Hospitals, Emergency Medicine, and Health Care Providers",https://www.pa.gov/agencies/dhs/newsroom/supporting-rural-health-care,NOTICE_OF_INTENT_TO_AWARD,MODEL_ASSISTED,AI-assisted - CONFIRM,,,,,,MEDIUM,,NON_HOSPITAL,No,"Curated override: skilled nursing facility. §10.2 NON_HOSPITAL: the named recipient is not a hospital (§0.3a -- judged on the recipient, not the activity), and the source does not state that hospitals receive or use the funded activity. Source: PA DHS announced 66 authorized projects on 2026-07-23; the names and amounts are from the DHS Rural Health Selected Projects page it links to. Distribution is pending approval of selected projects, so this is an intent to award.",data/evidence/PA/2026-07-23_dhs_supporting_rural_health_care.html,https://www.pa.gov/agencies/dhs/programs-services/healthcare/rural-health/rural-health-selected-projects,PER_RECIPIENT,EXACT_AS_PUBLISHED,PENDING_APPROVAL,OVERRIDE,Tech & Infrastructure,Southern Alleghenies,Tech & Infrastructure,"The project includes the following components: • Replacement of outdated and insufficient ceiling lighting throughout resident rooms, hallways, and common areas • Installation of new, safe, and durable flooring to eliminate current trip hazards and improve mobility and safety • Interior painting of resident rooms, hallways, and common areas to improve the care environment and resident experience • Replacement of aging laundry equipment to improve infection control and operational efficiency • Installation of access control systems at facility entry points and staff areas to enhance resident safety and security • Replacement of resident Transportation vehicles for the facility to be able to transport resident to appointments outside of facility in a rural area where other providers are not available to transport"
PA,38,"Quality Life Services - Mercer, LLC",620500,NONPROFIT_CBO,No,Aging and Access | Northwest region,Yes,Yes,FY2026 (Year 1),"Supporting Rural Health Care: Shapiro Administration Announces $42 Million to Support Technology and Infrastructure Improvements, Upgrades for Rural Hospitals, Emergency Medicine, and Health Care Providers",https://www.pa.gov/agencies/dhs/newsroom/supporting-rural-health-care,NOTICE_OF_INTENT_TO_AWARD,MODEL_ASSISTED,AI-assisted - CONFIRM,,,,,,MEDIUM,,NON_HOSPITAL,No,"Curated override: skilled nursing facility. §10.2 NON_HOSPITAL: the named recipient is not a hospital (§0.3a -- judged on the recipient, not the activity), and the source does not state that hospitals receive or use the funded activity. Source: PA DHS announced 66 authorized projects on 2026-07-23; the names and amounts are from the DHS Rural Health Selected Projects page it links to. Distribution is pending approval of selected projects, so this is an intent to award.",data/evidence/PA/2026-07-23_dhs_supporting_rural_health_care.html,https://www.pa.gov/agencies/dhs/programs-services/healthcare/rural-health/rural-health-selected-projects,PER_RECIPIENT,EXACT_AS_PUBLISHED,PENDING_APPROVAL,OVERRIDE,Aging and Access,Northwest,Aging and Access,Funding will expand the fire sprinkler system on the campus to include the assisted living portion that is now contracting as an in lieu of provider for the HCBS MCOs in the commonwealth. Thus providing the health care services in a safe and more independent setting while doing so at a lower cost that skilled nursing.
PA,39,VieCare Butler LLC dba LIFE Butler County,122704,NONPROFIT_CBO,No,EMS & Transportation | Southwest region,Yes,Yes,FY2026 (Year 1),"Supporting Rural Health Care: Shapiro Administration Announces $42 Million to Support Technology and Infrastructure Improvements, Upgrades for Rural Hospitals, Emergency Medicine, and Health Care Providers",https://www.pa.gov/agencies/dhs/newsroom/supporting-rural-health-care,NOTICE_OF_INTENT_TO_AWARD,MODEL_ASSISTED,AI-assisted - CONFIRM,,,,,,MEDIUM,,NON_HOSPITAL,No,"Curated override: LIFE (PACE) program operator. §10.2 NON_HOSPITAL: the named recipient is not a hospital (§0.3a -- judged on the recipient, not the activity), and the source does not state that hospitals receive or use the funded activity. Source: PA DHS announced 66 authorized projects on 2026-07-23; the names and amounts are from the DHS Rural Health Selected Projects page it links to. Distribution is pending approval of selected projects, so this is an intent to award.",data/evidence/PA/2026-07-23_dhs_supporting_rural_health_care.html,https://www.pa.gov/agencies/dhs/programs-services/healthcare/rural-health/rural-health-selected-projects,PER_RECIPIENT,EXACT_AS_PUBLISHED,PENDING_APPROVAL,OVERRIDE,EMS & Transportation,Southwest,EMS & Transportation,LIFE Butler County will purchase a new Micro Bird bus with the funding and enhance transportation access.
PA,40,VieCare Beaver LLC dba LIFE Lawrence County,122704,NONPROFIT_CBO,No,EMS & Transportation | Northwest region,Yes,Yes,FY2026 (Year 1),"Supporting Rural Health Care: Shapiro Administration Announces $42 Million to Support Technology and Infrastructure Improvements, Upgrades for Rural Hospitals, Emergency Medicine, and Health Care Providers",https://www.pa.gov/agencies/dhs/newsroom/supporting-rural-health-care,NOTICE_OF_INTENT_TO_AWARD,MODEL_ASSISTED,AI-assisted - CONFIRM,,,,,,MEDIUM,,NON_HOSPITAL,No,"Curated override: LIFE (PACE) program operator. §10.2 NON_HOSPITAL: the named recipient is not a hospital (§0.3a -- judged on the recipient, not the activity), and the source does not state that hospitals receive or use the funded activity. Source: PA DHS announced 66 authorized projects on 2026-07-23; the names and amounts are from the DHS Rural Health Selected Projects page it links to. Distribution is pending approval of selected projects, so this is an intent to award.",data/evidence/PA/2026-07-23_dhs_supporting_rural_health_care.html,https://www.pa.gov/agencies/dhs/programs-services/healthcare/rural-health/rural-health-selected-projects,PER_RECIPIENT,EXACT_AS_PUBLISHED,PENDING_APPROVAL,OVERRIDE,EMS & Transportation,Northwest,EMS & Transportation,LIFE Lawrence County will purchase a new Micro Bird bus with the funding and enhance transportation access.
PA,41,VieCare Armstrong LLC dba LIFE Armstrong County,122704,NONPROFIT_CBO,No,EMS & Transportation | Southwest region,Yes,Yes,FY2026 (Year 1),"Supporting Rural Health Care: Shapiro Administration Announces $42 Million to Support Technology and Infrastructure Improvements, Upgrades for Rural Hospitals, Emergency Medicine, and Health Care Providers",https://www.pa.gov/agencies/dhs/newsroom/supporting-rural-health-care,NOTICE_OF_INTENT_TO_AWARD,MODEL_ASSISTED,AI-assisted - CONFIRM,,,,,,MEDIUM,,NON_HOSPITAL,No,"Curated override: LIFE (PACE) program operator. §10.2 NON_HOSPITAL: the named recipient is not a hospital (§0.3a -- judged on the recipient, not the activity), and the source does not state that hospitals receive or use the funded activity. Source: PA DHS announced 66 authorized projects on 2026-07-23; the names and amounts are from the DHS Rural Health Selected Projects page it links to. Distribution is pending approval of selected projects, so this is an intent to award.",data/evidence/PA/2026-07-23_dhs_supporting_rural_health_care.html,https://www.pa.gov/agencies/dhs/programs-services/healthcare/rural-health/rural-health-selected-projects,PER_RECIPIENT,EXACT_AS_PUBLISHED,PENDING_APPROVAL,OVERRIDE,EMS & Transportation,Southwest,EMS & Transportation,LIFE Armstrong County will purchase a new Micro Bird bus with the funding and enhance transportation access.
PA,42,LaFayette Manor Inc.,999995,NONPROFIT_CBO,No,Tech & Infrastructure | Southwest region,Yes,Yes,FY2026 (Year 1),"Supporting Rural Health Care: Shapiro Administration Announces $42 Million to Support Technology and Infrastructure Improvements, Upgrades for Rural Hospitals, Emergency Medicine, and Health Care Providers",https://www.pa.gov/agencies/dhs/newsroom/supporting-rural-health-care,NOTICE_OF_INTENT_TO_AWARD,MODEL_ASSISTED,AI-assisted - CONFIRM,,,,,,MEDIUM,,NON_HOSPITAL,No,"Curated override: skilled nursing facility. §10.2 NON_HOSPITAL: the named recipient is not a hospital (§0.3a -- judged on the recipient, not the activity), and the source does not state that hospitals receive or use the funded activity. Source: PA DHS announced 66 authorized projects on 2026-07-23; the names and amounts are from the DHS Rural Health Selected Projects page it links to. Distribution is pending approval of selected projects, so this is an intent to award.",data/evidence/PA/2026-07-23_dhs_supporting_rural_health_care.html,https://www.pa.gov/agencies/dhs/programs-services/healthcare/rural-health/rural-health-selected-projects,PER_RECIPIENT,EXACT_AS_PUBLISHED,PENDING_APPROVAL,OVERRIDE,Tech & Infrastructure,Southwest,Tech & Infrastructure,"Funding will go to urgent infrastrucure improvements and equipment upgrades. One of the most urgent needs is the repaving and replacement of our parking lot asphalt. In addition to exterior access improvements, critical infrastructure upgrades are needed within the facility’s mechanical systems. The replacement of the deaerator tank in our boiler system is essential to maintaining reliable heat and hot water—both vital to resident health, hygiene, and comfort. Several concrete surfaces across the campus also require repair, including the loading dock, resident courtyard, and both the front and rear sidewalks. These areas have developed cracks and uneven sections that pose serious trip and fall risks, particularly for residents using mobility devices. The addition of a new accessible bus and van will ensure safe, dependable transport for residents, including those who use wheelchairs or require additional support."
PA,43,Clarion Psychiatric Center,998287,HOSPITAL_OR_SYSTEM,Yes,Tech & Infrastructure | Northwest region,Yes,Yes,FY2026 (Year 1),"Supporting Rural Health Care: Shapiro Administration Announces $42 Million to Support Technology and Infrastructure Improvements, Upgrades for Rural Hospitals, Emergency Medicine, and Health Care Providers",https://www.pa.gov/agencies/dhs/newsroom/supporting-rural-health-care,NOTICE_OF_INTENT_TO_AWARD,MODEL_ASSISTED,AI-assisted - CONFIRM,,,,,,MEDIUM,,DIRECT,Yes,"Curated override: licensed psychiatric hospital. §10.2 DIRECT: the named recipient is a hospital or hospital system and the state's award document names both the recipient and the amount. Source: PA DHS announced 66 authorized projects on 2026-07-23; the names and amounts are from the DHS Rural Health Selected Projects page it links to. Distribution is pending approval of selected projects, so this is an intent to award.",data/evidence/PA/2026-07-23_dhs_supporting_rural_health_care.html,https://www.pa.gov/agencies/dhs/programs-services/healthcare/rural-health/rural-health-selected-projects,PER_RECIPIENT,EXACT_AS_PUBLISHED,PENDING_APPROVAL,OVERRIDE,Tech & Infrastructure,Northwest,Tech & Infrastructure,"The requested funding will support a coordinated set of high-impact projects that collectively improve safety, functionality, and long-term sustainability. A primary focus of the proposed funding is the modernization of patient care environments to meet current behavioral health safety and infection control standards. Upgrades to inpatient unit bathroom fixtures, including showers, toilets, and sinks across 32 patient rooms, will replace deteriorated infrastructure that currently requires frequent repair and presents ongoing infection control and safety challenges. These improvements are expected to reduce maintenance-related service calls in these areas by an estimated 30–40% and significantly decrease the likelihood of unplanned outages that could impact patient room availability. Additional safety enhancements include the replacement of standard shower curtains with behavioral health–appropriate soft magnetic doors designed to reduce ligature risk. This project directly aligns with current behavioral health design standards and is expected to eliminate a known environmental risk factor within 100% of affected patient bathing areas. The upgrade supports a safer care environment while reducing staff monitoring burden and enhancing patient dignity."
PA,44,"Cornerstone Care, Inc. dba Cornerstone Care Greensboro Health Center",951998,FQHC_OR_RHC,No,Tech & Infrastructure | Southwest region,Yes,Yes,FY2026 (Year 1),"Supporting Rural Health Care: Shapiro Administration Announces $42 Million to Support Technology and Infrastructure Improvements, Upgrades for Rural Hospitals, Emergency Medicine, and Health Care Providers",https://www.pa.gov/agencies/dhs/newsroom/supporting-rural-health-care,NOTICE_OF_INTENT_TO_AWARD,MODEL_ASSISTED,AI-assisted - CONFIRM,,,,,,MEDIUM,,NON_HOSPITAL,No,"Curated override: Cornerstone Care is an FQHC network. §10.2 NON_HOSPITAL: the named recipient is not a hospital (§0.3a -- judged on the recipient, not the activity), and the source does not state that hospitals receive or use the funded activity. Source: PA DHS announced 66 authorized projects on 2026-07-23; the names and amounts are from the DHS Rural Health Selected Projects page it links to. Distribution is pending approval of selected projects, so this is an intent to award.",data/evidence/PA/2026-07-23_dhs_supporting_rural_health_care.html,https://www.pa.gov/agencies/dhs/programs-services/healthcare/rural-health/rural-health-selected-projects,PER_RECIPIENT,EXACT_AS_PUBLISHED,PENDING_APPROVAL,OVERRIDE,Tech & Infrastructure,Southwest,Tech & Infrastructure,"A new dental operatory is planned for the Greensboro site to meet the growing demand for accessible oral health services. A renovation project will be implemented to create a new floor plan for health center efficiency and add a dental operatory, including a new chair and supporting dental equipment, to provide more oral health care for Greensboro adults and children. An additional operatory will increase access and efficiency, allowing the practice to serve more dental patients. The project budget also includes a generator, IT equipment upgrades, ADA enhancements, pharmacy, dental, and medical equipment & supplies."
PA,45,"St. Luke's Hospital of Bethlehem, Pennsylvania dba St. Luke's Hospital - Lehighton Campus, formerly Blue Mountain Hospital",1000000,HOSPITAL_OR_SYSTEM,Yes,Tech & Infrastructure | Northeast region,Yes,Yes,FY2026 (Year 1),"Supporting Rural Health Care: Shapiro Administration Announces $42 Million to Support Technology and Infrastructure Improvements, Upgrades for Rural Hospitals, Emergency Medicine, and Health Care Providers",https://www.pa.gov/agencies/dhs/newsroom/supporting-rural-health-care,NOTICE_OF_INTENT_TO_AWARD,MODEL_ASSISTED,AI-assisted - CONFIRM,,,,,,HIGH,,DIRECT,Yes,"Recipient name rule: name states a hospital. §10.2 DIRECT: the named recipient is a hospital or hospital system and the state's award document names both the recipient and the amount. Source: PA DHS announced 66 authorized projects on 2026-07-23; the names and amounts are from the DHS Rural Health Selected Projects page it links to. Distribution is pending approval of selected projects, so this is an intent to award.",data/evidence/PA/2026-07-23_dhs_supporting_rural_health_care.html,https://www.pa.gov/agencies/dhs/programs-services/healthcare/rural-health/rural-health-selected-projects,PER_RECIPIENT,EXACT_AS_PUBLISHED,PENDING_APPROVAL,PATTERN,Tech & Infrastructure,Northeast,Tech & Infrastructure,"St. Luke’s Hospital - Lehighton Campusis seeking a one-time payment to support the replacement of the roof at the Campus, a rural mental health hospital providing essential inpatient and outpatient behavioral health and medical services. This investment will ensure the Campus’ continued operation that provides inpatient psychiatric care for approximately 1,000 patients annually, delivers tens of thousands of outpatient medical and behavioral health visits, and serves as a lifeline for adults, older adults, and veterans at elevated risk for mental health crises.The investment will help safeguard the physical infrastructure necessary to maintain uninterrupted access to these essential services."
PA,46,DLP Conemaugh Memorial Medical Center LLC dba Conemaugh Memorial Medical Center,999845,HOSPITAL_OR_SYSTEM,Yes,Tech & Infrastructure | Southern Alleghenies region,Yes,Yes,FY2026 (Year 1),"Supporting Rural Health Care: Shapiro Administration Announces $42 Million to Support Technology and Infrastructure Improvements, Upgrades for Rural Hospitals, Emergency Medicine, and Health Care Providers",https://www.pa.gov/agencies/dhs/newsroom/supporting-rural-health-care,NOTICE_OF_INTENT_TO_AWARD,MODEL_ASSISTED,AI-assisted - CONFIRM,,,,,,HIGH,,DIRECT,Yes,"Recipient name rule: name states a medical center. §10.2 DIRECT: the named recipient is a hospital or hospital system and the state's award document names both the recipient and the amount. Source: PA DHS announced 66 authorized projects on 2026-07-23; the names and amounts are from the DHS Rural Health Selected Projects page it links to. Distribution is pending approval of selected projects, so this is an intent to award.",data/evidence/PA/2026-07-23_dhs_supporting_rural_health_care.html,https://www.pa.gov/agencies/dhs/programs-services/healthcare/rural-health/rural-health-selected-projects,PER_RECIPIENT,EXACT_AS_PUBLISHED,PENDING_APPROVAL,PATTERN,Tech & Infrastructure,Southern Alleghenies,Tech & Infrastructure,"Conemaugh Memorial Medical Center will replace its failing 1996 telecommunications system. The system serves the main hospital and rural clinics across Cambria and Somerset counties. Baseline data includes a 20% call failure rate, up to four daily system restarts and a recent major outage affecting 3,000 extensions. Benchmarks for success will be measured by broader patient outcomes, including achieving a 0% system-driven call failure rate, eliminating dropped calls for rural tele-consults, and ensuring reliable patient access for scheduling and care coordination."
PA,47,Weatherwood Rehabilitation and Healthcare LLC dba Forrest Hills Rehabilitation & Healthcare Center,1000000,NONPROFIT_CBO,No,Tech & Infrastructure | Northeast region,Yes,Yes,FY2026 (Year 1),"Supporting Rural Health Care: Shapiro Administration Announces $42 Million to Support Technology and Infrastructure Improvements, Upgrades for Rural Hospitals, Emergency Medicine, and Health Care Providers",https://www.pa.gov/agencies/dhs/newsroom/supporting-rural-health-care,NOTICE_OF_INTENT_TO_AWARD,MODEL_ASSISTED,AI-assisted - CONFIRM,,,,,,MEDIUM,,NON_HOSPITAL,No,"Curated override: skilled nursing / rehabilitation facility. §10.2 NON_HOSPITAL: the named recipient is not a hospital (§0.3a -- judged on the recipient, not the activity), and the source does not state that hospitals receive or use the funded activity. Source: PA DHS announced 66 authorized projects on 2026-07-23; the names and amounts are from the DHS Rural Health Selected Projects page it links to. Distribution is pending approval of selected projects, so this is an intent to award.",data/evidence/PA/2026-07-23_dhs_supporting_rural_health_care.html,https://www.pa.gov/agencies/dhs/programs-services/healthcare/rural-health/rural-health-selected-projects,PER_RECIPIENT,EXACT_AS_PUBLISHED,PENDING_APPROVAL,OVERRIDE,Tech & Infrastructure,Northeast,Tech & Infrastructure,"This program payment will fund a renovation and structural improvement project at Weatherwood Rehabilitation and Healthcare Center, a 200-bed skilled nursing facility in Carbon County, Pennsylvania. The project will renovate the facility's six resident-care areas (Main Lobby/Entrance Corridor, Resident Room Corridor, Resident Rooms, Resident Bathrooms, Dining Room, and Gym/Physical Therapy Room) to address resident safety, infection control, life-safety compliance, and rehabilitation capacity needs."
PA,48,Meadow View Rehabilitation and Healthcare LLC dba Meadowview Rehabilitation and Healthcare Center,1000000,NONPROFIT_CBO,No,Tech & Infrastructure | Northern Tier region,Yes,Yes,FY2026 (Year 1),"Supporting Rural Health Care: Shapiro Administration Announces $42 Million to Support Technology and Infrastructure Improvements, Upgrades for Rural Hospitals, Emergency Medicine, and Health Care Providers",https://www.pa.gov/agencies/dhs/newsroom/supporting-rural-health-care,NOTICE_OF_INTENT_TO_AWARD,MODEL_ASSISTED,AI-assisted - CONFIRM,,,,,,MEDIUM,,NON_HOSPITAL,No,"Curated override: skilled nursing / rehabilitation facility. §10.2 NON_HOSPITAL: the named recipient is not a hospital (§0.3a -- judged on the recipient, not the activity), and the source does not state that hospitals receive or use the funded activity. Source: PA DHS announced 66 authorized projects on 2026-07-23; the names and amounts are from the DHS Rural Health Selected Projects page it links to. Distribution is pending approval of selected projects, so this is an intent to award.",data/evidence/PA/2026-07-23_dhs_supporting_rural_health_care.html,https://www.pa.gov/agencies/dhs/programs-services/healthcare/rural-health/rural-health-selected-projects,PER_RECIPIENT,EXACT_AS_PUBLISHED,PENDING_APPROVAL,OVERRIDE,Tech & Infrastructure,Northern Tier,Tech & Infrastructure,"This program payment will fund a renovation and structural improvement project at Meadow View Rehabilitation and Healthcare Center, a 63-bed skilled nursing facility in Susquehanna County, Pennsylvania. The project will renovate the facility's six resident-care areas (Main Lobby/Entrance Corridor, Resident Room Corridor, Resident Rooms, Resident Bathrooms, Dining Room, and Gym/Physical Therapy Room) to address resident safety, infection control, life-safety compliance, and rehabilitation capacity needs."
PA,49,Epworth Rehabilitation and Healthcare LLC dba Cedarwood Rehabilitation & Healthcare Center,1000000,NONPROFIT_CBO,No,Tech & Infrastructure | Southern Alleghenies region,Yes,Yes,FY2026 (Year 1),"Supporting Rural Health Care: Shapiro Administration Announces $42 Million to Support Technology and Infrastructure Improvements, Upgrades for Rural Hospitals, Emergency Medicine, and Health Care Providers",https://www.pa.gov/agencies/dhs/newsroom/supporting-rural-health-care,NOTICE_OF_INTENT_TO_AWARD,MODEL_ASSISTED,AI-assisted - CONFIRM,,,,,,MEDIUM,,NON_HOSPITAL,No,"Curated override: skilled nursing / rehabilitation facility. §10.2 NON_HOSPITAL: the named recipient is not a hospital (§0.3a -- judged on the recipient, not the activity), and the source does not state that hospitals receive or use the funded activity. Source: PA DHS announced 66 authorized projects on 2026-07-23; the names and amounts are from the DHS Rural Health Selected Projects page it links to. Distribution is pending approval of selected projects, so this is an intent to award.",data/evidence/PA/2026-07-23_dhs_supporting_rural_health_care.html,https://www.pa.gov/agencies/dhs/programs-services/healthcare/rural-health/rural-health-selected-projects,PER_RECIPIENT,EXACT_AS_PUBLISHED,PENDING_APPROVAL,OVERRIDE,Tech & Infrastructure,Southern Alleghenies,Tech & Infrastructure,"This program payment will fund a renovation and structural improvement project at Epworth Rehabilitation and Healthcare Center, a 102-bed skilled nursing facility in Blair County, Pennsylvania. The project will renovate the facility's six resident-care areas (Main Lobby/Entrance Corridor, Resident Room Corridor, Resident Rooms, Resident Bathrooms, Dining Room, and Gym/Physical Therapy Room) to address resident safety, infection control, life-safety compliance, and rehabilitation capacity needs."
PA,50,Darway Rehabilitation and Healthcare LLC dba Darway Rehabilitation and Healthcare,1000000,NONPROFIT_CBO,No,Tech & Infrastructure | Northern Tier region,Yes,Yes,FY2026 (Year 1),"Supporting Rural Health Care: Shapiro Administration Announces $42 Million to Support Technology and Infrastructure Improvements, Upgrades for Rural Hospitals, Emergency Medicine, and Health Care Providers",https://www.pa.gov/agencies/dhs/newsroom/supporting-rural-health-care,NOTICE_OF_INTENT_TO_AWARD,MODEL_ASSISTED,AI-assisted - CONFIRM,,,,,,MEDIUM,,NON_HOSPITAL,No,"Curated override: skilled nursing / rehabilitation facility. §10.2 NON_HOSPITAL: the named recipient is not a hospital (§0.3a -- judged on the recipient, not the activity), and the source does not state that hospitals receive or use the funded activity. Source: PA DHS announced 66 authorized projects on 2026-07-23; the names and amounts are from the DHS Rural Health Selected Projects page it links to. Distribution is pending approval of selected projects, so this is an intent to award.",data/evidence/PA/2026-07-23_dhs_supporting_rural_health_care.html,https://www.pa.gov/agencies/dhs/programs-services/healthcare/rural-health/rural-health-selected-projects,PER_RECIPIENT,EXACT_AS_PUBLISHED,PENDING_APPROVAL,OVERRIDE,Tech & Infrastructure,Northern Tier,Tech & Infrastructure,"This program payment will fund a renovation and structural improvement project at Darway Rehabilitation and Healthcare Center, a 67-bed skilled nursing facility in Sullivan County, Pennsylvania. The project will renovate the facility's six resident-care areas (Main Lobby/Entrance Corridor, Resident Room Corridor, Resident Rooms, Resident Bathrooms, Dining Room, and Gym/Physical Therapy Room) to address resident safety, infection control, life-safety compliance, and rehabilitation capacity needs."
PA,51,"Habit Opco, Watsontown Comprehensive Treatment CenterLLC dba",47550.54,NONPROFIT_CBO,No,EMS & Transportation | Central region,Yes,Yes,FY2026 (Year 1),"Supporting Rural Health Care: Shapiro Administration Announces $42 Million to Support Technology and Infrastructure Improvements, Upgrades for Rural Hospitals, Emergency Medicine, and Health Care Providers",https://www.pa.gov/agencies/dhs/newsroom/supporting-rural-health-care,NOTICE_OF_INTENT_TO_AWARD,MODEL_ASSISTED,AI-assisted - CONFIRM,,,,,,LOW,,NON_HOSPITAL,No,"Curated override: opioid treatment program; the published name is truncated mid-DBA. §10.2 NON_HOSPITAL: the named recipient is not a hospital (§0.3a -- judged on the recipient, not the activity), and the source does not state that hospitals receive or use the funded activity. Source: PA DHS announced 66 authorized projects on 2026-07-23; the names and amounts are from the DHS Rural Health Selected Projects page it links to. Distribution is pending approval of selected projects, so this is an intent to award.",data/evidence/PA/2026-07-23_dhs_supporting_rural_health_care.html,https://www.pa.gov/agencies/dhs/programs-services/healthcare/rural-health/rural-health-selected-projects,PER_RECIPIENT,EXACT_AS_PUBLISHED,PENDING_APPROVAL,OVERRIDE,EMS & Transportation,Central,EMS & Transportation,"Habit Opco, LLC DBA Watsontown CTC will use funding to purchase and implement a passenger transportation van that will expand access to medication-assisted treatment (MAT), counseling, and behavioral health services for individuals living in rural and underserved Pennsylvania communities."
PA,52,"Center for Behavioral Health-HA, LLC dba Lewistown Comprehensive Treatment Center",47551,NONPROFIT_CBO,No,EMS & Transportation | Central region,Yes,Yes,FY2026 (Year 1),"Supporting Rural Health Care: Shapiro Administration Announces $42 Million to Support Technology and Infrastructure Improvements, Upgrades for Rural Hospitals, Emergency Medicine, and Health Care Providers",https://www.pa.gov/agencies/dhs/newsroom/supporting-rural-health-care,NOTICE_OF_INTENT_TO_AWARD,MODEL_ASSISTED,AI-assisted - CONFIRM,,,,,,MEDIUM,,NON_HOSPITAL,No,"Curated override: opioid treatment program. §10.2 NON_HOSPITAL: the named recipient is not a hospital (§0.3a -- judged on the recipient, not the activity), and the source does not state that hospitals receive or use the funded activity. Source: PA DHS announced 66 authorized projects on 2026-07-23; the names and amounts are from the DHS Rural Health Selected Projects page it links to. Distribution is pending approval of selected projects, so this is an intent to award.",data/evidence/PA/2026-07-23_dhs_supporting_rural_health_care.html,https://www.pa.gov/agencies/dhs/programs-services/healthcare/rural-health/rural-health-selected-projects,PER_RECIPIENT,EXACT_AS_PUBLISHED,PENDING_APPROVAL,OVERRIDE,EMS & Transportation,Central,EMS & Transportation,"Center for Behavioral Health-HA, LLC DBA Lewistown Comprehensive Treatment Center (Lewistown CTC) will use funding to purchase and implement a passenger transportation van that will expand access to medication-assisted treatment (MAT), counseling, and behavioral health services for individuals living in rural and underserved Pennsylvania communities."
PA,53,The Lutheran Home at Kane Pennsylvania,92956,NONPROFIT_CBO,No,Aging and Access | North Central region,Yes,Yes,FY2026 (Year 1),"Supporting Rural Health Care: Shapiro Administration Announces $42 Million to Support Technology and Infrastructure Improvements, Upgrades for Rural Hospitals, Emergency Medicine, and Health Care Providers",https://www.pa.gov/agencies/dhs/newsroom/supporting-rural-health-care,NOTICE_OF_INTENT_TO_AWARD,MODEL_ASSISTED,AI-assisted - CONFIRM,,,,,,MEDIUM,,NON_HOSPITAL,No,"Curated override: skilled nursing facility. §10.2 NON_HOSPITAL: the named recipient is not a hospital (§0.3a -- judged on the recipient, not the activity), and the source does not state that hospitals receive or use the funded activity. Source: PA DHS announced 66 authorized projects on 2026-07-23; the names and amounts are from the DHS Rural Health Selected Projects page it links to. Distribution is pending approval of selected projects, so this is an intent to award.",data/evidence/PA/2026-07-23_dhs_supporting_rural_health_care.html,https://www.pa.gov/agencies/dhs/programs-services/healthcare/rural-health/rural-health-selected-projects,PER_RECIPIENT,EXACT_AS_PUBLISHED,PENDING_APPROVAL,OVERRIDE,Aging and Access,North Central,Aging and Access,"The Lutheran Home at Kane (LHK) will use funding for a state-of-the-art nurse aide training center. This stable employment opportunity will also allow them to further their careers in the healthcare field. These efforts will build a pipeline of certified nurse aides for the region. The Lutheran Home will use the $92,956 of funding to purchase advanced equipment and supplies to ensure students receive the knowledge and competency skills they need."
PA,54,"Center for Behavioral Health-PA, LLC dba Cranberry Township Comprehensive Treatment Center",415232,NONPROFIT_CBO,No,Tech & Infrastructure | Southwest region,Yes,Yes,FY2026 (Year 1),"Supporting Rural Health Care: Shapiro Administration Announces $42 Million to Support Technology and Infrastructure Improvements, Upgrades for Rural Hospitals, Emergency Medicine, and Health Care Providers",https://www.pa.gov/agencies/dhs/newsroom/supporting-rural-health-care,NOTICE_OF_INTENT_TO_AWARD,MODEL_ASSISTED,AI-assisted - CONFIRM,,,,,,MEDIUM,,NON_HOSPITAL,No,"Curated override: opioid treatment program; 'Township' must not read as a local government. §10.2 NON_HOSPITAL: the named recipient is not a hospital (§0.3a -- judged on the recipient, not the activity), and the source does not state that hospitals receive or use the funded activity. Source: PA DHS announced 66 authorized projects on 2026-07-23; the names and amounts are from the DHS Rural Health Selected Projects page it links to. Distribution is pending approval of selected projects, so this is an intent to award.",data/evidence/PA/2026-07-23_dhs_supporting_rural_health_care.html,https://www.pa.gov/agencies/dhs/programs-services/healthcare/rural-health/rural-health-selected-projects,PER_RECIPIENT,EXACT_AS_PUBLISHED,PENDING_APPROVAL,OVERRIDE,Tech & Infrastructure,Southwest,Tech & Infrastructure,"Center for Behavioral Health-, LLC DBA Cranberry Township CTC will receive funding (1) to purchase and implement a passenger transportation van that will expand access to medication-assisted treatment (MAT), counseling, and behavioral health services for individuals living in rural and underserved Pennsylvania communities, and (2) for facility enhancement funding to support critical security infrastructure improvements focused on patient safety, staff protection, operational oversight, regulatory compliance, and long-term operational sustainability. The proposed project includes installation of additional surveillance cameras within the dispensary area, expanded exterior camera coverage upgrades, and installation of surveillance coverage within administrative areas that were not included in the facility’s prior security system upgrade."
PA,55,"Center for Behavioral Health-HA, LLC dba Farrell Comprehensive Treatment Center",220870,NONPROFIT_CBO,No,Tech & Infrastructure | Northwest region,Yes,Yes,FY2026 (Year 1),"Supporting Rural Health Care: Shapiro Administration Announces $42 Million to Support Technology and Infrastructure Improvements, Upgrades for Rural Hospitals, Emergency Medicine, and Health Care Providers",https://www.pa.gov/agencies/dhs/newsroom/supporting-rural-health-care,NOTICE_OF_INTENT_TO_AWARD,MODEL_ASSISTED,AI-assisted - CONFIRM,,,,,,MEDIUM,,NON_HOSPITAL,No,"Curated override: opioid treatment program. §10.2 NON_HOSPITAL: the named recipient is not a hospital (§0.3a -- judged on the recipient, not the activity), and the source does not state that hospitals receive or use the funded activity. Source: PA DHS announced 66 authorized projects on 2026-07-23; the names and amounts are from the DHS Rural Health Selected Projects page it links to. Distribution is pending approval of selected projects, so this is an intent to award.",data/evidence/PA/2026-07-23_dhs_supporting_rural_health_care.html,https://www.pa.gov/agencies/dhs/programs-services/healthcare/rural-health/rural-health-selected-projects,PER_RECIPIENT,EXACT_AS_PUBLISHED,PENDING_APPROVAL,OVERRIDE,Tech & Infrastructure,Northwest,Tech & Infrastructure,"Center for Behavioral Health-HA, LLC DBA Farrell CTC is receiving funding (1) to purchase and implement a passenger transportation van that will expand access to medicationassisted treatment (MAT), counseling, and behavioral health services for individuals living in rural and underserved Pennsylvania communities, and (2) for facility enhancement funding to support interior improvements focused on patient safety, accessibility, therapeutic environment enhancement, and overall quality of care. The proposed project includes replacement of aging flooring and repainting of key patient care and staff service areas, including three office spaces, one hallway, and one large group counseling room."
PA,56,"Discovery House, LLC dba New Castle Comprehensive Treatment Center",321945,NONPROFIT_CBO,No,Tech & Infrastructure | Northwest region,Yes,Yes,FY2026 (Year 1),"Supporting Rural Health Care: Shapiro Administration Announces $42 Million to Support Technology and Infrastructure Improvements, Upgrades for Rural Hospitals, Emergency Medicine, and Health Care Providers",https://www.pa.gov/agencies/dhs/newsroom/supporting-rural-health-care,NOTICE_OF_INTENT_TO_AWARD,MODEL_ASSISTED,AI-assisted - CONFIRM,,,,,,MEDIUM,,NON_HOSPITAL,No,"Curated override: opioid treatment program. §10.2 NON_HOSPITAL: the named recipient is not a hospital (§0.3a -- judged on the recipient, not the activity), and the source does not state that hospitals receive or use the funded activity. Source: PA DHS announced 66 authorized projects on 2026-07-23; the names and amounts are from the DHS Rural Health Selected Projects page it links to. Distribution is pending approval of selected projects, so this is an intent to award.",data/evidence/PA/2026-07-23_dhs_supporting_rural_health_care.html,https://www.pa.gov/agencies/dhs/programs-services/healthcare/rural-health/rural-health-selected-projects,PER_RECIPIENT,EXACT_AS_PUBLISHED,PENDING_APPROVAL,OVERRIDE,Tech & Infrastructure,Northwest,Tech & Infrastructure,"Discovery House NC, LLC DBA New Castle CTC is receiving funding (1) to purchase and implement a passenger transportation van that will expand access to medication-assisted treatment (MAT), counseling, and behavioral health services for individuals living in rural and underserved Pennsylvania communities, and (2) for facility enhancement funding to support critical infrastructure improvements focused on patient safety, environmental quality, security modernization, and long-term operational sustainability."
PA,57,"Discovery House CU, LLC dba Clearfield Comprehensive Treatment Center",47550.54,NONPROFIT_CBO,No,EMS & Transportation | North Central region,Yes,Yes,FY2026 (Year 1),"Supporting Rural Health Care: Shapiro Administration Announces $42 Million to Support Technology and Infrastructure Improvements, Upgrades for Rural Hospitals, Emergency Medicine, and Health Care Providers",https://www.pa.gov/agencies/dhs/newsroom/supporting-rural-health-care,NOTICE_OF_INTENT_TO_AWARD,MODEL_ASSISTED,AI-assisted - CONFIRM,,,,,,MEDIUM,,NON_HOSPITAL,No,"Curated override: opioid treatment program. §10.2 NON_HOSPITAL: the named recipient is not a hospital (§0.3a -- judged on the recipient, not the activity), and the source does not state that hospitals receive or use the funded activity. Source: PA DHS announced 66 authorized projects on 2026-07-23; the names and amounts are from the DHS Rural Health Selected Projects page it links to. Distribution is pending approval of selected projects, so this is an intent to award.",data/evidence/PA/2026-07-23_dhs_supporting_rural_health_care.html,https://www.pa.gov/agencies/dhs/programs-services/healthcare/rural-health/rural-health-selected-projects,PER_RECIPIENT,EXACT_AS_PUBLISHED,PENDING_APPROVAL,OVERRIDE,EMS & Transportation,North Central,EMS & Transportation,"Discovery House CU, LLC DBA Clearfield CTC is receiving funding to purchase and implement a passenger transportation van that will expand access to medication-assisted treatment (MAT), counseling, and behavioral health services for individuals living in rural and underserved Pennsylvania communities."
PA,58,"Discovery House-BC, LLC dba Duncansville Comprehensive Treatment Center",185166,NONPROFIT_CBO,No,Tech & Infrastructure | Southern Alleghenies region,Yes,Yes,FY2026 (Year 1),"Supporting Rural Health Care: Shapiro Administration Announces $42 Million to Support Technology and Infrastructure Improvements, Upgrades for Rural Hospitals, Emergency Medicine, and Health Care Providers",https://www.pa.gov/agencies/dhs/newsroom/supporting-rural-health-care,NOTICE_OF_INTENT_TO_AWARD,MODEL_ASSISTED,AI-assisted - CONFIRM,,,,,,MEDIUM,,NON_HOSPITAL,No,"Curated override: opioid treatment program. §10.2 NON_HOSPITAL: the named recipient is not a hospital (§0.3a -- judged on the recipient, not the activity), and the source does not state that hospitals receive or use the funded activity. Source: PA DHS announced 66 authorized projects on 2026-07-23; the names and amounts are from the DHS Rural Health Selected Projects page it links to. Distribution is pending approval of selected projects, so this is an intent to award.",data/evidence/PA/2026-07-23_dhs_supporting_rural_health_care.html,https://www.pa.gov/agencies/dhs/programs-services/healthcare/rural-health/rural-health-selected-projects,PER_RECIPIENT,EXACT_AS_PUBLISHED,PENDING_APPROVAL,OVERRIDE,Tech & Infrastructure,Southern Alleghenies,Tech & Infrastructure,"Discovery House BC, LLC DBA Duncansville CTC is receiving funding (1) to purchase and implement a passenger transportation van that will expand access to medication-assisted treatment (MAT), counseling, and behavioral health services for individuals living in rural and underserved Pennsylvania communities, and (2) for facility enhancement funding to support interior improvements focused on patient safety, accessibility, therapeutic environment enhancement, and overall quality of care. The proposed project includes replacement of aging flooring and repainting of key patient care and staff service areas, including three office spaces, one hallway, and one large group counseling room."
PA,59,Gaughn's Drug Store Inc,509895,VENDOR_OR_CONTRACTOR,No,Tech & Infrastructure | Northwest region,Yes,Yes,FY2026 (Year 1),"Supporting Rural Health Care: Shapiro Administration Announces $42 Million to Support Technology and Infrastructure Improvements, Upgrades for Rural Hospitals, Emergency Medicine, and Health Care Providers",https://www.pa.gov/agencies/dhs/newsroom/supporting-rural-health-care,NOTICE_OF_INTENT_TO_AWARD,MODEL_ASSISTED,AI-assisted - CONFIRM,,,,,,MEDIUM,,NON_HOSPITAL,No,"Curated override: retail pharmacy supplying, not receiving, hospital care. §10.2 NON_HOSPITAL: the named recipient is not a hospital (§0.3a -- judged on the recipient, not the activity), and the source does not state that hospitals receive or use the funded activity. Source: PA DHS announced 66 authorized projects on 2026-07-23; the names and amounts are from the DHS Rural Health Selected Projects page it links to. Distribution is pending approval of selected projects, so this is an intent to award.",data/evidence/PA/2026-07-23_dhs_supporting_rural_health_care.html,https://www.pa.gov/agencies/dhs/programs-services/healthcare/rural-health/rural-health-selected-projects,PER_RECIPIENT,EXACT_AS_PUBLISHED,PENDING_APPROVAL,OVERRIDE,Tech & Infrastructure,Northwest,Tech & Infrastructure,"Gaughn's Drug Store will use the funding to renovate the existing physical space to allow for greater capacity to conduct in-person clinical visits in the pharmacy, to leverage expanded technology to implement telehealth for pharmacy services (initially) and for expanded primary care services or even specialty services in the future via partnerships with local or national partners, and to use technology and upgraded infrastructure to improve and expand operational capacity for traditional prescription dispensing and adherence packaging."
PA,60,Human Services Center,588451,NONPROFIT_CBO,No,Behavioral Health | Northwest region,Yes,Yes,FY2026 (Year 1),"Supporting Rural Health Care: Shapiro Administration Announces $42 Million to Support Technology and Infrastructure Improvements, Upgrades for Rural Hospitals, Emergency Medicine, and Health Care Providers",https://www.pa.gov/agencies/dhs/newsroom/supporting-rural-health-care,NOTICE_OF_INTENT_TO_AWARD,MODEL_ASSISTED,AI-assisted - CONFIRM,,,,,,MEDIUM,,NON_HOSPITAL,No,"Curated override: community behavioral health provider. §10.2 NON_HOSPITAL: the named recipient is not a hospital (§0.3a -- judged on the recipient, not the activity), and the source does not state that hospitals receive or use the funded activity. Source: PA DHS announced 66 authorized projects on 2026-07-23; the names and amounts are from the DHS Rural Health Selected Projects page it links to. Distribution is pending approval of selected projects, so this is an intent to award.",data/evidence/PA/2026-07-23_dhs_supporting_rural_health_care.html,https://www.pa.gov/agencies/dhs/programs-services/healthcare/rural-health/rural-health-selected-projects,PER_RECIPIENT,EXACT_AS_PUBLISHED,PENDING_APPROVAL,OVERRIDE,Behavioral Health,Northwest,Behavioral Health,"Funding will be used to complete essential facility upgrades, including installation of a backup generator, renovations and equipment necessary for Transcranial Magnetic Stimulation, replacement of flooring, and deployment of new computers."
PA,61,Wyoming County Healthcare Center II dba Wyoming County Healthcare Center,879750,NONPROFIT_CBO,No,Tech & Infrastructure | Northern Tier region,Yes,Yes,FY2026 (Year 1),"Supporting Rural Health Care: Shapiro Administration Announces $42 Million to Support Technology and Infrastructure Improvements, Upgrades for Rural Hospitals, Emergency Medicine, and Health Care Providers",https://www.pa.gov/agencies/dhs/newsroom/supporting-rural-health-care,NOTICE_OF_INTENT_TO_AWARD,MODEL_ASSISTED,AI-assisted - CONFIRM,,,,,,MEDIUM,,NON_HOSPITAL,No,"Curated override: county-affiliated skilled nursing facility, not a hospital. §10.2 NON_HOSPITAL: the named recipient is not a hospital (§0.3a -- judged on the recipient, not the activity), and the source does not state that hospitals receive or use the funded activity. Source: PA DHS announced 66 authorized projects on 2026-07-23; the names and amounts are from the DHS Rural Health Selected Projects page it links to. Distribution is pending approval of selected projects, so this is an intent to award.",data/evidence/PA/2026-07-23_dhs_supporting_rural_health_care.html,https://www.pa.gov/agencies/dhs/programs-services/healthcare/rural-health/rural-health-selected-projects,PER_RECIPIENT,EXACT_AS_PUBLISHED,PENDING_APPROVAL,OVERRIDE,Tech & Infrastructure,Northern Tier,Tech & Infrastructure,"Funding will support critical electrical infrastructure upgrades that are essential to the continued operation of healthcare services in a rural county without a hospital. WCHC is an electric-dependent facility housing 14 healthcare-related organizations that collectively supported approximately 46,000 patient visits in 2025. The project will replace major electrical distribution infrastructure serving the facility, including the main electrical switchboard “MDS,” distribution switchboards and motor control centers, and selected panelboards and transformers. These systems support the continued operation of healthcare providers, diagnostic services, emergency response functions, telecommunications and data systems, life-safety systems, elevators, environmental controls, and other building systems required to maintain safe and reliable access to care."
PA,62,Cameron County Ambulance Service,88068.72,EMS_OR_PSAP,No,EMS & Transportation | North Central region,Yes,Yes,FY2026 (Year 1),"Supporting Rural Health Care: Shapiro Administration Announces $42 Million to Support Technology and Infrastructure Improvements, Upgrades for Rural Hospitals, Emergency Medicine, and Health Care Providers",https://www.pa.gov/agencies/dhs/newsroom/supporting-rural-health-care,NOTICE_OF_INTENT_TO_AWARD,MODEL_ASSISTED,AI-assisted - CONFIRM,,,,,,HIGH,,NON_HOSPITAL,No,"Curated override: county ambulance service; the EMS rule must beat the local-government rule. §10.2 NON_HOSPITAL: the named recipient is not a hospital (§0.3a -- judged on the recipient, not the activity), and the source does not state that hospitals receive or use the funded activity. Source: PA DHS announced 66 authorized projects on 2026-07-23; the names and amounts are from the DHS Rural Health Selected Projects page it links to. Distribution is pending approval of selected projects, so this is an intent to award.",data/evidence/PA/2026-07-23_dhs_supporting_rural_health_care.html,https://www.pa.gov/agencies/dhs/programs-services/healthcare/rural-health/rural-health-selected-projects,PER_RECIPIENT,EXACT_AS_PUBLISHED,PENDING_APPROVAL,OVERRIDE,EMS & Transportation,North Central,EMS & Transportation,"Program funds will be used to support critical facility improvements at the Cameron County Ambulance Service (CCAS) aimed at expanding and modernizing our existing conference and training space. The purpose of this project is to convert and expand the current training room into a more functional, flexible, and professional-grade educational environment capable of supporting EMT and Advanced EMT (AEMT) instruction, hands-on skills development, and ongoing continuing education requirements."
PA,63,Board of Directors of the Rouse Estate dba Warren County Rouse Home,370886,NONPROFIT_CBO,No,Tech & Infrastructure | Northwest region,Yes,Yes,FY2026 (Year 1),"Supporting Rural Health Care: Shapiro Administration Announces $42 Million to Support Technology and Infrastructure Improvements, Upgrades for Rural Hospitals, Emergency Medicine, and Health Care Providers",https://www.pa.gov/agencies/dhs/newsroom/supporting-rural-health-care,NOTICE_OF_INTENT_TO_AWARD,MODEL_ASSISTED,AI-assisted - CONFIRM,,,,,,MEDIUM,,NON_HOSPITAL,No,"Curated override: skilled nursing facility; 'County' must not read as a local government. §10.2 NON_HOSPITAL: the named recipient is not a hospital (§0.3a -- judged on the recipient, not the activity), and the source does not state that hospitals receive or use the funded activity. Source: PA DHS announced 66 authorized projects on 2026-07-23; the names and amounts are from the DHS Rural Health Selected Projects page it links to. Distribution is pending approval of selected projects, so this is an intent to award.",data/evidence/PA/2026-07-23_dhs_supporting_rural_health_care.html,https://www.pa.gov/agencies/dhs/programs-services/healthcare/rural-health/rural-health-selected-projects,PER_RECIPIENT,EXACT_AS_PUBLISHED,PENDING_APPROVAL,OVERRIDE,Tech & Infrastructure,Northwest,Tech & Infrastructure,"The Rouse Home will use funding to purchase 120 specialized low-profile beds designed to improve resident safety, clinical outcomes, and dignity for skilled nursing residents. These beds are equipped with advanced technology that allows the bed frame to lower completely to floor level, significantly reducing the risk of falls and injuries associated with bed-related incidents. Research and manufacturer data demonstrate these beds can reduce falls by approximately 55% and reduce bed fall injuries by up to 100%."
PA,64,CMSU Behavioral Health and Developmental Services,166443,LOCAL_GOVT_OR_PUBLIC_HEALTH,No,Tech & Infrastructure | Central region,Yes,Yes,FY2026 (Year 1),"Supporting Rural Health Care: Shapiro Administration Announces $42 Million to Support Technology and Infrastructure Improvements, Upgrades for Rural Hospitals, Emergency Medicine, and Health Care Providers",https://www.pa.gov/agencies/dhs/newsroom/supporting-rural-health-care,NOTICE_OF_INTENT_TO_AWARD,MODEL_ASSISTED,AI-assisted - CONFIRM,,,,,,MEDIUM,,NON_HOSPITAL,No,"Curated override: Columbia-Montour-Snyder-Union joint-county behavioral health authority. §10.2 NON_HOSPITAL: the named recipient is not a hospital (§0.3a -- judged on the recipient, not the activity), and the source does not state that hospitals receive or use the funded activity. Source: PA DHS announced 66 authorized projects on 2026-07-23; the names and amounts are from the DHS Rural Health Selected Projects page it links to. Distribution is pending approval of selected projects, so this is an intent to award.",data/evidence/PA/2026-07-23_dhs_supporting_rural_health_care.html,https://www.pa.gov/agencies/dhs/programs-services/healthcare/rural-health/rural-health-selected-projects,PER_RECIPIENT,EXACT_AS_PUBLISHED,PENDING_APPROVAL,OVERRIDE,Tech & Infrastructure,Central,Tech & Infrastructure,"CMSU will use the funds to replace aging Information Technology equipment that is at or nearing its end of life. These devices are used by CMSU staff who are in the field, meeting residents in their home eliminating the transportation barriers that many residents experience. These mobile devices afford CMSU staff connection to clients and allow clients to connect with other needed services. As these devices age, the ability to operate effectively and securely is compromised, creating undue stress on an already vulnerable workforce. These devices also allow staff to remain virtually connected to their home office, supervisor support, and training. CMSU will also purchase a passenger van to replace an aging model that has accrued high mileage. The current van is less reliable, decreasing quality and continuity of care."
PA,65,"Birth Care and Family Health Services, Harvest Drive Location",467410,NONPROFIT_CBO,No,Maternal Health | South Central region,Yes,Yes,FY2026 (Year 1),"Supporting Rural Health Care: Shapiro Administration Announces $42 Million to Support Technology and Infrastructure Improvements, Upgrades for Rural Hospitals, Emergency Medicine, and Health Care Providers",https://www.pa.gov/agencies/dhs/newsroom/supporting-rural-health-care,NOTICE_OF_INTENT_TO_AWARD,MODEL_ASSISTED,AI-assisted - CONFIRM,,,,,,MEDIUM,,NON_HOSPITAL,No,"Curated override: freestanding birth center. §10.2 NON_HOSPITAL: the named recipient is not a hospital (§0.3a -- judged on the recipient, not the activity), and the source does not state that hospitals receive or use the funded activity. Source: PA DHS announced 66 authorized projects on 2026-07-23; the names and amounts are from the DHS Rural Health Selected Projects page it links to. Distribution is pending approval of selected projects, so this is an intent to award.",data/evidence/PA/2026-07-23_dhs_supporting_rural_health_care.html,https://www.pa.gov/agencies/dhs/programs-services/healthcare/rural-health/rural-health-selected-projects,PER_RECIPIENT,EXACT_AS_PUBLISHED,PENDING_APPROVAL,OVERRIDE,Maternal Health,South Central,Maternal Health,"A predominantly Plain-community maternity population around Birth Care’s Gordonville (Harvest Drive) location travels by horse and buggy to reach care, and without on-site diagnostic, monitoring, and infusion capacity the rural site closest to these families cannot deliver locally the prenatal and postpartum care they depend on, so time-sensitive complications go unwatched and avoidable trips multiply. This one-time payment stabilizes that care: it reinstates and expands the services that can be delivered locally and establishes new on-site capabilities (point-of-care imaging and diagnostics, home blood-pressure and glucose devices, and IV infusion), so high-need rural mothers get earlier detection and fewer forced trips."
PA,66,Mainstream Counseling,452800,NONPROFIT_CBO,No,Tech & Infrastructure | Southern Alleghenies region,Yes,Yes,FY2026 (Year 1),"Supporting Rural Health Care: Shapiro Administration Announces $42 Million to Support Technology and Infrastructure Improvements, Upgrades for Rural Hospitals, Emergency Medicine, and Health Care Providers",https://www.pa.gov/agencies/dhs/newsroom/supporting-rural-health-care,NOTICE_OF_INTENT_TO_AWARD,MODEL_ASSISTED,AI-assisted - CONFIRM,,,,,,MEDIUM,,NON_HOSPITAL,No,"Curated override: community behavioral health provider. §10.2 NON_HOSPITAL: the named recipient is not a hospital (§0.3a -- judged on the recipient, not the activity), and the source does not state that hospitals receive or use the funded activity. Source: PA DHS announced 66 authorized projects on 2026-07-23; the names and amounts are from the DHS Rural Health Selected Projects page it links to. Distribution is pending approval of selected projects, so this is an intent to award.",data/evidence/PA/2026-07-23_dhs_supporting_rural_health_care.html,https://www.pa.gov/agencies/dhs/programs-services/healthcare/rural-health/rural-health-selected-projects,PER_RECIPIENT,EXACT_AS_PUBLISHED,PENDING_APPROVAL,OVERRIDE,Tech & Infrastructure,Southern Alleghenies,Tech & Infrastructure,"The project addresses substantial physical barriers that currently limit equitable access to behavioral health services at 905 Washington Street. Although portions of the building were renovated to support psychiatric and MAT treatment services, the facility currently lacks a fully ADA-compliant accessible route from designated parking areas into the treatment environment. Individuals with mobility limitations, chronic medical conditions, or physical disabilities face unnecessary barriers to independently accessing behavioral health treatment services. Program funding will support construction of an ADA-accessible route from designated handicapped parking spaces to the treatment facility through installation of a compliant exterior ramp system leading to an elevated deck area and direct building entry. The project also addresses a significant interior life-safety and patient access issue affecting second-floor clinical space currently utilized for behavioral health treatment. The existing interior stair system limits safe and efficient access to second-floor treatment areas due to inadequate pitch and spatial limitations. This creates challenges for patients, staff, and individuals with mobility concerns seeking behavioral health services upstairs. The project also addresses infrastructure conditions that threaten the long-term viability of behavioral health treatment space at the 905 Washington Street facility. Roof deterioration and water intrusion have affected portions of the building, including areas supporting existing behavioral health services. Without intervention, continued deterioration risks progressive damage to treatment space, increased maintenance costs, and potential reduction in usable licensed service capacity."
