state,file,row_index,awardee,amount,rural_class,designation,counts_as_rural,ccn,basis_type
FL,fl_year1_awardees.csv,3,Mayo Clinic Jacksonville,3655556.55,STATE_SOURCE_NOT_RURAL,FL owner workbook: URBAN hospital serving rural areas,FALSE,,
FL,fl_year1_awardees.csv,4,Medlink Management Services (Lake Butler Hospital),5670158.72,NOT_RECORDED,,FALSE,,
FL,fl_year1_awardees.csv,5,St. Vincent's Medical Center (Riverside),4393360.65,STATE_SOURCE_NOT_RURAL,FL owner workbook: URBAN hospital serving rural areas,FALSE,,
FL,fl_year1_awardees.csv,7,Medlink Management Services (Lake Butler Hospital),1319326.2,NOT_RECORDED,,FALSE,,
FL,fl_year1_awardees.csv,26,North Brevard County Hospital District (Parrish Medical Center),4416943.86,NOT_RECORDED,,FALSE,,
FL,fl_year1_awardees.csv,36,Lee Health Systems,1950000,NOT_RECORDED,,FALSE,,
FL,fl_year1_awardees.csv,38,North Brevard County Hospital District (Parrish Medical Center),793064,NOT_RECORDED,,FALSE,,
FL,fl_year1_awardees.csv,47,Northwest Florida Healthcare (Northwest Florida Community Hospital),4081324.85,NOT_RECORDED,,FALSE,,
FL,fl_year1_awardees.csv,53,Madison County Hospital Health System,4413823.45,NOT_RECORDED,,FALSE,,
FL,fl_year1_awardees.csv,54,Calhoun-Liberty Hospital,11244802.13,NOT_RECORDED,,FALSE,,
FL,fl_year1_awardees.csv,56,North Walton Doctors,4130671.13,NOT_RECORDED,,FALSE,,
FL,fl_year1_awardees.csv,61,North Walton Doctors Hospital,450787.95,NOT_RECORDED,,FALSE,,
FL,fl_year1_awardees.csv,62,Holmes County Hospital Corporation (Doctors Memorial Hospital),225393.97,NOT_RECORDED,,FALSE,,
FL,fl_year1_awardees.csv,65,Holmes County Hospital Corporation (Doctors Memorial Hospital),1950000,NOT_RECORDED,,FALSE,,
FL,fl_year1_awardees.csv,66,Calhoun Liberty Hospital Association,650000,NOT_RECORDED,,FALSE,,
GA,ga_great_health_awards.csv,11,Appling Healthcare,,NOT_RECORDED,,FALSE,,
GA,ga_great_health_awards.csv,12,Clinch County Hospital Authority,,NOT_RECORDED,,FALSE,,
GA,ga_great_health_awards.csv,13,Colquitt Regional Medical Center,,NOT_RECORDED,,FALSE,,
GA,ga_great_health_awards.csv,14,Crisp Regional Hospital,,NOT_RECORDED,,FALSE,,
GA,ga_great_health_awards.csv,15,Dodge County Hospital,,NOT_RECORDED,,FALSE,,
GA,ga_great_health_awards.csv,16,"Donalsonville Hospital, Inc.",,NOT_RECORDED,,FALSE,,
GA,ga_great_health_awards.csv,17,"Effingham Hospital, Inc.",,NOT_RECORDED,,FALSE,,
GA,ga_great_health_awards.csv,18,Elbert Memorial Hospital,,NOT_RECORDED,,FALSE,,
GA,ga_great_health_awards.csv,19,Hospital Authority of Jefferson County and the City of Louisville,,NOT_RECORDED,,FALSE,,
GA,ga_great_health_awards.csv,20,"Jasper Health Services, Inc.",,NOT_RECORDED,,FALSE,,
GA,ga_great_health_awards.csv,21,Liberty Regional Medical Center,,NOT_RECORDED,,FALSE,,
GA,ga_great_health_awards.csv,22,Memorial Hospital and Manor,,NOT_RECORDED,,FALSE,,
GA,ga_great_health_awards.csv,23,Miller County Hospital,,NOT_RECORDED,,FALSE,,
GA,ga_great_health_awards.csv,24,Monroe County Hospital,,NOT_RECORDED,,FALSE,,
GA,ga_great_health_awards.csv,25,Putnam General Hospital,,NOT_RECORDED,,FALSE,,
GA,ga_great_health_awards.csv,26,"South Georgia Medical Center, Inc.",,NOT_RECORDED,,FALSE,,
GA,ga_great_health_awards.csv,27,Wills Memorial Hospital,,NOT_RECORDED,,FALSE,,
GA,ga_great_health_awards.csv,34,Adventhealth Gordon,750000,STATE_SOURCE_RURAL,GA roster: RRC,TRUE,,
GA,ga_great_health_awards.csv,35,Adventhealth Murray,750000,STATE_SOURCE_RURAL,GA roster: Rural,TRUE,,
GA,ga_great_health_awards.csv,36,Appling Healthcare,750000,STATE_SOURCE_RURAL,GA roster: Rural,TRUE,,
GA,ga_great_health_awards.csv,37,Archbold Brooks,750000,STATE_SOURCE_RURAL,GA roster: CAH,TRUE,,
GA,ga_great_health_awards.csv,38,Archbold Grady,750000,STATE_SOURCE_RURAL,GA roster: Rural,TRUE,,
GA,ga_great_health_awards.csv,39,Archbold Memorial,750000,STATE_SOURCE_RURAL,GA roster: Rural,TRUE,,
GA,ga_great_health_awards.csv,40,Archbold Mitchell,750000,STATE_SOURCE_RURAL,GA roster: CAH,TRUE,,
GA,ga_great_health_awards.csv,41,Atrium Health Floyd,750000,STATE_SOURCE_RURAL,GA roster: RRC,TRUE,,
GA,ga_great_health_awards.csv,42,Atrium Health Navicent,750000,STATE_SOURCE_RURAL,GA roster: RRC,TRUE,,
GA,ga_great_health_awards.csv,43,Atrium Health Navicent Baldwin,750000,STATE_SOURCE_RURAL,GA roster: Rural,TRUE,,
GA,ga_great_health_awards.csv,44,Atrium Health Navicent Peach,750000,STATE_SOURCE_RURAL,GA roster: CAH,TRUE,,
GA,ga_great_health_awards.csv,45,Atrium/Advocate Health Floyd Polk Medical Center,750000,STATE_SOURCE_RURAL,GA roster: CAH,TRUE,,
GA,ga_great_health_awards.csv,46,Bacon County Hospital,750000,STATE_SOURCE_RURAL,GA roster: CAH,TRUE,,
GA,ga_great_health_awards.csv,47,Bleckley Memorial Hospital,750000,STATE_SOURCE_RURAL,GA roster: CAH,TRUE,,
GA,ga_great_health_awards.csv,48,Blue Ridge Medical Center,750000,STATE_SOURCE_RURAL,GA roster: CAH,TRUE,,
GA,ga_great_health_awards.csv,49,Burke Health,750000,STATE_SOURCE_RURAL,GA roster: Rural,TRUE,,
GA,ga_great_health_awards.csv,50,Candler County Hospital,750000,STATE_SOURCE_RURAL,GA roster: CAH,TRUE,,
GA,ga_great_health_awards.csv,51,Candler Hospital,750000,STATE_SOURCE_RURAL,GA roster: RRC,TRUE,,
GA,ga_great_health_awards.csv,52,Chatuge Regional Hospital,750000,STATE_SOURCE_RURAL,GA roster: CAH,TRUE,,
GA,ga_great_health_awards.csv,53,Clinch Memorial Hospital,750000,STATE_SOURCE_RURAL,GA roster: CAH,TRUE,,
GA,ga_great_health_awards.csv,54,"Coffee Regional Medical Center, Inc",750000,STATE_SOURCE_RURAL,GA roster: Rural,TRUE,,
GA,ga_great_health_awards.csv,55,Colquitt Regional Medical Center,750000,STATE_SOURCE_RURAL,GA roster: Rural,TRUE,,
GA,ga_great_health_awards.csv,56,Crisp Regional Hospital,750000,STATE_SOURCE_RURAL,GA roster: Rural,TRUE,,
GA,ga_great_health_awards.csv,57,Dodge County Hospital,750000,STATE_SOURCE_RURAL,GA roster: Rural,TRUE,,
GA,ga_great_health_awards.csv,58,Donalsonville Hospital Inc,750000,STATE_SOURCE_RURAL,GA roster: Rural,TRUE,,
GA,ga_great_health_awards.csv,59,Dorminy Medical Center,750000,STATE_SOURCE_RURAL,GA roster: Rural,TRUE,,
GA,ga_great_health_awards.csv,60,Early Medical Center,750000,STATE_SOURCE_RURAL,GA roster: CAH,TRUE,,
GA,ga_great_health_awards.csv,61,Effingham Health System,750000,STATE_SOURCE_RURAL,GA roster: CAH,TRUE,,
GA,ga_great_health_awards.csv,62,Elbert Memorial Hospital,750000,STATE_SOURCE_RURAL,GA roster: CAH,TRUE,,
GA,ga_great_health_awards.csv,63,Emanuel Medical Center,750000,STATE_SOURCE_RURAL,GA roster: Rural,TRUE,,
GA,ga_great_health_awards.csv,64,Evans Memorial Hospital,750000,STATE_SOURCE_RURAL,GA roster: Rural,TRUE,,
GA,ga_great_health_awards.csv,65,Flint River Community Hospital,750000,STATE_SOURCE_RURAL,GA roster: Rural,TRUE,,
GA,ga_great_health_awards.csv,66,Hamilton Medical Center,750000,STATE_SOURCE_RURAL,GA roster: RRC,TRUE,,
GA,ga_great_health_awards.csv,67,Higgins General Hospital,750000,STATE_SOURCE_RURAL,GA roster: CAH,TRUE,,
GA,ga_great_health_awards.csv,68,Jasper Memorial Hospital,750000,STATE_SOURCE_RURAL,GA roster: CAH,TRUE,,
GA,ga_great_health_awards.csv,69,Jeff Davis Hospital,750000,STATE_SOURCE_RURAL,GA roster: CAH,TRUE,,
GA,ga_great_health_awards.csv,70,Jefferson Hospital,750000,STATE_SOURCE_RURAL,GA roster: Rural,TRUE,,
GA,ga_great_health_awards.csv,71,Jenkins County Medical Center,750000,STATE_SOURCE_RURAL,GA roster: CAH,TRUE,,
GA,ga_great_health_awards.csv,72,Liberty Regional Medical Center,750000,STATE_SOURCE_RURAL,GA roster: CAH,TRUE,,
GA,ga_great_health_awards.csv,73,Memorial Hospital And Manor,750000,STATE_SOURCE_RURAL,GA roster: Rural,TRUE,,
GA,ga_great_health_awards.csv,74,Miller County Hospital,750000,STATE_SOURCE_RURAL,GA roster: CAH,TRUE,,
GA,ga_great_health_awards.csv,75,Monroe County Hospital,750000,STATE_SOURCE_RURAL,GA roster: CAH,TRUE,,
GA,ga_great_health_awards.csv,76,Morgan Medical Center,750000,STATE_SOURCE_RURAL,GA roster: CAH,TRUE,,
GA,ga_great_health_awards.csv,77,Mountain Lakes Medical Center,750000,STATE_SOURCE_RURAL,GA roster: CAH,TRUE,,
GA,ga_great_health_awards.csv,78,Northeast Georgia Medical Center Habersham,750000,STATE_SOURCE_RURAL,GA roster: Rural,TRUE,,
GA,ga_great_health_awards.csv,79,Northeast Georgia Medical Center Lumpkin,750000,STATE_SOURCE_RURAL,GA roster: Rural,TRUE,,
GA,ga_great_health_awards.csv,80,"Northeast Georgia Medical Center, Inc",750000,STATE_SOURCE_RURAL,GA roster: RRC,TRUE,,
GA,ga_great_health_awards.csv,81,Phoebe Putney Memorial Hospital,750000,STATE_SOURCE_RURAL,GA roster: RRC,TRUE,,
GA,ga_great_health_awards.csv,82,Phoebe Sumter Medical Center,750000,STATE_SOURCE_RURAL,GA roster: Rural,TRUE,,
GA,ga_great_health_awards.csv,83,Phoebe Worth Medical Center,750000,STATE_SOURCE_RURAL,GA roster: CAH,TRUE,,
GA,ga_great_health_awards.csv,84,Piedmont Mcduffie Hospital,750000,STATE_SOURCE_RURAL,GA roster: Rural,TRUE,,
GA,ga_great_health_awards.csv,85,Piedmont Mountainside Hospital Inc,750000,STATE_SOURCE_RURAL,GA roster: Rural,TRUE,,
GA,ga_great_health_awards.csv,86,Piedmont Walton,750000,STATE_SOURCE_RURAL,GA roster: In 126 Rural/Partial Rural Counties,TRUE,,
GA,ga_great_health_awards.csv,87,Putnam General Hospital,750000,STATE_SOURCE_RURAL,GA roster: CAH,TRUE,,
GA,ga_great_health_awards.csv,88,"Redmond Park Hospital, LLC d/b/a Adventhealth Redmond",750000,STATE_SOURCE_RURAL,GA roster: RRC,TRUE,,
GA,ga_great_health_awards.csv,89,Screven County Hospital d/b/a Optim Medical Center - Screven,750000,STATE_SOURCE_RURAL,GA roster: CAH,TRUE,,
GA,ga_great_health_awards.csv,90,SGMC Health Berrien,750000,STATE_SOURCE_RURAL,GA roster: Rural,TRUE,,
GA,ga_great_health_awards.csv,91,SGMC Health Lanier,750000,STATE_SOURCE_RURAL,GA roster: CAH,TRUE,,
GA,ga_great_health_awards.csv,92,"South Georgia Medical Center, Inc. d/b/a SGMC Health",750000,STATE_SOURCE_RURAL,GA roster: RRC,TRUE,,
GA,ga_great_health_awards.csv,93,Southeast Georgia Health System- Brunswick Campus,750000,STATE_SOURCE_RURAL,GA roster: RRC,TRUE,,
GA,ga_great_health_awards.csv,94,Southeast Georgia Health System- Camden Campus,750000,STATE_SOURCE_RURAL,GA roster: Rural,TRUE,,
GA,ga_great_health_awards.csv,95,St Joseph's Hospital - Savannah,750000,STATE_SOURCE_RURAL,GA roster: RRC,TRUE,,
GA,ga_great_health_awards.csv,96,St Mary's Good Samaritan Hospital,750000,STATE_SOURCE_RURAL,GA roster: CAH,TRUE,,
GA,ga_great_health_awards.csv,97,St Mary's Hospital,750000,STATE_SOURCE_RURAL,GA roster: RRC,TRUE,,
GA,ga_great_health_awards.csv,98,"St Mary's Sacred Heart Hospital, Inc",750000,STATE_SOURCE_RURAL,GA roster: Rural,TRUE,,
GA,ga_great_health_awards.csv,99,Stephens County Hospital,750000,STATE_SOURCE_RURAL,GA roster: Rural,TRUE,,
GA,ga_great_health_awards.csv,100,Tanner Medical Center Carrollton,750000,STATE_SOURCE_RURAL,GA roster: In 126 Rural/Partial Rural Counties,TRUE,,
GA,ga_great_health_awards.csv,101,Tanner Medical Center Villa Rica,750000,STATE_SOURCE_RURAL,GA roster: In 126 Rural/Partial Rural Counties,TRUE,,
GA,ga_great_health_awards.csv,102,Taylor Regional Hospital,750000,STATE_SOURCE_RURAL,GA roster: Rural,TRUE,,
GA,ga_great_health_awards.csv,103,Tift Regional Medical Center,750000,STATE_SOURCE_RURAL,GA roster: Rural,TRUE,,
GA,ga_great_health_awards.csv,104,Union General Hospital,750000,STATE_SOURCE_RURAL,GA roster: Rural,TRUE,,
GA,ga_great_health_awards.csv,105,Upson Regional Medical Center,750000,STATE_SOURCE_RURAL,GA roster: Rural,TRUE,,
GA,ga_great_health_awards.csv,106,Warm Springs Medical Center,750000,STATE_SOURCE_RURAL,GA roster: CAH,TRUE,,
GA,ga_great_health_awards.csv,107,Washington County Regional Medical Center,750000,STATE_SOURCE_RURAL,GA roster: Rural,TRUE,,
GA,ga_great_health_awards.csv,108,Wayne Memorial Hospital,750000,STATE_SOURCE_RURAL,GA roster: Rural,TRUE,,
GA,ga_great_health_awards.csv,109,Wellstar MCG Health Medical Center,750000,STATE_SOURCE_RURAL,GA roster: RRC,TRUE,,
GA,ga_great_health_awards.csv,110,Wellstar Spalding Regional Hospital,750000,STATE_SOURCE_RURAL,GA roster: In 126 Rural/Partial Rural Counties,TRUE,,
GA,ga_great_health_awards.csv,111,Wellstar Sylvan Grove Medical Center,750000,STATE_SOURCE_RURAL,GA roster: CAH,TRUE,,
GA,ga_great_health_awards.csv,112,Wellstar West Georgia Medical Center,750000,STATE_SOURCE_RURAL,GA roster: RRC,TRUE,,
GA,ga_great_health_awards.csv,113,Wills Memorial Hospital,750000,STATE_SOURCE_RURAL,GA roster: CAH,TRUE,,
GA,ga_great_health_awards.csv,115,Irwin Hospital,,STATE_SOURCE_RURAL,GA roster: Rural,TRUE,,
GA,ga_great_health_awards.csv,116,"Southwell Medical, Adel",,STATE_SOURCE_RURAL,GA roster: Rural,TRUE,,
GA,ga_great_health_awards.csv,117,Piedmont Athens Regional,,STATE_SOURCE_RURAL,GA roster: RRC,TRUE,,
GA,ga_great_health_awards.csv,118,Piedmont Augusta,,STATE_SOURCE_RURAL,GA roster: RRC,TRUE,,
GA,ga_great_health_awards.csv,119,Piedmont Cartersville Medical Center,,STATE_SOURCE_RURAL,GA roster: In 126 Rural/Partial Rural Counties,TRUE,,
GA,ga_great_health_awards.csv,120,Piedmont Columbus Regional,,STATE_SOURCE_RURAL,GA roster: RRC,TRUE,,
GA,ga_great_health_awards.csv,121,Piedmont Macon Medical Center,,STATE_SOURCE_RURAL,GA roster: RRC,TRUE,,
GA,ga_great_health_awards.csv,126,Emory University,,FEDERAL_RECORD_CCN,"CMS enrolment, CCN 110010: PART A PROVIDER - HOSPITAL",FALSE,110010,ORG_WEBSITE
GA,ga_great_health_awards.csv,129,Irwin County Hospital,356465,NOT_RECORDED,,FALSE,,
GA,ga_great_health_awards.csv,130,Clinch County Hospital Authority,1069395,NOT_RECORDED,,FALSE,,
GA,ga_great_health_awards.csv,131,Miller County Hospital,356465,NOT_RECORDED,,FALSE,,
GA,ga_great_health_awards.csv,132,Coffee Regional Medical Center,712930,NOT_RECORDED,,FALSE,,
GA,ga_great_health_awards.csv,133,"South Georgia Medical Center, Inc. (Berrien County)",356465,NOT_RECORDED,,FALSE,,
GA,ga_great_health_awards.csv,134,"South Georgia Medical Center, Inc. (Lanier County)",356465,NOT_RECORDED,,FALSE,,
GA,ga_great_health_awards.csv,135,Evans Memorial Hospital,712930,NOT_RECORDED,,FALSE,,
GA,ga_great_health_awards.csv,136,Miller County Hospital,356465,NOT_RECORDED,,FALSE,,
GA,ga_great_health_awards.csv,145,Morgan Medical Center,2000000,NOT_RECORDED,,FALSE,,
GA,ga_great_health_awards.csv,146,Crisp Regional Hospital,2000000,NOT_RECORDED,,FALSE,,
GA,ga_great_health_awards.csv,147,Hospital Authority of Stephens County,2000000,NOT_RECORDED,,FALSE,,
GA,ga_great_health_awards.csv,148,Piedmont Walton Hospital,2000000,NOT_RECORDED,,FALSE,,
GA,ga_great_health_awards.csv,149,Colquitt Regional Medical Center,2000000,NOT_RECORDED,,FALSE,,
GA,ga_great_health_awards.csv,150,"Piedmont Mountainside Hospital, Inc.",2000000,NOT_RECORDED,,FALSE,,
GA,ga_great_health_awards.csv,151,University McDuffie County Regional Medical Center,2000000,NOT_RECORDED,,FALSE,,
GA,ga_great_health_awards.csv,152,Archbold Memorial Hospital,2000000,NOT_RECORDED,,FALSE,,
GA,ga_great_health_awards.csv,153,"Coffee Regional Medical Center, Inc.",2000000,NOT_RECORDED,,FALSE,,
GA,ga_great_health_awards.csv,154,Atrium Health Navicent Baldwin,2000000,NOT_RECORDED,,FALSE,,
GA,ga_great_health_awards.csv,155,"Saint Joseph’s Hospital, Inc.",2000000,NOT_RECORDED,,FALSE,,
GA,ga_great_health_awards.csv,156,Memorial Hospital and Manor,2000000,NOT_RECORDED,,FALSE,,
GA,ga_great_health_awards.csv,157,Union General Hospital,2000000,NOT_RECORDED,,FALSE,,
PA,pa_year1_awardees.csv,1,Fulton County Medical Center,872891,NOT_RECORDED,,FALSE,,
PA,pa_year1_awardees.csv,2,Geisinger Bloomsburg Hospital,700000,NOT_RECORDED,,FALSE,,
PA,pa_year1_awardees.csv,3,Geisinger Jersey Shore Hospital,1000000,NOT_RECORDED,,FALSE,,
PA,pa_year1_awardees.csv,4,Geisinger Lewistown Hospital,1000000,NOT_RECORDED,,FALSE,,
PA,pa_year1_awardees.csv,5,Geisinger Medical Center,1000000,NOT_RECORDED,,FALSE,,
PA,pa_year1_awardees.csv,6,GSL Hospital dba Geisinger St. Luke's Hospital,948927,NOT_RECORDED,,FALSE,,
PA,pa_year1_awardees.csv,8,Lehigh Valley Hospital - Pocono,996328,NOT_RECORDED,,FALSE,,
PA,pa_year1_awardees.csv,9,St. Luke's Hospital - Monroe Campus,823050,NOT_RECORDED,,FALSE,,
PA,pa_year1_awardees.csv,10,Wellspan Chambersburg Hospital,940153,NOT_RECORDED,,FALSE,,
PA,pa_year1_awardees.csv,11,WellSpan Evangelical Community Hospital,1000000,NOT_RECORDED,,FALSE,,
PA,pa_year1_awardees.csv,13,Uniontown Hospital,678456,NOT_RECORDED,,FALSE,,
PA,pa_year1_awardees.csv,14,Lehigh Valley Hospital Schuylkill,997428,NOT_RECORDED,,FALSE,,
PA,pa_year1_awardees.csv,15,Armstrong County Memorial Hospital (ACMH),987284,NOT_RECORDED,,FALSE,,
PA,pa_year1_awardees.csv,16,Bucktail Medical Center,78895,NOT_RECORDED,,FALSE,,
PA,pa_year1_awardees.csv,17,"Carbon Schuylkill Community Hospital dba St. Luke's Miner's Memorial Hospital, St. Luke's Hospital-Miners Campus",909231,NOT_RECORDED,,FALSE,,
PA,pa_year1_awardees.csv,18,Clarion Hospital,751107,NOT_RECORDED,,FALSE,,
PA,pa_year1_awardees.csv,19,St. Luke's Hospital - Carbon Campus,996519,NOT_RECORDED,,FALSE,,
PA,pa_year1_awardees.csv,20,Barnes-Kasson County Hospital,1000000,NOT_RECORDED,,FALSE,,
PA,pa_year1_awardees.csv,23,Robert Packer Hospital,1000000,NOT_RECORDED,,FALSE,,
PA,pa_year1_awardees.csv,26,Wellspan Waynesboro Hospital,881989,NOT_RECORDED,,FALSE,,
PA,pa_year1_awardees.csv,27,"Windber Hospital, Inc. dba Chan Soon-Shiong Medical Center at Windber",985100,NOT_RECORDED,,FALSE,,
PA,pa_year1_awardees.csv,28,"Punxsutawney Area Hospital, Inc.",605721,NOT_RECORDED,,FALSE,,
PA,pa_year1_awardees.csv,29,Meadville Medical Center dba Meadville Medical Center Health Services (MMCHS),997900,NOT_RECORDED,,FALSE,,
PA,pa_year1_awardees.csv,30,Corry Memorial Hospital dba LECOM Health Corry Memorial Hospital,1000000,NOT_RECORDED,,FALSE,,
PA,pa_year1_awardees.csv,43,Clarion Psychiatric Center,998287,NOT_RECORDED,,FALSE,,
PA,pa_year1_awardees.csv,45,"St. Luke's Hospital of Bethlehem, Pennsylvania dba St. Luke's Hospital - Lehighton Campus, formerly Blue Mountain Hospital",1000000,NOT_RECORDED,,FALSE,,
PA,pa_year1_awardees.csv,46,DLP Conemaugh Memorial Medical Center LLC dba Conemaugh Memorial Medical Center,999845,NOT_RECORDED,,FALSE,,
AL,al_year1_awardees.csv,2,AltaPointe Health Systems Inc.,457073,FEDERAL_RECORD_CCN,"CMS enrolment, CCN 014014: PART A PROVIDER - HOSPITAL",FALSE,014014,ORG_WEBSITE
AL,al_year1_awardees.csv,6,The City of York Health Care Authority DBA Hill Hospital of Sumter County,344269,NOT_RECORDED,,FALSE,,
AL,al_year1_awardees.csv,7,Clay County Healthcare Authority,814941,NOT_RECORDED,,FALSE,,
AL,al_year1_awardees.csv,8,Gadsden Regional Medical Center LLC,1400000,NOT_RECORDED,,FALSE,,
AL,al_year1_awardees.csv,10,HH Health System – Athens Limestone LLC,886464,NOT_RECORDED,,FALSE,,
AL,al_year1_awardees.csv,11,HH Health System – Jackson LLC,1890000,NOT_RECORDED,,FALSE,,
AL,al_year1_awardees.csv,12,Infirmary Health System Inc.,3500000,NOT_RECORDED,,FALSE,,
AL,al_year1_awardees.csv,13,Ivy Creek Healthcare LLC,530600,NOT_RECORDED,,FALSE,,ORG_WEBSITE
AL,al_year1_awardees.csv,18,The Russell Hospital Corporation,839753,NOT_RECORDED,,FALSE,,
AL,al_year1_awardees.csv,20,Sylacauga Healthcare Authority,2020000,NOT_RECORDED,,FALSE,,
AL,al_year1_awardees.csv,22,UAB St. Vincent’s Blount,839753,NOT_RECORDED,,FALSE,,
AL,al_year1_awardees.csv,23,UAB St. Vincent’s Chilton LLC,839753,NOT_RECORDED,,FALSE,,
AL,al_year1_awardees.csv,24,UAB St. Vincent’s St. Clair,839753,NOT_RECORDED,,FALSE,,
AL,al_year1_awardees.csv,26,University of South Alabama,1510000,FEDERAL_RECORD_CCN,"CMS enrolment, CCN 010087: PART A PROVIDER - HOSPITAL",FALSE,010087,ORG_WEBSITE
AL,al_year1_awardees.csv,27,"The Washington County Health Care Authority, Inc.",27000,NOT_RECORDED,,FALSE,,
AL,al_year1_awardees.csv,29,Wilcox Hospital Board DBA J. Paul Jones Rural Emergency Hospital,839753,NOT_RECORDED,,FALSE,,
AL,al_year1_awardees.csv,31,Andalusia Health,625257,NOT_RECORDED,,FALSE,,
AL,al_year1_awardees.csv,32,Andalusia Health,176980,NOT_RECORDED,,FALSE,,
AL,al_year1_awardees.csv,39,City of Jackson Healthcare Authority DBA Jackson Medical Center,98300,NOT_RECORDED,,FALSE,,
AL,al_year1_awardees.csv,40,Clay County Healthcare Authority,1540000,NOT_RECORDED,,FALSE,,
AL,al_year1_awardees.csv,41,Crenshaw County Healthcare Authority,1080000,NOT_RECORDED,,FALSE,,
AL,al_year1_awardees.csv,42,Dale Medical Center,305775,NOT_RECORDED,,FALSE,,
AL,al_year1_awardees.csv,43,The DCH Health Care Authority,2000000,NOT_RECORDED,,FALSE,,
AL,al_year1_awardees.csv,44,The East Alabama Health Care Authority,6770000,NOT_RECORDED,,FALSE,,
AL,al_year1_awardees.csv,45,The East Alabama Health Care Authority,1290000,NOT_RECORDED,,FALSE,,
AL,al_year1_awardees.csv,48,Floyd Cherokee Medical Center,500000,NOT_RECORDED,,FALSE,,
AL,al_year1_awardees.csv,51,Gadsden Regional Medical Center,150000,NOT_RECORDED,,FALSE,,
AL,al_year1_awardees.csv,52,Affinity Hospital DBA Grandview Medical Center,451350,NOT_RECORDED,,FALSE,,
AL,al_year1_awardees.csv,53,Hale County Hospital,2410000,NOT_RECORDED,,FALSE,,
AL,al_year1_awardees.csv,54,Healthcare Authority of the City of Greenville – L.V. Stabler Hospital,4170000,NOT_RECORDED,,FALSE,,
AL,al_year1_awardees.csv,55,Huntsville Hospital Health System,2800000,NOT_RECORDED,,FALSE,,
AL,al_year1_awardees.csv,56,City of York Health Care Authority DBA Hill Hospital of Sumter County,1530000,NOT_RECORDED,,FALSE,,
AL,al_year1_awardees.csv,57,Infirmary Health System Inc.,386000,NOT_RECORDED,,FALSE,,
AL,al_year1_awardees.csv,58,Infirmary Health System Inc.,1120000,NOT_RECORDED,,FALSE,,
AL,al_year1_awardees.csv,59,Ivy Creek Healthcare,1660000,NOT_RECORDED,,FALSE,,ORG_WEBSITE
AL,al_year1_awardees.csv,60,Lakeland Community Hospital Inc.,490800,NOT_RECORDED,,FALSE,,
AL,al_year1_awardees.csv,61,RCHP-Florence LLC DBA North Alabama Shoals Hospital,179607,NOT_RECORDED,,FALSE,,
AL,al_year1_awardees.csv,62,RCHP-Florence LLC DBA North Alabama Shoals Hospital,123000,NOT_RECORDED,,FALSE,,
AL,al_year1_awardees.csv,65,QHG of Enterprise Inc.,2770000,NOT_RECORDED,,FALSE,,
AL,al_year1_awardees.csv,69,The Russell Hospital Corporation,1250000,NOT_RECORDED,,FALSE,,
AL,al_year1_awardees.csv,70,The Russell Hospital Corporation,439720,NOT_RECORDED,,FALSE,,
AL,al_year1_awardees.csv,71,Russellville Hospital,1290000,NOT_RECORDED,,FALSE,,
AL,al_year1_awardees.csv,73,UAB St. Vincent’s Chilton,1210000,NOT_RECORDED,,FALSE,,
AL,al_year1_awardees.csv,74,Sylacauga Healthcare Authority DBA Coosa Valley Medical Center,5680,NOT_RECORDED,,FALSE,,
AL,al_year1_awardees.csv,75,Sylacauga Healthcare Authority DBA Coosa Valley Medical Center,84278,NOT_RECORDED,,FALSE,,
AL,al_year1_awardees.csv,76,Tanner Medical Center Alabama Inc.,289921,NOT_RECORDED,,FALSE,,
AL,al_year1_awardees.csv,80,The Troy Hospital Health Care Authority,623000,NOT_RECORDED,,FALSE,,
AL,al_year1_awardees.csv,81,Wiregrass Medical Center,391000,NOT_RECORDED,,FALSE,,
AL,al_year1_awardees.csv,84,Vaughan Regional Medical Center,780332,NOT_RECORDED,,FALSE,,
AL,al_year1_awardees.csv,85,Tombigbee Healthcare Authority DBA Whitfield Regional Hospital,259011,NOT_RECORDED,,FALSE,,
AL,al_year1_awardees.csv,86,Wilcox Hospital Board DBA J. Paul Jones Rural Emergency Hospital,116880,NOT_RECORDED,,FALSE,,
AL,al_year1_awardees.csv,93,Clay County Healthcare Authority,293000,NOT_RECORDED,,FALSE,,
AL,al_year1_awardees.csv,94,Cullman Regional Medical Center Inc.,3800000,NOT_RECORDED,,FALSE,,
AL,al_year1_awardees.csv,95,The DCH Health Care Authority,3000000,NOT_RECORDED,,FALSE,,
AL,al_year1_awardees.csv,96,East Alabama Health Care Authority,1500000,NOT_RECORDED,,FALSE,,
AL,al_year1_awardees.csv,99,Gadsden Regional Medical Center LLC,550000,NOT_RECORDED,,FALSE,,
AL,al_year1_awardees.csv,100,HH Health System – Marshall LLC,935000,NOT_RECORDED,,FALSE,,
AL,al_year1_awardees.csv,101,Infirmary Health System Inc.,342147,NOT_RECORDED,,FALSE,,
AL,al_year1_awardees.csv,105,Sylacauga Healthcare Authority,600000,NOT_RECORDED,,FALSE,,
AL,al_year1_awardees.csv,106,Triad of Alabama DBA Flowers Hospital,727000,NOT_RECORDED,,FALSE,,
AL,al_year1_awardees.csv,108,The University of Alabama at Birmingham,7000000,FEDERAL_RECORD_CCN,"CMS enrolment, CCN 010033: PART A PROVIDER - HOSPITAL",FALSE,010033,ORG_WEBSITE
AL,al_year1_awardees.csv,109,The University of Alabama at Birmingham,887616,FEDERAL_RECORD_CCN,"CMS enrolment, CCN 010033: PART A PROVIDER - HOSPITAL",FALSE,010033,ORG_WEBSITE
AL,al_year1_awardees.csv,111,The University of South Alabama,1250000,FEDERAL_RECORD_CCN,"CMS enrolment, CCN 010087: PART A PROVIDER - HOSPITAL",FALSE,010087,ORG_WEBSITE
AL,al_year1_awardees.csv,112,AltaPointe Health Systems,2210000,FEDERAL_RECORD_CCN,"CMS enrolment, CCN 014014: PART A PROVIDER - HOSPITAL",FALSE,014014,ORG_WEBSITE
AL,al_year1_awardees.csv,117,City of Jackson Healthcare Authority DBA Jackson Medical Center,158215,NOT_RECORDED,,FALSE,,
AL,al_year1_awardees.csv,119,East Alabama Health Care Authority,731055,NOT_RECORDED,,FALSE,,
AL,al_year1_awardees.csv,121,City of York Health Care Authority DBA Hill Hospital of Sumter County,677120,NOT_RECORDED,,FALSE,,
AL,al_year1_awardees.csv,124,The University of Alabama at Birmingham,974084,FEDERAL_RECORD_CCN,"CMS enrolment, CCN 010033: PART A PROVIDER - HOSPITAL",FALSE,010033,ORG_WEBSITE
AL,al_year1_awardees.csv,126,AltaPointe Health Systems,935895,FEDERAL_RECORD_CCN,"CMS enrolment, CCN 014014: PART A PROVIDER - HOSPITAL",FALSE,014014,ORG_WEBSITE
AL,al_year1_awardees.csv,131,Floyd Cherokee Medical Center LLC,31152,NOT_RECORDED,,FALSE,,
AK,ak_year1_awardees.csv,1,The Greater Fairbanks Community Hospital Foundation,16009453.33,NOT_RECORDED,,FALSE,,
AK,ak_year1_awardees.csv,2,PeaceHealth Ketchikan Medical Center,6518028.8,NOT_RECORDED,,FALSE,,
AK,ak_year1_awardees.csv,5,Mat-Su Regional Medical Center,5000000,NOT_RECORDED,,FALSE,,
AK,ak_year1_awardees.csv,7,Norton Sound Health Corporation,4978914,NOT_RECORDED,,FALSE,,
AK,ak_year1_awardees.csv,9,Providence Health & Services- Washington,4559450.53,FEDERAL_RECORD_CCN,"CMS enrolment, CCN 020001: PART A PROVIDER - HOSPITAL",FALSE,020001,ORG_WEBSITE
AK,ak_year1_awardees.csv,19,Alaska Native Tribal Health Consortium,3134278,NOT_RECORDED,,FALSE,,
AK,ak_year1_awardees.csv,22,Yukon-Kuskokwim Health Corporation,2712511.49,NOT_RECORDED,,FALSE,,
AK,ak_year1_awardees.csv,24,Yukon-Kuskokwim Health Corporation,2636272.39,NOT_RECORDED,,FALSE,,
AK,ak_year1_awardees.csv,33,Arctic Slope Native Association,2000000,NOT_RECORDED,,FALSE,,
AK,ak_year1_awardees.csv,34,Arctic Slope Native Association,2000000,NOT_RECORDED,,FALSE,,
AK,ak_year1_awardees.csv,36,Central Peninsula General Hospital,1950030,NOT_RECORDED,,FALSE,,
AK,ak_year1_awardees.csv,51,Southeast Alaska Regional Health Consortium,1350027,NOT_RECORDED,,FALSE,,
AK,ak_year1_awardees.csv,53,Cordova Community Medical Center,1291355,NOT_RECORDED,,FALSE,,
AK,ak_year1_awardees.csv,58,Maniilaq Association,1172759.64,NOT_RECORDED,,FALSE,,
AK,ak_year1_awardees.csv,59,Maniilaq Association,1151900,NOT_RECORDED,,FALSE,,
AK,ak_year1_awardees.csv,62,Providence Health & Services- Washington,1086793.17,NOT_RECORDED,,FALSE,,
AK,ak_year1_awardees.csv,63,Providence Health & Services- Washington,1080000,NOT_RECORDED,,FALSE,,
AK,ak_year1_awardees.csv,72,South Peninsula Hospital,958193,NOT_RECORDED,,FALSE,,
AK,ak_year1_awardees.csv,77,Providence Health & Services- Washington,871718.47,NOT_RECORDED,,FALSE,,
AK,ak_year1_awardees.csv,80,Maniilaq Association,828892.8,NOT_RECORDED,,FALSE,,
AK,ak_year1_awardees.csv,83,Providence Health & Services- Washington,772500,NOT_RECORDED,,FALSE,,
AK,ak_year1_awardees.csv,89,Norton Sound Health Corporation,650748.21,NOT_RECORDED,,FALSE,,
AK,ak_year1_awardees.csv,92,Alaska Native Tribal Health Consortium,638555,NOT_RECORDED,,FALSE,,
AK,ak_year1_awardees.csv,111,Arctic Slope Native Association,500000,NOT_RECORDED,,FALSE,,
AK,ak_year1_awardees.csv,118,Petersburg Medical Center,446453,NOT_RECORDED,,FALSE,,
AK,ak_year1_awardees.csv,120,Petersburg Medical Center,437542,NOT_RECORDED,,FALSE,,
AK,ak_year1_awardees.csv,123,Maniilaq Association,430000,NOT_RECORDED,,FALSE,,
AK,ak_year1_awardees.csv,130,Norton Sound Health Corporation,398666.23,NOT_RECORDED,,FALSE,,
AK,ak_year1_awardees.csv,134,Providence Health & Services- Washington,381512.34,NOT_RECORDED,,FALSE,,
AK,ak_year1_awardees.csv,137,Norton Sound Health Corporation,364764.4,NOT_RECORDED,,FALSE,,
AK,ak_year1_awardees.csv,140,City of Ketchikan,350000,NOT_RECORDED,,FALSE,,
AK,ak_year1_awardees.csv,143,Bartlett Regional Hospital,341943,NOT_RECORDED,,FALSE,,
AK,ak_year1_awardees.csv,154,Norton Sound Health Corporation,292006,NOT_RECORDED,,FALSE,,
AK,ak_year1_awardees.csv,160,Norton Sound Health Corporation,259551,NOT_RECORDED,,FALSE,,
AK,ak_year1_awardees.csv,164,Mat-Su Regional Medical Center,250000,NOT_RECORDED,,FALSE,,
AK,ak_year1_awardees.csv,187,Bartlett Regional Hospital,231669,NOT_RECORDED,,FALSE,,
AK,ak_year1_awardees.csv,195,South Peninsula Hospital,220481,NOT_RECORDED,,FALSE,,
AK,ak_year1_awardees.csv,196,Norton Sound Health Corporation,219980,NOT_RECORDED,,FALSE,,
AK,ak_year1_awardees.csv,198,Maniilaq Association,218964,NOT_RECORDED,,FALSE,,
AK,ak_year1_awardees.csv,203,PeaceHealth Ketchikan Medical Center,200767.66,NOT_RECORDED,,FALSE,,
AK,ak_year1_awardees.csv,212,Petersburg Medical Center,159947,NOT_RECORDED,,FALSE,,
AK,ak_year1_awardees.csv,213,Cordova Community Medical Center,155000,NOT_RECORDED,,FALSE,,
AK,ak_year1_awardees.csv,233,Bristol Bay Area Health Corporation,75000,NOT_RECORDED,,FALSE,,
AK,ak_year1_awardees.csv,236,Norton Sound Health Corporation,70021.25,NOT_RECORDED,,FALSE,,
AK,ak_year1_awardees.csv,248,Bristol Bay Area Health Corporation,13990.29,NOT_RECORDED,,FALSE,,
SD,sd_rht_contracts.csv,18,COMMUNITY MEMORIAL HOSPITAL,145500,NOT_RECORDED,,FALSE,,
SD,sd_rht_contracts.csv,22,FAULKTON AREA MEDICAL CENTER,38000,FEDERAL_RECORD_CCN,"CMS enrolment, CCN 431301: PART A PROVIDER - CRITICAL ACCESS HOSPITAL",TRUE,431301,
SD,sd_rht_contracts.csv,23,PHILIP HEALTH SERVICES INC,181600,FEDERAL_RECORD_CCN,"CMS enrolment, CCN 431319: PART A PROVIDER - CRITICAL ACCESS HOSPITAL",TRUE,431319,
SD,sd_rht_contracts.csv,24,COMMUNITY MEMORIAL HOSPITAL,103700,FEDERAL_RECORD_CCN,"CMS enrolment, CCN 431316: PART A PROVIDER - CRITICAL ACCESS HOSPITAL",TRUE,431316,
SD,sd_rht_contracts.csv,25,BENNETT COUNTY HOSPITAL,248000,NOT_RECORDED,,FALSE,,
SD,sd_rht_contracts.csv,27,HURON REGIONAL MEDICAL CENTER,1258349,NOT_RECORDED,,FALSE,,
SD,sd_rht_contracts.csv,29,BOWDLE HOSPITAL,418563,FEDERAL_RECORD_CCN,"CMS enrolment, CCN 431318: PART A PROVIDER - CRITICAL ACCESS HOSPITAL",TRUE,431318,
SD,sd_rht_contracts.csv,30,SANFORD HEALTH,5442000,NOT_RECORDED,,FALSE,,GENERAL_KNOWLEDGE
SD,sd_rht_contracts.csv,31,MOBRIDGE REGIONAL HOSPITAL,2704989,FEDERAL_RECORD_CCN,"CMS enrolment, CCN 431325: PART A PROVIDER - CRITICAL ACCESS HOSPITAL",TRUE,431325,
SD,sd_rht_contracts.csv,32,FALL RIVER HEALTH SERVICES,2699907,FEDERAL_RECORD_CCN,"CMS enrolment, CCN 431322: PART A PROVIDER - CRITICAL ACCESS HOSPITAL",TRUE,431322,
SD,sd_rht_contracts.csv,33,AVERA HEALTH,1565000,NOT_RECORDED,,FALSE,,GENERAL_KNOWLEDGE
SD,sd_rht_contracts.csv,34,FAULKTON AREA MEDICAL CENTER,77432,FEDERAL_RECORD_CCN,"CMS enrolment, CCN 431301: PART A PROVIDER - CRITICAL ACCESS HOSPITAL",TRUE,431301,
SD,sd_rht_contracts.csv,35,MOBRIDGE REGIONAL HOSPITAL,175000,FEDERAL_RECORD_CCN,"CMS enrolment, CCN 431325: PART A PROVIDER - CRITICAL ACCESS HOSPITAL",TRUE,431325,
SD,sd_rht_contracts.csv,37,AVERA MCKENNAN,1585212,FEDERAL_RECORD_CCN,"CMS enrolment, CCN 431326: PART A PROVIDER - CRITICAL ACCESS HOSPITAL",TRUE,431326,
MI,mi_year1_awardees.csv,14,MyMichigan Health (EMS - Chronic Disease),182197,NOT_RECORDED,,FALSE,,GENERAL_KNOWLEDGE
MI,mi_year1_awardees.csv,15,National Jewish Health (Quitlink),435000,FEDERAL_RECORD_CCN,"CMS enrolment, CCN 060107: PART A PROVIDER - HOSPITAL",FALSE,060107,ORG_WEBSITE
MI,mi_year1_awardees.csv,44,Family Medical Center - Lenawee,76924,NOT_RECORDED,,FALSE,,
MI,mi_year1_awardees.csv,118,Regents of the University of Michigan - Ready to Respond: Rural Nursing Home Emergency Preparedness,500000,FEDERAL_RECORD_CCN,"CMS enrolment, CCN 230046: PART A PROVIDER - HOSPITAL",FALSE,230046,ORG_WEBSITE
MI,mi_year1_awardees.csv,119,Regents of the University of Michigan - Overdose Prevention Engagement Network (OPEN),1500000,FEDERAL_RECORD_CCN,"CMS enrolment, CCN 230046: PART A PROVIDER - HOSPITAL",FALSE,230046,ORG_WEBSITE
OR,or_year1_awardees.csv,1,Adventist Columbia Gorge Med Ctr,963000,STATE_SOURCE_RURAL,OR: OHA 'rural hospital' (Transformation Fund table),TRUE,,
OR,or_year1_awardees.csv,2,Adventist Tillamook Med Ctr,963000,STATE_SOURCE_RURAL,OR: OHA 'rural hospital' (Transformation Fund table),TRUE,,
OR,or_year1_awardees.csv,3,Asante Ashland Comm Hosp,963000,STATE_SOURCE_RURAL,OR: OHA 'rural hospital' (Transformation Fund table),TRUE,,
OR,or_year1_awardees.csv,4,Bay Area Hosp,1394000,STATE_SOURCE_RURAL,OR: OHA 'rural hospital' (Transformation Fund table),TRUE,,
OR,or_year1_awardees.csv,5,Blue Mountain Hosp,963000,STATE_SOURCE_RURAL,OR: OHA 'rural hospital' (Transformation Fund table),TRUE,,
OR,or_year1_awardees.csv,6,Columbia Memorial Hosp,963000,STATE_SOURCE_RURAL,OR: OHA 'rural hospital' (Transformation Fund table),TRUE,,
OR,or_year1_awardees.csv,7,Coquille Valley Hosp,963000,STATE_SOURCE_RURAL,OR: OHA 'rural hospital' (Transformation Fund table),TRUE,,
OR,or_year1_awardees.csv,8,Curry General Hosp,963000,STATE_SOURCE_RURAL,OR: OHA 'rural hospital' (Transformation Fund table),TRUE,,
OR,or_year1_awardees.csv,9,Good Shepherd Med Ctr,963000,STATE_SOURCE_RURAL,OR: OHA 'rural hospital' (Transformation Fund table),TRUE,,
OR,or_year1_awardees.csv,10,Grande Ronde Hosp,963000,STATE_SOURCE_RURAL,OR: OHA 'rural hospital' (Transformation Fund table),TRUE,,
OR,or_year1_awardees.csv,11,Harney District Hosp,963000,STATE_SOURCE_RURAL,OR: OHA 'rural hospital' (Transformation Fund table),TRUE,,
OR,or_year1_awardees.csv,12,Lake District Hosp,963000,STATE_SOURCE_RURAL,OR: OHA 'rural hospital' (Transformation Fund table),TRUE,,
OR,or_year1_awardees.csv,13,Legacy Silverton Med Ctr,963000,STATE_SOURCE_RURAL,OR: OHA 'rural hospital' (Transformation Fund table),TRUE,,
OR,or_year1_awardees.csv,14,Lower Umpqua Hosp,963000,STATE_SOURCE_RURAL,OR: OHA 'rural hospital' (Transformation Fund table),TRUE,,
OR,or_year1_awardees.csv,15,Mercy Medical,1394000,STATE_SOURCE_RURAL,OR: OHA 'rural hospital' (Transformation Fund table),TRUE,,
OR,or_year1_awardees.csv,16,PeaceHealth Cottage Grove,963000,STATE_SOURCE_RURAL,OR: OHA 'rural hospital' (Transformation Fund table),TRUE,,
OR,or_year1_awardees.csv,17,PeaceHealth Peace Harbor,963000,STATE_SOURCE_RURAL,OR: OHA 'rural hospital' (Transformation Fund table),TRUE,,
OR,or_year1_awardees.csv,18,Pioneer Memorial - Heppner,963000,STATE_SOURCE_RURAL,OR: OHA 'rural hospital' (Transformation Fund table),TRUE,,
OR,or_year1_awardees.csv,19,Providence Hood River Hosp,963000,STATE_SOURCE_RURAL,OR: OHA 'rural hospital' (Transformation Fund table),TRUE,,
OR,or_year1_awardees.csv,20,Providence Newberg Med Ctr,963000,STATE_SOURCE_RURAL,OR: OHA 'rural hospital' (Transformation Fund table),TRUE,,
OR,or_year1_awardees.csv,21,Providence Seaside Hosp,963000,STATE_SOURCE_RURAL,OR: OHA 'rural hospital' (Transformation Fund table),TRUE,,
OR,or_year1_awardees.csv,22,Saint Alphonsus - Baker City,963000,STATE_SOURCE_RURAL,OR: OHA 'rural hospital' (Transformation Fund table),TRUE,,
OR,or_year1_awardees.csv,23,Saint Alphonsus - Ontario,963000,STATE_SOURCE_RURAL,OR: OHA 'rural hospital' (Transformation Fund table),TRUE,,
OR,or_year1_awardees.csv,24,Salem Health West Valley Hosp,963000,STATE_SOURCE_RURAL,OR: OHA 'rural hospital' (Transformation Fund table),TRUE,,
OR,or_year1_awardees.csv,25,Samaritan Lebanon Hosp,963000,STATE_SOURCE_RURAL,OR: OHA 'rural hospital' (Transformation Fund table),TRUE,,
OR,or_year1_awardees.csv,26,Samaritan North Lincoln Hosp,963000,STATE_SOURCE_RURAL,OR: OHA 'rural hospital' (Transformation Fund table),TRUE,,
OR,or_year1_awardees.csv,27,Samaritan Pacific Comm Hosp,963000,STATE_SOURCE_RURAL,OR: OHA 'rural hospital' (Transformation Fund table),TRUE,,
OR,or_year1_awardees.csv,28,Santiam Memorial Hosp,963000,STATE_SOURCE_RURAL,OR: OHA 'rural hospital' (Transformation Fund table),TRUE,,
OR,or_year1_awardees.csv,29,Sky Lakes Med Ctr,1394000,STATE_SOURCE_RURAL,OR: OHA 'rural hospital' (Transformation Fund table),TRUE,,
OR,or_year1_awardees.csv,30,Southern Coos Hosp,963000,STATE_SOURCE_RURAL,OR: OHA 'rural hospital' (Transformation Fund table),TRUE,,
OR,or_year1_awardees.csv,31,St. Anthony Hosp,963000,STATE_SOURCE_RURAL,OR: OHA 'rural hospital' (Transformation Fund table),TRUE,,
OR,or_year1_awardees.csv,32,St. Charles - Madras,963000,STATE_SOURCE_RURAL,OR: OHA 'rural hospital' (Transformation Fund table),TRUE,,
OR,or_year1_awardees.csv,33,St. Charles - Prineville,963000,STATE_SOURCE_RURAL,OR: OHA 'rural hospital' (Transformation Fund table),TRUE,,
OR,or_year1_awardees.csv,34,Wallowa Memorial Hospital,963000,STATE_SOURCE_RURAL,OR: OHA 'rural hospital' (Transformation Fund table),TRUE,,
OR,or_year1_awardees.csv,35,Willamette Valley Med Ctr,963000,STATE_SOURCE_RURAL,OR: OHA 'rural hospital' (Transformation Fund table),TRUE,,
OR,or_year1_awardees.csv,152,Curry Health District (DBA Curry Health Network),600000,NOT_RECORDED,,FALSE,,
OR,or_year1_awardees.csv,160,"Grande Ronde Hospital, Inc.",3208988,NOT_RECORDED,,FALSE,,
OR,or_year1_awardees.csv,162,Harney County Health District (DBA Harney District Hospital),2409781.19,NOT_RECORDED,,FALSE,,
OR,or_year1_awardees.csv,170,Lower Umpqua Hospital District,650000,NOT_RECORDED,,FALSE,,
OR,or_year1_awardees.csv,171,Lower Umpqua Hospital District,1200000,NOT_RECORDED,,FALSE,,
OR,or_year1_awardees.csv,175,"Mid-Valley Healthcare, Inc. (DBA Samaritan Lebanon Community Hospital)",796298.3,NOT_RECORDED,,FALSE,,
OR,or_year1_awardees.csv,188,"Oregon Health & Science University, Northwest Native American Center of Excellence (NNACoE)",500351.61,FEDERAL_RECORD_CCN,"CMS enrolment, CCN 380009: PART A PROVIDER - HOSPITAL",FALSE,380009,ORG_WEBSITE
OR,or_year1_awardees.csv,189,"Oregon Health & Science University, Oregon Health & Science University - Department of Neurology",491246.31,FEDERAL_RECORD_CCN,"CMS enrolment, CCN 380009: PART A PROVIDER - HOSPITAL",FALSE,380009,ORG_WEBSITE
OR,or_year1_awardees.csv,190,"Oregon Health & Science University, Oregon Health & Science University - Section of Addiction Medicine",815704.4,FEDERAL_RECORD_CCN,"CMS enrolment, CCN 380009: PART A PROVIDER - HOSPITAL",FALSE,380009,ORG_WEBSITE
OR,or_year1_awardees.csv,191,"Oregon Health & Science University, Oregon Perinatal Collaborative",1082492.68,FEDERAL_RECORD_CCN,"CMS enrolment, CCN 380009: PART A PROVIDER - HOSPITAL",FALSE,380009,ORG_WEBSITE
OR,or_year1_awardees.csv,192,"Oregon Health & Science University, University Center for Excellence on Development and Disability",209200.87,FEDERAL_RECORD_CCN,"CMS enrolment, CCN 380009: PART A PROVIDER - HOSPITAL",FALSE,380009,ORG_WEBSITE
OR,or_year1_awardees.csv,194,Oregon Office of Rural Health at Oregon Health & Science University,365061.44,FEDERAL_RECORD_CCN,"CMS enrolment, CCN 380009: PART A PROVIDER - HOSPITAL",FALSE,380009,ORG_WEBSITE
OR,or_year1_awardees.csv,201,PeaceHealth Peace Harbor Medical Center,246020.98,NOT_RECORDED,,FALSE,,
OR,or_year1_awardees.csv,205,Providence Health & Services – Oregon (DBA Providence Hood River Memorial Hospital),2294245.23,NOT_RECORDED,,FALSE,,
OR,or_year1_awardees.csv,208,Samaritan North Lincoln Hospital,229084.34,NOT_RECORDED,,FALSE,,
OR,or_year1_awardees.csv,211,Silverton Health (DBA Legacy Silverton Medical Center),777407.4,NOT_RECORDED,,FALSE,,
OR,or_year1_awardees.csv,212,Silverton Health (DBA Legacy Silverton Medical Center),329423.48,NOT_RECORDED,,FALSE,,
OR,or_year1_awardees.csv,214,Sky Lakes Foundation (DBA Healthy Klamath),469987.33,NOT_RECORDED,,FALSE,,GENERAL_KNOWLEDGE
OR,or_year1_awardees.csv,215,Sky Lakes Medical Center,586740,NOT_RECORDED,,FALSE,,
OR,or_year1_awardees.csv,228,Wallowa County Health Care District (DBA Wallowa Memorial Hospital / Wallowa Memorial Medical Clinic),516852.93,NOT_RECORDED,,FALSE,,
OR,or_year1_awardees.csv,229,Wallowa County Health Care District (DBA Wallowa Memorial Hospital / Wallowa Memorial Medical Clinic),1345688.83,NOT_RECORDED,,FALSE,,
OR,or_year1_awardees.csv,244,Oregon Health & Science University (OHSU),398000,FEDERAL_RECORD_CCN,"CMS enrolment, CCN 380009: PART A PROVIDER - HOSPITAL",FALSE,380009,ORG_WEBSITE
MS,ms_year1_awardees.csv,2,South Mississippi State Hospital,50000,NOT_RECORDED,,FALSE,,
MS,ms_year1_awardees.csv,4,"Corinth Family Medical Center, PC",98702,NOT_RECORDED,,FALSE,,
MS,ms_year1_awardees.csv,16,Memorial Health System,650000,NOT_RECORDED,,FALSE,,
MS,ms_year1_awardees.csv,23,Magee Benevolent Association,825000,FEDERAL_RECORD_CCN,"CMS enrolment, CCN 250124: PART A PROVIDER - HOSPITAL",FALSE,250124,ORG_WEBSITE
MS,ms_year1_awardees.csv,35,Choctaw Regional Medical Center,46113,NOT_RECORDED,,FALSE,,
MS,ms_year1_awardees.csv,37,Northwest Mississippi Regional Medical Center,917166,NOT_RECORDED,,FALSE,,
MS,ms_year1_awardees.csv,38,George County Hospital,330000,NOT_RECORDED,,FALSE,,
MS,ms_year1_awardees.csv,39,Memorial Health System,2980874,NOT_RECORDED,,FALSE,,
MS,ms_year1_awardees.csv,40,"Baptist Memorial Hospital-Calhoun, Inc.",1491000,NOT_RECORDED,,FALSE,,
MS,ms_year1_awardees.csv,41,George County Hospital,30555,NOT_RECORDED,,FALSE,,
MS,ms_year1_awardees.csv,42,Memorial Health System,83599,NOT_RECORDED,,FALSE,,
MS,ms_year1_awardees.csv,43,Copiah County Medical Center,44404,NOT_RECORDED,,FALSE,,
MS,ms_year1_awardees.csv,44,George County Hospital,84000,NOT_RECORDED,,FALSE,,
MS,ms_year1_awardees.csv,45,Memorial Health System,156000,NOT_RECORDED,,FALSE,,
MS,ms_year1_awardees.csv,46,Claiborne County Hospital d/b/a Claiborne County Medical Center,135070,NOT_RECORDED,,FALSE,,
MS,ms_year1_awardees.csv,47,George County Hospital,102381,NOT_RECORDED,,FALSE,,
MS,ms_year1_awardees.csv,48,"The Mississippi Methodist Hospital and Rehabilitation Center, Inc",179900.18,NOT_RECORDED,,FALSE,,
MS,ms_year1_awardees.csv,49,Covington County Hospital,829240,NOT_RECORDED,,FALSE,,
MS,ms_year1_awardees.csv,50,Memorial Health System,684325,NOT_RECORDED,,FALSE,,
MS,ms_year1_awardees.csv,51,University of Mississippi Medical Center,826256,NOT_RECORDED,,FALSE,,
MS,ms_year1_awardees.csv,52,Northwest Mississippi Regional Medical Center,212674,NOT_RECORDED,,FALSE,,
MS,ms_year1_awardees.csv,53,"The Mississippi Methodist Hospital and Rehabilitation Center, Inc",87061,NOT_RECORDED,,FALSE,,
MS,ms_year1_awardees.csv,54,South Mississippi State Hospital,180000,NOT_RECORDED,,FALSE,,
MS,ms_year1_awardees.csv,55,Copiah County Medical Center,55000,NOT_RECORDED,,FALSE,,
MS,ms_year1_awardees.csv,56,South Mississippi State Hospital,16000,NOT_RECORDED,,FALSE,,
MS,ms_year1_awardees.csv,57,South Mississippi State Hospital,30000,NOT_RECORDED,,FALSE,,
MS,ms_year1_awardees.csv,58,George County Hospital,395500,NOT_RECORDED,,FALSE,,
MS,ms_year1_awardees.csv,59,South Mississippi State Hospital,3600,NOT_RECORDED,,FALSE,,
MS,ms_year1_awardees.csv,60,South Mississippi State Hospital,17600,NOT_RECORDED,,FALSE,,
MS,ms_year1_awardees.csv,61,Ochsner MS,3000000,FEDERAL_RECORD_CCN,"CMS enrolment, CCN 250069: PART A PROVIDER - HOSPITAL",FALSE,250069,GENERAL_KNOWLEDGE
MS,ms_year1_awardees.csv,62,Southwest Mississippi Regional Medical Center,50000,NOT_RECORDED,,FALSE,,
MS,ms_year1_awardees.csv,63,Southwest Mississippi Regional Medical Center,30000,NOT_RECORDED,,FALSE,,
MS,ms_year1_awardees.csv,64,Tyler Holmes Memorial Hospital,263270,NOT_RECORDED,,FALSE,,
MS,ms_year1_awardees.csv,65,Neshoba County General Hospital,255000,NOT_RECORDED,,FALSE,,
MS,ms_year1_awardees.csv,66,Southwest Mississippi Regional Medical Center,18200,NOT_RECORDED,,FALSE,,
MS,ms_year1_awardees.csv,67,Southwest Mississippi Regional Medical Center,120000,NOT_RECORDED,,FALSE,,
MS,ms_year1_awardees.csv,68,Magee Benevolent Association,2131454,FEDERAL_RECORD_CCN,"CMS enrolment, CCN 250124: PART A PROVIDER - HOSPITAL",FALSE,250124,ORG_WEBSITE
MS,ms_year1_awardees.csv,69,Memorial Health System,2874728,NOT_RECORDED,,FALSE,,
MS,ms_year1_awardees.csv,70,Tallahatchie General Hospital,125790,NOT_RECORDED,,FALSE,,
MS,ms_year1_awardees.csv,71,Tippah County Hospital,151300,NOT_RECORDED,,FALSE,,
MS,ms_year1_awardees.csv,72,Tippah County Hospital,400000,NOT_RECORDED,,FALSE,,
MS,ms_year1_awardees.csv,73,Merit Health River Region,3000000,FEDERAL_RECORD_CCN,"CMS enrolment, CCN 250031: PART A PROVIDER - HOSPITAL",FALSE,250031,ORG_WEBSITE
MS,ms_year1_awardees.csv,74,Delta Health System,891750,NOT_RECORDED,,FALSE,,
MS,ms_year1_awardees.csv,75,Wayne General Hospital,554357,NOT_RECORDED,,FALSE,,
MS,ms_year1_awardees.csv,76,Field Memorial Community Hospital,7800,NOT_RECORDED,,FALSE,,
MS,ms_year1_awardees.csv,77,Winston County Medical Foundation,369150,FEDERAL_RECORD_CCN,"CMS enrolment, CCN 250027: PART A PROVIDER - HOSPITAL",FALSE,250027,ORG_WEBSITE
MS,ms_year1_awardees.csv,78,Winston County Medical Foundation,2085315,FEDERAL_RECORD_CCN,"CMS enrolment, CCN 250027: PART A PROVIDER - HOSPITAL",FALSE,250027,ORG_WEBSITE
MS,ms_year1_awardees.csv,84,King's Daughters Medical Center,326441,NOT_RECORDED,,FALSE,,
MS,ms_year1_awardees.csv,85,King's Daughters Medical Center,960920,NOT_RECORDED,,FALSE,,
MS,ms_year1_awardees.csv,88,"Simpson Community Healthcare, Inc.",830000,FEDERAL_RECORD_CCN,"CMS enrolment, CCN 251317: PART A PROVIDER - CRITICAL ACCESS HOSPITAL",TRUE,251317,ORG_WEBSITE
MS,ms_year1_awardees.csv,90,Independent Healthcare Management Inc,730000,FEDERAL_RECORD_CCN,"CMS enrolment, CCN 251300: PART A PROVIDER - CRITICAL ACCESS HOSPITAL",TRUE,251300,ORG_WEBSITE
MS,ms_year1_awardees.csv,99,Winston County Medical Foundation,1090138.34,FEDERAL_RECORD_CCN,"CMS enrolment, CCN 250027: PART A PROVIDER - HOSPITAL",FALSE,250027,ORG_WEBSITE
MS,ms_year1_awardees.csv,100,University of Mississippi Medical Center Greenwood,3000000,NOT_RECORDED,,FALSE,,
MS,ms_year1_awardees.csv,103,Memorial Health System,1151594,NOT_RECORDED,,FALSE,,
MS,ms_year1_awardees.csv,105,"Independent Healthcare Management, Inc.",3000000,FEDERAL_RECORD_CCN,"CMS enrolment, CCN 251300: PART A PROVIDER - CRITICAL ACCESS HOSPITAL",TRUE,251300,ORG_WEBSITE
MS,ms_year1_awardees.csv,107,Tate County Hospital,1500000,NOT_RECORDED,,FALSE,,
MS,ms_year1_awardees.csv,108,Copiah County Medical Center,643700.4,NOT_RECORDED,,FALSE,,
MS,ms_year1_awardees.csv,109,Yalobusha General Hospital,175000,NOT_RECORDED,,FALSE,,
MS,ms_year1_awardees.csv,111,Progressive Health of Houston,1645000,FEDERAL_RECORD_CCN,"CMS enrolment, CCN 250785: PART A PROVIDER - RURAL EMERGENCY HOSPITAL (REH)",TRUE,250785,ORG_WEBSITE
MS,ms_year1_awardees.csv,112,Winston County Medical Foundation,240852.15,FEDERAL_RECORD_CCN,"CMS enrolment, CCN 250027: PART A PROVIDER - HOSPITAL",FALSE,250027,ORG_WEBSITE
MS,ms_year1_awardees.csv,113,North Sunflower Medical Center,1000000,NOT_RECORDED,,FALSE,,
MS,ms_year1_awardees.csv,114,Progressive Health of Houston,1383406,FEDERAL_RECORD_CCN,"CMS enrolment, CCN 250785: PART A PROVIDER - RURAL EMERGENCY HOSPITAL (REH)",TRUE,250785,ORG_WEBSITE
MS,ms_year1_awardees.csv,115,Memorial Health System,1160837,NOT_RECORDED,,FALSE,,
MS,ms_year1_awardees.csv,116,"Webster Healthcare Services, Inc.",500000,FEDERAL_RECORD_CCN,"CMS enrolment, CCN 250020: PART A PROVIDER - HOSPITAL",FALSE,250020,GENERAL_KNOWLEDGE
MS,ms_year1_awardees.csv,117,Copiah County Medical Center,29063.6,NOT_RECORDED,,FALSE,,
MS,ms_year1_awardees.csv,119,South Central Regional Medical Center,3000000,NOT_RECORDED,,FALSE,,
MS,ms_year1_awardees.csv,120,"North Mississippi Medical Center, Inc.",2500000,NOT_RECORDED,,FALSE,,
MS,ms_year1_awardees.csv,122,South Central Regional Medical Center,3000000,NOT_RECORDED,,FALSE,,
MS,ms_year1_awardees.csv,124,Jasper General Hospital,535000,NOT_RECORDED,,FALSE,,
MS,ms_year1_awardees.csv,126,Southwest Mississippi Regional Center,277077,FEDERAL_RECORD_CCN,"CMS enrolment, CCN 250097: PART A PROVIDER - HOSPITAL",FALSE,250097,GENERAL_KNOWLEDGE
MS,ms_year1_awardees.csv,128,George County Hospital,220000,NOT_RECORDED,,FALSE,,
MS,ms_year1_awardees.csv,129,George County Hospital,1501000,NOT_RECORDED,,FALSE,,
MS,ms_year1_awardees.csv,131,Memorial Health System,3000000,NOT_RECORDED,,FALSE,,
MS,ms_year1_awardees.csv,134,Yalobusha General Hospital,275000,NOT_RECORDED,,FALSE,,
MS,ms_year1_awardees.csv,138,Northwest Mississippi Regional Medical Center,834750,NOT_RECORDED,,FALSE,,
MS,ms_year1_awardees.csv,145,Choctaw Regional Medical Center,394000,NOT_RECORDED,,FALSE,,
MS,ms_year1_awardees.csv,146,Progressive Health of Houston,336000,FEDERAL_RECORD_CCN,"CMS enrolment, CCN 250785: PART A PROVIDER - RURAL EMERGENCY HOSPITAL (REH)",TRUE,250785,ORG_WEBSITE
MS,ms_year1_awardees.csv,147,Memorial Health System,1920000,NOT_RECORDED,,FALSE,,
MS,ms_year1_awardees.csv,150,Memorial Health System,72750,NOT_RECORDED,,FALSE,,
MS,ms_year1_awardees.csv,154,University of Mississippi Medical Center,149100,NOT_RECORDED,,FALSE,,
MS,ms_year1_awardees.csv,156,Forrest County General Hospital,596026,NOT_RECORDED,,FALSE,,
MS,ms_year1_awardees.csv,160,Wayne General Hospital,200000,NOT_RECORDED,,FALSE,,
MS,ms_year1_awardees.csv,161,South Central Regional Medical Center,2543900,NOT_RECORDED,,FALSE,,
MS,ms_year1_awardees.csv,165,Memorial Health System,306515,NOT_RECORDED,,FALSE,,
KS,ks_year1_awardees.csv,1,Hutchinson Regional Healthcare System,3000000,NOT_RECORDED,,FALSE,,
KS,ks_year1_awardees.csv,2,Gove County Medical Center,3000000,NOT_RECORDED,,FALSE,,
KS,ks_year1_awardees.csv,3,Clara Barton Medical Center,2933500,NOT_RECORDED,,FALSE,,
KS,ks_year1_awardees.csv,4,Pratt Regional Medical Center,2869082,NOT_RECORDED,,FALSE,,
KS,ks_year1_awardees.csv,5,Freeman Fort Scott Hospital,2502999,NOT_RECORDED,,FALSE,,
KS,ks_year1_awardees.csv,6,Hays Medical Center,2478316,NOT_RECORDED,,FALSE,,
KS,ks_year1_awardees.csv,7,South Central Kansas Health,2378188,NOT_RECORDED,,FALSE,,ORG_WEBSITE
KS,ks_year1_awardees.csv,8,Labette Health,2145677,NOT_RECORDED,,FALSE,,ORG_WEBSITE
KS,ks_year1_awardees.csv,10,Wilson Medical Center,1555143,NOT_RECORDED,,FALSE,,
KS,ks_year1_awardees.csv,11,Memorial Health System,1500000,NOT_RECORDED,,FALSE,,
KS,ks_year1_awardees.csv,12,Hillsboro Community Hospital,837000,NOT_RECORDED,,FALSE,,
KS,ks_year1_awardees.csv,13,Smith County Memorial Hospital,550000,NOT_RECORDED,,FALSE,,
KS,ks_year1_awardees.csv,14,Greeley County Health Services,458286,NOT_RECORDED,,FALSE,,ORG_WEBSITE
KS,ks_year1_awardees.csv,15,Mercy Hospital Columbus,375981,NOT_RECORDED,,FALSE,,
KS,ks_year1_awardees.csv,16,Ashland District Hospital,361478,NOT_RECORDED,,FALSE,,
KS,ks_year1_awardees.csv,18,Children’s Mercy Hospital,6096062,NOT_RECORDED,,FALSE,,
KS,ks_year1_awardees.csv,19,Stormont Vail Health,5465969,NOT_RECORDED,,FALSE,,ORG_WEBSITE
KS,ks_year1_awardees.csv,23,Citizen’s Foundation (Citizens Health),2832423,NOT_RECORDED,,FALSE,,GENERAL_KNOWLEDGE
KS,ks_year1_awardees.csv,25,Clay County Medical Center,2536000,NOT_RECORDED,,FALSE,,
KS,ks_year1_awardees.csv,26,Coffeyville Regional Medical Center,2500000,NOT_RECORDED,,FALSE,,
KS,ks_year1_awardees.csv,30,Greeley County Health Services,1541906,NOT_RECORDED,,FALSE,,ORG_WEBSITE
KS,ks_year1_awardees.csv,32,AdventHealth Ottawa,1395814,NOT_RECORDED,,FALSE,,GENERAL_KNOWLEDGE
KS,ks_year1_awardees.csv,33,Labette County Medical Center,1383289,NOT_RECORDED,,FALSE,,
KS,ks_year1_awardees.csv,36,Mercy Hospital Pittsburg,681711,NOT_RECORDED,,FALSE,,
KS,ks_year1_awardees.csv,40,"Hutchinson Regional Medical Center, Inc",150000,NOT_RECORDED,,FALSE,,
KS,ks_year1_awardees.csv,41,"Hospital District No. 6 of Harper County, Kansas",150000,NOT_RECORDED,,FALSE,,
KS,ks_year1_awardees.csv,42,"Great Plains of Smith County, Inc",150000,NOT_RECORDED,,FALSE,,GENERAL_KNOWLEDGE
KS,ks_year1_awardees.csv,43,"Hospital District No. 1 of Dickinson County, Kansas, DBA Memorial Health System",150000,NOT_RECORDED,,FALSE,,
KS,ks_year1_awardees.csv,44,"CommonSpirit Kansas, Inc",149960,NOT_RECORDED,,FALSE,,GENERAL_KNOWLEDGE
KS,ks_year1_awardees.csv,46,Newman Memorial County Hospital,110716,NOT_RECORDED,,FALSE,,
KS,ks_year1_awardees.csv,47,CommonSpirit Kansas,2980250,FEDERAL_RECORD_CCN,"CMS enrolment, CCN 170023: PART A PROVIDER - HOSPITAL",FALSE,170023,ORG_WEBSITE
KS,ks_year1_awardees.csv,48,UKHS Great Bend,2960927,FEDERAL_RECORD_CCN,"CMS enrolment, CCN 170191: PART A PROVIDER - HOSPITAL",FALSE,170191,ORG_WEBSITE
KS,ks_year1_awardees.csv,49,Rooks County Health Center,1704066,FEDERAL_RECORD_CCN,"CMS enrolment, CCN 171311: PART A PROVIDER - CRITICAL ACCESS HOSPITAL",TRUE,171311,ORG_WEBSITE
KS,ks_year1_awardees.csv,50,Hospital District #1 Rice County,1377990,FEDERAL_RECORD_CCN,"CMS enrolment, CCN 171330: PART A PROVIDER - CRITICAL ACCESS HOSPITAL",TRUE,171330,GENERAL_KNOWLEDGE
KS,ks_year1_awardees.csv,56,NMC Health,662642,FEDERAL_RECORD_CCN,"CMS enrolment, CCN 170103: PART A PROVIDER - HOSPITAL",FALSE,170103,ORG_WEBSITE
KS,ks_year1_awardees.csv,58,Grisell Memorial Hospital,350000,FEDERAL_RECORD_CCN,"CMS enrolment, CCN 171300: PART A PROVIDER - CRITICAL ACCESS HOSPITAL",TRUE,171300,GENERAL_KNOWLEDGE
KS,ks_year1_awardees.csv,60,Meade Hospital District,141098,FEDERAL_RECORD_CCN,"CMS enrolment, CCN 171321: PART A PROVIDER - CRITICAL ACCESS HOSPITAL",TRUE,171321,ORG_WEBSITE
MD,md_year1_awardees.csv,7,Chester River Health System Inc (UM Shore Regional),4913250,NOT_RECORDED,,FALSE,,
MD,md_year1_awardees.csv,12,Frederick Memorial Hospital,3948645,NOT_RECORDED,,FALSE,,
MD,md_year1_awardees.csv,14,Garrett Regional Medical Center,1682177,NOT_RECORDED,,FALSE,,
MD,md_year1_awardees.csv,16,Kennedy Krieger Institute,1000000,NOT_RECORDED,,FALSE,,ORG_WEBSITE
MD,md_year1_awardees.csv,19,MedStar St. Mary's Inc,2522586,NOT_RECORDED,,FALSE,,ORG_WEBSITE
MD,md_year1_awardees.csv,20,Meritus Health Center,3583406,NOT_RECORDED,,FALSE,,ORG_WEBSITE
MD,md_year1_awardees.csv,27,TidalHealth,4911052,NOT_RECORDED,,FALSE,,ORG_WEBSITE
MD,md_year1_awardees.csv,31,Children's Hospital,1100000,NOT_RECORDED,,FALSE,,
MD,md_year1_awardees.csv,33,University of Maryland Medical System,4020144,NOT_RECORDED,,FALSE,,ORG_WEBSITE
NE,ne_year1_awardees.csv,12,Beatrice Community Hospital (BFIM),303632.96,NOT_RECORDED,,FALSE,,
NE,ne_year1_awardees.csv,14,Boone County Health Center,340000,GENERAL_KNOWLEDGE_ONLY,verifier's general knowledge: critical access hospital,FALSE,,GENERAL_KNOWLEDGE
NE,ne_year1_awardees.csv,15,Urban Indian Medical Center,338726.41,NOT_RECORDED,,FALSE,,
NE,ne_year1_awardees.csv,16,Morrill County Community Hospital,340000,NOT_RECORDED,,FALSE,,
NE,ne_year1_awardees.csv,17,Winnebago Comprehensive Health System,339612.19,NOT_RECORDED,,FALSE,,
NE,ne_year1_awardees.csv,19,Niobrara Valley Hospital,340000,NOT_RECORDED,,FALSE,,
NE,ne_year1_awardees.csv,20,Beatrice Community Hospital (Virtual Nursing),334524.04,NOT_RECORDED,,FALSE,,
NE,ne_year1_awardees.csv,22,Memorial Community Hospital and Health System,152274.61,NOT_RECORDED,,FALSE,,
NE,ne_year1_awardees.csv,24,Chase Community Hospital,338714.13,NOT_RECORDED,,FALSE,,
NE,ne_year1_awardees.csv,25,Pawnee County Memorial Hospital,339996.26,NOT_RECORDED,,FALSE,,
NE,ne_year1_awardees.csv,26,Antelope Memorial Hospital,284957.28,NOT_RECORDED,,FALSE,,
NE,ne_year1_awardees.csv,27,Gothenburg Health,309749.28,GENERAL_KNOWLEDGE_ONLY,verifier's general knowledge: critical access hospital,FALSE,,GENERAL_KNOWLEDGE
NE,ne_year1_awardees.csv,28,Memorial Health Care System,339999.92,GENERAL_KNOWLEDGE_ONLY,verifier's general knowledge: critical access hospital,FALSE,,GENERAL_KNOWLEDGE
NE,ne_year1_awardees.csv,33,Webster County Community Hospital,90000,NOT_RECORDED,,FALSE,,
NE,ne_year1_awardees.csv,34,Antelope Memorial Hospital,778897.18,NOT_RECORDED,,FALSE,,
NE,ne_year1_awardees.csv,35,Beatrice Community Hospital & Health Center,278684.02,NOT_RECORDED,,FALSE,,
NE,ne_year1_awardees.csv,36,Box Butte General Hospital,200000,NOT_RECORDED,,FALSE,,
NE,ne_year1_awardees.csv,37,CHI Good Samaritan/CHI St. Francis,430601.57,GENERAL_KNOWLEDGE_ONLY,verifier's general knowledge: critical access hospital,FALSE,,GENERAL_KNOWLEDGE
NE,ne_year1_awardees.csv,38,CHI Health Plainview,355311.03,GENERAL_KNOWLEDGE_ONLY,verifier's general knowledge: critical access hospital,FALSE,,GENERAL_KNOWLEDGE
NE,ne_year1_awardees.csv,39,CHI Health Schuyler,711629.63,GENERAL_KNOWLEDGE_ONLY,verifier's general knowledge: critical access hospital,FALSE,,GENERAL_KNOWLEDGE
NE,ne_year1_awardees.csv,40,CHI St. Mary’s,908475.54,GENERAL_KNOWLEDGE_ONLY,verifier's general knowledge: critical access hospital,FALSE,,GENERAL_KNOWLEDGE
NE,ne_year1_awardees.csv,41,Chase County Community Hospital,195523.2,NOT_RECORDED,,FALSE,,
NE,ne_year1_awardees.csv,42,Faith Health,578673.7,GENERAL_KNOWLEDGE_ONLY,verifier's general knowledge: critical access hospital,FALSE,,GENERAL_KNOWLEDGE
NE,ne_year1_awardees.csv,43,Genoa Health Center,200000,GENERAL_KNOWLEDGE_ONLY,verifier's general knowledge: critical access hospital,FALSE,,GENERAL_KNOWLEDGE
NE,ne_year1_awardees.csv,46,Jefferson Community Health & Life,446741.33,GENERAL_KNOWLEDGE_ONLY,verifier's general knowledge: critical access hospital,FALSE,,GENERAL_KNOWLEDGE
NE,ne_year1_awardees.csv,47,Johnson County Hospital,393220.57,NOT_RECORDED,,FALSE,,
NE,ne_year1_awardees.csv,48,Mary Lanning Healthcare,460239.4,GENERAL_KNOWLEDGE_ONLY,verifier's general knowledge: critical access hospital,FALSE,,GENERAL_KNOWLEDGE
NE,ne_year1_awardees.csv,49,Methodist Fremont Health,334176.13,GENERAL_KNOWLEDGE_ONLY,verifier's general knowledge: critical access hospital,FALSE,,GENERAL_KNOWLEDGE
NE,ne_year1_awardees.csv,53,Pawnee County Memorial Hospital,479692.57,NOT_RECORDED,,FALSE,,
NE,ne_year1_awardees.csv,54,Providence Medical Center,311698.7,NOT_RECORDED,,FALSE,,
NE,ne_year1_awardees.csv,55,Regional West Medical Center,736148.14,NOT_RECORDED,,FALSE,,
NE,ne_year1_awardees.csv,56,Syracuse Area Health,200000,GENERAL_KNOWLEDGE_ONLY,verifier's general knowledge: critical access hospital,FALSE,,GENERAL_KNOWLEDGE
NE,ne_year1_awardees.csv,57,Winnebago Comprehensive Healthcare System,414693.75,NOT_RECORDED,,FALSE,,
NE,ne_year1_awardees.csv,58,Boone County Health Center,,NOT_RECORDED,,FALSE,,
NE,ne_year1_awardees.csv,59,Brodstone Healthcare,,NOT_RECORDED,,FALSE,,
NE,ne_year1_awardees.csv,60,Brown County Hospital,,NOT_RECORDED,,FALSE,,
NE,ne_year1_awardees.csv,61,Butler County Health Care Center,,NOT_RECORDED,,FALSE,,
NE,ne_year1_awardees.csv,62,Callaway District Hospital,,NOT_RECORDED,,FALSE,,
NE,ne_year1_awardees.csv,63,Cherry County Hospital,,NOT_RECORDED,,FALSE,,
NE,ne_year1_awardees.csv,64,Cozad Community Health System,,NOT_RECORDED,,FALSE,,
NE,ne_year1_awardees.csv,65,Fillmore County Hospital,,NOT_RECORDED,,FALSE,,
NE,ne_year1_awardees.csv,66,Franciscan Healthcare,,NOT_RECORDED,,FALSE,,
NE,ne_year1_awardees.csv,67,Gothenburg Health,,NOT_RECORDED,,FALSE,,
NE,ne_year1_awardees.csv,68,Harlan County Health System,,NOT_RECORDED,,FALSE,,
NE,ne_year1_awardees.csv,69,Howard County Medical Center,,NOT_RECORDED,,FALSE,,
NE,ne_year1_awardees.csv,70,Jefferson Community Health and Life,,NOT_RECORDED,,FALSE,,
NE,ne_year1_awardees.csv,71,Jennie M. Melham Memorial Medical Center,,NOT_RECORDED,,FALSE,,
NE,ne_year1_awardees.csv,72,Lexington Regional Health Center,,NOT_RECORDED,,FALSE,,
NE,ne_year1_awardees.csv,73,Memorial Community Health,,NOT_RECORDED,,FALSE,,
NE,ne_year1_awardees.csv,74,Memorial Health Care Systems,,NOT_RECORDED,,FALSE,,
NE,ne_year1_awardees.csv,75,Sidney Regional Medical Center,,NOT_RECORDED,,FALSE,,
NE,ne_year1_awardees.csv,76,Tri Valley Health System,,NOT_RECORDED,,FALSE,,
NE,ne_year1_awardees.csv,77,Valley County Health System,,NOT_RECORDED,,FALSE,,
NE,ne_year1_awardees.csv,78,York General Health Care Services,,NOT_RECORDED,,FALSE,,
NE,ne_year1_awardees.csv,79,Alegent Creighton Health DBA CHI Health Plainview,245101.8,FEDERAL_RECORD_CCN,"CMS enrolment, CCN 281346: PART A PROVIDER - CRITICAL ACCESS HOSPITAL",TRUE,281346,ORG_WEBSITE
NE,ne_year1_awardees.csv,80,Alegent Creighton Health DBA CHI Health Schuyler,235795.27,FEDERAL_RECORD_CCN,"CMS enrolment, CCN 281323: PART A PROVIDER - CRITICAL ACCESS HOSPITAL",TRUE,281323,ORG_WEBSITE
NE,ne_year1_awardees.csv,83,Dundy County Hospital,73953.48,FEDERAL_RECORD_CCN,"CMS enrolment, CCN 281340: PART A PROVIDER - CRITICAL ACCESS HOSPITAL",TRUE,281340,ORG_WEBSITE
NE,ne_year1_awardees.csv,86,The Mary Lanning Memorial Hospital Association DBA Mary Lanning Memorial Healthcare,1049999.73,FEDERAL_RECORD_CCN,"CMS enrolment, CCN 280032: PART A PROVIDER - HOSPITAL",FALSE,280032,ORG_WEBSITE
NE,ne_year1_awardees.csv,87,Methodist Fremont Health,126285,FEDERAL_RECORD_CCN,"CMS enrolment, CCN 280077: PART A PROVIDER - HOSPITAL",FALSE,280077,ORG_WEBSITE
NE,ne_year1_awardees.csv,89,Regional West Medical Center,93867,FEDERAL_RECORD_CCN,"CMS enrolment, CCN 280061: PART A PROVIDER - HOSPITAL",FALSE,280061,ORG_WEBSITE
OK,ok_year1_awardees.csv,3,Choctaw Nation of Oklahoma,38600,FEDERAL_RECORD_CCN,"CMS enrolment, CCN 370172: PART A PROVIDER - HOSPITAL",FALSE,370172,ORG_WEBSITE
OK,ok_year1_awardees.csv,4,Beaver County Memorial Hospital,67298.38,NOT_RECORDED,,FALSE,,
OK,ok_year1_awardees.csv,9,Choctaw County City of Hugo Hospital Authority,49514.09,NOT_RECORDED,,FALSE,,
OK,ok_year1_awardees.csv,10,Cimarron Memorial Hospital and Rural Health Clinic,46060.95,NOT_RECORDED,,FALSE,,
OK,ok_year1_awardees.csv,13,Comanche County Hospital Authority,50000,NOT_RECORDED,,FALSE,,
OK,ok_year1_awardees.csv,14,DRH Health,24337.82,NOT_RECORDED,,FALSE,,GENERAL_KNOWLEDGE
OK,ok_year1_awardees.csv,15,Baptist Healthcare,36594,NOT_RECORDED,,FALSE,,ORG_WEBSITE
OK,ok_year1_awardees.csv,18,St. Francis Health System,25000,NOT_RECORDED,,FALSE,,
OK,ok_year1_awardees.csv,19,Seiling Municipal Hospital,48990,NOT_RECORDED,,FALSE,,
OK,ok_year1_awardees.csv,20,"Newman Memorial Hospital, Inc.",49749.95,NOT_RECORDED,,FALSE,,
OK,ok_year1_awardees.csv,22,Lindsay Municipal Hospital,39799.38,NOT_RECORDED,,FALSE,,
OK,ok_year1_awardees.csv,25,Jackson County Memorial Hospital Authority,34152.99,NOT_RECORDED,,FALSE,,
OK,ok_year1_awardees.csv,26,Jackson County Memorial Hospital Authority,34152.99,NOT_RECORDED,,FALSE,,
OK,ok_year1_awardees.csv,27,Harper County Community Hospital,60360.41,NOT_RECORDED,,FALSE,,
OK,ok_year1_awardees.csv,31,DRH Health,42270.62,NOT_RECORDED,,FALSE,,GENERAL_KNOWLEDGE
OK,ok_year1_awardees.csv,32,Mercy Hospital Oklahoma Communities,50000,NOT_RECORDED,,FALSE,,
OK,ok_year1_awardees.csv,36,"The LeFlore County Hospital Authority, dba Eastern Oklahoma Medical Center (EOMC)",86783,NOT_RECORDED,,FALSE,,
OK,ok_year1_awardees.csv,39,Fairview Regional Medical Center,100000,NOT_RECORDED,,FALSE,,
OK,ok_year1_awardees.csv,40,"Marshall County HMA, dba AllianceHealth Madill",47300,NOT_RECORDED,,FALSE,,GENERAL_KNOWLEDGE
OK,ok_year1_awardees.csv,42,Purcell Municipal Hospital,92167.82,NOT_RECORDED,,FALSE,,
OK,ok_year1_awardees.csv,45,Arbuckle Memorial Hospital,48657.9,NOT_RECORDED,,FALSE,,
OK,ok_year1_awardees.csv,51,Baptist Healthcare,36594,NOT_RECORDED,,FALSE,,ORG_WEBSITE
OK,ok_year1_awardees.csv,55,SSM Health St. Anthony Shawnee,48300,NOT_RECORDED,,FALSE,,GENERAL_KNOWLEDGE
OK,ok_year1_awardees.csv,62,Memorial Hospital of Texas County Authority,49737,NOT_RECORDED,,FALSE,,
OK,ok_year1_awardees.csv,64,Wagoner Hospital,49852,NOT_RECORDED,,FALSE,,
OK,ok_year1_awardees.csv,67,"Alva Hospital Authority, dba Share Medical Center",47809.64,NOT_RECORDED,,FALSE,,
OK,ok_year1_awardees.csv,68,"Newman Memorial Hospital, Inc.",49419.72,NOT_RECORDED,,FALSE,,
NV,nv_year1_awardees.csv,1,Banner Churchill Community Hospital,,NOT_RECORDED,,FALSE,,
NV,nv_year1_awardees.csv,2,Boulder City Hospital,,NOT_RECORDED,,FALSE,,
NV,nv_year1_awardees.csv,7,DVH Hospital Alliance LLN dba Desert View Hospital,,NOT_RECORDED,,FALSE,,
NV,nv_year1_awardees.csv,12,Humboldt General Hospital,,NOT_RECORDED,,FALSE,,
NV,nv_year1_awardees.csv,13,Lincoln County Hospital District dba Grover C. Dils Medical Center,,NOT_RECORDED,,FALSE,,
NV,nv_year1_awardees.csv,14,Mesa View Regional Hospital,,NOT_RECORDED,,FALSE,,
NV,nv_year1_awardees.csv,15,Mt. Grant General Hospital,,NOT_RECORDED,,FALSE,,
NV,nv_year1_awardees.csv,16,Northern Nevada Regional Hospital,,NOT_RECORDED,,FALSE,,
NV,nv_year1_awardees.csv,17,Northern Nye County Hospital District Clinic,,NOT_RECORDED,,FALSE,,
NV,nv_year1_awardees.csv,18,Pershing General Hospital,,NOT_RECORDED,,FALSE,,
NV,nv_year1_awardees.csv,19,Silver Springs Stagecoach Hospital District,,NOT_RECORDED,,FALSE,,
NV,nv_year1_awardees.csv,20,South Lyon Co Hospital District,,NOT_RECORDED,,FALSE,,
NV,nv_year1_awardees.csv,23,Washoe Barton Medical Clinic DBA Carson Valley Health,,NOT_RECORDED,,FALSE,,GENERAL_KNOWLEDGE
NV,nv_year1_awardees.csv,24,Washoe Barton Medical Clinic DBA Carson Valley Health,,NOT_RECORDED,,FALSE,,GENERAL_KNOWLEDGE
NV,nv_year1_awardees.csv,25,William Bee Ririe Hospital and Clinics,,NOT_RECORDED,,FALSE,,
NV,nv_year1_awardees.csv,28,William Bee Ririe Hospital and Clinics,,NOT_RECORDED,,FALSE,,
NV,nv_year1_awardees.csv,29,Humboldt General Hospital,,NOT_RECORDED,,FALSE,,
NV,nv_year1_awardees.csv,30,Incline Village Community Hospital Foundation,,GENERAL_KNOWLEDGE_ONLY,verifier's general knowledge: critical access hospital,FALSE,,GENERAL_KNOWLEDGE
NV,nv_year1_awardees.csv,31,Intermountain Health,,NOT_RECORDED,,FALSE,,GENERAL_KNOWLEDGE
NV,nv_year1_awardees.csv,36,Northeastern Nevada Regional Hospital,,NOT_RECORDED,,FALSE,,
NV,nv_year1_awardees.csv,39,Banner Churchill Community Hospital,,NOT_RECORDED,,FALSE,,
NV,nv_year1_awardees.csv,41,Carson Valley Health,,NOT_RECORDED,,FALSE,,GENERAL_KNOWLEDGE
NV,nv_year1_awardees.csv,47,Humboldt General Hospital,,NOT_RECORDED,,FALSE,,
NV,nv_year1_awardees.csv,49,Grover C. Dils Medical Center,,NOT_RECORDED,,FALSE,,
NV,nv_year1_awardees.csv,52,Desert View Hospital,,NOT_RECORDED,,FALSE,,
NV,nv_year1_awardees.csv,70,Renown Health,,NOT_RECORDED,,FALSE,,GENERAL_KNOWLEDGE
NV,nv_year1_awardees.csv,71,Carson Valley Health,,NOT_RECORDED,,FALSE,,GENERAL_KNOWLEDGE
NV,nv_year1_awardees.csv,76,Washoe Barton Medical Clinic,,FEDERAL_RECORD_CCN,"CMS enrolment, CCN 291306: PART A PROVIDER - CRITICAL ACCESS HOSPITAL",TRUE,291306,GENERAL_KNOWLEDGE
NV,nv_year1_awardees.csv,80,Mt. Grant General Hospital,,NOT_RECORDED,,FALSE,,
NV,nv_year1_awardees.csv,81,Incline Village Hospital,,NOT_RECORDED,,FALSE,,
NV,nv_year1_awardees.csv,82,N. Nye Hospital District,,NOT_RECORDED,,FALSE,,
NV,nv_year1_awardees.csv,91,William Bee Ririe Hospital,,NOT_RECORDED,,FALSE,,
NV,nv_year1_awardees.csv,92,Mt. Grant General Hospital,,NOT_RECORDED,,FALSE,,
NV,nv_year1_awardees.csv,93,Humboldt General Hospital,,NOT_RECORDED,,FALSE,,
NV,nv_year1_awardees.csv,94,Northeastern Nevada Regional Hospital,,NOT_RECORDED,,FALSE,,
NV,nv_year1_awardees.csv,102,South Lyon Medical Center,,NOT_RECORDED,,FALSE,,
NV,nv_year1_awardees.csv,103,Mesa View Hospital,,NOT_RECORDED,,FALSE,,
NV,nv_year1_awardees.csv,107,Grover c. Dils Medical Center,,NOT_RECORDED,,FALSE,,
NV,nv_year1_awardees.csv,108,Pershing General Hospital,,NOT_RECORDED,,FALSE,,
NV,nv_year1_awardees.csv,110,Desert View Hospital,,NOT_RECORDED,,FALSE,,
NV,nv_year1_awardees.csv,120,Humboldt General Hospital,,NOT_RECORDED,,FALSE,,
NV,nv_year1_awardees.csv,123,Desert View Hospital,,NOT_RECORDED,,FALSE,,
NV,nv_year1_awardees.csv,128,Carson Valley Health,,FEDERAL_RECORD_CCN,"CMS enrolment, CCN 291306: PART A PROVIDER - CRITICAL ACCESS HOSPITAL",TRUE,291306,GENERAL_KNOWLEDGE
NV,nv_year1_awardees.csv,140,Pershing General Hospital,,NOT_RECORDED,,FALSE,,
MO,mo_year1_awardees.csv,3,Citizens Memorial Hospital,,FEDERAL_RECORD_CCN,"CMS enrolment, CCN 260195: PART A PROVIDER - HOSPITAL",FALSE,260195,
MO,mo_year1_awardees.csv,4,Golden Valley Memorial Hospital,,FEDERAL_RECORD_CCN,"CMS enrolment, CCN 260175: PART A PROVIDER - HOSPITAL",FALSE,260175,
MO,mo_year1_awardees.csv,5,John Fitzgibbon Memorial Hospital,,FEDERAL_RECORD_CCN,"CMS enrolment, CCN 260142: PART A PROVIDER - HOSPITAL",FALSE,260142,
MO,mo_year1_awardees.csv,6,Lake Regional Health System,,FEDERAL_RECORD_CCN,"CMS enrolment, CCN 260186: PART A PROVIDER - HOSPITAL",FALSE,260186,
MO,mo_year1_awardees.csv,7,Northeast Regional Medical Center,,FEDERAL_RECORD_CCN,"CMS enrolment, CCN 260022: PART A PROVIDER - HOSPITAL",FALSE,260022,
MO,mo_year1_awardees.csv,8,Poplar Bluff Regional Medical Center,,FEDERAL_RECORD_CCN,"CMS enrolment, CCN 260119: PART A PROVIDER - HOSPITAL",FALSE,260119,
MO,mo_year1_awardees.csv,9,Scotland County Hospital,,FEDERAL_RECORD_CCN,"CMS enrolment, CCN 261310: PART A PROVIDER - CRITICAL ACCESS HOSPITAL",TRUE,261310,
MO,mo_year1_awardees.csv,10,Texas County Memorial Hospital,,FEDERAL_RECORD_CCN,"CMS enrolment, CCN 260024: PART A PROVIDER - HOSPITAL",FALSE,260024,
MO,mo_year1_awardees.csv,11,Bothwell Regional Health Center,,FEDERAL_RECORD_CCN,"CMS enrolment, CCN 260009: PART A PROVIDER - HOSPITAL",FALSE,260009,
MO,mo_year1_awardees.csv,12,Cameron Regional Medical Center,,FEDERAL_RECORD_CCN,"CMS enrolment, CCN 260057: PART A PROVIDER - HOSPITAL",FALSE,260057,
MO,mo_year1_awardees.csv,13,Carroll County Memorial Hospital,,FEDERAL_RECORD_CCN,"CMS enrolment, CCN 261332: PART A PROVIDER - CRITICAL ACCESS HOSPITAL",TRUE,261332,
MO,mo_year1_awardees.csv,14,Hannibal Regional Healthcare system,,FEDERAL_RECORD_CCN,"CMS enrolment, CCN 260025: PART A PROVIDER - HOSPITAL",FALSE,260025,
MO,mo_year1_awardees.csv,15,Hermann Area District Hospital,,FEDERAL_RECORD_CCN,"CMS enrolment, CCN 261314: PART A PROVIDER - CRITICAL ACCESS HOSPITAL",TRUE,261314,
MO,mo_year1_awardees.csv,16,Missouri Delta Medical Center,,FEDERAL_RECORD_CCN,"CMS enrolment, CCN 260113: PART A PROVIDER - HOSPITAL",FALSE,260113,
MO,mo_year1_awardees.csv,17,Nevada Regional Medical Center,,FEDERAL_RECORD_CCN,"CMS enrolment, CCN 260061: PART A PROVIDER - HOSPITAL",FALSE,260061,
MO,mo_year1_awardees.csv,18,Phelps County Regional Medical Center,,FEDERAL_RECORD_CCN,"CMS enrolment, CCN 260017: PART A PROVIDER - HOSPITAL",FALSE,260017,
MO,mo_year1_awardees.csv,19,Ray County Memorial Hospital,,FEDERAL_RECORD_CCN,"CMS enrolment, CCN 261327: PART A PROVIDER - CRITICAL ACCESS HOSPITAL",TRUE,261327,
MO,mo_year1_awardees.csv,20,Saint Francis Medical Center,,FEDERAL_RECORD_CCN,"CMS enrolment, CCN 260183: PART A PROVIDER - HOSPITAL",FALSE,260183,
MO,mo_year1_awardees.csv,21,Salem Memorial District Hospital,,FEDERAL_RECORD_CCN,"CMS enrolment, CCN 261318: PART A PROVIDER - CRITICAL ACCESS HOSPITAL",TRUE,261318,
MO,mo_year1_awardees.csv,22,Washington County Memorial Hospital,,FEDERAL_RECORD_CCN,"CMS enrolment, CCN 261308: PART A PROVIDER - CRITICAL ACCESS HOSPITAL",TRUE,261308,
IA,ia_year1_awardees.csv,1,Adair County Memorial Hospital,,NOT_RECORDED,,FALSE,,
IA,ia_year1_awardees.csv,2,Avera Holy Family Hospital,,NOT_RECORDED,,FALSE,,
IA,ia_year1_awardees.csv,3,Avera Merrill Pioneer Hospital,,NOT_RECORDED,,FALSE,,
IA,ia_year1_awardees.csv,4,Boone County Hospital,,NOT_RECORDED,,FALSE,,
IA,ia_year1_awardees.csv,5,Boone County Hospital,,NOT_RECORDED,,FALSE,,
IA,ia_year1_awardees.csv,6,Cass County Memorial Hospital DBA Cass Health,,NOT_RECORDED,,FALSE,,
IA,ia_year1_awardees.csv,7,CHI Health Mercy Corning,,GENERAL_KNOWLEDGE_ONLY,verifier's general knowledge: critical access hospital,FALSE,,GENERAL_KNOWLEDGE
IA,ia_year1_awardees.csv,8,CHI Health Mercy Corning,,GENERAL_KNOWLEDGE_ONLY,verifier's general knowledge: critical access hospital,FALSE,,GENERAL_KNOWLEDGE
IA,ia_year1_awardees.csv,9,CHI Health Mercy Corning,,GENERAL_KNOWLEDGE_ONLY,verifier's general knowledge: critical access hospital,FALSE,,GENERAL_KNOWLEDGE
IA,ia_year1_awardees.csv,10,CHI Health Missouri Valley,,GENERAL_KNOWLEDGE_ONLY,verifier's general knowledge: critical access hospital,FALSE,,GENERAL_KNOWLEDGE
IA,ia_year1_awardees.csv,11,CHI Health Missouri Valley,,GENERAL_KNOWLEDGE_ONLY,verifier's general knowledge: critical access hospital,FALSE,,GENERAL_KNOWLEDGE
IA,ia_year1_awardees.csv,12,Clarke County Hospital,,NOT_RECORDED,,FALSE,,
IA,ia_year1_awardees.csv,18,Crawford County Memorial Hospital,,NOT_RECORDED,,FALSE,,
IA,ia_year1_awardees.csv,19,Dallas County Hospital,,NOT_RECORDED,,FALSE,,
IA,ia_year1_awardees.csv,20,Davis County Hospital,,NOT_RECORDED,,FALSE,,
IA,ia_year1_awardees.csv,21,Decatur County Hospital,,NOT_RECORDED,,FALSE,,
IA,ia_year1_awardees.csv,22,Decatur County Hospital,,NOT_RECORDED,,FALSE,,
IA,ia_year1_awardees.csv,23,Floyd County Medical Center,,NOT_RECORDED,,FALSE,,
IA,ia_year1_awardees.csv,24,Floyd County Medical Center,,NOT_RECORDED,,FALSE,,
IA,ia_year1_awardees.csv,25,Floyd Valley Hospital,,NOT_RECORDED,,FALSE,,
IA,ia_year1_awardees.csv,26,Floyd Valley Hospital,,NOT_RECORDED,,FALSE,,
IA,ia_year1_awardees.csv,27,George C. Grape Community Hospital,,NOT_RECORDED,,FALSE,,
IA,ia_year1_awardees.csv,28,George C. Grape Community Hospital,,NOT_RECORDED,,FALSE,,
IA,ia_year1_awardees.csv,30,Greater Regional Medical Center,,NOT_RECORDED,,FALSE,,
IA,ia_year1_awardees.csv,31,Greater Regional Medical Center,,NOT_RECORDED,,FALSE,,
IA,ia_year1_awardees.csv,32,Guthrie County Hospital,,NOT_RECORDED,,FALSE,,
IA,ia_year1_awardees.csv,33,Guttenberg Municipal Hospital,,NOT_RECORDED,,FALSE,,
IA,ia_year1_awardees.csv,34,Guttenberg Municipal Hospital,,NOT_RECORDED,,FALSE,,
IA,ia_year1_awardees.csv,35,Hamilton County Hospital dba Van Diest Medical,,NOT_RECORDED,,FALSE,,
IA,ia_year1_awardees.csv,36,Center Hancock County Health System,,NOT_RECORDED,,FALSE,,
IA,ia_year1_awardees.csv,37,Hegg Memorial Hospital DBA Hegg Memorial,,NOT_RECORDED,,FALSE,,
IA,ia_year1_awardees.csv,38,Health Center Humboldt County Memorial Hospital,,NOT_RECORDED,,FALSE,,
IA,ia_year1_awardees.csv,39,Ida County Iowa Community Hospital,,NOT_RECORDED,,FALSE,,
IA,ia_year1_awardees.csv,43,Iowa Specialty Hospital,,NOT_RECORDED,,FALSE,,
IA,ia_year1_awardees.csv,44,Iowa Specialty Hospital,,NOT_RECORDED,,FALSE,,
IA,ia_year1_awardees.csv,45,Iowa Specialty Hospital,,NOT_RECORDED,,FALSE,,
IA,ia_year1_awardees.csv,46,Keokuk Area Hospital,,NOT_RECORDED,,FALSE,,
IA,ia_year1_awardees.csv,47,Kossuth Regional Health Center,,GENERAL_KNOWLEDGE_ONLY,verifier's general knowledge: critical access hospital,FALSE,,GENERAL_KNOWLEDGE
IA,ia_year1_awardees.csv,48,Lucas County Health Center,,GENERAL_KNOWLEDGE_ONLY,verifier's general knowledge: critical access hospital,FALSE,,GENERAL_KNOWLEDGE
IA,ia_year1_awardees.csv,49,Lucas County Health Center,,GENERAL_KNOWLEDGE_ONLY,verifier's general knowledge: critical access hospital,FALSE,,GENERAL_KNOWLEDGE
IA,ia_year1_awardees.csv,50,Madison County Healthcare System,,NOT_RECORDED,,FALSE,,
IA,ia_year1_awardees.csv,51,Mahaska County Hospital dba Mahaska Health,,NOT_RECORDED,,FALSE,,
IA,ia_year1_awardees.csv,52,Partnership Mahaska County Hospital dba Mahaska Health Partnership,,NOT_RECORDED,,FALSE,,
IA,ia_year1_awardees.csv,53,Manning Regional Healthcare Center,,NOT_RECORDED,,FALSE,,GENERAL_KNOWLEDGE
IA,ia_year1_awardees.csv,54,Manning Regional Healthcare Center,,NOT_RECORDED,,FALSE,,GENERAL_KNOWLEDGE
IA,ia_year1_awardees.csv,55,Marengo Memorial Hospital,,NOT_RECORDED,,FALSE,,
IA,ia_year1_awardees.csv,56,Marengo Memorial Hospital,,NOT_RECORDED,,FALSE,,
IA,ia_year1_awardees.csv,57,"Mercy Health Services- Iowa, Corp.",,NOT_RECORDED,,FALSE,,GENERAL_KNOWLEDGE
IA,ia_year1_awardees.csv,58,MercyOne Clinton Medical Center,,NOT_RECORDED,,FALSE,,
IA,ia_year1_awardees.csv,59,MercyOne Elkader Medical Center,,NOT_RECORDED,,FALSE,,
IA,ia_year1_awardees.csv,60,MercyOneGenesis DeWitt Medical Center,,NOT_RECORDED,,FALSE,,
IA,ia_year1_awardees.csv,61,MercyOne New Hampton,,GENERAL_KNOWLEDGE_ONLY,verifier's general knowledge: critical access hospital,FALSE,,GENERAL_KNOWLEDGE
IA,ia_year1_awardees.csv,62,MercyOne Newton Medical Center,,NOT_RECORDED,,FALSE,,
IA,ia_year1_awardees.csv,63,MercyOne North Iowa Foundation,,NOT_RECORDED,,FALSE,,GENERAL_KNOWLEDGE
IA,ia_year1_awardees.csv,64,MercyOneNorth Iowa Foundation,,NOT_RECORDED,,FALSE,,GENERAL_KNOWLEDGE
IA,ia_year1_awardees.csv,65,MercyOne North Iowa Foundation,,NOT_RECORDED,,FALSE,,GENERAL_KNOWLEDGE
IA,ia_year1_awardees.csv,66,Mitchell County Regional Health Center,,GENERAL_KNOWLEDGE_ONLY,verifier's general knowledge: critical access hospital,FALSE,,GENERAL_KNOWLEDGE
IA,ia_year1_awardees.csv,68,Center Monroe County Hospital,,NOT_RECORDED,,FALSE,,
IA,ia_year1_awardees.csv,70,Osceola Community Hospital DBA Osceola Regional Health Center,,NOT_RECORDED,,FALSE,,
IA,ia_year1_awardees.csv,71,Ottumwa Regional Health Center,,NOT_RECORDED,,FALSE,,GENERAL_KNOWLEDGE
IA,ia_year1_awardees.csv,72,Ottumwa Regional Health Center,,NOT_RECORDED,,FALSE,,GENERAL_KNOWLEDGE
IA,ia_year1_awardees.csv,73,Palmer Lutheran Health Center,,GENERAL_KNOWLEDGE_ONLY,verifier's general knowledge: critical access hospital,FALSE,,GENERAL_KNOWLEDGE
IA,ia_year1_awardees.csv,74,Palo Alto County Health System,,NOT_RECORDED,,FALSE,,
IA,ia_year1_awardees.csv,75,Pella Regional Health Center,,NOT_RECORDED,,FALSE,,GENERAL_KNOWLEDGE
IA,ia_year1_awardees.csv,79,Regional Health Services of Howard County,,GENERAL_KNOWLEDGE_ONLY,verifier's general knowledge: critical access hospital,FALSE,,GENERAL_KNOWLEDGE
IA,ia_year1_awardees.csv,80,Regional Health Services of Howard County,,GENERAL_KNOWLEDGE_ONLY,verifier's general knowledge: critical access hospital,FALSE,,GENERAL_KNOWLEDGE
IA,ia_year1_awardees.csv,81,Regional Medical Center,,NOT_RECORDED,,FALSE,,
IA,ia_year1_awardees.csv,82,Ringgold County Hospital,,NOT_RECORDED,,FALSE,,
IA,ia_year1_awardees.csv,83,Ringgold County Hospital,,NOT_RECORDED,,FALSE,,
IA,ia_year1_awardees.csv,84,Sanford Health,,NOT_RECORDED,,FALSE,,GENERAL_KNOWLEDGE
IA,ia_year1_awardees.csv,85,"Sanford Health Network - Sioux Falls, SD",,NOT_RECORDED,,FALSE,,GENERAL_KNOWLEDGE
IA,ia_year1_awardees.csv,86,"Shelby County Chris A Myrtue Memorial Hospital, DBA Myrtue Medical Center",,NOT_RECORDED,,FALSE,,
IA,ia_year1_awardees.csv,87,"Shelby County Chris A Myrtue Memorial Hospital, DBA Myrtue Medical",,NOT_RECORDED,,FALSE,,
IA,ia_year1_awardees.csv,88,Center Shenandoah Medical Center,,NOT_RECORDED,,FALSE,,
IA,ia_year1_awardees.csv,89,Sioux Center Health,,NOT_RECORDED,,FALSE,,ORG_WEBSITE
IA,ia_year1_awardees.csv,90,Sioux Valley Memorial Hospital Association,,NOT_RECORDED,,FALSE,,
IA,ia_year1_awardees.csv,91,Sioux Valley Memorial Hospital Association,,NOT_RECORDED,,FALSE,,
IA,ia_year1_awardees.csv,92,Spencer Hospital,,NOT_RECORDED,,FALSE,,
IA,ia_year1_awardees.csv,93,Spencer Hospital,,NOT_RECORDED,,FALSE,,
IA,ia_year1_awardees.csv,94,St. Anthony Regional Hospital,,NOT_RECORDED,,FALSE,,
IA,ia_year1_awardees.csv,95,St. Joseph's Mercy Hospital DBA MercyOne,,NOT_RECORDED,,FALSE,,
IA,ia_year1_awardees.csv,96,Centerville Medical Center Stewart Memorial Community Hospital,,NOT_RECORDED,,FALSE,,
IA,ia_year1_awardees.csv,97,UnityPoint Health - Marshalltown,,NOT_RECORDED,,FALSE,,GENERAL_KNOWLEDGE
IA,ia_year1_awardees.csv,98,UnityPoint Health - Marshalltown,,NOT_RECORDED,,FALSE,,GENERAL_KNOWLEDGE
IA,ia_year1_awardees.csv,99,Van Buren County Hospital,,NOT_RECORDED,,FALSE,,
IA,ia_year1_awardees.csv,100,Veterans Memorial Hospital,,NOT_RECORDED,,FALSE,,
IA,ia_year1_awardees.csv,101,Virginia Gay Hospital,,NOT_RECORDED,,FALSE,,
IA,ia_year1_awardees.csv,102,Washington County Hospital and Clinics,,NOT_RECORDED,,FALSE,,
IA,ia_year1_awardees.csv,103,Wayne County Hospital,,NOT_RECORDED,,FALSE,,
IA,ia_year1_awardees.csv,105,WinnMed,,GENERAL_KNOWLEDGE_ONLY,verifier's general knowledge: critical access hospital,FALSE,,GENERAL_KNOWLEDGE
IA,ia_year1_awardees.csv,106,Adair County Memorial Hospital,,NOT_RECORDED,,FALSE,,
IA,ia_year1_awardees.csv,107,Avera Holy Family Hospital,,NOT_RECORDED,,FALSE,,
IA,ia_year1_awardees.csv,108,University of Iowa Health Care,,FEDERAL_RECORD_CCN,"CMS enrolment, CCN 160058: PART A PROVIDER - HOSPITAL",FALSE,160058,GENERAL_KNOWLEDGE
IA,ia_year1_awardees.csv,110,Shelby Co. DBA Myrtue Medical Center,,NOT_RECORDED,,FALSE,,
IA,ia_year1_awardees.csv,111,Iowa Specialty Hospital,,NOT_RECORDED,,FALSE,,
IA,ia_year1_awardees.csv,112,Manning Regional Health Care Center,,GENERAL_KNOWLEDGE_ONLY,verifier's general knowledge: critical access hospital,FALSE,,GENERAL_KNOWLEDGE
IA,ia_year1_awardees.csv,113,Marengo Memorial Hospital,,NOT_RECORDED,,FALSE,,
IA,ia_year1_awardees.csv,114,Jennie Edmundson Memorial Hospital,,NOT_RECORDED,,FALSE,,
IA,ia_year1_awardees.csv,115,Decatur County Hospital,,NOT_RECORDED,,FALSE,,
IA,ia_year1_awardees.csv,116,Knoxville Hospital and Clinics,,NOT_RECORDED,,FALSE,,
IA,ia_year1_awardees.csv,117,Guttenberg Municipal Hospital,,NOT_RECORDED,,FALSE,,
IA,ia_year1_awardees.csv,118,Central Iowa Hospital Corporation,,NOT_RECORDED,,FALSE,,
IA,ia_year1_awardees.csv,119,Sioux Center Health,,NOT_RECORDED,,FALSE,,ORG_WEBSITE
IA,ia_year1_awardees.csv,121,University of Iowa Healthcare,,FEDERAL_RECORD_CCN,"CMS enrolment, CCN 160058: PART A PROVIDER - HOSPITAL",FALSE,160058,GENERAL_KNOWLEDGE
IA,ia_year1_awardees.csv,122,Adair County Memorial Hospital,,NOT_RECORDED,,FALSE,,
IA,ia_year1_awardees.csv,123,Avera Holy Family Hospital,,NOT_RECORDED,,FALSE,,
IA,ia_year1_awardees.csv,124,Belmond Community Hospital,,NOT_RECORDED,,FALSE,,
IA,ia_year1_awardees.csv,125,Burgess Health Center,,GENERAL_KNOWLEDGE_ONLY,verifier's general knowledge: critical access hospital,FALSE,,GENERAL_KNOWLEDGE
IA,ia_year1_awardees.csv,126,Crawford County Memorial Hospital,,NOT_RECORDED,,FALSE,,
IA,ia_year1_awardees.csv,127,Dallas County Hospital,,NOT_RECORDED,,FALSE,,
IA,ia_year1_awardees.csv,128,Davis County Hospital,,NOT_RECORDED,,FALSE,,
IA,ia_year1_awardees.csv,129,Decatur County Hospital,,NOT_RECORDED,,FALSE,,
IA,ia_year1_awardees.csv,130,Ellsworth Municipal Hospital DBA Hansen Family Hospital,,NOT_RECORDED,,FALSE,,
IA,ia_year1_awardees.csv,131,Floyd Valley Hospital,,NOT_RECORDED,,FALSE,,
IA,ia_year1_awardees.csv,132,Greater Regional Medical Center,,NOT_RECORDED,,FALSE,,
IA,ia_year1_awardees.csv,133,Hancock County Health System,,NOT_RECORDED,,FALSE,,
IA,ia_year1_awardees.csv,134,Hawarden Regional Healthcare DBA Hawarden Community Hospital,,NOT_RECORDED,,FALSE,,
IA,ia_year1_awardees.csv,135,Humboldt County Memorial Hospital,,NOT_RECORDED,,FALSE,,
IA,ia_year1_awardees.csv,136,Lucas County Health Center,,GENERAL_KNOWLEDGE_ONLY,verifier's general knowledge: critical access hospital,FALSE,,GENERAL_KNOWLEDGE
IA,ia_year1_awardees.csv,137,Mahaska County Hospital dba Mahaska Health Partnership,,NOT_RECORDED,,FALSE,,
IA,ia_year1_awardees.csv,138,Manning Regional Healthcare Center,,NOT_RECORDED,,FALSE,,GENERAL_KNOWLEDGE
IA,ia_year1_awardees.csv,139,Marengo Memorial Hospital,,NOT_RECORDED,,FALSE,,
IA,ia_year1_awardees.csv,140,"Mercy Health Services-Iowa, Corp.",,NOT_RECORDED,,FALSE,,GENERAL_KNOWLEDGE
IA,ia_year1_awardees.csv,141,MercyOne Clinton Medical Center,,NOT_RECORDED,,FALSE,,
IA,ia_year1_awardees.csv,142,MercyOne Elkader Medical Center,,NOT_RECORDED,,FALSE,,
IA,ia_year1_awardees.csv,143,MercyOne Genesis Foundation,,NOT_RECORDED,,FALSE,,GENERAL_KNOWLEDGE
IA,ia_year1_awardees.csv,144,MercyOne New Hampton,,GENERAL_KNOWLEDGE_ONLY,verifier's general knowledge: critical access hospital,FALSE,,GENERAL_KNOWLEDGE
IA,ia_year1_awardees.csv,145,MercyOne Newton Medical Center,,NOT_RECORDED,,FALSE,,
IA,ia_year1_awardees.csv,146,MercyOne North Iowa Foundation,,NOT_RECORDED,,FALSE,,GENERAL_KNOWLEDGE
IA,ia_year1_awardees.csv,147,MercyOne Oelwein Medical Center,,NOT_RECORDED,,FALSE,,
IA,ia_year1_awardees.csv,148,Mitchell County Regional Health Center,,GENERAL_KNOWLEDGE_ONLY,verifier's general knowledge: critical access hospital,FALSE,,GENERAL_KNOWLEDGE
IA,ia_year1_awardees.csv,149,Orange City Area Health System,,NOT_RECORDED,,FALSE,,
IA,ia_year1_awardees.csv,150,Pella Regional Health Center,,NOT_RECORDED,,FALSE,,GENERAL_KNOWLEDGE
IA,ia_year1_awardees.csv,151,"Shelby County Chris A Myrtue Memorial Hospital, DBA Myrtue Medical Center",,NOT_RECORDED,,FALSE,,
IA,ia_year1_awardees.csv,152,Sioux Valley Memorial Hospital Association,,NOT_RECORDED,,FALSE,,
IA,ia_year1_awardees.csv,153,St. Joseph's Mercy Hospital DBA MercyOne Centerville Medical Center,,NOT_RECORDED,,FALSE,,
IA,ia_year1_awardees.csv,154,St. Luke's Jones Regional Medical Center DBA Jones Regional Medical Center,,NOT_RECORDED,,FALSE,,
IA,ia_year1_awardees.csv,155,Van Buren County Hospital,,NOT_RECORDED,,FALSE,,
IA,ia_year1_awardees.csv,156,Waverly Health Center,,GENERAL_KNOWLEDGE_ONLY,verifier's general knowledge: critical access hospital,FALSE,,GENERAL_KNOWLEDGE
IA,ia_year1_awardees.csv,157,Wayne County Hospital,,NOT_RECORDED,,FALSE,,
IA,ia_year1_awardees.csv,158,WinnMed,,GENERAL_KNOWLEDGE_ONLY,verifier's general knowledge: critical access hospital,FALSE,,GENERAL_KNOWLEDGE
IA,ia_year1_awardees.csv,159,Ottumwa Regional Health Center,,NOT_RECORDED,,FALSE,,GENERAL_KNOWLEDGE
IA,ia_year1_awardees.csv,160,Wayne County Hospital,,NOT_RECORDED,,FALSE,,
IA,ia_year1_awardees.csv,161,Shenandoah Medical Center,,NOT_RECORDED,,FALSE,,
IA,ia_year1_awardees.csv,162,Greater Regional Medical Center,,NOT_RECORDED,,FALSE,,
IA,ia_year1_awardees.csv,163,Mary Greeley Medical Center,,NOT_RECORDED,,FALSE,,
IA,ia_year1_awardees.csv,164,Hegg Memorial Hospital,,NOT_RECORDED,,FALSE,,
IA,ia_year1_awardees.csv,165,Sioux Center Health,,NOT_RECORDED,,FALSE,,ORG_WEBSITE
IA,ia_year1_awardees.csv,166,Henry County Health Center,,GENERAL_KNOWLEDGE_ONLY,verifier's general knowledge: critical access hospital,FALSE,,GENERAL_KNOWLEDGE
IA,ia_year1_awardees.csv,167,Montgomery County Memorial Hospital,,NOT_RECORDED,,FALSE,,
IA,ia_year1_awardees.csv,168,Floyd County Medical Center,,NOT_RECORDED,,FALSE,,
IA,ia_year1_awardees.csv,169,Buchanan County Health Center,,GENERAL_KNOWLEDGE_ONLY,verifier's general knowledge: critical access hospital,FALSE,,GENERAL_KNOWLEDGE
IA,ia_year1_awardees.csv,170,Cass County Memorial Hospital dba Cass Health,,NOT_RECORDED,,FALSE,,
IA,ia_year1_awardees.csv,171,Kossuth Regional Health Center,,GENERAL_KNOWLEDGE_ONLY,verifier's general knowledge: critical access hospital,FALSE,,GENERAL_KNOWLEDGE
IA,ia_year1_awardees.csv,172,Veterans Memorial Hospital,,NOT_RECORDED,,FALSE,,
IA,ia_year1_awardees.csv,173,Regional Health Services of Howard County,,GENERAL_KNOWLEDGE_ONLY,verifier's general knowledge: critical access hospital,FALSE,,GENERAL_KNOWLEDGE
IA,ia_year1_awardees.csv,174,CHI Health Mercy Corning,,GENERAL_KNOWLEDGE_ONLY,verifier's general knowledge: critical access hospital,FALSE,,GENERAL_KNOWLEDGE
IA,ia_year1_awardees.csv,175,CHI Health Missouri Valley,,GENERAL_KNOWLEDGE_ONLY,verifier's general knowledge: critical access hospital,FALSE,,GENERAL_KNOWLEDGE
IA,ia_year1_awardees.csv,176,Ringgold County Hospital,,NOT_RECORDED,,FALSE,,
IA,ia_year1_awardees.csv,177,Keokuk County Hospitals & Clinics,,NOT_RECORDED,,FALSE,,
IA,ia_year1_awardees.csv,178,Guthrie County Hospital,,NOT_RECORDED,,FALSE,,
IA,ia_year1_awardees.csv,179,Grundy County Memorial Hospital,,NOT_RECORDED,,FALSE,,
IA,ia_year1_awardees.csv,180,Palo Alto County Health System,,NOT_RECORDED,,FALSE,,
IA,ia_year1_awardees.csv,181,Washington County Hospital & Clinics,,NOT_RECORDED,,FALSE,,
IA,ia_year1_awardees.csv,182,Iowa Specialty Hospital -Clarion,,NOT_RECORDED,,FALSE,,
IA,ia_year1_awardees.csv,183,Unity Healthcare dba Trinity Muscatine Hospital,,NOT_RECORDED,,FALSE,,
IA,ia_year1_awardees.csv,184,Jackson County Regional Health Center,,GENERAL_KNOWLEDGE_ONLY,verifier's general knowledge: critical access hospital,FALSE,,GENERAL_KNOWLEDGE
IA,ia_year1_awardees.csv,185,Jefferson County Health Center,,GENERAL_KNOWLEDGE_ONLY,verifier's general knowledge: critical access hospital,FALSE,,GENERAL_KNOWLEDGE
IA,ia_year1_awardees.csv,186,Knoxville Hospital & Clinics,,NOT_RECORDED,,FALSE,,
IA,ia_year1_awardees.csv,187,Spencer Hospital,,NOT_RECORDED,,FALSE,,
IA,ia_year1_awardees.csv,188,Emplify Health by Gundersen,,NOT_RECORDED,,FALSE,,GENERAL_KNOWLEDGE
IA,ia_year1_awardees.csv,189,Grinnell Regional Medical Center,,NOT_RECORDED,,FALSE,,
IA,ia_year1_awardees.csv,190,Southeast Iowa Regional Medical Center,,NOT_RECORDED,,FALSE,,
IA,ia_year1_awardees.csv,191,Unity Healthcare dba Trinity Muscatine Hospital,,NOT_RECORDED,,FALSE,,
IA,ia_year1_awardees.csv,192,Franklin General Hospital,,NOT_RECORDED,,FALSE,,
IA,ia_year1_awardees.csv,193,Regional Medical Center,,NOT_RECORDED,,FALSE,,
IA,ia_year1_awardees.csv,194,Hamilton County Hospital dba Van Diest Medical Center,,NOT_RECORDED,,FALSE,,
IA,ia_year1_awardees.csv,196,Stewart Memorial Community Hospital,,NOT_RECORDED,,FALSE,,
IA,ia_year1_awardees.csv,197,"Sanford Health Network –Sioux Falls, SD (Rock Rapids)",,NOT_RECORDED,,FALSE,,GENERAL_KNOWLEDGE
IA,ia_year1_awardees.csv,199,Shenandoah Medical Center,,NOT_RECORDED,,FALSE,,
IA,ia_year1_awardees.csv,200,Boone County Hospital,,NOT_RECORDED,,FALSE,,
IA,ia_year1_awardees.csv,201,Trinity Regional Medical Center –Ft. Dodge,,NOT_RECORDED,,FALSE,,
IA,ia_year1_awardees.csv,202,Loring Hospital,,NOT_RECORDED,,FALSE,,
IA,ia_year1_awardees.csv,203,Clarke County Hospital,,NOT_RECORDED,,FALSE,,
IA,ia_year1_awardees.csv,204,Hawarden Regional Healthcare dba Hawarden Community Hospital,,NOT_RECORDED,,FALSE,,
IA,ia_year1_awardees.csv,205,"Sanford Health Network –Sioux Falls, SD (Sheldon)",,NOT_RECORDED,,FALSE,,GENERAL_KNOWLEDGE
IA,ia_year1_awardees.csv,206,Ottumwa Regional Health Center,,NOT_RECORDED,,FALSE,,GENERAL_KNOWLEDGE
IA,ia_year1_awardees.csv,210,Montgomery County Memorial Hospital,,NOT_RECORDED,,FALSE,,
IA,ia_year1_awardees.csv,214,Veterans Memorial Hospital,,NOT_RECORDED,,FALSE,,
IA,ia_year1_awardees.csv,215,Veterans Memorial Hospital,,NOT_RECORDED,,FALSE,,
IA,ia_year1_awardees.csv,217,Montgomery County Memorial Hospital,,NOT_RECORDED,,FALSE,,
IA,ia_year1_awardees.csv,218,Marengo Memorial Hospital dba Compass Memorial Healthcare,,NOT_RECORDED,,FALSE,,
IA,ia_year1_awardees.csv,219,Marengo Memorial Hospital dba Compass Memorial Healthcare,,NOT_RECORDED,,FALSE,,
IA,ia_year1_awardees.csv,220,Buena Vista Regional Medical Center,,NOT_RECORDED,,FALSE,,
IA,ia_year1_awardees.csv,221,Palmer Lutheran Health Center,,GENERAL_KNOWLEDGE_ONLY,verifier's general knowledge: critical access hospital,FALSE,,GENERAL_KNOWLEDGE
IA,ia_year1_awardees.csv,222,MercyOne New Hampton,,GENERAL_KNOWLEDGE_ONLY,verifier's general knowledge: critical access hospital,FALSE,,GENERAL_KNOWLEDGE
IA,ia_year1_awardees.csv,223,MercyOne New Hampton,,GENERAL_KNOWLEDGE_ONLY,verifier's general knowledge: critical access hospital,FALSE,,GENERAL_KNOWLEDGE
IA,ia_year1_awardees.csv,224,Belmond Community Hospital,,NOT_RECORDED,,FALSE,,
IA,ia_year1_awardees.csv,227,Orange City Area Health System,,NOT_RECORDED,,FALSE,,
IA,ia_year1_awardees.csv,229,Lucas County Health Center,,GENERAL_KNOWLEDGE_ONLY,verifier's general knowledge: critical access hospital,FALSE,,GENERAL_KNOWLEDGE
IA,ia_year1_awardees.csv,230,Virginia Gay Hospital,,NOT_RECORDED,,FALSE,,
IA,ia_year1_awardees.csv,231,Belmond Community Hospital,,NOT_RECORDED,,FALSE,,
IA,ia_year1_awardees.csv,232,Ottumwa Regional Health Center,,NOT_RECORDED,,FALSE,,GENERAL_KNOWLEDGE
IA,ia_year1_awardees.csv,235,Belmond Community Hospital,,NOT_RECORDED,,FALSE,,
IA,ia_year1_awardees.csv,237,MercyOne Oelwein Medical Center,,NOT_RECORDED,,FALSE,,
IA,ia_year1_awardees.csv,239,Knoxville Hospital & Clinics,,NOT_RECORDED,,FALSE,,
IA,ia_year1_awardees.csv,240,Shelby County Chris A Myrtue Memorial Hospital dba Mrytue Medical Center,,NOT_RECORDED,,FALSE,,
IA,ia_year1_awardees.csv,241,Lakes Regional Healthcare,,NOT_RECORDED,,FALSE,,GENERAL_KNOWLEDGE
IA,ia_year1_awardees.csv,242,Iowa Specialty Hospital -Clarion,,NOT_RECORDED,,FALSE,,
IA,ia_year1_awardees.csv,243,"Mercy Health Services -Iowa, Corp",,NOT_RECORDED,,FALSE,,GENERAL_KNOWLEDGE
IA,ia_year1_awardees.csv,244,MercyOne Elkader Medical Center,,NOT_RECORDED,,FALSE,,
IA,ia_year1_awardees.csv,245,Audubon County Memorial Hospita,,NOT_RECORDED,,FALSE,,GENERAL_KNOWLEDGE
IA,ia_year1_awardees.csv,246,Knoxville Hospital & Clinics,,NOT_RECORDED,,FALSE,,
IA,ia_year1_awardees.csv,247,MercyOne Newton Medical Center,,NOT_RECORDED,,FALSE,,
IA,ia_year1_awardees.csv,248,Clarke County Hospital,,NOT_RECORDED,,FALSE,,
IA,ia_year1_awardees.csv,258,Audubon County Memorial Hospital,,NOT_RECORDED,,FALSE,,
IA,ia_year1_awardees.csv,261,Ottumwa Regional Health Center,,NOT_RECORDED,,FALSE,,GENERAL_KNOWLEDGE
IA,ia_year1_awardees.csv,262,Adair County Memorial Hospital,,NOT_RECORDED,,FALSE,,
NC,nc_year1_awardees.csv,9,Cape Fear Valley Mobile Integrated Health (MIH),,NOT_RECORDED,,FALSE,,GENERAL_KNOWLEDGE
NC,nc_year1_awardees.csv,43,University of North Carolina Hospitals,,FEDERAL_RECORD_CCN,"CMS enrolment, CCN 340061: PART A PROVIDER - HOSPITAL",FALSE,340061,GENERAL_KNOWLEDGE
AR,ar_year1_awardees.csv,4,Arkansas Children's Hospital,301400,NOT_RECORDED,,FALSE,,
AR,ar_year1_awardees.csv,7,Baptist Health,1926432,NOT_RECORDED,,FALSE,,ORG_WEBSITE
AR,ar_year1_awardees.csv,8,Baptist Health,15000000,NOT_RECORDED,,FALSE,,ORG_WEBSITE
AR,ar_year1_awardees.csv,9,Baxter Health,7738729.91,NOT_RECORDED,,FALSE,,ORG_WEBSITE
AR,ar_year1_awardees.csv,10,Baxter Health,12000000,NOT_RECORDED,,FALSE,,ORG_WEBSITE
AR,ar_year1_awardees.csv,14,Conway Regional Health System,795960,NOT_RECORDED,,FALSE,,
AR,ar_year1_awardees.csv,16,Delta Memorial Hospital,24720,NOT_RECORDED,,FALSE,,
AR,ar_year1_awardees.csv,19,Jefferson Hospital Association,3000000,NOT_RECORDED,,FALSE,,
AR,ar_year1_awardees.csv,20,"John Ed Chambers Memorial Hospital, Inc.",2187999.96,NOT_RECORDED,,FALSE,,
AR,ar_year1_awardees.csv,21,Johnson Regional Medical Center,974455,NOT_RECORDED,,FALSE,,
AR,ar_year1_awardees.csv,23,Mercy Health Fort Smith Communities,6340043,NOT_RECORDED,,FALSE,,ORG_WEBSITE
AR,ar_year1_awardees.csv,24,Mercy Health Fort Smith Communities,12716206,NOT_RECORDED,,FALSE,,ORG_WEBSITE
AR,ar_year1_awardees.csv,25,Methodist Le Bonheur Community Outreach,340725,NOT_RECORDED,,FALSE,,GENERAL_KNOWLEDGE
AR,ar_year1_awardees.csv,26,Mississippi County Hospital System,9602657,NOT_RECORDED,,FALSE,,
AR,ar_year1_awardees.csv,28,North Arkansas Regional Medical Center,3000000,NOT_RECORDED,,FALSE,,
AR,ar_year1_awardees.csv,30,St. Bernards Development Foundation,5000000,NOT_RECORDED,,FALSE,,GENERAL_KNOWLEDGE
AR,ar_year1_awardees.csv,31,St. Bernards Development Foundation,9551090,NOT_RECORDED,,FALSE,,GENERAL_KNOWLEDGE
AR,ar_year1_awardees.csv,34,University of Arkansas for Medical Sciences,7775646,FEDERAL_RECORD_CCN,"CMS enrolment, CCN 040016: PART A PROVIDER - HOSPITAL",FALSE,040016,ORG_WEBSITE
AR,ar_year1_awardees.csv,35,University of Arkansas for Medical Sciences,4215558,FEDERAL_RECORD_CCN,"CMS enrolment, CCN 040016: PART A PROVIDER - HOSPITAL",FALSE,040016,ORG_WEBSITE
AR,ar_year1_awardees.csv,36,White County Medical Center,1905496,NOT_RECORDED,,FALSE,,
AR,ar_year1_round2_awardees.csv,11,Arkansas Surgical Hospital,473000,NOT_RECORDED,,FALSE,,
AR,ar_year1_round2_awardees.csv,12,Baptist Health,418883,NOT_RECORDED,,FALSE,,ORG_WEBSITE
AR,ar_year1_round2_awardees.csv,14,Conway Regional Health System,761440,NOT_RECORDED,,FALSE,,
AR,ar_year1_round2_awardees.csv,22,Jefferson Hospital Association,670000,NOT_RECORDED,,FALSE,,
AR,ar_year1_round2_awardees.csv,23,Jefferson Hospital Association,360000,NOT_RECORDED,,FALSE,,
AR,ar_year1_round2_awardees.csv,24,Mississippi County Hospital System,4402000,NOT_RECORDED,,FALSE,,
AR,ar_year1_round2_awardees.csv,27,North Arkansas Regional Medical Center,1629128,NOT_RECORDED,,FALSE,,
AR,ar_year1_round2_awardees.csv,31,St. Bernards Development Foundation,3851347,NOT_RECORDED,,FALSE,,GENERAL_KNOWLEDGE
AR,ar_year1_round2_awardees.csv,32,St. Bernards Development Foundation,947727,NOT_RECORDED,,FALSE,,GENERAL_KNOWLEDGE
AR,ar_year1_round2_awardees.csv,36,University of Arkansas for Medical Sciences,3175032,FEDERAL_RECORD_CCN,"CMS enrolment, CCN 040016: PART A PROVIDER - HOSPITAL",FALSE,040016,ORG_WEBSITE
AR,ar_year1_round2_awardees.csv,37,University of Arkansas for Medical Sciences,1893830,FEDERAL_RECORD_CCN,"CMS enrolment, CCN 040016: PART A PROVIDER - HOSPITAL",FALSE,040016,ORG_WEBSITE
AR,ar_year1_round2_awardees.csv,38,White County Medical Center,300926.15,NOT_RECORDED,,FALSE,,
AR,ar_year1_round2_awardees.csv,39,"White River Health System, Inc.",2113815.5,NOT_RECORDED,,FALSE,,
AR,ar_year1_round2_awardees.csv,40,"White River Health System, Inc.",2942715,NOT_RECORDED,,FALSE,,
WY,wy_year1_awardees.csv,1,Memorial Hospital of Converse County (MHCC),3058000,STATE_SOURCE_RURAL,WY: Critical Access Hospital (Initiative 1.1 table),TRUE,,
WY,wy_year1_awardees.csv,2,Sheridan Memorial Hospital,6662685,STATE_SOURCE_RURAL,WY: Critical Access Hospital (Initiative 1.1 table),TRUE,,
WY,wy_year1_awardees.csv,3,Powell Valley Health Care Inc,3128331,STATE_SOURCE_RURAL,WY: Critical Access Hospital (Initiative 1.1 table),TRUE,,
WY,wy_year1_awardees.csv,4,Cody Regional Health,2750000,STATE_SOURCE_RURAL,WY: Critical Access Hospital (Initiative 1.1 table),TRUE,,
WY,wy_year1_awardees.csv,5,Johnson County Hospital District,3048158,STATE_SOURCE_RURAL,WY: Critical Access Hospital (Initiative 1.1 table),TRUE,,
WY,wy_year1_awardees.csv,6,North Lincoln County Hospital District dba Star Valley,2500000,STATE_SOURCE_RURAL,WY: Critical Access Hospital (Initiative 1.1 table),TRUE,,
WY,wy_year1_awardees.csv,7,Crook County Medical Services District,1647000,STATE_SOURCE_RURAL,WY: Critical Access Hospital (Initiative 1.1 table),TRUE,,
WY,wy_year1_awardees.csv,8,Hot Springs County Hospital District,1750000,STATE_SOURCE_RURAL,WY: Critical Access Hospital (Initiative 1.1 table),TRUE,,
WY,wy_year1_awardees.csv,9,Memorial Hospital of Sweetwater County,1500000,STATE_SOURCE_RURAL,WY: Critical Access Hospital (Initiative 1.1 table),TRUE,,
WY,wy_year1_awardees.csv,10,"South Big Horn County Hospital District, DBA as Thre",2656000,STATE_SOURCE_RURAL,WY: Critical Access Hospital (Initiative 1.1 table),TRUE,,
WY,wy_year1_awardees.csv,11,Sublette County Hospital,1750000,STATE_SOURCE_RURAL,WY: Critical Access Hospital (Initiative 1.1 table),TRUE,,
WY,wy_year1_awardees.csv,12,Memorial Hospital of Carbon County,5750000,STATE_SOURCE_RURAL,WY: Critical Access Hospital (Initiative 1.1 table),TRUE,,
WY,wy_year1_awardees.csv,13,Teton County Hospital District dba St. John’s Health,1250000,STATE_SOURCE_RURAL,WY: Critical Access Hospital (Initiative 1.1 table),TRUE,,
WY,wy_year1_awardees.csv,14,South Lincoln Hospital District,5750000,STATE_SOURCE_RURAL,WY: Critical Access Hospital (Initiative 1.1 table),TRUE,,
WY,wy_year1_awardees.csv,15,North Big Horn Hospital District,1000000,STATE_SOURCE_RURAL,WY: Critical Access Hospital (Initiative 1.1 table),TRUE,,
WY,wy_year1_awardees.csv,16,Evanston Regional Hospital,1250000,STATE_SOURCE_RURAL,WY: Critical Access Hospital (Initiative 1.1 table),TRUE,,
WY,wy_year1_awardees.csv,17,Niobrara County Hospital District,1000000,STATE_SOURCE_RURAL,WY: Critical Access Hospital (Initiative 1.1 table),TRUE,,
WY,wy_year1_awardees.csv,18,North Platte Valley Medical Center,1750000,STATE_SOURCE_RURAL,WY: Critical Access Hospital (Initiative 1.1 table),TRUE,,
WY,wy_year1_awardees.csv,19,Cody Regional Health,2200000,NOT_RECORDED,,FALSE,,
WY,wy_year1_awardees.csv,22,Sheridan Memorial Hospital,2200000,NOT_RECORDED,,FALSE,,
WY,wy_year1_awardees.csv,23,Crook County Medical Services District,2200000,NOT_RECORDED,,FALSE,,
WY,wy_year1_awardees.csv,24,North Lincoln County Hospital District dba Star Valley Heal,2200000,NOT_RECORDED,,FALSE,,
WY,wy_year1_awardees.csv,25,Memorial Hospital of Converse County,2200000,NOT_RECORDED,,FALSE,,
WY,wy_year1_awardees.csv,26,Campbell County Health (CCH) Emergency Medical Servic,1700000,NOT_RECORDED,,FALSE,,ORG_WEBSITE
WY,wy_year1_awardees.csv,31,University of Utah,9255398,FEDERAL_RECORD_CCN,"CMS enrolment, CCN 460009: PART A PROVIDER - HOSPITAL",FALSE,460009,ORG_WEBSITE
WY,wy_year1_awardees.csv,32,Memorial Hospital of Laramie County dba Cheyenne Regional Medical Center,2193968.9,NOT_RECORDED,,FALSE,,
WY,wy_year1_awardees.csv,33,Powell Valley Health Care,65000,GENERAL_KNOWLEDGE_ONLY,verifier's general knowledge: critical access hospital,FALSE,,GENERAL_KNOWLEDGE
WY,wy_year1_awardees.csv,34,Johnson County Hospital District,4751700,NOT_RECORDED,,FALSE,,
WY,wy_year1_awardees.csv,35,Evanston Regional Hospital,2602426,NOT_RECORDED,,FALSE,,
WY,wy_year1_awardees.csv,37,Memorial Hospital of Laramie County dba Cheyen,415625,NOT_RECORDED,,FALSE,,
WY,wy_year1_awardees.csv,38,Campbell County Hospital District dba Campbell C,202590,NOT_RECORDED,,FALSE,,
WY,wy_year1_awardees.csv,40,Powell Valley Health Care,687302,GENERAL_KNOWLEDGE_ONLY,verifier's general knowledge: critical access hospital,FALSE,,GENERAL_KNOWLEDGE
WY,wy_year1_awardees.csv,41,Campbell County Hospital District dba Campbell C,381672,NOT_RECORDED,,FALSE,,
WY,wy_year1_awardees.csv,42,Riverton Memorial Hospital dba SageWest Health,2762508,NOT_RECORDED,,FALSE,,
WY,wy_year1_awardees.csv,69,Sheridan Memorial Hospital,150660,NOT_RECORDED,,FALSE,,
DE,de_year1_awardees.csv,1,Nemours Children's Health,,SITE_NOT_RECIPIENT,DE: Sussex County (rural) -- the SCHOOL's county,FALSE,,
DE,de_year1_awardees.csv,2,TidalHealth,,SITE_NOT_RECIPIENT,DE: Sussex County (rural) -- the SCHOOL's county,FALSE,,
DE,de_year1_awardees.csv,3,Beebe Healthcare,,SITE_NOT_RECIPIENT,DE: Sussex County (rural) -- the SCHOOL's county,FALSE,,
DE,de_year1_awardees.csv,4,Beebe Healthcare,,SITE_NOT_RECIPIENT,DE: Sussex County (rural) -- the SCHOOL's county,FALSE,,
SC,sc_year1_awardees.csv,6,Lexington Health,250804.9,FEDERAL_RECORD_CCN,"CMS enrolment, CCN 420073: PART A PROVIDER - HOSPITAL",FALSE,420073,ORG_WEBSITE
SC,sc_year1_awardees.csv,7,Carolina Pines Regional Medical Center,268713,NOT_RECORDED,,FALSE,,
SC,sc_year1_awardees.csv,13,Newberry County Memorial Hospital,488532,NOT_RECORDED,,FALSE,,
SC,sc_year1_awardees.csv,17,Self Regional Healthcare (Lakelands Region),677000,FEDERAL_RECORD_CCN,"CMS enrolment, CCN 420071: PART A PROVIDER - HOSPITAL",FALSE,420071,ORG_WEBSITE
SC,sc_year1_awardees.csv,18,"Medical University Hospital Authority (MUSC Health, Orangeburg)",725020,NOT_RECORDED,,FALSE,,
SC,sc_year1_awardees.csv,19,"Prisma Health-Upstate (Oconee, Lee, and Laurens)",1094750,NOT_RECORDED,,FALSE,,ORG_WEBSITE
SC,sc_year1_awardees.csv,20,"Prisma Health-Upstate (Oconee, Laurens)",1349818,NOT_RECORDED,,FALSE,,ORG_WEBSITE
SC,sc_year1_awardees.csv,21,McLeod Health,4158700,NOT_RECORDED,,FALSE,,ORG_WEBSITE
SC,sc_year1_awardees.csv,28,Newberry County Memorial Hospital,158000,NOT_RECORDED,,FALSE,,
SC,sc_year1_awardees.csv,31,Spartanburg Regional Healthcare System,188750,NOT_RECORDED,,FALSE,,
SC,sc_year1_awardees.csv,32,Newberry County Memorial Hospital,222684.15,NOT_RECORDED,,FALSE,,
SC,sc_year1_awardees.csv,33,Beaufort Memorial Hospital,225000,NOT_RECORDED,,FALSE,,
SC,sc_year1_awardees.csv,34,AnMed,226396,FEDERAL_RECORD_CCN,"CMS enrolment, CCN 420027: PART A PROVIDER - HOSPITAL",FALSE,420027,ORG_WEBSITE
SC,sc_year1_awardees.csv,37,Spartanburg Regional Healthcare System,255208,NOT_RECORDED,,FALSE,,
SC,sc_year1_awardees.csv,41,AnMed,300330,FEDERAL_RECORD_CCN,"CMS enrolment, CCN 420027: PART A PROVIDER - HOSPITAL",FALSE,420027,ORG_WEBSITE
SC,sc_year1_awardees.csv,42,Allendale County Hospital,314485,NOT_RECORDED,,FALSE,,
SC,sc_year1_awardees.csv,44,Self Regional Healthcare (Lakelands Region),339734,FEDERAL_RECORD_CCN,"CMS enrolment, CCN 420071: PART A PROVIDER - HOSPITAL",FALSE,420071,ORG_WEBSITE
SC,sc_year1_awardees.csv,48,Newberry County Memorial Hospital,469795.5,NOT_RECORDED,,FALSE,,
SC,sc_year1_awardees.csv,49,Self Regional Healthcare (Lakelands Region),630000,FEDERAL_RECORD_CCN,"CMS enrolment, CCN 420071: PART A PROVIDER - HOSPITAL",FALSE,420071,ORG_WEBSITE
SC,sc_year1_awardees.csv,50,Beaufort Memorial Hospital,645918,NOT_RECORDED,,FALSE,,
SC,sc_year1_awardees.csv,52,AnMed,1141375,FEDERAL_RECORD_CCN,"CMS enrolment, CCN 420027: PART A PROVIDER - HOSPITAL",FALSE,420027,ORG_WEBSITE
SC,sc_year1_awardees.csv,53,Self Regional Healthcare (Lakelands Region),1330000,FEDERAL_RECORD_CCN,"CMS enrolment, CCN 420071: PART A PROVIDER - HOSPITAL",FALSE,420071,ORG_WEBSITE
SC,sc_year1_awardees.csv,54,Beaufort Memorial Hospital,1482135.89,NOT_RECORDED,,FALSE,,
SC,sc_year1_awardees.csv,57,The Carolina Center for Behavioral Health,1925000,FEDERAL_RECORD_CCN,"CMS enrolment, CCN 424010: PART A PROVIDER - HOSPITAL",FALSE,424010,ORG_WEBSITE
SC,sc_year1_awardees.csv,58,Hampton Regional Medical Center,2141188,NOT_RECORDED,,FALSE,,
SC,sc_year1_awardees.csv,59,Medical University Hospital Authority (MUSC Center for Telehealth),4480337,NOT_RECORDED,,FALSE,,
SC,sc_year1_awardees.csv,60,Acadia Healthcare Co.,5565253,FEDERAL_RECORD_CCN,"CMS enrolment, CCN 424002: PART A PROVIDER - HOSPITAL",FALSE,424002,GENERAL_KNOWLEDGE
SC,sc_year1_awardees.csv,62,Self Regional Healthcare (Lakelands Region),8250712,FEDERAL_RECORD_CCN,"CMS enrolment, CCN 420071: PART A PROVIDER - HOSPITAL",FALSE,420071,ORG_WEBSITE
SC,sc_year1_awardees.csv,63,Allendale County Hospital (ACH),75500,NOT_RECORDED,,FALSE,,
SC,sc_year1_awardees.csv,66,Prisma Health- Upstate (Anderson),428812,NOT_RECORDED,,FALSE,,ORG_WEBSITE
SC,sc_year1_awardees.csv,67,Medical University Hospital Authority,643534,NOT_RECORDED,,FALSE,,
SC,sc_year1_awardees.csv,68,"Prisma Health-Midlands (Orangeburg, Aiken, Oconee)",869239,NOT_RECORDED,,FALSE,,ORG_WEBSITE
SC,sc_year1_awardees.csv,70,Newberry County Memorial Hospital,2812844.29,NOT_RECORDED,,FALSE,,
SC,sc_year1_awardees.csv,71,Prisma Health-Upstate,101950,NOT_RECORDED,,FALSE,,ORG_WEBSITE
SC,sc_year1_awardees.csv,74,Self Regional Healthcare (Lakelands Region),124800,FEDERAL_RECORD_CCN,"CMS enrolment, CCN 420071: PART A PROVIDER - HOSPITAL",FALSE,420071,ORG_WEBSITE
SC,sc_year1_awardees.csv,76,Prisma Health-Upstate,172036,NOT_RECORDED,,FALSE,,ORG_WEBSITE
SC,sc_year1_awardees.csv,77,Self Regional Healthcare (Lakelands Region),200000,FEDERAL_RECORD_CCN,"CMS enrolment, CCN 420071: PART A PROVIDER - HOSPITAL",FALSE,420071,ORG_WEBSITE
SC,sc_year1_awardees.csv,81,Medical University Hospital Authority,255438,NOT_RECORDED,,FALSE,,
SC,sc_year1_awardees.csv,82,Beaufort Memorial Hospital,297183,NOT_RECORDED,,FALSE,,
SC,sc_year1_awardees.csv,83,Prisma Health (Oconee),359900,NOT_RECORDED,,FALSE,,ORG_WEBSITE
SC,sc_year1_awardees.csv,84,AnMed,370904,FEDERAL_RECORD_CCN,"CMS enrolment, CCN 420027: PART A PROVIDER - HOSPITAL",FALSE,420027,ORG_WEBSITE
SC,sc_year1_awardees.csv,88,AnMed,447116,FEDERAL_RECORD_CCN,"CMS enrolment, CCN 420027: PART A PROVIDER - HOSPITAL",FALSE,420027,ORG_WEBSITE
SC,sc_year1_awardees.csv,91,AnMed,575000,FEDERAL_RECORD_CCN,"CMS enrolment, CCN 420027: PART A PROVIDER - HOSPITAL",FALSE,420027,ORG_WEBSITE
SC,sc_year1_awardees.csv,96,Medical University Hospital Authority,685501,NOT_RECORDED,,FALSE,,
SC,sc_year1_awardees.csv,98,Prisma Health-Upstate,760000,NOT_RECORDED,,FALSE,,ORG_WEBSITE
SC,sc_year1_awardees.csv,100,McLeod Health,842300,NOT_RECORDED,,FALSE,,ORG_WEBSITE
SC,sc_year1_awardees.csv,105,AnMed,1086729,FEDERAL_RECORD_CCN,"CMS enrolment, CCN 420027: PART A PROVIDER - HOSPITAL",FALSE,420027,ORG_WEBSITE
SC,sc_year1_awardees.csv,125,Prisma Health-Upstate (Bishopville),13011,NOT_RECORDED,,FALSE,,ORG_WEBSITE
SC,sc_year1_awardees.csv,126,Prisma Health-Upstate (Bishopville),15482,NOT_RECORDED,,FALSE,,ORG_WEBSITE
SC,sc_year1_awardees.csv,127,Prisma Health-Upstate (Laurens),30000,NOT_RECORDED,,FALSE,,ORG_WEBSITE
SC,sc_year1_awardees.csv,128,Prisma Health-Upstate (Laurens),30700,NOT_RECORDED,,FALSE,,ORG_WEBSITE
SC,sc_year1_awardees.csv,130,Prisma Health-Upstate (Laurens),58000,NOT_RECORDED,,FALSE,,ORG_WEBSITE
SC,sc_year1_awardees.csv,132,Prisma Health-Upstate (Winnsboro),68000,NOT_RECORDED,,FALSE,,ORG_WEBSITE
SC,sc_year1_awardees.csv,133,Newberry County Memorial Hospital,92815.8,NOT_RECORDED,,FALSE,,
SC,sc_year1_awardees.csv,134,Hampton Regional Medical Center,98280,NOT_RECORDED,,FALSE,,
SC,sc_year1_awardees.csv,139,Hampton Regional Medical Center,125000,NOT_RECORDED,,FALSE,,
SC,sc_year1_awardees.csv,140,Prisma Health-Upstate (Laurens),130000,NOT_RECORDED,,FALSE,,ORG_WEBSITE
SC,sc_year1_awardees.csv,141,Self Regional Healthcare (Lakelands Region),140000,FEDERAL_RECORD_CCN,"CMS enrolment, CCN 420071: PART A PROVIDER - HOSPITAL",FALSE,420071,ORG_WEBSITE
SC,sc_year1_awardees.csv,142,Self Regional Healthcare (Greenwood Pediatrics),145000,FEDERAL_RECORD_CCN,"CMS enrolment, CCN 420071: PART A PROVIDER - HOSPITAL",FALSE,420071,ORG_WEBSITE
SC,sc_year1_awardees.csv,143,Prisma Health-Upstate (Laurens),149300,NOT_RECORDED,,FALSE,,ORG_WEBSITE
SC,sc_year1_awardees.csv,144,Medical University Hospital Authority (Lancaster),150000,NOT_RECORDED,,FALSE,,
SC,sc_year1_awardees.csv,152,Hampton Regional Medical Center,185267,NOT_RECORDED,,FALSE,,
SC,sc_year1_awardees.csv,154,Self Regional Healthcare (Saluda),210000,FEDERAL_RECORD_CCN,"CMS enrolment, CCN 420071: PART A PROVIDER - HOSPITAL",FALSE,420071,ORG_WEBSITE
SC,sc_year1_awardees.csv,155,Prisma Health-Upstate (Winnsboro),238360,NOT_RECORDED,,FALSE,,ORG_WEBSITE
SC,sc_year1_awardees.csv,159,Newberry County Memorial Hospital,303827.04,NOT_RECORDED,,FALSE,,
SC,sc_year1_awardees.csv,160,Self Regional Healthcare (Newberry),310000,FEDERAL_RECORD_CCN,"CMS enrolment, CCN 420071: PART A PROVIDER - HOSPITAL",FALSE,420071,ORG_WEBSITE
SC,sc_year1_awardees.csv,163,"Self Regional Healthcare (Imaging Center, Greenwood)",355000,FEDERAL_RECORD_CCN,"CMS enrolment, CCN 420071: PART A PROVIDER - HOSPITAL",FALSE,420071,ORG_WEBSITE
SC,sc_year1_awardees.csv,164,Newberry County Memorial Hospital,357744.4,NOT_RECORDED,,FALSE,,
SC,sc_year1_awardees.csv,165,Allendale County Hospital (ACH),363732,NOT_RECORDED,,FALSE,,
SC,sc_year1_awardees.csv,168,Medical University Hospital Authority (MUSC Health Chester),383000,NOT_RECORDED,,FALSE,,
SC,sc_year1_awardees.csv,170,Medical University Hospital Authority (MUSC Health Lancaster),400000,NOT_RECORDED,,FALSE,,
SC,sc_year1_awardees.csv,172,Self Regional Healthcare (Abbeville),402800,FEDERAL_RECORD_CCN,"CMS enrolment, CCN 420071: PART A PROVIDER - HOSPITAL",FALSE,420071,ORG_WEBSITE
SC,sc_year1_awardees.csv,173,Medical University Hospital Authority (MUSC Health Chester),405000,NOT_RECORDED,,FALSE,,
SC,sc_year1_awardees.csv,174,Medical University Hospital Authority (MUSC Health Chester),410168,NOT_RECORDED,,FALSE,,
SC,sc_year1_awardees.csv,177,Hampton Regional Medical Center,537931,NOT_RECORDED,,FALSE,,
SC,sc_year1_awardees.csv,178,Spartanburg Regional Healthcare System,560050,NOT_RECORDED,,FALSE,,
SC,sc_year1_awardees.csv,179,Newberry County Memorial Hospital,570075,NOT_RECORDED,,FALSE,,
SC,sc_year1_awardees.csv,182,Allendale County Hospital,678448,NOT_RECORDED,,FALSE,,
SC,sc_year1_awardees.csv,183,Medical University Hospital Authority (MUSC Health Lancaster),700000,NOT_RECORDED,,FALSE,,
SC,sc_year1_awardees.csv,184,Tidelands Health,801604,NOT_RECORDED,,FALSE,,ORG_WEBSITE
SC,sc_year1_awardees.csv,185,Prisma Health-Upstate (Laurens),846566,NOT_RECORDED,,FALSE,,ORG_WEBSITE
SC,sc_year1_awardees.csv,186,Edgefield County Healthcare,850000,FEDERAL_RECORD_CCN,"CMS enrolment, CCN 421304: PART A PROVIDER - CRITICAL ACCESS HOSPITAL",TRUE,421304,ORG_WEBSITE
SC,sc_year1_awardees.csv,187,Medical University Hospital Authority (MUSC Health Lancaster),1000000,NOT_RECORDED,,FALSE,,
SC,sc_year1_awardees.csv,188,Edgefield County Healthcare,1031254,FEDERAL_RECORD_CCN,"CMS enrolment, CCN 421304: PART A PROVIDER - CRITICAL ACCESS HOSPITAL",TRUE,421304,ORG_WEBSITE
SC,sc_year1_awardees.csv,189,Prisma Health-Upstate (Oconee),1042482,NOT_RECORDED,,FALSE,,ORG_WEBSITE
SC,sc_year1_awardees.csv,190,Medical University Hospital Authority (MUSC Health Pee Dee Division),1100000,NOT_RECORDED,,FALSE,,
SC,sc_year1_awardees.csv,191,"Self Regional Healthcare (Montgomery Center, Greenwood)",1100000,FEDERAL_RECORD_CCN,"CMS enrolment, CCN 420071: PART A PROVIDER - HOSPITAL",FALSE,420071,ORG_WEBSITE
SC,sc_year1_awardees.csv,192,Newberry County Memorial Hospital,1113212.59,NOT_RECORDED,,FALSE,,
SC,sc_year1_awardees.csv,193,Self Regional Healthcare (Newberry),1165000,FEDERAL_RECORD_CCN,"CMS enrolment, CCN 420071: PART A PROVIDER - HOSPITAL",FALSE,420071,ORG_WEBSITE
SC,sc_year1_awardees.csv,194,Self Regional Healthcare (Lakelands Region),1271622.68,FEDERAL_RECORD_CCN,"CMS enrolment, CCN 420071: PART A PROVIDER - HOSPITAL",FALSE,420071,ORG_WEBSITE
SC,sc_year1_awardees.csv,195,"Self Regional Healthcare (Optimum Life Rehabilitation Center, Greenwood)",1280000,FEDERAL_RECORD_CCN,"CMS enrolment, CCN 420071: PART A PROVIDER - HOSPITAL",FALSE,420071,ORG_WEBSITE
SC,sc_year1_awardees.csv,196,Newberry County Memorial Hospital,1292978.3,NOT_RECORDED,,FALSE,,
SC,sc_year1_awardees.csv,197,Hampton Regional Medical Center,1400000,NOT_RECORDED,,FALSE,,
SC,sc_year1_awardees.csv,198,Spartanburg Regional Healthcare System,1440015,NOT_RECORDED,,FALSE,,
SC,sc_year1_awardees.csv,199,Self Regional Healthcare (Laurens),1460000,FEDERAL_RECORD_CCN,"CMS enrolment, CCN 420071: PART A PROVIDER - HOSPITAL",FALSE,420071,ORG_WEBSITE
SC,sc_year1_awardees.csv,200,Edgefield County Healthcare,1604417,FEDERAL_RECORD_CCN,"CMS enrolment, CCN 421304: PART A PROVIDER - CRITICAL ACCESS HOSPITAL",TRUE,421304,ORG_WEBSITE
SC,sc_year1_awardees.csv,201,Allendale County Hospital,1614000,NOT_RECORDED,,FALSE,,
SC,sc_year1_awardees.csv,202,Edgefield County Healthcare,1688865.6,FEDERAL_RECORD_CCN,"CMS enrolment, CCN 421304: PART A PROVIDER - CRITICAL ACCESS HOSPITAL",TRUE,421304,ORG_WEBSITE
SC,sc_year1_awardees.csv,203,Edgefield County Healthcare,1700000,FEDERAL_RECORD_CCN,"CMS enrolment, CCN 421304: PART A PROVIDER - CRITICAL ACCESS HOSPITAL",TRUE,421304,ORG_WEBSITE
SC,sc_year1_awardees.csv,204,Hampton Regional Medical Center,1716000,NOT_RECORDED,,FALSE,,
SC,sc_year1_awardees.csv,205,Medical University Hospital Authority (MUSC Health Orangeburg),2000000,NOT_RECORDED,,FALSE,,
SC,sc_year1_awardees.csv,206,Spartanburg Regional Healthcare System,2069939,NOT_RECORDED,,FALSE,,
SC,sc_year1_awardees.csv,207,Carolina Pines Regional Medical Center,2163031,NOT_RECORDED,,FALSE,,
SC,sc_year1_awardees.csv,208,HCA Healthcare Colleton Hospital,2262000,NOT_RECORDED,,FALSE,,
SC,sc_year1_awardees.csv,209,Aiken Regional Medical Center,2519500,NOT_RECORDED,,FALSE,,
SC,sc_year1_awardees.csv,210,Hampton Regional Medical Center,2638535,NOT_RECORDED,,FALSE,,
SC,sc_year1_awardees.csv,211,McLeod Health on behalf of McLeod Health Dillon (MHD),2862454,FEDERAL_RECORD_CCN,"CMS enrolment, CCN 420005: PART A PROVIDER - HOSPITAL",FALSE,420005,ORG_WEBSITE
SC,sc_year1_awardees.csv,212,Newberry County Memorial Hospital,2884456.81,NOT_RECORDED,,FALSE,,
SC,sc_year1_awardees.csv,214,Self Regional Healthcare (Lakelands Region),3000000,FEDERAL_RECORD_CCN,"CMS enrolment, CCN 420071: PART A PROVIDER - HOSPITAL",FALSE,420071,ORG_WEBSITE
SC,sc_year1_awardees.csv,216,Rebound Behavioral Health,120000,FEDERAL_RECORD_CCN,"CMS enrolment, CCN 424014: PART A PROVIDER - HOSPITAL",FALSE,424014,ORG_WEBSITE
SC,sc_year1_awardees.csv,225,Self Regional Healthcare (Lakelands Region),1700000,FEDERAL_RECORD_CCN,"CMS enrolment, CCN 420071: PART A PROVIDER - HOSPITAL",FALSE,420071,ORG_WEBSITE
SC,sc_year1_awardees.csv,226,Hampton Regional Medical Center,2645000,NOT_RECORDED,,FALSE,,
SC,sc_year1_awardees.csv,227,Hampton Regional Medical Center,1701548,NOT_RECORDED,,FALSE,,
SC,sc_year1_awardees.csv,228,Medical University Hospital Authority,1869817,NOT_RECORDED,,FALSE,,
NY,ny_year1_awardees.csv,1,Adirondack Health,81235,FEDERAL_RECORD_CCN,"CMS enrolment, CCN 330079: PART A PROVIDER - HOSPITAL",FALSE,330079,GENERAL_KNOWLEDGE
NY,ny_year1_awardees.csv,2,Alice Hyde Medical Center,500000,FEDERAL_RECORD_CCN,"CMS enrolment, CCN 331321: PART A PROVIDER - CRITICAL ACCESS HOSPITAL",TRUE,331321,ORG_WEBSITE
NY,ny_year1_awardees.csv,3,Bassett Medical Center,3122644,FEDERAL_RECORD_CCN,"CMS enrolment, CCN 330136: PART A PROVIDER - HOSPITAL",FALSE,330136,GENERAL_KNOWLEDGE
NY,ny_year1_awardees.csv,4,Canton-Potsdam Hospital,1059616,FEDERAL_RECORD_CCN,"CMS enrolment, CCN 330197: PART A PROVIDER - HOSPITAL",FALSE,330197,ORG_WEBSITE
NY,ny_year1_awardees.csv,6,Cayuga Medical Center,2859386,FEDERAL_RECORD_CCN,"CMS enrolment, CCN 330307: PART A PROVIDER - HOSPITAL",FALSE,330307,GENERAL_KNOWLEDGE
NY,ny_year1_awardees.csv,7,Champlain Valley Physicians Hospital,1369865,FEDERAL_RECORD_CCN,"CMS enrolment, CCN 330250: PART A PROVIDER - HOSPITAL",FALSE,330250,GENERAL_KNOWLEDGE
NY,ny_year1_awardees.csv,10,Clifton Springs Hospital & Clinic,950000,FEDERAL_RECORD_CCN,"CMS enrolment, CCN 330265: PART A PROVIDER - HOSPITAL",FALSE,330265,ORG_WEBSITE
NY,ny_year1_awardees.csv,11,Columbia Memorial Hospital,1775325,FEDERAL_RECORD_CCN,"CMS enrolment, CCN 330094: PART A PROVIDER - HOSPITAL",FALSE,330094,ORG_WEBSITE
NY,ny_year1_awardees.csv,12,Community Memorial Hospital,1581930,FEDERAL_RECORD_CCN,"CMS enrolment, CCN 331316: PART A PROVIDER - CRITICAL ACCESS HOSPITAL",TRUE,331316,ORG_WEBSITE
NY,ny_year1_awardees.csv,15,Elizabethtown Community Hospital,1000000,FEDERAL_RECORD_CCN,"CMS enrolment, CCN 331302: PART A PROVIDER - CRITICAL ACCESS HOSPITAL",TRUE,331302,ORG_WEBSITE
NY,ny_year1_awardees.csv,16,Ellenville Regional Hospital,3000000,FEDERAL_RECORD_CCN,"CMS enrolment, CCN 331310: PART A PROVIDER - CRITICAL ACCESS HOSPITAL",TRUE,331310,ORG_WEBSITE
NY,ny_year1_awardees.csv,17,Ellenville Regional Hospital,500000,FEDERAL_RECORD_CCN,"CMS enrolment, CCN 331310: PART A PROVIDER - CRITICAL ACCESS HOSPITAL",TRUE,331310,ORG_WEBSITE
NY,ny_year1_awardees.csv,18,F.F. Thompson Hospital,1178100,FEDERAL_RECORD_CCN,"CMS enrolment, CCN 330074: PART A PROVIDER - HOSPITAL",FALSE,330074,GENERAL_KNOWLEDGE
NY,ny_year1_awardees.csv,20,Geneva General Hospital,679350,FEDERAL_RECORD_CCN,"CMS enrolment, CCN 330058: PART A PROVIDER - HOSPITAL",FALSE,330058,ORG_WEBSITE
NY,ny_year1_awardees.csv,21,Glens Falls Hospital,1500000,FEDERAL_RECORD_CCN,"CMS enrolment, CCN 330191: PART A PROVIDER - HOSPITAL",FALSE,330191,ORG_WEBSITE
NY,ny_year1_awardees.csv,23,Guthrie Cortland Medical Center,1848105,FEDERAL_RECORD_CCN,"CMS enrolment, CCN 330175: PART A PROVIDER - HOSPITAL",FALSE,330175,ORG_WEBSITE
NY,ny_year1_awardees.csv,24,HealthAlliance of the Hudson Valley,1070688,FEDERAL_RECORD_CCN,"CMS enrolment, CCN 330224: PART A PROVIDER - HOSPITAL",FALSE,330224,GENERAL_KNOWLEDGE
NY,ny_year1_awardees.csv,28,Jones Memorial Hospital,1178100,FEDERAL_RECORD_CCN,"CMS enrolment, CCN 330096: PART A PROVIDER - HOSPITAL",FALSE,330096,ORG_WEBSITE
NY,ny_year1_awardees.csv,29,Lewis County General Hospital,292688.79,FEDERAL_RECORD_CCN,"CMS enrolment, CCN 331317: PART A PROVIDER - CRITICAL ACCESS HOSPITAL",TRUE,331317,ORG_WEBSITE
NY,ny_year1_awardees.csv,31,Margaretville Memorial Hospital,1000000,FEDERAL_RECORD_CCN,"CMS enrolment, CCN 331304: PART A PROVIDER - CRITICAL ACCESS HOSPITAL",TRUE,331304,ORG_WEBSITE
NY,ny_year1_awardees.csv,32,Mohawk Valley Health System,1850000,FEDERAL_RECORD_CCN,"CMS enrolment, CCN 330044: PART A PROVIDER - HOSPITAL",FALSE,330044,GENERAL_KNOWLEDGE
NY,ny_year1_awardees.csv,33,Montefiore St. Luke's Cornwall,400000,FEDERAL_RECORD_CCN,"CMS enrolment, CCN 330264: PART A PROVIDER - HOSPITAL",FALSE,330264,ORG_WEBSITE
NY,ny_year1_awardees.csv,34,Nathan Littauer Hospital and Nursing Home,1651467,FEDERAL_RECORD_CCN,"CMS enrolment, CCN 330276: PART A PROVIDER - HOSPITAL",FALSE,330276,ORG_WEBSITE
NY,ny_year1_awardees.csv,35,Newark-Wayne Community Hospital,3000000,FEDERAL_RECORD_CCN,"CMS enrolment, CCN 330030: PART A PROVIDER - HOSPITAL",FALSE,330030,ORG_WEBSITE
NY,ny_year1_awardees.csv,36,Nicholas Noyes Hospital,1178100,FEDERAL_RECORD_CCN,"CMS enrolment, CCN 330238: PART A PROVIDER - HOSPITAL",FALSE,330238,GENERAL_KNOWLEDGE
NY,ny_year1_awardees.csv,37,Northern Dutchess Hospital,224675,FEDERAL_RECORD_CCN,"CMS enrolment, CCN 330049: PART A PROVIDER - HOSPITAL",FALSE,330049,ORG_WEBSITE
NY,ny_year1_awardees.csv,39,Oneida Health,1030000,FEDERAL_RECORD_CCN,"CMS enrolment, CCN 330115: PART A PROVIDER - HOSPITAL",FALSE,330115,ORG_WEBSITE
NY,ny_year1_awardees.csv,40,Oswego Hospital,3050000,FEDERAL_RECORD_CCN,"CMS enrolment, CCN 330218: PART A PROVIDER - HOSPITAL",FALSE,330218,ORG_WEBSITE
NY,ny_year1_awardees.csv,42,Putnam Hospital,1251694,FEDERAL_RECORD_CCN,"CMS enrolment, CCN 330273: PART A PROVIDER - HOSPITAL",FALSE,330273,GENERAL_KNOWLEDGE
NY,ny_year1_awardees.csv,44,Rome Memorial Hospital,599622,FEDERAL_RECORD_CCN,"CMS enrolment, CCN 330215: PART A PROVIDER - HOSPITAL",FALSE,330215,ORG_WEBSITE
NY,ny_year1_awardees.csv,45,Soldiers and Sailors Memorial Hospital,1178100,FEDERAL_RECORD_CCN,"CMS enrolment, CCN 331314: PART A PROVIDER - CRITICAL ACCESS HOSPITAL",TRUE,331314,ORG_WEBSITE
NY,ny_year1_awardees.csv,47,St. James Hospital,1178100,FEDERAL_RECORD_CCN,"CMS enrolment, CCN 330151: PART A PROVIDER - HOSPITAL",FALSE,330151,ORG_WEBSITE
NY,ny_year1_awardees.csv,48,St. Mary's Healthcare,500000,FEDERAL_RECORD_CCN,"CMS enrolment, CCN 330047: PART A PROVIDER - HOSPITAL",FALSE,330047,ORG_WEBSITE
NY,ny_year1_awardees.csv,53,United Memorial Medical Center,2470000,FEDERAL_RECORD_CCN,"CMS enrolment, CCN 330073: PART A PROVIDER - HOSPITAL",FALSE,330073,ORG_WEBSITE
NY,ny_year1_awardees.csv,56,Westfield Memorial Hospital,1250000,FEDERAL_RECORD_CCN,"CMS enrolment, CCN 330801: PART A PROVIDER - RURAL EMERGENCY HOSPITAL (REH)",TRUE,330801,ORG_WEBSITE
VT,vt_year1_awardees.csv,6,Brattleboro Memorial Hospital,603750,FEDERAL_RECORD_CCN,"CMS enrolment, CCN 470011: PART A PROVIDER - HOSPITAL",FALSE,470011,ORG_WEBSITE
VT,vt_year1_awardees.csv,7,Brattleboro Memorial Hospital,759000,FEDERAL_RECORD_CCN,"CMS enrolment, CCN 470011: PART A PROVIDER - HOSPITAL",FALSE,470011,ORG_WEBSITE
VT,vt_year1_awardees.csv,12,Gifford Medical,1008012.12,FEDERAL_RECORD_CCN,"CMS enrolment, CCN 471301: PART A PROVIDER - CRITICAL ACCESS HOSPITAL",TRUE,471301,GENERAL_KNOWLEDGE
VT,vt_year1_awardees.csv,14,North Country Hospital & Health Center,1469700,FEDERAL_RECORD_CCN,"CMS enrolment, CCN 471304: PART A PROVIDER - CRITICAL ACCESS HOSPITAL",TRUE,471304,ORG_WEBSITE
VT,vt_year1_awardees.csv,23,Rutland Regional Medical Center,644107,FEDERAL_RECORD_CCN,"CMS enrolment, CCN 470005: PART A PROVIDER - HOSPITAL",FALSE,470005,ORG_WEBSITE
VT,vt_year1_awardees.csv,24,Rutland Regional Medical Center,2000000,FEDERAL_RECORD_CCN,"CMS enrolment, CCN 470005: PART A PROVIDER - HOSPITAL",FALSE,470005,ORG_WEBSITE
VT,vt_year1_awardees.csv,25,Southwestern Vermont Health,1998848.35,NOT_RECORDED,,FALSE,,GENERAL_KNOWLEDGE
VT,vt_year1_awardees.csv,26,Springfield Hospital,205447.5,FEDERAL_RECORD_CCN,"CMS enrolment, CCN 471306: PART A PROVIDER - CRITICAL ACCESS HOSPITAL",TRUE,471306,ORG_WEBSITE
VT,vt_year1_awardees.csv,29,Brattleboro Memorial Hospital,270250,FEDERAL_RECORD_CCN,"CMS enrolment, CCN 470011: PART A PROVIDER - HOSPITAL",FALSE,470011,ORG_WEBSITE
VT,vt_year1_awardees.csv,30,Brattleboro Memorial Hospital,115000,FEDERAL_RECORD_CCN,"CMS enrolment, CCN 470011: PART A PROVIDER - HOSPITAL",FALSE,470011,ORG_WEBSITE
VT,vt_year1_awardees.csv,31,Brattleboro Memorial Hospital,48005.73,FEDERAL_RECORD_CCN,"CMS enrolment, CCN 470011: PART A PROVIDER - HOSPITAL",FALSE,470011,ORG_WEBSITE
VT,vt_year1_awardees.csv,32,Central Vermont Medical Center,167034.38,FEDERAL_RECORD_CCN,"CMS enrolment, CCN 470001: PART A PROVIDER - HOSPITAL",FALSE,470001,ORG_WEBSITE
VT,vt_year1_awardees.csv,38,Southwestern Vermont Health,518949,NOT_RECORDED,,FALSE,,GENERAL_KNOWLEDGE
VT,vt_year1_awardees.csv,40,Central Vermont Medical Center,1044158.97,FEDERAL_RECORD_CCN,"CMS enrolment, CCN 470001: PART A PROVIDER - HOSPITAL",FALSE,470001,ORG_WEBSITE
VT,vt_year1_awardees.csv,43,Mary Hitchcock Memorial Hospital,603680.8,FEDERAL_RECORD_CCN,"CMS enrolment, CCN 300003: PART A PROVIDER - HOSPITAL",FALSE,300003,ORG_WEBSITE
VT,vt_year1_awardees.csv,56,Mary Hitchcock Memorial Hospital,4283851,FEDERAL_RECORD_CCN,"CMS enrolment, CCN 300003: PART A PROVIDER - HOSPITAL",FALSE,300003,ORG_WEBSITE
VT,vt_year1_awardees.csv,62,Northeastern Vermont Regional Hospital Inc,143375.56,FEDERAL_RECORD_CCN,"CMS enrolment, CCN 471303: PART A PROVIDER - CRITICAL ACCESS HOSPITAL",TRUE,471303,ORG_WEBSITE
VT,vt_year1_awardees.csv,66,THE UNIVERSITY OF VERMONT HEALTH NETWORK INC.,266288.34,NOT_RECORDED,,FALSE,,GENERAL_KNOWLEDGE
VT,vt_year1_awardees.csv,71,Brattleboro Memorial Hospital,371775,FEDERAL_RECORD_CCN,"CMS enrolment, CCN 470011: PART A PROVIDER - HOSPITAL",FALSE,470011,ORG_WEBSITE
VT,vt_year1_awardees.csv,74,Mary Hitchcock Memorial Hospital,3933283.8,FEDERAL_RECORD_CCN,"CMS enrolment, CCN 300003: PART A PROVIDER - HOSPITAL",FALSE,300003,ORG_WEBSITE
VT,vt_year1_awardees.csv,75,North Country Hospital & Health Center,905147.28,FEDERAL_RECORD_CCN,"CMS enrolment, CCN 471304: PART A PROVIDER - CRITICAL ACCESS HOSPITAL",TRUE,471304,ORG_WEBSITE
VT,vt_year1_awardees.csv,76,Northeastern Vermont Regional Hospital Inc,1278318.88,FEDERAL_RECORD_CCN,"CMS enrolment, CCN 471303: PART A PROVIDER - CRITICAL ACCESS HOSPITAL",TRUE,471303,ORG_WEBSITE
VT,vt_year1_awardees.csv,79,Rutland Regional Medical Center,59550,FEDERAL_RECORD_CCN,"CMS enrolment, CCN 470005: PART A PROVIDER - HOSPITAL",FALSE,470005,ORG_WEBSITE
VT,vt_year1_awardees.csv,80,THE UNIVERSITY OF VERMONT HEALTH NETWORK INC.,2208396.48,NOT_RECORDED,,FALSE,,GENERAL_KNOWLEDGE
VT,vt_year1_awardees.csv,83,Brattleboro Memorial Hospital,356439.05,FEDERAL_RECORD_CCN,"CMS enrolment, CCN 470011: PART A PROVIDER - HOSPITAL",FALSE,470011,ORG_WEBSITE
VT,vt_year1_awardees.csv,84,Brattleboro Retreat,228550.93,FEDERAL_RECORD_CCN,"CMS enrolment, CCN 474001: PART A PROVIDER - HOSPITAL",FALSE,474001,ORG_WEBSITE
VT,vt_year1_awardees.csv,93,Grace Cottage Hospital,169528.4,FEDERAL_RECORD_CCN,"CMS enrolment, CCN 47Z300: PART A PROVIDER - CRITICAL ACCESS HOSPITAL",TRUE,47Z300,ORG_WEBSITE
VT,vt_year1_awardees.csv,96,North Country Hospital & Health Center,172500,FEDERAL_RECORD_CCN,"CMS enrolment, CCN 471304: PART A PROVIDER - CRITICAL ACCESS HOSPITAL",TRUE,471304,ORG_WEBSITE
VT,vt_year1_awardees.csv,97,Northeastern Vermont Regional Hospital Inc,860274,FEDERAL_RECORD_CCN,"CMS enrolment, CCN 471303: PART A PROVIDER - CRITICAL ACCESS HOSPITAL",TRUE,471303,ORG_WEBSITE
VT,vt_year1_awardees.csv,99,Northwestern Medical Center,75382.5,FEDERAL_RECORD_CCN,"CMS enrolment, CCN 470024: PART A PROVIDER - HOSPITAL",FALSE,470024,ORG_WEBSITE
VT,vt_year1_awardees.csv,104,Rutland Regional Medical Center DBA Rutland Hospital Inc.,75204,FEDERAL_RECORD_CCN,"CMS enrolment, CCN 470005: PART A PROVIDER - HOSPITAL",FALSE,470005,ORG_WEBSITE
VT,vt_year1_awardees.csv,107,Brattleboro Memorial Hospital,604443.2,FEDERAL_RECORD_CCN,"CMS enrolment, CCN 470011: PART A PROVIDER - HOSPITAL",FALSE,470011,ORG_WEBSITE
VT,vt_year1_awardees.csv,108,Central Vermont Medical Center,821745.04,FEDERAL_RECORD_CCN,"CMS enrolment, CCN 470001: PART A PROVIDER - HOSPITAL",FALSE,470001,ORG_WEBSITE
VT,vt_year1_awardees.csv,109,Copley Hospital,721780,FEDERAL_RECORD_CCN,"CMS enrolment, CCN 471305: PART A PROVIDER - CRITICAL ACCESS HOSPITAL",TRUE,471305,ORG_WEBSITE
VT,vt_year1_awardees.csv,111,North Country Hospital & Health Center,440345.73,FEDERAL_RECORD_CCN,"CMS enrolment, CCN 471304: PART A PROVIDER - CRITICAL ACCESS HOSPITAL",TRUE,471304,ORG_WEBSITE
VT,vt_year1_awardees.csv,113,Northeastern Vermont Regional Hospital Inc,525355.11,FEDERAL_RECORD_CCN,"CMS enrolment, CCN 471303: PART A PROVIDER - CRITICAL ACCESS HOSPITAL",TRUE,471303,ORG_WEBSITE
VT,vt_year1_awardees.csv,114,Northwestern Medical Center,764516.22,FEDERAL_RECORD_CCN,"CMS enrolment, CCN 470024: PART A PROVIDER - HOSPITAL",FALSE,470024,ORG_WEBSITE
VT,vt_year1_awardees.csv,115,Porter Hospital,631185.3,FEDERAL_RECORD_CCN,"CMS enrolment, CCN 471307: PART A PROVIDER - CRITICAL ACCESS HOSPITAL",TRUE,471307,ORG_WEBSITE
VT,vt_year1_awardees.csv,116,Rutland Regional Medical Center,959593.02,FEDERAL_RECORD_CCN,"CMS enrolment, CCN 470005: PART A PROVIDER - HOSPITAL",FALSE,470005,ORG_WEBSITE
VT,vt_year1_awardees.csv,117,"Southwestern Vermont Medical Center, Inc.",535793.76,FEDERAL_RECORD_CCN,"CMS enrolment, CCN 470012: PART A PROVIDER - HOSPITAL",FALSE,470012,ORG_WEBSITE
VT,vt_year1_awardees.csv,118,University of Vermont Medical Center,2226478.52,FEDERAL_RECORD_CCN,"CMS enrolment, CCN 470003: PART A PROVIDER - HOSPITAL",FALSE,470003,ORG_WEBSITE
VT,vt_year1_awardees.csv,133,Northeastern Vermont Regional Hospital Inc,210371.21,FEDERAL_RECORD_CCN,"CMS enrolment, CCN 471303: PART A PROVIDER - CRITICAL ACCESS HOSPITAL",TRUE,471303,ORG_WEBSITE
CT,ct_year1_awardees.csv,1,Day Kimball Hospital,20230000,FEDERAL_RECORD_CCN,"CMS enrolment, CCN 070003: PART A PROVIDER - HOSPITAL",FALSE,070003,ORG_WEBSITE
CT,ct_year1_awardees.csv,2,Sharon Hospital,13120000,FEDERAL_RECORD_CCN,"CMS enrolment, CCN 070004: PART A PROVIDER - HOSPITAL",FALSE,070004,ORG_WEBSITE
WV,wv_year1_awardees.csv,2,CAMC/Vandalia Health,612000,FEDERAL_RECORD_CCN,"CMS enrolment, CCN 510022: PART A PROVIDER - HOSPITAL",FALSE,510022,ORG_WEBSITE
WV,wv_year1_awardees.csv,3,Cabell Huntington Foundation,612000,FEDERAL_RECORD_CCN,"CMS enrolment, CCN 510055: PART A PROVIDER - HOSPITAL",FALSE,510055,GENERAL_KNOWLEDGE
WV,wv_year1_awardees.csv,12,Minnie Hamilton Health Care Center,1700000,FEDERAL_RECORD_CCN,"CMS enrolment, CCN 511303: PART A PROVIDER - CRITICAL ACCESS HOSPITAL",TRUE,511303,ORG_WEBSITE
WV,wv_year1_awardees.csv,13,Minnie Hamilton Health Care Center,,FEDERAL_RECORD_CCN,"CMS enrolment, CCN 511303: PART A PROVIDER - CRITICAL ACCESS HOSPITAL",TRUE,511303,ORG_WEBSITE
WV,wv_year1_awardees.csv,14,Minnie Hamilton Health Care Center,,FEDERAL_RECORD_CCN,"CMS enrolment, CCN 511303: PART A PROVIDER - CRITICAL ACCESS HOSPITAL",TRUE,511303,ORG_WEBSITE
TN,tn_year1_awardees.csv,26,Cookeville Regional Medical Center Foundation,,FEDERAL_RECORD_CCN,"CMS enrolment, CCN 440059: PART A PROVIDER - HOSPITAL",FALSE,440059,GENERAL_KNOWLEDGE
TN,tn_year1_awardees.csv,36,"Macon Hospital, Inc",,FEDERAL_RECORD_CCN,"CMS enrolment, CCN 441305: PART A PROVIDER - CRITICAL ACCESS HOSPITAL",TRUE,441305,GENERAL_KNOWLEDGE
WA,wa_year1_awardees.csv,4,University of Washington (WWAMI Family Medicine Residency Network),5460000,FEDERAL_RECORD_CCN,"CMS enrolment, CCN 500008: PART A PROVIDER - HOSPITAL",FALSE,500008,ORG_WEBSITE
WA,wa_year1_awardees.csv,6,"University of Washington (School of Medicine, Project ECHO)",4280000,FEDERAL_RECORD_CCN,"CMS enrolment, CCN 500008: PART A PROVIDER - HOSPITAL",FALSE,500008,ORG_WEBSITE
NJ,nj_year1_awardees.csv,2,AtlantiCare Regional Medical Center,2045763,FEDERAL_RECORD_CCN,"CMS enrolment, CCN 310064: PART A PROVIDER - HOSPITAL",FALSE,310064,ORG_WEBSITE
NJ,nj_year1_awardees.csv,3,Cooper Health System,1373265,FEDERAL_RECORD_CCN,"CMS enrolment, CCN 310014: PART A PROVIDER - HOSPITAL",FALSE,310014,ORG_WEBSITE
NJ,nj_year1_awardees.csv,5,"Inspira Medical Centers, Inc.",2033362,NOT_RECORDED,,FALSE,,ORG_WEBSITE
NJ,nj_year1_awardees.csv,6,Virtua Health Inc.,1126384,NOT_RECORDED,,FALSE,,GENERAL_KNOWLEDGE
NJ,nj_year1_awardees.csv,22,Deborah Heart and Lung Center,1246393,FEDERAL_RECORD_CCN,"CMS enrolment, CCN 310031: PART A PROVIDER - HOSPITAL",FALSE,310031,ORG_WEBSITE
NJ,nj_year1_awardees.csv,27,HMH Hospitals Corporation,1550815,NOT_RECORDED,,FALSE,,ORG_WEBSITE
NJ,nj_year1_awardees.csv,29,Hunterdon Medical Center,1088184,FEDERAL_RECORD_CCN,"CMS enrolment, CCN 310005: PART A PROVIDER - HOSPITAL",FALSE,310005,ORG_WEBSITE
NJ,nj_year1_awardees.csv,31,"Inspira Medical Centers, Inc.",578248,NOT_RECORDED,,FALSE,,ORG_WEBSITE
NJ,nj_year1_awardees.csv,32,Kennedy University Hospital Inc.,584514,FEDERAL_RECORD_CCN,"CMS enrolment, CCN 310086: PART A PROVIDER - HOSPITAL",FALSE,310086,ORG_WEBSITE
NJ,nj_year1_awardees.csv,55,St. Luke's Warren Hospital,657452,FEDERAL_RECORD_CCN,"CMS enrolment, CCN 310060: PART A PROVIDER - HOSPITAL",FALSE,310060,ORG_WEBSITE
NJ,nj_year1_awardees.csv,58,Virtua Health Inc.,1196187,NOT_RECORDED,,FALSE,,GENERAL_KNOWLEDGE
NJ,nj_year1_awardees.csv,62,AHS Hospital Corp.,1460000,FEDERAL_RECORD_CCN,"CMS enrolment, CCN 310115: PART A PROVIDER - HOSPITAL",FALSE,310115,ORG_WEBSITE
NJ,nj_year1_awardees.csv,63,AHS Hospital Corp.,1460000,FEDERAL_RECORD_CCN,"CMS enrolment, CCN 310028: PART A PROVIDER - HOSPITAL",FALSE,310028,ORG_WEBSITE
NJ,nj_year1_awardees.csv,64,AtlantiCare Regional Medical Center,1460000,FEDERAL_RECORD_CCN,"CMS enrolment, CCN 310064: PART A PROVIDER - HOSPITAL",FALSE,310064,ORG_WEBSITE
NJ,nj_year1_awardees.csv,65,AtlantiCare Regional Medical Center,1460000,FEDERAL_RECORD_CCN,"CMS enrolment, CCN 310064: PART A PROVIDER - HOSPITAL",FALSE,310064,ORG_WEBSITE
NJ,nj_year1_awardees.csv,66,"Capital Health System, Inc.",1388795,NOT_RECORDED,,FALSE,,ORG_WEBSITE
NJ,nj_year1_awardees.csv,67,Cooper Health System,1460000,FEDERAL_RECORD_CCN,"CMS enrolment, CCN 310014: PART A PROVIDER - HOSPITAL",FALSE,310014,ORG_WEBSITE
NJ,nj_year1_awardees.csv,68,Deborah Heart and Lung Center,1393982,FEDERAL_RECORD_CCN,"CMS enrolment, CCN 310031: PART A PROVIDER - HOSPITAL",FALSE,310031,ORG_WEBSITE
NJ,nj_year1_awardees.csv,69,Hunterdon Medical Center,1446828,FEDERAL_RECORD_CCN,"CMS enrolment, CCN 310005: PART A PROVIDER - HOSPITAL",FALSE,310005,ORG_WEBSITE
NJ,nj_year1_awardees.csv,70,"Inspira Medical Centers, Inc.",1460000,NOT_RECORDED,,FALSE,,ORG_WEBSITE
NJ,nj_year1_awardees.csv,71,"Inspira Medical Centers, Inc.",1209202,NOT_RECORDED,,FALSE,,ORG_WEBSITE
NJ,nj_year1_awardees.csv,72,"Inspira Medical Centers, Inc.",1460000,FEDERAL_RECORD_CCN,"CMS enrolment, CCN 310032: PART A PROVIDER - HOSPITAL",FALSE,310032,ORG_WEBSITE
NJ,nj_year1_awardees.csv,73,Shore Memorial Hospital,1458227,FEDERAL_RECORD_CCN,"CMS enrolment, CCN 310047: PART A PROVIDER - HOSPITAL",FALSE,310047,ORG_WEBSITE
NJ,nj_year1_awardees.csv,74,St. Luke's Warren Hospital,1460000,FEDERAL_RECORD_CCN,"CMS enrolment, CCN 310060: PART A PROVIDER - HOSPITAL",FALSE,310060,ORG_WEBSITE
NJ,nj_year1_awardees.csv,76,Cooper Health System,169861,FEDERAL_RECORD_CCN,"CMS enrolment, CCN 310014: PART A PROVIDER - HOSPITAL",FALSE,310014,ORG_WEBSITE
NJ,nj_year1_awardees.csv,78,Kennedy University Hospital Inc.,123603,FEDERAL_RECORD_CCN,"CMS enrolment, CCN 310086: PART A PROVIDER - HOSPITAL",FALSE,310086,ORG_WEBSITE
NJ,nj_year1_awardees.csv,82,Virtua Health Inc.,107451,NOT_RECORDED,,FALSE,,GENERAL_KNOWLEDGE
NJ,nj_year1_awardees.csv,83,AtlantiCare Regional Medical Center,790478,FEDERAL_RECORD_CCN,"CMS enrolment, CCN 310064: PART A PROVIDER - HOSPITAL",FALSE,310064,ORG_WEBSITE
NJ,nj_year1_awardees.csv,84,Cooper Health System,185000,FEDERAL_RECORD_CCN,"CMS enrolment, CCN 310014: PART A PROVIDER - HOSPITAL",FALSE,310014,ORG_WEBSITE
NJ,nj_year1_awardees.csv,85,HMH Hospitals Corporation,750000,NOT_RECORDED,,FALSE,,ORG_WEBSITE
NJ,nj_year1_awardees.csv,86,Virtua Health Inc.,292524,NOT_RECORDED,,FALSE,,GENERAL_KNOWLEDGE
NJ,nj_year1_awardees.csv,91,Cooper Health System,178711,FEDERAL_RECORD_CCN,"CMS enrolment, CCN 310014: PART A PROVIDER - HOSPITAL",FALSE,310014,ORG_WEBSITE
NJ,nj_year1_awardees.csv,93,Hunterdon Medical Center,147117,FEDERAL_RECORD_CCN,"CMS enrolment, CCN 310005: PART A PROVIDER - HOSPITAL",FALSE,310005,ORG_WEBSITE
NJ,nj_year1_awardees.csv,100,Shore Memorial Hospital,45021,FEDERAL_RECORD_CCN,"CMS enrolment, CCN 310047: PART A PROVIDER - HOSPITAL",FALSE,310047,ORG_WEBSITE
NJ,nj_year1_awardees.csv,102,Virtua Health Inc.,427709,NOT_RECORDED,,FALSE,,GENERAL_KNOWLEDGE
IN,in_grow_regional_awardees.csv,6,Community Hospital of Bremen,,FEDERAL_RECORD_CCN,"CMS enrolment, CCN 151300: PART A PROVIDER - CRITICAL ACCESS HOSPITAL",TRUE,151300,ORG_WEBSITE
IN,in_grow_regional_awardees.csv,7,Franciscan Health Rensselaer,,FEDERAL_RECORD_CCN,"CMS enrolment, CCN 151324: PART A PROVIDER - CRITICAL ACCESS HOSPITAL",TRUE,151324,ORG_WEBSITE
IN,in_grow_regional_awardees.csv,9,Pulaski Memorial Hospital,,FEDERAL_RECORD_CCN,"CMS enrolment, CCN 151305: PART A PROVIDER - CRITICAL ACCESS HOSPITAL",TRUE,151305,ORG_WEBSITE
IN,in_grow_regional_awardees.csv,10,Woodlawn Hospital,,FEDERAL_RECORD_CCN,"CMS enrolment, CCN 151313: PART A PROVIDER - CRITICAL ACCESS HOSPITAL",TRUE,151313,ORG_WEBSITE
IN,in_grow_regional_awardees.csv,12,Goshen Health System,,FEDERAL_RECORD_CCN,"CMS enrolment, CCN 150026: PART A PROVIDER - HOSPITAL",FALSE,150026,GENERAL_KNOWLEDGE
IN,in_grow_regional_awardees.csv,17,Michiana Behavioral Health,,FEDERAL_RECORD_CCN,"CMS enrolment, CCN 154047: PART A PROVIDER - HOSPITAL",FALSE,154047,ORG_WEBSITE
IN,in_grow_regional_awardees.csv,18,Saint Joseph Regional Medical Center Plymouth Campus Inc.,,FEDERAL_RECORD_CCN,"CMS enrolment, CCN 150076: PART A PROVIDER - HOSPITAL",FALSE,150076,ORG_WEBSITE
IN,in_grow_regional_awardees.csv,23,Elkhart General Hospital,,FEDERAL_RECORD_CCN,"CMS enrolment, CCN 150018: PART A PROVIDER - HOSPITAL",FALSE,150018,ORG_WEBSITE
IN,in_grow_regional_awardees.csv,25,Northwest Health Starke Hospital,,FEDERAL_RECORD_CCN,"CMS enrolment, CCN 150102: PART A PROVIDER - HOSPITAL",FALSE,150102,GENERAL_KNOWLEDGE
IN,in_grow_regional_awardees.csv,27,Adams County Memorial Hospital,,FEDERAL_RECORD_CCN,"CMS enrolment, CCN 151330: PART A PROVIDER - CRITICAL ACCESS HOSPITAL",TRUE,151330,ORG_WEBSITE
IN,in_grow_regional_awardees.csv,30,Parkview Hospital,,FEDERAL_RECORD_CCN,"CMS enrolment, CCN 150021: PART A PROVIDER - HOSPITAL",FALSE,150021,ORG_WEBSITE
IN,in_grow_regional_awardees.csv,37,Bluffton Health System LLC,,FEDERAL_RECORD_CCN,"CMS enrolment, CCN 150075: PART A PROVIDER - HOSPITAL",FALSE,150075,ORG_WEBSITE
IN,in_grow_regional_awardees.csv,38,Dukes Health System LLC,,FEDERAL_RECORD_CCN,"CMS enrolment, CCN 151318: PART A PROVIDER - CRITICAL ACCESS HOSPITAL",TRUE,151318,ORG_WEBSITE
IN,in_grow_regional_awardees.csv,42,Cameron Memorial Community Hospital Inc.,,FEDERAL_RECORD_CCN,"CMS enrolment, CCN 151315: PART A PROVIDER - CRITICAL ACCESS HOSPITAL",TRUE,151315,ORG_WEBSITE
IN,in_grow_regional_awardees.csv,54,Northeastern Center,,FEDERAL_RECORD_CCN,"CMS enrolment, CCN 154050: PART A PROVIDER - HOSPITAL",FALSE,154050,ORG_WEBSITE
IN,in_grow_regional_awardees.csv,60,"St. Vincent Williamsport Hospital, Inc.",,FEDERAL_RECORD_CCN,"CMS enrolment, CCN 151307: PART A PROVIDER - CRITICAL ACCESS HOSPITAL",TRUE,151307,ORG_WEBSITE
IN,in_grow_regional_awardees.csv,73,"Indiana University Health, Inc",,FEDERAL_RECORD_CCN,"CMS enrolment, CCN 150056: PART A PROVIDER - HOSPITAL",FALSE,150056,ORG_WEBSITE
IN,in_grow_regional_awardees.csv,76,Franciscan Health Foundation,,NOT_RECORDED,,FALSE,,GENERAL_KNOWLEDGE
IN,in_grow_regional_awardees.csv,83,"St. Vincent Randolph Hospital, Inc.",,FEDERAL_RECORD_CCN,"CMS enrolment, CCN 151301: PART A PROVIDER - CRITICAL ACCESS HOSPITAL",TRUE,151301,ORG_WEBSITE
IN,in_grow_regional_awardees.csv,96,"Marion General Hospital, Inc.",,FEDERAL_RECORD_CCN,"CMS enrolment, CCN 150011: PART A PROVIDER - HOSPITAL",FALSE,150011,ORG_WEBSITE
IN,in_grow_regional_awardees.csv,97,"Reid Hospital & Health Care Services, Inc.",,FEDERAL_RECORD_CCN,"CMS enrolment, CCN 150048: PART A PROVIDER - HOSPITAL",FALSE,150048,ORG_WEBSITE
IN,in_grow_regional_awardees.csv,100,"Indiana University Health, Inc",,FEDERAL_RECORD_CCN,"CMS enrolment, CCN 150056: PART A PROVIDER - HOSPITAL",FALSE,150056,ORG_WEBSITE
IN,in_grow_regional_awardees.csv,104,Harsha Behavioral Center,,FEDERAL_RECORD_CCN,"CMS enrolment, CCN 154054: PART A PROVIDER - HOSPITAL",FALSE,154054,ORG_WEBSITE
IN,in_grow_regional_awardees.csv,105,Putnam County Hospital,,FEDERAL_RECORD_CCN,"CMS enrolment, CCN 151333: PART A PROVIDER - CRITICAL ACCESS HOSPITAL",TRUE,151333,ORG_WEBSITE
IN,in_grow_regional_awardees.csv,106,Union Health Inc.,,FEDERAL_RECORD_CCN,"CMS enrolment, CCN 150023: PART A PROVIDER - HOSPITAL",FALSE,150023,GENERAL_KNOWLEDGE
IN,in_grow_regional_awardees.csv,109,St. Vincent Clay Hospital Inc.,,FEDERAL_RECORD_CCN,"CMS enrolment, CCN 151309: PART A PROVIDER - CRITICAL ACCESS HOSPITAL",TRUE,151309,ORG_WEBSITE
IN,in_grow_regional_awardees.csv,110,Union Hospital Clinton,,FEDERAL_RECORD_CCN,"CMS enrolment, CCN 151326: PART A PROVIDER - CRITICAL ACCESS HOSPITAL",TRUE,151326,ORG_WEBSITE
IN,in_grow_regional_awardees.csv,111,Greene County General Hospital,,FEDERAL_RECORD_CCN,"CMS enrolment, CCN 151317: PART A PROVIDER - CRITICAL ACCESS HOSPITAL",TRUE,151317,ORG_WEBSITE
IN,in_grow_regional_awardees.csv,115,"Hamilton Center, Inc.",,FEDERAL_RECORD_CCN,"CMS enrolment, CCN 154009: PART A PROVIDER - HOSPITAL",FALSE,154009,ORG_WEBSITE
IN,in_grow_regional_awardees.csv,117,Sullivan County Community Hospital,,FEDERAL_RECORD_CCN,"CMS enrolment, CCN 151327: PART A PROVIDER - CRITICAL ACCESS HOSPITAL",TRUE,151327,ORG_WEBSITE
IN,in_grow_regional_awardees.csv,127,Rush Memorial Hospital,,FEDERAL_RECORD_CCN,"CMS enrolment, CCN 151304: PART A PROVIDER - CRITICAL ACCESS HOSPITAL",TRUE,151304,ORG_WEBSITE
IN,in_grow_regional_awardees.csv,129,Ascension St. Vincent Jennings,,FEDERAL_RECORD_CCN,"CMS enrolment, CCN 151303: PART A PROVIDER - CRITICAL ACCESS HOSPITAL",TRUE,151303,ORG_WEBSITE
IN,in_grow_regional_awardees.csv,135,INcompass Healthcare,,FEDERAL_RECORD_CCN,"CMS enrolment, CCN 154011: PART A PROVIDER - HOSPITAL",FALSE,154011,ORG_WEBSITE
IN,in_grow_regional_awardees.csv,145,Margaret Mary Community Hospital,,FEDERAL_RECORD_CCN,"CMS enrolment, CCN 151329: PART A PROVIDER - CRITICAL ACCESS HOSPITAL",TRUE,151329,ORG_WEBSITE
IN,in_grow_regional_awardees.csv,146,St. Elizabeth Dearborn,,FEDERAL_RECORD_CCN,"CMS enrolment, CCN 150086: PART A PROVIDER - HOSPITAL",FALSE,150086,GENERAL_KNOWLEDGE
IN,in_grow_regional_awardees.csv,147,Decatur County Memorial Hospital,,FEDERAL_RECORD_CCN,"CMS enrolment, CCN 151332: PART A PROVIDER - CRITICAL ACCESS HOSPITAL",TRUE,151332,ORG_WEBSITE
IN,in_grow_regional_awardees.csv,159,"St. Vincent Salem Hospital, Inc.",,FEDERAL_RECORD_CCN,"CMS enrolment, CCN 151314: PART A PROVIDER - CRITICAL ACCESS HOSPITAL",TRUE,151314,ORG_WEBSITE
IN,in_grow_regional_awardees.csv,166,Indiana University Health Inc,,FEDERAL_RECORD_CCN,"CMS enrolment, CCN 150056: PART A PROVIDER - HOSPITAL",FALSE,150056,ORG_WEBSITE
IN,in_grow_regional_awardees.csv,169,Harrison County Hospital,,FEDERAL_RECORD_CCN,"CMS enrolment, CCN 151331: PART A PROVIDER - CRITICAL ACCESS HOSPITAL",TRUE,151331,ORG_WEBSITE
IN,in_grow_regional_awardees.csv,170,Jackson County Schneck Memorial Hospital,,FEDERAL_RECORD_CCN,"CMS enrolment, CCN 150065: PART A PROVIDER - HOSPITAL",FALSE,150065,ORG_WEBSITE
IN,in_grow_regional_awardees.csv,171,Perry County Memorial Hospital,,FEDERAL_RECORD_CCN,"CMS enrolment, CCN 151322: PART A PROVIDER - CRITICAL ACCESS HOSPITAL",TRUE,151322,ORG_WEBSITE
IN,in_grow_regional_awardees.csv,173,Deaconess Hospital Inc.,,FEDERAL_RECORD_CCN,"CMS enrolment, CCN 150082: PART A PROVIDER - HOSPITAL",FALSE,150082,ORG_WEBSITE
IN,in_grow_regional_awardees.csv,176,Ascension St. Vincent,,FEDERAL_RECORD_CCN,"CMS enrolment, CCN 150100: PART A PROVIDER - HOSPITAL",FALSE,150100,GENERAL_KNOWLEDGE
IN,in_grow_regional_awardees.csv,179,Good Samaritan Hospital,,FEDERAL_RECORD_CCN,"CMS enrolment, CCN 150042: PART A PROVIDER - HOSPITAL",FALSE,150042,ORG_WEBSITE
LA,la_year1_awardees.csv,1,Ochsner Clinic Foundation,1500000,FEDERAL_RECORD_CCN,"CMS enrolment, CCN 190036: PART A PROVIDER - HOSPITAL",FALSE,190036,ORG_WEBSITE
CO,co_year1_awardees.csv,2,Arkansas Valley Regional Medical Center,3564484,FEDERAL_RECORD_CCN,"CMS enrolment, CCN 061336: PART A PROVIDER - CRITICAL ACCESS HOSPITAL",TRUE,061336,ORG_WEBSITE
CO,co_year1_awardees.csv,3,Banner Health Foundation,385871,FEDERAL_RECORD_CCN,"CMS enrolment, CCN 060126: PART A PROVIDER - HOSPITAL",FALSE,060126,GENERAL_KNOWLEDGE
CO,co_year1_awardees.csv,4,Banner Health Foundation,243271,FEDERAL_RECORD_CCN,"CMS enrolment, CCN 060126: PART A PROVIDER - HOSPITAL",FALSE,060126,GENERAL_KNOWLEDGE
CO,co_year1_awardees.csv,6,Board of Trustees of Lincoln Community Hospital d/b/a Lincoln Health,3375541,FEDERAL_RECORD_CCN,"CMS enrolment, CCN 061306: PART A PROVIDER - CRITICAL ACCESS HOSPITAL",TRUE,061306,ORG_WEBSITE
CO,co_year1_awardees.csv,8,Catholic Health Initiatives Colorado,3117288,NOT_RECORDED,,FALSE,,ORG_WEBSITE
CO,co_year1_awardees.csv,11,Children's Hospital Colorado,1897643,NOT_RECORDED,,FALSE,,ORG_WEBSITE
CO,co_year1_awardees.csv,23,Delta County Memorial Hospital District,781428,FEDERAL_RECORD_CCN,"CMS enrolment, CCN 060071: PART A PROVIDER - HOSPITAL",FALSE,060071,ORG_WEBSITE
CO,co_year1_awardees.csv,24,Denver Health and Hospital Authority,936186,FEDERAL_RECORD_CCN,"CMS enrolment, CCN 060011: PART A PROVIDER - HOSPITAL",FALSE,060011,ORG_WEBSITE
CO,co_year1_awardees.csv,26,East Phillips County Hospital,5858333,FEDERAL_RECORD_CCN,"CMS enrolment, CCN 061305: PART A PROVIDER - CRITICAL ACCESS HOSPITAL",TRUE,061305,ORG_WEBSITE
CO,co_year1_awardees.csv,28,Eastern Rio Blanco County Health Service District,1204379,FEDERAL_RECORD_CCN,"CMS enrolment, CCN 061325: PART A PROVIDER - CRITICAL ACCESS HOSPITAL",TRUE,061325,ORG_WEBSITE
CO,co_year1_awardees.csv,37,Gunnison Valley Hospital,4527669,FEDERAL_RECORD_CCN,"CMS enrolment, CCN 061320: PART A PROVIDER - CRITICAL ACCESS HOSPITAL",TRUE,061320,ORG_WEBSITE
CO,co_year1_awardees.csv,38,Haxtun Hospital District,2972520,FEDERAL_RECORD_CCN,"CMS enrolment, CCN 061304: PART A PROVIDER - CRITICAL ACCESS HOSPITAL",TRUE,061304,ORG_WEBSITE
CO,co_year1_awardees.csv,41,Huerfano County Hospital District,706605,FEDERAL_RECORD_CCN,"CMS enrolment, CCN 061316: PART A PROVIDER - CRITICAL ACCESS HOSPITAL",TRUE,061316,ORG_WEBSITE
CO,co_year1_awardees.csv,43,Keefe Memorial Health Service District dba Keefe Memorial Hospital,4087098,FEDERAL_RECORD_CCN,"CMS enrolment, CCN 061343: PART A PROVIDER - CRITICAL ACCESS HOSPITAL",TRUE,061343,ORG_WEBSITE
CO,co_year1_awardees.csv,44,Kiowa County Hospital District dba Weisbrod Health,1470288,FEDERAL_RECORD_CCN,"CMS enrolment, CCN 061300: PART A PROVIDER - CRITICAL ACCESS HOSPITAL",TRUE,061300,ORG_WEBSITE
CO,co_year1_awardees.csv,45,Kit Carson County Health Service District,2733655,FEDERAL_RECORD_CCN,"CMS enrolment, CCN 061313: PART A PROVIDER - CRITICAL ACCESS HOSPITAL",TRUE,061313,ORG_WEBSITE
CO,co_year1_awardees.csv,46,"Kremmling Memorial Hospital District, dba Middle Park Health",7747490,FEDERAL_RECORD_CCN,"CMS enrolment, CCN 061318: PART A PROVIDER - CRITICAL ACCESS HOSPITAL",TRUE,061318,ORG_WEBSITE
CO,co_year1_awardees.csv,49,Lutheran Hospital Association of the San Luis Valley dba San Luis Valley Health (Regional Medical Center),7889561,FEDERAL_RECORD_CCN,"CMS enrolment, CCN 060008: PART A PROVIDER - HOSPITAL",FALSE,060008,ORG_WEBSITE
CO,co_year1_awardees.csv,50,"Lutheran Hospital Association of the San Luis Valley, DBA San Luis Valley Health (Conejos County Hospital)",1280385,FEDERAL_RECORD_CCN,"CMS enrolment, CCN 061308: PART A PROVIDER - CRITICAL ACCESS HOSPITAL",TRUE,061308,ORG_WEBSITE
CO,co_year1_awardees.csv,53,"Montrose Memorial Hospital, Inc. dba Montrose Regional Health",3820154,FEDERAL_RECORD_CCN,"CMS enrolment, CCN 060006: PART A PROVIDER - HOSPITAL",FALSE,060006,ORG_WEBSITE
CO,co_year1_awardees.csv,61,Prowers County Hospital District d/b/a Prowers Medical Center,776458,FEDERAL_RECORD_CCN,"CMS enrolment, CCN 061323: PART A PROVIDER - CRITICAL ACCESS HOSPITAL",TRUE,061323,ORG_WEBSITE
CO,co_year1_awardees.csv,62,Rangely Hospital District,700000,FEDERAL_RECORD_CCN,"CMS enrolment, CCN 061307: PART A PROVIDER - CRITICAL ACCESS HOSPITAL",TRUE,061307,ORG_WEBSITE
CO,co_year1_awardees.csv,66,Salida Hospital District,619275,FEDERAL_RECORD_CCN,"CMS enrolment, CCN 061322: PART A PROVIDER - CRITICAL ACCESS HOSPITAL",TRUE,061322,ORG_WEBSITE
CO,co_year1_awardees.csv,67,Salida Hospital District DBA Heart of the Rockies Regional Medical Center (HRRMC),402375,FEDERAL_RECORD_CCN,"CMS enrolment, CCN 061322: PART A PROVIDER - CRITICAL ACCESS HOSPITAL",TRUE,061322,ORG_WEBSITE
CO,co_year1_awardees.csv,69,Sedgwick County Memorial Hospital (DBA Sedgwick County Health Center),3065779,FEDERAL_RECORD_CCN,"CMS enrolment, CCN 061310: PART A PROVIDER - CRITICAL ACCESS HOSPITAL",TRUE,061310,ORG_WEBSITE
CO,co_year1_awardees.csv,70,Southeast Colorado Hospital District,237015,FEDERAL_RECORD_CCN,"CMS enrolment, CCN 061311: PART A PROVIDER - CRITICAL ACCESS HOSPITAL",TRUE,061311,ORG_WEBSITE
CO,co_year1_awardees.csv,71,"Southwest Health System, Inc.",1150707,FEDERAL_RECORD_CCN,"CMS enrolment, CCN 061327: PART A PROVIDER - CRITICAL ACCESS HOSPITAL",TRUE,061327,ORG_WEBSITE
CO,co_year1_awardees.csv,72,St. Vincent General Hospital District,2094405,FEDERAL_RECORD_CCN,"CMS enrolment, CCN 061319: PART A PROVIDER - CRITICAL ACCESS HOSPITAL",TRUE,061319,ORG_WEBSITE
CO,co_year1_awardees.csv,76,The Memorial Hospital (dba Memorial Regional Health),2180298,FEDERAL_RECORD_CCN,"CMS enrolment, CCN 061314: PART A PROVIDER - CRITICAL ACCESS HOSPITAL",TRUE,061314,ORG_WEBSITE
CO,co_year1_awardees.csv,77,Trinidad Area Health Association dba Mt. San Rafael Hospital,1315001,FEDERAL_RECORD_CCN,"CMS enrolment, CCN 061321: PART A PROVIDER - CRITICAL ACCESS HOSPITAL",TRUE,061321,ORG_WEBSITE
CO,co_year1_awardees.csv,79,Upper San Juan Health Service District d/b/a Pagosa Springs Medical Center (PSMC),4201527,FEDERAL_RECORD_CCN,"CMS enrolment, CCN 061328: PART A PROVIDER - CRITICAL ACCESS HOSPITAL",TRUE,061328,ORG_WEBSITE
CO,co_year1_awardees.csv,81,"Vail Clinic, Inc. d/b/a Vail Health Hospital",658490,FEDERAL_RECORD_CCN,"CMS enrolment, CCN 060096: PART A PROVIDER - HOSPITAL",FALSE,060096,ORG_WEBSITE
CO,co_year1_awardees.csv,82,Valley Citizens' Foundation for Health Care Inc.,1683611,FEDERAL_RECORD_CCN,"CMS enrolment, CCN 061301: PART A PROVIDER - CRITICAL ACCESS HOSPITAL",TRUE,061301,ORG_WEBSITE
CO,co_year1_awardees.csv,83,Valley View Hospital Association,2893793,FEDERAL_RECORD_CCN,"CMS enrolment, CCN 060075: PART A PROVIDER - HOSPITAL",FALSE,060075,ORG_WEBSITE
CO,co_year1_awardees.csv,91,Wray Community District Hospital,4812762,FEDERAL_RECORD_CCN,"CMS enrolment, CCN 061309: PART A PROVIDER - CRITICAL ACCESS HOSPITAL",TRUE,061309,ORG_WEBSITE
CO,co_year1_awardees.csv,92,Yuma Hospital District dba Yuma District Hospital and Clinics,1301814,FEDERAL_RECORD_CCN,"CMS enrolment, CCN 061315: PART A PROVIDER - CRITICAL ACCESS HOSPITAL",TRUE,061315,ORG_WEBSITE
AL,al_year1_round2_awardees.csv,1,The University of Alabama at Birmingham,1000000,FEDERAL_RECORD_CCN,"CMS enrolment, CCN 010033: PART A PROVIDER - HOSPITAL",FALSE,010033,ORG_WEBSITE
AL,al_year1_round2_awardees.csv,2,Triad of Alabama LLC DBA Flowers Hospital,1450000,FEDERAL_RECORD_CCN,"CMS enrolment, CCN 010055: PART A PROVIDER - HOSPITAL",FALSE,010055,ORG_WEBSITE
AL,al_year1_round2_awardees.csv,3,The East Alabama Health Care Authority,1230000,NOT_RECORDED,,FALSE,,ORG_WEBSITE
AL,al_year1_round2_awardees.csv,4,The Russell Hospital Corp.,140242,FEDERAL_RECORD_CCN,"CMS enrolment, CCN 010065: PART A PROVIDER - HOSPITAL",FALSE,010065,ORG_WEBSITE
AL,al_year1_round2_awardees.csv,5,University of South Alabama,1630000,FEDERAL_RECORD_CCN,"CMS enrolment, CCN 010087: PART A PROVIDER - HOSPITAL",FALSE,010087,ORG_WEBSITE
AL,al_year1_round2_awardees.csv,6,Infirmary Health System Inc.,1790000,FEDERAL_RECORD_CCN,"CMS enrolment, CCN 010113: PART A PROVIDER - HOSPITAL",FALSE,010113,STATE_SOURCE
AL,al_year1_round2_awardees.csv,7,The University of Alabama at Birmingham,3440000,FEDERAL_RECORD_CCN,"CMS enrolment, CCN 010033: PART A PROVIDER - HOSPITAL",FALSE,010033,ORG_WEBSITE
AL,al_year1_round2_awardees.csv,8,Greene County Health System,308694,FEDERAL_RECORD_CCN,"CMS enrolment, CCN 010051: PART A PROVIDER - HOSPITAL",FALSE,010051,GENERAL_KNOWLEDGE
AL,al_year1_round2_awardees.csv,9,The University of Alabama at Birmingham,452716,FEDERAL_RECORD_CCN,"CMS enrolment, CCN 010033: PART A PROVIDER - HOSPITAL",FALSE,010033,ORG_WEBSITE
AL,al_year1_round2_awardees.csv,11,The Health Care Authority of the City of Huntsville,450000,FEDERAL_RECORD_CCN,"CMS enrolment, CCN 010039: PART A PROVIDER - HOSPITAL",FALSE,010039,ORG_WEBSITE
AL,al_year1_round2_awardees.csv,12,Greene County Health System,750000,FEDERAL_RECORD_CCN,"CMS enrolment, CCN 010051: PART A PROVIDER - HOSPITAL",FALSE,010051,GENERAL_KNOWLEDGE
AL,al_year1_round2_awardees.csv,19,QHG of Enterprise Inc.,70000,FEDERAL_RECORD_CCN,"CMS enrolment, CCN 010049: PART A PROVIDER - HOSPITAL",FALSE,010049,ORG_WEBSITE
AL,al_year1_round2_awardees.csv,20,Greene County Health System,575000,FEDERAL_RECORD_CCN,"CMS enrolment, CCN 010051: PART A PROVIDER - HOSPITAL",FALSE,010051,GENERAL_KNOWLEDGE
AL,al_year1_round2_awardees.csv,21,The Children’s Hospital of Alabama,288542,FEDERAL_RECORD_CCN,"CMS enrolment, CCN 013300: PART A PROVIDER - HOSPITAL",FALSE,013300,ORG_WEBSITE
AL,al_year1_round2_awardees.csv,22,St. Vincent’s Chilton LLC DBA UAB St. Vincent’s Chilton,618000,FEDERAL_RECORD_CCN,"CMS enrolment, CCN 010173: PART A PROVIDER - HOSPITAL",FALSE,010173,ORG_WEBSITE
AL,al_year1_round2_awardees.csv,24,Greene County Health System,2280000,FEDERAL_RECORD_CCN,"CMS enrolment, CCN 010051: PART A PROVIDER - HOSPITAL",FALSE,010051,GENERAL_KNOWLEDGE
AL,al_year1_round2_awardees.csv,26,RCHP-Florence LLC DBA North Alabama Shoals Hospital,683500,NOT_RECORDED,,FALSE,,ORG_WEBSITE
AL,al_year1_round2_awardees.csv,27,Infirmary Health System Inc.,1370000,FEDERAL_RECORD_CCN,"CMS enrolment, CCN 010113: PART A PROVIDER - HOSPITAL",FALSE,010113,STATE_SOURCE
AL,al_year1_round2_awardees.csv,28,Sylacauga Healthcare Authority DBA Coosa Valley Medical Center,1890000,FEDERAL_RECORD_CCN,"CMS enrolment, CCN 010164: PART A PROVIDER - HOSPITAL",FALSE,010164,ORG_WEBSITE
AL,al_year1_round2_awardees.csv,29,University of South Alabama,164450,FEDERAL_RECORD_CCN,"CMS enrolment, CCN 010087: PART A PROVIDER - HOSPITAL",FALSE,010087,ORG_WEBSITE
AL,al_year1_round2_awardees.csv,31,Andalusia Health,305428,FEDERAL_RECORD_CCN,"CMS enrolment, CCN 010036: PART A PROVIDER - HOSPITAL",FALSE,010036,ORG_WEBSITE
NC,nc_year1_sbhc_awardees.csv,3,First Health of the Carolinas,,FEDERAL_RECORD_CCN,"CMS enrolment, CCN 340115: PART A PROVIDER - HOSPITAL",FALSE,340115,ORG_WEBSITE
OK,ok_year1_doulas_awardees.csv,2,Newman Memorial Hospital,38525,FEDERAL_RECORD_CCN,"CMS enrolment, CCN 371336: PART A PROVIDER - CRITICAL ACCESS HOSPITAL",TRUE,371336,ORG_WEBSITE
OK,ok_year1_rrr_awardees.csv,1,Ascension St. John Jane Phillips Medical Center,2880139,FEDERAL_RECORD_CCN,"CMS enrolment, CCN 370018: PART A PROVIDER - HOSPITAL",FALSE,370018,GENERAL_KNOWLEDGE
OK,ok_year1_rrr_awardees.csv,5,Fairview Regional Medical Center,754650,FEDERAL_RECORD_CCN,"CMS enrolment, CCN 371329: PART A PROVIDER - CRITICAL ACCESS HOSPITAL",TRUE,371329,GENERAL_KNOWLEDGE
OK,ok_year1_rrr_awardees.csv,9,Jackson County Memorial Hospital Authority,3938586,FEDERAL_RECORD_CCN,"CMS enrolment, CCN 370022: PART A PROVIDER - HOSPITAL",FALSE,370022,ORG_WEBSITE
OK,ok_year1_rrr_awardees.csv,12,Lindsay Municipal Hospital Authority,698786,FEDERAL_RECORD_CCN,"CMS enrolment, CCN 370214: PART A PROVIDER - HOSPITAL",FALSE,370214,GENERAL_KNOWLEDGE
OK,ok_year1_rrr_awardees.csv,13,"McCurtain Memorial Medical Management, Inc.",2385000,FEDERAL_RECORD_CCN,"CMS enrolment, CCN 371342: PART A PROVIDER - CRITICAL ACCESS HOSPITAL",TRUE,371342,ORG_WEBSITE
OK,ok_year1_rrr_awardees.csv,14,Memorial Hospital of Texas County Authority,1365805,FEDERAL_RECORD_CCN,"CMS enrolment, CCN 371340: PART A PROVIDER - CRITICAL ACCESS HOSPITAL",TRUE,371340,ORG_WEBSITE
OK,ok_year1_rrr_awardees.csv,15,"Mercy Health Oklahoma Communities, Inc.",3938438,NOT_RECORDED,,FALSE,,GENERAL_KNOWLEDGE
OK,ok_year1_rrr_awardees.csv,16,"Newman Memorial Hospital, Inc.",1339787,FEDERAL_RECORD_CCN,"CMS enrolment, CCN 371336: PART A PROVIDER - CRITICAL ACCESS HOSPITAL",TRUE,371336,ORG_WEBSITE
OK,ok_year1_rrr_awardees.csv,19,SSM Health Care of Oklahoma,3672447,FEDERAL_RECORD_CCN,"CMS enrolment, CCN 370037: PART A PROVIDER - HOSPITAL",FALSE,370037,ORG_WEBSITE
OK,ok_year1_rrr_awardees.csv,20,Stillwater Medical Center Authority,126166,FEDERAL_RECORD_CCN,"CMS enrolment, CCN 370049: PART A PROVIDER - HOSPITAL",FALSE,370049,ORG_WEBSITE
OK,ok_year1_cdm_awardees.csv,3,Choctaw Nation of Oklahoma,360552,FEDERAL_RECORD_CCN,"CMS enrolment, CCN 370172: PART A PROVIDER - HOSPITAL",FALSE,370172,ORG_WEBSITE
OK,ok_year1_cdm_awardees.csv,4,Cimarron Memorial Hospital and Rural Health Clinic,665502,FEDERAL_RECORD_CCN,"CMS enrolment, CCN 371307: PART A PROVIDER - CRITICAL ACCESS HOSPITAL",TRUE,371307,GENERAL_KNOWLEDGE
OK,ok_year1_cdm_awardees.csv,6,Fairview Regional Medical Center,1827444.2,FEDERAL_RECORD_CCN,"CMS enrolment, CCN 371329: PART A PROVIDER - CRITICAL ACCESS HOSPITAL",TRUE,371329,GENERAL_KNOWLEDGE
OK,ok_year1_cdm_awardees.csv,8,Jackson County Memorial Hospital Authority,1316304.74,FEDERAL_RECORD_CCN,"CMS enrolment, CCN 370022: PART A PROVIDER - HOSPITAL",FALSE,370022,ORG_WEBSITE
OK,ok_year1_cdm_awardees.csv,11,"Mercy Health Oklahoma Communities, Inc.",2615529.21,NOT_RECORDED,,FALSE,,GENERAL_KNOWLEDGE
OK,ok_year1_cdm_awardees.csv,14,"Wagoner Hospital Authority, an Oklahoma Public Trust, DBA Wagoner Community Hospital",2412325,FEDERAL_RECORD_CCN,"CMS enrolment, CCN 370166: PART A PROVIDER - HOSPITAL",FALSE,370166,ORG_WEBSITE
