state,row_no,awardee,amount,recipient_type,distributed_to_hospital,note,recipient_confirmed,amount_confirmed,fiscal_year,source_document_title,state_source_url,validation_source_type,extraction_method,validator,ccn,aha_id,rural_designation,reviewer,initiative,award_pool,row_in_pool,awardee_as_published,recipient_type_source,determination_confidence,flag_reason,budget_period,flow_type,hospital_benefiting,hospital_attribution,intermediary_name,determination_basis,amount_basis,round_amount,announcement_date,source_archive_path
SC,1,Morphis Pediatric Group,34750,NONPROFIT_CBO,No,Connections to Care / Expand Remote Patient Monitoring (RPM) & Assistive Technology,Yes,Yes,FY2026 (Year 1),SC RHTP Year 1 Award List,https://www.scdhhs.gov/sites/dhhs/files/SC%20RHTP%20Year%201%20Award%20List%20to%20CMS.pdf,NOTICE_OF_AWARD,PDF_TEXT,R/03ao_sc_year1_awardees.R,NA,NA,NA,NA,Connections to Care,Expand Remote Patient Monitoring (RPM) & Assistive Technology,1,Morphis Pediatric Group,"§8's STANDING FALLBACK. The award list publishes a recipient and an amount and NOTHING about the recipient's organisational form -- no type column, no county, no project description -- so Kansas's, Maryland's, Nebraska's, Oklahoma's, Nevada's, Michigan's, Missouri's, Iowa's, North Carolina's, Arkansas's, Wyoming's and Mississippi's shape a THIRTEENTH time. NOTHING WAS PROMOTED (§0.4), and the refusal runs BOTH ways: Self Regional Healthcare, McLeod Health, AnMed, Prisma Health and Tidelands Health read as hospital systems to anyone who knows South Carolina and are NOT promoted, while the nineteen SCDBHDD rows are the state's own behavioral health department and are NOT demoted to STATE_AGENCY. Both would be this pipeline asserting a form the document has not.",LOW,RECIPIENT_TYPE_INFERRED,Budget Period 1,NON_HOSPITAL,No,NOT_HOSPITAL,NA,"§10.2 -- the named recipient is not a hospital on the only evidence the document offers, which is its name. Where recipient_type is §8's standing fallback this is the CONSERVATIVE answer and the row is queued as SC_RECIPIENT_FORM_NOT_STATED: resolving it could only RAISE South Carolina's hospital figure, never lower it.","EXACT and per-recipient, published by SCDHHS for every one of the 228 rows. The document carries NO total of any kind, so the $167,299,900.69 this file reports is the SUM OF THE ROWS, corroborated from outside by CMS's own '228 grants' and '$167 Million' (2026-09-17) and by each project numbering 1..n with no gap.",NA,2026-09-15,data/evidence/SC/2026-09-21_sc_rhtp_year1_award_list_THE_ROSTER.pdf
SC,2,"Oh the Blood Mobile Phlebotomy, LLC",124995,NONPROFIT_CBO,No,Connections to Care / Expand Remote Patient Monitoring (RPM) & Assistive Technology,Yes,Yes,FY2026 (Year 1),SC RHTP Year 1 Award List,https://www.scdhhs.gov/sites/dhhs/files/SC%20RHTP%20Year%201%20Award%20List%20to%20CMS.pdf,NOTICE_OF_AWARD,PDF_TEXT,R/03ao_sc_year1_awardees.R,NA,NA,NA,NA,Connections to Care,Expand Remote Patient Monitoring (RPM) & Assistive Technology,2,"Oh the Blood Mobile Phlebotomy, LLC","§8's STANDING FALLBACK. The award list publishes a recipient and an amount and NOTHING about the recipient's organisational form -- no type column, no county, no project description -- so Kansas's, Maryland's, Nebraska's, Oklahoma's, Nevada's, Michigan's, Missouri's, Iowa's, North Carolina's, Arkansas's, Wyoming's and Mississippi's shape a THIRTEENTH time. NOTHING WAS PROMOTED (§0.4), and the refusal runs BOTH ways: Self Regional Healthcare, McLeod Health, AnMed, Prisma Health and Tidelands Health read as hospital systems to anyone who knows South Carolina and are NOT promoted, while the nineteen SCDBHDD rows are the state's own behavioral health department and are NOT demoted to STATE_AGENCY. Both would be this pipeline asserting a form the document has not.",LOW,RECIPIENT_TYPE_INFERRED,Budget Period 1,NON_HOSPITAL,No,NOT_HOSPITAL,NA,"§10.2 -- the named recipient is not a hospital on the only evidence the document offers, which is its name. Where recipient_type is §8's standing fallback this is the CONSERVATIVE answer and the row is queued as SC_RECIPIENT_FORM_NOT_STATED: resolving it could only RAISE South Carolina's hospital figure, never lower it.","EXACT and per-recipient, published by SCDHHS for every one of the 228 rows. The document carries NO total of any kind, so the $167,299,900.69 this file reports is the SUM OF THE ROWS, corroborated from outside by CMS's own '228 grants' and '$167 Million' (2026-09-17) and by each project numbering 1..n with no gap.",NA,2026-09-15,data/evidence/SC/2026-09-21_sc_rhtp_year1_award_list_THE_ROSTER.pdf
SC,3,Presbyterian College School of Pharmacy (PCSP),148920,UNIVERSITY_OR_AHC,No,Connections to Care / Expand Remote Patient Monitoring (RPM) & Assistive Technology,Yes,Yes,FY2026 (Year 1),SC RHTP Year 1 Award List,https://www.scdhhs.gov/sites/dhhs/files/SC%20RHTP%20Year%201%20Award%20List%20to%20CMS.pdf,NOTICE_OF_AWARD,PDF_TEXT,R/03ao_sc_year1_awardees.R,NA,NA,NA,NA,Connections to Care,Expand Remote Patient Monitoring (RPM) & Assistive Technology,3,Presbyterian College School of Pharmacy (PCSP),DERIVED FROM THE RECIPIENT'S OWN NAME by rhtp_classify_recipient_type().,HIGH,NA,Budget Period 1,NON_HOSPITAL,No,NOT_HOSPITAL,NA,"§10.2 -- the named recipient is not a hospital on the only evidence the document offers, which is its name. Where recipient_type is §8's standing fallback this is the CONSERVATIVE answer and the row is queued as SC_RECIPIENT_FORM_NOT_STATED: resolving it could only RAISE South Carolina's hospital figure, never lower it.","EXACT and per-recipient, published by SCDHHS for every one of the 228 rows. The document carries NO total of any kind, so the $167,299,900.69 this file reports is the SUM OF THE ROWS, corroborated from outside by CMS's own '228 grants' and '$167 Million' (2026-09-17) and by each project numbering 1..n with no gap.",NA,2026-09-15,data/evidence/SC/2026-09-21_sc_rhtp_year1_award_list_THE_ROSTER.pdf
SC,4,Bluffton Jasper County Volunteers in Medicine,208200,NONPROFIT_CBO,No,Connections to Care / Expand Remote Patient Monitoring (RPM) & Assistive Technology,Yes,Yes,FY2026 (Year 1),SC RHTP Year 1 Award List,https://www.scdhhs.gov/sites/dhhs/files/SC%20RHTP%20Year%201%20Award%20List%20to%20CMS.pdf,NOTICE_OF_AWARD,PDF_TEXT,R/03ao_sc_year1_awardees.R,NA,NA,NA,NA,Connections to Care,Expand Remote Patient Monitoring (RPM) & Assistive Technology,4,Bluffton Jasper County Volunteers in Medicine,"§8's STANDING FALLBACK. The award list publishes a recipient and an amount and NOTHING about the recipient's organisational form -- no type column, no county, no project description -- so Kansas's, Maryland's, Nebraska's, Oklahoma's, Nevada's, Michigan's, Missouri's, Iowa's, North Carolina's, Arkansas's, Wyoming's and Mississippi's shape a THIRTEENTH time. NOTHING WAS PROMOTED (§0.4), and the refusal runs BOTH ways: Self Regional Healthcare, McLeod Health, AnMed, Prisma Health and Tidelands Health read as hospital systems to anyone who knows South Carolina and are NOT promoted, while the nineteen SCDBHDD rows are the state's own behavioral health department and are NOT demoted to STATE_AGENCY. Both would be this pipeline asserting a form the document has not.",LOW,RECIPIENT_TYPE_INFERRED,Budget Period 1,NON_HOSPITAL,No,NOT_HOSPITAL,NA,"§10.2 -- the named recipient is not a hospital on the only evidence the document offers, which is its name. Where recipient_type is §8's standing fallback this is the CONSERVATIVE answer and the row is queued as SC_RECIPIENT_FORM_NOT_STATED: resolving it could only RAISE South Carolina's hospital figure, never lower it.","EXACT and per-recipient, published by SCDHHS for every one of the 228 rows. The document carries NO total of any kind, so the $167,299,900.69 this file reports is the SUM OF THE ROWS, corroborated from outside by CMS's own '228 grants' and '$167 Million' (2026-09-17) and by each project numbering 1..n with no gap.",NA,2026-09-15,data/evidence/SC/2026-09-21_sc_rhtp_year1_award_list_THE_ROSTER.pdf
SC,5,"Careteam Plus, Inc",225626.8,NONPROFIT_CBO,No,Connections to Care / Expand Remote Patient Monitoring (RPM) & Assistive Technology,Yes,Yes,FY2026 (Year 1),SC RHTP Year 1 Award List,https://www.scdhhs.gov/sites/dhhs/files/SC%20RHTP%20Year%201%20Award%20List%20to%20CMS.pdf,NOTICE_OF_AWARD,PDF_TEXT,R/03ao_sc_year1_awardees.R,NA,NA,NA,NA,Connections to Care,Expand Remote Patient Monitoring (RPM) & Assistive Technology,5,"Careteam Plus, Inc","§8's STANDING FALLBACK. The award list publishes a recipient and an amount and NOTHING about the recipient's organisational form -- no type column, no county, no project description -- so Kansas's, Maryland's, Nebraska's, Oklahoma's, Nevada's, Michigan's, Missouri's, Iowa's, North Carolina's, Arkansas's, Wyoming's and Mississippi's shape a THIRTEENTH time. NOTHING WAS PROMOTED (§0.4), and the refusal runs BOTH ways: Self Regional Healthcare, McLeod Health, AnMed, Prisma Health and Tidelands Health read as hospital systems to anyone who knows South Carolina and are NOT promoted, while the nineteen SCDBHDD rows are the state's own behavioral health department and are NOT demoted to STATE_AGENCY. Both would be this pipeline asserting a form the document has not.",LOW,RECIPIENT_TYPE_INFERRED,Budget Period 1,NON_HOSPITAL,No,NOT_HOSPITAL,NA,"§10.2 -- the named recipient is not a hospital on the only evidence the document offers, which is its name. Where recipient_type is §8's standing fallback this is the CONSERVATIVE answer and the row is queued as SC_RECIPIENT_FORM_NOT_STATED: resolving it could only RAISE South Carolina's hospital figure, never lower it.","EXACT and per-recipient, published by SCDHHS for every one of the 228 rows. The document carries NO total of any kind, so the $167,299,900.69 this file reports is the SUM OF THE ROWS, corroborated from outside by CMS's own '228 grants' and '$167 Million' (2026-09-17) and by each project numbering 1..n with no gap.",NA,2026-09-15,data/evidence/SC/2026-09-21_sc_rhtp_year1_award_list_THE_ROSTER.pdf
SC,6,Lexington Health,250804.9,NONPROFIT_CBO,No,Connections to Care / Expand Remote Patient Monitoring (RPM) & Assistive Technology,Yes,Yes,FY2026 (Year 1),SC RHTP Year 1 Award List,https://www.scdhhs.gov/sites/dhhs/files/SC%20RHTP%20Year%201%20Award%20List%20to%20CMS.pdf,NOTICE_OF_AWARD,PDF_TEXT,R/03ao_sc_year1_awardees.R,NA,NA,NA,NA,Connections to Care,Expand Remote Patient Monitoring (RPM) & Assistive Technology,6,Lexington Health,"§8's STANDING FALLBACK. The award list publishes a recipient and an amount and NOTHING about the recipient's organisational form -- no type column, no county, no project description -- so Kansas's, Maryland's, Nebraska's, Oklahoma's, Nevada's, Michigan's, Missouri's, Iowa's, North Carolina's, Arkansas's, Wyoming's and Mississippi's shape a THIRTEENTH time. NOTHING WAS PROMOTED (§0.4), and the refusal runs BOTH ways: Self Regional Healthcare, McLeod Health, AnMed, Prisma Health and Tidelands Health read as hospital systems to anyone who knows South Carolina and are NOT promoted, while the nineteen SCDBHDD rows are the state's own behavioral health department and are NOT demoted to STATE_AGENCY. Both would be this pipeline asserting a form the document has not.",LOW,RECIPIENT_TYPE_INFERRED,Budget Period 1,NON_HOSPITAL,No,NOT_HOSPITAL,NA,"§10.2 -- the named recipient is not a hospital on the only evidence the document offers, which is its name. Where recipient_type is §8's standing fallback this is the CONSERVATIVE answer and the row is queued as SC_RECIPIENT_FORM_NOT_STATED: resolving it could only RAISE South Carolina's hospital figure, never lower it.","EXACT and per-recipient, published by SCDHHS for every one of the 228 rows. The document carries NO total of any kind, so the $167,299,900.69 this file reports is the SUM OF THE ROWS, corroborated from outside by CMS's own '228 grants' and '$167 Million' (2026-09-17) and by each project numbering 1..n with no gap.",NA,2026-09-15,data/evidence/SC/2026-09-21_sc_rhtp_year1_award_list_THE_ROSTER.pdf
SC,7,Carolina Pines Regional Medical Center,268713,HOSPITAL_OR_SYSTEM,Yes,Connections to Care / Expand Remote Patient Monitoring (RPM) & Assistive Technology,Yes,Yes,FY2026 (Year 1),SC RHTP Year 1 Award List,https://www.scdhhs.gov/sites/dhhs/files/SC%20RHTP%20Year%201%20Award%20List%20to%20CMS.pdf,NOTICE_OF_AWARD,PDF_TEXT,R/03ao_sc_year1_awardees.R,NA,NA,NA,NA,Connections to Care,Expand Remote Patient Monitoring (RPM) & Assistive Technology,7,Carolina Pines Regional Medical Center,DERIVED FROM THE RECIPIENT'S OWN NAME by rhtp_classify_recipient_type().,HIGH,NA,Budget Period 1,DIRECT,Yes,NAMED_HOSPITAL,NA,"§10.2 DIRECT -- the named recipient is itself a hospital or health system, so recipient identity IS the flow test and no description decides it (§0.3a). The award is MADE: SCDHHS issued Notices of Award Determination on its own published date of 2026-07-31 (MB# 26-026) and posted this list, headed 'Year 1 Awards', on 2026-09-15.","EXACT and per-recipient, published by SCDHHS for every one of the 228 rows. The document carries NO total of any kind, so the $167,299,900.69 this file reports is the SUM OF THE ROWS, corroborated from outside by CMS's own '228 grants' and '$167 Million' (2026-09-17) and by each project numbering 1..n with no gap.",NA,2026-09-15,data/evidence/SC/2026-09-21_sc_rhtp_year1_award_list_THE_ROSTER.pdf
SC,8,Infinity Family Healthcare,277500,NONPROFIT_CBO,No,Connections to Care / Expand Remote Patient Monitoring (RPM) & Assistive Technology,Yes,Yes,FY2026 (Year 1),SC RHTP Year 1 Award List,https://www.scdhhs.gov/sites/dhhs/files/SC%20RHTP%20Year%201%20Award%20List%20to%20CMS.pdf,NOTICE_OF_AWARD,PDF_TEXT,R/03ao_sc_year1_awardees.R,NA,NA,NA,NA,Connections to Care,Expand Remote Patient Monitoring (RPM) & Assistive Technology,8,Infinity Family Healthcare,"§8's STANDING FALLBACK. The award list publishes a recipient and an amount and NOTHING about the recipient's organisational form -- no type column, no county, no project description -- so Kansas's, Maryland's, Nebraska's, Oklahoma's, Nevada's, Michigan's, Missouri's, Iowa's, North Carolina's, Arkansas's, Wyoming's and Mississippi's shape a THIRTEENTH time. NOTHING WAS PROMOTED (§0.4), and the refusal runs BOTH ways: Self Regional Healthcare, McLeod Health, AnMed, Prisma Health and Tidelands Health read as hospital systems to anyone who knows South Carolina and are NOT promoted, while the nineteen SCDBHDD rows are the state's own behavioral health department and are NOT demoted to STATE_AGENCY. Both would be this pipeline asserting a form the document has not.",LOW,RECIPIENT_TYPE_INFERRED,Budget Period 1,NON_HOSPITAL,No,NOT_HOSPITAL,NA,"§10.2 -- the named recipient is not a hospital on the only evidence the document offers, which is its name. Where recipient_type is §8's standing fallback this is the CONSERVATIVE answer and the row is queued as SC_RECIPIENT_FORM_NOT_STATED: resolving it could only RAISE South Carolina's hospital figure, never lower it.","EXACT and per-recipient, published by SCDHHS for every one of the 228 rows. The document carries NO total of any kind, so the $167,299,900.69 this file reports is the SUM OF THE ROWS, corroborated from outside by CMS's own '228 grants' and '$167 Million' (2026-09-17) and by each project numbering 1..n with no gap.",NA,2026-09-15,data/evidence/SC/2026-09-21_sc_rhtp_year1_award_list_THE_ROSTER.pdf
SC,9,Able South Carolina,298597,NONPROFIT_CBO,No,Connections to Care / Expand Remote Patient Monitoring (RPM) & Assistive Technology,Yes,Yes,FY2026 (Year 1),SC RHTP Year 1 Award List,https://www.scdhhs.gov/sites/dhhs/files/SC%20RHTP%20Year%201%20Award%20List%20to%20CMS.pdf,NOTICE_OF_AWARD,PDF_TEXT,R/03ao_sc_year1_awardees.R,NA,NA,NA,NA,Connections to Care,Expand Remote Patient Monitoring (RPM) & Assistive Technology,9,Able South Carolina,"§8's STANDING FALLBACK. The award list publishes a recipient and an amount and NOTHING about the recipient's organisational form -- no type column, no county, no project description -- so Kansas's, Maryland's, Nebraska's, Oklahoma's, Nevada's, Michigan's, Missouri's, Iowa's, North Carolina's, Arkansas's, Wyoming's and Mississippi's shape a THIRTEENTH time. NOTHING WAS PROMOTED (§0.4), and the refusal runs BOTH ways: Self Regional Healthcare, McLeod Health, AnMed, Prisma Health and Tidelands Health read as hospital systems to anyone who knows South Carolina and are NOT promoted, while the nineteen SCDBHDD rows are the state's own behavioral health department and are NOT demoted to STATE_AGENCY. Both would be this pipeline asserting a form the document has not.",LOW,RECIPIENT_TYPE_INFERRED,Budget Period 1,NON_HOSPITAL,No,NOT_HOSPITAL,NA,"§10.2 -- the named recipient is not a hospital on the only evidence the document offers, which is its name. Where recipient_type is §8's standing fallback this is the CONSERVATIVE answer and the row is queued as SC_RECIPIENT_FORM_NOT_STATED: resolving it could only RAISE South Carolina's hospital figure, never lower it.","EXACT and per-recipient, published by SCDHHS for every one of the 228 rows. The document carries NO total of any kind, so the $167,299,900.69 this file reports is the SUM OF THE ROWS, corroborated from outside by CMS's own '228 grants' and '$167 Million' (2026-09-17) and by each project numbering 1..n with no gap.",NA,2026-09-15,data/evidence/SC/2026-09-21_sc_rhtp_year1_award_list_THE_ROSTER.pdf
SC,10,"Family Medicine Associates, LLC",299086,PHYSICIAN_PRACTICE,No,Connections to Care / Expand Remote Patient Monitoring (RPM) & Assistive Technology,Yes,Yes,FY2026 (Year 1),SC RHTP Year 1 Award List,https://www.scdhhs.gov/sites/dhhs/files/SC%20RHTP%20Year%201%20Award%20List%20to%20CMS.pdf,NOTICE_OF_AWARD,PDF_TEXT,R/03ao_sc_year1_awardees.R,NA,NA,NA,NA,Connections to Care,Expand Remote Patient Monitoring (RPM) & Assistive Technology,10,"Family Medicine Associates, LLC",DERIVED FROM THE RECIPIENT'S OWN NAME by rhtp_classify_recipient_type().,MEDIUM,NA,Budget Period 1,NON_HOSPITAL,No,NOT_HOSPITAL,NA,"§10.2 -- the named recipient is not a hospital on the only evidence the document offers, which is its name. Where recipient_type is §8's standing fallback this is the CONSERVATIVE answer and the row is queued as SC_RECIPIENT_FORM_NOT_STATED: resolving it could only RAISE South Carolina's hospital figure, never lower it.","EXACT and per-recipient, published by SCDHHS for every one of the 228 rows. The document carries NO total of any kind, so the $167,299,900.69 this file reports is the SUM OF THE ROWS, corroborated from outside by CMS's own '228 grants' and '$167 Million' (2026-09-17) and by each project numbering 1..n with no gap.",NA,2026-09-15,data/evidence/SC/2026-09-21_sc_rhtp_year1_award_list_THE_ROSTER.pdf
SC,11,ReGenesis Organization Community Health Center,425000,FQHC_OR_RHC,No,Connections to Care / Expand Remote Patient Monitoring (RPM) & Assistive Technology,Yes,Yes,FY2026 (Year 1),SC RHTP Year 1 Award List,https://www.scdhhs.gov/sites/dhhs/files/SC%20RHTP%20Year%201%20Award%20List%20to%20CMS.pdf,NOTICE_OF_AWARD,PDF_TEXT,R/03ao_sc_year1_awardees.R,NA,NA,NA,NA,Connections to Care,Expand Remote Patient Monitoring (RPM) & Assistive Technology,11,ReGenesis Organization Community Health Center,DERIVED FROM THE RECIPIENT'S OWN NAME by rhtp_classify_recipient_type().,MEDIUM,NA,Budget Period 1,NON_HOSPITAL,No,NOT_HOSPITAL,NA,"§10.2 -- the named recipient is not a hospital on the only evidence the document offers, which is its name. Where recipient_type is §8's standing fallback this is the CONSERVATIVE answer and the row is queued as SC_RECIPIENT_FORM_NOT_STATED: resolving it could only RAISE South Carolina's hospital figure, never lower it.","EXACT and per-recipient, published by SCDHHS for every one of the 228 rows. The document carries NO total of any kind, so the $167,299,900.69 this file reports is the SUM OF THE ROWS, corroborated from outside by CMS's own '228 grants' and '$167 Million' (2026-09-17) and by each project numbering 1..n with no gap.",NA,2026-09-15,data/evidence/SC/2026-09-21_sc_rhtp_year1_award_list_THE_ROSTER.pdf
SC,12,Aiken Endocrinology,454980.27,NONPROFIT_CBO,No,Connections to Care / Expand Remote Patient Monitoring (RPM) & Assistive Technology,Yes,Yes,FY2026 (Year 1),SC RHTP Year 1 Award List,https://www.scdhhs.gov/sites/dhhs/files/SC%20RHTP%20Year%201%20Award%20List%20to%20CMS.pdf,NOTICE_OF_AWARD,PDF_TEXT,R/03ao_sc_year1_awardees.R,NA,NA,NA,NA,Connections to Care,Expand Remote Patient Monitoring (RPM) & Assistive Technology,12,Aiken Endocrinology,"§8's STANDING FALLBACK. The award list publishes a recipient and an amount and NOTHING about the recipient's organisational form -- no type column, no county, no project description -- so Kansas's, Maryland's, Nebraska's, Oklahoma's, Nevada's, Michigan's, Missouri's, Iowa's, North Carolina's, Arkansas's, Wyoming's and Mississippi's shape a THIRTEENTH time. NOTHING WAS PROMOTED (§0.4), and the refusal runs BOTH ways: Self Regional Healthcare, McLeod Health, AnMed, Prisma Health and Tidelands Health read as hospital systems to anyone who knows South Carolina and are NOT promoted, while the nineteen SCDBHDD rows are the state's own behavioral health department and are NOT demoted to STATE_AGENCY. Both would be this pipeline asserting a form the document has not.",LOW,RECIPIENT_TYPE_INFERRED,Budget Period 1,NON_HOSPITAL,No,NOT_HOSPITAL,NA,"§10.2 -- the named recipient is not a hospital on the only evidence the document offers, which is its name. Where recipient_type is §8's standing fallback this is the CONSERVATIVE answer and the row is queued as SC_RECIPIENT_FORM_NOT_STATED: resolving it could only RAISE South Carolina's hospital figure, never lower it.","EXACT and per-recipient, published by SCDHHS for every one of the 228 rows. The document carries NO total of any kind, so the $167,299,900.69 this file reports is the SUM OF THE ROWS, corroborated from outside by CMS's own '228 grants' and '$167 Million' (2026-09-17) and by each project numbering 1..n with no gap.",NA,2026-09-15,data/evidence/SC/2026-09-21_sc_rhtp_year1_award_list_THE_ROSTER.pdf
SC,13,Newberry County Memorial Hospital,488532,HOSPITAL_OR_SYSTEM,Yes,Connections to Care / Expand Remote Patient Monitoring (RPM) & Assistive Technology,Yes,Yes,FY2026 (Year 1),SC RHTP Year 1 Award List,https://www.scdhhs.gov/sites/dhhs/files/SC%20RHTP%20Year%201%20Award%20List%20to%20CMS.pdf,NOTICE_OF_AWARD,PDF_TEXT,R/03ao_sc_year1_awardees.R,NA,NA,NA,NA,Connections to Care,Expand Remote Patient Monitoring (RPM) & Assistive Technology,13,Newberry County Memorial Hospital,DERIVED FROM THE RECIPIENT'S OWN NAME by rhtp_classify_recipient_type().,HIGH,NA,Budget Period 1,DIRECT,Yes,NAMED_HOSPITAL,NA,"§10.2 DIRECT -- the named recipient is itself a hospital or health system, so recipient identity IS the flow test and no description decides it (§0.3a). The award is MADE: SCDHHS issued Notices of Award Determination on its own published date of 2026-07-31 (MB# 26-026) and posted this list, headed 'Year 1 Awards', on 2026-09-15.","EXACT and per-recipient, published by SCDHHS for every one of the 228 rows. The document carries NO total of any kind, so the $167,299,900.69 this file reports is the SUM OF THE ROWS, corroborated from outside by CMS's own '228 grants' and '$167 Million' (2026-09-17) and by each project numbering 1..n with no gap.",NA,2026-09-15,data/evidence/SC/2026-09-21_sc_rhtp_year1_award_list_THE_ROSTER.pdf
SC,14,Healistic Woundcare Management Group,601000,NONPROFIT_CBO,No,Connections to Care / Expand Remote Patient Monitoring (RPM) & Assistive Technology,Yes,Yes,FY2026 (Year 1),SC RHTP Year 1 Award List,https://www.scdhhs.gov/sites/dhhs/files/SC%20RHTP%20Year%201%20Award%20List%20to%20CMS.pdf,NOTICE_OF_AWARD,PDF_TEXT,R/03ao_sc_year1_awardees.R,NA,NA,NA,NA,Connections to Care,Expand Remote Patient Monitoring (RPM) & Assistive Technology,14,Healistic Woundcare Management Group,"§8's STANDING FALLBACK. The award list publishes a recipient and an amount and NOTHING about the recipient's organisational form -- no type column, no county, no project description -- so Kansas's, Maryland's, Nebraska's, Oklahoma's, Nevada's, Michigan's, Missouri's, Iowa's, North Carolina's, Arkansas's, Wyoming's and Mississippi's shape a THIRTEENTH time. NOTHING WAS PROMOTED (§0.4), and the refusal runs BOTH ways: Self Regional Healthcare, McLeod Health, AnMed, Prisma Health and Tidelands Health read as hospital systems to anyone who knows South Carolina and are NOT promoted, while the nineteen SCDBHDD rows are the state's own behavioral health department and are NOT demoted to STATE_AGENCY. Both would be this pipeline asserting a form the document has not.",LOW,RECIPIENT_TYPE_INFERRED,Budget Period 1,NON_HOSPITAL,No,NOT_HOSPITAL,NA,"§10.2 -- the named recipient is not a hospital on the only evidence the document offers, which is its name. Where recipient_type is §8's standing fallback this is the CONSERVATIVE answer and the row is queued as SC_RECIPIENT_FORM_NOT_STATED: resolving it could only RAISE South Carolina's hospital figure, never lower it.","EXACT and per-recipient, published by SCDHHS for every one of the 228 rows. The document carries NO total of any kind, so the $167,299,900.69 this file reports is the SUM OF THE ROWS, corroborated from outside by CMS's own '228 grants' and '$167 Million' (2026-09-17) and by each project numbering 1..n with no gap.",NA,2026-09-15,data/evidence/SC/2026-09-21_sc_rhtp_year1_award_list_THE_ROSTER.pdf
SC,15,Midlands Neurology and Pain Associates,633600,NONPROFIT_CBO,No,Connections to Care / Expand Remote Patient Monitoring (RPM) & Assistive Technology,Yes,Yes,FY2026 (Year 1),SC RHTP Year 1 Award List,https://www.scdhhs.gov/sites/dhhs/files/SC%20RHTP%20Year%201%20Award%20List%20to%20CMS.pdf,NOTICE_OF_AWARD,PDF_TEXT,R/03ao_sc_year1_awardees.R,NA,NA,NA,NA,Connections to Care,Expand Remote Patient Monitoring (RPM) & Assistive Technology,15,Midlands Neurology and Pain Associates,"§8's STANDING FALLBACK. The award list publishes a recipient and an amount and NOTHING about the recipient's organisational form -- no type column, no county, no project description -- so Kansas's, Maryland's, Nebraska's, Oklahoma's, Nevada's, Michigan's, Missouri's, Iowa's, North Carolina's, Arkansas's, Wyoming's and Mississippi's shape a THIRTEENTH time. NOTHING WAS PROMOTED (§0.4), and the refusal runs BOTH ways: Self Regional Healthcare, McLeod Health, AnMed, Prisma Health and Tidelands Health read as hospital systems to anyone who knows South Carolina and are NOT promoted, while the nineteen SCDBHDD rows are the state's own behavioral health department and are NOT demoted to STATE_AGENCY. Both would be this pipeline asserting a form the document has not.",LOW,RECIPIENT_TYPE_INFERRED,Budget Period 1,NON_HOSPITAL,No,NOT_HOSPITAL,NA,"§10.2 -- the named recipient is not a hospital on the only evidence the document offers, which is its name. Where recipient_type is §8's standing fallback this is the CONSERVATIVE answer and the row is queued as SC_RECIPIENT_FORM_NOT_STATED: resolving it could only RAISE South Carolina's hospital figure, never lower it.","EXACT and per-recipient, published by SCDHHS for every one of the 228 rows. The document carries NO total of any kind, so the $167,299,900.69 this file reports is the SUM OF THE ROWS, corroborated from outside by CMS's own '228 grants' and '$167 Million' (2026-09-17) and by each project numbering 1..n with no gap.",NA,2026-09-15,data/evidence/SC/2026-09-21_sc_rhtp_year1_award_list_THE_ROSTER.pdf
SC,16,"Ehrhardt Medical Practice, LLC",661700,NONPROFIT_CBO,No,Connections to Care / Expand Remote Patient Monitoring (RPM) & Assistive Technology,Yes,Yes,FY2026 (Year 1),SC RHTP Year 1 Award List,https://www.scdhhs.gov/sites/dhhs/files/SC%20RHTP%20Year%201%20Award%20List%20to%20CMS.pdf,NOTICE_OF_AWARD,PDF_TEXT,R/03ao_sc_year1_awardees.R,NA,NA,NA,NA,Connections to Care,Expand Remote Patient Monitoring (RPM) & Assistive Technology,16,"Ehrhardt Medical Practice, LLC","§8's STANDING FALLBACK. The award list publishes a recipient and an amount and NOTHING about the recipient's organisational form -- no type column, no county, no project description -- so Kansas's, Maryland's, Nebraska's, Oklahoma's, Nevada's, Michigan's, Missouri's, Iowa's, North Carolina's, Arkansas's, Wyoming's and Mississippi's shape a THIRTEENTH time. NOTHING WAS PROMOTED (§0.4), and the refusal runs BOTH ways: Self Regional Healthcare, McLeod Health, AnMed, Prisma Health and Tidelands Health read as hospital systems to anyone who knows South Carolina and are NOT promoted, while the nineteen SCDBHDD rows are the state's own behavioral health department and are NOT demoted to STATE_AGENCY. Both would be this pipeline asserting a form the document has not.",LOW,RECIPIENT_TYPE_INFERRED,Budget Period 1,NON_HOSPITAL,No,NOT_HOSPITAL,NA,"§10.2 -- the named recipient is not a hospital on the only evidence the document offers, which is its name. Where recipient_type is §8's standing fallback this is the CONSERVATIVE answer and the row is queued as SC_RECIPIENT_FORM_NOT_STATED: resolving it could only RAISE South Carolina's hospital figure, never lower it.","EXACT and per-recipient, published by SCDHHS for every one of the 228 rows. The document carries NO total of any kind, so the $167,299,900.69 this file reports is the SUM OF THE ROWS, corroborated from outside by CMS's own '228 grants' and '$167 Million' (2026-09-17) and by each project numbering 1..n with no gap.",NA,2026-09-15,data/evidence/SC/2026-09-21_sc_rhtp_year1_award_list_THE_ROSTER.pdf
SC,17,Self Regional Healthcare (Lakelands Region),677000,NONPROFIT_CBO,No,Connections to Care / Expand Remote Patient Monitoring (RPM) & Assistive Technology,Yes,Yes,FY2026 (Year 1),SC RHTP Year 1 Award List,https://www.scdhhs.gov/sites/dhhs/files/SC%20RHTP%20Year%201%20Award%20List%20to%20CMS.pdf,NOTICE_OF_AWARD,PDF_TEXT,R/03ao_sc_year1_awardees.R,NA,NA,NA,NA,Connections to Care,Expand Remote Patient Monitoring (RPM) & Assistive Technology,17,Self Regional Healthcare (Lakelands Region),"§8's STANDING FALLBACK. The award list publishes a recipient and an amount and NOTHING about the recipient's organisational form -- no type column, no county, no project description -- so Kansas's, Maryland's, Nebraska's, Oklahoma's, Nevada's, Michigan's, Missouri's, Iowa's, North Carolina's, Arkansas's, Wyoming's and Mississippi's shape a THIRTEENTH time. NOTHING WAS PROMOTED (§0.4), and the refusal runs BOTH ways: Self Regional Healthcare, McLeod Health, AnMed, Prisma Health and Tidelands Health read as hospital systems to anyone who knows South Carolina and are NOT promoted, while the nineteen SCDBHDD rows are the state's own behavioral health department and are NOT demoted to STATE_AGENCY. Both would be this pipeline asserting a form the document has not.",LOW,RECIPIENT_TYPE_INFERRED,Budget Period 1,NON_HOSPITAL,No,NOT_HOSPITAL,NA,"§10.2 -- the named recipient is not a hospital on the only evidence the document offers, which is its name. Where recipient_type is §8's standing fallback this is the CONSERVATIVE answer and the row is queued as SC_RECIPIENT_FORM_NOT_STATED: resolving it could only RAISE South Carolina's hospital figure, never lower it.","EXACT and per-recipient, published by SCDHHS for every one of the 228 rows. The document carries NO total of any kind, so the $167,299,900.69 this file reports is the SUM OF THE ROWS, corroborated from outside by CMS's own '228 grants' and '$167 Million' (2026-09-17) and by each project numbering 1..n with no gap.",NA,2026-09-15,data/evidence/SC/2026-09-21_sc_rhtp_year1_award_list_THE_ROSTER.pdf
SC,18,"Medical University Hospital Authority (MUSC Health, Orangeburg)",725020,HOSPITAL_OR_SYSTEM,Yes,Connections to Care / Expand Remote Patient Monitoring (RPM) & Assistive Technology,Yes,Yes,FY2026 (Year 1),SC RHTP Year 1 Award List,https://www.scdhhs.gov/sites/dhhs/files/SC%20RHTP%20Year%201%20Award%20List%20to%20CMS.pdf,NOTICE_OF_AWARD,PDF_TEXT,R/03ao_sc_year1_awardees.R,NA,NA,NA,NA,Connections to Care,Expand Remote Patient Monitoring (RPM) & Assistive Technology,18,"Medical University Hospital Authority (MUSC Health, Orangeburg)",DERIVED FROM THE RECIPIENT'S OWN NAME by rhtp_classify_recipient_type().,HIGH,NA,Budget Period 1,DIRECT,Yes,NAMED_HOSPITAL,NA,"§10.2 DIRECT -- the named recipient is itself a hospital or health system, so recipient identity IS the flow test and no description decides it (§0.3a). The award is MADE: SCDHHS issued Notices of Award Determination on its own published date of 2026-07-31 (MB# 26-026) and posted this list, headed 'Year 1 Awards', on 2026-09-15.","EXACT and per-recipient, published by SCDHHS for every one of the 228 rows. The document carries NO total of any kind, so the $167,299,900.69 this file reports is the SUM OF THE ROWS, corroborated from outside by CMS's own '228 grants' and '$167 Million' (2026-09-17) and by each project numbering 1..n with no gap.",NA,2026-09-15,data/evidence/SC/2026-09-21_sc_rhtp_year1_award_list_THE_ROSTER.pdf
SC,19,"Prisma Health-Upstate (Oconee, Lee, and Laurens)",1094750,NONPROFIT_CBO,No,Connections to Care / Expand Remote Patient Monitoring (RPM) & Assistive Technology,Yes,Yes,FY2026 (Year 1),SC RHTP Year 1 Award List,https://www.scdhhs.gov/sites/dhhs/files/SC%20RHTP%20Year%201%20Award%20List%20to%20CMS.pdf,NOTICE_OF_AWARD,PDF_TEXT,R/03ao_sc_year1_awardees.R,NA,NA,NA,NA,Connections to Care,Expand Remote Patient Monitoring (RPM) & Assistive Technology,19,"Prisma Health-Upstate (Oconee, Lee, and Laurens)","§8's STANDING FALLBACK. The award list publishes a recipient and an amount and NOTHING about the recipient's organisational form -- no type column, no county, no project description -- so Kansas's, Maryland's, Nebraska's, Oklahoma's, Nevada's, Michigan's, Missouri's, Iowa's, North Carolina's, Arkansas's, Wyoming's and Mississippi's shape a THIRTEENTH time. NOTHING WAS PROMOTED (§0.4), and the refusal runs BOTH ways: Self Regional Healthcare, McLeod Health, AnMed, Prisma Health and Tidelands Health read as hospital systems to anyone who knows South Carolina and are NOT promoted, while the nineteen SCDBHDD rows are the state's own behavioral health department and are NOT demoted to STATE_AGENCY. Both would be this pipeline asserting a form the document has not.",LOW,RECIPIENT_TYPE_INFERRED,Budget Period 1,NON_HOSPITAL,No,NOT_HOSPITAL,NA,"§10.2 -- the named recipient is not a hospital on the only evidence the document offers, which is its name. Where recipient_type is §8's standing fallback this is the CONSERVATIVE answer and the row is queued as SC_RECIPIENT_FORM_NOT_STATED: resolving it could only RAISE South Carolina's hospital figure, never lower it.","EXACT and per-recipient, published by SCDHHS for every one of the 228 rows. The document carries NO total of any kind, so the $167,299,900.69 this file reports is the SUM OF THE ROWS, corroborated from outside by CMS's own '228 grants' and '$167 Million' (2026-09-17) and by each project numbering 1..n with no gap.",NA,2026-09-15,data/evidence/SC/2026-09-21_sc_rhtp_year1_award_list_THE_ROSTER.pdf
SC,20,"Prisma Health-Upstate (Oconee, Laurens)",1349818,NONPROFIT_CBO,No,Connections to Care / Expand Remote Patient Monitoring (RPM) & Assistive Technology,Yes,Yes,FY2026 (Year 1),SC RHTP Year 1 Award List,https://www.scdhhs.gov/sites/dhhs/files/SC%20RHTP%20Year%201%20Award%20List%20to%20CMS.pdf,NOTICE_OF_AWARD,PDF_TEXT,R/03ao_sc_year1_awardees.R,NA,NA,NA,NA,Connections to Care,Expand Remote Patient Monitoring (RPM) & Assistive Technology,20,"Prisma Health-Upstate (Oconee, Laurens)","§8's STANDING FALLBACK. The award list publishes a recipient and an amount and NOTHING about the recipient's organisational form -- no type column, no county, no project description -- so Kansas's, Maryland's, Nebraska's, Oklahoma's, Nevada's, Michigan's, Missouri's, Iowa's, North Carolina's, Arkansas's, Wyoming's and Mississippi's shape a THIRTEENTH time. NOTHING WAS PROMOTED (§0.4), and the refusal runs BOTH ways: Self Regional Healthcare, McLeod Health, AnMed, Prisma Health and Tidelands Health read as hospital systems to anyone who knows South Carolina and are NOT promoted, while the nineteen SCDBHDD rows are the state's own behavioral health department and are NOT demoted to STATE_AGENCY. Both would be this pipeline asserting a form the document has not.",LOW,RECIPIENT_TYPE_INFERRED,Budget Period 1,NON_HOSPITAL,No,NOT_HOSPITAL,NA,"§10.2 -- the named recipient is not a hospital on the only evidence the document offers, which is its name. Where recipient_type is §8's standing fallback this is the CONSERVATIVE answer and the row is queued as SC_RECIPIENT_FORM_NOT_STATED: resolving it could only RAISE South Carolina's hospital figure, never lower it.","EXACT and per-recipient, published by SCDHHS for every one of the 228 rows. The document carries NO total of any kind, so the $167,299,900.69 this file reports is the SUM OF THE ROWS, corroborated from outside by CMS's own '228 grants' and '$167 Million' (2026-09-17) and by each project numbering 1..n with no gap.",NA,2026-09-15,data/evidence/SC/2026-09-21_sc_rhtp_year1_award_list_THE_ROSTER.pdf
SC,21,McLeod Health,4158700,NONPROFIT_CBO,No,Connections to Care / Expand Remote Patient Monitoring (RPM) & Assistive Technology,Yes,Yes,FY2026 (Year 1),SC RHTP Year 1 Award List,https://www.scdhhs.gov/sites/dhhs/files/SC%20RHTP%20Year%201%20Award%20List%20to%20CMS.pdf,NOTICE_OF_AWARD,PDF_TEXT,R/03ao_sc_year1_awardees.R,NA,NA,NA,NA,Connections to Care,Expand Remote Patient Monitoring (RPM) & Assistive Technology,21,McLeod Health,"§8's STANDING FALLBACK. The award list publishes a recipient and an amount and NOTHING about the recipient's organisational form -- no type column, no county, no project description -- so Kansas's, Maryland's, Nebraska's, Oklahoma's, Nevada's, Michigan's, Missouri's, Iowa's, North Carolina's, Arkansas's, Wyoming's and Mississippi's shape a THIRTEENTH time. NOTHING WAS PROMOTED (§0.4), and the refusal runs BOTH ways: Self Regional Healthcare, McLeod Health, AnMed, Prisma Health and Tidelands Health read as hospital systems to anyone who knows South Carolina and are NOT promoted, while the nineteen SCDBHDD rows are the state's own behavioral health department and are NOT demoted to STATE_AGENCY. Both would be this pipeline asserting a form the document has not.",LOW,RECIPIENT_TYPE_INFERRED,Budget Period 1,NON_HOSPITAL,No,NOT_HOSPITAL,NA,"§10.2 -- the named recipient is not a hospital on the only evidence the document offers, which is its name. Where recipient_type is §8's standing fallback this is the CONSERVATIVE answer and the row is queued as SC_RECIPIENT_FORM_NOT_STATED: resolving it could only RAISE South Carolina's hospital figure, never lower it.","EXACT and per-recipient, published by SCDHHS for every one of the 228 rows. The document carries NO total of any kind, so the $167,299,900.69 this file reports is the SUM OF THE ROWS, corroborated from outside by CMS's own '228 grants' and '$167 Million' (2026-09-17) and by each project numbering 1..n with no gap.",NA,2026-09-15,data/evidence/SC/2026-09-21_sc_rhtp_year1_award_list_THE_ROSTER.pdf
SC,22,"New Beginnings Family Healthcare, LLC",81007,NONPROFIT_CBO,No,Connections to Care / Modernize Health IT Infrastructure,Yes,Yes,FY2026 (Year 1),SC RHTP Year 1 Award List,https://www.scdhhs.gov/sites/dhhs/files/SC%20RHTP%20Year%201%20Award%20List%20to%20CMS.pdf,NOTICE_OF_AWARD,PDF_TEXT,R/03ao_sc_year1_awardees.R,NA,NA,NA,NA,Connections to Care,Modernize Health IT Infrastructure,1,"New Beginnings Family Healthcare, LLC","§8's STANDING FALLBACK. The award list publishes a recipient and an amount and NOTHING about the recipient's organisational form -- no type column, no county, no project description -- so Kansas's, Maryland's, Nebraska's, Oklahoma's, Nevada's, Michigan's, Missouri's, Iowa's, North Carolina's, Arkansas's, Wyoming's and Mississippi's shape a THIRTEENTH time. NOTHING WAS PROMOTED (§0.4), and the refusal runs BOTH ways: Self Regional Healthcare, McLeod Health, AnMed, Prisma Health and Tidelands Health read as hospital systems to anyone who knows South Carolina and are NOT promoted, while the nineteen SCDBHDD rows are the state's own behavioral health department and are NOT demoted to STATE_AGENCY. Both would be this pipeline asserting a form the document has not.",LOW,RECIPIENT_TYPE_INFERRED,Budget Period 1,NON_HOSPITAL,No,NOT_HOSPITAL,NA,"§10.2 -- the named recipient is not a hospital on the only evidence the document offers, which is its name. Where recipient_type is §8's standing fallback this is the CONSERVATIVE answer and the row is queued as SC_RECIPIENT_FORM_NOT_STATED: resolving it could only RAISE South Carolina's hospital figure, never lower it.","EXACT and per-recipient, published by SCDHHS for every one of the 228 rows. The document carries NO total of any kind, so the $167,299,900.69 this file reports is the SUM OF THE ROWS, corroborated from outside by CMS's own '228 grants' and '$167 Million' (2026-09-17) and by each project numbering 1..n with no gap.",NA,2026-09-15,data/evidence/SC/2026-09-21_sc_rhtp_year1_award_list_THE_ROSTER.pdf
SC,23,Care Net of Lancaster,104000,NONPROFIT_CBO,No,Connections to Care / Modernize Health IT Infrastructure,Yes,Yes,FY2026 (Year 1),SC RHTP Year 1 Award List,https://www.scdhhs.gov/sites/dhhs/files/SC%20RHTP%20Year%201%20Award%20List%20to%20CMS.pdf,NOTICE_OF_AWARD,PDF_TEXT,R/03ao_sc_year1_awardees.R,NA,NA,NA,NA,Connections to Care,Modernize Health IT Infrastructure,2,Care Net of Lancaster,"§8's STANDING FALLBACK. The award list publishes a recipient and an amount and NOTHING about the recipient's organisational form -- no type column, no county, no project description -- so Kansas's, Maryland's, Nebraska's, Oklahoma's, Nevada's, Michigan's, Missouri's, Iowa's, North Carolina's, Arkansas's, Wyoming's and Mississippi's shape a THIRTEENTH time. NOTHING WAS PROMOTED (§0.4), and the refusal runs BOTH ways: Self Regional Healthcare, McLeod Health, AnMed, Prisma Health and Tidelands Health read as hospital systems to anyone who knows South Carolina and are NOT promoted, while the nineteen SCDBHDD rows are the state's own behavioral health department and are NOT demoted to STATE_AGENCY. Both would be this pipeline asserting a form the document has not.",LOW,RECIPIENT_TYPE_INFERRED,Budget Period 1,NON_HOSPITAL,No,NOT_HOSPITAL,NA,"§10.2 -- the named recipient is not a hospital on the only evidence the document offers, which is its name. Where recipient_type is §8's standing fallback this is the CONSERVATIVE answer and the row is queued as SC_RECIPIENT_FORM_NOT_STATED: resolving it could only RAISE South Carolina's hospital figure, never lower it.","EXACT and per-recipient, published by SCDHHS for every one of the 228 rows. The document carries NO total of any kind, so the $167,299,900.69 this file reports is the SUM OF THE ROWS, corroborated from outside by CMS's own '228 grants' and '$167 Million' (2026-09-17) and by each project numbering 1..n with no gap.",NA,2026-09-15,data/evidence/SC/2026-09-21_sc_rhtp_year1_award_list_THE_ROSTER.pdf
SC,24,Care Net of Lancaster,109000,NONPROFIT_CBO,No,Connections to Care / Modernize Health IT Infrastructure,Yes,Yes,FY2026 (Year 1),SC RHTP Year 1 Award List,https://www.scdhhs.gov/sites/dhhs/files/SC%20RHTP%20Year%201%20Award%20List%20to%20CMS.pdf,NOTICE_OF_AWARD,PDF_TEXT,R/03ao_sc_year1_awardees.R,NA,NA,NA,NA,Connections to Care,Modernize Health IT Infrastructure,3,Care Net of Lancaster,"§8's STANDING FALLBACK. The award list publishes a recipient and an amount and NOTHING about the recipient's organisational form -- no type column, no county, no project description -- so Kansas's, Maryland's, Nebraska's, Oklahoma's, Nevada's, Michigan's, Missouri's, Iowa's, North Carolina's, Arkansas's, Wyoming's and Mississippi's shape a THIRTEENTH time. NOTHING WAS PROMOTED (§0.4), and the refusal runs BOTH ways: Self Regional Healthcare, McLeod Health, AnMed, Prisma Health and Tidelands Health read as hospital systems to anyone who knows South Carolina and are NOT promoted, while the nineteen SCDBHDD rows are the state's own behavioral health department and are NOT demoted to STATE_AGENCY. Both would be this pipeline asserting a form the document has not.",LOW,RECIPIENT_TYPE_INFERRED,Budget Period 1,NON_HOSPITAL,No,NOT_HOSPITAL,NA,"§10.2 -- the named recipient is not a hospital on the only evidence the document offers, which is its name. Where recipient_type is §8's standing fallback this is the CONSERVATIVE answer and the row is queued as SC_RECIPIENT_FORM_NOT_STATED: resolving it could only RAISE South Carolina's hospital figure, never lower it.","EXACT and per-recipient, published by SCDHHS for every one of the 228 rows. The document carries NO total of any kind, so the $167,299,900.69 this file reports is the SUM OF THE ROWS, corroborated from outside by CMS's own '228 grants' and '$167 Million' (2026-09-17) and by each project numbering 1..n with no gap.",NA,2026-09-15,data/evidence/SC/2026-09-21_sc_rhtp_year1_award_list_THE_ROSTER.pdf
SC,25,Cherokee Community Care,117500,NONPROFIT_CBO,No,Connections to Care / Modernize Health IT Infrastructure,Yes,Yes,FY2026 (Year 1),SC RHTP Year 1 Award List,https://www.scdhhs.gov/sites/dhhs/files/SC%20RHTP%20Year%201%20Award%20List%20to%20CMS.pdf,NOTICE_OF_AWARD,PDF_TEXT,R/03ao_sc_year1_awardees.R,NA,NA,NA,NA,Connections to Care,Modernize Health IT Infrastructure,4,Cherokee Community Care,"§8's STANDING FALLBACK. The award list publishes a recipient and an amount and NOTHING about the recipient's organisational form -- no type column, no county, no project description -- so Kansas's, Maryland's, Nebraska's, Oklahoma's, Nevada's, Michigan's, Missouri's, Iowa's, North Carolina's, Arkansas's, Wyoming's and Mississippi's shape a THIRTEENTH time. NOTHING WAS PROMOTED (§0.4), and the refusal runs BOTH ways: Self Regional Healthcare, McLeod Health, AnMed, Prisma Health and Tidelands Health read as hospital systems to anyone who knows South Carolina and are NOT promoted, while the nineteen SCDBHDD rows are the state's own behavioral health department and are NOT demoted to STATE_AGENCY. Both would be this pipeline asserting a form the document has not.",LOW,RECIPIENT_TYPE_INFERRED,Budget Period 1,NON_HOSPITAL,No,NOT_HOSPITAL,NA,"§10.2 -- the named recipient is not a hospital on the only evidence the document offers, which is its name. Where recipient_type is §8's standing fallback this is the CONSERVATIVE answer and the row is queued as SC_RECIPIENT_FORM_NOT_STATED: resolving it could only RAISE South Carolina's hospital figure, never lower it.","EXACT and per-recipient, published by SCDHHS for every one of the 228 rows. The document carries NO total of any kind, so the $167,299,900.69 this file reports is the SUM OF THE ROWS, corroborated from outside by CMS's own '228 grants' and '$167 Million' (2026-09-17) and by each project numbering 1..n with no gap.",NA,2026-09-15,data/evidence/SC/2026-09-21_sc_rhtp_year1_award_list_THE_ROSTER.pdf
SC,26,Fairfield Medical Associates,137119.38,NONPROFIT_CBO,No,Connections to Care / Modernize Health IT Infrastructure,Yes,Yes,FY2026 (Year 1),SC RHTP Year 1 Award List,https://www.scdhhs.gov/sites/dhhs/files/SC%20RHTP%20Year%201%20Award%20List%20to%20CMS.pdf,NOTICE_OF_AWARD,PDF_TEXT,R/03ao_sc_year1_awardees.R,NA,NA,NA,NA,Connections to Care,Modernize Health IT Infrastructure,5,Fairfield Medical Associates,"§8's STANDING FALLBACK. The award list publishes a recipient and an amount and NOTHING about the recipient's organisational form -- no type column, no county, no project description -- so Kansas's, Maryland's, Nebraska's, Oklahoma's, Nevada's, Michigan's, Missouri's, Iowa's, North Carolina's, Arkansas's, Wyoming's and Mississippi's shape a THIRTEENTH time. NOTHING WAS PROMOTED (§0.4), and the refusal runs BOTH ways: Self Regional Healthcare, McLeod Health, AnMed, Prisma Health and Tidelands Health read as hospital systems to anyone who knows South Carolina and are NOT promoted, while the nineteen SCDBHDD rows are the state's own behavioral health department and are NOT demoted to STATE_AGENCY. Both would be this pipeline asserting a form the document has not.",LOW,RECIPIENT_TYPE_INFERRED,Budget Period 1,NON_HOSPITAL,No,NOT_HOSPITAL,NA,"§10.2 -- the named recipient is not a hospital on the only evidence the document offers, which is its name. Where recipient_type is §8's standing fallback this is the CONSERVATIVE answer and the row is queued as SC_RECIPIENT_FORM_NOT_STATED: resolving it could only RAISE South Carolina's hospital figure, never lower it.","EXACT and per-recipient, published by SCDHHS for every one of the 228 rows. The document carries NO total of any kind, so the $167,299,900.69 this file reports is the SUM OF THE ROWS, corroborated from outside by CMS's own '228 grants' and '$167 Million' (2026-09-17) and by each project numbering 1..n with no gap.",NA,2026-09-15,data/evidence/SC/2026-09-21_sc_rhtp_year1_award_list_THE_ROSTER.pdf
SC,27,Edisto Indian Free Clinic,139673,NONPROFIT_CBO,No,Connections to Care / Modernize Health IT Infrastructure,Yes,Yes,FY2026 (Year 1),SC RHTP Year 1 Award List,https://www.scdhhs.gov/sites/dhhs/files/SC%20RHTP%20Year%201%20Award%20List%20to%20CMS.pdf,NOTICE_OF_AWARD,PDF_TEXT,R/03ao_sc_year1_awardees.R,NA,NA,NA,NA,Connections to Care,Modernize Health IT Infrastructure,6,Edisto Indian Free Clinic,"§8's STANDING FALLBACK. The award list publishes a recipient and an amount and NOTHING about the recipient's organisational form -- no type column, no county, no project description -- so Kansas's, Maryland's, Nebraska's, Oklahoma's, Nevada's, Michigan's, Missouri's, Iowa's, North Carolina's, Arkansas's, Wyoming's and Mississippi's shape a THIRTEENTH time. NOTHING WAS PROMOTED (§0.4), and the refusal runs BOTH ways: Self Regional Healthcare, McLeod Health, AnMed, Prisma Health and Tidelands Health read as hospital systems to anyone who knows South Carolina and are NOT promoted, while the nineteen SCDBHDD rows are the state's own behavioral health department and are NOT demoted to STATE_AGENCY. Both would be this pipeline asserting a form the document has not.",LOW,RECIPIENT_TYPE_INFERRED,Budget Period 1,NON_HOSPITAL,No,NOT_HOSPITAL,NA,"§10.2 -- the named recipient is not a hospital on the only evidence the document offers, which is its name. Where recipient_type is §8's standing fallback this is the CONSERVATIVE answer and the row is queued as SC_RECIPIENT_FORM_NOT_STATED: resolving it could only RAISE South Carolina's hospital figure, never lower it.","EXACT and per-recipient, published by SCDHHS for every one of the 228 rows. The document carries NO total of any kind, so the $167,299,900.69 this file reports is the SUM OF THE ROWS, corroborated from outside by CMS's own '228 grants' and '$167 Million' (2026-09-17) and by each project numbering 1..n with no gap.",NA,2026-09-15,data/evidence/SC/2026-09-21_sc_rhtp_year1_award_list_THE_ROSTER.pdf
SC,28,Newberry County Memorial Hospital,158000,HOSPITAL_OR_SYSTEM,Yes,Connections to Care / Modernize Health IT Infrastructure,Yes,Yes,FY2026 (Year 1),SC RHTP Year 1 Award List,https://www.scdhhs.gov/sites/dhhs/files/SC%20RHTP%20Year%201%20Award%20List%20to%20CMS.pdf,NOTICE_OF_AWARD,PDF_TEXT,R/03ao_sc_year1_awardees.R,NA,NA,NA,NA,Connections to Care,Modernize Health IT Infrastructure,7,Newberry County Memorial Hospital,DERIVED FROM THE RECIPIENT'S OWN NAME by rhtp_classify_recipient_type().,HIGH,NA,Budget Period 1,DIRECT,Yes,NAMED_HOSPITAL,NA,"§10.2 DIRECT -- the named recipient is itself a hospital or health system, so recipient identity IS the flow test and no description decides it (§0.3a). The award is MADE: SCDHHS issued Notices of Award Determination on its own published date of 2026-07-31 (MB# 26-026) and posted this list, headed 'Year 1 Awards', on 2026-09-15.","EXACT and per-recipient, published by SCDHHS for every one of the 228 rows. The document carries NO total of any kind, so the $167,299,900.69 this file reports is the SUM OF THE ROWS, corroborated from outside by CMS's own '228 grants' and '$167 Million' (2026-09-17) and by each project numbering 1..n with no gap.",NA,2026-09-15,data/evidence/SC/2026-09-21_sc_rhtp_year1_award_list_THE_ROSTER.pdf
SC,29,Community Initiatives Inc.,170000,NONPROFIT_CBO,No,Connections to Care / Modernize Health IT Infrastructure,Yes,Yes,FY2026 (Year 1),SC RHTP Year 1 Award List,https://www.scdhhs.gov/sites/dhhs/files/SC%20RHTP%20Year%201%20Award%20List%20to%20CMS.pdf,NOTICE_OF_AWARD,PDF_TEXT,R/03ao_sc_year1_awardees.R,NA,NA,NA,NA,Connections to Care,Modernize Health IT Infrastructure,8,Community Initiatives Inc.,"§8's STANDING FALLBACK. The award list publishes a recipient and an amount and NOTHING about the recipient's organisational form -- no type column, no county, no project description -- so Kansas's, Maryland's, Nebraska's, Oklahoma's, Nevada's, Michigan's, Missouri's, Iowa's, North Carolina's, Arkansas's, Wyoming's and Mississippi's shape a THIRTEENTH time. NOTHING WAS PROMOTED (§0.4), and the refusal runs BOTH ways: Self Regional Healthcare, McLeod Health, AnMed, Prisma Health and Tidelands Health read as hospital systems to anyone who knows South Carolina and are NOT promoted, while the nineteen SCDBHDD rows are the state's own behavioral health department and are NOT demoted to STATE_AGENCY. Both would be this pipeline asserting a form the document has not.",LOW,RECIPIENT_TYPE_INFERRED,Budget Period 1,NON_HOSPITAL,No,NOT_HOSPITAL,NA,"§10.2 -- the named recipient is not a hospital on the only evidence the document offers, which is its name. Where recipient_type is §8's standing fallback this is the CONSERVATIVE answer and the row is queued as SC_RECIPIENT_FORM_NOT_STATED: resolving it could only RAISE South Carolina's hospital figure, never lower it.","EXACT and per-recipient, published by SCDHHS for every one of the 228 rows. The document carries NO total of any kind, so the $167,299,900.69 this file reports is the SUM OF THE ROWS, corroborated from outside by CMS's own '228 grants' and '$167 Million' (2026-09-17) and by each project numbering 1..n with no gap.",NA,2026-09-15,data/evidence/SC/2026-09-21_sc_rhtp_year1_award_list_THE_ROSTER.pdf
SC,30,Bamberg Family Practice,176062,NONPROFIT_CBO,No,Connections to Care / Modernize Health IT Infrastructure,Yes,Yes,FY2026 (Year 1),SC RHTP Year 1 Award List,https://www.scdhhs.gov/sites/dhhs/files/SC%20RHTP%20Year%201%20Award%20List%20to%20CMS.pdf,NOTICE_OF_AWARD,PDF_TEXT,R/03ao_sc_year1_awardees.R,NA,NA,NA,NA,Connections to Care,Modernize Health IT Infrastructure,9,Bamberg Family Practice,"§8's STANDING FALLBACK. The award list publishes a recipient and an amount and NOTHING about the recipient's organisational form -- no type column, no county, no project description -- so Kansas's, Maryland's, Nebraska's, Oklahoma's, Nevada's, Michigan's, Missouri's, Iowa's, North Carolina's, Arkansas's, Wyoming's and Mississippi's shape a THIRTEENTH time. NOTHING WAS PROMOTED (§0.4), and the refusal runs BOTH ways: Self Regional Healthcare, McLeod Health, AnMed, Prisma Health and Tidelands Health read as hospital systems to anyone who knows South Carolina and are NOT promoted, while the nineteen SCDBHDD rows are the state's own behavioral health department and are NOT demoted to STATE_AGENCY. Both would be this pipeline asserting a form the document has not.",LOW,RECIPIENT_TYPE_INFERRED,Budget Period 1,NON_HOSPITAL,No,NOT_HOSPITAL,NA,"§10.2 -- the named recipient is not a hospital on the only evidence the document offers, which is its name. Where recipient_type is §8's standing fallback this is the CONSERVATIVE answer and the row is queued as SC_RECIPIENT_FORM_NOT_STATED: resolving it could only RAISE South Carolina's hospital figure, never lower it.","EXACT and per-recipient, published by SCDHHS for every one of the 228 rows. The document carries NO total of any kind, so the $167,299,900.69 this file reports is the SUM OF THE ROWS, corroborated from outside by CMS's own '228 grants' and '$167 Million' (2026-09-17) and by each project numbering 1..n with no gap.",NA,2026-09-15,data/evidence/SC/2026-09-21_sc_rhtp_year1_award_list_THE_ROSTER.pdf
SC,31,Spartanburg Regional Healthcare System,188750,HOSPITAL_OR_SYSTEM,Yes,Connections to Care / Modernize Health IT Infrastructure,Yes,Yes,FY2026 (Year 1),SC RHTP Year 1 Award List,https://www.scdhhs.gov/sites/dhhs/files/SC%20RHTP%20Year%201%20Award%20List%20to%20CMS.pdf,NOTICE_OF_AWARD,PDF_TEXT,R/03ao_sc_year1_awardees.R,NA,NA,NA,NA,Connections to Care,Modernize Health IT Infrastructure,10,Spartanburg Regional Healthcare System,DERIVED FROM THE RECIPIENT'S OWN NAME by rhtp_classify_recipient_type().,MEDIUM,NA,Budget Period 1,DIRECT,Yes,NAMED_HOSPITAL,NA,"§10.2 DIRECT -- the named recipient is itself a hospital or health system, so recipient identity IS the flow test and no description decides it (§0.3a). The award is MADE: SCDHHS issued Notices of Award Determination on its own published date of 2026-07-31 (MB# 26-026) and posted this list, headed 'Year 1 Awards', on 2026-09-15.","EXACT and per-recipient, published by SCDHHS for every one of the 228 rows. The document carries NO total of any kind, so the $167,299,900.69 this file reports is the SUM OF THE ROWS, corroborated from outside by CMS's own '228 grants' and '$167 Million' (2026-09-17) and by each project numbering 1..n with no gap.",NA,2026-09-15,data/evidence/SC/2026-09-21_sc_rhtp_year1_award_list_THE_ROSTER.pdf
SC,32,Newberry County Memorial Hospital,222684.15,HOSPITAL_OR_SYSTEM,Yes,Connections to Care / Modernize Health IT Infrastructure,Yes,Yes,FY2026 (Year 1),SC RHTP Year 1 Award List,https://www.scdhhs.gov/sites/dhhs/files/SC%20RHTP%20Year%201%20Award%20List%20to%20CMS.pdf,NOTICE_OF_AWARD,PDF_TEXT,R/03ao_sc_year1_awardees.R,NA,NA,NA,NA,Connections to Care,Modernize Health IT Infrastructure,11,Newberry County Memorial Hospital,DERIVED FROM THE RECIPIENT'S OWN NAME by rhtp_classify_recipient_type().,HIGH,NA,Budget Period 1,DIRECT,Yes,NAMED_HOSPITAL,NA,"§10.2 DIRECT -- the named recipient is itself a hospital or health system, so recipient identity IS the flow test and no description decides it (§0.3a). The award is MADE: SCDHHS issued Notices of Award Determination on its own published date of 2026-07-31 (MB# 26-026) and posted this list, headed 'Year 1 Awards', on 2026-09-15.","EXACT and per-recipient, published by SCDHHS for every one of the 228 rows. The document carries NO total of any kind, so the $167,299,900.69 this file reports is the SUM OF THE ROWS, corroborated from outside by CMS's own '228 grants' and '$167 Million' (2026-09-17) and by each project numbering 1..n with no gap.",NA,2026-09-15,data/evidence/SC/2026-09-21_sc_rhtp_year1_award_list_THE_ROSTER.pdf
SC,33,Beaufort Memorial Hospital,225000,HOSPITAL_OR_SYSTEM,Yes,Connections to Care / Modernize Health IT Infrastructure,Yes,Yes,FY2026 (Year 1),SC RHTP Year 1 Award List,https://www.scdhhs.gov/sites/dhhs/files/SC%20RHTP%20Year%201%20Award%20List%20to%20CMS.pdf,NOTICE_OF_AWARD,PDF_TEXT,R/03ao_sc_year1_awardees.R,NA,NA,NA,NA,Connections to Care,Modernize Health IT Infrastructure,12,Beaufort Memorial Hospital,DERIVED FROM THE RECIPIENT'S OWN NAME by rhtp_classify_recipient_type().,HIGH,NA,Budget Period 1,DIRECT,Yes,NAMED_HOSPITAL,NA,"§10.2 DIRECT -- the named recipient is itself a hospital or health system, so recipient identity IS the flow test and no description decides it (§0.3a). The award is MADE: SCDHHS issued Notices of Award Determination on its own published date of 2026-07-31 (MB# 26-026) and posted this list, headed 'Year 1 Awards', on 2026-09-15.","EXACT and per-recipient, published by SCDHHS for every one of the 228 rows. The document carries NO total of any kind, so the $167,299,900.69 this file reports is the SUM OF THE ROWS, corroborated from outside by CMS's own '228 grants' and '$167 Million' (2026-09-17) and by each project numbering 1..n with no gap.",NA,2026-09-15,data/evidence/SC/2026-09-21_sc_rhtp_year1_award_list_THE_ROSTER.pdf
SC,34,AnMed,226396,NONPROFIT_CBO,No,Connections to Care / Modernize Health IT Infrastructure,Yes,Yes,FY2026 (Year 1),SC RHTP Year 1 Award List,https://www.scdhhs.gov/sites/dhhs/files/SC%20RHTP%20Year%201%20Award%20List%20to%20CMS.pdf,NOTICE_OF_AWARD,PDF_TEXT,R/03ao_sc_year1_awardees.R,NA,NA,NA,NA,Connections to Care,Modernize Health IT Infrastructure,13,AnMed,"§8's STANDING FALLBACK. The award list publishes a recipient and an amount and NOTHING about the recipient's organisational form -- no type column, no county, no project description -- so Kansas's, Maryland's, Nebraska's, Oklahoma's, Nevada's, Michigan's, Missouri's, Iowa's, North Carolina's, Arkansas's, Wyoming's and Mississippi's shape a THIRTEENTH time. NOTHING WAS PROMOTED (§0.4), and the refusal runs BOTH ways: Self Regional Healthcare, McLeod Health, AnMed, Prisma Health and Tidelands Health read as hospital systems to anyone who knows South Carolina and are NOT promoted, while the nineteen SCDBHDD rows are the state's own behavioral health department and are NOT demoted to STATE_AGENCY. Both would be this pipeline asserting a form the document has not.",LOW,RECIPIENT_TYPE_INFERRED,Budget Period 1,NON_HOSPITAL,No,NOT_HOSPITAL,NA,"§10.2 -- the named recipient is not a hospital on the only evidence the document offers, which is its name. Where recipient_type is §8's standing fallback this is the CONSERVATIVE answer and the row is queued as SC_RECIPIENT_FORM_NOT_STATED: resolving it could only RAISE South Carolina's hospital figure, never lower it.","EXACT and per-recipient, published by SCDHHS for every one of the 228 rows. The document carries NO total of any kind, so the $167,299,900.69 this file reports is the SUM OF THE ROWS, corroborated from outside by CMS's own '228 grants' and '$167 Million' (2026-09-17) and by each project numbering 1..n with no gap.",NA,2026-09-15,data/evidence/SC/2026-09-21_sc_rhtp_year1_award_list_THE_ROSTER.pdf
SC,35,Fetter Health Care Network,242329,NONPROFIT_CBO,No,Connections to Care / Modernize Health IT Infrastructure,Yes,Yes,FY2026 (Year 1),SC RHTP Year 1 Award List,https://www.scdhhs.gov/sites/dhhs/files/SC%20RHTP%20Year%201%20Award%20List%20to%20CMS.pdf,NOTICE_OF_AWARD,PDF_TEXT,R/03ao_sc_year1_awardees.R,NA,NA,NA,NA,Connections to Care,Modernize Health IT Infrastructure,14,Fetter Health Care Network,"§8's STANDING FALLBACK. The award list publishes a recipient and an amount and NOTHING about the recipient's organisational form -- no type column, no county, no project description -- so Kansas's, Maryland's, Nebraska's, Oklahoma's, Nevada's, Michigan's, Missouri's, Iowa's, North Carolina's, Arkansas's, Wyoming's and Mississippi's shape a THIRTEENTH time. NOTHING WAS PROMOTED (§0.4), and the refusal runs BOTH ways: Self Regional Healthcare, McLeod Health, AnMed, Prisma Health and Tidelands Health read as hospital systems to anyone who knows South Carolina and are NOT promoted, while the nineteen SCDBHDD rows are the state's own behavioral health department and are NOT demoted to STATE_AGENCY. Both would be this pipeline asserting a form the document has not.",LOW,RECIPIENT_TYPE_INFERRED,Budget Period 1,NON_HOSPITAL,No,NOT_HOSPITAL,NA,"§10.2 -- the named recipient is not a hospital on the only evidence the document offers, which is its name. Where recipient_type is §8's standing fallback this is the CONSERVATIVE answer and the row is queued as SC_RECIPIENT_FORM_NOT_STATED: resolving it could only RAISE South Carolina's hospital figure, never lower it.","EXACT and per-recipient, published by SCDHHS for every one of the 228 rows. The document carries NO total of any kind, so the $167,299,900.69 this file reports is the SUM OF THE ROWS, corroborated from outside by CMS's own '228 grants' and '$167 Million' (2026-09-17) and by each project numbering 1..n with no gap.",NA,2026-09-15,data/evidence/SC/2026-09-21_sc_rhtp_year1_award_list_THE_ROSTER.pdf
SC,36,Low Country Health Care System,253049.25,NONPROFIT_CBO,No,Connections to Care / Modernize Health IT Infrastructure,Yes,Yes,FY2026 (Year 1),SC RHTP Year 1 Award List,https://www.scdhhs.gov/sites/dhhs/files/SC%20RHTP%20Year%201%20Award%20List%20to%20CMS.pdf,NOTICE_OF_AWARD,PDF_TEXT,R/03ao_sc_year1_awardees.R,NA,NA,NA,NA,Connections to Care,Modernize Health IT Infrastructure,15,Low Country Health Care System,"§8's STANDING FALLBACK. The award list publishes a recipient and an amount and NOTHING about the recipient's organisational form -- no type column, no county, no project description -- so Kansas's, Maryland's, Nebraska's, Oklahoma's, Nevada's, Michigan's, Missouri's, Iowa's, North Carolina's, Arkansas's, Wyoming's and Mississippi's shape a THIRTEENTH time. NOTHING WAS PROMOTED (§0.4), and the refusal runs BOTH ways: Self Regional Healthcare, McLeod Health, AnMed, Prisma Health and Tidelands Health read as hospital systems to anyone who knows South Carolina and are NOT promoted, while the nineteen SCDBHDD rows are the state's own behavioral health department and are NOT demoted to STATE_AGENCY. Both would be this pipeline asserting a form the document has not.",LOW,RECIPIENT_TYPE_INFERRED,Budget Period 1,NON_HOSPITAL,No,NOT_HOSPITAL,NA,"§10.2 -- the named recipient is not a hospital on the only evidence the document offers, which is its name. Where recipient_type is §8's standing fallback this is the CONSERVATIVE answer and the row is queued as SC_RECIPIENT_FORM_NOT_STATED: resolving it could only RAISE South Carolina's hospital figure, never lower it.","EXACT and per-recipient, published by SCDHHS for every one of the 228 rows. The document carries NO total of any kind, so the $167,299,900.69 this file reports is the SUM OF THE ROWS, corroborated from outside by CMS's own '228 grants' and '$167 Million' (2026-09-17) and by each project numbering 1..n with no gap.",NA,2026-09-15,data/evidence/SC/2026-09-21_sc_rhtp_year1_award_list_THE_ROSTER.pdf
SC,37,Spartanburg Regional Healthcare System,255208,HOSPITAL_OR_SYSTEM,Yes,Connections to Care / Modernize Health IT Infrastructure,Yes,Yes,FY2026 (Year 1),SC RHTP Year 1 Award List,https://www.scdhhs.gov/sites/dhhs/files/SC%20RHTP%20Year%201%20Award%20List%20to%20CMS.pdf,NOTICE_OF_AWARD,PDF_TEXT,R/03ao_sc_year1_awardees.R,NA,NA,NA,NA,Connections to Care,Modernize Health IT Infrastructure,16,Spartanburg Regional Healthcare System,DERIVED FROM THE RECIPIENT'S OWN NAME by rhtp_classify_recipient_type().,MEDIUM,NA,Budget Period 1,DIRECT,Yes,NAMED_HOSPITAL,NA,"§10.2 DIRECT -- the named recipient is itself a hospital or health system, so recipient identity IS the flow test and no description decides it (§0.3a). The award is MADE: SCDHHS issued Notices of Award Determination on its own published date of 2026-07-31 (MB# 26-026) and posted this list, headed 'Year 1 Awards', on 2026-09-15.","EXACT and per-recipient, published by SCDHHS for every one of the 228 rows. The document carries NO total of any kind, so the $167,299,900.69 this file reports is the SUM OF THE ROWS, corroborated from outside by CMS's own '228 grants' and '$167 Million' (2026-09-17) and by each project numbering 1..n with no gap.",NA,2026-09-15,data/evidence/SC/2026-09-21_sc_rhtp_year1_award_list_THE_ROSTER.pdf
SC,38,"Carolina Health Centers, Inc.",260450.67,NONPROFIT_CBO,No,Connections to Care / Modernize Health IT Infrastructure,Yes,Yes,FY2026 (Year 1),SC RHTP Year 1 Award List,https://www.scdhhs.gov/sites/dhhs/files/SC%20RHTP%20Year%201%20Award%20List%20to%20CMS.pdf,NOTICE_OF_AWARD,PDF_TEXT,R/03ao_sc_year1_awardees.R,NA,NA,NA,NA,Connections to Care,Modernize Health IT Infrastructure,17,"Carolina Health Centers, Inc.","§8's STANDING FALLBACK. The award list publishes a recipient and an amount and NOTHING about the recipient's organisational form -- no type column, no county, no project description -- so Kansas's, Maryland's, Nebraska's, Oklahoma's, Nevada's, Michigan's, Missouri's, Iowa's, North Carolina's, Arkansas's, Wyoming's and Mississippi's shape a THIRTEENTH time. NOTHING WAS PROMOTED (§0.4), and the refusal runs BOTH ways: Self Regional Healthcare, McLeod Health, AnMed, Prisma Health and Tidelands Health read as hospital systems to anyone who knows South Carolina and are NOT promoted, while the nineteen SCDBHDD rows are the state's own behavioral health department and are NOT demoted to STATE_AGENCY. Both would be this pipeline asserting a form the document has not.",LOW,RECIPIENT_TYPE_INFERRED,Budget Period 1,NON_HOSPITAL,No,NOT_HOSPITAL,NA,"§10.2 -- the named recipient is not a hospital on the only evidence the document offers, which is its name. Where recipient_type is §8's standing fallback this is the CONSERVATIVE answer and the row is queued as SC_RECIPIENT_FORM_NOT_STATED: resolving it could only RAISE South Carolina's hospital figure, never lower it.","EXACT and per-recipient, published by SCDHHS for every one of the 228 rows. The document carries NO total of any kind, so the $167,299,900.69 this file reports is the SUM OF THE ROWS, corroborated from outside by CMS's own '228 grants' and '$167 Million' (2026-09-17) and by each project numbering 1..n with no gap.",NA,2026-09-15,data/evidence/SC/2026-09-21_sc_rhtp_year1_award_list_THE_ROSTER.pdf
SC,39,Tandem Health SC,263648,NONPROFIT_CBO,No,Connections to Care / Modernize Health IT Infrastructure,Yes,Yes,FY2026 (Year 1),SC RHTP Year 1 Award List,https://www.scdhhs.gov/sites/dhhs/files/SC%20RHTP%20Year%201%20Award%20List%20to%20CMS.pdf,NOTICE_OF_AWARD,PDF_TEXT,R/03ao_sc_year1_awardees.R,NA,NA,NA,NA,Connections to Care,Modernize Health IT Infrastructure,18,Tandem Health SC,"§8's STANDING FALLBACK. The award list publishes a recipient and an amount and NOTHING about the recipient's organisational form -- no type column, no county, no project description -- so Kansas's, Maryland's, Nebraska's, Oklahoma's, Nevada's, Michigan's, Missouri's, Iowa's, North Carolina's, Arkansas's, Wyoming's and Mississippi's shape a THIRTEENTH time. NOTHING WAS PROMOTED (§0.4), and the refusal runs BOTH ways: Self Regional Healthcare, McLeod Health, AnMed, Prisma Health and Tidelands Health read as hospital systems to anyone who knows South Carolina and are NOT promoted, while the nineteen SCDBHDD rows are the state's own behavioral health department and are NOT demoted to STATE_AGENCY. Both would be this pipeline asserting a form the document has not.",LOW,RECIPIENT_TYPE_INFERRED,Budget Period 1,NON_HOSPITAL,No,NOT_HOSPITAL,NA,"§10.2 -- the named recipient is not a hospital on the only evidence the document offers, which is its name. Where recipient_type is §8's standing fallback this is the CONSERVATIVE answer and the row is queued as SC_RECIPIENT_FORM_NOT_STATED: resolving it could only RAISE South Carolina's hospital figure, never lower it.","EXACT and per-recipient, published by SCDHHS for every one of the 228 rows. The document carries NO total of any kind, so the $167,299,900.69 this file reports is the SUM OF THE ROWS, corroborated from outside by CMS's own '228 grants' and '$167 Million' (2026-09-17) and by each project numbering 1..n with no gap.",NA,2026-09-15,data/evidence/SC/2026-09-21_sc_rhtp_year1_award_list_THE_ROSTER.pdf
SC,40,The Center for Women's Health,276250,NONPROFIT_CBO,No,Connections to Care / Modernize Health IT Infrastructure,Yes,Yes,FY2026 (Year 1),SC RHTP Year 1 Award List,https://www.scdhhs.gov/sites/dhhs/files/SC%20RHTP%20Year%201%20Award%20List%20to%20CMS.pdf,NOTICE_OF_AWARD,PDF_TEXT,R/03ao_sc_year1_awardees.R,NA,NA,NA,NA,Connections to Care,Modernize Health IT Infrastructure,19,The Center for Women's Health,"§8's STANDING FALLBACK. The award list publishes a recipient and an amount and NOTHING about the recipient's organisational form -- no type column, no county, no project description -- so Kansas's, Maryland's, Nebraska's, Oklahoma's, Nevada's, Michigan's, Missouri's, Iowa's, North Carolina's, Arkansas's, Wyoming's and Mississippi's shape a THIRTEENTH time. NOTHING WAS PROMOTED (§0.4), and the refusal runs BOTH ways: Self Regional Healthcare, McLeod Health, AnMed, Prisma Health and Tidelands Health read as hospital systems to anyone who knows South Carolina and are NOT promoted, while the nineteen SCDBHDD rows are the state's own behavioral health department and are NOT demoted to STATE_AGENCY. Both would be this pipeline asserting a form the document has not.",LOW,RECIPIENT_TYPE_INFERRED,Budget Period 1,NON_HOSPITAL,No,NOT_HOSPITAL,NA,"§10.2 -- the named recipient is not a hospital on the only evidence the document offers, which is its name. Where recipient_type is §8's standing fallback this is the CONSERVATIVE answer and the row is queued as SC_RECIPIENT_FORM_NOT_STATED: resolving it could only RAISE South Carolina's hospital figure, never lower it.","EXACT and per-recipient, published by SCDHHS for every one of the 228 rows. The document carries NO total of any kind, so the $167,299,900.69 this file reports is the SUM OF THE ROWS, corroborated from outside by CMS's own '228 grants' and '$167 Million' (2026-09-17) and by each project numbering 1..n with no gap.",NA,2026-09-15,data/evidence/SC/2026-09-21_sc_rhtp_year1_award_list_THE_ROSTER.pdf
SC,41,AnMed,300330,NONPROFIT_CBO,No,Connections to Care / Modernize Health IT Infrastructure,Yes,Yes,FY2026 (Year 1),SC RHTP Year 1 Award List,https://www.scdhhs.gov/sites/dhhs/files/SC%20RHTP%20Year%201%20Award%20List%20to%20CMS.pdf,NOTICE_OF_AWARD,PDF_TEXT,R/03ao_sc_year1_awardees.R,NA,NA,NA,NA,Connections to Care,Modernize Health IT Infrastructure,20,AnMed,"§8's STANDING FALLBACK. The award list publishes a recipient and an amount and NOTHING about the recipient's organisational form -- no type column, no county, no project description -- so Kansas's, Maryland's, Nebraska's, Oklahoma's, Nevada's, Michigan's, Missouri's, Iowa's, North Carolina's, Arkansas's, Wyoming's and Mississippi's shape a THIRTEENTH time. NOTHING WAS PROMOTED (§0.4), and the refusal runs BOTH ways: Self Regional Healthcare, McLeod Health, AnMed, Prisma Health and Tidelands Health read as hospital systems to anyone who knows South Carolina and are NOT promoted, while the nineteen SCDBHDD rows are the state's own behavioral health department and are NOT demoted to STATE_AGENCY. Both would be this pipeline asserting a form the document has not.",LOW,RECIPIENT_TYPE_INFERRED,Budget Period 1,NON_HOSPITAL,No,NOT_HOSPITAL,NA,"§10.2 -- the named recipient is not a hospital on the only evidence the document offers, which is its name. Where recipient_type is §8's standing fallback this is the CONSERVATIVE answer and the row is queued as SC_RECIPIENT_FORM_NOT_STATED: resolving it could only RAISE South Carolina's hospital figure, never lower it.","EXACT and per-recipient, published by SCDHHS for every one of the 228 rows. The document carries NO total of any kind, so the $167,299,900.69 this file reports is the SUM OF THE ROWS, corroborated from outside by CMS's own '228 grants' and '$167 Million' (2026-09-17) and by each project numbering 1..n with no gap.",NA,2026-09-15,data/evidence/SC/2026-09-21_sc_rhtp_year1_award_list_THE_ROSTER.pdf
SC,42,Allendale County Hospital,314485,HOSPITAL_OR_SYSTEM,Yes,Connections to Care / Modernize Health IT Infrastructure,Yes,Yes,FY2026 (Year 1),SC RHTP Year 1 Award List,https://www.scdhhs.gov/sites/dhhs/files/SC%20RHTP%20Year%201%20Award%20List%20to%20CMS.pdf,NOTICE_OF_AWARD,PDF_TEXT,R/03ao_sc_year1_awardees.R,NA,NA,NA,NA,Connections to Care,Modernize Health IT Infrastructure,21,Allendale County Hospital,DERIVED FROM THE RECIPIENT'S OWN NAME by rhtp_classify_recipient_type().,HIGH,NA,Budget Period 1,DIRECT,Yes,NAMED_HOSPITAL,NA,"§10.2 DIRECT -- the named recipient is itself a hospital or health system, so recipient identity IS the flow test and no description decides it (§0.3a). The award is MADE: SCDHHS issued Notices of Award Determination on its own published date of 2026-07-31 (MB# 26-026) and posted this list, headed 'Year 1 Awards', on 2026-09-15.","EXACT and per-recipient, published by SCDHHS for every one of the 228 rows. The document carries NO total of any kind, so the $167,299,900.69 this file reports is the SUM OF THE ROWS, corroborated from outside by CMS's own '228 grants' and '$167 Million' (2026-09-17) and by each project numbering 1..n with no gap.",NA,2026-09-15,data/evidence/SC/2026-09-21_sc_rhtp_year1_award_list_THE_ROSTER.pdf
SC,43,ReGenesis Organization Community Health Center,333316,FQHC_OR_RHC,No,Connections to Care / Modernize Health IT Infrastructure,Yes,Yes,FY2026 (Year 1),SC RHTP Year 1 Award List,https://www.scdhhs.gov/sites/dhhs/files/SC%20RHTP%20Year%201%20Award%20List%20to%20CMS.pdf,NOTICE_OF_AWARD,PDF_TEXT,R/03ao_sc_year1_awardees.R,NA,NA,NA,NA,Connections to Care,Modernize Health IT Infrastructure,22,ReGenesis Organization Community Health Center,DERIVED FROM THE RECIPIENT'S OWN NAME by rhtp_classify_recipient_type().,MEDIUM,NA,Budget Period 1,NON_HOSPITAL,No,NOT_HOSPITAL,NA,"§10.2 -- the named recipient is not a hospital on the only evidence the document offers, which is its name. Where recipient_type is §8's standing fallback this is the CONSERVATIVE answer and the row is queued as SC_RECIPIENT_FORM_NOT_STATED: resolving it could only RAISE South Carolina's hospital figure, never lower it.","EXACT and per-recipient, published by SCDHHS for every one of the 228 rows. The document carries NO total of any kind, so the $167,299,900.69 this file reports is the SUM OF THE ROWS, corroborated from outside by CMS's own '228 grants' and '$167 Million' (2026-09-17) and by each project numbering 1..n with no gap.",NA,2026-09-15,data/evidence/SC/2026-09-21_sc_rhtp_year1_award_list_THE_ROSTER.pdf
SC,44,Self Regional Healthcare (Lakelands Region),339734,NONPROFIT_CBO,No,Connections to Care / Modernize Health IT Infrastructure,Yes,Yes,FY2026 (Year 1),SC RHTP Year 1 Award List,https://www.scdhhs.gov/sites/dhhs/files/SC%20RHTP%20Year%201%20Award%20List%20to%20CMS.pdf,NOTICE_OF_AWARD,PDF_TEXT,R/03ao_sc_year1_awardees.R,NA,NA,NA,NA,Connections to Care,Modernize Health IT Infrastructure,23,Self Regional Healthcare (Lakelands Region),"§8's STANDING FALLBACK. The award list publishes a recipient and an amount and NOTHING about the recipient's organisational form -- no type column, no county, no project description -- so Kansas's, Maryland's, Nebraska's, Oklahoma's, Nevada's, Michigan's, Missouri's, Iowa's, North Carolina's, Arkansas's, Wyoming's and Mississippi's shape a THIRTEENTH time. NOTHING WAS PROMOTED (§0.4), and the refusal runs BOTH ways: Self Regional Healthcare, McLeod Health, AnMed, Prisma Health and Tidelands Health read as hospital systems to anyone who knows South Carolina and are NOT promoted, while the nineteen SCDBHDD rows are the state's own behavioral health department and are NOT demoted to STATE_AGENCY. Both would be this pipeline asserting a form the document has not.",LOW,RECIPIENT_TYPE_INFERRED,Budget Period 1,NON_HOSPITAL,No,NOT_HOSPITAL,NA,"§10.2 -- the named recipient is not a hospital on the only evidence the document offers, which is its name. Where recipient_type is §8's standing fallback this is the CONSERVATIVE answer and the row is queued as SC_RECIPIENT_FORM_NOT_STATED: resolving it could only RAISE South Carolina's hospital figure, never lower it.","EXACT and per-recipient, published by SCDHHS for every one of the 228 rows. The document carries NO total of any kind, so the $167,299,900.69 this file reports is the SUM OF THE ROWS, corroborated from outside by CMS's own '228 grants' and '$167 Million' (2026-09-17) and by each project numbering 1..n with no gap.",NA,2026-09-15,data/evidence/SC/2026-09-21_sc_rhtp_year1_award_list_THE_ROSTER.pdf
SC,45,Lovelace Family Medicine,348139.43,PHYSICIAN_PRACTICE,No,Connections to Care / Modernize Health IT Infrastructure,Yes,Yes,FY2026 (Year 1),SC RHTP Year 1 Award List,https://www.scdhhs.gov/sites/dhhs/files/SC%20RHTP%20Year%201%20Award%20List%20to%20CMS.pdf,NOTICE_OF_AWARD,PDF_TEXT,R/03ao_sc_year1_awardees.R,NA,NA,NA,NA,Connections to Care,Modernize Health IT Infrastructure,24,Lovelace Family Medicine,DERIVED FROM THE RECIPIENT'S OWN NAME by rhtp_classify_recipient_type().,MEDIUM,NA,Budget Period 1,NON_HOSPITAL,No,NOT_HOSPITAL,NA,"§10.2 -- the named recipient is not a hospital on the only evidence the document offers, which is its name. Where recipient_type is §8's standing fallback this is the CONSERVATIVE answer and the row is queued as SC_RECIPIENT_FORM_NOT_STATED: resolving it could only RAISE South Carolina's hospital figure, never lower it.","EXACT and per-recipient, published by SCDHHS for every one of the 228 rows. The document carries NO total of any kind, so the $167,299,900.69 this file reports is the SUM OF THE ROWS, corroborated from outside by CMS's own '228 grants' and '$167 Million' (2026-09-17) and by each project numbering 1..n with no gap.",NA,2026-09-15,data/evidence/SC/2026-09-21_sc_rhtp_year1_award_list_THE_ROSTER.pdf
SC,46,Piedmont Pediatrics,442600,PHYSICIAN_PRACTICE,No,Connections to Care / Modernize Health IT Infrastructure,Yes,Yes,FY2026 (Year 1),SC RHTP Year 1 Award List,https://www.scdhhs.gov/sites/dhhs/files/SC%20RHTP%20Year%201%20Award%20List%20to%20CMS.pdf,NOTICE_OF_AWARD,PDF_TEXT,R/03ao_sc_year1_awardees.R,NA,NA,NA,NA,Connections to Care,Modernize Health IT Infrastructure,25,Piedmont Pediatrics,DERIVED FROM THE RECIPIENT'S OWN NAME by rhtp_classify_recipient_type().,MEDIUM,NA,Budget Period 1,NON_HOSPITAL,No,NOT_HOSPITAL,NA,"§10.2 -- the named recipient is not a hospital on the only evidence the document offers, which is its name. Where recipient_type is §8's standing fallback this is the CONSERVATIVE answer and the row is queued as SC_RECIPIENT_FORM_NOT_STATED: resolving it could only RAISE South Carolina's hospital figure, never lower it.","EXACT and per-recipient, published by SCDHHS for every one of the 228 rows. The document carries NO total of any kind, so the $167,299,900.69 this file reports is the SUM OF THE ROWS, corroborated from outside by CMS's own '228 grants' and '$167 Million' (2026-09-17) and by each project numbering 1..n with no gap.",NA,2026-09-15,data/evidence/SC/2026-09-21_sc_rhtp_year1_award_list_THE_ROSTER.pdf
SC,47,Infinity Family Healthcare,445300,NONPROFIT_CBO,No,Connections to Care / Modernize Health IT Infrastructure,Yes,Yes,FY2026 (Year 1),SC RHTP Year 1 Award List,https://www.scdhhs.gov/sites/dhhs/files/SC%20RHTP%20Year%201%20Award%20List%20to%20CMS.pdf,NOTICE_OF_AWARD,PDF_TEXT,R/03ao_sc_year1_awardees.R,NA,NA,NA,NA,Connections to Care,Modernize Health IT Infrastructure,26,Infinity Family Healthcare,"§8's STANDING FALLBACK. The award list publishes a recipient and an amount and NOTHING about the recipient's organisational form -- no type column, no county, no project description -- so Kansas's, Maryland's, Nebraska's, Oklahoma's, Nevada's, Michigan's, Missouri's, Iowa's, North Carolina's, Arkansas's, Wyoming's and Mississippi's shape a THIRTEENTH time. NOTHING WAS PROMOTED (§0.4), and the refusal runs BOTH ways: Self Regional Healthcare, McLeod Health, AnMed, Prisma Health and Tidelands Health read as hospital systems to anyone who knows South Carolina and are NOT promoted, while the nineteen SCDBHDD rows are the state's own behavioral health department and are NOT demoted to STATE_AGENCY. Both would be this pipeline asserting a form the document has not.",LOW,RECIPIENT_TYPE_INFERRED,Budget Period 1,NON_HOSPITAL,No,NOT_HOSPITAL,NA,"§10.2 -- the named recipient is not a hospital on the only evidence the document offers, which is its name. Where recipient_type is §8's standing fallback this is the CONSERVATIVE answer and the row is queued as SC_RECIPIENT_FORM_NOT_STATED: resolving it could only RAISE South Carolina's hospital figure, never lower it.","EXACT and per-recipient, published by SCDHHS for every one of the 228 rows. The document carries NO total of any kind, so the $167,299,900.69 this file reports is the SUM OF THE ROWS, corroborated from outside by CMS's own '228 grants' and '$167 Million' (2026-09-17) and by each project numbering 1..n with no gap.",NA,2026-09-15,data/evidence/SC/2026-09-21_sc_rhtp_year1_award_list_THE_ROSTER.pdf
SC,48,Newberry County Memorial Hospital,469795.5,HOSPITAL_OR_SYSTEM,Yes,Connections to Care / Modernize Health IT Infrastructure,Yes,Yes,FY2026 (Year 1),SC RHTP Year 1 Award List,https://www.scdhhs.gov/sites/dhhs/files/SC%20RHTP%20Year%201%20Award%20List%20to%20CMS.pdf,NOTICE_OF_AWARD,PDF_TEXT,R/03ao_sc_year1_awardees.R,NA,NA,NA,NA,Connections to Care,Modernize Health IT Infrastructure,27,Newberry County Memorial Hospital,DERIVED FROM THE RECIPIENT'S OWN NAME by rhtp_classify_recipient_type().,HIGH,NA,Budget Period 1,DIRECT,Yes,NAMED_HOSPITAL,NA,"§10.2 DIRECT -- the named recipient is itself a hospital or health system, so recipient identity IS the flow test and no description decides it (§0.3a). The award is MADE: SCDHHS issued Notices of Award Determination on its own published date of 2026-07-31 (MB# 26-026) and posted this list, headed 'Year 1 Awards', on 2026-09-15.","EXACT and per-recipient, published by SCDHHS for every one of the 228 rows. The document carries NO total of any kind, so the $167,299,900.69 this file reports is the SUM OF THE ROWS, corroborated from outside by CMS's own '228 grants' and '$167 Million' (2026-09-17) and by each project numbering 1..n with no gap.",NA,2026-09-15,data/evidence/SC/2026-09-21_sc_rhtp_year1_award_list_THE_ROSTER.pdf
SC,49,Self Regional Healthcare (Lakelands Region),630000,NONPROFIT_CBO,No,Connections to Care / Modernize Health IT Infrastructure,Yes,Yes,FY2026 (Year 1),SC RHTP Year 1 Award List,https://www.scdhhs.gov/sites/dhhs/files/SC%20RHTP%20Year%201%20Award%20List%20to%20CMS.pdf,NOTICE_OF_AWARD,PDF_TEXT,R/03ao_sc_year1_awardees.R,NA,NA,NA,NA,Connections to Care,Modernize Health IT Infrastructure,28,Self Regional Healthcare (Lakelands Region),"§8's STANDING FALLBACK. The award list publishes a recipient and an amount and NOTHING about the recipient's organisational form -- no type column, no county, no project description -- so Kansas's, Maryland's, Nebraska's, Oklahoma's, Nevada's, Michigan's, Missouri's, Iowa's, North Carolina's, Arkansas's, Wyoming's and Mississippi's shape a THIRTEENTH time. NOTHING WAS PROMOTED (§0.4), and the refusal runs BOTH ways: Self Regional Healthcare, McLeod Health, AnMed, Prisma Health and Tidelands Health read as hospital systems to anyone who knows South Carolina and are NOT promoted, while the nineteen SCDBHDD rows are the state's own behavioral health department and are NOT demoted to STATE_AGENCY. Both would be this pipeline asserting a form the document has not.",LOW,RECIPIENT_TYPE_INFERRED,Budget Period 1,NON_HOSPITAL,No,NOT_HOSPITAL,NA,"§10.2 -- the named recipient is not a hospital on the only evidence the document offers, which is its name. Where recipient_type is §8's standing fallback this is the CONSERVATIVE answer and the row is queued as SC_RECIPIENT_FORM_NOT_STATED: resolving it could only RAISE South Carolina's hospital figure, never lower it.","EXACT and per-recipient, published by SCDHHS for every one of the 228 rows. The document carries NO total of any kind, so the $167,299,900.69 this file reports is the SUM OF THE ROWS, corroborated from outside by CMS's own '228 grants' and '$167 Million' (2026-09-17) and by each project numbering 1..n with no gap.",NA,2026-09-15,data/evidence/SC/2026-09-21_sc_rhtp_year1_award_list_THE_ROSTER.pdf
SC,50,Beaufort Memorial Hospital,645918,HOSPITAL_OR_SYSTEM,Yes,Connections to Care / Modernize Health IT Infrastructure,Yes,Yes,FY2026 (Year 1),SC RHTP Year 1 Award List,https://www.scdhhs.gov/sites/dhhs/files/SC%20RHTP%20Year%201%20Award%20List%20to%20CMS.pdf,NOTICE_OF_AWARD,PDF_TEXT,R/03ao_sc_year1_awardees.R,NA,NA,NA,NA,Connections to Care,Modernize Health IT Infrastructure,29,Beaufort Memorial Hospital,DERIVED FROM THE RECIPIENT'S OWN NAME by rhtp_classify_recipient_type().,HIGH,NA,Budget Period 1,DIRECT,Yes,NAMED_HOSPITAL,NA,"§10.2 DIRECT -- the named recipient is itself a hospital or health system, so recipient identity IS the flow test and no description decides it (§0.3a). The award is MADE: SCDHHS issued Notices of Award Determination on its own published date of 2026-07-31 (MB# 26-026) and posted this list, headed 'Year 1 Awards', on 2026-09-15.","EXACT and per-recipient, published by SCDHHS for every one of the 228 rows. The document carries NO total of any kind, so the $167,299,900.69 this file reports is the SUM OF THE ROWS, corroborated from outside by CMS's own '228 grants' and '$167 Million' (2026-09-17) and by each project numbering 1..n with no gap.",NA,2026-09-15,data/evidence/SC/2026-09-21_sc_rhtp_year1_award_list_THE_ROSTER.pdf
SC,51,"Family Health Centers, Inc.",749220.69,NONPROFIT_CBO,No,Connections to Care / Modernize Health IT Infrastructure,Yes,Yes,FY2026 (Year 1),SC RHTP Year 1 Award List,https://www.scdhhs.gov/sites/dhhs/files/SC%20RHTP%20Year%201%20Award%20List%20to%20CMS.pdf,NOTICE_OF_AWARD,PDF_TEXT,R/03ao_sc_year1_awardees.R,NA,NA,NA,NA,Connections to Care,Modernize Health IT Infrastructure,30,"Family Health Centers, Inc.","§8's STANDING FALLBACK. The award list publishes a recipient and an amount and NOTHING about the recipient's organisational form -- no type column, no county, no project description -- so Kansas's, Maryland's, Nebraska's, Oklahoma's, Nevada's, Michigan's, Missouri's, Iowa's, North Carolina's, Arkansas's, Wyoming's and Mississippi's shape a THIRTEENTH time. NOTHING WAS PROMOTED (§0.4), and the refusal runs BOTH ways: Self Regional Healthcare, McLeod Health, AnMed, Prisma Health and Tidelands Health read as hospital systems to anyone who knows South Carolina and are NOT promoted, while the nineteen SCDBHDD rows are the state's own behavioral health department and are NOT demoted to STATE_AGENCY. Both would be this pipeline asserting a form the document has not.",LOW,RECIPIENT_TYPE_INFERRED,Budget Period 1,NON_HOSPITAL,No,NOT_HOSPITAL,NA,"§10.2 -- the named recipient is not a hospital on the only evidence the document offers, which is its name. Where recipient_type is §8's standing fallback this is the CONSERVATIVE answer and the row is queued as SC_RECIPIENT_FORM_NOT_STATED: resolving it could only RAISE South Carolina's hospital figure, never lower it.","EXACT and per-recipient, published by SCDHHS for every one of the 228 rows. The document carries NO total of any kind, so the $167,299,900.69 this file reports is the SUM OF THE ROWS, corroborated from outside by CMS's own '228 grants' and '$167 Million' (2026-09-17) and by each project numbering 1..n with no gap.",NA,2026-09-15,data/evidence/SC/2026-09-21_sc_rhtp_year1_award_list_THE_ROSTER.pdf
SC,52,AnMed,1141375,NONPROFIT_CBO,No,Connections to Care / Modernize Health IT Infrastructure,Yes,Yes,FY2026 (Year 1),SC RHTP Year 1 Award List,https://www.scdhhs.gov/sites/dhhs/files/SC%20RHTP%20Year%201%20Award%20List%20to%20CMS.pdf,NOTICE_OF_AWARD,PDF_TEXT,R/03ao_sc_year1_awardees.R,NA,NA,NA,NA,Connections to Care,Modernize Health IT Infrastructure,31,AnMed,"§8's STANDING FALLBACK. The award list publishes a recipient and an amount and NOTHING about the recipient's organisational form -- no type column, no county, no project description -- so Kansas's, Maryland's, Nebraska's, Oklahoma's, Nevada's, Michigan's, Missouri's, Iowa's, North Carolina's, Arkansas's, Wyoming's and Mississippi's shape a THIRTEENTH time. NOTHING WAS PROMOTED (§0.4), and the refusal runs BOTH ways: Self Regional Healthcare, McLeod Health, AnMed, Prisma Health and Tidelands Health read as hospital systems to anyone who knows South Carolina and are NOT promoted, while the nineteen SCDBHDD rows are the state's own behavioral health department and are NOT demoted to STATE_AGENCY. Both would be this pipeline asserting a form the document has not.",LOW,RECIPIENT_TYPE_INFERRED,Budget Period 1,NON_HOSPITAL,No,NOT_HOSPITAL,NA,"§10.2 -- the named recipient is not a hospital on the only evidence the document offers, which is its name. Where recipient_type is §8's standing fallback this is the CONSERVATIVE answer and the row is queued as SC_RECIPIENT_FORM_NOT_STATED: resolving it could only RAISE South Carolina's hospital figure, never lower it.","EXACT and per-recipient, published by SCDHHS for every one of the 228 rows. The document carries NO total of any kind, so the $167,299,900.69 this file reports is the SUM OF THE ROWS, corroborated from outside by CMS's own '228 grants' and '$167 Million' (2026-09-17) and by each project numbering 1..n with no gap.",NA,2026-09-15,data/evidence/SC/2026-09-21_sc_rhtp_year1_award_list_THE_ROSTER.pdf
SC,53,Self Regional Healthcare (Lakelands Region),1330000,NONPROFIT_CBO,No,Connections to Care / Modernize Health IT Infrastructure,Yes,Yes,FY2026 (Year 1),SC RHTP Year 1 Award List,https://www.scdhhs.gov/sites/dhhs/files/SC%20RHTP%20Year%201%20Award%20List%20to%20CMS.pdf,NOTICE_OF_AWARD,PDF_TEXT,R/03ao_sc_year1_awardees.R,NA,NA,NA,NA,Connections to Care,Modernize Health IT Infrastructure,32,Self Regional Healthcare (Lakelands Region),"§8's STANDING FALLBACK. The award list publishes a recipient and an amount and NOTHING about the recipient's organisational form -- no type column, no county, no project description -- so Kansas's, Maryland's, Nebraska's, Oklahoma's, Nevada's, Michigan's, Missouri's, Iowa's, North Carolina's, Arkansas's, Wyoming's and Mississippi's shape a THIRTEENTH time. NOTHING WAS PROMOTED (§0.4), and the refusal runs BOTH ways: Self Regional Healthcare, McLeod Health, AnMed, Prisma Health and Tidelands Health read as hospital systems to anyone who knows South Carolina and are NOT promoted, while the nineteen SCDBHDD rows are the state's own behavioral health department and are NOT demoted to STATE_AGENCY. Both would be this pipeline asserting a form the document has not.",LOW,RECIPIENT_TYPE_INFERRED,Budget Period 1,NON_HOSPITAL,No,NOT_HOSPITAL,NA,"§10.2 -- the named recipient is not a hospital on the only evidence the document offers, which is its name. Where recipient_type is §8's standing fallback this is the CONSERVATIVE answer and the row is queued as SC_RECIPIENT_FORM_NOT_STATED: resolving it could only RAISE South Carolina's hospital figure, never lower it.","EXACT and per-recipient, published by SCDHHS for every one of the 228 rows. The document carries NO total of any kind, so the $167,299,900.69 this file reports is the SUM OF THE ROWS, corroborated from outside by CMS's own '228 grants' and '$167 Million' (2026-09-17) and by each project numbering 1..n with no gap.",NA,2026-09-15,data/evidence/SC/2026-09-21_sc_rhtp_year1_award_list_THE_ROSTER.pdf
SC,54,Beaufort Memorial Hospital,1482135.89,HOSPITAL_OR_SYSTEM,Yes,Connections to Care / Modernize Health IT Infrastructure,Yes,Yes,FY2026 (Year 1),SC RHTP Year 1 Award List,https://www.scdhhs.gov/sites/dhhs/files/SC%20RHTP%20Year%201%20Award%20List%20to%20CMS.pdf,NOTICE_OF_AWARD,PDF_TEXT,R/03ao_sc_year1_awardees.R,NA,NA,NA,NA,Connections to Care,Modernize Health IT Infrastructure,33,Beaufort Memorial Hospital,DERIVED FROM THE RECIPIENT'S OWN NAME by rhtp_classify_recipient_type().,HIGH,NA,Budget Period 1,DIRECT,Yes,NAMED_HOSPITAL,NA,"§10.2 DIRECT -- the named recipient is itself a hospital or health system, so recipient identity IS the flow test and no description decides it (§0.3a). The award is MADE: SCDHHS issued Notices of Award Determination on its own published date of 2026-07-31 (MB# 26-026) and posted this list, headed 'Year 1 Awards', on 2026-09-15.","EXACT and per-recipient, published by SCDHHS for every one of the 228 rows. The document carries NO total of any kind, so the $167,299,900.69 this file reports is the SUM OF THE ROWS, corroborated from outside by CMS's own '228 grants' and '$167 Million' (2026-09-17) and by each project numbering 1..n with no gap.",NA,2026-09-15,data/evidence/SC/2026-09-21_sc_rhtp_year1_award_list_THE_ROSTER.pdf
SC,55,"Health Care Partners of South Carolina, Inc.",1576481.98,NONPROFIT_CBO,No,Connections to Care / Modernize Health IT Infrastructure,Yes,Yes,FY2026 (Year 1),SC RHTP Year 1 Award List,https://www.scdhhs.gov/sites/dhhs/files/SC%20RHTP%20Year%201%20Award%20List%20to%20CMS.pdf,NOTICE_OF_AWARD,PDF_TEXT,R/03ao_sc_year1_awardees.R,NA,NA,NA,NA,Connections to Care,Modernize Health IT Infrastructure,34,"Health Care Partners of South Carolina, Inc.","§8's STANDING FALLBACK. The award list publishes a recipient and an amount and NOTHING about the recipient's organisational form -- no type column, no county, no project description -- so Kansas's, Maryland's, Nebraska's, Oklahoma's, Nevada's, Michigan's, Missouri's, Iowa's, North Carolina's, Arkansas's, Wyoming's and Mississippi's shape a THIRTEENTH time. NOTHING WAS PROMOTED (§0.4), and the refusal runs BOTH ways: Self Regional Healthcare, McLeod Health, AnMed, Prisma Health and Tidelands Health read as hospital systems to anyone who knows South Carolina and are NOT promoted, while the nineteen SCDBHDD rows are the state's own behavioral health department and are NOT demoted to STATE_AGENCY. Both would be this pipeline asserting a form the document has not.",LOW,RECIPIENT_TYPE_INFERRED,Budget Period 1,NON_HOSPITAL,No,NOT_HOSPITAL,NA,"§10.2 -- the named recipient is not a hospital on the only evidence the document offers, which is its name. Where recipient_type is §8's standing fallback this is the CONSERVATIVE answer and the row is queued as SC_RECIPIENT_FORM_NOT_STATED: resolving it could only RAISE South Carolina's hospital figure, never lower it.","EXACT and per-recipient, published by SCDHHS for every one of the 228 rows. The document carries NO total of any kind, so the $167,299,900.69 this file reports is the SUM OF THE ROWS, corroborated from outside by CMS's own '228 grants' and '$167 Million' (2026-09-17) and by each project numbering 1..n with no gap.",NA,2026-09-15,data/evidence/SC/2026-09-21_sc_rhtp_year1_award_list_THE_ROSTER.pdf
SC,56,St. James Health and Wellness,1593333,NONPROFIT_CBO,No,Connections to Care / Modernize Health IT Infrastructure,Yes,Yes,FY2026 (Year 1),SC RHTP Year 1 Award List,https://www.scdhhs.gov/sites/dhhs/files/SC%20RHTP%20Year%201%20Award%20List%20to%20CMS.pdf,NOTICE_OF_AWARD,PDF_TEXT,R/03ao_sc_year1_awardees.R,NA,NA,NA,NA,Connections to Care,Modernize Health IT Infrastructure,35,St. James Health and Wellness,"§8's STANDING FALLBACK. The award list publishes a recipient and an amount and NOTHING about the recipient's organisational form -- no type column, no county, no project description -- so Kansas's, Maryland's, Nebraska's, Oklahoma's, Nevada's, Michigan's, Missouri's, Iowa's, North Carolina's, Arkansas's, Wyoming's and Mississippi's shape a THIRTEENTH time. NOTHING WAS PROMOTED (§0.4), and the refusal runs BOTH ways: Self Regional Healthcare, McLeod Health, AnMed, Prisma Health and Tidelands Health read as hospital systems to anyone who knows South Carolina and are NOT promoted, while the nineteen SCDBHDD rows are the state's own behavioral health department and are NOT demoted to STATE_AGENCY. Both would be this pipeline asserting a form the document has not.",LOW,RECIPIENT_TYPE_INFERRED,Budget Period 1,NON_HOSPITAL,No,NOT_HOSPITAL,NA,"§10.2 -- the named recipient is not a hospital on the only evidence the document offers, which is its name. Where recipient_type is §8's standing fallback this is the CONSERVATIVE answer and the row is queued as SC_RECIPIENT_FORM_NOT_STATED: resolving it could only RAISE South Carolina's hospital figure, never lower it.","EXACT and per-recipient, published by SCDHHS for every one of the 228 rows. The document carries NO total of any kind, so the $167,299,900.69 this file reports is the SUM OF THE ROWS, corroborated from outside by CMS's own '228 grants' and '$167 Million' (2026-09-17) and by each project numbering 1..n with no gap.",NA,2026-09-15,data/evidence/SC/2026-09-21_sc_rhtp_year1_award_list_THE_ROSTER.pdf
SC,57,The Carolina Center for Behavioral Health,1925000,NONPROFIT_CBO,No,Connections to Care / Modernize Health IT Infrastructure,Yes,Yes,FY2026 (Year 1),SC RHTP Year 1 Award List,https://www.scdhhs.gov/sites/dhhs/files/SC%20RHTP%20Year%201%20Award%20List%20to%20CMS.pdf,NOTICE_OF_AWARD,PDF_TEXT,R/03ao_sc_year1_awardees.R,NA,NA,NA,NA,Connections to Care,Modernize Health IT Infrastructure,36,The Carolina Center for Behavioral Health,"§8's STANDING FALLBACK. The award list publishes a recipient and an amount and NOTHING about the recipient's organisational form -- no type column, no county, no project description -- so Kansas's, Maryland's, Nebraska's, Oklahoma's, Nevada's, Michigan's, Missouri's, Iowa's, North Carolina's, Arkansas's, Wyoming's and Mississippi's shape a THIRTEENTH time. NOTHING WAS PROMOTED (§0.4), and the refusal runs BOTH ways: Self Regional Healthcare, McLeod Health, AnMed, Prisma Health and Tidelands Health read as hospital systems to anyone who knows South Carolina and are NOT promoted, while the nineteen SCDBHDD rows are the state's own behavioral health department and are NOT demoted to STATE_AGENCY. Both would be this pipeline asserting a form the document has not.",LOW,RECIPIENT_TYPE_INFERRED,Budget Period 1,NON_HOSPITAL,No,NOT_HOSPITAL,NA,"§10.2 -- the named recipient is not a hospital on the only evidence the document offers, which is its name. Where recipient_type is §8's standing fallback this is the CONSERVATIVE answer and the row is queued as SC_RECIPIENT_FORM_NOT_STATED: resolving it could only RAISE South Carolina's hospital figure, never lower it.","EXACT and per-recipient, published by SCDHHS for every one of the 228 rows. The document carries NO total of any kind, so the $167,299,900.69 this file reports is the SUM OF THE ROWS, corroborated from outside by CMS's own '228 grants' and '$167 Million' (2026-09-17) and by each project numbering 1..n with no gap.",NA,2026-09-15,data/evidence/SC/2026-09-21_sc_rhtp_year1_award_list_THE_ROSTER.pdf
SC,58,Hampton Regional Medical Center,2141188,HOSPITAL_OR_SYSTEM,Yes,Connections to Care / Modernize Health IT Infrastructure,Yes,Yes,FY2026 (Year 1),SC RHTP Year 1 Award List,https://www.scdhhs.gov/sites/dhhs/files/SC%20RHTP%20Year%201%20Award%20List%20to%20CMS.pdf,NOTICE_OF_AWARD,PDF_TEXT,R/03ao_sc_year1_awardees.R,NA,NA,NA,NA,Connections to Care,Modernize Health IT Infrastructure,37,Hampton Regional Medical Center,DERIVED FROM THE RECIPIENT'S OWN NAME by rhtp_classify_recipient_type().,HIGH,NA,Budget Period 1,DIRECT,Yes,NAMED_HOSPITAL,NA,"§10.2 DIRECT -- the named recipient is itself a hospital or health system, so recipient identity IS the flow test and no description decides it (§0.3a). The award is MADE: SCDHHS issued Notices of Award Determination on its own published date of 2026-07-31 (MB# 26-026) and posted this list, headed 'Year 1 Awards', on 2026-09-15.","EXACT and per-recipient, published by SCDHHS for every one of the 228 rows. The document carries NO total of any kind, so the $167,299,900.69 this file reports is the SUM OF THE ROWS, corroborated from outside by CMS's own '228 grants' and '$167 Million' (2026-09-17) and by each project numbering 1..n with no gap.",NA,2026-09-15,data/evidence/SC/2026-09-21_sc_rhtp_year1_award_list_THE_ROSTER.pdf
SC,59,Medical University Hospital Authority (MUSC Center for Telehealth),4480337,HOSPITAL_OR_SYSTEM,Yes,Connections to Care / Modernize Health IT Infrastructure,Yes,Yes,FY2026 (Year 1),SC RHTP Year 1 Award List,https://www.scdhhs.gov/sites/dhhs/files/SC%20RHTP%20Year%201%20Award%20List%20to%20CMS.pdf,NOTICE_OF_AWARD,PDF_TEXT,R/03ao_sc_year1_awardees.R,NA,NA,NA,NA,Connections to Care,Modernize Health IT Infrastructure,38,Medical University Hospital Authority (MUSC Center for Telehealth),DERIVED FROM THE RECIPIENT'S OWN NAME by rhtp_classify_recipient_type().,HIGH,NA,Budget Period 1,DIRECT,Yes,NAMED_HOSPITAL,NA,"§10.2 DIRECT -- the named recipient is itself a hospital or health system, so recipient identity IS the flow test and no description decides it (§0.3a). The award is MADE: SCDHHS issued Notices of Award Determination on its own published date of 2026-07-31 (MB# 26-026) and posted this list, headed 'Year 1 Awards', on 2026-09-15.","EXACT and per-recipient, published by SCDHHS for every one of the 228 rows. The document carries NO total of any kind, so the $167,299,900.69 this file reports is the SUM OF THE ROWS, corroborated from outside by CMS's own '228 grants' and '$167 Million' (2026-09-17) and by each project numbering 1..n with no gap.",NA,2026-09-15,data/evidence/SC/2026-09-21_sc_rhtp_year1_award_list_THE_ROSTER.pdf
SC,60,Acadia Healthcare Co.,5565253,NONPROFIT_CBO,No,Connections to Care / Modernize Health IT Infrastructure,Yes,Yes,FY2026 (Year 1),SC RHTP Year 1 Award List,https://www.scdhhs.gov/sites/dhhs/files/SC%20RHTP%20Year%201%20Award%20List%20to%20CMS.pdf,NOTICE_OF_AWARD,PDF_TEXT,R/03ao_sc_year1_awardees.R,NA,NA,NA,NA,Connections to Care,Modernize Health IT Infrastructure,39,Acadia Healthcare Co.,"§8's STANDING FALLBACK. The award list publishes a recipient and an amount and NOTHING about the recipient's organisational form -- no type column, no county, no project description -- so Kansas's, Maryland's, Nebraska's, Oklahoma's, Nevada's, Michigan's, Missouri's, Iowa's, North Carolina's, Arkansas's, Wyoming's and Mississippi's shape a THIRTEENTH time. NOTHING WAS PROMOTED (§0.4), and the refusal runs BOTH ways: Self Regional Healthcare, McLeod Health, AnMed, Prisma Health and Tidelands Health read as hospital systems to anyone who knows South Carolina and are NOT promoted, while the nineteen SCDBHDD rows are the state's own behavioral health department and are NOT demoted to STATE_AGENCY. Both would be this pipeline asserting a form the document has not.",LOW,RECIPIENT_TYPE_INFERRED,Budget Period 1,NON_HOSPITAL,No,NOT_HOSPITAL,NA,"§10.2 -- the named recipient is not a hospital on the only evidence the document offers, which is its name. Where recipient_type is §8's standing fallback this is the CONSERVATIVE answer and the row is queued as SC_RECIPIENT_FORM_NOT_STATED: resolving it could only RAISE South Carolina's hospital figure, never lower it.","EXACT and per-recipient, published by SCDHHS for every one of the 228 rows. The document carries NO total of any kind, so the $167,299,900.69 this file reports is the SUM OF THE ROWS, corroborated from outside by CMS's own '228 grants' and '$167 Million' (2026-09-17) and by each project numbering 1..n with no gap.",NA,2026-09-15,data/evidence/SC/2026-09-21_sc_rhtp_year1_award_list_THE_ROSTER.pdf
SC,61,South Carolina Department of Corrections,6836679,STATE_AGENCY,No,Connections to Care / Modernize Health IT Infrastructure,Yes,Yes,FY2026 (Year 1),SC RHTP Year 1 Award List,https://www.scdhhs.gov/sites/dhhs/files/SC%20RHTP%20Year%201%20Award%20List%20to%20CMS.pdf,NOTICE_OF_AWARD,PDF_TEXT,R/03ao_sc_year1_awardees.R,NA,NA,NA,NA,Connections to Care,Modernize Health IT Infrastructure,40,South Carolina Department of Corrections,DERIVED FROM THE RECIPIENT'S OWN NAME by rhtp_classify_recipient_type().,MEDIUM,NA,Budget Period 1,NON_HOSPITAL,No,NOT_HOSPITAL,NA,"§10.2 -- the named recipient is not a hospital on the only evidence the document offers, which is its name. Where recipient_type is §8's standing fallback this is the CONSERVATIVE answer and the row is queued as SC_RECIPIENT_FORM_NOT_STATED: resolving it could only RAISE South Carolina's hospital figure, never lower it.","EXACT and per-recipient, published by SCDHHS for every one of the 228 rows. The document carries NO total of any kind, so the $167,299,900.69 this file reports is the SUM OF THE ROWS, corroborated from outside by CMS's own '228 grants' and '$167 Million' (2026-09-17) and by each project numbering 1..n with no gap.",NA,2026-09-15,data/evidence/SC/2026-09-21_sc_rhtp_year1_award_list_THE_ROSTER.pdf
SC,62,Self Regional Healthcare (Lakelands Region),8250712,NONPROFIT_CBO,No,Connections to Care / Modernize Health IT Infrastructure,Yes,Yes,FY2026 (Year 1),SC RHTP Year 1 Award List,https://www.scdhhs.gov/sites/dhhs/files/SC%20RHTP%20Year%201%20Award%20List%20to%20CMS.pdf,NOTICE_OF_AWARD,PDF_TEXT,R/03ao_sc_year1_awardees.R,NA,NA,NA,NA,Connections to Care,Modernize Health IT Infrastructure,41,Self Regional Healthcare (Lakelands Region),"§8's STANDING FALLBACK. The award list publishes a recipient and an amount and NOTHING about the recipient's organisational form -- no type column, no county, no project description -- so Kansas's, Maryland's, Nebraska's, Oklahoma's, Nevada's, Michigan's, Missouri's, Iowa's, North Carolina's, Arkansas's, Wyoming's and Mississippi's shape a THIRTEENTH time. NOTHING WAS PROMOTED (§0.4), and the refusal runs BOTH ways: Self Regional Healthcare, McLeod Health, AnMed, Prisma Health and Tidelands Health read as hospital systems to anyone who knows South Carolina and are NOT promoted, while the nineteen SCDBHDD rows are the state's own behavioral health department and are NOT demoted to STATE_AGENCY. Both would be this pipeline asserting a form the document has not.",LOW,RECIPIENT_TYPE_INFERRED,Budget Period 1,NON_HOSPITAL,No,NOT_HOSPITAL,NA,"§10.2 -- the named recipient is not a hospital on the only evidence the document offers, which is its name. Where recipient_type is §8's standing fallback this is the CONSERVATIVE answer and the row is queued as SC_RECIPIENT_FORM_NOT_STATED: resolving it could only RAISE South Carolina's hospital figure, never lower it.","EXACT and per-recipient, published by SCDHHS for every one of the 228 rows. The document carries NO total of any kind, so the $167,299,900.69 this file reports is the SUM OF THE ROWS, corroborated from outside by CMS's own '228 grants' and '$167 Million' (2026-09-17) and by each project numbering 1..n with no gap.",NA,2026-09-15,data/evidence/SC/2026-09-21_sc_rhtp_year1_award_list_THE_ROSTER.pdf
SC,63,Allendale County Hospital (ACH),75500,HOSPITAL_OR_SYSTEM,Yes,Leveling Up / Chronic Disease Program Expansion,Yes,Yes,FY2026 (Year 1),SC RHTP Year 1 Award List,https://www.scdhhs.gov/sites/dhhs/files/SC%20RHTP%20Year%201%20Award%20List%20to%20CMS.pdf,NOTICE_OF_AWARD,PDF_TEXT,R/03ao_sc_year1_awardees.R,NA,NA,NA,NA,Leveling Up,Chronic Disease Program Expansion,1,Allendale County Hospital (ACH),DERIVED FROM THE RECIPIENT'S OWN NAME by rhtp_classify_recipient_type().,HIGH,NA,Budget Period 1,DIRECT,Yes,NAMED_HOSPITAL,NA,"§10.2 DIRECT -- the named recipient is itself a hospital or health system, so recipient identity IS the flow test and no description decides it (§0.3a). The award is MADE: SCDHHS issued Notices of Award Determination on its own published date of 2026-07-31 (MB# 26-026) and posted this list, headed 'Year 1 Awards', on 2026-09-15.","EXACT and per-recipient, published by SCDHHS for every one of the 228 rows. The document carries NO total of any kind, so the $167,299,900.69 this file reports is the SUM OF THE ROWS, corroborated from outside by CMS's own '228 grants' and '$167 Million' (2026-09-17) and by each project numbering 1..n with no gap.",NA,2026-09-15,data/evidence/SC/2026-09-21_sc_rhtp_year1_award_list_THE_ROSTER.pdf
SC,64,Foothills Area YMCA,154065,NONPROFIT_CBO,No,Leveling Up / Chronic Disease Program Expansion,Yes,Yes,FY2026 (Year 1),SC RHTP Year 1 Award List,https://www.scdhhs.gov/sites/dhhs/files/SC%20RHTP%20Year%201%20Award%20List%20to%20CMS.pdf,NOTICE_OF_AWARD,PDF_TEXT,R/03ao_sc_year1_awardees.R,NA,NA,NA,NA,Leveling Up,Chronic Disease Program Expansion,2,Foothills Area YMCA,"§8's STANDING FALLBACK. The award list publishes a recipient and an amount and NOTHING about the recipient's organisational form -- no type column, no county, no project description -- so Kansas's, Maryland's, Nebraska's, Oklahoma's, Nevada's, Michigan's, Missouri's, Iowa's, North Carolina's, Arkansas's, Wyoming's and Mississippi's shape a THIRTEENTH time. NOTHING WAS PROMOTED (§0.4), and the refusal runs BOTH ways: Self Regional Healthcare, McLeod Health, AnMed, Prisma Health and Tidelands Health read as hospital systems to anyone who knows South Carolina and are NOT promoted, while the nineteen SCDBHDD rows are the state's own behavioral health department and are NOT demoted to STATE_AGENCY. Both would be this pipeline asserting a form the document has not.",LOW,RECIPIENT_TYPE_INFERRED,Budget Period 1,NON_HOSPITAL,No,NOT_HOSPITAL,NA,"§10.2 -- the named recipient is not a hospital on the only evidence the document offers, which is its name. Where recipient_type is §8's standing fallback this is the CONSERVATIVE answer and the row is queued as SC_RECIPIENT_FORM_NOT_STATED: resolving it could only RAISE South Carolina's hospital figure, never lower it.","EXACT and per-recipient, published by SCDHHS for every one of the 228 rows. The document carries NO total of any kind, so the $167,299,900.69 this file reports is the SUM OF THE ROWS, corroborated from outside by CMS's own '228 grants' and '$167 Million' (2026-09-17) and by each project numbering 1..n with no gap.",NA,2026-09-15,data/evidence/SC/2026-09-21_sc_rhtp_year1_award_list_THE_ROSTER.pdf
SC,65,Infinity Family Healthcare,224200,NONPROFIT_CBO,No,Leveling Up / Chronic Disease Program Expansion,Yes,Yes,FY2026 (Year 1),SC RHTP Year 1 Award List,https://www.scdhhs.gov/sites/dhhs/files/SC%20RHTP%20Year%201%20Award%20List%20to%20CMS.pdf,NOTICE_OF_AWARD,PDF_TEXT,R/03ao_sc_year1_awardees.R,NA,NA,NA,NA,Leveling Up,Chronic Disease Program Expansion,3,Infinity Family Healthcare,"§8's STANDING FALLBACK. The award list publishes a recipient and an amount and NOTHING about the recipient's organisational form -- no type column, no county, no project description -- so Kansas's, Maryland's, Nebraska's, Oklahoma's, Nevada's, Michigan's, Missouri's, Iowa's, North Carolina's, Arkansas's, Wyoming's and Mississippi's shape a THIRTEENTH time. NOTHING WAS PROMOTED (§0.4), and the refusal runs BOTH ways: Self Regional Healthcare, McLeod Health, AnMed, Prisma Health and Tidelands Health read as hospital systems to anyone who knows South Carolina and are NOT promoted, while the nineteen SCDBHDD rows are the state's own behavioral health department and are NOT demoted to STATE_AGENCY. Both would be this pipeline asserting a form the document has not.",LOW,RECIPIENT_TYPE_INFERRED,Budget Period 1,NON_HOSPITAL,No,NOT_HOSPITAL,NA,"§10.2 -- the named recipient is not a hospital on the only evidence the document offers, which is its name. Where recipient_type is §8's standing fallback this is the CONSERVATIVE answer and the row is queued as SC_RECIPIENT_FORM_NOT_STATED: resolving it could only RAISE South Carolina's hospital figure, never lower it.","EXACT and per-recipient, published by SCDHHS for every one of the 228 rows. The document carries NO total of any kind, so the $167,299,900.69 this file reports is the SUM OF THE ROWS, corroborated from outside by CMS's own '228 grants' and '$167 Million' (2026-09-17) and by each project numbering 1..n with no gap.",NA,2026-09-15,data/evidence/SC/2026-09-21_sc_rhtp_year1_award_list_THE_ROSTER.pdf
SC,66,Prisma Health- Upstate (Anderson),428812,NONPROFIT_CBO,No,Leveling Up / Chronic Disease Program Expansion,Yes,Yes,FY2026 (Year 1),SC RHTP Year 1 Award List,https://www.scdhhs.gov/sites/dhhs/files/SC%20RHTP%20Year%201%20Award%20List%20to%20CMS.pdf,NOTICE_OF_AWARD,PDF_TEXT,R/03ao_sc_year1_awardees.R,NA,NA,NA,NA,Leveling Up,Chronic Disease Program Expansion,4,Prisma Health- Upstate (Anderson),"§8's STANDING FALLBACK. The award list publishes a recipient and an amount and NOTHING about the recipient's organisational form -- no type column, no county, no project description -- so Kansas's, Maryland's, Nebraska's, Oklahoma's, Nevada's, Michigan's, Missouri's, Iowa's, North Carolina's, Arkansas's, Wyoming's and Mississippi's shape a THIRTEENTH time. NOTHING WAS PROMOTED (§0.4), and the refusal runs BOTH ways: Self Regional Healthcare, McLeod Health, AnMed, Prisma Health and Tidelands Health read as hospital systems to anyone who knows South Carolina and are NOT promoted, while the nineteen SCDBHDD rows are the state's own behavioral health department and are NOT demoted to STATE_AGENCY. Both would be this pipeline asserting a form the document has not.",LOW,RECIPIENT_TYPE_INFERRED,Budget Period 1,NON_HOSPITAL,No,NOT_HOSPITAL,NA,"§10.2 -- the named recipient is not a hospital on the only evidence the document offers, which is its name. Where recipient_type is §8's standing fallback this is the CONSERVATIVE answer and the row is queued as SC_RECIPIENT_FORM_NOT_STATED: resolving it could only RAISE South Carolina's hospital figure, never lower it.","EXACT and per-recipient, published by SCDHHS for every one of the 228 rows. The document carries NO total of any kind, so the $167,299,900.69 this file reports is the SUM OF THE ROWS, corroborated from outside by CMS's own '228 grants' and '$167 Million' (2026-09-17) and by each project numbering 1..n with no gap.",NA,2026-09-15,data/evidence/SC/2026-09-21_sc_rhtp_year1_award_list_THE_ROSTER.pdf
SC,67,Medical University Hospital Authority,643534,HOSPITAL_OR_SYSTEM,Yes,Leveling Up / Chronic Disease Program Expansion,Yes,Yes,FY2026 (Year 1),SC RHTP Year 1 Award List,https://www.scdhhs.gov/sites/dhhs/files/SC%20RHTP%20Year%201%20Award%20List%20to%20CMS.pdf,NOTICE_OF_AWARD,PDF_TEXT,R/03ao_sc_year1_awardees.R,NA,NA,NA,NA,Leveling Up,Chronic Disease Program Expansion,5,Medical University Hospital Authority,DERIVED FROM THE RECIPIENT'S OWN NAME by rhtp_classify_recipient_type().,HIGH,NA,Budget Period 1,DIRECT,Yes,NAMED_HOSPITAL,NA,"§10.2 DIRECT -- the named recipient is itself a hospital or health system, so recipient identity IS the flow test and no description decides it (§0.3a). The award is MADE: SCDHHS issued Notices of Award Determination on its own published date of 2026-07-31 (MB# 26-026) and posted this list, headed 'Year 1 Awards', on 2026-09-15.","EXACT and per-recipient, published by SCDHHS for every one of the 228 rows. The document carries NO total of any kind, so the $167,299,900.69 this file reports is the SUM OF THE ROWS, corroborated from outside by CMS's own '228 grants' and '$167 Million' (2026-09-17) and by each project numbering 1..n with no gap.",NA,2026-09-15,data/evidence/SC/2026-09-21_sc_rhtp_year1_award_list_THE_ROSTER.pdf
SC,68,"Prisma Health-Midlands (Orangeburg, Aiken, Oconee)",869239,NONPROFIT_CBO,No,Leveling Up / Chronic Disease Program Expansion,Yes,Yes,FY2026 (Year 1),SC RHTP Year 1 Award List,https://www.scdhhs.gov/sites/dhhs/files/SC%20RHTP%20Year%201%20Award%20List%20to%20CMS.pdf,NOTICE_OF_AWARD,PDF_TEXT,R/03ao_sc_year1_awardees.R,NA,NA,NA,NA,Leveling Up,Chronic Disease Program Expansion,6,"Prisma Health-Midlands (Orangeburg, Aiken, Oconee)","§8's STANDING FALLBACK. The award list publishes a recipient and an amount and NOTHING about the recipient's organisational form -- no type column, no county, no project description -- so Kansas's, Maryland's, Nebraska's, Oklahoma's, Nevada's, Michigan's, Missouri's, Iowa's, North Carolina's, Arkansas's, Wyoming's and Mississippi's shape a THIRTEENTH time. NOTHING WAS PROMOTED (§0.4), and the refusal runs BOTH ways: Self Regional Healthcare, McLeod Health, AnMed, Prisma Health and Tidelands Health read as hospital systems to anyone who knows South Carolina and are NOT promoted, while the nineteen SCDBHDD rows are the state's own behavioral health department and are NOT demoted to STATE_AGENCY. Both would be this pipeline asserting a form the document has not.",LOW,RECIPIENT_TYPE_INFERRED,Budget Period 1,NON_HOSPITAL,No,NOT_HOSPITAL,NA,"§10.2 -- the named recipient is not a hospital on the only evidence the document offers, which is its name. Where recipient_type is §8's standing fallback this is the CONSERVATIVE answer and the row is queued as SC_RECIPIENT_FORM_NOT_STATED: resolving it could only RAISE South Carolina's hospital figure, never lower it.","EXACT and per-recipient, published by SCDHHS for every one of the 228 rows. The document carries NO total of any kind, so the $167,299,900.69 this file reports is the SUM OF THE ROWS, corroborated from outside by CMS's own '228 grants' and '$167 Million' (2026-09-17) and by each project numbering 1..n with no gap.",NA,2026-09-15,data/evidence/SC/2026-09-21_sc_rhtp_year1_award_list_THE_ROSTER.pdf
SC,69,Clemson University,1620974,UNIVERSITY_OR_AHC,No,Leveling Up / Chronic Disease Program Expansion,Yes,Yes,FY2026 (Year 1),SC RHTP Year 1 Award List,https://www.scdhhs.gov/sites/dhhs/files/SC%20RHTP%20Year%201%20Award%20List%20to%20CMS.pdf,NOTICE_OF_AWARD,PDF_TEXT,R/03ao_sc_year1_awardees.R,NA,NA,NA,NA,Leveling Up,Chronic Disease Program Expansion,7,Clemson University,DERIVED FROM THE RECIPIENT'S OWN NAME by rhtp_classify_recipient_type().,HIGH,NA,Budget Period 1,NON_HOSPITAL,No,NOT_HOSPITAL,NA,"§10.2 -- the named recipient is not a hospital on the only evidence the document offers, which is its name. Where recipient_type is §8's standing fallback this is the CONSERVATIVE answer and the row is queued as SC_RECIPIENT_FORM_NOT_STATED: resolving it could only RAISE South Carolina's hospital figure, never lower it.","EXACT and per-recipient, published by SCDHHS for every one of the 228 rows. The document carries NO total of any kind, so the $167,299,900.69 this file reports is the SUM OF THE ROWS, corroborated from outside by CMS's own '228 grants' and '$167 Million' (2026-09-17) and by each project numbering 1..n with no gap.",NA,2026-09-15,data/evidence/SC/2026-09-21_sc_rhtp_year1_award_list_THE_ROSTER.pdf
SC,70,Newberry County Memorial Hospital,2812844.29,HOSPITAL_OR_SYSTEM,Yes,Leveling Up / Chronic Disease Program Expansion,Yes,Yes,FY2026 (Year 1),SC RHTP Year 1 Award List,https://www.scdhhs.gov/sites/dhhs/files/SC%20RHTP%20Year%201%20Award%20List%20to%20CMS.pdf,NOTICE_OF_AWARD,PDF_TEXT,R/03ao_sc_year1_awardees.R,NA,NA,NA,NA,Leveling Up,Chronic Disease Program Expansion,8,Newberry County Memorial Hospital,DERIVED FROM THE RECIPIENT'S OWN NAME by rhtp_classify_recipient_type().,HIGH,NA,Budget Period 1,DIRECT,Yes,NAMED_HOSPITAL,NA,"§10.2 DIRECT -- the named recipient is itself a hospital or health system, so recipient identity IS the flow test and no description decides it (§0.3a). The award is MADE: SCDHHS issued Notices of Award Determination on its own published date of 2026-07-31 (MB# 26-026) and posted this list, headed 'Year 1 Awards', on 2026-09-15.","EXACT and per-recipient, published by SCDHHS for every one of the 228 rows. The document carries NO total of any kind, so the $167,299,900.69 this file reports is the SUM OF THE ROWS, corroborated from outside by CMS's own '228 grants' and '$167 Million' (2026-09-17) and by each project numbering 1..n with no gap.",NA,2026-09-15,data/evidence/SC/2026-09-21_sc_rhtp_year1_award_list_THE_ROSTER.pdf
SC,71,Prisma Health-Upstate,101950,NONPROFIT_CBO,No,Wellness Within Reach / Expanding Community Care Sites,Yes,Yes,FY2026 (Year 1),SC RHTP Year 1 Award List,https://www.scdhhs.gov/sites/dhhs/files/SC%20RHTP%20Year%201%20Award%20List%20to%20CMS.pdf,NOTICE_OF_AWARD,PDF_TEXT,R/03ao_sc_year1_awardees.R,NA,NA,NA,NA,Wellness Within Reach,Expanding Community Care Sites,1,Prisma Health-Upstate,"§8's STANDING FALLBACK. The award list publishes a recipient and an amount and NOTHING about the recipient's organisational form -- no type column, no county, no project description -- so Kansas's, Maryland's, Nebraska's, Oklahoma's, Nevada's, Michigan's, Missouri's, Iowa's, North Carolina's, Arkansas's, Wyoming's and Mississippi's shape a THIRTEENTH time. NOTHING WAS PROMOTED (§0.4), and the refusal runs BOTH ways: Self Regional Healthcare, McLeod Health, AnMed, Prisma Health and Tidelands Health read as hospital systems to anyone who knows South Carolina and are NOT promoted, while the nineteen SCDBHDD rows are the state's own behavioral health department and are NOT demoted to STATE_AGENCY. Both would be this pipeline asserting a form the document has not.",LOW,RECIPIENT_TYPE_INFERRED,Budget Period 1,NON_HOSPITAL,No,NOT_HOSPITAL,NA,"§10.2 -- the named recipient is not a hospital on the only evidence the document offers, which is its name. Where recipient_type is §8's standing fallback this is the CONSERVATIVE answer and the row is queued as SC_RECIPIENT_FORM_NOT_STATED: resolving it could only RAISE South Carolina's hospital figure, never lower it.","EXACT and per-recipient, published by SCDHHS for every one of the 228 rows. The document carries NO total of any kind, so the $167,299,900.69 this file reports is the SUM OF THE ROWS, corroborated from outside by CMS's own '228 grants' and '$167 Million' (2026-09-17) and by each project numbering 1..n with no gap.",NA,2026-09-15,data/evidence/SC/2026-09-21_sc_rhtp_year1_award_list_THE_ROSTER.pdf
SC,72,SCDBHDD Office of Mental Health (Beckman Center),104000,NONPROFIT_CBO,No,Wellness Within Reach / Expanding Community Care Sites,Yes,Yes,FY2026 (Year 1),SC RHTP Year 1 Award List,https://www.scdhhs.gov/sites/dhhs/files/SC%20RHTP%20Year%201%20Award%20List%20to%20CMS.pdf,NOTICE_OF_AWARD,PDF_TEXT,R/03ao_sc_year1_awardees.R,NA,NA,NA,NA,Wellness Within Reach,Expanding Community Care Sites,2,SCDBHDD Office of Mental Health (Beckman Center),"§8's STANDING FALLBACK. The award list publishes a recipient and an amount and NOTHING about the recipient's organisational form -- no type column, no county, no project description -- so Kansas's, Maryland's, Nebraska's, Oklahoma's, Nevada's, Michigan's, Missouri's, Iowa's, North Carolina's, Arkansas's, Wyoming's and Mississippi's shape a THIRTEENTH time. NOTHING WAS PROMOTED (§0.4), and the refusal runs BOTH ways: Self Regional Healthcare, McLeod Health, AnMed, Prisma Health and Tidelands Health read as hospital systems to anyone who knows South Carolina and are NOT promoted, while the nineteen SCDBHDD rows are the state's own behavioral health department and are NOT demoted to STATE_AGENCY. Both would be this pipeline asserting a form the document has not.",LOW,RECIPIENT_TYPE_INFERRED,Budget Period 1,NON_HOSPITAL,No,NOT_HOSPITAL,NA,"§10.2 -- the named recipient is not a hospital on the only evidence the document offers, which is its name. Where recipient_type is §8's standing fallback this is the CONSERVATIVE answer and the row is queued as SC_RECIPIENT_FORM_NOT_STATED: resolving it could only RAISE South Carolina's hospital figure, never lower it.","EXACT and per-recipient, published by SCDHHS for every one of the 228 rows. The document carries NO total of any kind, so the $167,299,900.69 this file reports is the SUM OF THE ROWS, corroborated from outside by CMS's own '228 grants' and '$167 Million' (2026-09-17) and by each project numbering 1..n with no gap.",NA,2026-09-15,data/evidence/SC/2026-09-21_sc_rhtp_year1_award_list_THE_ROSTER.pdf
SC,73,Good Samaritan Clinic,120000,NONPROFIT_CBO,No,Wellness Within Reach / Expanding Community Care Sites,Yes,Yes,FY2026 (Year 1),SC RHTP Year 1 Award List,https://www.scdhhs.gov/sites/dhhs/files/SC%20RHTP%20Year%201%20Award%20List%20to%20CMS.pdf,NOTICE_OF_AWARD,PDF_TEXT,R/03ao_sc_year1_awardees.R,NA,NA,NA,NA,Wellness Within Reach,Expanding Community Care Sites,3,Good Samaritan Clinic,"§8's STANDING FALLBACK. The award list publishes a recipient and an amount and NOTHING about the recipient's organisational form -- no type column, no county, no project description -- so Kansas's, Maryland's, Nebraska's, Oklahoma's, Nevada's, Michigan's, Missouri's, Iowa's, North Carolina's, Arkansas's, Wyoming's and Mississippi's shape a THIRTEENTH time. NOTHING WAS PROMOTED (§0.4), and the refusal runs BOTH ways: Self Regional Healthcare, McLeod Health, AnMed, Prisma Health and Tidelands Health read as hospital systems to anyone who knows South Carolina and are NOT promoted, while the nineteen SCDBHDD rows are the state's own behavioral health department and are NOT demoted to STATE_AGENCY. Both would be this pipeline asserting a form the document has not.",LOW,RECIPIENT_TYPE_INFERRED,Budget Period 1,NON_HOSPITAL,No,NOT_HOSPITAL,NA,"§10.2 -- the named recipient is not a hospital on the only evidence the document offers, which is its name. Where recipient_type is §8's standing fallback this is the CONSERVATIVE answer and the row is queued as SC_RECIPIENT_FORM_NOT_STATED: resolving it could only RAISE South Carolina's hospital figure, never lower it.","EXACT and per-recipient, published by SCDHHS for every one of the 228 rows. The document carries NO total of any kind, so the $167,299,900.69 this file reports is the SUM OF THE ROWS, corroborated from outside by CMS's own '228 grants' and '$167 Million' (2026-09-17) and by each project numbering 1..n with no gap.",NA,2026-09-15,data/evidence/SC/2026-09-21_sc_rhtp_year1_award_list_THE_ROSTER.pdf
SC,74,Self Regional Healthcare (Lakelands Region),124800,NONPROFIT_CBO,No,Wellness Within Reach / Expanding Community Care Sites,Yes,Yes,FY2026 (Year 1),SC RHTP Year 1 Award List,https://www.scdhhs.gov/sites/dhhs/files/SC%20RHTP%20Year%201%20Award%20List%20to%20CMS.pdf,NOTICE_OF_AWARD,PDF_TEXT,R/03ao_sc_year1_awardees.R,NA,NA,NA,NA,Wellness Within Reach,Expanding Community Care Sites,4,Self Regional Healthcare (Lakelands Region),"§8's STANDING FALLBACK. The award list publishes a recipient and an amount and NOTHING about the recipient's organisational form -- no type column, no county, no project description -- so Kansas's, Maryland's, Nebraska's, Oklahoma's, Nevada's, Michigan's, Missouri's, Iowa's, North Carolina's, Arkansas's, Wyoming's and Mississippi's shape a THIRTEENTH time. NOTHING WAS PROMOTED (§0.4), and the refusal runs BOTH ways: Self Regional Healthcare, McLeod Health, AnMed, Prisma Health and Tidelands Health read as hospital systems to anyone who knows South Carolina and are NOT promoted, while the nineteen SCDBHDD rows are the state's own behavioral health department and are NOT demoted to STATE_AGENCY. Both would be this pipeline asserting a form the document has not.",LOW,RECIPIENT_TYPE_INFERRED,Budget Period 1,NON_HOSPITAL,No,NOT_HOSPITAL,NA,"§10.2 -- the named recipient is not a hospital on the only evidence the document offers, which is its name. Where recipient_type is §8's standing fallback this is the CONSERVATIVE answer and the row is queued as SC_RECIPIENT_FORM_NOT_STATED: resolving it could only RAISE South Carolina's hospital figure, never lower it.","EXACT and per-recipient, published by SCDHHS for every one of the 228 rows. The document carries NO total of any kind, so the $167,299,900.69 this file reports is the SUM OF THE ROWS, corroborated from outside by CMS's own '228 grants' and '$167 Million' (2026-09-17) and by each project numbering 1..n with no gap.",NA,2026-09-15,data/evidence/SC/2026-09-21_sc_rhtp_year1_award_list_THE_ROSTER.pdf
SC,75,The Free Medical Clinic,127300,NONPROFIT_CBO,No,Wellness Within Reach / Expanding Community Care Sites,Yes,Yes,FY2026 (Year 1),SC RHTP Year 1 Award List,https://www.scdhhs.gov/sites/dhhs/files/SC%20RHTP%20Year%201%20Award%20List%20to%20CMS.pdf,NOTICE_OF_AWARD,PDF_TEXT,R/03ao_sc_year1_awardees.R,NA,NA,NA,NA,Wellness Within Reach,Expanding Community Care Sites,5,The Free Medical Clinic,"§8's STANDING FALLBACK. The award list publishes a recipient and an amount and NOTHING about the recipient's organisational form -- no type column, no county, no project description -- so Kansas's, Maryland's, Nebraska's, Oklahoma's, Nevada's, Michigan's, Missouri's, Iowa's, North Carolina's, Arkansas's, Wyoming's and Mississippi's shape a THIRTEENTH time. NOTHING WAS PROMOTED (§0.4), and the refusal runs BOTH ways: Self Regional Healthcare, McLeod Health, AnMed, Prisma Health and Tidelands Health read as hospital systems to anyone who knows South Carolina and are NOT promoted, while the nineteen SCDBHDD rows are the state's own behavioral health department and are NOT demoted to STATE_AGENCY. Both would be this pipeline asserting a form the document has not.",LOW,RECIPIENT_TYPE_INFERRED,Budget Period 1,NON_HOSPITAL,No,NOT_HOSPITAL,NA,"§10.2 -- the named recipient is not a hospital on the only evidence the document offers, which is its name. Where recipient_type is §8's standing fallback this is the CONSERVATIVE answer and the row is queued as SC_RECIPIENT_FORM_NOT_STATED: resolving it could only RAISE South Carolina's hospital figure, never lower it.","EXACT and per-recipient, published by SCDHHS for every one of the 228 rows. The document carries NO total of any kind, so the $167,299,900.69 this file reports is the SUM OF THE ROWS, corroborated from outside by CMS's own '228 grants' and '$167 Million' (2026-09-17) and by each project numbering 1..n with no gap.",NA,2026-09-15,data/evidence/SC/2026-09-21_sc_rhtp_year1_award_list_THE_ROSTER.pdf
SC,76,Prisma Health-Upstate,172036,NONPROFIT_CBO,No,Wellness Within Reach / Expanding Community Care Sites,Yes,Yes,FY2026 (Year 1),SC RHTP Year 1 Award List,https://www.scdhhs.gov/sites/dhhs/files/SC%20RHTP%20Year%201%20Award%20List%20to%20CMS.pdf,NOTICE_OF_AWARD,PDF_TEXT,R/03ao_sc_year1_awardees.R,NA,NA,NA,NA,Wellness Within Reach,Expanding Community Care Sites,6,Prisma Health-Upstate,"§8's STANDING FALLBACK. The award list publishes a recipient and an amount and NOTHING about the recipient's organisational form -- no type column, no county, no project description -- so Kansas's, Maryland's, Nebraska's, Oklahoma's, Nevada's, Michigan's, Missouri's, Iowa's, North Carolina's, Arkansas's, Wyoming's and Mississippi's shape a THIRTEENTH time. NOTHING WAS PROMOTED (§0.4), and the refusal runs BOTH ways: Self Regional Healthcare, McLeod Health, AnMed, Prisma Health and Tidelands Health read as hospital systems to anyone who knows South Carolina and are NOT promoted, while the nineteen SCDBHDD rows are the state's own behavioral health department and are NOT demoted to STATE_AGENCY. Both would be this pipeline asserting a form the document has not.",LOW,RECIPIENT_TYPE_INFERRED,Budget Period 1,NON_HOSPITAL,No,NOT_HOSPITAL,NA,"§10.2 -- the named recipient is not a hospital on the only evidence the document offers, which is its name. Where recipient_type is §8's standing fallback this is the CONSERVATIVE answer and the row is queued as SC_RECIPIENT_FORM_NOT_STATED: resolving it could only RAISE South Carolina's hospital figure, never lower it.","EXACT and per-recipient, published by SCDHHS for every one of the 228 rows. The document carries NO total of any kind, so the $167,299,900.69 this file reports is the SUM OF THE ROWS, corroborated from outside by CMS's own '228 grants' and '$167 Million' (2026-09-17) and by each project numbering 1..n with no gap.",NA,2026-09-15,data/evidence/SC/2026-09-21_sc_rhtp_year1_award_list_THE_ROSTER.pdf
SC,77,Self Regional Healthcare (Lakelands Region),200000,NONPROFIT_CBO,No,Wellness Within Reach / Expanding Community Care Sites,Yes,Yes,FY2026 (Year 1),SC RHTP Year 1 Award List,https://www.scdhhs.gov/sites/dhhs/files/SC%20RHTP%20Year%201%20Award%20List%20to%20CMS.pdf,NOTICE_OF_AWARD,PDF_TEXT,R/03ao_sc_year1_awardees.R,NA,NA,NA,NA,Wellness Within Reach,Expanding Community Care Sites,7,Self Regional Healthcare (Lakelands Region),"§8's STANDING FALLBACK. The award list publishes a recipient and an amount and NOTHING about the recipient's organisational form -- no type column, no county, no project description -- so Kansas's, Maryland's, Nebraska's, Oklahoma's, Nevada's, Michigan's, Missouri's, Iowa's, North Carolina's, Arkansas's, Wyoming's and Mississippi's shape a THIRTEENTH time. NOTHING WAS PROMOTED (§0.4), and the refusal runs BOTH ways: Self Regional Healthcare, McLeod Health, AnMed, Prisma Health and Tidelands Health read as hospital systems to anyone who knows South Carolina and are NOT promoted, while the nineteen SCDBHDD rows are the state's own behavioral health department and are NOT demoted to STATE_AGENCY. Both would be this pipeline asserting a form the document has not.",LOW,RECIPIENT_TYPE_INFERRED,Budget Period 1,NON_HOSPITAL,No,NOT_HOSPITAL,NA,"§10.2 -- the named recipient is not a hospital on the only evidence the document offers, which is its name. Where recipient_type is §8's standing fallback this is the CONSERVATIVE answer and the row is queued as SC_RECIPIENT_FORM_NOT_STATED: resolving it could only RAISE South Carolina's hospital figure, never lower it.","EXACT and per-recipient, published by SCDHHS for every one of the 228 rows. The document carries NO total of any kind, so the $167,299,900.69 this file reports is the SUM OF THE ROWS, corroborated from outside by CMS's own '228 grants' and '$167 Million' (2026-09-17) and by each project numbering 1..n with no gap.",NA,2026-09-15,data/evidence/SC/2026-09-21_sc_rhtp_year1_award_list_THE_ROSTER.pdf
SC,78,Alpha Behavioral Health Center,226376,NONPROFIT_CBO,No,Wellness Within Reach / Expanding Community Care Sites,Yes,Yes,FY2026 (Year 1),SC RHTP Year 1 Award List,https://www.scdhhs.gov/sites/dhhs/files/SC%20RHTP%20Year%201%20Award%20List%20to%20CMS.pdf,NOTICE_OF_AWARD,PDF_TEXT,R/03ao_sc_year1_awardees.R,NA,NA,NA,NA,Wellness Within Reach,Expanding Community Care Sites,8,Alpha Behavioral Health Center,"§8's STANDING FALLBACK. The award list publishes a recipient and an amount and NOTHING about the recipient's organisational form -- no type column, no county, no project description -- so Kansas's, Maryland's, Nebraska's, Oklahoma's, Nevada's, Michigan's, Missouri's, Iowa's, North Carolina's, Arkansas's, Wyoming's and Mississippi's shape a THIRTEENTH time. NOTHING WAS PROMOTED (§0.4), and the refusal runs BOTH ways: Self Regional Healthcare, McLeod Health, AnMed, Prisma Health and Tidelands Health read as hospital systems to anyone who knows South Carolina and are NOT promoted, while the nineteen SCDBHDD rows are the state's own behavioral health department and are NOT demoted to STATE_AGENCY. Both would be this pipeline asserting a form the document has not.",LOW,RECIPIENT_TYPE_INFERRED,Budget Period 1,NON_HOSPITAL,No,NOT_HOSPITAL,NA,"§10.2 -- the named recipient is not a hospital on the only evidence the document offers, which is its name. Where recipient_type is §8's standing fallback this is the CONSERVATIVE answer and the row is queued as SC_RECIPIENT_FORM_NOT_STATED: resolving it could only RAISE South Carolina's hospital figure, never lower it.","EXACT and per-recipient, published by SCDHHS for every one of the 228 rows. The document carries NO total of any kind, so the $167,299,900.69 this file reports is the SUM OF THE ROWS, corroborated from outside by CMS's own '228 grants' and '$167 Million' (2026-09-17) and by each project numbering 1..n with no gap.",NA,2026-09-15,data/evidence/SC/2026-09-21_sc_rhtp_year1_award_list_THE_ROSTER.pdf
SC,79,The Palmetto Palace,240341.5,NONPROFIT_CBO,No,Wellness Within Reach / Expanding Community Care Sites,Yes,Yes,FY2026 (Year 1),SC RHTP Year 1 Award List,https://www.scdhhs.gov/sites/dhhs/files/SC%20RHTP%20Year%201%20Award%20List%20to%20CMS.pdf,NOTICE_OF_AWARD,PDF_TEXT,R/03ao_sc_year1_awardees.R,NA,NA,NA,NA,Wellness Within Reach,Expanding Community Care Sites,9,The Palmetto Palace,"§8's STANDING FALLBACK. The award list publishes a recipient and an amount and NOTHING about the recipient's organisational form -- no type column, no county, no project description -- so Kansas's, Maryland's, Nebraska's, Oklahoma's, Nevada's, Michigan's, Missouri's, Iowa's, North Carolina's, Arkansas's, Wyoming's and Mississippi's shape a THIRTEENTH time. NOTHING WAS PROMOTED (§0.4), and the refusal runs BOTH ways: Self Regional Healthcare, McLeod Health, AnMed, Prisma Health and Tidelands Health read as hospital systems to anyone who knows South Carolina and are NOT promoted, while the nineteen SCDBHDD rows are the state's own behavioral health department and are NOT demoted to STATE_AGENCY. Both would be this pipeline asserting a form the document has not.",LOW,RECIPIENT_TYPE_INFERRED,Budget Period 1,NON_HOSPITAL,No,NOT_HOSPITAL,NA,"§10.2 -- the named recipient is not a hospital on the only evidence the document offers, which is its name. Where recipient_type is §8's standing fallback this is the CONSERVATIVE answer and the row is queued as SC_RECIPIENT_FORM_NOT_STATED: resolving it could only RAISE South Carolina's hospital figure, never lower it.","EXACT and per-recipient, published by SCDHHS for every one of the 228 rows. The document carries NO total of any kind, so the $167,299,900.69 this file reports is the SUM OF THE ROWS, corroborated from outside by CMS's own '228 grants' and '$167 Million' (2026-09-17) and by each project numbering 1..n with no gap.",NA,2026-09-15,data/evidence/SC/2026-09-21_sc_rhtp_year1_award_list_THE_ROSTER.pdf
SC,80,"Due West Pharmacy and Wellness, LLC",249908,NONPROFIT_CBO,No,Wellness Within Reach / Expanding Community Care Sites,Yes,Yes,FY2026 (Year 1),SC RHTP Year 1 Award List,https://www.scdhhs.gov/sites/dhhs/files/SC%20RHTP%20Year%201%20Award%20List%20to%20CMS.pdf,NOTICE_OF_AWARD,PDF_TEXT,R/03ao_sc_year1_awardees.R,NA,NA,NA,NA,Wellness Within Reach,Expanding Community Care Sites,10,"Due West Pharmacy and Wellness, LLC","§8's STANDING FALLBACK. The award list publishes a recipient and an amount and NOTHING about the recipient's organisational form -- no type column, no county, no project description -- so Kansas's, Maryland's, Nebraska's, Oklahoma's, Nevada's, Michigan's, Missouri's, Iowa's, North Carolina's, Arkansas's, Wyoming's and Mississippi's shape a THIRTEENTH time. NOTHING WAS PROMOTED (§0.4), and the refusal runs BOTH ways: Self Regional Healthcare, McLeod Health, AnMed, Prisma Health and Tidelands Health read as hospital systems to anyone who knows South Carolina and are NOT promoted, while the nineteen SCDBHDD rows are the state's own behavioral health department and are NOT demoted to STATE_AGENCY. Both would be this pipeline asserting a form the document has not.",LOW,RECIPIENT_TYPE_INFERRED,Budget Period 1,NON_HOSPITAL,No,NOT_HOSPITAL,NA,"§10.2 -- the named recipient is not a hospital on the only evidence the document offers, which is its name. Where recipient_type is §8's standing fallback this is the CONSERVATIVE answer and the row is queued as SC_RECIPIENT_FORM_NOT_STATED: resolving it could only RAISE South Carolina's hospital figure, never lower it.","EXACT and per-recipient, published by SCDHHS for every one of the 228 rows. The document carries NO total of any kind, so the $167,299,900.69 this file reports is the SUM OF THE ROWS, corroborated from outside by CMS's own '228 grants' and '$167 Million' (2026-09-17) and by each project numbering 1..n with no gap.",NA,2026-09-15,data/evidence/SC/2026-09-21_sc_rhtp_year1_award_list_THE_ROSTER.pdf
SC,81,Medical University Hospital Authority,255438,HOSPITAL_OR_SYSTEM,Yes,Wellness Within Reach / Expanding Community Care Sites,Yes,Yes,FY2026 (Year 1),SC RHTP Year 1 Award List,https://www.scdhhs.gov/sites/dhhs/files/SC%20RHTP%20Year%201%20Award%20List%20to%20CMS.pdf,NOTICE_OF_AWARD,PDF_TEXT,R/03ao_sc_year1_awardees.R,NA,NA,NA,NA,Wellness Within Reach,Expanding Community Care Sites,11,Medical University Hospital Authority,DERIVED FROM THE RECIPIENT'S OWN NAME by rhtp_classify_recipient_type().,HIGH,NA,Budget Period 1,DIRECT,Yes,NAMED_HOSPITAL,NA,"§10.2 DIRECT -- the named recipient is itself a hospital or health system, so recipient identity IS the flow test and no description decides it (§0.3a). The award is MADE: SCDHHS issued Notices of Award Determination on its own published date of 2026-07-31 (MB# 26-026) and posted this list, headed 'Year 1 Awards', on 2026-09-15.","EXACT and per-recipient, published by SCDHHS for every one of the 228 rows. The document carries NO total of any kind, so the $167,299,900.69 this file reports is the SUM OF THE ROWS, corroborated from outside by CMS's own '228 grants' and '$167 Million' (2026-09-17) and by each project numbering 1..n with no gap.",NA,2026-09-15,data/evidence/SC/2026-09-21_sc_rhtp_year1_award_list_THE_ROSTER.pdf
SC,82,Beaufort Memorial Hospital,297183,HOSPITAL_OR_SYSTEM,Yes,Wellness Within Reach / Expanding Community Care Sites,Yes,Yes,FY2026 (Year 1),SC RHTP Year 1 Award List,https://www.scdhhs.gov/sites/dhhs/files/SC%20RHTP%20Year%201%20Award%20List%20to%20CMS.pdf,NOTICE_OF_AWARD,PDF_TEXT,R/03ao_sc_year1_awardees.R,NA,NA,NA,NA,Wellness Within Reach,Expanding Community Care Sites,12,Beaufort Memorial Hospital,DERIVED FROM THE RECIPIENT'S OWN NAME by rhtp_classify_recipient_type().,HIGH,NA,Budget Period 1,DIRECT,Yes,NAMED_HOSPITAL,NA,"§10.2 DIRECT -- the named recipient is itself a hospital or health system, so recipient identity IS the flow test and no description decides it (§0.3a). The award is MADE: SCDHHS issued Notices of Award Determination on its own published date of 2026-07-31 (MB# 26-026) and posted this list, headed 'Year 1 Awards', on 2026-09-15.","EXACT and per-recipient, published by SCDHHS for every one of the 228 rows. The document carries NO total of any kind, so the $167,299,900.69 this file reports is the SUM OF THE ROWS, corroborated from outside by CMS's own '228 grants' and '$167 Million' (2026-09-17) and by each project numbering 1..n with no gap.",NA,2026-09-15,data/evidence/SC/2026-09-21_sc_rhtp_year1_award_list_THE_ROSTER.pdf
SC,83,Prisma Health (Oconee),359900,NONPROFIT_CBO,No,Wellness Within Reach / Expanding Community Care Sites,Yes,Yes,FY2026 (Year 1),SC RHTP Year 1 Award List,https://www.scdhhs.gov/sites/dhhs/files/SC%20RHTP%20Year%201%20Award%20List%20to%20CMS.pdf,NOTICE_OF_AWARD,PDF_TEXT,R/03ao_sc_year1_awardees.R,NA,NA,NA,NA,Wellness Within Reach,Expanding Community Care Sites,13,Prisma Health (Oconee),"§8's STANDING FALLBACK. The award list publishes a recipient and an amount and NOTHING about the recipient's organisational form -- no type column, no county, no project description -- so Kansas's, Maryland's, Nebraska's, Oklahoma's, Nevada's, Michigan's, Missouri's, Iowa's, North Carolina's, Arkansas's, Wyoming's and Mississippi's shape a THIRTEENTH time. NOTHING WAS PROMOTED (§0.4), and the refusal runs BOTH ways: Self Regional Healthcare, McLeod Health, AnMed, Prisma Health and Tidelands Health read as hospital systems to anyone who knows South Carolina and are NOT promoted, while the nineteen SCDBHDD rows are the state's own behavioral health department and are NOT demoted to STATE_AGENCY. Both would be this pipeline asserting a form the document has not.",LOW,RECIPIENT_TYPE_INFERRED,Budget Period 1,NON_HOSPITAL,No,NOT_HOSPITAL,NA,"§10.2 -- the named recipient is not a hospital on the only evidence the document offers, which is its name. Where recipient_type is §8's standing fallback this is the CONSERVATIVE answer and the row is queued as SC_RECIPIENT_FORM_NOT_STATED: resolving it could only RAISE South Carolina's hospital figure, never lower it.","EXACT and per-recipient, published by SCDHHS for every one of the 228 rows. The document carries NO total of any kind, so the $167,299,900.69 this file reports is the SUM OF THE ROWS, corroborated from outside by CMS's own '228 grants' and '$167 Million' (2026-09-17) and by each project numbering 1..n with no gap.",NA,2026-09-15,data/evidence/SC/2026-09-21_sc_rhtp_year1_award_list_THE_ROSTER.pdf
SC,84,AnMed,370904,NONPROFIT_CBO,No,Wellness Within Reach / Expanding Community Care Sites,Yes,Yes,FY2026 (Year 1),SC RHTP Year 1 Award List,https://www.scdhhs.gov/sites/dhhs/files/SC%20RHTP%20Year%201%20Award%20List%20to%20CMS.pdf,NOTICE_OF_AWARD,PDF_TEXT,R/03ao_sc_year1_awardees.R,NA,NA,NA,NA,Wellness Within Reach,Expanding Community Care Sites,14,AnMed,"§8's STANDING FALLBACK. The award list publishes a recipient and an amount and NOTHING about the recipient's organisational form -- no type column, no county, no project description -- so Kansas's, Maryland's, Nebraska's, Oklahoma's, Nevada's, Michigan's, Missouri's, Iowa's, North Carolina's, Arkansas's, Wyoming's and Mississippi's shape a THIRTEENTH time. NOTHING WAS PROMOTED (§0.4), and the refusal runs BOTH ways: Self Regional Healthcare, McLeod Health, AnMed, Prisma Health and Tidelands Health read as hospital systems to anyone who knows South Carolina and are NOT promoted, while the nineteen SCDBHDD rows are the state's own behavioral health department and are NOT demoted to STATE_AGENCY. Both would be this pipeline asserting a form the document has not.",LOW,RECIPIENT_TYPE_INFERRED,Budget Period 1,NON_HOSPITAL,No,NOT_HOSPITAL,NA,"§10.2 -- the named recipient is not a hospital on the only evidence the document offers, which is its name. Where recipient_type is §8's standing fallback this is the CONSERVATIVE answer and the row is queued as SC_RECIPIENT_FORM_NOT_STATED: resolving it could only RAISE South Carolina's hospital figure, never lower it.","EXACT and per-recipient, published by SCDHHS for every one of the 228 rows. The document carries NO total of any kind, so the $167,299,900.69 this file reports is the SUM OF THE ROWS, corroborated from outside by CMS's own '228 grants' and '$167 Million' (2026-09-17) and by each project numbering 1..n with no gap.",NA,2026-09-15,data/evidence/SC/2026-09-21_sc_rhtp_year1_award_list_THE_ROSTER.pdf
SC,85,Barnwell County,436800,NONPROFIT_CBO,No,Wellness Within Reach / Expanding Community Care Sites,Yes,Yes,FY2026 (Year 1),SC RHTP Year 1 Award List,https://www.scdhhs.gov/sites/dhhs/files/SC%20RHTP%20Year%201%20Award%20List%20to%20CMS.pdf,NOTICE_OF_AWARD,PDF_TEXT,R/03ao_sc_year1_awardees.R,NA,NA,NA,NA,Wellness Within Reach,Expanding Community Care Sites,15,Barnwell County,"§8's STANDING FALLBACK. The award list publishes a recipient and an amount and NOTHING about the recipient's organisational form -- no type column, no county, no project description -- so Kansas's, Maryland's, Nebraska's, Oklahoma's, Nevada's, Michigan's, Missouri's, Iowa's, North Carolina's, Arkansas's, Wyoming's and Mississippi's shape a THIRTEENTH time. NOTHING WAS PROMOTED (§0.4), and the refusal runs BOTH ways: Self Regional Healthcare, McLeod Health, AnMed, Prisma Health and Tidelands Health read as hospital systems to anyone who knows South Carolina and are NOT promoted, while the nineteen SCDBHDD rows are the state's own behavioral health department and are NOT demoted to STATE_AGENCY. Both would be this pipeline asserting a form the document has not.",LOW,RECIPIENT_TYPE_INFERRED,Budget Period 1,NON_HOSPITAL,No,NOT_HOSPITAL,NA,"§10.2 -- the named recipient is not a hospital on the only evidence the document offers, which is its name. Where recipient_type is §8's standing fallback this is the CONSERVATIVE answer and the row is queued as SC_RECIPIENT_FORM_NOT_STATED: resolving it could only RAISE South Carolina's hospital figure, never lower it.","EXACT and per-recipient, published by SCDHHS for every one of the 228 rows. The document carries NO total of any kind, so the $167,299,900.69 this file reports is the SUM OF THE ROWS, corroborated from outside by CMS's own '228 grants' and '$167 Million' (2026-09-17) and by each project numbering 1..n with no gap.",NA,2026-09-15,data/evidence/SC/2026-09-21_sc_rhtp_year1_award_list_THE_ROSTER.pdf
SC,86,Fetter Health Care Network,439845,NONPROFIT_CBO,No,Wellness Within Reach / Expanding Community Care Sites,Yes,Yes,FY2026 (Year 1),SC RHTP Year 1 Award List,https://www.scdhhs.gov/sites/dhhs/files/SC%20RHTP%20Year%201%20Award%20List%20to%20CMS.pdf,NOTICE_OF_AWARD,PDF_TEXT,R/03ao_sc_year1_awardees.R,NA,NA,NA,NA,Wellness Within Reach,Expanding Community Care Sites,16,Fetter Health Care Network,"§8's STANDING FALLBACK. The award list publishes a recipient and an amount and NOTHING about the recipient's organisational form -- no type column, no county, no project description -- so Kansas's, Maryland's, Nebraska's, Oklahoma's, Nevada's, Michigan's, Missouri's, Iowa's, North Carolina's, Arkansas's, Wyoming's and Mississippi's shape a THIRTEENTH time. NOTHING WAS PROMOTED (§0.4), and the refusal runs BOTH ways: Self Regional Healthcare, McLeod Health, AnMed, Prisma Health and Tidelands Health read as hospital systems to anyone who knows South Carolina and are NOT promoted, while the nineteen SCDBHDD rows are the state's own behavioral health department and are NOT demoted to STATE_AGENCY. Both would be this pipeline asserting a form the document has not.",LOW,RECIPIENT_TYPE_INFERRED,Budget Period 1,NON_HOSPITAL,No,NOT_HOSPITAL,NA,"§10.2 -- the named recipient is not a hospital on the only evidence the document offers, which is its name. Where recipient_type is §8's standing fallback this is the CONSERVATIVE answer and the row is queued as SC_RECIPIENT_FORM_NOT_STATED: resolving it could only RAISE South Carolina's hospital figure, never lower it.","EXACT and per-recipient, published by SCDHHS for every one of the 228 rows. The document carries NO total of any kind, so the $167,299,900.69 this file reports is the SUM OF THE ROWS, corroborated from outside by CMS's own '228 grants' and '$167 Million' (2026-09-17) and by each project numbering 1..n with no gap.",NA,2026-09-15,data/evidence/SC/2026-09-21_sc_rhtp_year1_award_list_THE_ROSTER.pdf
SC,87,ReGenesis Health Care,440000,NONPROFIT_CBO,No,Wellness Within Reach / Expanding Community Care Sites,Yes,Yes,FY2026 (Year 1),SC RHTP Year 1 Award List,https://www.scdhhs.gov/sites/dhhs/files/SC%20RHTP%20Year%201%20Award%20List%20to%20CMS.pdf,NOTICE_OF_AWARD,PDF_TEXT,R/03ao_sc_year1_awardees.R,NA,NA,NA,NA,Wellness Within Reach,Expanding Community Care Sites,17,ReGenesis Health Care,"§8's STANDING FALLBACK. The award list publishes a recipient and an amount and NOTHING about the recipient's organisational form -- no type column, no county, no project description -- so Kansas's, Maryland's, Nebraska's, Oklahoma's, Nevada's, Michigan's, Missouri's, Iowa's, North Carolina's, Arkansas's, Wyoming's and Mississippi's shape a THIRTEENTH time. NOTHING WAS PROMOTED (§0.4), and the refusal runs BOTH ways: Self Regional Healthcare, McLeod Health, AnMed, Prisma Health and Tidelands Health read as hospital systems to anyone who knows South Carolina and are NOT promoted, while the nineteen SCDBHDD rows are the state's own behavioral health department and are NOT demoted to STATE_AGENCY. Both would be this pipeline asserting a form the document has not.",LOW,RECIPIENT_TYPE_INFERRED,Budget Period 1,NON_HOSPITAL,No,NOT_HOSPITAL,NA,"§10.2 -- the named recipient is not a hospital on the only evidence the document offers, which is its name. Where recipient_type is §8's standing fallback this is the CONSERVATIVE answer and the row is queued as SC_RECIPIENT_FORM_NOT_STATED: resolving it could only RAISE South Carolina's hospital figure, never lower it.","EXACT and per-recipient, published by SCDHHS for every one of the 228 rows. The document carries NO total of any kind, so the $167,299,900.69 this file reports is the SUM OF THE ROWS, corroborated from outside by CMS's own '228 grants' and '$167 Million' (2026-09-17) and by each project numbering 1..n with no gap.",NA,2026-09-15,data/evidence/SC/2026-09-21_sc_rhtp_year1_award_list_THE_ROSTER.pdf
SC,88,AnMed,447116,NONPROFIT_CBO,No,Wellness Within Reach / Expanding Community Care Sites,Yes,Yes,FY2026 (Year 1),SC RHTP Year 1 Award List,https://www.scdhhs.gov/sites/dhhs/files/SC%20RHTP%20Year%201%20Award%20List%20to%20CMS.pdf,NOTICE_OF_AWARD,PDF_TEXT,R/03ao_sc_year1_awardees.R,NA,NA,NA,NA,Wellness Within Reach,Expanding Community Care Sites,18,AnMed,"§8's STANDING FALLBACK. The award list publishes a recipient and an amount and NOTHING about the recipient's organisational form -- no type column, no county, no project description -- so Kansas's, Maryland's, Nebraska's, Oklahoma's, Nevada's, Michigan's, Missouri's, Iowa's, North Carolina's, Arkansas's, Wyoming's and Mississippi's shape a THIRTEENTH time. NOTHING WAS PROMOTED (§0.4), and the refusal runs BOTH ways: Self Regional Healthcare, McLeod Health, AnMed, Prisma Health and Tidelands Health read as hospital systems to anyone who knows South Carolina and are NOT promoted, while the nineteen SCDBHDD rows are the state's own behavioral health department and are NOT demoted to STATE_AGENCY. Both would be this pipeline asserting a form the document has not.",LOW,RECIPIENT_TYPE_INFERRED,Budget Period 1,NON_HOSPITAL,No,NOT_HOSPITAL,NA,"§10.2 -- the named recipient is not a hospital on the only evidence the document offers, which is its name. Where recipient_type is §8's standing fallback this is the CONSERVATIVE answer and the row is queued as SC_RECIPIENT_FORM_NOT_STATED: resolving it could only RAISE South Carolina's hospital figure, never lower it.","EXACT and per-recipient, published by SCDHHS for every one of the 228 rows. The document carries NO total of any kind, so the $167,299,900.69 this file reports is the SUM OF THE ROWS, corroborated from outside by CMS's own '228 grants' and '$167 Million' (2026-09-17) and by each project numbering 1..n with no gap.",NA,2026-09-15,data/evidence/SC/2026-09-21_sc_rhtp_year1_award_list_THE_ROSTER.pdf
SC,89,"Graceful Health Solutions, LLC",454320,NONPROFIT_CBO,No,Wellness Within Reach / Expanding Community Care Sites,Yes,Yes,FY2026 (Year 1),SC RHTP Year 1 Award List,https://www.scdhhs.gov/sites/dhhs/files/SC%20RHTP%20Year%201%20Award%20List%20to%20CMS.pdf,NOTICE_OF_AWARD,PDF_TEXT,R/03ao_sc_year1_awardees.R,NA,NA,NA,NA,Wellness Within Reach,Expanding Community Care Sites,19,"Graceful Health Solutions, LLC","§8's STANDING FALLBACK. The award list publishes a recipient and an amount and NOTHING about the recipient's organisational form -- no type column, no county, no project description -- so Kansas's, Maryland's, Nebraska's, Oklahoma's, Nevada's, Michigan's, Missouri's, Iowa's, North Carolina's, Arkansas's, Wyoming's and Mississippi's shape a THIRTEENTH time. NOTHING WAS PROMOTED (§0.4), and the refusal runs BOTH ways: Self Regional Healthcare, McLeod Health, AnMed, Prisma Health and Tidelands Health read as hospital systems to anyone who knows South Carolina and are NOT promoted, while the nineteen SCDBHDD rows are the state's own behavioral health department and are NOT demoted to STATE_AGENCY. Both would be this pipeline asserting a form the document has not.",LOW,RECIPIENT_TYPE_INFERRED,Budget Period 1,NON_HOSPITAL,No,NOT_HOSPITAL,NA,"§10.2 -- the named recipient is not a hospital on the only evidence the document offers, which is its name. Where recipient_type is §8's standing fallback this is the CONSERVATIVE answer and the row is queued as SC_RECIPIENT_FORM_NOT_STATED: resolving it could only RAISE South Carolina's hospital figure, never lower it.","EXACT and per-recipient, published by SCDHHS for every one of the 228 rows. The document carries NO total of any kind, so the $167,299,900.69 this file reports is the SUM OF THE ROWS, corroborated from outside by CMS's own '228 grants' and '$167 Million' (2026-09-17) and by each project numbering 1..n with no gap.",NA,2026-09-15,data/evidence/SC/2026-09-21_sc_rhtp_year1_award_list_THE_ROSTER.pdf
SC,90,Marion County EMS,498400,EMS_OR_PSAP,No,Wellness Within Reach / Expanding Community Care Sites,Yes,Yes,FY2026 (Year 1),SC RHTP Year 1 Award List,https://www.scdhhs.gov/sites/dhhs/files/SC%20RHTP%20Year%201%20Award%20List%20to%20CMS.pdf,NOTICE_OF_AWARD,PDF_TEXT,R/03ao_sc_year1_awardees.R,NA,NA,NA,NA,Wellness Within Reach,Expanding Community Care Sites,20,Marion County EMS,DERIVED FROM THE RECIPIENT'S OWN NAME by rhtp_classify_recipient_type().,HIGH,NA,Budget Period 1,NON_HOSPITAL,No,NOT_HOSPITAL,NA,"§10.2 -- the named recipient is not a hospital on the only evidence the document offers, which is its name. Where recipient_type is §8's standing fallback this is the CONSERVATIVE answer and the row is queued as SC_RECIPIENT_FORM_NOT_STATED: resolving it could only RAISE South Carolina's hospital figure, never lower it.","EXACT and per-recipient, published by SCDHHS for every one of the 228 rows. The document carries NO total of any kind, so the $167,299,900.69 this file reports is the SUM OF THE ROWS, corroborated from outside by CMS's own '228 grants' and '$167 Million' (2026-09-17) and by each project numbering 1..n with no gap.",NA,2026-09-15,data/evidence/SC/2026-09-21_sc_rhtp_year1_award_list_THE_ROSTER.pdf
SC,91,AnMed,575000,NONPROFIT_CBO,No,Wellness Within Reach / Expanding Community Care Sites,Yes,Yes,FY2026 (Year 1),SC RHTP Year 1 Award List,https://www.scdhhs.gov/sites/dhhs/files/SC%20RHTP%20Year%201%20Award%20List%20to%20CMS.pdf,NOTICE_OF_AWARD,PDF_TEXT,R/03ao_sc_year1_awardees.R,NA,NA,NA,NA,Wellness Within Reach,Expanding Community Care Sites,21,AnMed,"§8's STANDING FALLBACK. The award list publishes a recipient and an amount and NOTHING about the recipient's organisational form -- no type column, no county, no project description -- so Kansas's, Maryland's, Nebraska's, Oklahoma's, Nevada's, Michigan's, Missouri's, Iowa's, North Carolina's, Arkansas's, Wyoming's and Mississippi's shape a THIRTEENTH time. NOTHING WAS PROMOTED (§0.4), and the refusal runs BOTH ways: Self Regional Healthcare, McLeod Health, AnMed, Prisma Health and Tidelands Health read as hospital systems to anyone who knows South Carolina and are NOT promoted, while the nineteen SCDBHDD rows are the state's own behavioral health department and are NOT demoted to STATE_AGENCY. Both would be this pipeline asserting a form the document has not.",LOW,RECIPIENT_TYPE_INFERRED,Budget Period 1,NON_HOSPITAL,No,NOT_HOSPITAL,NA,"§10.2 -- the named recipient is not a hospital on the only evidence the document offers, which is its name. Where recipient_type is §8's standing fallback this is the CONSERVATIVE answer and the row is queued as SC_RECIPIENT_FORM_NOT_STATED: resolving it could only RAISE South Carolina's hospital figure, never lower it.","EXACT and per-recipient, published by SCDHHS for every one of the 228 rows. The document carries NO total of any kind, so the $167,299,900.69 this file reports is the SUM OF THE ROWS, corroborated from outside by CMS's own '228 grants' and '$167 Million' (2026-09-17) and by each project numbering 1..n with no gap.",NA,2026-09-15,data/evidence/SC/2026-09-21_sc_rhtp_year1_award_list_THE_ROSTER.pdf
SC,92,Pee Dee Regional Transportation Authority,585090,NONPROFIT_CBO,No,Wellness Within Reach / Expanding Community Care Sites,Yes,Yes,FY2026 (Year 1),SC RHTP Year 1 Award List,https://www.scdhhs.gov/sites/dhhs/files/SC%20RHTP%20Year%201%20Award%20List%20to%20CMS.pdf,NOTICE_OF_AWARD,PDF_TEXT,R/03ao_sc_year1_awardees.R,NA,NA,NA,NA,Wellness Within Reach,Expanding Community Care Sites,22,Pee Dee Regional Transportation Authority,"§8's STANDING FALLBACK. The award list publishes a recipient and an amount and NOTHING about the recipient's organisational form -- no type column, no county, no project description -- so Kansas's, Maryland's, Nebraska's, Oklahoma's, Nevada's, Michigan's, Missouri's, Iowa's, North Carolina's, Arkansas's, Wyoming's and Mississippi's shape a THIRTEENTH time. NOTHING WAS PROMOTED (§0.4), and the refusal runs BOTH ways: Self Regional Healthcare, McLeod Health, AnMed, Prisma Health and Tidelands Health read as hospital systems to anyone who knows South Carolina and are NOT promoted, while the nineteen SCDBHDD rows are the state's own behavioral health department and are NOT demoted to STATE_AGENCY. Both would be this pipeline asserting a form the document has not.",LOW,RECIPIENT_TYPE_INFERRED,Budget Period 1,NON_HOSPITAL,No,NOT_HOSPITAL,NA,"§10.2 -- the named recipient is not a hospital on the only evidence the document offers, which is its name. Where recipient_type is §8's standing fallback this is the CONSERVATIVE answer and the row is queued as SC_RECIPIENT_FORM_NOT_STATED: resolving it could only RAISE South Carolina's hospital figure, never lower it.","EXACT and per-recipient, published by SCDHHS for every one of the 228 rows. The document carries NO total of any kind, so the $167,299,900.69 this file reports is the SUM OF THE ROWS, corroborated from outside by CMS's own '228 grants' and '$167 Million' (2026-09-17) and by each project numbering 1..n with no gap.",NA,2026-09-15,data/evidence/SC/2026-09-21_sc_rhtp_year1_award_list_THE_ROSTER.pdf
SC,93,Palmetto Care Connections,592262,NONPROFIT_CBO,No,Wellness Within Reach / Expanding Community Care Sites,Yes,Yes,FY2026 (Year 1),SC RHTP Year 1 Award List,https://www.scdhhs.gov/sites/dhhs/files/SC%20RHTP%20Year%201%20Award%20List%20to%20CMS.pdf,NOTICE_OF_AWARD,PDF_TEXT,R/03ao_sc_year1_awardees.R,NA,NA,NA,NA,Wellness Within Reach,Expanding Community Care Sites,23,Palmetto Care Connections,"§8's STANDING FALLBACK. The award list publishes a recipient and an amount and NOTHING about the recipient's organisational form -- no type column, no county, no project description -- so Kansas's, Maryland's, Nebraska's, Oklahoma's, Nevada's, Michigan's, Missouri's, Iowa's, North Carolina's, Arkansas's, Wyoming's and Mississippi's shape a THIRTEENTH time. NOTHING WAS PROMOTED (§0.4), and the refusal runs BOTH ways: Self Regional Healthcare, McLeod Health, AnMed, Prisma Health and Tidelands Health read as hospital systems to anyone who knows South Carolina and are NOT promoted, while the nineteen SCDBHDD rows are the state's own behavioral health department and are NOT demoted to STATE_AGENCY. Both would be this pipeline asserting a form the document has not.",LOW,RECIPIENT_TYPE_INFERRED,Budget Period 1,NON_HOSPITAL,No,NOT_HOSPITAL,NA,"§10.2 -- the named recipient is not a hospital on the only evidence the document offers, which is its name. Where recipient_type is §8's standing fallback this is the CONSERVATIVE answer and the row is queued as SC_RECIPIENT_FORM_NOT_STATED: resolving it could only RAISE South Carolina's hospital figure, never lower it.","EXACT and per-recipient, published by SCDHHS for every one of the 228 rows. The document carries NO total of any kind, so the $167,299,900.69 this file reports is the SUM OF THE ROWS, corroborated from outside by CMS's own '228 grants' and '$167 Million' (2026-09-17) and by each project numbering 1..n with no gap.",NA,2026-09-15,data/evidence/SC/2026-09-21_sc_rhtp_year1_award_list_THE_ROSTER.pdf
SC,94,"At Your Place Healthcare, LLC",593412,NONPROFIT_CBO,No,Wellness Within Reach / Expanding Community Care Sites,Yes,Yes,FY2026 (Year 1),SC RHTP Year 1 Award List,https://www.scdhhs.gov/sites/dhhs/files/SC%20RHTP%20Year%201%20Award%20List%20to%20CMS.pdf,NOTICE_OF_AWARD,PDF_TEXT,R/03ao_sc_year1_awardees.R,NA,NA,NA,NA,Wellness Within Reach,Expanding Community Care Sites,24,"At Your Place Healthcare, LLC","§8's STANDING FALLBACK. The award list publishes a recipient and an amount and NOTHING about the recipient's organisational form -- no type column, no county, no project description -- so Kansas's, Maryland's, Nebraska's, Oklahoma's, Nevada's, Michigan's, Missouri's, Iowa's, North Carolina's, Arkansas's, Wyoming's and Mississippi's shape a THIRTEENTH time. NOTHING WAS PROMOTED (§0.4), and the refusal runs BOTH ways: Self Regional Healthcare, McLeod Health, AnMed, Prisma Health and Tidelands Health read as hospital systems to anyone who knows South Carolina and are NOT promoted, while the nineteen SCDBHDD rows are the state's own behavioral health department and are NOT demoted to STATE_AGENCY. Both would be this pipeline asserting a form the document has not.",LOW,RECIPIENT_TYPE_INFERRED,Budget Period 1,NON_HOSPITAL,No,NOT_HOSPITAL,NA,"§10.2 -- the named recipient is not a hospital on the only evidence the document offers, which is its name. Where recipient_type is §8's standing fallback this is the CONSERVATIVE answer and the row is queued as SC_RECIPIENT_FORM_NOT_STATED: resolving it could only RAISE South Carolina's hospital figure, never lower it.","EXACT and per-recipient, published by SCDHHS for every one of the 228 rows. The document carries NO total of any kind, so the $167,299,900.69 this file reports is the SUM OF THE ROWS, corroborated from outside by CMS's own '228 grants' and '$167 Million' (2026-09-17) and by each project numbering 1..n with no gap.",NA,2026-09-15,data/evidence/SC/2026-09-21_sc_rhtp_year1_award_list_THE_ROSTER.pdf
SC,95,HopeHealth Inc.,676718,NONPROFIT_CBO,No,Wellness Within Reach / Expanding Community Care Sites,Yes,Yes,FY2026 (Year 1),SC RHTP Year 1 Award List,https://www.scdhhs.gov/sites/dhhs/files/SC%20RHTP%20Year%201%20Award%20List%20to%20CMS.pdf,NOTICE_OF_AWARD,PDF_TEXT,R/03ao_sc_year1_awardees.R,NA,NA,NA,NA,Wellness Within Reach,Expanding Community Care Sites,25,HopeHealth Inc.,"§8's STANDING FALLBACK. The award list publishes a recipient and an amount and NOTHING about the recipient's organisational form -- no type column, no county, no project description -- so Kansas's, Maryland's, Nebraska's, Oklahoma's, Nevada's, Michigan's, Missouri's, Iowa's, North Carolina's, Arkansas's, Wyoming's and Mississippi's shape a THIRTEENTH time. NOTHING WAS PROMOTED (§0.4), and the refusal runs BOTH ways: Self Regional Healthcare, McLeod Health, AnMed, Prisma Health and Tidelands Health read as hospital systems to anyone who knows South Carolina and are NOT promoted, while the nineteen SCDBHDD rows are the state's own behavioral health department and are NOT demoted to STATE_AGENCY. Both would be this pipeline asserting a form the document has not.",LOW,RECIPIENT_TYPE_INFERRED,Budget Period 1,NON_HOSPITAL,No,NOT_HOSPITAL,NA,"§10.2 -- the named recipient is not a hospital on the only evidence the document offers, which is its name. Where recipient_type is §8's standing fallback this is the CONSERVATIVE answer and the row is queued as SC_RECIPIENT_FORM_NOT_STATED: resolving it could only RAISE South Carolina's hospital figure, never lower it.","EXACT and per-recipient, published by SCDHHS for every one of the 228 rows. The document carries NO total of any kind, so the $167,299,900.69 this file reports is the SUM OF THE ROWS, corroborated from outside by CMS's own '228 grants' and '$167 Million' (2026-09-17) and by each project numbering 1..n with no gap.",NA,2026-09-15,data/evidence/SC/2026-09-21_sc_rhtp_year1_award_list_THE_ROSTER.pdf
SC,96,Medical University Hospital Authority,685501,HOSPITAL_OR_SYSTEM,Yes,Wellness Within Reach / Expanding Community Care Sites,Yes,Yes,FY2026 (Year 1),SC RHTP Year 1 Award List,https://www.scdhhs.gov/sites/dhhs/files/SC%20RHTP%20Year%201%20Award%20List%20to%20CMS.pdf,NOTICE_OF_AWARD,PDF_TEXT,R/03ao_sc_year1_awardees.R,NA,NA,NA,NA,Wellness Within Reach,Expanding Community Care Sites,26,Medical University Hospital Authority,DERIVED FROM THE RECIPIENT'S OWN NAME by rhtp_classify_recipient_type().,HIGH,NA,Budget Period 1,DIRECT,Yes,NAMED_HOSPITAL,NA,"§10.2 DIRECT -- the named recipient is itself a hospital or health system, so recipient identity IS the flow test and no description decides it (§0.3a). The award is MADE: SCDHHS issued Notices of Award Determination on its own published date of 2026-07-31 (MB# 26-026) and posted this list, headed 'Year 1 Awards', on 2026-09-15.","EXACT and per-recipient, published by SCDHHS for every one of the 228 rows. The document carries NO total of any kind, so the $167,299,900.69 this file reports is the SUM OF THE ROWS, corroborated from outside by CMS's own '228 grants' and '$167 Million' (2026-09-17) and by each project numbering 1..n with no gap.",NA,2026-09-15,data/evidence/SC/2026-09-21_sc_rhtp_year1_award_list_THE_ROSTER.pdf
SC,97,Servants for Sight,685808,NONPROFIT_CBO,No,Wellness Within Reach / Expanding Community Care Sites,Yes,Yes,FY2026 (Year 1),SC RHTP Year 1 Award List,https://www.scdhhs.gov/sites/dhhs/files/SC%20RHTP%20Year%201%20Award%20List%20to%20CMS.pdf,NOTICE_OF_AWARD,PDF_TEXT,R/03ao_sc_year1_awardees.R,NA,NA,NA,NA,Wellness Within Reach,Expanding Community Care Sites,27,Servants for Sight,"§8's STANDING FALLBACK. The award list publishes a recipient and an amount and NOTHING about the recipient's organisational form -- no type column, no county, no project description -- so Kansas's, Maryland's, Nebraska's, Oklahoma's, Nevada's, Michigan's, Missouri's, Iowa's, North Carolina's, Arkansas's, Wyoming's and Mississippi's shape a THIRTEENTH time. NOTHING WAS PROMOTED (§0.4), and the refusal runs BOTH ways: Self Regional Healthcare, McLeod Health, AnMed, Prisma Health and Tidelands Health read as hospital systems to anyone who knows South Carolina and are NOT promoted, while the nineteen SCDBHDD rows are the state's own behavioral health department and are NOT demoted to STATE_AGENCY. Both would be this pipeline asserting a form the document has not.",LOW,RECIPIENT_TYPE_INFERRED,Budget Period 1,NON_HOSPITAL,No,NOT_HOSPITAL,NA,"§10.2 -- the named recipient is not a hospital on the only evidence the document offers, which is its name. Where recipient_type is §8's standing fallback this is the CONSERVATIVE answer and the row is queued as SC_RECIPIENT_FORM_NOT_STATED: resolving it could only RAISE South Carolina's hospital figure, never lower it.","EXACT and per-recipient, published by SCDHHS for every one of the 228 rows. The document carries NO total of any kind, so the $167,299,900.69 this file reports is the SUM OF THE ROWS, corroborated from outside by CMS's own '228 grants' and '$167 Million' (2026-09-17) and by each project numbering 1..n with no gap.",NA,2026-09-15,data/evidence/SC/2026-09-21_sc_rhtp_year1_award_list_THE_ROSTER.pdf
SC,98,Prisma Health-Upstate,760000,NONPROFIT_CBO,No,Wellness Within Reach / Expanding Community Care Sites,Yes,Yes,FY2026 (Year 1),SC RHTP Year 1 Award List,https://www.scdhhs.gov/sites/dhhs/files/SC%20RHTP%20Year%201%20Award%20List%20to%20CMS.pdf,NOTICE_OF_AWARD,PDF_TEXT,R/03ao_sc_year1_awardees.R,NA,NA,NA,NA,Wellness Within Reach,Expanding Community Care Sites,28,Prisma Health-Upstate,"§8's STANDING FALLBACK. The award list publishes a recipient and an amount and NOTHING about the recipient's organisational form -- no type column, no county, no project description -- so Kansas's, Maryland's, Nebraska's, Oklahoma's, Nevada's, Michigan's, Missouri's, Iowa's, North Carolina's, Arkansas's, Wyoming's and Mississippi's shape a THIRTEENTH time. NOTHING WAS PROMOTED (§0.4), and the refusal runs BOTH ways: Self Regional Healthcare, McLeod Health, AnMed, Prisma Health and Tidelands Health read as hospital systems to anyone who knows South Carolina and are NOT promoted, while the nineteen SCDBHDD rows are the state's own behavioral health department and are NOT demoted to STATE_AGENCY. Both would be this pipeline asserting a form the document has not.",LOW,RECIPIENT_TYPE_INFERRED,Budget Period 1,NON_HOSPITAL,No,NOT_HOSPITAL,NA,"§10.2 -- the named recipient is not a hospital on the only evidence the document offers, which is its name. Where recipient_type is §8's standing fallback this is the CONSERVATIVE answer and the row is queued as SC_RECIPIENT_FORM_NOT_STATED: resolving it could only RAISE South Carolina's hospital figure, never lower it.","EXACT and per-recipient, published by SCDHHS for every one of the 228 rows. The document carries NO total of any kind, so the $167,299,900.69 this file reports is the SUM OF THE ROWS, corroborated from outside by CMS's own '228 grants' and '$167 Million' (2026-09-17) and by each project numbering 1..n with no gap.",NA,2026-09-15,data/evidence/SC/2026-09-21_sc_rhtp_year1_award_list_THE_ROSTER.pdf
SC,99,Low Country Health Care System,823521.93,NONPROFIT_CBO,No,Wellness Within Reach / Expanding Community Care Sites,Yes,Yes,FY2026 (Year 1),SC RHTP Year 1 Award List,https://www.scdhhs.gov/sites/dhhs/files/SC%20RHTP%20Year%201%20Award%20List%20to%20CMS.pdf,NOTICE_OF_AWARD,PDF_TEXT,R/03ao_sc_year1_awardees.R,NA,NA,NA,NA,Wellness Within Reach,Expanding Community Care Sites,29,Low Country Health Care System,"§8's STANDING FALLBACK. The award list publishes a recipient and an amount and NOTHING about the recipient's organisational form -- no type column, no county, no project description -- so Kansas's, Maryland's, Nebraska's, Oklahoma's, Nevada's, Michigan's, Missouri's, Iowa's, North Carolina's, Arkansas's, Wyoming's and Mississippi's shape a THIRTEENTH time. NOTHING WAS PROMOTED (§0.4), and the refusal runs BOTH ways: Self Regional Healthcare, McLeod Health, AnMed, Prisma Health and Tidelands Health read as hospital systems to anyone who knows South Carolina and are NOT promoted, while the nineteen SCDBHDD rows are the state's own behavioral health department and are NOT demoted to STATE_AGENCY. Both would be this pipeline asserting a form the document has not.",LOW,RECIPIENT_TYPE_INFERRED,Budget Period 1,NON_HOSPITAL,No,NOT_HOSPITAL,NA,"§10.2 -- the named recipient is not a hospital on the only evidence the document offers, which is its name. Where recipient_type is §8's standing fallback this is the CONSERVATIVE answer and the row is queued as SC_RECIPIENT_FORM_NOT_STATED: resolving it could only RAISE South Carolina's hospital figure, never lower it.","EXACT and per-recipient, published by SCDHHS for every one of the 228 rows. The document carries NO total of any kind, so the $167,299,900.69 this file reports is the SUM OF THE ROWS, corroborated from outside by CMS's own '228 grants' and '$167 Million' (2026-09-17) and by each project numbering 1..n with no gap.",NA,2026-09-15,data/evidence/SC/2026-09-21_sc_rhtp_year1_award_list_THE_ROSTER.pdf
SC,100,McLeod Health,842300,NONPROFIT_CBO,No,Wellness Within Reach / Expanding Community Care Sites,Yes,Yes,FY2026 (Year 1),SC RHTP Year 1 Award List,https://www.scdhhs.gov/sites/dhhs/files/SC%20RHTP%20Year%201%20Award%20List%20to%20CMS.pdf,NOTICE_OF_AWARD,PDF_TEXT,R/03ao_sc_year1_awardees.R,NA,NA,NA,NA,Wellness Within Reach,Expanding Community Care Sites,30,McLeod Health,"§8's STANDING FALLBACK. The award list publishes a recipient and an amount and NOTHING about the recipient's organisational form -- no type column, no county, no project description -- so Kansas's, Maryland's, Nebraska's, Oklahoma's, Nevada's, Michigan's, Missouri's, Iowa's, North Carolina's, Arkansas's, Wyoming's and Mississippi's shape a THIRTEENTH time. NOTHING WAS PROMOTED (§0.4), and the refusal runs BOTH ways: Self Regional Healthcare, McLeod Health, AnMed, Prisma Health and Tidelands Health read as hospital systems to anyone who knows South Carolina and are NOT promoted, while the nineteen SCDBHDD rows are the state's own behavioral health department and are NOT demoted to STATE_AGENCY. Both would be this pipeline asserting a form the document has not.",LOW,RECIPIENT_TYPE_INFERRED,Budget Period 1,NON_HOSPITAL,No,NOT_HOSPITAL,NA,"§10.2 -- the named recipient is not a hospital on the only evidence the document offers, which is its name. Where recipient_type is §8's standing fallback this is the CONSERVATIVE answer and the row is queued as SC_RECIPIENT_FORM_NOT_STATED: resolving it could only RAISE South Carolina's hospital figure, never lower it.","EXACT and per-recipient, published by SCDHHS for every one of the 228 rows. The document carries NO total of any kind, so the $167,299,900.69 this file reports is the SUM OF THE ROWS, corroborated from outside by CMS's own '228 grants' and '$167 Million' (2026-09-17) and by each project numbering 1..n with no gap.",NA,2026-09-15,data/evidence/SC/2026-09-21_sc_rhtp_year1_award_list_THE_ROSTER.pdf
SC,101,Joseph H. Neal Health Collaborative,898955,NONPROFIT_CBO,No,Wellness Within Reach / Expanding Community Care Sites,Yes,Yes,FY2026 (Year 1),SC RHTP Year 1 Award List,https://www.scdhhs.gov/sites/dhhs/files/SC%20RHTP%20Year%201%20Award%20List%20to%20CMS.pdf,NOTICE_OF_AWARD,PDF_TEXT,R/03ao_sc_year1_awardees.R,NA,NA,NA,NA,Wellness Within Reach,Expanding Community Care Sites,31,Joseph H. Neal Health Collaborative,"§8's STANDING FALLBACK. The award list publishes a recipient and an amount and NOTHING about the recipient's organisational form -- no type column, no county, no project description -- so Kansas's, Maryland's, Nebraska's, Oklahoma's, Nevada's, Michigan's, Missouri's, Iowa's, North Carolina's, Arkansas's, Wyoming's and Mississippi's shape a THIRTEENTH time. NOTHING WAS PROMOTED (§0.4), and the refusal runs BOTH ways: Self Regional Healthcare, McLeod Health, AnMed, Prisma Health and Tidelands Health read as hospital systems to anyone who knows South Carolina and are NOT promoted, while the nineteen SCDBHDD rows are the state's own behavioral health department and are NOT demoted to STATE_AGENCY. Both would be this pipeline asserting a form the document has not.",LOW,RECIPIENT_TYPE_INFERRED,Budget Period 1,NON_HOSPITAL,No,NOT_HOSPITAL,NA,"§10.2 -- the named recipient is not a hospital on the only evidence the document offers, which is its name. Where recipient_type is §8's standing fallback this is the CONSERVATIVE answer and the row is queued as SC_RECIPIENT_FORM_NOT_STATED: resolving it could only RAISE South Carolina's hospital figure, never lower it.","EXACT and per-recipient, published by SCDHHS for every one of the 228 rows. The document carries NO total of any kind, so the $167,299,900.69 this file reports is the SUM OF THE ROWS, corroborated from outside by CMS's own '228 grants' and '$167 Million' (2026-09-17) and by each project numbering 1..n with no gap.",NA,2026-09-15,data/evidence/SC/2026-09-21_sc_rhtp_year1_award_list_THE_ROSTER.pdf
SC,102,Medical University of South Carolina,948932,UNIVERSITY_OR_AHC,No,Wellness Within Reach / Expanding Community Care Sites,Yes,Yes,FY2026 (Year 1),SC RHTP Year 1 Award List,https://www.scdhhs.gov/sites/dhhs/files/SC%20RHTP%20Year%201%20Award%20List%20to%20CMS.pdf,NOTICE_OF_AWARD,PDF_TEXT,R/03ao_sc_year1_awardees.R,NA,NA,NA,NA,Wellness Within Reach,Expanding Community Care Sites,32,Medical University of South Carolina,DERIVED FROM THE RECIPIENT'S OWN NAME by rhtp_classify_recipient_type().,HIGH,NA,Budget Period 1,NON_HOSPITAL,No,NOT_HOSPITAL,NA,"§10.2 -- the named recipient is not a hospital on the only evidence the document offers, which is its name. Where recipient_type is §8's standing fallback this is the CONSERVATIVE answer and the row is queued as SC_RECIPIENT_FORM_NOT_STATED: resolving it could only RAISE South Carolina's hospital figure, never lower it.","EXACT and per-recipient, published by SCDHHS for every one of the 228 rows. The document carries NO total of any kind, so the $167,299,900.69 this file reports is the SUM OF THE ROWS, corroborated from outside by CMS's own '228 grants' and '$167 Million' (2026-09-17) and by each project numbering 1..n with no gap.",NA,2026-09-15,data/evidence/SC/2026-09-21_sc_rhtp_year1_award_list_THE_ROSTER.pdf
SC,103,Clemson University,962468,UNIVERSITY_OR_AHC,No,Wellness Within Reach / Expanding Community Care Sites,Yes,Yes,FY2026 (Year 1),SC RHTP Year 1 Award List,https://www.scdhhs.gov/sites/dhhs/files/SC%20RHTP%20Year%201%20Award%20List%20to%20CMS.pdf,NOTICE_OF_AWARD,PDF_TEXT,R/03ao_sc_year1_awardees.R,NA,NA,NA,NA,Wellness Within Reach,Expanding Community Care Sites,33,Clemson University,DERIVED FROM THE RECIPIENT'S OWN NAME by rhtp_classify_recipient_type().,HIGH,NA,Budget Period 1,NON_HOSPITAL,No,NOT_HOSPITAL,NA,"§10.2 -- the named recipient is not a hospital on the only evidence the document offers, which is its name. Where recipient_type is §8's standing fallback this is the CONSERVATIVE answer and the row is queued as SC_RECIPIENT_FORM_NOT_STATED: resolving it could only RAISE South Carolina's hospital figure, never lower it.","EXACT and per-recipient, published by SCDHHS for every one of the 228 rows. The document carries NO total of any kind, so the $167,299,900.69 this file reports is the SUM OF THE ROWS, corroborated from outside by CMS's own '228 grants' and '$167 Million' (2026-09-17) and by each project numbering 1..n with no gap.",NA,2026-09-15,data/evidence/SC/2026-09-21_sc_rhtp_year1_award_list_THE_ROSTER.pdf
SC,104,Medical University of South Carolina,1056430,UNIVERSITY_OR_AHC,No,Wellness Within Reach / Expanding Community Care Sites,Yes,Yes,FY2026 (Year 1),SC RHTP Year 1 Award List,https://www.scdhhs.gov/sites/dhhs/files/SC%20RHTP%20Year%201%20Award%20List%20to%20CMS.pdf,NOTICE_OF_AWARD,PDF_TEXT,R/03ao_sc_year1_awardees.R,NA,NA,NA,NA,Wellness Within Reach,Expanding Community Care Sites,34,Medical University of South Carolina,DERIVED FROM THE RECIPIENT'S OWN NAME by rhtp_classify_recipient_type().,HIGH,NA,Budget Period 1,NON_HOSPITAL,No,NOT_HOSPITAL,NA,"§10.2 -- the named recipient is not a hospital on the only evidence the document offers, which is its name. Where recipient_type is §8's standing fallback this is the CONSERVATIVE answer and the row is queued as SC_RECIPIENT_FORM_NOT_STATED: resolving it could only RAISE South Carolina's hospital figure, never lower it.","EXACT and per-recipient, published by SCDHHS for every one of the 228 rows. The document carries NO total of any kind, so the $167,299,900.69 this file reports is the SUM OF THE ROWS, corroborated from outside by CMS's own '228 grants' and '$167 Million' (2026-09-17) and by each project numbering 1..n with no gap.",NA,2026-09-15,data/evidence/SC/2026-09-21_sc_rhtp_year1_award_list_THE_ROSTER.pdf
SC,105,AnMed,1086729,NONPROFIT_CBO,No,Wellness Within Reach / Expanding Community Care Sites,Yes,Yes,FY2026 (Year 1),SC RHTP Year 1 Award List,https://www.scdhhs.gov/sites/dhhs/files/SC%20RHTP%20Year%201%20Award%20List%20to%20CMS.pdf,NOTICE_OF_AWARD,PDF_TEXT,R/03ao_sc_year1_awardees.R,NA,NA,NA,NA,Wellness Within Reach,Expanding Community Care Sites,35,AnMed,"§8's STANDING FALLBACK. The award list publishes a recipient and an amount and NOTHING about the recipient's organisational form -- no type column, no county, no project description -- so Kansas's, Maryland's, Nebraska's, Oklahoma's, Nevada's, Michigan's, Missouri's, Iowa's, North Carolina's, Arkansas's, Wyoming's and Mississippi's shape a THIRTEENTH time. NOTHING WAS PROMOTED (§0.4), and the refusal runs BOTH ways: Self Regional Healthcare, McLeod Health, AnMed, Prisma Health and Tidelands Health read as hospital systems to anyone who knows South Carolina and are NOT promoted, while the nineteen SCDBHDD rows are the state's own behavioral health department and are NOT demoted to STATE_AGENCY. Both would be this pipeline asserting a form the document has not.",LOW,RECIPIENT_TYPE_INFERRED,Budget Period 1,NON_HOSPITAL,No,NOT_HOSPITAL,NA,"§10.2 -- the named recipient is not a hospital on the only evidence the document offers, which is its name. Where recipient_type is §8's standing fallback this is the CONSERVATIVE answer and the row is queued as SC_RECIPIENT_FORM_NOT_STATED: resolving it could only RAISE South Carolina's hospital figure, never lower it.","EXACT and per-recipient, published by SCDHHS for every one of the 228 rows. The document carries NO total of any kind, so the $167,299,900.69 this file reports is the SUM OF THE ROWS, corroborated from outside by CMS's own '228 grants' and '$167 Million' (2026-09-17) and by each project numbering 1..n with no gap.",NA,2026-09-15,data/evidence/SC/2026-09-21_sc_rhtp_year1_award_list_THE_ROSTER.pdf
SC,106,Medical University of South Carolina,1340171,UNIVERSITY_OR_AHC,No,Wellness Within Reach / Expanding Community Care Sites,Yes,Yes,FY2026 (Year 1),SC RHTP Year 1 Award List,https://www.scdhhs.gov/sites/dhhs/files/SC%20RHTP%20Year%201%20Award%20List%20to%20CMS.pdf,NOTICE_OF_AWARD,PDF_TEXT,R/03ao_sc_year1_awardees.R,NA,NA,NA,NA,Wellness Within Reach,Expanding Community Care Sites,36,Medical University of South Carolina,DERIVED FROM THE RECIPIENT'S OWN NAME by rhtp_classify_recipient_type().,HIGH,NA,Budget Period 1,NON_HOSPITAL,No,NOT_HOSPITAL,NA,"§10.2 -- the named recipient is not a hospital on the only evidence the document offers, which is its name. Where recipient_type is §8's standing fallback this is the CONSERVATIVE answer and the row is queued as SC_RECIPIENT_FORM_NOT_STATED: resolving it could only RAISE South Carolina's hospital figure, never lower it.","EXACT and per-recipient, published by SCDHHS for every one of the 228 rows. The document carries NO total of any kind, so the $167,299,900.69 this file reports is the SUM OF THE ROWS, corroborated from outside by CMS's own '228 grants' and '$167 Million' (2026-09-17) and by each project numbering 1..n with no gap.",NA,2026-09-15,data/evidence/SC/2026-09-21_sc_rhtp_year1_award_list_THE_ROSTER.pdf
SC,107,SCDBHDD Office of Mental Health & Envoy Portfolio (Greater Greenville Mental Health Center),162604,NONPROFIT_CBO,No,Wellness Within Reach / Mobile Crisis Response,Yes,Yes,FY2026 (Year 1),SC RHTP Year 1 Award List,https://www.scdhhs.gov/sites/dhhs/files/SC%20RHTP%20Year%201%20Award%20List%20to%20CMS.pdf,NOTICE_OF_AWARD,PDF_TEXT,R/03ao_sc_year1_awardees.R,NA,NA,NA,NA,Wellness Within Reach,Mobile Crisis Response,1,SCDBHDD Office of Mental Health & Envoy Portfolio (Greater Greenville Mental Health Center),"§8's STANDING FALLBACK. The award list publishes a recipient and an amount and NOTHING about the recipient's organisational form -- no type column, no county, no project description -- so Kansas's, Maryland's, Nebraska's, Oklahoma's, Nevada's, Michigan's, Missouri's, Iowa's, North Carolina's, Arkansas's, Wyoming's and Mississippi's shape a THIRTEENTH time. NOTHING WAS PROMOTED (§0.4), and the refusal runs BOTH ways: Self Regional Healthcare, McLeod Health, AnMed, Prisma Health and Tidelands Health read as hospital systems to anyone who knows South Carolina and are NOT promoted, while the nineteen SCDBHDD rows are the state's own behavioral health department and are NOT demoted to STATE_AGENCY. Both would be this pipeline asserting a form the document has not.",LOW,RECIPIENT_TYPE_INFERRED,Budget Period 1,NON_HOSPITAL,No,NOT_HOSPITAL,NA,"§10.2 -- the named recipient is not a hospital on the only evidence the document offers, which is its name. Where recipient_type is §8's standing fallback this is the CONSERVATIVE answer and the row is queued as SC_RECIPIENT_FORM_NOT_STATED: resolving it could only RAISE South Carolina's hospital figure, never lower it.","EXACT and per-recipient, published by SCDHHS for every one of the 228 rows. The document carries NO total of any kind, so the $167,299,900.69 this file reports is the SUM OF THE ROWS, corroborated from outside by CMS's own '228 grants' and '$167 Million' (2026-09-17) and by each project numbering 1..n with no gap.",NA,2026-09-15,data/evidence/SC/2026-09-21_sc_rhtp_year1_award_list_THE_ROSTER.pdf
SC,108,SCDBHDD Office of Mental Health & Envoy Portfolio (Columbia Area Mental Health Center),162945,NONPROFIT_CBO,No,Wellness Within Reach / Mobile Crisis Response,Yes,Yes,FY2026 (Year 1),SC RHTP Year 1 Award List,https://www.scdhhs.gov/sites/dhhs/files/SC%20RHTP%20Year%201%20Award%20List%20to%20CMS.pdf,NOTICE_OF_AWARD,PDF_TEXT,R/03ao_sc_year1_awardees.R,NA,NA,NA,NA,Wellness Within Reach,Mobile Crisis Response,2,SCDBHDD Office of Mental Health & Envoy Portfolio (Columbia Area Mental Health Center),"§8's STANDING FALLBACK. The award list publishes a recipient and an amount and NOTHING about the recipient's organisational form -- no type column, no county, no project description -- so Kansas's, Maryland's, Nebraska's, Oklahoma's, Nevada's, Michigan's, Missouri's, Iowa's, North Carolina's, Arkansas's, Wyoming's and Mississippi's shape a THIRTEENTH time. NOTHING WAS PROMOTED (§0.4), and the refusal runs BOTH ways: Self Regional Healthcare, McLeod Health, AnMed, Prisma Health and Tidelands Health read as hospital systems to anyone who knows South Carolina and are NOT promoted, while the nineteen SCDBHDD rows are the state's own behavioral health department and are NOT demoted to STATE_AGENCY. Both would be this pipeline asserting a form the document has not.",LOW,RECIPIENT_TYPE_INFERRED,Budget Period 1,NON_HOSPITAL,No,NOT_HOSPITAL,NA,"§10.2 -- the named recipient is not a hospital on the only evidence the document offers, which is its name. Where recipient_type is §8's standing fallback this is the CONSERVATIVE answer and the row is queued as SC_RECIPIENT_FORM_NOT_STATED: resolving it could only RAISE South Carolina's hospital figure, never lower it.","EXACT and per-recipient, published by SCDHHS for every one of the 228 rows. The document carries NO total of any kind, so the $167,299,900.69 this file reports is the SUM OF THE ROWS, corroborated from outside by CMS's own '228 grants' and '$167 Million' (2026-09-17) and by each project numbering 1..n with no gap.",NA,2026-09-15,data/evidence/SC/2026-09-21_sc_rhtp_year1_award_list_THE_ROSTER.pdf
SC,109,SCDBHDD Office of Mental Health & Envoy Portfolio (Lexington County Community Mental Health Center),162945,NONPROFIT_CBO,No,Wellness Within Reach / Mobile Crisis Response,Yes,Yes,FY2026 (Year 1),SC RHTP Year 1 Award List,https://www.scdhhs.gov/sites/dhhs/files/SC%20RHTP%20Year%201%20Award%20List%20to%20CMS.pdf,NOTICE_OF_AWARD,PDF_TEXT,R/03ao_sc_year1_awardees.R,NA,NA,NA,NA,Wellness Within Reach,Mobile Crisis Response,3,SCDBHDD Office of Mental Health & Envoy Portfolio (Lexington County Community Mental Health Center),"§8's STANDING FALLBACK. The award list publishes a recipient and an amount and NOTHING about the recipient's organisational form -- no type column, no county, no project description -- so Kansas's, Maryland's, Nebraska's, Oklahoma's, Nevada's, Michigan's, Missouri's, Iowa's, North Carolina's, Arkansas's, Wyoming's and Mississippi's shape a THIRTEENTH time. NOTHING WAS PROMOTED (§0.4), and the refusal runs BOTH ways: Self Regional Healthcare, McLeod Health, AnMed, Prisma Health and Tidelands Health read as hospital systems to anyone who knows South Carolina and are NOT promoted, while the nineteen SCDBHDD rows are the state's own behavioral health department and are NOT demoted to STATE_AGENCY. Both would be this pipeline asserting a form the document has not.",LOW,RECIPIENT_TYPE_INFERRED,Budget Period 1,NON_HOSPITAL,No,NOT_HOSPITAL,NA,"§10.2 -- the named recipient is not a hospital on the only evidence the document offers, which is its name. Where recipient_type is §8's standing fallback this is the CONSERVATIVE answer and the row is queued as SC_RECIPIENT_FORM_NOT_STATED: resolving it could only RAISE South Carolina's hospital figure, never lower it.","EXACT and per-recipient, published by SCDHHS for every one of the 228 rows. The document carries NO total of any kind, so the $167,299,900.69 this file reports is the SUM OF THE ROWS, corroborated from outside by CMS's own '228 grants' and '$167 Million' (2026-09-17) and by each project numbering 1..n with no gap.",NA,2026-09-15,data/evidence/SC/2026-09-21_sc_rhtp_year1_award_list_THE_ROSTER.pdf
SC,110,SCDBHDD Office of Mental Health & Envoy Portfolio (Anderson-Oconee-Pickens Mental Health Center),165322.75,NONPROFIT_CBO,No,Wellness Within Reach / Mobile Crisis Response,Yes,Yes,FY2026 (Year 1),SC RHTP Year 1 Award List,https://www.scdhhs.gov/sites/dhhs/files/SC%20RHTP%20Year%201%20Award%20List%20to%20CMS.pdf,NOTICE_OF_AWARD,PDF_TEXT,R/03ao_sc_year1_awardees.R,NA,NA,NA,NA,Wellness Within Reach,Mobile Crisis Response,4,SCDBHDD Office of Mental Health & Envoy Portfolio (Anderson-Oconee-Pickens Mental Health Center),"§8's STANDING FALLBACK. The award list publishes a recipient and an amount and NOTHING about the recipient's organisational form -- no type column, no county, no project description -- so Kansas's, Maryland's, Nebraska's, Oklahoma's, Nevada's, Michigan's, Missouri's, Iowa's, North Carolina's, Arkansas's, Wyoming's and Mississippi's shape a THIRTEENTH time. NOTHING WAS PROMOTED (§0.4), and the refusal runs BOTH ways: Self Regional Healthcare, McLeod Health, AnMed, Prisma Health and Tidelands Health read as hospital systems to anyone who knows South Carolina and are NOT promoted, while the nineteen SCDBHDD rows are the state's own behavioral health department and are NOT demoted to STATE_AGENCY. Both would be this pipeline asserting a form the document has not.",LOW,RECIPIENT_TYPE_INFERRED,Budget Period 1,NON_HOSPITAL,No,NOT_HOSPITAL,NA,"§10.2 -- the named recipient is not a hospital on the only evidence the document offers, which is its name. Where recipient_type is §8's standing fallback this is the CONSERVATIVE answer and the row is queued as SC_RECIPIENT_FORM_NOT_STATED: resolving it could only RAISE South Carolina's hospital figure, never lower it.","EXACT and per-recipient, published by SCDHHS for every one of the 228 rows. The document carries NO total of any kind, so the $167,299,900.69 this file reports is the SUM OF THE ROWS, corroborated from outside by CMS's own '228 grants' and '$167 Million' (2026-09-17) and by each project numbering 1..n with no gap.",NA,2026-09-15,data/evidence/SC/2026-09-21_sc_rhtp_year1_award_list_THE_ROSTER.pdf
SC,111,SCDBHDD Office of Mental Health & Envoy Portfolio (Catawba Community Mental Health Center),172797.65,NONPROFIT_CBO,No,Wellness Within Reach / Mobile Crisis Response,Yes,Yes,FY2026 (Year 1),SC RHTP Year 1 Award List,https://www.scdhhs.gov/sites/dhhs/files/SC%20RHTP%20Year%201%20Award%20List%20to%20CMS.pdf,NOTICE_OF_AWARD,PDF_TEXT,R/03ao_sc_year1_awardees.R,NA,NA,NA,NA,Wellness Within Reach,Mobile Crisis Response,5,SCDBHDD Office of Mental Health & Envoy Portfolio (Catawba Community Mental Health Center),"§8's STANDING FALLBACK. The award list publishes a recipient and an amount and NOTHING about the recipient's organisational form -- no type column, no county, no project description -- so Kansas's, Maryland's, Nebraska's, Oklahoma's, Nevada's, Michigan's, Missouri's, Iowa's, North Carolina's, Arkansas's, Wyoming's and Mississippi's shape a THIRTEENTH time. NOTHING WAS PROMOTED (§0.4), and the refusal runs BOTH ways: Self Regional Healthcare, McLeod Health, AnMed, Prisma Health and Tidelands Health read as hospital systems to anyone who knows South Carolina and are NOT promoted, while the nineteen SCDBHDD rows are the state's own behavioral health department and are NOT demoted to STATE_AGENCY. Both would be this pipeline asserting a form the document has not.",LOW,RECIPIENT_TYPE_INFERRED,Budget Period 1,NON_HOSPITAL,No,NOT_HOSPITAL,NA,"§10.2 -- the named recipient is not a hospital on the only evidence the document offers, which is its name. Where recipient_type is §8's standing fallback this is the CONSERVATIVE answer and the row is queued as SC_RECIPIENT_FORM_NOT_STATED: resolving it could only RAISE South Carolina's hospital figure, never lower it.","EXACT and per-recipient, published by SCDHHS for every one of the 228 rows. The document carries NO total of any kind, so the $167,299,900.69 this file reports is the SUM OF THE ROWS, corroborated from outside by CMS's own '228 grants' and '$167 Million' (2026-09-17) and by each project numbering 1..n with no gap.",NA,2026-09-15,data/evidence/SC/2026-09-21_sc_rhtp_year1_award_list_THE_ROSTER.pdf
SC,112,SCDBHDD Office of Mental Health & Envoy Portfolio (Orangeburg Area Mental Health Center),172797.65,NONPROFIT_CBO,No,Wellness Within Reach / Mobile Crisis Response,Yes,Yes,FY2026 (Year 1),SC RHTP Year 1 Award List,https://www.scdhhs.gov/sites/dhhs/files/SC%20RHTP%20Year%201%20Award%20List%20to%20CMS.pdf,NOTICE_OF_AWARD,PDF_TEXT,R/03ao_sc_year1_awardees.R,NA,NA,NA,NA,Wellness Within Reach,Mobile Crisis Response,6,SCDBHDD Office of Mental Health & Envoy Portfolio (Orangeburg Area Mental Health Center),"§8's STANDING FALLBACK. The award list publishes a recipient and an amount and NOTHING about the recipient's organisational form -- no type column, no county, no project description -- so Kansas's, Maryland's, Nebraska's, Oklahoma's, Nevada's, Michigan's, Missouri's, Iowa's, North Carolina's, Arkansas's, Wyoming's and Mississippi's shape a THIRTEENTH time. NOTHING WAS PROMOTED (§0.4), and the refusal runs BOTH ways: Self Regional Healthcare, McLeod Health, AnMed, Prisma Health and Tidelands Health read as hospital systems to anyone who knows South Carolina and are NOT promoted, while the nineteen SCDBHDD rows are the state's own behavioral health department and are NOT demoted to STATE_AGENCY. Both would be this pipeline asserting a form the document has not.",LOW,RECIPIENT_TYPE_INFERRED,Budget Period 1,NON_HOSPITAL,No,NOT_HOSPITAL,NA,"§10.2 -- the named recipient is not a hospital on the only evidence the document offers, which is its name. Where recipient_type is §8's standing fallback this is the CONSERVATIVE answer and the row is queued as SC_RECIPIENT_FORM_NOT_STATED: resolving it could only RAISE South Carolina's hospital figure, never lower it.","EXACT and per-recipient, published by SCDHHS for every one of the 228 rows. The document carries NO total of any kind, so the $167,299,900.69 this file reports is the SUM OF THE ROWS, corroborated from outside by CMS's own '228 grants' and '$167 Million' (2026-09-17) and by each project numbering 1..n with no gap.",NA,2026-09-15,data/evidence/SC/2026-09-21_sc_rhtp_year1_award_list_THE_ROSTER.pdf
SC,113,SCDBHDD Office of Mental Health & Envoy Portfolio (Berkeley Community Mental Health Center),178879.35,NONPROFIT_CBO,No,Wellness Within Reach / Mobile Crisis Response,Yes,Yes,FY2026 (Year 1),SC RHTP Year 1 Award List,https://www.scdhhs.gov/sites/dhhs/files/SC%20RHTP%20Year%201%20Award%20List%20to%20CMS.pdf,NOTICE_OF_AWARD,PDF_TEXT,R/03ao_sc_year1_awardees.R,NA,NA,NA,NA,Wellness Within Reach,Mobile Crisis Response,7,SCDBHDD Office of Mental Health & Envoy Portfolio (Berkeley Community Mental Health Center),"§8's STANDING FALLBACK. The award list publishes a recipient and an amount and NOTHING about the recipient's organisational form -- no type column, no county, no project description -- so Kansas's, Maryland's, Nebraska's, Oklahoma's, Nevada's, Michigan's, Missouri's, Iowa's, North Carolina's, Arkansas's, Wyoming's and Mississippi's shape a THIRTEENTH time. NOTHING WAS PROMOTED (§0.4), and the refusal runs BOTH ways: Self Regional Healthcare, McLeod Health, AnMed, Prisma Health and Tidelands Health read as hospital systems to anyone who knows South Carolina and are NOT promoted, while the nineteen SCDBHDD rows are the state's own behavioral health department and are NOT demoted to STATE_AGENCY. Both would be this pipeline asserting a form the document has not.",LOW,RECIPIENT_TYPE_INFERRED,Budget Period 1,NON_HOSPITAL,No,NOT_HOSPITAL,NA,"§10.2 -- the named recipient is not a hospital on the only evidence the document offers, which is its name. Where recipient_type is §8's standing fallback this is the CONSERVATIVE answer and the row is queued as SC_RECIPIENT_FORM_NOT_STATED: resolving it could only RAISE South Carolina's hospital figure, never lower it.","EXACT and per-recipient, published by SCDHHS for every one of the 228 rows. The document carries NO total of any kind, so the $167,299,900.69 this file reports is the SUM OF THE ROWS, corroborated from outside by CMS's own '228 grants' and '$167 Million' (2026-09-17) and by each project numbering 1..n with no gap.",NA,2026-09-15,data/evidence/SC/2026-09-21_sc_rhtp_year1_award_list_THE_ROSTER.pdf
SC,114,SCDBHDD Office of Mental Health & Envoy Portfolio (Pee Dee Mental Health Center),181261.25,NONPROFIT_CBO,No,Wellness Within Reach / Mobile Crisis Response,Yes,Yes,FY2026 (Year 1),SC RHTP Year 1 Award List,https://www.scdhhs.gov/sites/dhhs/files/SC%20RHTP%20Year%201%20Award%20List%20to%20CMS.pdf,NOTICE_OF_AWARD,PDF_TEXT,R/03ao_sc_year1_awardees.R,NA,NA,NA,NA,Wellness Within Reach,Mobile Crisis Response,8,SCDBHDD Office of Mental Health & Envoy Portfolio (Pee Dee Mental Health Center),"§8's STANDING FALLBACK. The award list publishes a recipient and an amount and NOTHING about the recipient's organisational form -- no type column, no county, no project description -- so Kansas's, Maryland's, Nebraska's, Oklahoma's, Nevada's, Michigan's, Missouri's, Iowa's, North Carolina's, Arkansas's, Wyoming's and Mississippi's shape a THIRTEENTH time. NOTHING WAS PROMOTED (§0.4), and the refusal runs BOTH ways: Self Regional Healthcare, McLeod Health, AnMed, Prisma Health and Tidelands Health read as hospital systems to anyone who knows South Carolina and are NOT promoted, while the nineteen SCDBHDD rows are the state's own behavioral health department and are NOT demoted to STATE_AGENCY. Both would be this pipeline asserting a form the document has not.",LOW,RECIPIENT_TYPE_INFERRED,Budget Period 1,NON_HOSPITAL,No,NOT_HOSPITAL,NA,"§10.2 -- the named recipient is not a hospital on the only evidence the document offers, which is its name. Where recipient_type is §8's standing fallback this is the CONSERVATIVE answer and the row is queued as SC_RECIPIENT_FORM_NOT_STATED: resolving it could only RAISE South Carolina's hospital figure, never lower it.","EXACT and per-recipient, published by SCDHHS for every one of the 228 rows. The document carries NO total of any kind, so the $167,299,900.69 this file reports is the SUM OF THE ROWS, corroborated from outside by CMS's own '228 grants' and '$167 Million' (2026-09-17) and by each project numbering 1..n with no gap.",NA,2026-09-15,data/evidence/SC/2026-09-21_sc_rhtp_year1_award_list_THE_ROSTER.pdf
SC,115,SCDBHDD Office of Mental Health & Envoy Portfolio (Aiken-Barnwell Mental Health Center),182470.05,NONPROFIT_CBO,No,Wellness Within Reach / Mobile Crisis Response,Yes,Yes,FY2026 (Year 1),SC RHTP Year 1 Award List,https://www.scdhhs.gov/sites/dhhs/files/SC%20RHTP%20Year%201%20Award%20List%20to%20CMS.pdf,NOTICE_OF_AWARD,PDF_TEXT,R/03ao_sc_year1_awardees.R,NA,NA,NA,NA,Wellness Within Reach,Mobile Crisis Response,9,SCDBHDD Office of Mental Health & Envoy Portfolio (Aiken-Barnwell Mental Health Center),"§8's STANDING FALLBACK. The award list publishes a recipient and an amount and NOTHING about the recipient's organisational form -- no type column, no county, no project description -- so Kansas's, Maryland's, Nebraska's, Oklahoma's, Nevada's, Michigan's, Missouri's, Iowa's, North Carolina's, Arkansas's, Wyoming's and Mississippi's shape a THIRTEENTH time. NOTHING WAS PROMOTED (§0.4), and the refusal runs BOTH ways: Self Regional Healthcare, McLeod Health, AnMed, Prisma Health and Tidelands Health read as hospital systems to anyone who knows South Carolina and are NOT promoted, while the nineteen SCDBHDD rows are the state's own behavioral health department and are NOT demoted to STATE_AGENCY. Both would be this pipeline asserting a form the document has not.",LOW,RECIPIENT_TYPE_INFERRED,Budget Period 1,NON_HOSPITAL,No,NOT_HOSPITAL,NA,"§10.2 -- the named recipient is not a hospital on the only evidence the document offers, which is its name. Where recipient_type is §8's standing fallback this is the CONSERVATIVE answer and the row is queued as SC_RECIPIENT_FORM_NOT_STATED: resolving it could only RAISE South Carolina's hospital figure, never lower it.","EXACT and per-recipient, published by SCDHHS for every one of the 228 rows. The document carries NO total of any kind, so the $167,299,900.69 this file reports is the SUM OF THE ROWS, corroborated from outside by CMS's own '228 grants' and '$167 Million' (2026-09-17) and by each project numbering 1..n with no gap.",NA,2026-09-15,data/evidence/SC/2026-09-21_sc_rhtp_year1_award_list_THE_ROSTER.pdf
SC,116,SCDBHDD Office of Mental Health & Envoy Portfolio (Spartanburg Area Mental Health Center),182470.05,NONPROFIT_CBO,No,Wellness Within Reach / Mobile Crisis Response,Yes,Yes,FY2026 (Year 1),SC RHTP Year 1 Award List,https://www.scdhhs.gov/sites/dhhs/files/SC%20RHTP%20Year%201%20Award%20List%20to%20CMS.pdf,NOTICE_OF_AWARD,PDF_TEXT,R/03ao_sc_year1_awardees.R,NA,NA,NA,NA,Wellness Within Reach,Mobile Crisis Response,10,SCDBHDD Office of Mental Health & Envoy Portfolio (Spartanburg Area Mental Health Center),"§8's STANDING FALLBACK. The award list publishes a recipient and an amount and NOTHING about the recipient's organisational form -- no type column, no county, no project description -- so Kansas's, Maryland's, Nebraska's, Oklahoma's, Nevada's, Michigan's, Missouri's, Iowa's, North Carolina's, Arkansas's, Wyoming's and Mississippi's shape a THIRTEENTH time. NOTHING WAS PROMOTED (§0.4), and the refusal runs BOTH ways: Self Regional Healthcare, McLeod Health, AnMed, Prisma Health and Tidelands Health read as hospital systems to anyone who knows South Carolina and are NOT promoted, while the nineteen SCDBHDD rows are the state's own behavioral health department and are NOT demoted to STATE_AGENCY. Both would be this pipeline asserting a form the document has not.",LOW,RECIPIENT_TYPE_INFERRED,Budget Period 1,NON_HOSPITAL,No,NOT_HOSPITAL,NA,"§10.2 -- the named recipient is not a hospital on the only evidence the document offers, which is its name. Where recipient_type is §8's standing fallback this is the CONSERVATIVE answer and the row is queued as SC_RECIPIENT_FORM_NOT_STATED: resolving it could only RAISE South Carolina's hospital figure, never lower it.","EXACT and per-recipient, published by SCDHHS for every one of the 228 rows. The document carries NO total of any kind, so the $167,299,900.69 this file reports is the SUM OF THE ROWS, corroborated from outside by CMS's own '228 grants' and '$167 Million' (2026-09-17) and by each project numbering 1..n with no gap.",NA,2026-09-15,data/evidence/SC/2026-09-21_sc_rhtp_year1_award_list_THE_ROSTER.pdf
SC,117,SCDBHDD Office of Mental Health & Envoy Portfolio (Waccamaw Center for Mental Health),182680.05,NONPROFIT_CBO,No,Wellness Within Reach / Mobile Crisis Response,Yes,Yes,FY2026 (Year 1),SC RHTP Year 1 Award List,https://www.scdhhs.gov/sites/dhhs/files/SC%20RHTP%20Year%201%20Award%20List%20to%20CMS.pdf,NOTICE_OF_AWARD,PDF_TEXT,R/03ao_sc_year1_awardees.R,NA,NA,NA,NA,Wellness Within Reach,Mobile Crisis Response,11,SCDBHDD Office of Mental Health & Envoy Portfolio (Waccamaw Center for Mental Health),"§8's STANDING FALLBACK. The award list publishes a recipient and an amount and NOTHING about the recipient's organisational form -- no type column, no county, no project description -- so Kansas's, Maryland's, Nebraska's, Oklahoma's, Nevada's, Michigan's, Missouri's, Iowa's, North Carolina's, Arkansas's, Wyoming's and Mississippi's shape a THIRTEENTH time. NOTHING WAS PROMOTED (§0.4), and the refusal runs BOTH ways: Self Regional Healthcare, McLeod Health, AnMed, Prisma Health and Tidelands Health read as hospital systems to anyone who knows South Carolina and are NOT promoted, while the nineteen SCDBHDD rows are the state's own behavioral health department and are NOT demoted to STATE_AGENCY. Both would be this pipeline asserting a form the document has not.",LOW,RECIPIENT_TYPE_INFERRED,Budget Period 1,NON_HOSPITAL,No,NOT_HOSPITAL,NA,"§10.2 -- the named recipient is not a hospital on the only evidence the document offers, which is its name. Where recipient_type is §8's standing fallback this is the CONSERVATIVE answer and the row is queued as SC_RECIPIENT_FORM_NOT_STATED: resolving it could only RAISE South Carolina's hospital figure, never lower it.","EXACT and per-recipient, published by SCDHHS for every one of the 228 rows. The document carries NO total of any kind, so the $167,299,900.69 this file reports is the SUM OF THE ROWS, corroborated from outside by CMS's own '228 grants' and '$167 Million' (2026-09-17) and by each project numbering 1..n with no gap.",NA,2026-09-15,data/evidence/SC/2026-09-21_sc_rhtp_year1_award_list_THE_ROSTER.pdf
SC,118,SCDBHDD Office of Mental Health & Envoy Portfolio (Tri-County Community Mental Health Center),190933.65,NONPROFIT_CBO,No,Wellness Within Reach / Mobile Crisis Response,Yes,Yes,FY2026 (Year 1),SC RHTP Year 1 Award List,https://www.scdhhs.gov/sites/dhhs/files/SC%20RHTP%20Year%201%20Award%20List%20to%20CMS.pdf,NOTICE_OF_AWARD,PDF_TEXT,R/03ao_sc_year1_awardees.R,NA,NA,NA,NA,Wellness Within Reach,Mobile Crisis Response,12,SCDBHDD Office of Mental Health & Envoy Portfolio (Tri-County Community Mental Health Center),"§8's STANDING FALLBACK. The award list publishes a recipient and an amount and NOTHING about the recipient's organisational form -- no type column, no county, no project description -- so Kansas's, Maryland's, Nebraska's, Oklahoma's, Nevada's, Michigan's, Missouri's, Iowa's, North Carolina's, Arkansas's, Wyoming's and Mississippi's shape a THIRTEENTH time. NOTHING WAS PROMOTED (§0.4), and the refusal runs BOTH ways: Self Regional Healthcare, McLeod Health, AnMed, Prisma Health and Tidelands Health read as hospital systems to anyone who knows South Carolina and are NOT promoted, while the nineteen SCDBHDD rows are the state's own behavioral health department and are NOT demoted to STATE_AGENCY. Both would be this pipeline asserting a form the document has not.",LOW,RECIPIENT_TYPE_INFERRED,Budget Period 1,NON_HOSPITAL,No,NOT_HOSPITAL,NA,"§10.2 -- the named recipient is not a hospital on the only evidence the document offers, which is its name. Where recipient_type is §8's standing fallback this is the CONSERVATIVE answer and the row is queued as SC_RECIPIENT_FORM_NOT_STATED: resolving it could only RAISE South Carolina's hospital figure, never lower it.","EXACT and per-recipient, published by SCDHHS for every one of the 228 rows. The document carries NO total of any kind, so the $167,299,900.69 this file reports is the SUM OF THE ROWS, corroborated from outside by CMS's own '228 grants' and '$167 Million' (2026-09-17) and by each project numbering 1..n with no gap.",NA,2026-09-15,data/evidence/SC/2026-09-21_sc_rhtp_year1_award_list_THE_ROSTER.pdf
SC,119,SCDBHDD Office of Mental Health & Envoy Portfolio (Santee Wateree Community Mental Health Center),204548.65,NONPROFIT_CBO,No,Wellness Within Reach / Mobile Crisis Response,Yes,Yes,FY2026 (Year 1),SC RHTP Year 1 Award List,https://www.scdhhs.gov/sites/dhhs/files/SC%20RHTP%20Year%201%20Award%20List%20to%20CMS.pdf,NOTICE_OF_AWARD,PDF_TEXT,R/03ao_sc_year1_awardees.R,NA,NA,NA,NA,Wellness Within Reach,Mobile Crisis Response,13,SCDBHDD Office of Mental Health & Envoy Portfolio (Santee Wateree Community Mental Health Center),"§8's STANDING FALLBACK. The award list publishes a recipient and an amount and NOTHING about the recipient's organisational form -- no type column, no county, no project description -- so Kansas's, Maryland's, Nebraska's, Oklahoma's, Nevada's, Michigan's, Missouri's, Iowa's, North Carolina's, Arkansas's, Wyoming's and Mississippi's shape a THIRTEENTH time. NOTHING WAS PROMOTED (§0.4), and the refusal runs BOTH ways: Self Regional Healthcare, McLeod Health, AnMed, Prisma Health and Tidelands Health read as hospital systems to anyone who knows South Carolina and are NOT promoted, while the nineteen SCDBHDD rows are the state's own behavioral health department and are NOT demoted to STATE_AGENCY. Both would be this pipeline asserting a form the document has not.",LOW,RECIPIENT_TYPE_INFERRED,Budget Period 1,NON_HOSPITAL,No,NOT_HOSPITAL,NA,"§10.2 -- the named recipient is not a hospital on the only evidence the document offers, which is its name. Where recipient_type is §8's standing fallback this is the CONSERVATIVE answer and the row is queued as SC_RECIPIENT_FORM_NOT_STATED: resolving it could only RAISE South Carolina's hospital figure, never lower it.","EXACT and per-recipient, published by SCDHHS for every one of the 228 rows. The document carries NO total of any kind, so the $167,299,900.69 this file reports is the SUM OF THE ROWS, corroborated from outside by CMS's own '228 grants' and '$167 Million' (2026-09-17) and by each project numbering 1..n with no gap.",NA,2026-09-15,data/evidence/SC/2026-09-21_sc_rhtp_year1_award_list_THE_ROSTER.pdf
SC,120,SCDBHDD Office of Mental Health & Envoy Portfolio (Coastal Empire Community Mental Health Center),219979.05,NONPROFIT_CBO,No,Wellness Within Reach / Mobile Crisis Response,Yes,Yes,FY2026 (Year 1),SC RHTP Year 1 Award List,https://www.scdhhs.gov/sites/dhhs/files/SC%20RHTP%20Year%201%20Award%20List%20to%20CMS.pdf,NOTICE_OF_AWARD,PDF_TEXT,R/03ao_sc_year1_awardees.R,NA,NA,NA,NA,Wellness Within Reach,Mobile Crisis Response,14,SCDBHDD Office of Mental Health & Envoy Portfolio (Coastal Empire Community Mental Health Center),"§8's STANDING FALLBACK. The award list publishes a recipient and an amount and NOTHING about the recipient's organisational form -- no type column, no county, no project description -- so Kansas's, Maryland's, Nebraska's, Oklahoma's, Nevada's, Michigan's, Missouri's, Iowa's, North Carolina's, Arkansas's, Wyoming's and Mississippi's shape a THIRTEENTH time. NOTHING WAS PROMOTED (§0.4), and the refusal runs BOTH ways: Self Regional Healthcare, McLeod Health, AnMed, Prisma Health and Tidelands Health read as hospital systems to anyone who knows South Carolina and are NOT promoted, while the nineteen SCDBHDD rows are the state's own behavioral health department and are NOT demoted to STATE_AGENCY. Both would be this pipeline asserting a form the document has not.",LOW,RECIPIENT_TYPE_INFERRED,Budget Period 1,NON_HOSPITAL,No,NOT_HOSPITAL,NA,"§10.2 -- the named recipient is not a hospital on the only evidence the document offers, which is its name. Where recipient_type is §8's standing fallback this is the CONSERVATIVE answer and the row is queued as SC_RECIPIENT_FORM_NOT_STATED: resolving it could only RAISE South Carolina's hospital figure, never lower it.","EXACT and per-recipient, published by SCDHHS for every one of the 228 rows. The document carries NO total of any kind, so the $167,299,900.69 this file reports is the SUM OF THE ROWS, corroborated from outside by CMS's own '228 grants' and '$167 Million' (2026-09-17) and by each project numbering 1..n with no gap.",NA,2026-09-15,data/evidence/SC/2026-09-21_sc_rhtp_year1_award_list_THE_ROSTER.pdf
SC,121,SCDBHDD Office of Mental Health & Envoy Portfolio (Aiken Barnwell Mental Health Center),302126,NONPROFIT_CBO,No,Wellness Within Reach / Mobile Crisis Response,Yes,Yes,FY2026 (Year 1),SC RHTP Year 1 Award List,https://www.scdhhs.gov/sites/dhhs/files/SC%20RHTP%20Year%201%20Award%20List%20to%20CMS.pdf,NOTICE_OF_AWARD,PDF_TEXT,R/03ao_sc_year1_awardees.R,NA,NA,NA,NA,Wellness Within Reach,Mobile Crisis Response,15,SCDBHDD Office of Mental Health & Envoy Portfolio (Aiken Barnwell Mental Health Center),"§8's STANDING FALLBACK. The award list publishes a recipient and an amount and NOTHING about the recipient's organisational form -- no type column, no county, no project description -- so Kansas's, Maryland's, Nebraska's, Oklahoma's, Nevada's, Michigan's, Missouri's, Iowa's, North Carolina's, Arkansas's, Wyoming's and Mississippi's shape a THIRTEENTH time. NOTHING WAS PROMOTED (§0.4), and the refusal runs BOTH ways: Self Regional Healthcare, McLeod Health, AnMed, Prisma Health and Tidelands Health read as hospital systems to anyone who knows South Carolina and are NOT promoted, while the nineteen SCDBHDD rows are the state's own behavioral health department and are NOT demoted to STATE_AGENCY. Both would be this pipeline asserting a form the document has not.",LOW,RECIPIENT_TYPE_INFERRED,Budget Period 1,NON_HOSPITAL,No,NOT_HOSPITAL,NA,"§10.2 -- the named recipient is not a hospital on the only evidence the document offers, which is its name. Where recipient_type is §8's standing fallback this is the CONSERVATIVE answer and the row is queued as SC_RECIPIENT_FORM_NOT_STATED: resolving it could only RAISE South Carolina's hospital figure, never lower it.","EXACT and per-recipient, published by SCDHHS for every one of the 228 rows. The document carries NO total of any kind, so the $167,299,900.69 this file reports is the SUM OF THE ROWS, corroborated from outside by CMS's own '228 grants' and '$167 Million' (2026-09-17) and by each project numbering 1..n with no gap.",NA,2026-09-15,data/evidence/SC/2026-09-21_sc_rhtp_year1_award_list_THE_ROSTER.pdf
SC,122,SCDBHDD Office of Mental Health (Beckman Center for Mental Health Services),302858.6,NONPROFIT_CBO,No,Wellness Within Reach / Mobile Crisis Response,Yes,Yes,FY2026 (Year 1),SC RHTP Year 1 Award List,https://www.scdhhs.gov/sites/dhhs/files/SC%20RHTP%20Year%201%20Award%20List%20to%20CMS.pdf,NOTICE_OF_AWARD,PDF_TEXT,R/03ao_sc_year1_awardees.R,NA,NA,NA,NA,Wellness Within Reach,Mobile Crisis Response,16,SCDBHDD Office of Mental Health (Beckman Center for Mental Health Services),"§8's STANDING FALLBACK. The award list publishes a recipient and an amount and NOTHING about the recipient's organisational form -- no type column, no county, no project description -- so Kansas's, Maryland's, Nebraska's, Oklahoma's, Nevada's, Michigan's, Missouri's, Iowa's, North Carolina's, Arkansas's, Wyoming's and Mississippi's shape a THIRTEENTH time. NOTHING WAS PROMOTED (§0.4), and the refusal runs BOTH ways: Self Regional Healthcare, McLeod Health, AnMed, Prisma Health and Tidelands Health read as hospital systems to anyone who knows South Carolina and are NOT promoted, while the nineteen SCDBHDD rows are the state's own behavioral health department and are NOT demoted to STATE_AGENCY. Both would be this pipeline asserting a form the document has not.",LOW,RECIPIENT_TYPE_INFERRED,Budget Period 1,NON_HOSPITAL,No,NOT_HOSPITAL,NA,"§10.2 -- the named recipient is not a hospital on the only evidence the document offers, which is its name. Where recipient_type is §8's standing fallback this is the CONSERVATIVE answer and the row is queued as SC_RECIPIENT_FORM_NOT_STATED: resolving it could only RAISE South Carolina's hospital figure, never lower it.","EXACT and per-recipient, published by SCDHHS for every one of the 228 rows. The document carries NO total of any kind, so the $167,299,900.69 this file reports is the SUM OF THE ROWS, corroborated from outside by CMS's own '228 grants' and '$167 Million' (2026-09-17) and by each project numbering 1..n with no gap.",NA,2026-09-15,data/evidence/SC/2026-09-21_sc_rhtp_year1_award_list_THE_ROSTER.pdf
SC,123,SCDBHDD Office of Mental Health & Envoy Portfolio (Charleston Dorchester Mental Health Center),496788.5,NONPROFIT_CBO,No,Wellness Within Reach / Mobile Crisis Response,Yes,Yes,FY2026 (Year 1),SC RHTP Year 1 Award List,https://www.scdhhs.gov/sites/dhhs/files/SC%20RHTP%20Year%201%20Award%20List%20to%20CMS.pdf,NOTICE_OF_AWARD,PDF_TEXT,R/03ao_sc_year1_awardees.R,NA,NA,NA,NA,Wellness Within Reach,Mobile Crisis Response,17,SCDBHDD Office of Mental Health & Envoy Portfolio (Charleston Dorchester Mental Health Center),"§8's STANDING FALLBACK. The award list publishes a recipient and an amount and NOTHING about the recipient's organisational form -- no type column, no county, no project description -- so Kansas's, Maryland's, Nebraska's, Oklahoma's, Nevada's, Michigan's, Missouri's, Iowa's, North Carolina's, Arkansas's, Wyoming's and Mississippi's shape a THIRTEENTH time. NOTHING WAS PROMOTED (§0.4), and the refusal runs BOTH ways: Self Regional Healthcare, McLeod Health, AnMed, Prisma Health and Tidelands Health read as hospital systems to anyone who knows South Carolina and are NOT promoted, while the nineteen SCDBHDD rows are the state's own behavioral health department and are NOT demoted to STATE_AGENCY. Both would be this pipeline asserting a form the document has not.",LOW,RECIPIENT_TYPE_INFERRED,Budget Period 1,NON_HOSPITAL,No,NOT_HOSPITAL,NA,"§10.2 -- the named recipient is not a hospital on the only evidence the document offers, which is its name. Where recipient_type is §8's standing fallback this is the CONSERVATIVE answer and the row is queued as SC_RECIPIENT_FORM_NOT_STATED: resolving it could only RAISE South Carolina's hospital figure, never lower it.","EXACT and per-recipient, published by SCDHHS for every one of the 228 rows. The document carries NO total of any kind, so the $167,299,900.69 this file reports is the SUM OF THE ROWS, corroborated from outside by CMS's own '228 grants' and '$167 Million' (2026-09-17) and by each project numbering 1..n with no gap.",NA,2026-09-15,data/evidence/SC/2026-09-21_sc_rhtp_year1_award_list_THE_ROSTER.pdf
SC,124,SCDBHDD Office of Mental Health (Spartanburg Area Mental Health Center),712000,NONPROFIT_CBO,No,Wellness Within Reach / Mobile Crisis Response,Yes,Yes,FY2026 (Year 1),SC RHTP Year 1 Award List,https://www.scdhhs.gov/sites/dhhs/files/SC%20RHTP%20Year%201%20Award%20List%20to%20CMS.pdf,NOTICE_OF_AWARD,PDF_TEXT,R/03ao_sc_year1_awardees.R,NA,NA,NA,NA,Wellness Within Reach,Mobile Crisis Response,18,SCDBHDD Office of Mental Health (Spartanburg Area Mental Health Center),"§8's STANDING FALLBACK. The award list publishes a recipient and an amount and NOTHING about the recipient's organisational form -- no type column, no county, no project description -- so Kansas's, Maryland's, Nebraska's, Oklahoma's, Nevada's, Michigan's, Missouri's, Iowa's, North Carolina's, Arkansas's, Wyoming's and Mississippi's shape a THIRTEENTH time. NOTHING WAS PROMOTED (§0.4), and the refusal runs BOTH ways: Self Regional Healthcare, McLeod Health, AnMed, Prisma Health and Tidelands Health read as hospital systems to anyone who knows South Carolina and are NOT promoted, while the nineteen SCDBHDD rows are the state's own behavioral health department and are NOT demoted to STATE_AGENCY. Both would be this pipeline asserting a form the document has not.",LOW,RECIPIENT_TYPE_INFERRED,Budget Period 1,NON_HOSPITAL,No,NOT_HOSPITAL,NA,"§10.2 -- the named recipient is not a hospital on the only evidence the document offers, which is its name. Where recipient_type is §8's standing fallback this is the CONSERVATIVE answer and the row is queued as SC_RECIPIENT_FORM_NOT_STATED: resolving it could only RAISE South Carolina's hospital figure, never lower it.","EXACT and per-recipient, published by SCDHHS for every one of the 228 rows. The document carries NO total of any kind, so the $167,299,900.69 this file reports is the SUM OF THE ROWS, corroborated from outside by CMS's own '228 grants' and '$167 Million' (2026-09-17) and by each project numbering 1..n with no gap.",NA,2026-09-15,data/evidence/SC/2026-09-21_sc_rhtp_year1_award_list_THE_ROSTER.pdf
SC,125,Prisma Health-Upstate (Bishopville),13011,NONPROFIT_CBO,No,Shoring Up to Sustainability / Facility Enhancements,Yes,Yes,FY2026 (Year 1),SC RHTP Year 1 Award List,https://www.scdhhs.gov/sites/dhhs/files/SC%20RHTP%20Year%201%20Award%20List%20to%20CMS.pdf,NOTICE_OF_AWARD,PDF_TEXT,R/03ao_sc_year1_awardees.R,NA,NA,NA,NA,Shoring Up to Sustainability,Facility Enhancements,1,Prisma Health-Upstate (Bishopville),"§8's STANDING FALLBACK. The award list publishes a recipient and an amount and NOTHING about the recipient's organisational form -- no type column, no county, no project description -- so Kansas's, Maryland's, Nebraska's, Oklahoma's, Nevada's, Michigan's, Missouri's, Iowa's, North Carolina's, Arkansas's, Wyoming's and Mississippi's shape a THIRTEENTH time. NOTHING WAS PROMOTED (§0.4), and the refusal runs BOTH ways: Self Regional Healthcare, McLeod Health, AnMed, Prisma Health and Tidelands Health read as hospital systems to anyone who knows South Carolina and are NOT promoted, while the nineteen SCDBHDD rows are the state's own behavioral health department and are NOT demoted to STATE_AGENCY. Both would be this pipeline asserting a form the document has not.",LOW,RECIPIENT_TYPE_INFERRED,Budget Period 1,NON_HOSPITAL,No,NOT_HOSPITAL,NA,"§10.2 -- the named recipient is not a hospital on the only evidence the document offers, which is its name. Where recipient_type is §8's standing fallback this is the CONSERVATIVE answer and the row is queued as SC_RECIPIENT_FORM_NOT_STATED: resolving it could only RAISE South Carolina's hospital figure, never lower it.","EXACT and per-recipient, published by SCDHHS for every one of the 228 rows. The document carries NO total of any kind, so the $167,299,900.69 this file reports is the SUM OF THE ROWS, corroborated from outside by CMS's own '228 grants' and '$167 Million' (2026-09-17) and by each project numbering 1..n with no gap.",NA,2026-09-15,data/evidence/SC/2026-09-21_sc_rhtp_year1_award_list_THE_ROSTER.pdf
SC,126,Prisma Health-Upstate (Bishopville),15482,NONPROFIT_CBO,No,Shoring Up to Sustainability / Facility Enhancements,Yes,Yes,FY2026 (Year 1),SC RHTP Year 1 Award List,https://www.scdhhs.gov/sites/dhhs/files/SC%20RHTP%20Year%201%20Award%20List%20to%20CMS.pdf,NOTICE_OF_AWARD,PDF_TEXT,R/03ao_sc_year1_awardees.R,NA,NA,NA,NA,Shoring Up to Sustainability,Facility Enhancements,2,Prisma Health-Upstate (Bishopville),"§8's STANDING FALLBACK. The award list publishes a recipient and an amount and NOTHING about the recipient's organisational form -- no type column, no county, no project description -- so Kansas's, Maryland's, Nebraska's, Oklahoma's, Nevada's, Michigan's, Missouri's, Iowa's, North Carolina's, Arkansas's, Wyoming's and Mississippi's shape a THIRTEENTH time. NOTHING WAS PROMOTED (§0.4), and the refusal runs BOTH ways: Self Regional Healthcare, McLeod Health, AnMed, Prisma Health and Tidelands Health read as hospital systems to anyone who knows South Carolina and are NOT promoted, while the nineteen SCDBHDD rows are the state's own behavioral health department and are NOT demoted to STATE_AGENCY. Both would be this pipeline asserting a form the document has not.",LOW,RECIPIENT_TYPE_INFERRED,Budget Period 1,NON_HOSPITAL,No,NOT_HOSPITAL,NA,"§10.2 -- the named recipient is not a hospital on the only evidence the document offers, which is its name. Where recipient_type is §8's standing fallback this is the CONSERVATIVE answer and the row is queued as SC_RECIPIENT_FORM_NOT_STATED: resolving it could only RAISE South Carolina's hospital figure, never lower it.","EXACT and per-recipient, published by SCDHHS for every one of the 228 rows. The document carries NO total of any kind, so the $167,299,900.69 this file reports is the SUM OF THE ROWS, corroborated from outside by CMS's own '228 grants' and '$167 Million' (2026-09-17) and by each project numbering 1..n with no gap.",NA,2026-09-15,data/evidence/SC/2026-09-21_sc_rhtp_year1_award_list_THE_ROSTER.pdf
SC,127,Prisma Health-Upstate (Laurens),30000,NONPROFIT_CBO,No,Shoring Up to Sustainability / Facility Enhancements,Yes,Yes,FY2026 (Year 1),SC RHTP Year 1 Award List,https://www.scdhhs.gov/sites/dhhs/files/SC%20RHTP%20Year%201%20Award%20List%20to%20CMS.pdf,NOTICE_OF_AWARD,PDF_TEXT,R/03ao_sc_year1_awardees.R,NA,NA,NA,NA,Shoring Up to Sustainability,Facility Enhancements,3,Prisma Health-Upstate (Laurens),"§8's STANDING FALLBACK. The award list publishes a recipient and an amount and NOTHING about the recipient's organisational form -- no type column, no county, no project description -- so Kansas's, Maryland's, Nebraska's, Oklahoma's, Nevada's, Michigan's, Missouri's, Iowa's, North Carolina's, Arkansas's, Wyoming's and Mississippi's shape a THIRTEENTH time. NOTHING WAS PROMOTED (§0.4), and the refusal runs BOTH ways: Self Regional Healthcare, McLeod Health, AnMed, Prisma Health and Tidelands Health read as hospital systems to anyone who knows South Carolina and are NOT promoted, while the nineteen SCDBHDD rows are the state's own behavioral health department and are NOT demoted to STATE_AGENCY. Both would be this pipeline asserting a form the document has not.",LOW,RECIPIENT_TYPE_INFERRED,Budget Period 1,NON_HOSPITAL,No,NOT_HOSPITAL,NA,"§10.2 -- the named recipient is not a hospital on the only evidence the document offers, which is its name. Where recipient_type is §8's standing fallback this is the CONSERVATIVE answer and the row is queued as SC_RECIPIENT_FORM_NOT_STATED: resolving it could only RAISE South Carolina's hospital figure, never lower it.","EXACT and per-recipient, published by SCDHHS for every one of the 228 rows. The document carries NO total of any kind, so the $167,299,900.69 this file reports is the SUM OF THE ROWS, corroborated from outside by CMS's own '228 grants' and '$167 Million' (2026-09-17) and by each project numbering 1..n with no gap.",NA,2026-09-15,data/evidence/SC/2026-09-21_sc_rhtp_year1_award_list_THE_ROSTER.pdf
SC,128,Prisma Health-Upstate (Laurens),30700,NONPROFIT_CBO,No,Shoring Up to Sustainability / Facility Enhancements,Yes,Yes,FY2026 (Year 1),SC RHTP Year 1 Award List,https://www.scdhhs.gov/sites/dhhs/files/SC%20RHTP%20Year%201%20Award%20List%20to%20CMS.pdf,NOTICE_OF_AWARD,PDF_TEXT,R/03ao_sc_year1_awardees.R,NA,NA,NA,NA,Shoring Up to Sustainability,Facility Enhancements,4,Prisma Health-Upstate (Laurens),"§8's STANDING FALLBACK. The award list publishes a recipient and an amount and NOTHING about the recipient's organisational form -- no type column, no county, no project description -- so Kansas's, Maryland's, Nebraska's, Oklahoma's, Nevada's, Michigan's, Missouri's, Iowa's, North Carolina's, Arkansas's, Wyoming's and Mississippi's shape a THIRTEENTH time. NOTHING WAS PROMOTED (§0.4), and the refusal runs BOTH ways: Self Regional Healthcare, McLeod Health, AnMed, Prisma Health and Tidelands Health read as hospital systems to anyone who knows South Carolina and are NOT promoted, while the nineteen SCDBHDD rows are the state's own behavioral health department and are NOT demoted to STATE_AGENCY. Both would be this pipeline asserting a form the document has not.",LOW,RECIPIENT_TYPE_INFERRED,Budget Period 1,NON_HOSPITAL,No,NOT_HOSPITAL,NA,"§10.2 -- the named recipient is not a hospital on the only evidence the document offers, which is its name. Where recipient_type is §8's standing fallback this is the CONSERVATIVE answer and the row is queued as SC_RECIPIENT_FORM_NOT_STATED: resolving it could only RAISE South Carolina's hospital figure, never lower it.","EXACT and per-recipient, published by SCDHHS for every one of the 228 rows. The document carries NO total of any kind, so the $167,299,900.69 this file reports is the SUM OF THE ROWS, corroborated from outside by CMS's own '228 grants' and '$167 Million' (2026-09-17) and by each project numbering 1..n with no gap.",NA,2026-09-15,data/evidence/SC/2026-09-21_sc_rhtp_year1_award_list_THE_ROSTER.pdf
SC,129,Foothills Community Health Care,41782,NONPROFIT_CBO,No,Shoring Up to Sustainability / Facility Enhancements,Yes,Yes,FY2026 (Year 1),SC RHTP Year 1 Award List,https://www.scdhhs.gov/sites/dhhs/files/SC%20RHTP%20Year%201%20Award%20List%20to%20CMS.pdf,NOTICE_OF_AWARD,PDF_TEXT,R/03ao_sc_year1_awardees.R,NA,NA,NA,NA,Shoring Up to Sustainability,Facility Enhancements,5,Foothills Community Health Care,"§8's STANDING FALLBACK. The award list publishes a recipient and an amount and NOTHING about the recipient's organisational form -- no type column, no county, no project description -- so Kansas's, Maryland's, Nebraska's, Oklahoma's, Nevada's, Michigan's, Missouri's, Iowa's, North Carolina's, Arkansas's, Wyoming's and Mississippi's shape a THIRTEENTH time. NOTHING WAS PROMOTED (§0.4), and the refusal runs BOTH ways: Self Regional Healthcare, McLeod Health, AnMed, Prisma Health and Tidelands Health read as hospital systems to anyone who knows South Carolina and are NOT promoted, while the nineteen SCDBHDD rows are the state's own behavioral health department and are NOT demoted to STATE_AGENCY. Both would be this pipeline asserting a form the document has not.",LOW,RECIPIENT_TYPE_INFERRED,Budget Period 1,NON_HOSPITAL,No,NOT_HOSPITAL,NA,"§10.2 -- the named recipient is not a hospital on the only evidence the document offers, which is its name. Where recipient_type is §8's standing fallback this is the CONSERVATIVE answer and the row is queued as SC_RECIPIENT_FORM_NOT_STATED: resolving it could only RAISE South Carolina's hospital figure, never lower it.","EXACT and per-recipient, published by SCDHHS for every one of the 228 rows. The document carries NO total of any kind, so the $167,299,900.69 this file reports is the SUM OF THE ROWS, corroborated from outside by CMS's own '228 grants' and '$167 Million' (2026-09-17) and by each project numbering 1..n with no gap.",NA,2026-09-15,data/evidence/SC/2026-09-21_sc_rhtp_year1_award_list_THE_ROSTER.pdf
SC,130,Prisma Health-Upstate (Laurens),58000,NONPROFIT_CBO,No,Shoring Up to Sustainability / Facility Enhancements,Yes,Yes,FY2026 (Year 1),SC RHTP Year 1 Award List,https://www.scdhhs.gov/sites/dhhs/files/SC%20RHTP%20Year%201%20Award%20List%20to%20CMS.pdf,NOTICE_OF_AWARD,PDF_TEXT,R/03ao_sc_year1_awardees.R,NA,NA,NA,NA,Shoring Up to Sustainability,Facility Enhancements,6,Prisma Health-Upstate (Laurens),"§8's STANDING FALLBACK. The award list publishes a recipient and an amount and NOTHING about the recipient's organisational form -- no type column, no county, no project description -- so Kansas's, Maryland's, Nebraska's, Oklahoma's, Nevada's, Michigan's, Missouri's, Iowa's, North Carolina's, Arkansas's, Wyoming's and Mississippi's shape a THIRTEENTH time. NOTHING WAS PROMOTED (§0.4), and the refusal runs BOTH ways: Self Regional Healthcare, McLeod Health, AnMed, Prisma Health and Tidelands Health read as hospital systems to anyone who knows South Carolina and are NOT promoted, while the nineteen SCDBHDD rows are the state's own behavioral health department and are NOT demoted to STATE_AGENCY. Both would be this pipeline asserting a form the document has not.",LOW,RECIPIENT_TYPE_INFERRED,Budget Period 1,NON_HOSPITAL,No,NOT_HOSPITAL,NA,"§10.2 -- the named recipient is not a hospital on the only evidence the document offers, which is its name. Where recipient_type is §8's standing fallback this is the CONSERVATIVE answer and the row is queued as SC_RECIPIENT_FORM_NOT_STATED: resolving it could only RAISE South Carolina's hospital figure, never lower it.","EXACT and per-recipient, published by SCDHHS for every one of the 228 rows. The document carries NO total of any kind, so the $167,299,900.69 this file reports is the SUM OF THE ROWS, corroborated from outside by CMS's own '228 grants' and '$167 Million' (2026-09-17) and by each project numbering 1..n with no gap.",NA,2026-09-15,data/evidence/SC/2026-09-21_sc_rhtp_year1_award_list_THE_ROSTER.pdf
SC,131,"South Carolina Comprehensive Treatment Center (CTC), LLC",66289,NONPROFIT_CBO,No,Shoring Up to Sustainability / Facility Enhancements,Yes,Yes,FY2026 (Year 1),SC RHTP Year 1 Award List,https://www.scdhhs.gov/sites/dhhs/files/SC%20RHTP%20Year%201%20Award%20List%20to%20CMS.pdf,NOTICE_OF_AWARD,PDF_TEXT,R/03ao_sc_year1_awardees.R,NA,NA,NA,NA,Shoring Up to Sustainability,Facility Enhancements,7,"South Carolina Comprehensive Treatment Center (CTC), LLC","§8's STANDING FALLBACK. The award list publishes a recipient and an amount and NOTHING about the recipient's organisational form -- no type column, no county, no project description -- so Kansas's, Maryland's, Nebraska's, Oklahoma's, Nevada's, Michigan's, Missouri's, Iowa's, North Carolina's, Arkansas's, Wyoming's and Mississippi's shape a THIRTEENTH time. NOTHING WAS PROMOTED (§0.4), and the refusal runs BOTH ways: Self Regional Healthcare, McLeod Health, AnMed, Prisma Health and Tidelands Health read as hospital systems to anyone who knows South Carolina and are NOT promoted, while the nineteen SCDBHDD rows are the state's own behavioral health department and are NOT demoted to STATE_AGENCY. Both would be this pipeline asserting a form the document has not.",LOW,RECIPIENT_TYPE_INFERRED,Budget Period 1,NON_HOSPITAL,No,NOT_HOSPITAL,NA,"§10.2 -- the named recipient is not a hospital on the only evidence the document offers, which is its name. Where recipient_type is §8's standing fallback this is the CONSERVATIVE answer and the row is queued as SC_RECIPIENT_FORM_NOT_STATED: resolving it could only RAISE South Carolina's hospital figure, never lower it.","EXACT and per-recipient, published by SCDHHS for every one of the 228 rows. The document carries NO total of any kind, so the $167,299,900.69 this file reports is the SUM OF THE ROWS, corroborated from outside by CMS's own '228 grants' and '$167 Million' (2026-09-17) and by each project numbering 1..n with no gap.",NA,2026-09-15,data/evidence/SC/2026-09-21_sc_rhtp_year1_award_list_THE_ROSTER.pdf
SC,132,Prisma Health-Upstate (Winnsboro),68000,NONPROFIT_CBO,No,Shoring Up to Sustainability / Facility Enhancements,Yes,Yes,FY2026 (Year 1),SC RHTP Year 1 Award List,https://www.scdhhs.gov/sites/dhhs/files/SC%20RHTP%20Year%201%20Award%20List%20to%20CMS.pdf,NOTICE_OF_AWARD,PDF_TEXT,R/03ao_sc_year1_awardees.R,NA,NA,NA,NA,Shoring Up to Sustainability,Facility Enhancements,8,Prisma Health-Upstate (Winnsboro),"§8's STANDING FALLBACK. The award list publishes a recipient and an amount and NOTHING about the recipient's organisational form -- no type column, no county, no project description -- so Kansas's, Maryland's, Nebraska's, Oklahoma's, Nevada's, Michigan's, Missouri's, Iowa's, North Carolina's, Arkansas's, Wyoming's and Mississippi's shape a THIRTEENTH time. NOTHING WAS PROMOTED (§0.4), and the refusal runs BOTH ways: Self Regional Healthcare, McLeod Health, AnMed, Prisma Health and Tidelands Health read as hospital systems to anyone who knows South Carolina and are NOT promoted, while the nineteen SCDBHDD rows are the state's own behavioral health department and are NOT demoted to STATE_AGENCY. Both would be this pipeline asserting a form the document has not.",LOW,RECIPIENT_TYPE_INFERRED,Budget Period 1,NON_HOSPITAL,No,NOT_HOSPITAL,NA,"§10.2 -- the named recipient is not a hospital on the only evidence the document offers, which is its name. Where recipient_type is §8's standing fallback this is the CONSERVATIVE answer and the row is queued as SC_RECIPIENT_FORM_NOT_STATED: resolving it could only RAISE South Carolina's hospital figure, never lower it.","EXACT and per-recipient, published by SCDHHS for every one of the 228 rows. The document carries NO total of any kind, so the $167,299,900.69 this file reports is the SUM OF THE ROWS, corroborated from outside by CMS's own '228 grants' and '$167 Million' (2026-09-17) and by each project numbering 1..n with no gap.",NA,2026-09-15,data/evidence/SC/2026-09-21_sc_rhtp_year1_award_list_THE_ROSTER.pdf
SC,133,Newberry County Memorial Hospital,92815.8,HOSPITAL_OR_SYSTEM,Yes,Shoring Up to Sustainability / Facility Enhancements,Yes,Yes,FY2026 (Year 1),SC RHTP Year 1 Award List,https://www.scdhhs.gov/sites/dhhs/files/SC%20RHTP%20Year%201%20Award%20List%20to%20CMS.pdf,NOTICE_OF_AWARD,PDF_TEXT,R/03ao_sc_year1_awardees.R,NA,NA,NA,NA,Shoring Up to Sustainability,Facility Enhancements,9,Newberry County Memorial Hospital,DERIVED FROM THE RECIPIENT'S OWN NAME by rhtp_classify_recipient_type().,HIGH,NA,Budget Period 1,DIRECT,Yes,NAMED_HOSPITAL,NA,"§10.2 DIRECT -- the named recipient is itself a hospital or health system, so recipient identity IS the flow test and no description decides it (§0.3a). The award is MADE: SCDHHS issued Notices of Award Determination on its own published date of 2026-07-31 (MB# 26-026) and posted this list, headed 'Year 1 Awards', on 2026-09-15.","EXACT and per-recipient, published by SCDHHS for every one of the 228 rows. The document carries NO total of any kind, so the $167,299,900.69 this file reports is the SUM OF THE ROWS, corroborated from outside by CMS's own '228 grants' and '$167 Million' (2026-09-17) and by each project numbering 1..n with no gap.",NA,2026-09-15,data/evidence/SC/2026-09-21_sc_rhtp_year1_award_list_THE_ROSTER.pdf
SC,134,Hampton Regional Medical Center,98280,HOSPITAL_OR_SYSTEM,Yes,Shoring Up to Sustainability / Facility Enhancements,Yes,Yes,FY2026 (Year 1),SC RHTP Year 1 Award List,https://www.scdhhs.gov/sites/dhhs/files/SC%20RHTP%20Year%201%20Award%20List%20to%20CMS.pdf,NOTICE_OF_AWARD,PDF_TEXT,R/03ao_sc_year1_awardees.R,NA,NA,NA,NA,Shoring Up to Sustainability,Facility Enhancements,10,Hampton Regional Medical Center,DERIVED FROM THE RECIPIENT'S OWN NAME by rhtp_classify_recipient_type().,HIGH,NA,Budget Period 1,DIRECT,Yes,NAMED_HOSPITAL,NA,"§10.2 DIRECT -- the named recipient is itself a hospital or health system, so recipient identity IS the flow test and no description decides it (§0.3a). The award is MADE: SCDHHS issued Notices of Award Determination on its own published date of 2026-07-31 (MB# 26-026) and posted this list, headed 'Year 1 Awards', on 2026-09-15.","EXACT and per-recipient, published by SCDHHS for every one of the 228 rows. The document carries NO total of any kind, so the $167,299,900.69 this file reports is the SUM OF THE ROWS, corroborated from outside by CMS's own '228 grants' and '$167 Million' (2026-09-17) and by each project numbering 1..n with no gap.",NA,2026-09-15,data/evidence/SC/2026-09-21_sc_rhtp_year1_award_list_THE_ROSTER.pdf
SC,135,"Family Medicine Associates, LLC",109000,PHYSICIAN_PRACTICE,No,Shoring Up to Sustainability / Facility Enhancements,Yes,Yes,FY2026 (Year 1),SC RHTP Year 1 Award List,https://www.scdhhs.gov/sites/dhhs/files/SC%20RHTP%20Year%201%20Award%20List%20to%20CMS.pdf,NOTICE_OF_AWARD,PDF_TEXT,R/03ao_sc_year1_awardees.R,NA,NA,NA,NA,Shoring Up to Sustainability,Facility Enhancements,11,"Family Medicine Associates, LLC",DERIVED FROM THE RECIPIENT'S OWN NAME by rhtp_classify_recipient_type().,MEDIUM,NA,Budget Period 1,NON_HOSPITAL,No,NOT_HOSPITAL,NA,"§10.2 -- the named recipient is not a hospital on the only evidence the document offers, which is its name. Where recipient_type is §8's standing fallback this is the CONSERVATIVE answer and the row is queued as SC_RECIPIENT_FORM_NOT_STATED: resolving it could only RAISE South Carolina's hospital figure, never lower it.","EXACT and per-recipient, published by SCDHHS for every one of the 228 rows. The document carries NO total of any kind, so the $167,299,900.69 this file reports is the SUM OF THE ROWS, corroborated from outside by CMS's own '228 grants' and '$167 Million' (2026-09-17) and by each project numbering 1..n with no gap.",NA,2026-09-15,data/evidence/SC/2026-09-21_sc_rhtp_year1_award_list_THE_ROSTER.pdf
SC,136,"Carolina Health Centers, Inc. (CHC)",112018,NONPROFIT_CBO,No,Shoring Up to Sustainability / Facility Enhancements,Yes,Yes,FY2026 (Year 1),SC RHTP Year 1 Award List,https://www.scdhhs.gov/sites/dhhs/files/SC%20RHTP%20Year%201%20Award%20List%20to%20CMS.pdf,NOTICE_OF_AWARD,PDF_TEXT,R/03ao_sc_year1_awardees.R,NA,NA,NA,NA,Shoring Up to Sustainability,Facility Enhancements,12,"Carolina Health Centers, Inc. (CHC)","§8's STANDING FALLBACK. The award list publishes a recipient and an amount and NOTHING about the recipient's organisational form -- no type column, no county, no project description -- so Kansas's, Maryland's, Nebraska's, Oklahoma's, Nevada's, Michigan's, Missouri's, Iowa's, North Carolina's, Arkansas's, Wyoming's and Mississippi's shape a THIRTEENTH time. NOTHING WAS PROMOTED (§0.4), and the refusal runs BOTH ways: Self Regional Healthcare, McLeod Health, AnMed, Prisma Health and Tidelands Health read as hospital systems to anyone who knows South Carolina and are NOT promoted, while the nineteen SCDBHDD rows are the state's own behavioral health department and are NOT demoted to STATE_AGENCY. Both would be this pipeline asserting a form the document has not.",LOW,RECIPIENT_TYPE_INFERRED,Budget Period 1,NON_HOSPITAL,No,NOT_HOSPITAL,NA,"§10.2 -- the named recipient is not a hospital on the only evidence the document offers, which is its name. Where recipient_type is §8's standing fallback this is the CONSERVATIVE answer and the row is queued as SC_RECIPIENT_FORM_NOT_STATED: resolving it could only RAISE South Carolina's hospital figure, never lower it.","EXACT and per-recipient, published by SCDHHS for every one of the 228 rows. The document carries NO total of any kind, so the $167,299,900.69 this file reports is the SUM OF THE ROWS, corroborated from outside by CMS's own '228 grants' and '$167 Million' (2026-09-17) and by each project numbering 1..n with no gap.",NA,2026-09-15,data/evidence/SC/2026-09-21_sc_rhtp_year1_award_list_THE_ROSTER.pdf
SC,137,Lovelace Family Medicine,115818.05,PHYSICIAN_PRACTICE,No,Shoring Up to Sustainability / Facility Enhancements,Yes,Yes,FY2026 (Year 1),SC RHTP Year 1 Award List,https://www.scdhhs.gov/sites/dhhs/files/SC%20RHTP%20Year%201%20Award%20List%20to%20CMS.pdf,NOTICE_OF_AWARD,PDF_TEXT,R/03ao_sc_year1_awardees.R,NA,NA,NA,NA,Shoring Up to Sustainability,Facility Enhancements,13,Lovelace Family Medicine,DERIVED FROM THE RECIPIENT'S OWN NAME by rhtp_classify_recipient_type().,MEDIUM,NA,Budget Period 1,NON_HOSPITAL,No,NOT_HOSPITAL,NA,"§10.2 -- the named recipient is not a hospital on the only evidence the document offers, which is its name. Where recipient_type is §8's standing fallback this is the CONSERVATIVE answer and the row is queued as SC_RECIPIENT_FORM_NOT_STATED: resolving it could only RAISE South Carolina's hospital figure, never lower it.","EXACT and per-recipient, published by SCDHHS for every one of the 228 rows. The document carries NO total of any kind, so the $167,299,900.69 this file reports is the SUM OF THE ROWS, corroborated from outside by CMS's own '228 grants' and '$167 Million' (2026-09-17) and by each project numbering 1..n with no gap.",NA,2026-09-15,data/evidence/SC/2026-09-21_sc_rhtp_year1_award_list_THE_ROSTER.pdf
SC,138,"Smith Medical Clinic, LLC",119500,NONPROFIT_CBO,No,Shoring Up to Sustainability / Facility Enhancements,Yes,Yes,FY2026 (Year 1),SC RHTP Year 1 Award List,https://www.scdhhs.gov/sites/dhhs/files/SC%20RHTP%20Year%201%20Award%20List%20to%20CMS.pdf,NOTICE_OF_AWARD,PDF_TEXT,R/03ao_sc_year1_awardees.R,NA,NA,NA,NA,Shoring Up to Sustainability,Facility Enhancements,14,"Smith Medical Clinic, LLC","§8's STANDING FALLBACK. The award list publishes a recipient and an amount and NOTHING about the recipient's organisational form -- no type column, no county, no project description -- so Kansas's, Maryland's, Nebraska's, Oklahoma's, Nevada's, Michigan's, Missouri's, Iowa's, North Carolina's, Arkansas's, Wyoming's and Mississippi's shape a THIRTEENTH time. NOTHING WAS PROMOTED (§0.4), and the refusal runs BOTH ways: Self Regional Healthcare, McLeod Health, AnMed, Prisma Health and Tidelands Health read as hospital systems to anyone who knows South Carolina and are NOT promoted, while the nineteen SCDBHDD rows are the state's own behavioral health department and are NOT demoted to STATE_AGENCY. Both would be this pipeline asserting a form the document has not.",LOW,RECIPIENT_TYPE_INFERRED,Budget Period 1,NON_HOSPITAL,No,NOT_HOSPITAL,NA,"§10.2 -- the named recipient is not a hospital on the only evidence the document offers, which is its name. Where recipient_type is §8's standing fallback this is the CONSERVATIVE answer and the row is queued as SC_RECIPIENT_FORM_NOT_STATED: resolving it could only RAISE South Carolina's hospital figure, never lower it.","EXACT and per-recipient, published by SCDHHS for every one of the 228 rows. The document carries NO total of any kind, so the $167,299,900.69 this file reports is the SUM OF THE ROWS, corroborated from outside by CMS's own '228 grants' and '$167 Million' (2026-09-17) and by each project numbering 1..n with no gap.",NA,2026-09-15,data/evidence/SC/2026-09-21_sc_rhtp_year1_award_list_THE_ROSTER.pdf
SC,139,Hampton Regional Medical Center,125000,HOSPITAL_OR_SYSTEM,Yes,Shoring Up to Sustainability / Facility Enhancements,Yes,Yes,FY2026 (Year 1),SC RHTP Year 1 Award List,https://www.scdhhs.gov/sites/dhhs/files/SC%20RHTP%20Year%201%20Award%20List%20to%20CMS.pdf,NOTICE_OF_AWARD,PDF_TEXT,R/03ao_sc_year1_awardees.R,NA,NA,NA,NA,Shoring Up to Sustainability,Facility Enhancements,15,Hampton Regional Medical Center,DERIVED FROM THE RECIPIENT'S OWN NAME by rhtp_classify_recipient_type().,HIGH,NA,Budget Period 1,DIRECT,Yes,NAMED_HOSPITAL,NA,"§10.2 DIRECT -- the named recipient is itself a hospital or health system, so recipient identity IS the flow test and no description decides it (§0.3a). The award is MADE: SCDHHS issued Notices of Award Determination on its own published date of 2026-07-31 (MB# 26-026) and posted this list, headed 'Year 1 Awards', on 2026-09-15.","EXACT and per-recipient, published by SCDHHS for every one of the 228 rows. The document carries NO total of any kind, so the $167,299,900.69 this file reports is the SUM OF THE ROWS, corroborated from outside by CMS's own '228 grants' and '$167 Million' (2026-09-17) and by each project numbering 1..n with no gap.",NA,2026-09-15,data/evidence/SC/2026-09-21_sc_rhtp_year1_award_list_THE_ROSTER.pdf
SC,140,Prisma Health-Upstate (Laurens),130000,NONPROFIT_CBO,No,Shoring Up to Sustainability / Facility Enhancements,Yes,Yes,FY2026 (Year 1),SC RHTP Year 1 Award List,https://www.scdhhs.gov/sites/dhhs/files/SC%20RHTP%20Year%201%20Award%20List%20to%20CMS.pdf,NOTICE_OF_AWARD,PDF_TEXT,R/03ao_sc_year1_awardees.R,NA,NA,NA,NA,Shoring Up to Sustainability,Facility Enhancements,16,Prisma Health-Upstate (Laurens),"§8's STANDING FALLBACK. The award list publishes a recipient and an amount and NOTHING about the recipient's organisational form -- no type column, no county, no project description -- so Kansas's, Maryland's, Nebraska's, Oklahoma's, Nevada's, Michigan's, Missouri's, Iowa's, North Carolina's, Arkansas's, Wyoming's and Mississippi's shape a THIRTEENTH time. NOTHING WAS PROMOTED (§0.4), and the refusal runs BOTH ways: Self Regional Healthcare, McLeod Health, AnMed, Prisma Health and Tidelands Health read as hospital systems to anyone who knows South Carolina and are NOT promoted, while the nineteen SCDBHDD rows are the state's own behavioral health department and are NOT demoted to STATE_AGENCY. Both would be this pipeline asserting a form the document has not.",LOW,RECIPIENT_TYPE_INFERRED,Budget Period 1,NON_HOSPITAL,No,NOT_HOSPITAL,NA,"§10.2 -- the named recipient is not a hospital on the only evidence the document offers, which is its name. Where recipient_type is §8's standing fallback this is the CONSERVATIVE answer and the row is queued as SC_RECIPIENT_FORM_NOT_STATED: resolving it could only RAISE South Carolina's hospital figure, never lower it.","EXACT and per-recipient, published by SCDHHS for every one of the 228 rows. The document carries NO total of any kind, so the $167,299,900.69 this file reports is the SUM OF THE ROWS, corroborated from outside by CMS's own '228 grants' and '$167 Million' (2026-09-17) and by each project numbering 1..n with no gap.",NA,2026-09-15,data/evidence/SC/2026-09-21_sc_rhtp_year1_award_list_THE_ROSTER.pdf
SC,141,Self Regional Healthcare (Lakelands Region),140000,NONPROFIT_CBO,No,Shoring Up to Sustainability / Facility Enhancements,Yes,Yes,FY2026 (Year 1),SC RHTP Year 1 Award List,https://www.scdhhs.gov/sites/dhhs/files/SC%20RHTP%20Year%201%20Award%20List%20to%20CMS.pdf,NOTICE_OF_AWARD,PDF_TEXT,R/03ao_sc_year1_awardees.R,NA,NA,NA,NA,Shoring Up to Sustainability,Facility Enhancements,17,Self Regional Healthcare (Lakelands Region),"§8's STANDING FALLBACK. The award list publishes a recipient and an amount and NOTHING about the recipient's organisational form -- no type column, no county, no project description -- so Kansas's, Maryland's, Nebraska's, Oklahoma's, Nevada's, Michigan's, Missouri's, Iowa's, North Carolina's, Arkansas's, Wyoming's and Mississippi's shape a THIRTEENTH time. NOTHING WAS PROMOTED (§0.4), and the refusal runs BOTH ways: Self Regional Healthcare, McLeod Health, AnMed, Prisma Health and Tidelands Health read as hospital systems to anyone who knows South Carolina and are NOT promoted, while the nineteen SCDBHDD rows are the state's own behavioral health department and are NOT demoted to STATE_AGENCY. Both would be this pipeline asserting a form the document has not.",LOW,RECIPIENT_TYPE_INFERRED,Budget Period 1,NON_HOSPITAL,No,NOT_HOSPITAL,NA,"§10.2 -- the named recipient is not a hospital on the only evidence the document offers, which is its name. Where recipient_type is §8's standing fallback this is the CONSERVATIVE answer and the row is queued as SC_RECIPIENT_FORM_NOT_STATED: resolving it could only RAISE South Carolina's hospital figure, never lower it.","EXACT and per-recipient, published by SCDHHS for every one of the 228 rows. The document carries NO total of any kind, so the $167,299,900.69 this file reports is the SUM OF THE ROWS, corroborated from outside by CMS's own '228 grants' and '$167 Million' (2026-09-17) and by each project numbering 1..n with no gap.",NA,2026-09-15,data/evidence/SC/2026-09-21_sc_rhtp_year1_award_list_THE_ROSTER.pdf
SC,142,Self Regional Healthcare (Greenwood Pediatrics),145000,PHYSICIAN_PRACTICE,No,Shoring Up to Sustainability / Facility Enhancements,Yes,Yes,FY2026 (Year 1),SC RHTP Year 1 Award List,https://www.scdhhs.gov/sites/dhhs/files/SC%20RHTP%20Year%201%20Award%20List%20to%20CMS.pdf,NOTICE_OF_AWARD,PDF_TEXT,R/03ao_sc_year1_awardees.R,NA,NA,NA,NA,Shoring Up to Sustainability,Facility Enhancements,18,Self Regional Healthcare (Greenwood Pediatrics),DERIVED FROM THE RECIPIENT'S OWN NAME by rhtp_classify_recipient_type().,MEDIUM,NA,Budget Period 1,NON_HOSPITAL,No,NOT_HOSPITAL,NA,"§10.2 -- the named recipient is not a hospital on the only evidence the document offers, which is its name. Where recipient_type is §8's standing fallback this is the CONSERVATIVE answer and the row is queued as SC_RECIPIENT_FORM_NOT_STATED: resolving it could only RAISE South Carolina's hospital figure, never lower it.","EXACT and per-recipient, published by SCDHHS for every one of the 228 rows. The document carries NO total of any kind, so the $167,299,900.69 this file reports is the SUM OF THE ROWS, corroborated from outside by CMS's own '228 grants' and '$167 Million' (2026-09-17) and by each project numbering 1..n with no gap.",NA,2026-09-15,data/evidence/SC/2026-09-21_sc_rhtp_year1_award_list_THE_ROSTER.pdf
SC,143,Prisma Health-Upstate (Laurens),149300,NONPROFIT_CBO,No,Shoring Up to Sustainability / Facility Enhancements,Yes,Yes,FY2026 (Year 1),SC RHTP Year 1 Award List,https://www.scdhhs.gov/sites/dhhs/files/SC%20RHTP%20Year%201%20Award%20List%20to%20CMS.pdf,NOTICE_OF_AWARD,PDF_TEXT,R/03ao_sc_year1_awardees.R,NA,NA,NA,NA,Shoring Up to Sustainability,Facility Enhancements,19,Prisma Health-Upstate (Laurens),"§8's STANDING FALLBACK. The award list publishes a recipient and an amount and NOTHING about the recipient's organisational form -- no type column, no county, no project description -- so Kansas's, Maryland's, Nebraska's, Oklahoma's, Nevada's, Michigan's, Missouri's, Iowa's, North Carolina's, Arkansas's, Wyoming's and Mississippi's shape a THIRTEENTH time. NOTHING WAS PROMOTED (§0.4), and the refusal runs BOTH ways: Self Regional Healthcare, McLeod Health, AnMed, Prisma Health and Tidelands Health read as hospital systems to anyone who knows South Carolina and are NOT promoted, while the nineteen SCDBHDD rows are the state's own behavioral health department and are NOT demoted to STATE_AGENCY. Both would be this pipeline asserting a form the document has not.",LOW,RECIPIENT_TYPE_INFERRED,Budget Period 1,NON_HOSPITAL,No,NOT_HOSPITAL,NA,"§10.2 -- the named recipient is not a hospital on the only evidence the document offers, which is its name. Where recipient_type is §8's standing fallback this is the CONSERVATIVE answer and the row is queued as SC_RECIPIENT_FORM_NOT_STATED: resolving it could only RAISE South Carolina's hospital figure, never lower it.","EXACT and per-recipient, published by SCDHHS for every one of the 228 rows. The document carries NO total of any kind, so the $167,299,900.69 this file reports is the SUM OF THE ROWS, corroborated from outside by CMS's own '228 grants' and '$167 Million' (2026-09-17) and by each project numbering 1..n with no gap.",NA,2026-09-15,data/evidence/SC/2026-09-21_sc_rhtp_year1_award_list_THE_ROSTER.pdf
SC,144,Medical University Hospital Authority (Lancaster),150000,HOSPITAL_OR_SYSTEM,Yes,Shoring Up to Sustainability / Facility Enhancements,Yes,Yes,FY2026 (Year 1),SC RHTP Year 1 Award List,https://www.scdhhs.gov/sites/dhhs/files/SC%20RHTP%20Year%201%20Award%20List%20to%20CMS.pdf,NOTICE_OF_AWARD,PDF_TEXT,R/03ao_sc_year1_awardees.R,NA,NA,NA,NA,Shoring Up to Sustainability,Facility Enhancements,20,Medical University Hospital Authority (Lancaster),DERIVED FROM THE RECIPIENT'S OWN NAME by rhtp_classify_recipient_type().,HIGH,NA,Budget Period 1,DIRECT,Yes,NAMED_HOSPITAL,NA,"§10.2 DIRECT -- the named recipient is itself a hospital or health system, so recipient identity IS the flow test and no description decides it (§0.3a). The award is MADE: SCDHHS issued Notices of Award Determination on its own published date of 2026-07-31 (MB# 26-026) and posted this list, headed 'Year 1 Awards', on 2026-09-15.","EXACT and per-recipient, published by SCDHHS for every one of the 228 rows. The document carries NO total of any kind, so the $167,299,900.69 this file reports is the SUM OF THE ROWS, corroborated from outside by CMS's own '228 grants' and '$167 Million' (2026-09-17) and by each project numbering 1..n with no gap.",NA,2026-09-15,data/evidence/SC/2026-09-21_sc_rhtp_year1_award_list_THE_ROSTER.pdf
SC,145,"Carolina Health Centers, Inc. (CHC)",151181,NONPROFIT_CBO,No,Shoring Up to Sustainability / Facility Enhancements,Yes,Yes,FY2026 (Year 1),SC RHTP Year 1 Award List,https://www.scdhhs.gov/sites/dhhs/files/SC%20RHTP%20Year%201%20Award%20List%20to%20CMS.pdf,NOTICE_OF_AWARD,PDF_TEXT,R/03ao_sc_year1_awardees.R,NA,NA,NA,NA,Shoring Up to Sustainability,Facility Enhancements,21,"Carolina Health Centers, Inc. (CHC)","§8's STANDING FALLBACK. The award list publishes a recipient and an amount and NOTHING about the recipient's organisational form -- no type column, no county, no project description -- so Kansas's, Maryland's, Nebraska's, Oklahoma's, Nevada's, Michigan's, Missouri's, Iowa's, North Carolina's, Arkansas's, Wyoming's and Mississippi's shape a THIRTEENTH time. NOTHING WAS PROMOTED (§0.4), and the refusal runs BOTH ways: Self Regional Healthcare, McLeod Health, AnMed, Prisma Health and Tidelands Health read as hospital systems to anyone who knows South Carolina and are NOT promoted, while the nineteen SCDBHDD rows are the state's own behavioral health department and are NOT demoted to STATE_AGENCY. Both would be this pipeline asserting a form the document has not.",LOW,RECIPIENT_TYPE_INFERRED,Budget Period 1,NON_HOSPITAL,No,NOT_HOSPITAL,NA,"§10.2 -- the named recipient is not a hospital on the only evidence the document offers, which is its name. Where recipient_type is §8's standing fallback this is the CONSERVATIVE answer and the row is queued as SC_RECIPIENT_FORM_NOT_STATED: resolving it could only RAISE South Carolina's hospital figure, never lower it.","EXACT and per-recipient, published by SCDHHS for every one of the 228 rows. The document carries NO total of any kind, so the $167,299,900.69 this file reports is the SUM OF THE ROWS, corroborated from outside by CMS's own '228 grants' and '$167 Million' (2026-09-17) and by each project numbering 1..n with no gap.",NA,2026-09-15,data/evidence/SC/2026-09-21_sc_rhtp_year1_award_list_THE_ROSTER.pdf
SC,146,"Healthy Smiles of Spartanburg, Inc.",156753.6,NONPROFIT_CBO,No,Shoring Up to Sustainability / Facility Enhancements,Yes,Yes,FY2026 (Year 1),SC RHTP Year 1 Award List,https://www.scdhhs.gov/sites/dhhs/files/SC%20RHTP%20Year%201%20Award%20List%20to%20CMS.pdf,NOTICE_OF_AWARD,PDF_TEXT,R/03ao_sc_year1_awardees.R,NA,NA,NA,NA,Shoring Up to Sustainability,Facility Enhancements,22,"Healthy Smiles of Spartanburg, Inc.","§8's STANDING FALLBACK. The award list publishes a recipient and an amount and NOTHING about the recipient's organisational form -- no type column, no county, no project description -- so Kansas's, Maryland's, Nebraska's, Oklahoma's, Nevada's, Michigan's, Missouri's, Iowa's, North Carolina's, Arkansas's, Wyoming's and Mississippi's shape a THIRTEENTH time. NOTHING WAS PROMOTED (§0.4), and the refusal runs BOTH ways: Self Regional Healthcare, McLeod Health, AnMed, Prisma Health and Tidelands Health read as hospital systems to anyone who knows South Carolina and are NOT promoted, while the nineteen SCDBHDD rows are the state's own behavioral health department and are NOT demoted to STATE_AGENCY. Both would be this pipeline asserting a form the document has not.",LOW,RECIPIENT_TYPE_INFERRED,Budget Period 1,NON_HOSPITAL,No,NOT_HOSPITAL,NA,"§10.2 -- the named recipient is not a hospital on the only evidence the document offers, which is its name. Where recipient_type is §8's standing fallback this is the CONSERVATIVE answer and the row is queued as SC_RECIPIENT_FORM_NOT_STATED: resolving it could only RAISE South Carolina's hospital figure, never lower it.","EXACT and per-recipient, published by SCDHHS for every one of the 228 rows. The document carries NO total of any kind, so the $167,299,900.69 this file reports is the SUM OF THE ROWS, corroborated from outside by CMS's own '228 grants' and '$167 Million' (2026-09-17) and by each project numbering 1..n with no gap.",NA,2026-09-15,data/evidence/SC/2026-09-21_sc_rhtp_year1_award_list_THE_ROSTER.pdf
SC,147,Low Country Health Care System (LCHCS),158034.85,NONPROFIT_CBO,No,Shoring Up to Sustainability / Facility Enhancements,Yes,Yes,FY2026 (Year 1),SC RHTP Year 1 Award List,https://www.scdhhs.gov/sites/dhhs/files/SC%20RHTP%20Year%201%20Award%20List%20to%20CMS.pdf,NOTICE_OF_AWARD,PDF_TEXT,R/03ao_sc_year1_awardees.R,NA,NA,NA,NA,Shoring Up to Sustainability,Facility Enhancements,23,Low Country Health Care System (LCHCS),"§8's STANDING FALLBACK. The award list publishes a recipient and an amount and NOTHING about the recipient's organisational form -- no type column, no county, no project description -- so Kansas's, Maryland's, Nebraska's, Oklahoma's, Nevada's, Michigan's, Missouri's, Iowa's, North Carolina's, Arkansas's, Wyoming's and Mississippi's shape a THIRTEENTH time. NOTHING WAS PROMOTED (§0.4), and the refusal runs BOTH ways: Self Regional Healthcare, McLeod Health, AnMed, Prisma Health and Tidelands Health read as hospital systems to anyone who knows South Carolina and are NOT promoted, while the nineteen SCDBHDD rows are the state's own behavioral health department and are NOT demoted to STATE_AGENCY. Both would be this pipeline asserting a form the document has not.",LOW,RECIPIENT_TYPE_INFERRED,Budget Period 1,NON_HOSPITAL,No,NOT_HOSPITAL,NA,"§10.2 -- the named recipient is not a hospital on the only evidence the document offers, which is its name. Where recipient_type is §8's standing fallback this is the CONSERVATIVE answer and the row is queued as SC_RECIPIENT_FORM_NOT_STATED: resolving it could only RAISE South Carolina's hospital figure, never lower it.","EXACT and per-recipient, published by SCDHHS for every one of the 228 rows. The document carries NO total of any kind, so the $167,299,900.69 this file reports is the SUM OF THE ROWS, corroborated from outside by CMS's own '228 grants' and '$167 Million' (2026-09-17) and by each project numbering 1..n with no gap.",NA,2026-09-15,data/evidence/SC/2026-09-21_sc_rhtp_year1_award_list_THE_ROSTER.pdf
SC,148,Tandem Health SC (THSC),162000,NONPROFIT_CBO,No,Shoring Up to Sustainability / Facility Enhancements,Yes,Yes,FY2026 (Year 1),SC RHTP Year 1 Award List,https://www.scdhhs.gov/sites/dhhs/files/SC%20RHTP%20Year%201%20Award%20List%20to%20CMS.pdf,NOTICE_OF_AWARD,PDF_TEXT,R/03ao_sc_year1_awardees.R,NA,NA,NA,NA,Shoring Up to Sustainability,Facility Enhancements,24,Tandem Health SC (THSC),"§8's STANDING FALLBACK. The award list publishes a recipient and an amount and NOTHING about the recipient's organisational form -- no type column, no county, no project description -- so Kansas's, Maryland's, Nebraska's, Oklahoma's, Nevada's, Michigan's, Missouri's, Iowa's, North Carolina's, Arkansas's, Wyoming's and Mississippi's shape a THIRTEENTH time. NOTHING WAS PROMOTED (§0.4), and the refusal runs BOTH ways: Self Regional Healthcare, McLeod Health, AnMed, Prisma Health and Tidelands Health read as hospital systems to anyone who knows South Carolina and are NOT promoted, while the nineteen SCDBHDD rows are the state's own behavioral health department and are NOT demoted to STATE_AGENCY. Both would be this pipeline asserting a form the document has not.",LOW,RECIPIENT_TYPE_INFERRED,Budget Period 1,NON_HOSPITAL,No,NOT_HOSPITAL,NA,"§10.2 -- the named recipient is not a hospital on the only evidence the document offers, which is its name. Where recipient_type is §8's standing fallback this is the CONSERVATIVE answer and the row is queued as SC_RECIPIENT_FORM_NOT_STATED: resolving it could only RAISE South Carolina's hospital figure, never lower it.","EXACT and per-recipient, published by SCDHHS for every one of the 228 rows. The document carries NO total of any kind, so the $167,299,900.69 this file reports is the SUM OF THE ROWS, corroborated from outside by CMS's own '228 grants' and '$167 Million' (2026-09-17) and by each project numbering 1..n with no gap.",NA,2026-09-15,data/evidence/SC/2026-09-21_sc_rhtp_year1_award_list_THE_ROSTER.pdf
SC,149,"Hand of Hope Children's Therapy Center, LLC",170683,NONPROFIT_CBO,No,Shoring Up to Sustainability / Facility Enhancements,Yes,Yes,FY2026 (Year 1),SC RHTP Year 1 Award List,https://www.scdhhs.gov/sites/dhhs/files/SC%20RHTP%20Year%201%20Award%20List%20to%20CMS.pdf,NOTICE_OF_AWARD,PDF_TEXT,R/03ao_sc_year1_awardees.R,NA,NA,NA,NA,Shoring Up to Sustainability,Facility Enhancements,25,"Hand of Hope Children's Therapy Center, LLC","§8's STANDING FALLBACK. The award list publishes a recipient and an amount and NOTHING about the recipient's organisational form -- no type column, no county, no project description -- so Kansas's, Maryland's, Nebraska's, Oklahoma's, Nevada's, Michigan's, Missouri's, Iowa's, North Carolina's, Arkansas's, Wyoming's and Mississippi's shape a THIRTEENTH time. NOTHING WAS PROMOTED (§0.4), and the refusal runs BOTH ways: Self Regional Healthcare, McLeod Health, AnMed, Prisma Health and Tidelands Health read as hospital systems to anyone who knows South Carolina and are NOT promoted, while the nineteen SCDBHDD rows are the state's own behavioral health department and are NOT demoted to STATE_AGENCY. Both would be this pipeline asserting a form the document has not.",LOW,RECIPIENT_TYPE_INFERRED,Budget Period 1,NON_HOSPITAL,No,NOT_HOSPITAL,NA,"§10.2 -- the named recipient is not a hospital on the only evidence the document offers, which is its name. Where recipient_type is §8's standing fallback this is the CONSERVATIVE answer and the row is queued as SC_RECIPIENT_FORM_NOT_STATED: resolving it could only RAISE South Carolina's hospital figure, never lower it.","EXACT and per-recipient, published by SCDHHS for every one of the 228 rows. The document carries NO total of any kind, so the $167,299,900.69 this file reports is the SUM OF THE ROWS, corroborated from outside by CMS's own '228 grants' and '$167 Million' (2026-09-17) and by each project numbering 1..n with no gap.",NA,2026-09-15,data/evidence/SC/2026-09-21_sc_rhtp_year1_award_list_THE_ROSTER.pdf
SC,150,"Carolina Health Centers, Inc. (CHC)",180010,NONPROFIT_CBO,No,Shoring Up to Sustainability / Facility Enhancements,Yes,Yes,FY2026 (Year 1),SC RHTP Year 1 Award List,https://www.scdhhs.gov/sites/dhhs/files/SC%20RHTP%20Year%201%20Award%20List%20to%20CMS.pdf,NOTICE_OF_AWARD,PDF_TEXT,R/03ao_sc_year1_awardees.R,NA,NA,NA,NA,Shoring Up to Sustainability,Facility Enhancements,26,"Carolina Health Centers, Inc. (CHC)","§8's STANDING FALLBACK. The award list publishes a recipient and an amount and NOTHING about the recipient's organisational form -- no type column, no county, no project description -- so Kansas's, Maryland's, Nebraska's, Oklahoma's, Nevada's, Michigan's, Missouri's, Iowa's, North Carolina's, Arkansas's, Wyoming's and Mississippi's shape a THIRTEENTH time. NOTHING WAS PROMOTED (§0.4), and the refusal runs BOTH ways: Self Regional Healthcare, McLeod Health, AnMed, Prisma Health and Tidelands Health read as hospital systems to anyone who knows South Carolina and are NOT promoted, while the nineteen SCDBHDD rows are the state's own behavioral health department and are NOT demoted to STATE_AGENCY. Both would be this pipeline asserting a form the document has not.",LOW,RECIPIENT_TYPE_INFERRED,Budget Period 1,NON_HOSPITAL,No,NOT_HOSPITAL,NA,"§10.2 -- the named recipient is not a hospital on the only evidence the document offers, which is its name. Where recipient_type is §8's standing fallback this is the CONSERVATIVE answer and the row is queued as SC_RECIPIENT_FORM_NOT_STATED: resolving it could only RAISE South Carolina's hospital figure, never lower it.","EXACT and per-recipient, published by SCDHHS for every one of the 228 rows. The document carries NO total of any kind, so the $167,299,900.69 this file reports is the SUM OF THE ROWS, corroborated from outside by CMS's own '228 grants' and '$167 Million' (2026-09-17) and by each project numbering 1..n with no gap.",NA,2026-09-15,data/evidence/SC/2026-09-21_sc_rhtp_year1_award_list_THE_ROSTER.pdf
SC,151,Pinner Clinic,183400,NONPROFIT_CBO,No,Shoring Up to Sustainability / Facility Enhancements,Yes,Yes,FY2026 (Year 1),SC RHTP Year 1 Award List,https://www.scdhhs.gov/sites/dhhs/files/SC%20RHTP%20Year%201%20Award%20List%20to%20CMS.pdf,NOTICE_OF_AWARD,PDF_TEXT,R/03ao_sc_year1_awardees.R,NA,NA,NA,NA,Shoring Up to Sustainability,Facility Enhancements,27,Pinner Clinic,"§8's STANDING FALLBACK. The award list publishes a recipient and an amount and NOTHING about the recipient's organisational form -- no type column, no county, no project description -- so Kansas's, Maryland's, Nebraska's, Oklahoma's, Nevada's, Michigan's, Missouri's, Iowa's, North Carolina's, Arkansas's, Wyoming's and Mississippi's shape a THIRTEENTH time. NOTHING WAS PROMOTED (§0.4), and the refusal runs BOTH ways: Self Regional Healthcare, McLeod Health, AnMed, Prisma Health and Tidelands Health read as hospital systems to anyone who knows South Carolina and are NOT promoted, while the nineteen SCDBHDD rows are the state's own behavioral health department and are NOT demoted to STATE_AGENCY. Both would be this pipeline asserting a form the document has not.",LOW,RECIPIENT_TYPE_INFERRED,Budget Period 1,NON_HOSPITAL,No,NOT_HOSPITAL,NA,"§10.2 -- the named recipient is not a hospital on the only evidence the document offers, which is its name. Where recipient_type is §8's standing fallback this is the CONSERVATIVE answer and the row is queued as SC_RECIPIENT_FORM_NOT_STATED: resolving it could only RAISE South Carolina's hospital figure, never lower it.","EXACT and per-recipient, published by SCDHHS for every one of the 228 rows. The document carries NO total of any kind, so the $167,299,900.69 this file reports is the SUM OF THE ROWS, corroborated from outside by CMS's own '228 grants' and '$167 Million' (2026-09-17) and by each project numbering 1..n with no gap.",NA,2026-09-15,data/evidence/SC/2026-09-21_sc_rhtp_year1_award_list_THE_ROSTER.pdf
SC,152,Hampton Regional Medical Center,185267,HOSPITAL_OR_SYSTEM,Yes,Shoring Up to Sustainability / Facility Enhancements,Yes,Yes,FY2026 (Year 1),SC RHTP Year 1 Award List,https://www.scdhhs.gov/sites/dhhs/files/SC%20RHTP%20Year%201%20Award%20List%20to%20CMS.pdf,NOTICE_OF_AWARD,PDF_TEXT,R/03ao_sc_year1_awardees.R,NA,NA,NA,NA,Shoring Up to Sustainability,Facility Enhancements,28,Hampton Regional Medical Center,DERIVED FROM THE RECIPIENT'S OWN NAME by rhtp_classify_recipient_type().,HIGH,NA,Budget Period 1,DIRECT,Yes,NAMED_HOSPITAL,NA,"§10.2 DIRECT -- the named recipient is itself a hospital or health system, so recipient identity IS the flow test and no description decides it (§0.3a). The award is MADE: SCDHHS issued Notices of Award Determination on its own published date of 2026-07-31 (MB# 26-026) and posted this list, headed 'Year 1 Awards', on 2026-09-15.","EXACT and per-recipient, published by SCDHHS for every one of the 228 rows. The document carries NO total of any kind, so the $167,299,900.69 this file reports is the SUM OF THE ROWS, corroborated from outside by CMS's own '228 grants' and '$167 Million' (2026-09-17) and by each project numbering 1..n with no gap.",NA,2026-09-15,data/evidence/SC/2026-09-21_sc_rhtp_year1_award_list_THE_ROSTER.pdf
SC,153,Blue Ridge Pediatrics,188263.21,PHYSICIAN_PRACTICE,No,Shoring Up to Sustainability / Facility Enhancements,Yes,Yes,FY2026 (Year 1),SC RHTP Year 1 Award List,https://www.scdhhs.gov/sites/dhhs/files/SC%20RHTP%20Year%201%20Award%20List%20to%20CMS.pdf,NOTICE_OF_AWARD,PDF_TEXT,R/03ao_sc_year1_awardees.R,NA,NA,NA,NA,Shoring Up to Sustainability,Facility Enhancements,29,Blue Ridge Pediatrics,DERIVED FROM THE RECIPIENT'S OWN NAME by rhtp_classify_recipient_type().,MEDIUM,NA,Budget Period 1,NON_HOSPITAL,No,NOT_HOSPITAL,NA,"§10.2 -- the named recipient is not a hospital on the only evidence the document offers, which is its name. Where recipient_type is §8's standing fallback this is the CONSERVATIVE answer and the row is queued as SC_RECIPIENT_FORM_NOT_STATED: resolving it could only RAISE South Carolina's hospital figure, never lower it.","EXACT and per-recipient, published by SCDHHS for every one of the 228 rows. The document carries NO total of any kind, so the $167,299,900.69 this file reports is the SUM OF THE ROWS, corroborated from outside by CMS's own '228 grants' and '$167 Million' (2026-09-17) and by each project numbering 1..n with no gap.",NA,2026-09-15,data/evidence/SC/2026-09-21_sc_rhtp_year1_award_list_THE_ROSTER.pdf
SC,154,Self Regional Healthcare (Saluda),210000,NONPROFIT_CBO,No,Shoring Up to Sustainability / Facility Enhancements,Yes,Yes,FY2026 (Year 1),SC RHTP Year 1 Award List,https://www.scdhhs.gov/sites/dhhs/files/SC%20RHTP%20Year%201%20Award%20List%20to%20CMS.pdf,NOTICE_OF_AWARD,PDF_TEXT,R/03ao_sc_year1_awardees.R,NA,NA,NA,NA,Shoring Up to Sustainability,Facility Enhancements,30,Self Regional Healthcare (Saluda),"§8's STANDING FALLBACK. The award list publishes a recipient and an amount and NOTHING about the recipient's organisational form -- no type column, no county, no project description -- so Kansas's, Maryland's, Nebraska's, Oklahoma's, Nevada's, Michigan's, Missouri's, Iowa's, North Carolina's, Arkansas's, Wyoming's and Mississippi's shape a THIRTEENTH time. NOTHING WAS PROMOTED (§0.4), and the refusal runs BOTH ways: Self Regional Healthcare, McLeod Health, AnMed, Prisma Health and Tidelands Health read as hospital systems to anyone who knows South Carolina and are NOT promoted, while the nineteen SCDBHDD rows are the state's own behavioral health department and are NOT demoted to STATE_AGENCY. Both would be this pipeline asserting a form the document has not.",LOW,RECIPIENT_TYPE_INFERRED,Budget Period 1,NON_HOSPITAL,No,NOT_HOSPITAL,NA,"§10.2 -- the named recipient is not a hospital on the only evidence the document offers, which is its name. Where recipient_type is §8's standing fallback this is the CONSERVATIVE answer and the row is queued as SC_RECIPIENT_FORM_NOT_STATED: resolving it could only RAISE South Carolina's hospital figure, never lower it.","EXACT and per-recipient, published by SCDHHS for every one of the 228 rows. The document carries NO total of any kind, so the $167,299,900.69 this file reports is the SUM OF THE ROWS, corroborated from outside by CMS's own '228 grants' and '$167 Million' (2026-09-17) and by each project numbering 1..n with no gap.",NA,2026-09-15,data/evidence/SC/2026-09-21_sc_rhtp_year1_award_list_THE_ROSTER.pdf
SC,155,Prisma Health-Upstate (Winnsboro),238360,NONPROFIT_CBO,No,Shoring Up to Sustainability / Facility Enhancements,Yes,Yes,FY2026 (Year 1),SC RHTP Year 1 Award List,https://www.scdhhs.gov/sites/dhhs/files/SC%20RHTP%20Year%201%20Award%20List%20to%20CMS.pdf,NOTICE_OF_AWARD,PDF_TEXT,R/03ao_sc_year1_awardees.R,NA,NA,NA,NA,Shoring Up to Sustainability,Facility Enhancements,31,Prisma Health-Upstate (Winnsboro),"§8's STANDING FALLBACK. The award list publishes a recipient and an amount and NOTHING about the recipient's organisational form -- no type column, no county, no project description -- so Kansas's, Maryland's, Nebraska's, Oklahoma's, Nevada's, Michigan's, Missouri's, Iowa's, North Carolina's, Arkansas's, Wyoming's and Mississippi's shape a THIRTEENTH time. NOTHING WAS PROMOTED (§0.4), and the refusal runs BOTH ways: Self Regional Healthcare, McLeod Health, AnMed, Prisma Health and Tidelands Health read as hospital systems to anyone who knows South Carolina and are NOT promoted, while the nineteen SCDBHDD rows are the state's own behavioral health department and are NOT demoted to STATE_AGENCY. Both would be this pipeline asserting a form the document has not.",LOW,RECIPIENT_TYPE_INFERRED,Budget Period 1,NON_HOSPITAL,No,NOT_HOSPITAL,NA,"§10.2 -- the named recipient is not a hospital on the only evidence the document offers, which is its name. Where recipient_type is §8's standing fallback this is the CONSERVATIVE answer and the row is queued as SC_RECIPIENT_FORM_NOT_STATED: resolving it could only RAISE South Carolina's hospital figure, never lower it.","EXACT and per-recipient, published by SCDHHS for every one of the 228 rows. The document carries NO total of any kind, so the $167,299,900.69 this file reports is the SUM OF THE ROWS, corroborated from outside by CMS's own '228 grants' and '$167 Million' (2026-09-17) and by each project numbering 1..n with no gap.",NA,2026-09-15,data/evidence/SC/2026-09-21_sc_rhtp_year1_award_list_THE_ROSTER.pdf
SC,156,Low Country Health Care System (LCHCS),255000,NONPROFIT_CBO,No,Shoring Up to Sustainability / Facility Enhancements,Yes,Yes,FY2026 (Year 1),SC RHTP Year 1 Award List,https://www.scdhhs.gov/sites/dhhs/files/SC%20RHTP%20Year%201%20Award%20List%20to%20CMS.pdf,NOTICE_OF_AWARD,PDF_TEXT,R/03ao_sc_year1_awardees.R,NA,NA,NA,NA,Shoring Up to Sustainability,Facility Enhancements,32,Low Country Health Care System (LCHCS),"§8's STANDING FALLBACK. The award list publishes a recipient and an amount and NOTHING about the recipient's organisational form -- no type column, no county, no project description -- so Kansas's, Maryland's, Nebraska's, Oklahoma's, Nevada's, Michigan's, Missouri's, Iowa's, North Carolina's, Arkansas's, Wyoming's and Mississippi's shape a THIRTEENTH time. NOTHING WAS PROMOTED (§0.4), and the refusal runs BOTH ways: Self Regional Healthcare, McLeod Health, AnMed, Prisma Health and Tidelands Health read as hospital systems to anyone who knows South Carolina and are NOT promoted, while the nineteen SCDBHDD rows are the state's own behavioral health department and are NOT demoted to STATE_AGENCY. Both would be this pipeline asserting a form the document has not.",LOW,RECIPIENT_TYPE_INFERRED,Budget Period 1,NON_HOSPITAL,No,NOT_HOSPITAL,NA,"§10.2 -- the named recipient is not a hospital on the only evidence the document offers, which is its name. Where recipient_type is §8's standing fallback this is the CONSERVATIVE answer and the row is queued as SC_RECIPIENT_FORM_NOT_STATED: resolving it could only RAISE South Carolina's hospital figure, never lower it.","EXACT and per-recipient, published by SCDHHS for every one of the 228 rows. The document carries NO total of any kind, so the $167,299,900.69 this file reports is the SUM OF THE ROWS, corroborated from outside by CMS's own '228 grants' and '$167 Million' (2026-09-17) and by each project numbering 1..n with no gap.",NA,2026-09-15,data/evidence/SC/2026-09-21_sc_rhtp_year1_award_list_THE_ROSTER.pdf
SC,157,Pugh Drug Inc.,272947,NONPROFIT_CBO,No,Shoring Up to Sustainability / Facility Enhancements,Yes,Yes,FY2026 (Year 1),SC RHTP Year 1 Award List,https://www.scdhhs.gov/sites/dhhs/files/SC%20RHTP%20Year%201%20Award%20List%20to%20CMS.pdf,NOTICE_OF_AWARD,PDF_TEXT,R/03ao_sc_year1_awardees.R,NA,NA,NA,NA,Shoring Up to Sustainability,Facility Enhancements,33,Pugh Drug Inc.,"§8's STANDING FALLBACK. The award list publishes a recipient and an amount and NOTHING about the recipient's organisational form -- no type column, no county, no project description -- so Kansas's, Maryland's, Nebraska's, Oklahoma's, Nevada's, Michigan's, Missouri's, Iowa's, North Carolina's, Arkansas's, Wyoming's and Mississippi's shape a THIRTEENTH time. NOTHING WAS PROMOTED (§0.4), and the refusal runs BOTH ways: Self Regional Healthcare, McLeod Health, AnMed, Prisma Health and Tidelands Health read as hospital systems to anyone who knows South Carolina and are NOT promoted, while the nineteen SCDBHDD rows are the state's own behavioral health department and are NOT demoted to STATE_AGENCY. Both would be this pipeline asserting a form the document has not.",LOW,RECIPIENT_TYPE_INFERRED,Budget Period 1,NON_HOSPITAL,No,NOT_HOSPITAL,NA,"§10.2 -- the named recipient is not a hospital on the only evidence the document offers, which is its name. Where recipient_type is §8's standing fallback this is the CONSERVATIVE answer and the row is queued as SC_RECIPIENT_FORM_NOT_STATED: resolving it could only RAISE South Carolina's hospital figure, never lower it.","EXACT and per-recipient, published by SCDHHS for every one of the 228 rows. The document carries NO total of any kind, so the $167,299,900.69 this file reports is the SUM OF THE ROWS, corroborated from outside by CMS's own '228 grants' and '$167 Million' (2026-09-17) and by each project numbering 1..n with no gap.",NA,2026-09-15,data/evidence/SC/2026-09-21_sc_rhtp_year1_award_list_THE_ROSTER.pdf
SC,158,Cherokee Community Care,303818.86,NONPROFIT_CBO,No,Shoring Up to Sustainability / Facility Enhancements,Yes,Yes,FY2026 (Year 1),SC RHTP Year 1 Award List,https://www.scdhhs.gov/sites/dhhs/files/SC%20RHTP%20Year%201%20Award%20List%20to%20CMS.pdf,NOTICE_OF_AWARD,PDF_TEXT,R/03ao_sc_year1_awardees.R,NA,NA,NA,NA,Shoring Up to Sustainability,Facility Enhancements,34,Cherokee Community Care,"§8's STANDING FALLBACK. The award list publishes a recipient and an amount and NOTHING about the recipient's organisational form -- no type column, no county, no project description -- so Kansas's, Maryland's, Nebraska's, Oklahoma's, Nevada's, Michigan's, Missouri's, Iowa's, North Carolina's, Arkansas's, Wyoming's and Mississippi's shape a THIRTEENTH time. NOTHING WAS PROMOTED (§0.4), and the refusal runs BOTH ways: Self Regional Healthcare, McLeod Health, AnMed, Prisma Health and Tidelands Health read as hospital systems to anyone who knows South Carolina and are NOT promoted, while the nineteen SCDBHDD rows are the state's own behavioral health department and are NOT demoted to STATE_AGENCY. Both would be this pipeline asserting a form the document has not.",LOW,RECIPIENT_TYPE_INFERRED,Budget Period 1,NON_HOSPITAL,No,NOT_HOSPITAL,NA,"§10.2 -- the named recipient is not a hospital on the only evidence the document offers, which is its name. Where recipient_type is §8's standing fallback this is the CONSERVATIVE answer and the row is queued as SC_RECIPIENT_FORM_NOT_STATED: resolving it could only RAISE South Carolina's hospital figure, never lower it.","EXACT and per-recipient, published by SCDHHS for every one of the 228 rows. The document carries NO total of any kind, so the $167,299,900.69 this file reports is the SUM OF THE ROWS, corroborated from outside by CMS's own '228 grants' and '$167 Million' (2026-09-17) and by each project numbering 1..n with no gap.",NA,2026-09-15,data/evidence/SC/2026-09-21_sc_rhtp_year1_award_list_THE_ROSTER.pdf
SC,159,Newberry County Memorial Hospital,303827.04,HOSPITAL_OR_SYSTEM,Yes,Shoring Up to Sustainability / Facility Enhancements,Yes,Yes,FY2026 (Year 1),SC RHTP Year 1 Award List,https://www.scdhhs.gov/sites/dhhs/files/SC%20RHTP%20Year%201%20Award%20List%20to%20CMS.pdf,NOTICE_OF_AWARD,PDF_TEXT,R/03ao_sc_year1_awardees.R,NA,NA,NA,NA,Shoring Up to Sustainability,Facility Enhancements,35,Newberry County Memorial Hospital,DERIVED FROM THE RECIPIENT'S OWN NAME by rhtp_classify_recipient_type().,HIGH,NA,Budget Period 1,DIRECT,Yes,NAMED_HOSPITAL,NA,"§10.2 DIRECT -- the named recipient is itself a hospital or health system, so recipient identity IS the flow test and no description decides it (§0.3a). The award is MADE: SCDHHS issued Notices of Award Determination on its own published date of 2026-07-31 (MB# 26-026) and posted this list, headed 'Year 1 Awards', on 2026-09-15.","EXACT and per-recipient, published by SCDHHS for every one of the 228 rows. The document carries NO total of any kind, so the $167,299,900.69 this file reports is the SUM OF THE ROWS, corroborated from outside by CMS's own '228 grants' and '$167 Million' (2026-09-17) and by each project numbering 1..n with no gap.",NA,2026-09-15,data/evidence/SC/2026-09-21_sc_rhtp_year1_award_list_THE_ROSTER.pdf
SC,160,Self Regional Healthcare (Newberry),310000,NONPROFIT_CBO,No,Shoring Up to Sustainability / Facility Enhancements,Yes,Yes,FY2026 (Year 1),SC RHTP Year 1 Award List,https://www.scdhhs.gov/sites/dhhs/files/SC%20RHTP%20Year%201%20Award%20List%20to%20CMS.pdf,NOTICE_OF_AWARD,PDF_TEXT,R/03ao_sc_year1_awardees.R,NA,NA,NA,NA,Shoring Up to Sustainability,Facility Enhancements,36,Self Regional Healthcare (Newberry),"§8's STANDING FALLBACK. The award list publishes a recipient and an amount and NOTHING about the recipient's organisational form -- no type column, no county, no project description -- so Kansas's, Maryland's, Nebraska's, Oklahoma's, Nevada's, Michigan's, Missouri's, Iowa's, North Carolina's, Arkansas's, Wyoming's and Mississippi's shape a THIRTEENTH time. NOTHING WAS PROMOTED (§0.4), and the refusal runs BOTH ways: Self Regional Healthcare, McLeod Health, AnMed, Prisma Health and Tidelands Health read as hospital systems to anyone who knows South Carolina and are NOT promoted, while the nineteen SCDBHDD rows are the state's own behavioral health department and are NOT demoted to STATE_AGENCY. Both would be this pipeline asserting a form the document has not.",LOW,RECIPIENT_TYPE_INFERRED,Budget Period 1,NON_HOSPITAL,No,NOT_HOSPITAL,NA,"§10.2 -- the named recipient is not a hospital on the only evidence the document offers, which is its name. Where recipient_type is §8's standing fallback this is the CONSERVATIVE answer and the row is queued as SC_RECIPIENT_FORM_NOT_STATED: resolving it could only RAISE South Carolina's hospital figure, never lower it.","EXACT and per-recipient, published by SCDHHS for every one of the 228 rows. The document carries NO total of any kind, so the $167,299,900.69 this file reports is the SUM OF THE ROWS, corroborated from outside by CMS's own '228 grants' and '$167 Million' (2026-09-17) and by each project numbering 1..n with no gap.",NA,2026-09-15,data/evidence/SC/2026-09-21_sc_rhtp_year1_award_list_THE_ROSTER.pdf
SC,161,Lovelace Family Medicine,321275,PHYSICIAN_PRACTICE,No,Shoring Up to Sustainability / Facility Enhancements,Yes,Yes,FY2026 (Year 1),SC RHTP Year 1 Award List,https://www.scdhhs.gov/sites/dhhs/files/SC%20RHTP%20Year%201%20Award%20List%20to%20CMS.pdf,NOTICE_OF_AWARD,PDF_TEXT,R/03ao_sc_year1_awardees.R,NA,NA,NA,NA,Shoring Up to Sustainability,Facility Enhancements,37,Lovelace Family Medicine,DERIVED FROM THE RECIPIENT'S OWN NAME by rhtp_classify_recipient_type().,MEDIUM,NA,Budget Period 1,NON_HOSPITAL,No,NOT_HOSPITAL,NA,"§10.2 -- the named recipient is not a hospital on the only evidence the document offers, which is its name. Where recipient_type is §8's standing fallback this is the CONSERVATIVE answer and the row is queued as SC_RECIPIENT_FORM_NOT_STATED: resolving it could only RAISE South Carolina's hospital figure, never lower it.","EXACT and per-recipient, published by SCDHHS for every one of the 228 rows. The document carries NO total of any kind, so the $167,299,900.69 this file reports is the SUM OF THE ROWS, corroborated from outside by CMS's own '228 grants' and '$167 Million' (2026-09-17) and by each project numbering 1..n with no gap.",NA,2026-09-15,data/evidence/SC/2026-09-21_sc_rhtp_year1_award_list_THE_ROSTER.pdf
SC,162,"Iva Drug Store, Inc.",350000,NONPROFIT_CBO,No,Shoring Up to Sustainability / Facility Enhancements,Yes,Yes,FY2026 (Year 1),SC RHTP Year 1 Award List,https://www.scdhhs.gov/sites/dhhs/files/SC%20RHTP%20Year%201%20Award%20List%20to%20CMS.pdf,NOTICE_OF_AWARD,PDF_TEXT,R/03ao_sc_year1_awardees.R,NA,NA,NA,NA,Shoring Up to Sustainability,Facility Enhancements,38,"Iva Drug Store, Inc.","§8's STANDING FALLBACK. The award list publishes a recipient and an amount and NOTHING about the recipient's organisational form -- no type column, no county, no project description -- so Kansas's, Maryland's, Nebraska's, Oklahoma's, Nevada's, Michigan's, Missouri's, Iowa's, North Carolina's, Arkansas's, Wyoming's and Mississippi's shape a THIRTEENTH time. NOTHING WAS PROMOTED (§0.4), and the refusal runs BOTH ways: Self Regional Healthcare, McLeod Health, AnMed, Prisma Health and Tidelands Health read as hospital systems to anyone who knows South Carolina and are NOT promoted, while the nineteen SCDBHDD rows are the state's own behavioral health department and are NOT demoted to STATE_AGENCY. Both would be this pipeline asserting a form the document has not.",LOW,RECIPIENT_TYPE_INFERRED,Budget Period 1,NON_HOSPITAL,No,NOT_HOSPITAL,NA,"§10.2 -- the named recipient is not a hospital on the only evidence the document offers, which is its name. Where recipient_type is §8's standing fallback this is the CONSERVATIVE answer and the row is queued as SC_RECIPIENT_FORM_NOT_STATED: resolving it could only RAISE South Carolina's hospital figure, never lower it.","EXACT and per-recipient, published by SCDHHS for every one of the 228 rows. The document carries NO total of any kind, so the $167,299,900.69 this file reports is the SUM OF THE ROWS, corroborated from outside by CMS's own '228 grants' and '$167 Million' (2026-09-17) and by each project numbering 1..n with no gap.",NA,2026-09-15,data/evidence/SC/2026-09-21_sc_rhtp_year1_award_list_THE_ROSTER.pdf
SC,163,"Self Regional Healthcare (Imaging Center, Greenwood)",355000,NONPROFIT_CBO,No,Shoring Up to Sustainability / Facility Enhancements,Yes,Yes,FY2026 (Year 1),SC RHTP Year 1 Award List,https://www.scdhhs.gov/sites/dhhs/files/SC%20RHTP%20Year%201%20Award%20List%20to%20CMS.pdf,NOTICE_OF_AWARD,PDF_TEXT,R/03ao_sc_year1_awardees.R,NA,NA,NA,NA,Shoring Up to Sustainability,Facility Enhancements,39,"Self Regional Healthcare (Imaging Center, Greenwood)","§8's STANDING FALLBACK. The award list publishes a recipient and an amount and NOTHING about the recipient's organisational form -- no type column, no county, no project description -- so Kansas's, Maryland's, Nebraska's, Oklahoma's, Nevada's, Michigan's, Missouri's, Iowa's, North Carolina's, Arkansas's, Wyoming's and Mississippi's shape a THIRTEENTH time. NOTHING WAS PROMOTED (§0.4), and the refusal runs BOTH ways: Self Regional Healthcare, McLeod Health, AnMed, Prisma Health and Tidelands Health read as hospital systems to anyone who knows South Carolina and are NOT promoted, while the nineteen SCDBHDD rows are the state's own behavioral health department and are NOT demoted to STATE_AGENCY. Both would be this pipeline asserting a form the document has not.",LOW,RECIPIENT_TYPE_INFERRED,Budget Period 1,NON_HOSPITAL,No,NOT_HOSPITAL,NA,"§10.2 -- the named recipient is not a hospital on the only evidence the document offers, which is its name. Where recipient_type is §8's standing fallback this is the CONSERVATIVE answer and the row is queued as SC_RECIPIENT_FORM_NOT_STATED: resolving it could only RAISE South Carolina's hospital figure, never lower it.","EXACT and per-recipient, published by SCDHHS for every one of the 228 rows. The document carries NO total of any kind, so the $167,299,900.69 this file reports is the SUM OF THE ROWS, corroborated from outside by CMS's own '228 grants' and '$167 Million' (2026-09-17) and by each project numbering 1..n with no gap.",NA,2026-09-15,data/evidence/SC/2026-09-21_sc_rhtp_year1_award_list_THE_ROSTER.pdf
SC,164,Newberry County Memorial Hospital,357744.4,HOSPITAL_OR_SYSTEM,Yes,Shoring Up to Sustainability / Facility Enhancements,Yes,Yes,FY2026 (Year 1),SC RHTP Year 1 Award List,https://www.scdhhs.gov/sites/dhhs/files/SC%20RHTP%20Year%201%20Award%20List%20to%20CMS.pdf,NOTICE_OF_AWARD,PDF_TEXT,R/03ao_sc_year1_awardees.R,NA,NA,NA,NA,Shoring Up to Sustainability,Facility Enhancements,40,Newberry County Memorial Hospital,DERIVED FROM THE RECIPIENT'S OWN NAME by rhtp_classify_recipient_type().,HIGH,NA,Budget Period 1,DIRECT,Yes,NAMED_HOSPITAL,NA,"§10.2 DIRECT -- the named recipient is itself a hospital or health system, so recipient identity IS the flow test and no description decides it (§0.3a). The award is MADE: SCDHHS issued Notices of Award Determination on its own published date of 2026-07-31 (MB# 26-026) and posted this list, headed 'Year 1 Awards', on 2026-09-15.","EXACT and per-recipient, published by SCDHHS for every one of the 228 rows. The document carries NO total of any kind, so the $167,299,900.69 this file reports is the SUM OF THE ROWS, corroborated from outside by CMS's own '228 grants' and '$167 Million' (2026-09-17) and by each project numbering 1..n with no gap.",NA,2026-09-15,data/evidence/SC/2026-09-21_sc_rhtp_year1_award_list_THE_ROSTER.pdf
SC,165,Allendale County Hospital (ACH),363732,HOSPITAL_OR_SYSTEM,Yes,Shoring Up to Sustainability / Facility Enhancements,Yes,Yes,FY2026 (Year 1),SC RHTP Year 1 Award List,https://www.scdhhs.gov/sites/dhhs/files/SC%20RHTP%20Year%201%20Award%20List%20to%20CMS.pdf,NOTICE_OF_AWARD,PDF_TEXT,R/03ao_sc_year1_awardees.R,NA,NA,NA,NA,Shoring Up to Sustainability,Facility Enhancements,41,Allendale County Hospital (ACH),DERIVED FROM THE RECIPIENT'S OWN NAME by rhtp_classify_recipient_type().,HIGH,NA,Budget Period 1,DIRECT,Yes,NAMED_HOSPITAL,NA,"§10.2 DIRECT -- the named recipient is itself a hospital or health system, so recipient identity IS the flow test and no description decides it (§0.3a). The award is MADE: SCDHHS issued Notices of Award Determination on its own published date of 2026-07-31 (MB# 26-026) and posted this list, headed 'Year 1 Awards', on 2026-09-15.","EXACT and per-recipient, published by SCDHHS for every one of the 228 rows. The document carries NO total of any kind, so the $167,299,900.69 this file reports is the SUM OF THE ROWS, corroborated from outside by CMS's own '228 grants' and '$167 Million' (2026-09-17) and by each project numbering 1..n with no gap.",NA,2026-09-15,data/evidence/SC/2026-09-21_sc_rhtp_year1_award_list_THE_ROSTER.pdf
SC,166,HopeHealth Inc.,375617,NONPROFIT_CBO,No,Shoring Up to Sustainability / Facility Enhancements,Yes,Yes,FY2026 (Year 1),SC RHTP Year 1 Award List,https://www.scdhhs.gov/sites/dhhs/files/SC%20RHTP%20Year%201%20Award%20List%20to%20CMS.pdf,NOTICE_OF_AWARD,PDF_TEXT,R/03ao_sc_year1_awardees.R,NA,NA,NA,NA,Shoring Up to Sustainability,Facility Enhancements,42,HopeHealth Inc.,"§8's STANDING FALLBACK. The award list publishes a recipient and an amount and NOTHING about the recipient's organisational form -- no type column, no county, no project description -- so Kansas's, Maryland's, Nebraska's, Oklahoma's, Nevada's, Michigan's, Missouri's, Iowa's, North Carolina's, Arkansas's, Wyoming's and Mississippi's shape a THIRTEENTH time. NOTHING WAS PROMOTED (§0.4), and the refusal runs BOTH ways: Self Regional Healthcare, McLeod Health, AnMed, Prisma Health and Tidelands Health read as hospital systems to anyone who knows South Carolina and are NOT promoted, while the nineteen SCDBHDD rows are the state's own behavioral health department and are NOT demoted to STATE_AGENCY. Both would be this pipeline asserting a form the document has not.",LOW,RECIPIENT_TYPE_INFERRED,Budget Period 1,NON_HOSPITAL,No,NOT_HOSPITAL,NA,"§10.2 -- the named recipient is not a hospital on the only evidence the document offers, which is its name. Where recipient_type is §8's standing fallback this is the CONSERVATIVE answer and the row is queued as SC_RECIPIENT_FORM_NOT_STATED: resolving it could only RAISE South Carolina's hospital figure, never lower it.","EXACT and per-recipient, published by SCDHHS for every one of the 228 rows. The document carries NO total of any kind, so the $167,299,900.69 this file reports is the SUM OF THE ROWS, corroborated from outside by CMS's own '228 grants' and '$167 Million' (2026-09-17) and by each project numbering 1..n with no gap.",NA,2026-09-15,data/evidence/SC/2026-09-21_sc_rhtp_year1_award_list_THE_ROSTER.pdf
SC,167,Hospice & Palliative Care of Piedmont,380476,NONPROFIT_CBO,No,Shoring Up to Sustainability / Facility Enhancements,Yes,Yes,FY2026 (Year 1),SC RHTP Year 1 Award List,https://www.scdhhs.gov/sites/dhhs/files/SC%20RHTP%20Year%201%20Award%20List%20to%20CMS.pdf,NOTICE_OF_AWARD,PDF_TEXT,R/03ao_sc_year1_awardees.R,NA,NA,NA,NA,Shoring Up to Sustainability,Facility Enhancements,43,Hospice & Palliative Care of Piedmont,"§8's STANDING FALLBACK. The award list publishes a recipient and an amount and NOTHING about the recipient's organisational form -- no type column, no county, no project description -- so Kansas's, Maryland's, Nebraska's, Oklahoma's, Nevada's, Michigan's, Missouri's, Iowa's, North Carolina's, Arkansas's, Wyoming's and Mississippi's shape a THIRTEENTH time. NOTHING WAS PROMOTED (§0.4), and the refusal runs BOTH ways: Self Regional Healthcare, McLeod Health, AnMed, Prisma Health and Tidelands Health read as hospital systems to anyone who knows South Carolina and are NOT promoted, while the nineteen SCDBHDD rows are the state's own behavioral health department and are NOT demoted to STATE_AGENCY. Both would be this pipeline asserting a form the document has not.",LOW,RECIPIENT_TYPE_INFERRED,Budget Period 1,NON_HOSPITAL,No,NOT_HOSPITAL,NA,"§10.2 -- the named recipient is not a hospital on the only evidence the document offers, which is its name. Where recipient_type is §8's standing fallback this is the CONSERVATIVE answer and the row is queued as SC_RECIPIENT_FORM_NOT_STATED: resolving it could only RAISE South Carolina's hospital figure, never lower it.","EXACT and per-recipient, published by SCDHHS for every one of the 228 rows. The document carries NO total of any kind, so the $167,299,900.69 this file reports is the SUM OF THE ROWS, corroborated from outside by CMS's own '228 grants' and '$167 Million' (2026-09-17) and by each project numbering 1..n with no gap.",NA,2026-09-15,data/evidence/SC/2026-09-21_sc_rhtp_year1_award_list_THE_ROSTER.pdf
SC,168,Medical University Hospital Authority (MUSC Health Chester),383000,HOSPITAL_OR_SYSTEM,Yes,Shoring Up to Sustainability / Facility Enhancements,Yes,Yes,FY2026 (Year 1),SC RHTP Year 1 Award List,https://www.scdhhs.gov/sites/dhhs/files/SC%20RHTP%20Year%201%20Award%20List%20to%20CMS.pdf,NOTICE_OF_AWARD,PDF_TEXT,R/03ao_sc_year1_awardees.R,NA,NA,NA,NA,Shoring Up to Sustainability,Facility Enhancements,44,Medical University Hospital Authority (MUSC Health Chester),DERIVED FROM THE RECIPIENT'S OWN NAME by rhtp_classify_recipient_type().,HIGH,NA,Budget Period 1,DIRECT,Yes,NAMED_HOSPITAL,NA,"§10.2 DIRECT -- the named recipient is itself a hospital or health system, so recipient identity IS the flow test and no description decides it (§0.3a). The award is MADE: SCDHHS issued Notices of Award Determination on its own published date of 2026-07-31 (MB# 26-026) and posted this list, headed 'Year 1 Awards', on 2026-09-15.","EXACT and per-recipient, published by SCDHHS for every one of the 228 rows. The document carries NO total of any kind, so the $167,299,900.69 this file reports is the SUM OF THE ROWS, corroborated from outside by CMS's own '228 grants' and '$167 Million' (2026-09-17) and by each project numbering 1..n with no gap.",NA,2026-09-15,data/evidence/SC/2026-09-21_sc_rhtp_year1_award_list_THE_ROSTER.pdf
SC,169,Community Medical Clinic of Kershaw County,390000,NONPROFIT_CBO,No,Shoring Up to Sustainability / Facility Enhancements,Yes,Yes,FY2026 (Year 1),SC RHTP Year 1 Award List,https://www.scdhhs.gov/sites/dhhs/files/SC%20RHTP%20Year%201%20Award%20List%20to%20CMS.pdf,NOTICE_OF_AWARD,PDF_TEXT,R/03ao_sc_year1_awardees.R,NA,NA,NA,NA,Shoring Up to Sustainability,Facility Enhancements,45,Community Medical Clinic of Kershaw County,"§8's STANDING FALLBACK. The award list publishes a recipient and an amount and NOTHING about the recipient's organisational form -- no type column, no county, no project description -- so Kansas's, Maryland's, Nebraska's, Oklahoma's, Nevada's, Michigan's, Missouri's, Iowa's, North Carolina's, Arkansas's, Wyoming's and Mississippi's shape a THIRTEENTH time. NOTHING WAS PROMOTED (§0.4), and the refusal runs BOTH ways: Self Regional Healthcare, McLeod Health, AnMed, Prisma Health and Tidelands Health read as hospital systems to anyone who knows South Carolina and are NOT promoted, while the nineteen SCDBHDD rows are the state's own behavioral health department and are NOT demoted to STATE_AGENCY. Both would be this pipeline asserting a form the document has not.",LOW,RECIPIENT_TYPE_INFERRED,Budget Period 1,NON_HOSPITAL,No,NOT_HOSPITAL,NA,"§10.2 -- the named recipient is not a hospital on the only evidence the document offers, which is its name. Where recipient_type is §8's standing fallback this is the CONSERVATIVE answer and the row is queued as SC_RECIPIENT_FORM_NOT_STATED: resolving it could only RAISE South Carolina's hospital figure, never lower it.","EXACT and per-recipient, published by SCDHHS for every one of the 228 rows. The document carries NO total of any kind, so the $167,299,900.69 this file reports is the SUM OF THE ROWS, corroborated from outside by CMS's own '228 grants' and '$167 Million' (2026-09-17) and by each project numbering 1..n with no gap.",NA,2026-09-15,data/evidence/SC/2026-09-21_sc_rhtp_year1_award_list_THE_ROSTER.pdf
SC,170,Medical University Hospital Authority (MUSC Health Lancaster),400000,HOSPITAL_OR_SYSTEM,Yes,Shoring Up to Sustainability / Facility Enhancements,Yes,Yes,FY2026 (Year 1),SC RHTP Year 1 Award List,https://www.scdhhs.gov/sites/dhhs/files/SC%20RHTP%20Year%201%20Award%20List%20to%20CMS.pdf,NOTICE_OF_AWARD,PDF_TEXT,R/03ao_sc_year1_awardees.R,NA,NA,NA,NA,Shoring Up to Sustainability,Facility Enhancements,46,Medical University Hospital Authority (MUSC Health Lancaster),DERIVED FROM THE RECIPIENT'S OWN NAME by rhtp_classify_recipient_type().,HIGH,NA,Budget Period 1,DIRECT,Yes,NAMED_HOSPITAL,NA,"§10.2 DIRECT -- the named recipient is itself a hospital or health system, so recipient identity IS the flow test and no description decides it (§0.3a). The award is MADE: SCDHHS issued Notices of Award Determination on its own published date of 2026-07-31 (MB# 26-026) and posted this list, headed 'Year 1 Awards', on 2026-09-15.","EXACT and per-recipient, published by SCDHHS for every one of the 228 rows. The document carries NO total of any kind, so the $167,299,900.69 this file reports is the SUM OF THE ROWS, corroborated from outside by CMS's own '228 grants' and '$167 Million' (2026-09-17) and by each project numbering 1..n with no gap.",NA,2026-09-15,data/evidence/SC/2026-09-21_sc_rhtp_year1_award_list_THE_ROSTER.pdf
SC,171,Piedmont Pediatrics,400000,PHYSICIAN_PRACTICE,No,Shoring Up to Sustainability / Facility Enhancements,Yes,Yes,FY2026 (Year 1),SC RHTP Year 1 Award List,https://www.scdhhs.gov/sites/dhhs/files/SC%20RHTP%20Year%201%20Award%20List%20to%20CMS.pdf,NOTICE_OF_AWARD,PDF_TEXT,R/03ao_sc_year1_awardees.R,NA,NA,NA,NA,Shoring Up to Sustainability,Facility Enhancements,47,Piedmont Pediatrics,DERIVED FROM THE RECIPIENT'S OWN NAME by rhtp_classify_recipient_type().,MEDIUM,NA,Budget Period 1,NON_HOSPITAL,No,NOT_HOSPITAL,NA,"§10.2 -- the named recipient is not a hospital on the only evidence the document offers, which is its name. Where recipient_type is §8's standing fallback this is the CONSERVATIVE answer and the row is queued as SC_RECIPIENT_FORM_NOT_STATED: resolving it could only RAISE South Carolina's hospital figure, never lower it.","EXACT and per-recipient, published by SCDHHS for every one of the 228 rows. The document carries NO total of any kind, so the $167,299,900.69 this file reports is the SUM OF THE ROWS, corroborated from outside by CMS's own '228 grants' and '$167 Million' (2026-09-17) and by each project numbering 1..n with no gap.",NA,2026-09-15,data/evidence/SC/2026-09-21_sc_rhtp_year1_award_list_THE_ROSTER.pdf
SC,172,Self Regional Healthcare (Abbeville),402800,NONPROFIT_CBO,No,Shoring Up to Sustainability / Facility Enhancements,Yes,Yes,FY2026 (Year 1),SC RHTP Year 1 Award List,https://www.scdhhs.gov/sites/dhhs/files/SC%20RHTP%20Year%201%20Award%20List%20to%20CMS.pdf,NOTICE_OF_AWARD,PDF_TEXT,R/03ao_sc_year1_awardees.R,NA,NA,NA,NA,Shoring Up to Sustainability,Facility Enhancements,48,Self Regional Healthcare (Abbeville),"§8's STANDING FALLBACK. The award list publishes a recipient and an amount and NOTHING about the recipient's organisational form -- no type column, no county, no project description -- so Kansas's, Maryland's, Nebraska's, Oklahoma's, Nevada's, Michigan's, Missouri's, Iowa's, North Carolina's, Arkansas's, Wyoming's and Mississippi's shape a THIRTEENTH time. NOTHING WAS PROMOTED (§0.4), and the refusal runs BOTH ways: Self Regional Healthcare, McLeod Health, AnMed, Prisma Health and Tidelands Health read as hospital systems to anyone who knows South Carolina and are NOT promoted, while the nineteen SCDBHDD rows are the state's own behavioral health department and are NOT demoted to STATE_AGENCY. Both would be this pipeline asserting a form the document has not.",LOW,RECIPIENT_TYPE_INFERRED,Budget Period 1,NON_HOSPITAL,No,NOT_HOSPITAL,NA,"§10.2 -- the named recipient is not a hospital on the only evidence the document offers, which is its name. Where recipient_type is §8's standing fallback this is the CONSERVATIVE answer and the row is queued as SC_RECIPIENT_FORM_NOT_STATED: resolving it could only RAISE South Carolina's hospital figure, never lower it.","EXACT and per-recipient, published by SCDHHS for every one of the 228 rows. The document carries NO total of any kind, so the $167,299,900.69 this file reports is the SUM OF THE ROWS, corroborated from outside by CMS's own '228 grants' and '$167 Million' (2026-09-17) and by each project numbering 1..n with no gap.",NA,2026-09-15,data/evidence/SC/2026-09-21_sc_rhtp_year1_award_list_THE_ROSTER.pdf
SC,173,Medical University Hospital Authority (MUSC Health Chester),405000,HOSPITAL_OR_SYSTEM,Yes,Shoring Up to Sustainability / Facility Enhancements,Yes,Yes,FY2026 (Year 1),SC RHTP Year 1 Award List,https://www.scdhhs.gov/sites/dhhs/files/SC%20RHTP%20Year%201%20Award%20List%20to%20CMS.pdf,NOTICE_OF_AWARD,PDF_TEXT,R/03ao_sc_year1_awardees.R,NA,NA,NA,NA,Shoring Up to Sustainability,Facility Enhancements,49,Medical University Hospital Authority (MUSC Health Chester),DERIVED FROM THE RECIPIENT'S OWN NAME by rhtp_classify_recipient_type().,HIGH,NA,Budget Period 1,DIRECT,Yes,NAMED_HOSPITAL,NA,"§10.2 DIRECT -- the named recipient is itself a hospital or health system, so recipient identity IS the flow test and no description decides it (§0.3a). The award is MADE: SCDHHS issued Notices of Award Determination on its own published date of 2026-07-31 (MB# 26-026) and posted this list, headed 'Year 1 Awards', on 2026-09-15.","EXACT and per-recipient, published by SCDHHS for every one of the 228 rows. The document carries NO total of any kind, so the $167,299,900.69 this file reports is the SUM OF THE ROWS, corroborated from outside by CMS's own '228 grants' and '$167 Million' (2026-09-17) and by each project numbering 1..n with no gap.",NA,2026-09-15,data/evidence/SC/2026-09-21_sc_rhtp_year1_award_list_THE_ROSTER.pdf
SC,174,Medical University Hospital Authority (MUSC Health Chester),410168,HOSPITAL_OR_SYSTEM,Yes,Shoring Up to Sustainability / Facility Enhancements,Yes,Yes,FY2026 (Year 1),SC RHTP Year 1 Award List,https://www.scdhhs.gov/sites/dhhs/files/SC%20RHTP%20Year%201%20Award%20List%20to%20CMS.pdf,NOTICE_OF_AWARD,PDF_TEXT,R/03ao_sc_year1_awardees.R,NA,NA,NA,NA,Shoring Up to Sustainability,Facility Enhancements,50,Medical University Hospital Authority (MUSC Health Chester),DERIVED FROM THE RECIPIENT'S OWN NAME by rhtp_classify_recipient_type().,HIGH,NA,Budget Period 1,DIRECT,Yes,NAMED_HOSPITAL,NA,"§10.2 DIRECT -- the named recipient is itself a hospital or health system, so recipient identity IS the flow test and no description decides it (§0.3a). The award is MADE: SCDHHS issued Notices of Award Determination on its own published date of 2026-07-31 (MB# 26-026) and posted this list, headed 'Year 1 Awards', on 2026-09-15.","EXACT and per-recipient, published by SCDHHS for every one of the 228 rows. The document carries NO total of any kind, so the $167,299,900.69 this file reports is the SUM OF THE ROWS, corroborated from outside by CMS's own '228 grants' and '$167 Million' (2026-09-17) and by each project numbering 1..n with no gap.",NA,2026-09-15,data/evidence/SC/2026-09-21_sc_rhtp_year1_award_list_THE_ROSTER.pdf
SC,175,"Family Health Centers, Inc.",434003.24,NONPROFIT_CBO,No,Shoring Up to Sustainability / Facility Enhancements,Yes,Yes,FY2026 (Year 1),SC RHTP Year 1 Award List,https://www.scdhhs.gov/sites/dhhs/files/SC%20RHTP%20Year%201%20Award%20List%20to%20CMS.pdf,NOTICE_OF_AWARD,PDF_TEXT,R/03ao_sc_year1_awardees.R,NA,NA,NA,NA,Shoring Up to Sustainability,Facility Enhancements,51,"Family Health Centers, Inc.","§8's STANDING FALLBACK. The award list publishes a recipient and an amount and NOTHING about the recipient's organisational form -- no type column, no county, no project description -- so Kansas's, Maryland's, Nebraska's, Oklahoma's, Nevada's, Michigan's, Missouri's, Iowa's, North Carolina's, Arkansas's, Wyoming's and Mississippi's shape a THIRTEENTH time. NOTHING WAS PROMOTED (§0.4), and the refusal runs BOTH ways: Self Regional Healthcare, McLeod Health, AnMed, Prisma Health and Tidelands Health read as hospital systems to anyone who knows South Carolina and are NOT promoted, while the nineteen SCDBHDD rows are the state's own behavioral health department and are NOT demoted to STATE_AGENCY. Both would be this pipeline asserting a form the document has not.",LOW,RECIPIENT_TYPE_INFERRED,Budget Period 1,NON_HOSPITAL,No,NOT_HOSPITAL,NA,"§10.2 -- the named recipient is not a hospital on the only evidence the document offers, which is its name. Where recipient_type is §8's standing fallback this is the CONSERVATIVE answer and the row is queued as SC_RECIPIENT_FORM_NOT_STATED: resolving it could only RAISE South Carolina's hospital figure, never lower it.","EXACT and per-recipient, published by SCDHHS for every one of the 228 rows. The document carries NO total of any kind, so the $167,299,900.69 this file reports is the SUM OF THE ROWS, corroborated from outside by CMS's own '228 grants' and '$167 Million' (2026-09-17) and by each project numbering 1..n with no gap.",NA,2026-09-15,data/evidence/SC/2026-09-21_sc_rhtp_year1_award_list_THE_ROSTER.pdf
SC,176,HopeHealth Inc.,503231,NONPROFIT_CBO,No,Shoring Up to Sustainability / Facility Enhancements,Yes,Yes,FY2026 (Year 1),SC RHTP Year 1 Award List,https://www.scdhhs.gov/sites/dhhs/files/SC%20RHTP%20Year%201%20Award%20List%20to%20CMS.pdf,NOTICE_OF_AWARD,PDF_TEXT,R/03ao_sc_year1_awardees.R,NA,NA,NA,NA,Shoring Up to Sustainability,Facility Enhancements,52,HopeHealth Inc.,"§8's STANDING FALLBACK. The award list publishes a recipient and an amount and NOTHING about the recipient's organisational form -- no type column, no county, no project description -- so Kansas's, Maryland's, Nebraska's, Oklahoma's, Nevada's, Michigan's, Missouri's, Iowa's, North Carolina's, Arkansas's, Wyoming's and Mississippi's shape a THIRTEENTH time. NOTHING WAS PROMOTED (§0.4), and the refusal runs BOTH ways: Self Regional Healthcare, McLeod Health, AnMed, Prisma Health and Tidelands Health read as hospital systems to anyone who knows South Carolina and are NOT promoted, while the nineteen SCDBHDD rows are the state's own behavioral health department and are NOT demoted to STATE_AGENCY. Both would be this pipeline asserting a form the document has not.",LOW,RECIPIENT_TYPE_INFERRED,Budget Period 1,NON_HOSPITAL,No,NOT_HOSPITAL,NA,"§10.2 -- the named recipient is not a hospital on the only evidence the document offers, which is its name. Where recipient_type is §8's standing fallback this is the CONSERVATIVE answer and the row is queued as SC_RECIPIENT_FORM_NOT_STATED: resolving it could only RAISE South Carolina's hospital figure, never lower it.","EXACT and per-recipient, published by SCDHHS for every one of the 228 rows. The document carries NO total of any kind, so the $167,299,900.69 this file reports is the SUM OF THE ROWS, corroborated from outside by CMS's own '228 grants' and '$167 Million' (2026-09-17) and by each project numbering 1..n with no gap.",NA,2026-09-15,data/evidence/SC/2026-09-21_sc_rhtp_year1_award_list_THE_ROSTER.pdf
SC,177,Hampton Regional Medical Center,537931,HOSPITAL_OR_SYSTEM,Yes,Shoring Up to Sustainability / Facility Enhancements,Yes,Yes,FY2026 (Year 1),SC RHTP Year 1 Award List,https://www.scdhhs.gov/sites/dhhs/files/SC%20RHTP%20Year%201%20Award%20List%20to%20CMS.pdf,NOTICE_OF_AWARD,PDF_TEXT,R/03ao_sc_year1_awardees.R,NA,NA,NA,NA,Shoring Up to Sustainability,Facility Enhancements,53,Hampton Regional Medical Center,DERIVED FROM THE RECIPIENT'S OWN NAME by rhtp_classify_recipient_type().,HIGH,NA,Budget Period 1,DIRECT,Yes,NAMED_HOSPITAL,NA,"§10.2 DIRECT -- the named recipient is itself a hospital or health system, so recipient identity IS the flow test and no description decides it (§0.3a). The award is MADE: SCDHHS issued Notices of Award Determination on its own published date of 2026-07-31 (MB# 26-026) and posted this list, headed 'Year 1 Awards', on 2026-09-15.","EXACT and per-recipient, published by SCDHHS for every one of the 228 rows. The document carries NO total of any kind, so the $167,299,900.69 this file reports is the SUM OF THE ROWS, corroborated from outside by CMS's own '228 grants' and '$167 Million' (2026-09-17) and by each project numbering 1..n with no gap.",NA,2026-09-15,data/evidence/SC/2026-09-21_sc_rhtp_year1_award_list_THE_ROSTER.pdf
SC,178,Spartanburg Regional Healthcare System,560050,HOSPITAL_OR_SYSTEM,Yes,Shoring Up to Sustainability / Facility Enhancements,Yes,Yes,FY2026 (Year 1),SC RHTP Year 1 Award List,https://www.scdhhs.gov/sites/dhhs/files/SC%20RHTP%20Year%201%20Award%20List%20to%20CMS.pdf,NOTICE_OF_AWARD,PDF_TEXT,R/03ao_sc_year1_awardees.R,NA,NA,NA,NA,Shoring Up to Sustainability,Facility Enhancements,54,Spartanburg Regional Healthcare System,DERIVED FROM THE RECIPIENT'S OWN NAME by rhtp_classify_recipient_type().,MEDIUM,NA,Budget Period 1,DIRECT,Yes,NAMED_HOSPITAL,NA,"§10.2 DIRECT -- the named recipient is itself a hospital or health system, so recipient identity IS the flow test and no description decides it (§0.3a). The award is MADE: SCDHHS issued Notices of Award Determination on its own published date of 2026-07-31 (MB# 26-026) and posted this list, headed 'Year 1 Awards', on 2026-09-15.","EXACT and per-recipient, published by SCDHHS for every one of the 228 rows. The document carries NO total of any kind, so the $167,299,900.69 this file reports is the SUM OF THE ROWS, corroborated from outside by CMS's own '228 grants' and '$167 Million' (2026-09-17) and by each project numbering 1..n with no gap.",NA,2026-09-15,data/evidence/SC/2026-09-21_sc_rhtp_year1_award_list_THE_ROSTER.pdf
SC,179,Newberry County Memorial Hospital,570075,HOSPITAL_OR_SYSTEM,Yes,Shoring Up to Sustainability / Facility Enhancements,Yes,Yes,FY2026 (Year 1),SC RHTP Year 1 Award List,https://www.scdhhs.gov/sites/dhhs/files/SC%20RHTP%20Year%201%20Award%20List%20to%20CMS.pdf,NOTICE_OF_AWARD,PDF_TEXT,R/03ao_sc_year1_awardees.R,NA,NA,NA,NA,Shoring Up to Sustainability,Facility Enhancements,55,Newberry County Memorial Hospital,DERIVED FROM THE RECIPIENT'S OWN NAME by rhtp_classify_recipient_type().,HIGH,NA,Budget Period 1,DIRECT,Yes,NAMED_HOSPITAL,NA,"§10.2 DIRECT -- the named recipient is itself a hospital or health system, so recipient identity IS the flow test and no description decides it (§0.3a). The award is MADE: SCDHHS issued Notices of Award Determination on its own published date of 2026-07-31 (MB# 26-026) and posted this list, headed 'Year 1 Awards', on 2026-09-15.","EXACT and per-recipient, published by SCDHHS for every one of the 228 rows. The document carries NO total of any kind, so the $167,299,900.69 this file reports is the SUM OF THE ROWS, corroborated from outside by CMS's own '228 grants' and '$167 Million' (2026-09-17) and by each project numbering 1..n with no gap.",NA,2026-09-15,data/evidence/SC/2026-09-21_sc_rhtp_year1_award_list_THE_ROSTER.pdf
SC,180,"Beaufort Jasper Hampton Comprehensive Health Services, Inc.",586970,NONPROFIT_CBO,No,Shoring Up to Sustainability / Facility Enhancements,Yes,Yes,FY2026 (Year 1),SC RHTP Year 1 Award List,https://www.scdhhs.gov/sites/dhhs/files/SC%20RHTP%20Year%201%20Award%20List%20to%20CMS.pdf,NOTICE_OF_AWARD,PDF_TEXT,R/03ao_sc_year1_awardees.R,NA,NA,NA,NA,Shoring Up to Sustainability,Facility Enhancements,56,"Beaufort Jasper Hampton Comprehensive Health Services, Inc.","§8's STANDING FALLBACK. The award list publishes a recipient and an amount and NOTHING about the recipient's organisational form -- no type column, no county, no project description -- so Kansas's, Maryland's, Nebraska's, Oklahoma's, Nevada's, Michigan's, Missouri's, Iowa's, North Carolina's, Arkansas's, Wyoming's and Mississippi's shape a THIRTEENTH time. NOTHING WAS PROMOTED (§0.4), and the refusal runs BOTH ways: Self Regional Healthcare, McLeod Health, AnMed, Prisma Health and Tidelands Health read as hospital systems to anyone who knows South Carolina and are NOT promoted, while the nineteen SCDBHDD rows are the state's own behavioral health department and are NOT demoted to STATE_AGENCY. Both would be this pipeline asserting a form the document has not.",LOW,RECIPIENT_TYPE_INFERRED,Budget Period 1,NON_HOSPITAL,No,NOT_HOSPITAL,NA,"§10.2 -- the named recipient is not a hospital on the only evidence the document offers, which is its name. Where recipient_type is §8's standing fallback this is the CONSERVATIVE answer and the row is queued as SC_RECIPIENT_FORM_NOT_STATED: resolving it could only RAISE South Carolina's hospital figure, never lower it.","EXACT and per-recipient, published by SCDHHS for every one of the 228 rows. The document carries NO total of any kind, so the $167,299,900.69 this file reports is the SUM OF THE ROWS, corroborated from outside by CMS's own '228 grants' and '$167 Million' (2026-09-17) and by each project numbering 1..n with no gap.",NA,2026-09-15,data/evidence/SC/2026-09-21_sc_rhtp_year1_award_list_THE_ROSTER.pdf
SC,181,"Bishopville Dental, LLC",640296.78,NONPROFIT_CBO,No,Shoring Up to Sustainability / Facility Enhancements,Yes,Yes,FY2026 (Year 1),SC RHTP Year 1 Award List,https://www.scdhhs.gov/sites/dhhs/files/SC%20RHTP%20Year%201%20Award%20List%20to%20CMS.pdf,NOTICE_OF_AWARD,PDF_TEXT,R/03ao_sc_year1_awardees.R,NA,NA,NA,NA,Shoring Up to Sustainability,Facility Enhancements,57,"Bishopville Dental, LLC","§8's STANDING FALLBACK. The award list publishes a recipient and an amount and NOTHING about the recipient's organisational form -- no type column, no county, no project description -- so Kansas's, Maryland's, Nebraska's, Oklahoma's, Nevada's, Michigan's, Missouri's, Iowa's, North Carolina's, Arkansas's, Wyoming's and Mississippi's shape a THIRTEENTH time. NOTHING WAS PROMOTED (§0.4), and the refusal runs BOTH ways: Self Regional Healthcare, McLeod Health, AnMed, Prisma Health and Tidelands Health read as hospital systems to anyone who knows South Carolina and are NOT promoted, while the nineteen SCDBHDD rows are the state's own behavioral health department and are NOT demoted to STATE_AGENCY. Both would be this pipeline asserting a form the document has not.",LOW,RECIPIENT_TYPE_INFERRED,Budget Period 1,NON_HOSPITAL,No,NOT_HOSPITAL,NA,"§10.2 -- the named recipient is not a hospital on the only evidence the document offers, which is its name. Where recipient_type is §8's standing fallback this is the CONSERVATIVE answer and the row is queued as SC_RECIPIENT_FORM_NOT_STATED: resolving it could only RAISE South Carolina's hospital figure, never lower it.","EXACT and per-recipient, published by SCDHHS for every one of the 228 rows. The document carries NO total of any kind, so the $167,299,900.69 this file reports is the SUM OF THE ROWS, corroborated from outside by CMS's own '228 grants' and '$167 Million' (2026-09-17) and by each project numbering 1..n with no gap.",NA,2026-09-15,data/evidence/SC/2026-09-21_sc_rhtp_year1_award_list_THE_ROSTER.pdf
SC,182,Allendale County Hospital,678448,HOSPITAL_OR_SYSTEM,Yes,Shoring Up to Sustainability / Facility Enhancements,Yes,Yes,FY2026 (Year 1),SC RHTP Year 1 Award List,https://www.scdhhs.gov/sites/dhhs/files/SC%20RHTP%20Year%201%20Award%20List%20to%20CMS.pdf,NOTICE_OF_AWARD,PDF_TEXT,R/03ao_sc_year1_awardees.R,NA,NA,NA,NA,Shoring Up to Sustainability,Facility Enhancements,58,Allendale County Hospital,DERIVED FROM THE RECIPIENT'S OWN NAME by rhtp_classify_recipient_type().,HIGH,NA,Budget Period 1,DIRECT,Yes,NAMED_HOSPITAL,NA,"§10.2 DIRECT -- the named recipient is itself a hospital or health system, so recipient identity IS the flow test and no description decides it (§0.3a). The award is MADE: SCDHHS issued Notices of Award Determination on its own published date of 2026-07-31 (MB# 26-026) and posted this list, headed 'Year 1 Awards', on 2026-09-15.","EXACT and per-recipient, published by SCDHHS for every one of the 228 rows. The document carries NO total of any kind, so the $167,299,900.69 this file reports is the SUM OF THE ROWS, corroborated from outside by CMS's own '228 grants' and '$167 Million' (2026-09-17) and by each project numbering 1..n with no gap.",NA,2026-09-15,data/evidence/SC/2026-09-21_sc_rhtp_year1_award_list_THE_ROSTER.pdf
SC,183,Medical University Hospital Authority (MUSC Health Lancaster),700000,HOSPITAL_OR_SYSTEM,Yes,Shoring Up to Sustainability / Facility Enhancements,Yes,Yes,FY2026 (Year 1),SC RHTP Year 1 Award List,https://www.scdhhs.gov/sites/dhhs/files/SC%20RHTP%20Year%201%20Award%20List%20to%20CMS.pdf,NOTICE_OF_AWARD,PDF_TEXT,R/03ao_sc_year1_awardees.R,NA,NA,NA,NA,Shoring Up to Sustainability,Facility Enhancements,59,Medical University Hospital Authority (MUSC Health Lancaster),DERIVED FROM THE RECIPIENT'S OWN NAME by rhtp_classify_recipient_type().,HIGH,NA,Budget Period 1,DIRECT,Yes,NAMED_HOSPITAL,NA,"§10.2 DIRECT -- the named recipient is itself a hospital or health system, so recipient identity IS the flow test and no description decides it (§0.3a). The award is MADE: SCDHHS issued Notices of Award Determination on its own published date of 2026-07-31 (MB# 26-026) and posted this list, headed 'Year 1 Awards', on 2026-09-15.","EXACT and per-recipient, published by SCDHHS for every one of the 228 rows. The document carries NO total of any kind, so the $167,299,900.69 this file reports is the SUM OF THE ROWS, corroborated from outside by CMS's own '228 grants' and '$167 Million' (2026-09-17) and by each project numbering 1..n with no gap.",NA,2026-09-15,data/evidence/SC/2026-09-21_sc_rhtp_year1_award_list_THE_ROSTER.pdf
SC,184,Tidelands Health,801604,NONPROFIT_CBO,No,Shoring Up to Sustainability / Facility Enhancements,Yes,Yes,FY2026 (Year 1),SC RHTP Year 1 Award List,https://www.scdhhs.gov/sites/dhhs/files/SC%20RHTP%20Year%201%20Award%20List%20to%20CMS.pdf,NOTICE_OF_AWARD,PDF_TEXT,R/03ao_sc_year1_awardees.R,NA,NA,NA,NA,Shoring Up to Sustainability,Facility Enhancements,60,Tidelands Health,"§8's STANDING FALLBACK. The award list publishes a recipient and an amount and NOTHING about the recipient's organisational form -- no type column, no county, no project description -- so Kansas's, Maryland's, Nebraska's, Oklahoma's, Nevada's, Michigan's, Missouri's, Iowa's, North Carolina's, Arkansas's, Wyoming's and Mississippi's shape a THIRTEENTH time. NOTHING WAS PROMOTED (§0.4), and the refusal runs BOTH ways: Self Regional Healthcare, McLeod Health, AnMed, Prisma Health and Tidelands Health read as hospital systems to anyone who knows South Carolina and are NOT promoted, while the nineteen SCDBHDD rows are the state's own behavioral health department and are NOT demoted to STATE_AGENCY. Both would be this pipeline asserting a form the document has not.",LOW,RECIPIENT_TYPE_INFERRED,Budget Period 1,NON_HOSPITAL,No,NOT_HOSPITAL,NA,"§10.2 -- the named recipient is not a hospital on the only evidence the document offers, which is its name. Where recipient_type is §8's standing fallback this is the CONSERVATIVE answer and the row is queued as SC_RECIPIENT_FORM_NOT_STATED: resolving it could only RAISE South Carolina's hospital figure, never lower it.","EXACT and per-recipient, published by SCDHHS for every one of the 228 rows. The document carries NO total of any kind, so the $167,299,900.69 this file reports is the SUM OF THE ROWS, corroborated from outside by CMS's own '228 grants' and '$167 Million' (2026-09-17) and by each project numbering 1..n with no gap.",NA,2026-09-15,data/evidence/SC/2026-09-21_sc_rhtp_year1_award_list_THE_ROSTER.pdf
SC,185,Prisma Health-Upstate (Laurens),846566,NONPROFIT_CBO,No,Shoring Up to Sustainability / Facility Enhancements,Yes,Yes,FY2026 (Year 1),SC RHTP Year 1 Award List,https://www.scdhhs.gov/sites/dhhs/files/SC%20RHTP%20Year%201%20Award%20List%20to%20CMS.pdf,NOTICE_OF_AWARD,PDF_TEXT,R/03ao_sc_year1_awardees.R,NA,NA,NA,NA,Shoring Up to Sustainability,Facility Enhancements,61,Prisma Health-Upstate (Laurens),"§8's STANDING FALLBACK. The award list publishes a recipient and an amount and NOTHING about the recipient's organisational form -- no type column, no county, no project description -- so Kansas's, Maryland's, Nebraska's, Oklahoma's, Nevada's, Michigan's, Missouri's, Iowa's, North Carolina's, Arkansas's, Wyoming's and Mississippi's shape a THIRTEENTH time. NOTHING WAS PROMOTED (§0.4), and the refusal runs BOTH ways: Self Regional Healthcare, McLeod Health, AnMed, Prisma Health and Tidelands Health read as hospital systems to anyone who knows South Carolina and are NOT promoted, while the nineteen SCDBHDD rows are the state's own behavioral health department and are NOT demoted to STATE_AGENCY. Both would be this pipeline asserting a form the document has not.",LOW,RECIPIENT_TYPE_INFERRED,Budget Period 1,NON_HOSPITAL,No,NOT_HOSPITAL,NA,"§10.2 -- the named recipient is not a hospital on the only evidence the document offers, which is its name. Where recipient_type is §8's standing fallback this is the CONSERVATIVE answer and the row is queued as SC_RECIPIENT_FORM_NOT_STATED: resolving it could only RAISE South Carolina's hospital figure, never lower it.","EXACT and per-recipient, published by SCDHHS for every one of the 228 rows. The document carries NO total of any kind, so the $167,299,900.69 this file reports is the SUM OF THE ROWS, corroborated from outside by CMS's own '228 grants' and '$167 Million' (2026-09-17) and by each project numbering 1..n with no gap.",NA,2026-09-15,data/evidence/SC/2026-09-21_sc_rhtp_year1_award_list_THE_ROSTER.pdf
SC,186,Edgefield County Healthcare,850000,NONPROFIT_CBO,No,Shoring Up to Sustainability / Facility Enhancements,Yes,Yes,FY2026 (Year 1),SC RHTP Year 1 Award List,https://www.scdhhs.gov/sites/dhhs/files/SC%20RHTP%20Year%201%20Award%20List%20to%20CMS.pdf,NOTICE_OF_AWARD,PDF_TEXT,R/03ao_sc_year1_awardees.R,NA,NA,NA,NA,Shoring Up to Sustainability,Facility Enhancements,62,Edgefield County Healthcare,"§8's STANDING FALLBACK. The award list publishes a recipient and an amount and NOTHING about the recipient's organisational form -- no type column, no county, no project description -- so Kansas's, Maryland's, Nebraska's, Oklahoma's, Nevada's, Michigan's, Missouri's, Iowa's, North Carolina's, Arkansas's, Wyoming's and Mississippi's shape a THIRTEENTH time. NOTHING WAS PROMOTED (§0.4), and the refusal runs BOTH ways: Self Regional Healthcare, McLeod Health, AnMed, Prisma Health and Tidelands Health read as hospital systems to anyone who knows South Carolina and are NOT promoted, while the nineteen SCDBHDD rows are the state's own behavioral health department and are NOT demoted to STATE_AGENCY. Both would be this pipeline asserting a form the document has not.",LOW,RECIPIENT_TYPE_INFERRED,Budget Period 1,NON_HOSPITAL,No,NOT_HOSPITAL,NA,"§10.2 -- the named recipient is not a hospital on the only evidence the document offers, which is its name. Where recipient_type is §8's standing fallback this is the CONSERVATIVE answer and the row is queued as SC_RECIPIENT_FORM_NOT_STATED: resolving it could only RAISE South Carolina's hospital figure, never lower it.","EXACT and per-recipient, published by SCDHHS for every one of the 228 rows. The document carries NO total of any kind, so the $167,299,900.69 this file reports is the SUM OF THE ROWS, corroborated from outside by CMS's own '228 grants' and '$167 Million' (2026-09-17) and by each project numbering 1..n with no gap.",NA,2026-09-15,data/evidence/SC/2026-09-21_sc_rhtp_year1_award_list_THE_ROSTER.pdf
SC,187,Medical University Hospital Authority (MUSC Health Lancaster),1000000,HOSPITAL_OR_SYSTEM,Yes,Shoring Up to Sustainability / Facility Enhancements,Yes,Yes,FY2026 (Year 1),SC RHTP Year 1 Award List,https://www.scdhhs.gov/sites/dhhs/files/SC%20RHTP%20Year%201%20Award%20List%20to%20CMS.pdf,NOTICE_OF_AWARD,PDF_TEXT,R/03ao_sc_year1_awardees.R,NA,NA,NA,NA,Shoring Up to Sustainability,Facility Enhancements,63,Medical University Hospital Authority (MUSC Health Lancaster),DERIVED FROM THE RECIPIENT'S OWN NAME by rhtp_classify_recipient_type().,HIGH,NA,Budget Period 1,DIRECT,Yes,NAMED_HOSPITAL,NA,"§10.2 DIRECT -- the named recipient is itself a hospital or health system, so recipient identity IS the flow test and no description decides it (§0.3a). The award is MADE: SCDHHS issued Notices of Award Determination on its own published date of 2026-07-31 (MB# 26-026) and posted this list, headed 'Year 1 Awards', on 2026-09-15.","EXACT and per-recipient, published by SCDHHS for every one of the 228 rows. The document carries NO total of any kind, so the $167,299,900.69 this file reports is the SUM OF THE ROWS, corroborated from outside by CMS's own '228 grants' and '$167 Million' (2026-09-17) and by each project numbering 1..n with no gap.",NA,2026-09-15,data/evidence/SC/2026-09-21_sc_rhtp_year1_award_list_THE_ROSTER.pdf
SC,188,Edgefield County Healthcare,1031254,NONPROFIT_CBO,No,Shoring Up to Sustainability / Facility Enhancements,Yes,Yes,FY2026 (Year 1),SC RHTP Year 1 Award List,https://www.scdhhs.gov/sites/dhhs/files/SC%20RHTP%20Year%201%20Award%20List%20to%20CMS.pdf,NOTICE_OF_AWARD,PDF_TEXT,R/03ao_sc_year1_awardees.R,NA,NA,NA,NA,Shoring Up to Sustainability,Facility Enhancements,64,Edgefield County Healthcare,"§8's STANDING FALLBACK. The award list publishes a recipient and an amount and NOTHING about the recipient's organisational form -- no type column, no county, no project description -- so Kansas's, Maryland's, Nebraska's, Oklahoma's, Nevada's, Michigan's, Missouri's, Iowa's, North Carolina's, Arkansas's, Wyoming's and Mississippi's shape a THIRTEENTH time. NOTHING WAS PROMOTED (§0.4), and the refusal runs BOTH ways: Self Regional Healthcare, McLeod Health, AnMed, Prisma Health and Tidelands Health read as hospital systems to anyone who knows South Carolina and are NOT promoted, while the nineteen SCDBHDD rows are the state's own behavioral health department and are NOT demoted to STATE_AGENCY. Both would be this pipeline asserting a form the document has not.",LOW,RECIPIENT_TYPE_INFERRED,Budget Period 1,NON_HOSPITAL,No,NOT_HOSPITAL,NA,"§10.2 -- the named recipient is not a hospital on the only evidence the document offers, which is its name. Where recipient_type is §8's standing fallback this is the CONSERVATIVE answer and the row is queued as SC_RECIPIENT_FORM_NOT_STATED: resolving it could only RAISE South Carolina's hospital figure, never lower it.","EXACT and per-recipient, published by SCDHHS for every one of the 228 rows. The document carries NO total of any kind, so the $167,299,900.69 this file reports is the SUM OF THE ROWS, corroborated from outside by CMS's own '228 grants' and '$167 Million' (2026-09-17) and by each project numbering 1..n with no gap.",NA,2026-09-15,data/evidence/SC/2026-09-21_sc_rhtp_year1_award_list_THE_ROSTER.pdf
SC,189,Prisma Health-Upstate (Oconee),1042482,NONPROFIT_CBO,No,Shoring Up to Sustainability / Facility Enhancements,Yes,Yes,FY2026 (Year 1),SC RHTP Year 1 Award List,https://www.scdhhs.gov/sites/dhhs/files/SC%20RHTP%20Year%201%20Award%20List%20to%20CMS.pdf,NOTICE_OF_AWARD,PDF_TEXT,R/03ao_sc_year1_awardees.R,NA,NA,NA,NA,Shoring Up to Sustainability,Facility Enhancements,65,Prisma Health-Upstate (Oconee),"§8's STANDING FALLBACK. The award list publishes a recipient and an amount and NOTHING about the recipient's organisational form -- no type column, no county, no project description -- so Kansas's, Maryland's, Nebraska's, Oklahoma's, Nevada's, Michigan's, Missouri's, Iowa's, North Carolina's, Arkansas's, Wyoming's and Mississippi's shape a THIRTEENTH time. NOTHING WAS PROMOTED (§0.4), and the refusal runs BOTH ways: Self Regional Healthcare, McLeod Health, AnMed, Prisma Health and Tidelands Health read as hospital systems to anyone who knows South Carolina and are NOT promoted, while the nineteen SCDBHDD rows are the state's own behavioral health department and are NOT demoted to STATE_AGENCY. Both would be this pipeline asserting a form the document has not.",LOW,RECIPIENT_TYPE_INFERRED,Budget Period 1,NON_HOSPITAL,No,NOT_HOSPITAL,NA,"§10.2 -- the named recipient is not a hospital on the only evidence the document offers, which is its name. Where recipient_type is §8's standing fallback this is the CONSERVATIVE answer and the row is queued as SC_RECIPIENT_FORM_NOT_STATED: resolving it could only RAISE South Carolina's hospital figure, never lower it.","EXACT and per-recipient, published by SCDHHS for every one of the 228 rows. The document carries NO total of any kind, so the $167,299,900.69 this file reports is the SUM OF THE ROWS, corroborated from outside by CMS's own '228 grants' and '$167 Million' (2026-09-17) and by each project numbering 1..n with no gap.",NA,2026-09-15,data/evidence/SC/2026-09-21_sc_rhtp_year1_award_list_THE_ROSTER.pdf
SC,190,Medical University Hospital Authority (MUSC Health Pee Dee Division),1100000,HOSPITAL_OR_SYSTEM,Yes,Shoring Up to Sustainability / Facility Enhancements,Yes,Yes,FY2026 (Year 1),SC RHTP Year 1 Award List,https://www.scdhhs.gov/sites/dhhs/files/SC%20RHTP%20Year%201%20Award%20List%20to%20CMS.pdf,NOTICE_OF_AWARD,PDF_TEXT,R/03ao_sc_year1_awardees.R,NA,NA,NA,NA,Shoring Up to Sustainability,Facility Enhancements,66,Medical University Hospital Authority (MUSC Health Pee Dee Division),DERIVED FROM THE RECIPIENT'S OWN NAME by rhtp_classify_recipient_type().,HIGH,NA,Budget Period 1,DIRECT,Yes,NAMED_HOSPITAL,NA,"§10.2 DIRECT -- the named recipient is itself a hospital or health system, so recipient identity IS the flow test and no description decides it (§0.3a). The award is MADE: SCDHHS issued Notices of Award Determination on its own published date of 2026-07-31 (MB# 26-026) and posted this list, headed 'Year 1 Awards', on 2026-09-15.","EXACT and per-recipient, published by SCDHHS for every one of the 228 rows. The document carries NO total of any kind, so the $167,299,900.69 this file reports is the SUM OF THE ROWS, corroborated from outside by CMS's own '228 grants' and '$167 Million' (2026-09-17) and by each project numbering 1..n with no gap.",NA,2026-09-15,data/evidence/SC/2026-09-21_sc_rhtp_year1_award_list_THE_ROSTER.pdf
SC,191,"Self Regional Healthcare (Montgomery Center, Greenwood)",1100000,NONPROFIT_CBO,No,Shoring Up to Sustainability / Facility Enhancements,Yes,Yes,FY2026 (Year 1),SC RHTP Year 1 Award List,https://www.scdhhs.gov/sites/dhhs/files/SC%20RHTP%20Year%201%20Award%20List%20to%20CMS.pdf,NOTICE_OF_AWARD,PDF_TEXT,R/03ao_sc_year1_awardees.R,NA,NA,NA,NA,Shoring Up to Sustainability,Facility Enhancements,67,"Self Regional Healthcare (Montgomery Center, Greenwood)","§8's STANDING FALLBACK. The award list publishes a recipient and an amount and NOTHING about the recipient's organisational form -- no type column, no county, no project description -- so Kansas's, Maryland's, Nebraska's, Oklahoma's, Nevada's, Michigan's, Missouri's, Iowa's, North Carolina's, Arkansas's, Wyoming's and Mississippi's shape a THIRTEENTH time. NOTHING WAS PROMOTED (§0.4), and the refusal runs BOTH ways: Self Regional Healthcare, McLeod Health, AnMed, Prisma Health and Tidelands Health read as hospital systems to anyone who knows South Carolina and are NOT promoted, while the nineteen SCDBHDD rows are the state's own behavioral health department and are NOT demoted to STATE_AGENCY. Both would be this pipeline asserting a form the document has not.",LOW,RECIPIENT_TYPE_INFERRED,Budget Period 1,NON_HOSPITAL,No,NOT_HOSPITAL,NA,"§10.2 -- the named recipient is not a hospital on the only evidence the document offers, which is its name. Where recipient_type is §8's standing fallback this is the CONSERVATIVE answer and the row is queued as SC_RECIPIENT_FORM_NOT_STATED: resolving it could only RAISE South Carolina's hospital figure, never lower it.","EXACT and per-recipient, published by SCDHHS for every one of the 228 rows. The document carries NO total of any kind, so the $167,299,900.69 this file reports is the SUM OF THE ROWS, corroborated from outside by CMS's own '228 grants' and '$167 Million' (2026-09-17) and by each project numbering 1..n with no gap.",NA,2026-09-15,data/evidence/SC/2026-09-21_sc_rhtp_year1_award_list_THE_ROSTER.pdf
SC,192,Newberry County Memorial Hospital,1113212.59,HOSPITAL_OR_SYSTEM,Yes,Shoring Up to Sustainability / Facility Enhancements,Yes,Yes,FY2026 (Year 1),SC RHTP Year 1 Award List,https://www.scdhhs.gov/sites/dhhs/files/SC%20RHTP%20Year%201%20Award%20List%20to%20CMS.pdf,NOTICE_OF_AWARD,PDF_TEXT,R/03ao_sc_year1_awardees.R,NA,NA,NA,NA,Shoring Up to Sustainability,Facility Enhancements,68,Newberry County Memorial Hospital,DERIVED FROM THE RECIPIENT'S OWN NAME by rhtp_classify_recipient_type().,HIGH,NA,Budget Period 1,DIRECT,Yes,NAMED_HOSPITAL,NA,"§10.2 DIRECT -- the named recipient is itself a hospital or health system, so recipient identity IS the flow test and no description decides it (§0.3a). The award is MADE: SCDHHS issued Notices of Award Determination on its own published date of 2026-07-31 (MB# 26-026) and posted this list, headed 'Year 1 Awards', on 2026-09-15.","EXACT and per-recipient, published by SCDHHS for every one of the 228 rows. The document carries NO total of any kind, so the $167,299,900.69 this file reports is the SUM OF THE ROWS, corroborated from outside by CMS's own '228 grants' and '$167 Million' (2026-09-17) and by each project numbering 1..n with no gap.",NA,2026-09-15,data/evidence/SC/2026-09-21_sc_rhtp_year1_award_list_THE_ROSTER.pdf
SC,193,Self Regional Healthcare (Newberry),1165000,NONPROFIT_CBO,No,Shoring Up to Sustainability / Facility Enhancements,Yes,Yes,FY2026 (Year 1),SC RHTP Year 1 Award List,https://www.scdhhs.gov/sites/dhhs/files/SC%20RHTP%20Year%201%20Award%20List%20to%20CMS.pdf,NOTICE_OF_AWARD,PDF_TEXT,R/03ao_sc_year1_awardees.R,NA,NA,NA,NA,Shoring Up to Sustainability,Facility Enhancements,69,Self Regional Healthcare (Newberry),"§8's STANDING FALLBACK. The award list publishes a recipient and an amount and NOTHING about the recipient's organisational form -- no type column, no county, no project description -- so Kansas's, Maryland's, Nebraska's, Oklahoma's, Nevada's, Michigan's, Missouri's, Iowa's, North Carolina's, Arkansas's, Wyoming's and Mississippi's shape a THIRTEENTH time. NOTHING WAS PROMOTED (§0.4), and the refusal runs BOTH ways: Self Regional Healthcare, McLeod Health, AnMed, Prisma Health and Tidelands Health read as hospital systems to anyone who knows South Carolina and are NOT promoted, while the nineteen SCDBHDD rows are the state's own behavioral health department and are NOT demoted to STATE_AGENCY. Both would be this pipeline asserting a form the document has not.",LOW,RECIPIENT_TYPE_INFERRED,Budget Period 1,NON_HOSPITAL,No,NOT_HOSPITAL,NA,"§10.2 -- the named recipient is not a hospital on the only evidence the document offers, which is its name. Where recipient_type is §8's standing fallback this is the CONSERVATIVE answer and the row is queued as SC_RECIPIENT_FORM_NOT_STATED: resolving it could only RAISE South Carolina's hospital figure, never lower it.","EXACT and per-recipient, published by SCDHHS for every one of the 228 rows. The document carries NO total of any kind, so the $167,299,900.69 this file reports is the SUM OF THE ROWS, corroborated from outside by CMS's own '228 grants' and '$167 Million' (2026-09-17) and by each project numbering 1..n with no gap.",NA,2026-09-15,data/evidence/SC/2026-09-21_sc_rhtp_year1_award_list_THE_ROSTER.pdf
SC,194,Self Regional Healthcare (Lakelands Region),1271622.68,NONPROFIT_CBO,No,Shoring Up to Sustainability / Facility Enhancements,Yes,Yes,FY2026 (Year 1),SC RHTP Year 1 Award List,https://www.scdhhs.gov/sites/dhhs/files/SC%20RHTP%20Year%201%20Award%20List%20to%20CMS.pdf,NOTICE_OF_AWARD,PDF_TEXT,R/03ao_sc_year1_awardees.R,NA,NA,NA,NA,Shoring Up to Sustainability,Facility Enhancements,70,Self Regional Healthcare (Lakelands Region),"§8's STANDING FALLBACK. The award list publishes a recipient and an amount and NOTHING about the recipient's organisational form -- no type column, no county, no project description -- so Kansas's, Maryland's, Nebraska's, Oklahoma's, Nevada's, Michigan's, Missouri's, Iowa's, North Carolina's, Arkansas's, Wyoming's and Mississippi's shape a THIRTEENTH time. NOTHING WAS PROMOTED (§0.4), and the refusal runs BOTH ways: Self Regional Healthcare, McLeod Health, AnMed, Prisma Health and Tidelands Health read as hospital systems to anyone who knows South Carolina and are NOT promoted, while the nineteen SCDBHDD rows are the state's own behavioral health department and are NOT demoted to STATE_AGENCY. Both would be this pipeline asserting a form the document has not.",LOW,RECIPIENT_TYPE_INFERRED,Budget Period 1,NON_HOSPITAL,No,NOT_HOSPITAL,NA,"§10.2 -- the named recipient is not a hospital on the only evidence the document offers, which is its name. Where recipient_type is §8's standing fallback this is the CONSERVATIVE answer and the row is queued as SC_RECIPIENT_FORM_NOT_STATED: resolving it could only RAISE South Carolina's hospital figure, never lower it.","EXACT and per-recipient, published by SCDHHS for every one of the 228 rows. The document carries NO total of any kind, so the $167,299,900.69 this file reports is the SUM OF THE ROWS, corroborated from outside by CMS's own '228 grants' and '$167 Million' (2026-09-17) and by each project numbering 1..n with no gap.",NA,2026-09-15,data/evidence/SC/2026-09-21_sc_rhtp_year1_award_list_THE_ROSTER.pdf
SC,195,"Self Regional Healthcare (Optimum Life Rehabilitation Center, Greenwood)",1280000,NONPROFIT_CBO,No,Shoring Up to Sustainability / Facility Enhancements,Yes,Yes,FY2026 (Year 1),SC RHTP Year 1 Award List,https://www.scdhhs.gov/sites/dhhs/files/SC%20RHTP%20Year%201%20Award%20List%20to%20CMS.pdf,NOTICE_OF_AWARD,PDF_TEXT,R/03ao_sc_year1_awardees.R,NA,NA,NA,NA,Shoring Up to Sustainability,Facility Enhancements,71,"Self Regional Healthcare (Optimum Life Rehabilitation Center, Greenwood)","§8's STANDING FALLBACK. The award list publishes a recipient and an amount and NOTHING about the recipient's organisational form -- no type column, no county, no project description -- so Kansas's, Maryland's, Nebraska's, Oklahoma's, Nevada's, Michigan's, Missouri's, Iowa's, North Carolina's, Arkansas's, Wyoming's and Mississippi's shape a THIRTEENTH time. NOTHING WAS PROMOTED (§0.4), and the refusal runs BOTH ways: Self Regional Healthcare, McLeod Health, AnMed, Prisma Health and Tidelands Health read as hospital systems to anyone who knows South Carolina and are NOT promoted, while the nineteen SCDBHDD rows are the state's own behavioral health department and are NOT demoted to STATE_AGENCY. Both would be this pipeline asserting a form the document has not.",LOW,RECIPIENT_TYPE_INFERRED,Budget Period 1,NON_HOSPITAL,No,NOT_HOSPITAL,NA,"§10.2 -- the named recipient is not a hospital on the only evidence the document offers, which is its name. Where recipient_type is §8's standing fallback this is the CONSERVATIVE answer and the row is queued as SC_RECIPIENT_FORM_NOT_STATED: resolving it could only RAISE South Carolina's hospital figure, never lower it.","EXACT and per-recipient, published by SCDHHS for every one of the 228 rows. The document carries NO total of any kind, so the $167,299,900.69 this file reports is the SUM OF THE ROWS, corroborated from outside by CMS's own '228 grants' and '$167 Million' (2026-09-17) and by each project numbering 1..n with no gap.",NA,2026-09-15,data/evidence/SC/2026-09-21_sc_rhtp_year1_award_list_THE_ROSTER.pdf
SC,196,Newberry County Memorial Hospital,1292978.3,HOSPITAL_OR_SYSTEM,Yes,Shoring Up to Sustainability / Facility Enhancements,Yes,Yes,FY2026 (Year 1),SC RHTP Year 1 Award List,https://www.scdhhs.gov/sites/dhhs/files/SC%20RHTP%20Year%201%20Award%20List%20to%20CMS.pdf,NOTICE_OF_AWARD,PDF_TEXT,R/03ao_sc_year1_awardees.R,NA,NA,NA,NA,Shoring Up to Sustainability,Facility Enhancements,72,Newberry County Memorial Hospital,DERIVED FROM THE RECIPIENT'S OWN NAME by rhtp_classify_recipient_type().,HIGH,NA,Budget Period 1,DIRECT,Yes,NAMED_HOSPITAL,NA,"§10.2 DIRECT -- the named recipient is itself a hospital or health system, so recipient identity IS the flow test and no description decides it (§0.3a). The award is MADE: SCDHHS issued Notices of Award Determination on its own published date of 2026-07-31 (MB# 26-026) and posted this list, headed 'Year 1 Awards', on 2026-09-15.","EXACT and per-recipient, published by SCDHHS for every one of the 228 rows. The document carries NO total of any kind, so the $167,299,900.69 this file reports is the SUM OF THE ROWS, corroborated from outside by CMS's own '228 grants' and '$167 Million' (2026-09-17) and by each project numbering 1..n with no gap.",NA,2026-09-15,data/evidence/SC/2026-09-21_sc_rhtp_year1_award_list_THE_ROSTER.pdf
SC,197,Hampton Regional Medical Center,1400000,HOSPITAL_OR_SYSTEM,Yes,Shoring Up to Sustainability / Facility Enhancements,Yes,Yes,FY2026 (Year 1),SC RHTP Year 1 Award List,https://www.scdhhs.gov/sites/dhhs/files/SC%20RHTP%20Year%201%20Award%20List%20to%20CMS.pdf,NOTICE_OF_AWARD,PDF_TEXT,R/03ao_sc_year1_awardees.R,NA,NA,NA,NA,Shoring Up to Sustainability,Facility Enhancements,73,Hampton Regional Medical Center,DERIVED FROM THE RECIPIENT'S OWN NAME by rhtp_classify_recipient_type().,HIGH,NA,Budget Period 1,DIRECT,Yes,NAMED_HOSPITAL,NA,"§10.2 DIRECT -- the named recipient is itself a hospital or health system, so recipient identity IS the flow test and no description decides it (§0.3a). The award is MADE: SCDHHS issued Notices of Award Determination on its own published date of 2026-07-31 (MB# 26-026) and posted this list, headed 'Year 1 Awards', on 2026-09-15.","EXACT and per-recipient, published by SCDHHS for every one of the 228 rows. The document carries NO total of any kind, so the $167,299,900.69 this file reports is the SUM OF THE ROWS, corroborated from outside by CMS's own '228 grants' and '$167 Million' (2026-09-17) and by each project numbering 1..n with no gap.",NA,2026-09-15,data/evidence/SC/2026-09-21_sc_rhtp_year1_award_list_THE_ROSTER.pdf
SC,198,Spartanburg Regional Healthcare System,1440015,HOSPITAL_OR_SYSTEM,Yes,Shoring Up to Sustainability / Facility Enhancements,Yes,Yes,FY2026 (Year 1),SC RHTP Year 1 Award List,https://www.scdhhs.gov/sites/dhhs/files/SC%20RHTP%20Year%201%20Award%20List%20to%20CMS.pdf,NOTICE_OF_AWARD,PDF_TEXT,R/03ao_sc_year1_awardees.R,NA,NA,NA,NA,Shoring Up to Sustainability,Facility Enhancements,74,Spartanburg Regional Healthcare System,DERIVED FROM THE RECIPIENT'S OWN NAME by rhtp_classify_recipient_type().,MEDIUM,NA,Budget Period 1,DIRECT,Yes,NAMED_HOSPITAL,NA,"§10.2 DIRECT -- the named recipient is itself a hospital or health system, so recipient identity IS the flow test and no description decides it (§0.3a). The award is MADE: SCDHHS issued Notices of Award Determination on its own published date of 2026-07-31 (MB# 26-026) and posted this list, headed 'Year 1 Awards', on 2026-09-15.","EXACT and per-recipient, published by SCDHHS for every one of the 228 rows. The document carries NO total of any kind, so the $167,299,900.69 this file reports is the SUM OF THE ROWS, corroborated from outside by CMS's own '228 grants' and '$167 Million' (2026-09-17) and by each project numbering 1..n with no gap.",NA,2026-09-15,data/evidence/SC/2026-09-21_sc_rhtp_year1_award_list_THE_ROSTER.pdf
SC,199,Self Regional Healthcare (Laurens),1460000,NONPROFIT_CBO,No,Shoring Up to Sustainability / Facility Enhancements,Yes,Yes,FY2026 (Year 1),SC RHTP Year 1 Award List,https://www.scdhhs.gov/sites/dhhs/files/SC%20RHTP%20Year%201%20Award%20List%20to%20CMS.pdf,NOTICE_OF_AWARD,PDF_TEXT,R/03ao_sc_year1_awardees.R,NA,NA,NA,NA,Shoring Up to Sustainability,Facility Enhancements,75,Self Regional Healthcare (Laurens),"§8's STANDING FALLBACK. The award list publishes a recipient and an amount and NOTHING about the recipient's organisational form -- no type column, no county, no project description -- so Kansas's, Maryland's, Nebraska's, Oklahoma's, Nevada's, Michigan's, Missouri's, Iowa's, North Carolina's, Arkansas's, Wyoming's and Mississippi's shape a THIRTEENTH time. NOTHING WAS PROMOTED (§0.4), and the refusal runs BOTH ways: Self Regional Healthcare, McLeod Health, AnMed, Prisma Health and Tidelands Health read as hospital systems to anyone who knows South Carolina and are NOT promoted, while the nineteen SCDBHDD rows are the state's own behavioral health department and are NOT demoted to STATE_AGENCY. Both would be this pipeline asserting a form the document has not.",LOW,RECIPIENT_TYPE_INFERRED,Budget Period 1,NON_HOSPITAL,No,NOT_HOSPITAL,NA,"§10.2 -- the named recipient is not a hospital on the only evidence the document offers, which is its name. Where recipient_type is §8's standing fallback this is the CONSERVATIVE answer and the row is queued as SC_RECIPIENT_FORM_NOT_STATED: resolving it could only RAISE South Carolina's hospital figure, never lower it.","EXACT and per-recipient, published by SCDHHS for every one of the 228 rows. The document carries NO total of any kind, so the $167,299,900.69 this file reports is the SUM OF THE ROWS, corroborated from outside by CMS's own '228 grants' and '$167 Million' (2026-09-17) and by each project numbering 1..n with no gap.",NA,2026-09-15,data/evidence/SC/2026-09-21_sc_rhtp_year1_award_list_THE_ROSTER.pdf
SC,200,Edgefield County Healthcare,1604417,NONPROFIT_CBO,No,Shoring Up to Sustainability / Facility Enhancements,Yes,Yes,FY2026 (Year 1),SC RHTP Year 1 Award List,https://www.scdhhs.gov/sites/dhhs/files/SC%20RHTP%20Year%201%20Award%20List%20to%20CMS.pdf,NOTICE_OF_AWARD,PDF_TEXT,R/03ao_sc_year1_awardees.R,NA,NA,NA,NA,Shoring Up to Sustainability,Facility Enhancements,76,Edgefield County Healthcare,"§8's STANDING FALLBACK. The award list publishes a recipient and an amount and NOTHING about the recipient's organisational form -- no type column, no county, no project description -- so Kansas's, Maryland's, Nebraska's, Oklahoma's, Nevada's, Michigan's, Missouri's, Iowa's, North Carolina's, Arkansas's, Wyoming's and Mississippi's shape a THIRTEENTH time. NOTHING WAS PROMOTED (§0.4), and the refusal runs BOTH ways: Self Regional Healthcare, McLeod Health, AnMed, Prisma Health and Tidelands Health read as hospital systems to anyone who knows South Carolina and are NOT promoted, while the nineteen SCDBHDD rows are the state's own behavioral health department and are NOT demoted to STATE_AGENCY. Both would be this pipeline asserting a form the document has not.",LOW,RECIPIENT_TYPE_INFERRED,Budget Period 1,NON_HOSPITAL,No,NOT_HOSPITAL,NA,"§10.2 -- the named recipient is not a hospital on the only evidence the document offers, which is its name. Where recipient_type is §8's standing fallback this is the CONSERVATIVE answer and the row is queued as SC_RECIPIENT_FORM_NOT_STATED: resolving it could only RAISE South Carolina's hospital figure, never lower it.","EXACT and per-recipient, published by SCDHHS for every one of the 228 rows. The document carries NO total of any kind, so the $167,299,900.69 this file reports is the SUM OF THE ROWS, corroborated from outside by CMS's own '228 grants' and '$167 Million' (2026-09-17) and by each project numbering 1..n with no gap.",NA,2026-09-15,data/evidence/SC/2026-09-21_sc_rhtp_year1_award_list_THE_ROSTER.pdf
SC,201,Allendale County Hospital,1614000,HOSPITAL_OR_SYSTEM,Yes,Shoring Up to Sustainability / Facility Enhancements,Yes,Yes,FY2026 (Year 1),SC RHTP Year 1 Award List,https://www.scdhhs.gov/sites/dhhs/files/SC%20RHTP%20Year%201%20Award%20List%20to%20CMS.pdf,NOTICE_OF_AWARD,PDF_TEXT,R/03ao_sc_year1_awardees.R,NA,NA,NA,NA,Shoring Up to Sustainability,Facility Enhancements,77,Allendale County Hospital,DERIVED FROM THE RECIPIENT'S OWN NAME by rhtp_classify_recipient_type().,HIGH,NA,Budget Period 1,DIRECT,Yes,NAMED_HOSPITAL,NA,"§10.2 DIRECT -- the named recipient is itself a hospital or health system, so recipient identity IS the flow test and no description decides it (§0.3a). The award is MADE: SCDHHS issued Notices of Award Determination on its own published date of 2026-07-31 (MB# 26-026) and posted this list, headed 'Year 1 Awards', on 2026-09-15.","EXACT and per-recipient, published by SCDHHS for every one of the 228 rows. The document carries NO total of any kind, so the $167,299,900.69 this file reports is the SUM OF THE ROWS, corroborated from outside by CMS's own '228 grants' and '$167 Million' (2026-09-17) and by each project numbering 1..n with no gap.",NA,2026-09-15,data/evidence/SC/2026-09-21_sc_rhtp_year1_award_list_THE_ROSTER.pdf
SC,202,Edgefield County Healthcare,1688865.6,NONPROFIT_CBO,No,Shoring Up to Sustainability / Facility Enhancements,Yes,Yes,FY2026 (Year 1),SC RHTP Year 1 Award List,https://www.scdhhs.gov/sites/dhhs/files/SC%20RHTP%20Year%201%20Award%20List%20to%20CMS.pdf,NOTICE_OF_AWARD,PDF_TEXT,R/03ao_sc_year1_awardees.R,NA,NA,NA,NA,Shoring Up to Sustainability,Facility Enhancements,78,Edgefield County Healthcare,"§8's STANDING FALLBACK. The award list publishes a recipient and an amount and NOTHING about the recipient's organisational form -- no type column, no county, no project description -- so Kansas's, Maryland's, Nebraska's, Oklahoma's, Nevada's, Michigan's, Missouri's, Iowa's, North Carolina's, Arkansas's, Wyoming's and Mississippi's shape a THIRTEENTH time. NOTHING WAS PROMOTED (§0.4), and the refusal runs BOTH ways: Self Regional Healthcare, McLeod Health, AnMed, Prisma Health and Tidelands Health read as hospital systems to anyone who knows South Carolina and are NOT promoted, while the nineteen SCDBHDD rows are the state's own behavioral health department and are NOT demoted to STATE_AGENCY. Both would be this pipeline asserting a form the document has not.",LOW,RECIPIENT_TYPE_INFERRED,Budget Period 1,NON_HOSPITAL,No,NOT_HOSPITAL,NA,"§10.2 -- the named recipient is not a hospital on the only evidence the document offers, which is its name. Where recipient_type is §8's standing fallback this is the CONSERVATIVE answer and the row is queued as SC_RECIPIENT_FORM_NOT_STATED: resolving it could only RAISE South Carolina's hospital figure, never lower it.","EXACT and per-recipient, published by SCDHHS for every one of the 228 rows. The document carries NO total of any kind, so the $167,299,900.69 this file reports is the SUM OF THE ROWS, corroborated from outside by CMS's own '228 grants' and '$167 Million' (2026-09-17) and by each project numbering 1..n with no gap.",NA,2026-09-15,data/evidence/SC/2026-09-21_sc_rhtp_year1_award_list_THE_ROSTER.pdf
SC,203,Edgefield County Healthcare,1700000,NONPROFIT_CBO,No,Shoring Up to Sustainability / Facility Enhancements,Yes,Yes,FY2026 (Year 1),SC RHTP Year 1 Award List,https://www.scdhhs.gov/sites/dhhs/files/SC%20RHTP%20Year%201%20Award%20List%20to%20CMS.pdf,NOTICE_OF_AWARD,PDF_TEXT,R/03ao_sc_year1_awardees.R,NA,NA,NA,NA,Shoring Up to Sustainability,Facility Enhancements,79,Edgefield County Healthcare,"§8's STANDING FALLBACK. The award list publishes a recipient and an amount and NOTHING about the recipient's organisational form -- no type column, no county, no project description -- so Kansas's, Maryland's, Nebraska's, Oklahoma's, Nevada's, Michigan's, Missouri's, Iowa's, North Carolina's, Arkansas's, Wyoming's and Mississippi's shape a THIRTEENTH time. NOTHING WAS PROMOTED (§0.4), and the refusal runs BOTH ways: Self Regional Healthcare, McLeod Health, AnMed, Prisma Health and Tidelands Health read as hospital systems to anyone who knows South Carolina and are NOT promoted, while the nineteen SCDBHDD rows are the state's own behavioral health department and are NOT demoted to STATE_AGENCY. Both would be this pipeline asserting a form the document has not.",LOW,RECIPIENT_TYPE_INFERRED,Budget Period 1,NON_HOSPITAL,No,NOT_HOSPITAL,NA,"§10.2 -- the named recipient is not a hospital on the only evidence the document offers, which is its name. Where recipient_type is §8's standing fallback this is the CONSERVATIVE answer and the row is queued as SC_RECIPIENT_FORM_NOT_STATED: resolving it could only RAISE South Carolina's hospital figure, never lower it.","EXACT and per-recipient, published by SCDHHS for every one of the 228 rows. The document carries NO total of any kind, so the $167,299,900.69 this file reports is the SUM OF THE ROWS, corroborated from outside by CMS's own '228 grants' and '$167 Million' (2026-09-17) and by each project numbering 1..n with no gap.",NA,2026-09-15,data/evidence/SC/2026-09-21_sc_rhtp_year1_award_list_THE_ROSTER.pdf
SC,204,Hampton Regional Medical Center,1716000,HOSPITAL_OR_SYSTEM,Yes,Shoring Up to Sustainability / Facility Enhancements,Yes,Yes,FY2026 (Year 1),SC RHTP Year 1 Award List,https://www.scdhhs.gov/sites/dhhs/files/SC%20RHTP%20Year%201%20Award%20List%20to%20CMS.pdf,NOTICE_OF_AWARD,PDF_TEXT,R/03ao_sc_year1_awardees.R,NA,NA,NA,NA,Shoring Up to Sustainability,Facility Enhancements,80,Hampton Regional Medical Center,DERIVED FROM THE RECIPIENT'S OWN NAME by rhtp_classify_recipient_type().,HIGH,NA,Budget Period 1,DIRECT,Yes,NAMED_HOSPITAL,NA,"§10.2 DIRECT -- the named recipient is itself a hospital or health system, so recipient identity IS the flow test and no description decides it (§0.3a). The award is MADE: SCDHHS issued Notices of Award Determination on its own published date of 2026-07-31 (MB# 26-026) and posted this list, headed 'Year 1 Awards', on 2026-09-15.","EXACT and per-recipient, published by SCDHHS for every one of the 228 rows. The document carries NO total of any kind, so the $167,299,900.69 this file reports is the SUM OF THE ROWS, corroborated from outside by CMS's own '228 grants' and '$167 Million' (2026-09-17) and by each project numbering 1..n with no gap.",NA,2026-09-15,data/evidence/SC/2026-09-21_sc_rhtp_year1_award_list_THE_ROSTER.pdf
SC,205,Medical University Hospital Authority (MUSC Health Orangeburg),2000000,HOSPITAL_OR_SYSTEM,Yes,Shoring Up to Sustainability / Facility Enhancements,Yes,Yes,FY2026 (Year 1),SC RHTP Year 1 Award List,https://www.scdhhs.gov/sites/dhhs/files/SC%20RHTP%20Year%201%20Award%20List%20to%20CMS.pdf,NOTICE_OF_AWARD,PDF_TEXT,R/03ao_sc_year1_awardees.R,NA,NA,NA,NA,Shoring Up to Sustainability,Facility Enhancements,81,Medical University Hospital Authority (MUSC Health Orangeburg),DERIVED FROM THE RECIPIENT'S OWN NAME by rhtp_classify_recipient_type().,HIGH,NA,Budget Period 1,DIRECT,Yes,NAMED_HOSPITAL,NA,"§10.2 DIRECT -- the named recipient is itself a hospital or health system, so recipient identity IS the flow test and no description decides it (§0.3a). The award is MADE: SCDHHS issued Notices of Award Determination on its own published date of 2026-07-31 (MB# 26-026) and posted this list, headed 'Year 1 Awards', on 2026-09-15.","EXACT and per-recipient, published by SCDHHS for every one of the 228 rows. The document carries NO total of any kind, so the $167,299,900.69 this file reports is the SUM OF THE ROWS, corroborated from outside by CMS's own '228 grants' and '$167 Million' (2026-09-17) and by each project numbering 1..n with no gap.",NA,2026-09-15,data/evidence/SC/2026-09-21_sc_rhtp_year1_award_list_THE_ROSTER.pdf
SC,206,Spartanburg Regional Healthcare System,2069939,HOSPITAL_OR_SYSTEM,Yes,Shoring Up to Sustainability / Facility Enhancements,Yes,Yes,FY2026 (Year 1),SC RHTP Year 1 Award List,https://www.scdhhs.gov/sites/dhhs/files/SC%20RHTP%20Year%201%20Award%20List%20to%20CMS.pdf,NOTICE_OF_AWARD,PDF_TEXT,R/03ao_sc_year1_awardees.R,NA,NA,NA,NA,Shoring Up to Sustainability,Facility Enhancements,82,Spartanburg Regional Healthcare System,DERIVED FROM THE RECIPIENT'S OWN NAME by rhtp_classify_recipient_type().,MEDIUM,NA,Budget Period 1,DIRECT,Yes,NAMED_HOSPITAL,NA,"§10.2 DIRECT -- the named recipient is itself a hospital or health system, so recipient identity IS the flow test and no description decides it (§0.3a). The award is MADE: SCDHHS issued Notices of Award Determination on its own published date of 2026-07-31 (MB# 26-026) and posted this list, headed 'Year 1 Awards', on 2026-09-15.","EXACT and per-recipient, published by SCDHHS for every one of the 228 rows. The document carries NO total of any kind, so the $167,299,900.69 this file reports is the SUM OF THE ROWS, corroborated from outside by CMS's own '228 grants' and '$167 Million' (2026-09-17) and by each project numbering 1..n with no gap.",NA,2026-09-15,data/evidence/SC/2026-09-21_sc_rhtp_year1_award_list_THE_ROSTER.pdf
SC,207,Carolina Pines Regional Medical Center,2163031,HOSPITAL_OR_SYSTEM,Yes,Shoring Up to Sustainability / Facility Enhancements,Yes,Yes,FY2026 (Year 1),SC RHTP Year 1 Award List,https://www.scdhhs.gov/sites/dhhs/files/SC%20RHTP%20Year%201%20Award%20List%20to%20CMS.pdf,NOTICE_OF_AWARD,PDF_TEXT,R/03ao_sc_year1_awardees.R,NA,NA,NA,NA,Shoring Up to Sustainability,Facility Enhancements,83,Carolina Pines Regional Medical Center,DERIVED FROM THE RECIPIENT'S OWN NAME by rhtp_classify_recipient_type().,HIGH,NA,Budget Period 1,DIRECT,Yes,NAMED_HOSPITAL,NA,"§10.2 DIRECT -- the named recipient is itself a hospital or health system, so recipient identity IS the flow test and no description decides it (§0.3a). The award is MADE: SCDHHS issued Notices of Award Determination on its own published date of 2026-07-31 (MB# 26-026) and posted this list, headed 'Year 1 Awards', on 2026-09-15.","EXACT and per-recipient, published by SCDHHS for every one of the 228 rows. The document carries NO total of any kind, so the $167,299,900.69 this file reports is the SUM OF THE ROWS, corroborated from outside by CMS's own '228 grants' and '$167 Million' (2026-09-17) and by each project numbering 1..n with no gap.",NA,2026-09-15,data/evidence/SC/2026-09-21_sc_rhtp_year1_award_list_THE_ROSTER.pdf
SC,208,HCA Healthcare Colleton Hospital,2262000,HOSPITAL_OR_SYSTEM,Yes,Shoring Up to Sustainability / Facility Enhancements,Yes,Yes,FY2026 (Year 1),SC RHTP Year 1 Award List,https://www.scdhhs.gov/sites/dhhs/files/SC%20RHTP%20Year%201%20Award%20List%20to%20CMS.pdf,NOTICE_OF_AWARD,PDF_TEXT,R/03ao_sc_year1_awardees.R,NA,NA,NA,NA,Shoring Up to Sustainability,Facility Enhancements,84,HCA Healthcare Colleton Hospital,DERIVED FROM THE RECIPIENT'S OWN NAME by rhtp_classify_recipient_type().,HIGH,NA,Budget Period 1,DIRECT,Yes,NAMED_HOSPITAL,NA,"§10.2 DIRECT -- the named recipient is itself a hospital or health system, so recipient identity IS the flow test and no description decides it (§0.3a). The award is MADE: SCDHHS issued Notices of Award Determination on its own published date of 2026-07-31 (MB# 26-026) and posted this list, headed 'Year 1 Awards', on 2026-09-15.","EXACT and per-recipient, published by SCDHHS for every one of the 228 rows. The document carries NO total of any kind, so the $167,299,900.69 this file reports is the SUM OF THE ROWS, corroborated from outside by CMS's own '228 grants' and '$167 Million' (2026-09-17) and by each project numbering 1..n with no gap.",NA,2026-09-15,data/evidence/SC/2026-09-21_sc_rhtp_year1_award_list_THE_ROSTER.pdf
SC,209,Aiken Regional Medical Center,2519500,HOSPITAL_OR_SYSTEM,Yes,Shoring Up to Sustainability / Facility Enhancements,Yes,Yes,FY2026 (Year 1),SC RHTP Year 1 Award List,https://www.scdhhs.gov/sites/dhhs/files/SC%20RHTP%20Year%201%20Award%20List%20to%20CMS.pdf,NOTICE_OF_AWARD,PDF_TEXT,R/03ao_sc_year1_awardees.R,NA,NA,NA,NA,Shoring Up to Sustainability,Facility Enhancements,85,Aiken Regional Medical Center,DERIVED FROM THE RECIPIENT'S OWN NAME by rhtp_classify_recipient_type().,HIGH,NA,Budget Period 1,DIRECT,Yes,NAMED_HOSPITAL,NA,"§10.2 DIRECT -- the named recipient is itself a hospital or health system, so recipient identity IS the flow test and no description decides it (§0.3a). The award is MADE: SCDHHS issued Notices of Award Determination on its own published date of 2026-07-31 (MB# 26-026) and posted this list, headed 'Year 1 Awards', on 2026-09-15.","EXACT and per-recipient, published by SCDHHS for every one of the 228 rows. The document carries NO total of any kind, so the $167,299,900.69 this file reports is the SUM OF THE ROWS, corroborated from outside by CMS's own '228 grants' and '$167 Million' (2026-09-17) and by each project numbering 1..n with no gap.",NA,2026-09-15,data/evidence/SC/2026-09-21_sc_rhtp_year1_award_list_THE_ROSTER.pdf
SC,210,Hampton Regional Medical Center,2638535,HOSPITAL_OR_SYSTEM,Yes,Shoring Up to Sustainability / Facility Enhancements,Yes,Yes,FY2026 (Year 1),SC RHTP Year 1 Award List,https://www.scdhhs.gov/sites/dhhs/files/SC%20RHTP%20Year%201%20Award%20List%20to%20CMS.pdf,NOTICE_OF_AWARD,PDF_TEXT,R/03ao_sc_year1_awardees.R,NA,NA,NA,NA,Shoring Up to Sustainability,Facility Enhancements,86,Hampton Regional Medical Center,DERIVED FROM THE RECIPIENT'S OWN NAME by rhtp_classify_recipient_type().,HIGH,NA,Budget Period 1,DIRECT,Yes,NAMED_HOSPITAL,NA,"§10.2 DIRECT -- the named recipient is itself a hospital or health system, so recipient identity IS the flow test and no description decides it (§0.3a). The award is MADE: SCDHHS issued Notices of Award Determination on its own published date of 2026-07-31 (MB# 26-026) and posted this list, headed 'Year 1 Awards', on 2026-09-15.","EXACT and per-recipient, published by SCDHHS for every one of the 228 rows. The document carries NO total of any kind, so the $167,299,900.69 this file reports is the SUM OF THE ROWS, corroborated from outside by CMS's own '228 grants' and '$167 Million' (2026-09-17) and by each project numbering 1..n with no gap.",NA,2026-09-15,data/evidence/SC/2026-09-21_sc_rhtp_year1_award_list_THE_ROSTER.pdf
SC,211,McLeod Health on behalf of McLeod Health Dillon (MHD),2862454,NONPROFIT_CBO,No,Shoring Up to Sustainability / Facility Enhancements,Yes,Yes,FY2026 (Year 1),SC RHTP Year 1 Award List,https://www.scdhhs.gov/sites/dhhs/files/SC%20RHTP%20Year%201%20Award%20List%20to%20CMS.pdf,NOTICE_OF_AWARD,PDF_TEXT,R/03ao_sc_year1_awardees.R,NA,NA,NA,NA,Shoring Up to Sustainability,Facility Enhancements,87,McLeod Health on behalf of McLeod Health Dillon (MHD),"§8's STANDING FALLBACK. The award list publishes a recipient and an amount and NOTHING about the recipient's organisational form -- no type column, no county, no project description -- so Kansas's, Maryland's, Nebraska's, Oklahoma's, Nevada's, Michigan's, Missouri's, Iowa's, North Carolina's, Arkansas's, Wyoming's and Mississippi's shape a THIRTEENTH time. NOTHING WAS PROMOTED (§0.4), and the refusal runs BOTH ways: Self Regional Healthcare, McLeod Health, AnMed, Prisma Health and Tidelands Health read as hospital systems to anyone who knows South Carolina and are NOT promoted, while the nineteen SCDBHDD rows are the state's own behavioral health department and are NOT demoted to STATE_AGENCY. Both would be this pipeline asserting a form the document has not.",LOW,RECIPIENT_TYPE_INFERRED,Budget Period 1,NON_HOSPITAL,No,NOT_HOSPITAL,NA,"§10.2 -- the named recipient is not a hospital on the only evidence the document offers, which is its name. Where recipient_type is §8's standing fallback this is the CONSERVATIVE answer and the row is queued as SC_RECIPIENT_FORM_NOT_STATED: resolving it could only RAISE South Carolina's hospital figure, never lower it.","EXACT and per-recipient, published by SCDHHS for every one of the 228 rows. The document carries NO total of any kind, so the $167,299,900.69 this file reports is the SUM OF THE ROWS, corroborated from outside by CMS's own '228 grants' and '$167 Million' (2026-09-17) and by each project numbering 1..n with no gap.",NA,2026-09-15,data/evidence/SC/2026-09-21_sc_rhtp_year1_award_list_THE_ROSTER.pdf
SC,212,Newberry County Memorial Hospital,2884456.81,HOSPITAL_OR_SYSTEM,Yes,Shoring Up to Sustainability / Facility Enhancements,Yes,Yes,FY2026 (Year 1),SC RHTP Year 1 Award List,https://www.scdhhs.gov/sites/dhhs/files/SC%20RHTP%20Year%201%20Award%20List%20to%20CMS.pdf,NOTICE_OF_AWARD,PDF_TEXT,R/03ao_sc_year1_awardees.R,NA,NA,NA,NA,Shoring Up to Sustainability,Facility Enhancements,88,Newberry County Memorial Hospital,DERIVED FROM THE RECIPIENT'S OWN NAME by rhtp_classify_recipient_type().,HIGH,NA,Budget Period 1,DIRECT,Yes,NAMED_HOSPITAL,NA,"§10.2 DIRECT -- the named recipient is itself a hospital or health system, so recipient identity IS the flow test and no description decides it (§0.3a). The award is MADE: SCDHHS issued Notices of Award Determination on its own published date of 2026-07-31 (MB# 26-026) and posted this list, headed 'Year 1 Awards', on 2026-09-15.","EXACT and per-recipient, published by SCDHHS for every one of the 228 rows. The document carries NO total of any kind, so the $167,299,900.69 this file reports is the SUM OF THE ROWS, corroborated from outside by CMS's own '228 grants' and '$167 Million' (2026-09-17) and by each project numbering 1..n with no gap.",NA,2026-09-15,data/evidence/SC/2026-09-21_sc_rhtp_year1_award_list_THE_ROSTER.pdf
SC,213,Care Net of Lancaster,3000000,NONPROFIT_CBO,No,Shoring Up to Sustainability / Facility Enhancements,Yes,Yes,FY2026 (Year 1),SC RHTP Year 1 Award List,https://www.scdhhs.gov/sites/dhhs/files/SC%20RHTP%20Year%201%20Award%20List%20to%20CMS.pdf,NOTICE_OF_AWARD,PDF_TEXT,R/03ao_sc_year1_awardees.R,NA,NA,NA,NA,Shoring Up to Sustainability,Facility Enhancements,89,Care Net of Lancaster,"§8's STANDING FALLBACK. The award list publishes a recipient and an amount and NOTHING about the recipient's organisational form -- no type column, no county, no project description -- so Kansas's, Maryland's, Nebraska's, Oklahoma's, Nevada's, Michigan's, Missouri's, Iowa's, North Carolina's, Arkansas's, Wyoming's and Mississippi's shape a THIRTEENTH time. NOTHING WAS PROMOTED (§0.4), and the refusal runs BOTH ways: Self Regional Healthcare, McLeod Health, AnMed, Prisma Health and Tidelands Health read as hospital systems to anyone who knows South Carolina and are NOT promoted, while the nineteen SCDBHDD rows are the state's own behavioral health department and are NOT demoted to STATE_AGENCY. Both would be this pipeline asserting a form the document has not.",LOW,RECIPIENT_TYPE_INFERRED,Budget Period 1,NON_HOSPITAL,No,NOT_HOSPITAL,NA,"§10.2 -- the named recipient is not a hospital on the only evidence the document offers, which is its name. Where recipient_type is §8's standing fallback this is the CONSERVATIVE answer and the row is queued as SC_RECIPIENT_FORM_NOT_STATED: resolving it could only RAISE South Carolina's hospital figure, never lower it.","EXACT and per-recipient, published by SCDHHS for every one of the 228 rows. The document carries NO total of any kind, so the $167,299,900.69 this file reports is the SUM OF THE ROWS, corroborated from outside by CMS's own '228 grants' and '$167 Million' (2026-09-17) and by each project numbering 1..n with no gap.",NA,2026-09-15,data/evidence/SC/2026-09-21_sc_rhtp_year1_award_list_THE_ROSTER.pdf
SC,214,Self Regional Healthcare (Lakelands Region),3000000,NONPROFIT_CBO,No,Shoring Up to Sustainability / Facility Enhancements,Yes,Yes,FY2026 (Year 1),SC RHTP Year 1 Award List,https://www.scdhhs.gov/sites/dhhs/files/SC%20RHTP%20Year%201%20Award%20List%20to%20CMS.pdf,NOTICE_OF_AWARD,PDF_TEXT,R/03ao_sc_year1_awardees.R,NA,NA,NA,NA,Shoring Up to Sustainability,Facility Enhancements,90,Self Regional Healthcare (Lakelands Region),"§8's STANDING FALLBACK. The award list publishes a recipient and an amount and NOTHING about the recipient's organisational form -- no type column, no county, no project description -- so Kansas's, Maryland's, Nebraska's, Oklahoma's, Nevada's, Michigan's, Missouri's, Iowa's, North Carolina's, Arkansas's, Wyoming's and Mississippi's shape a THIRTEENTH time. NOTHING WAS PROMOTED (§0.4), and the refusal runs BOTH ways: Self Regional Healthcare, McLeod Health, AnMed, Prisma Health and Tidelands Health read as hospital systems to anyone who knows South Carolina and are NOT promoted, while the nineteen SCDBHDD rows are the state's own behavioral health department and are NOT demoted to STATE_AGENCY. Both would be this pipeline asserting a form the document has not.",LOW,RECIPIENT_TYPE_INFERRED,Budget Period 1,NON_HOSPITAL,No,NOT_HOSPITAL,NA,"§10.2 -- the named recipient is not a hospital on the only evidence the document offers, which is its name. Where recipient_type is §8's standing fallback this is the CONSERVATIVE answer and the row is queued as SC_RECIPIENT_FORM_NOT_STATED: resolving it could only RAISE South Carolina's hospital figure, never lower it.","EXACT and per-recipient, published by SCDHHS for every one of the 228 rows. The document carries NO total of any kind, so the $167,299,900.69 this file reports is the SUM OF THE ROWS, corroborated from outside by CMS's own '228 grants' and '$167 Million' (2026-09-17) and by each project numbering 1..n with no gap.",NA,2026-09-15,data/evidence/SC/2026-09-21_sc_rhtp_year1_award_list_THE_ROSTER.pdf
SC,215,Ridgeland Comprehensive Treatment Center,37500,NONPROFIT_CBO,No,Shoring Up to Sustainability / Healthcare Workforce,Yes,Yes,FY2026 (Year 1),SC RHTP Year 1 Award List,https://www.scdhhs.gov/sites/dhhs/files/SC%20RHTP%20Year%201%20Award%20List%20to%20CMS.pdf,NOTICE_OF_AWARD,PDF_TEXT,R/03ao_sc_year1_awardees.R,NA,NA,NA,NA,Shoring Up to Sustainability,Healthcare Workforce,1,Ridgeland Comprehensive Treatment Center,"§8's STANDING FALLBACK. The award list publishes a recipient and an amount and NOTHING about the recipient's organisational form -- no type column, no county, no project description -- so Kansas's, Maryland's, Nebraska's, Oklahoma's, Nevada's, Michigan's, Missouri's, Iowa's, North Carolina's, Arkansas's, Wyoming's and Mississippi's shape a THIRTEENTH time. NOTHING WAS PROMOTED (§0.4), and the refusal runs BOTH ways: Self Regional Healthcare, McLeod Health, AnMed, Prisma Health and Tidelands Health read as hospital systems to anyone who knows South Carolina and are NOT promoted, while the nineteen SCDBHDD rows are the state's own behavioral health department and are NOT demoted to STATE_AGENCY. Both would be this pipeline asserting a form the document has not.",LOW,RECIPIENT_TYPE_INFERRED,Budget Period 1,NON_HOSPITAL,No,NOT_HOSPITAL,NA,"§10.2 -- the named recipient is not a hospital on the only evidence the document offers, which is its name. Where recipient_type is §8's standing fallback this is the CONSERVATIVE answer and the row is queued as SC_RECIPIENT_FORM_NOT_STATED: resolving it could only RAISE South Carolina's hospital figure, never lower it.","EXACT and per-recipient, published by SCDHHS for every one of the 228 rows. The document carries NO total of any kind, so the $167,299,900.69 this file reports is the SUM OF THE ROWS, corroborated from outside by CMS's own '228 grants' and '$167 Million' (2026-09-17) and by each project numbering 1..n with no gap.",NA,2026-09-15,data/evidence/SC/2026-09-21_sc_rhtp_year1_award_list_THE_ROSTER.pdf
SC,216,Rebound Behavioral Health,120000,NONPROFIT_CBO,No,Shoring Up to Sustainability / Healthcare Workforce,Yes,Yes,FY2026 (Year 1),SC RHTP Year 1 Award List,https://www.scdhhs.gov/sites/dhhs/files/SC%20RHTP%20Year%201%20Award%20List%20to%20CMS.pdf,NOTICE_OF_AWARD,PDF_TEXT,R/03ao_sc_year1_awardees.R,NA,NA,NA,NA,Shoring Up to Sustainability,Healthcare Workforce,I2,Rebound Behavioral Health,"§8's STANDING FALLBACK. The award list publishes a recipient and an amount and NOTHING about the recipient's organisational form -- no type column, no county, no project description -- so Kansas's, Maryland's, Nebraska's, Oklahoma's, Nevada's, Michigan's, Missouri's, Iowa's, North Carolina's, Arkansas's, Wyoming's and Mississippi's shape a THIRTEENTH time. NOTHING WAS PROMOTED (§0.4), and the refusal runs BOTH ways: Self Regional Healthcare, McLeod Health, AnMed, Prisma Health and Tidelands Health read as hospital systems to anyone who knows South Carolina and are NOT promoted, while the nineteen SCDBHDD rows are the state's own behavioral health department and are NOT demoted to STATE_AGENCY. Both would be this pipeline asserting a form the document has not.",LOW,RECIPIENT_TYPE_INFERRED,Budget Period 1,NON_HOSPITAL,No,NOT_HOSPITAL,NA,"§10.2 -- the named recipient is not a hospital on the only evidence the document offers, which is its name. Where recipient_type is §8's standing fallback this is the CONSERVATIVE answer and the row is queued as SC_RECIPIENT_FORM_NOT_STATED: resolving it could only RAISE South Carolina's hospital figure, never lower it.","EXACT and per-recipient, published by SCDHHS for every one of the 228 rows. The document carries NO total of any kind, so the $167,299,900.69 this file reports is the SUM OF THE ROWS, corroborated from outside by CMS's own '228 grants' and '$167 Million' (2026-09-17) and by each project numbering 1..n with no gap.",NA,2026-09-15,data/evidence/SC/2026-09-21_sc_rhtp_year1_award_list_THE_ROSTER.pdf
SC,217,Blue Ridge Pediatrics,125000,PHYSICIAN_PRACTICE,No,Shoring Up to Sustainability / Healthcare Workforce,Yes,Yes,FY2026 (Year 1),SC RHTP Year 1 Award List,https://www.scdhhs.gov/sites/dhhs/files/SC%20RHTP%20Year%201%20Award%20List%20to%20CMS.pdf,NOTICE_OF_AWARD,PDF_TEXT,R/03ao_sc_year1_awardees.R,NA,NA,NA,NA,Shoring Up to Sustainability,Healthcare Workforce,3,Blue Ridge Pediatrics,DERIVED FROM THE RECIPIENT'S OWN NAME by rhtp_classify_recipient_type().,MEDIUM,NA,Budget Period 1,NON_HOSPITAL,No,NOT_HOSPITAL,NA,"§10.2 -- the named recipient is not a hospital on the only evidence the document offers, which is its name. Where recipient_type is §8's standing fallback this is the CONSERVATIVE answer and the row is queued as SC_RECIPIENT_FORM_NOT_STATED: resolving it could only RAISE South Carolina's hospital figure, never lower it.","EXACT and per-recipient, published by SCDHHS for every one of the 228 rows. The document carries NO total of any kind, so the $167,299,900.69 this file reports is the SUM OF THE ROWS, corroborated from outside by CMS's own '228 grants' and '$167 Million' (2026-09-17) and by each project numbering 1..n with no gap.",NA,2026-09-15,data/evidence/SC/2026-09-21_sc_rhtp_year1_award_list_THE_ROSTER.pdf
SC,218,Community Initiatives Inc.,125000,NONPROFIT_CBO,No,Shoring Up to Sustainability / Healthcare Workforce,Yes,Yes,FY2026 (Year 1),SC RHTP Year 1 Award List,https://www.scdhhs.gov/sites/dhhs/files/SC%20RHTP%20Year%201%20Award%20List%20to%20CMS.pdf,NOTICE_OF_AWARD,PDF_TEXT,R/03ao_sc_year1_awardees.R,NA,NA,NA,NA,Shoring Up to Sustainability,Healthcare Workforce,4,Community Initiatives Inc.,"§8's STANDING FALLBACK. The award list publishes a recipient and an amount and NOTHING about the recipient's organisational form -- no type column, no county, no project description -- so Kansas's, Maryland's, Nebraska's, Oklahoma's, Nevada's, Michigan's, Missouri's, Iowa's, North Carolina's, Arkansas's, Wyoming's and Mississippi's shape a THIRTEENTH time. NOTHING WAS PROMOTED (§0.4), and the refusal runs BOTH ways: Self Regional Healthcare, McLeod Health, AnMed, Prisma Health and Tidelands Health read as hospital systems to anyone who knows South Carolina and are NOT promoted, while the nineteen SCDBHDD rows are the state's own behavioral health department and are NOT demoted to STATE_AGENCY. Both would be this pipeline asserting a form the document has not.",LOW,RECIPIENT_TYPE_INFERRED,Budget Period 1,NON_HOSPITAL,No,NOT_HOSPITAL,NA,"§10.2 -- the named recipient is not a hospital on the only evidence the document offers, which is its name. Where recipient_type is §8's standing fallback this is the CONSERVATIVE answer and the row is queued as SC_RECIPIENT_FORM_NOT_STATED: resolving it could only RAISE South Carolina's hospital figure, never lower it.","EXACT and per-recipient, published by SCDHHS for every one of the 228 rows. The document carries NO total of any kind, so the $167,299,900.69 this file reports is the SUM OF THE ROWS, corroborated from outside by CMS's own '228 grants' and '$167 Million' (2026-09-17) and by each project numbering 1..n with no gap.",NA,2026-09-15,data/evidence/SC/2026-09-21_sc_rhtp_year1_award_list_THE_ROSTER.pdf
SC,219,Cherokee Community Care,200000,NONPROFIT_CBO,No,Shoring Up to Sustainability / Healthcare Workforce,Yes,Yes,FY2026 (Year 1),SC RHTP Year 1 Award List,https://www.scdhhs.gov/sites/dhhs/files/SC%20RHTP%20Year%201%20Award%20List%20to%20CMS.pdf,NOTICE_OF_AWARD,PDF_TEXT,R/03ao_sc_year1_awardees.R,NA,NA,NA,NA,Shoring Up to Sustainability,Healthcare Workforce,5,Cherokee Community Care,"§8's STANDING FALLBACK. The award list publishes a recipient and an amount and NOTHING about the recipient's organisational form -- no type column, no county, no project description -- so Kansas's, Maryland's, Nebraska's, Oklahoma's, Nevada's, Michigan's, Missouri's, Iowa's, North Carolina's, Arkansas's, Wyoming's and Mississippi's shape a THIRTEENTH time. NOTHING WAS PROMOTED (§0.4), and the refusal runs BOTH ways: Self Regional Healthcare, McLeod Health, AnMed, Prisma Health and Tidelands Health read as hospital systems to anyone who knows South Carolina and are NOT promoted, while the nineteen SCDBHDD rows are the state's own behavioral health department and are NOT demoted to STATE_AGENCY. Both would be this pipeline asserting a form the document has not.",LOW,RECIPIENT_TYPE_INFERRED,Budget Period 1,NON_HOSPITAL,No,NOT_HOSPITAL,NA,"§10.2 -- the named recipient is not a hospital on the only evidence the document offers, which is its name. Where recipient_type is §8's standing fallback this is the CONSERVATIVE answer and the row is queued as SC_RECIPIENT_FORM_NOT_STATED: resolving it could only RAISE South Carolina's hospital figure, never lower it.","EXACT and per-recipient, published by SCDHHS for every one of the 228 rows. The document carries NO total of any kind, so the $167,299,900.69 this file reports is the SUM OF THE ROWS, corroborated from outside by CMS's own '228 grants' and '$167 Million' (2026-09-17) and by each project numbering 1..n with no gap.",NA,2026-09-15,data/evidence/SC/2026-09-21_sc_rhtp_year1_award_list_THE_ROSTER.pdf
SC,220,Lovelace Family Medicine,300000,PHYSICIAN_PRACTICE,No,Shoring Up to Sustainability / Healthcare Workforce,Yes,Yes,FY2026 (Year 1),SC RHTP Year 1 Award List,https://www.scdhhs.gov/sites/dhhs/files/SC%20RHTP%20Year%201%20Award%20List%20to%20CMS.pdf,NOTICE_OF_AWARD,PDF_TEXT,R/03ao_sc_year1_awardees.R,NA,NA,NA,NA,Shoring Up to Sustainability,Healthcare Workforce,6,Lovelace Family Medicine,DERIVED FROM THE RECIPIENT'S OWN NAME by rhtp_classify_recipient_type().,MEDIUM,NA,Budget Period 1,NON_HOSPITAL,No,NOT_HOSPITAL,NA,"§10.2 -- the named recipient is not a hospital on the only evidence the document offers, which is its name. Where recipient_type is §8's standing fallback this is the CONSERVATIVE answer and the row is queued as SC_RECIPIENT_FORM_NOT_STATED: resolving it could only RAISE South Carolina's hospital figure, never lower it.","EXACT and per-recipient, published by SCDHHS for every one of the 228 rows. The document carries NO total of any kind, so the $167,299,900.69 this file reports is the SUM OF THE ROWS, corroborated from outside by CMS's own '228 grants' and '$167 Million' (2026-09-17) and by each project numbering 1..n with no gap.",NA,2026-09-15,data/evidence/SC/2026-09-21_sc_rhtp_year1_award_list_THE_ROSTER.pdf
SC,221,"Family Medicine Associates, LLC",400000,PHYSICIAN_PRACTICE,No,Shoring Up to Sustainability / Healthcare Workforce,Yes,Yes,FY2026 (Year 1),SC RHTP Year 1 Award List,https://www.scdhhs.gov/sites/dhhs/files/SC%20RHTP%20Year%201%20Award%20List%20to%20CMS.pdf,NOTICE_OF_AWARD,PDF_TEXT,R/03ao_sc_year1_awardees.R,NA,NA,NA,NA,Shoring Up to Sustainability,Healthcare Workforce,7,"Family Medicine Associates, LLC",DERIVED FROM THE RECIPIENT'S OWN NAME by rhtp_classify_recipient_type().,MEDIUM,NA,Budget Period 1,NON_HOSPITAL,No,NOT_HOSPITAL,NA,"§10.2 -- the named recipient is not a hospital on the only evidence the document offers, which is its name. Where recipient_type is §8's standing fallback this is the CONSERVATIVE answer and the row is queued as SC_RECIPIENT_FORM_NOT_STATED: resolving it could only RAISE South Carolina's hospital figure, never lower it.","EXACT and per-recipient, published by SCDHHS for every one of the 228 rows. The document carries NO total of any kind, so the $167,299,900.69 this file reports is the SUM OF THE ROWS, corroborated from outside by CMS's own '228 grants' and '$167 Million' (2026-09-17) and by each project numbering 1..n with no gap.",NA,2026-09-15,data/evidence/SC/2026-09-21_sc_rhtp_year1_award_list_THE_ROSTER.pdf
SC,222,Bamberg Family Practice,575000,NONPROFIT_CBO,No,Shoring Up to Sustainability / Healthcare Workforce,Yes,Yes,FY2026 (Year 1),SC RHTP Year 1 Award List,https://www.scdhhs.gov/sites/dhhs/files/SC%20RHTP%20Year%201%20Award%20List%20to%20CMS.pdf,NOTICE_OF_AWARD,PDF_TEXT,R/03ao_sc_year1_awardees.R,NA,NA,NA,NA,Shoring Up to Sustainability,Healthcare Workforce,8,Bamberg Family Practice,"§8's STANDING FALLBACK. The award list publishes a recipient and an amount and NOTHING about the recipient's organisational form -- no type column, no county, no project description -- so Kansas's, Maryland's, Nebraska's, Oklahoma's, Nevada's, Michigan's, Missouri's, Iowa's, North Carolina's, Arkansas's, Wyoming's and Mississippi's shape a THIRTEENTH time. NOTHING WAS PROMOTED (§0.4), and the refusal runs BOTH ways: Self Regional Healthcare, McLeod Health, AnMed, Prisma Health and Tidelands Health read as hospital systems to anyone who knows South Carolina and are NOT promoted, while the nineteen SCDBHDD rows are the state's own behavioral health department and are NOT demoted to STATE_AGENCY. Both would be this pipeline asserting a form the document has not.",LOW,RECIPIENT_TYPE_INFERRED,Budget Period 1,NON_HOSPITAL,No,NOT_HOSPITAL,NA,"§10.2 -- the named recipient is not a hospital on the only evidence the document offers, which is its name. Where recipient_type is §8's standing fallback this is the CONSERVATIVE answer and the row is queued as SC_RECIPIENT_FORM_NOT_STATED: resolving it could only RAISE South Carolina's hospital figure, never lower it.","EXACT and per-recipient, published by SCDHHS for every one of the 228 rows. The document carries NO total of any kind, so the $167,299,900.69 this file reports is the SUM OF THE ROWS, corroborated from outside by CMS's own '228 grants' and '$167 Million' (2026-09-17) and by each project numbering 1..n with no gap.",NA,2026-09-15,data/evidence/SC/2026-09-21_sc_rhtp_year1_award_list_THE_ROSTER.pdf
SC,223,Piedmont Pediatrics,587500,PHYSICIAN_PRACTICE,No,Shoring Up to Sustainability / Healthcare Workforce,Yes,Yes,FY2026 (Year 1),SC RHTP Year 1 Award List,https://www.scdhhs.gov/sites/dhhs/files/SC%20RHTP%20Year%201%20Award%20List%20to%20CMS.pdf,NOTICE_OF_AWARD,PDF_TEXT,R/03ao_sc_year1_awardees.R,NA,NA,NA,NA,Shoring Up to Sustainability,Healthcare Workforce,9,Piedmont Pediatrics,DERIVED FROM THE RECIPIENT'S OWN NAME by rhtp_classify_recipient_type().,MEDIUM,NA,Budget Period 1,NON_HOSPITAL,No,NOT_HOSPITAL,NA,"§10.2 -- the named recipient is not a hospital on the only evidence the document offers, which is its name. Where recipient_type is §8's standing fallback this is the CONSERVATIVE answer and the row is queued as SC_RECIPIENT_FORM_NOT_STATED: resolving it could only RAISE South Carolina's hospital figure, never lower it.","EXACT and per-recipient, published by SCDHHS for every one of the 228 rows. The document carries NO total of any kind, so the $167,299,900.69 this file reports is the SUM OF THE ROWS, corroborated from outside by CMS's own '228 grants' and '$167 Million' (2026-09-17) and by each project numbering 1..n with no gap.",NA,2026-09-15,data/evidence/SC/2026-09-21_sc_rhtp_year1_award_list_THE_ROSTER.pdf
SC,224,The Center for Women's Health,950000,NONPROFIT_CBO,No,Shoring Up to Sustainability / Healthcare Workforce,Yes,Yes,FY2026 (Year 1),SC RHTP Year 1 Award List,https://www.scdhhs.gov/sites/dhhs/files/SC%20RHTP%20Year%201%20Award%20List%20to%20CMS.pdf,NOTICE_OF_AWARD,PDF_TEXT,R/03ao_sc_year1_awardees.R,NA,NA,NA,NA,Shoring Up to Sustainability,Healthcare Workforce,10,The Center for Women's Health,"§8's STANDING FALLBACK. The award list publishes a recipient and an amount and NOTHING about the recipient's organisational form -- no type column, no county, no project description -- so Kansas's, Maryland's, Nebraska's, Oklahoma's, Nevada's, Michigan's, Missouri's, Iowa's, North Carolina's, Arkansas's, Wyoming's and Mississippi's shape a THIRTEENTH time. NOTHING WAS PROMOTED (§0.4), and the refusal runs BOTH ways: Self Regional Healthcare, McLeod Health, AnMed, Prisma Health and Tidelands Health read as hospital systems to anyone who knows South Carolina and are NOT promoted, while the nineteen SCDBHDD rows are the state's own behavioral health department and are NOT demoted to STATE_AGENCY. Both would be this pipeline asserting a form the document has not.",LOW,RECIPIENT_TYPE_INFERRED,Budget Period 1,NON_HOSPITAL,No,NOT_HOSPITAL,NA,"§10.2 -- the named recipient is not a hospital on the only evidence the document offers, which is its name. Where recipient_type is §8's standing fallback this is the CONSERVATIVE answer and the row is queued as SC_RECIPIENT_FORM_NOT_STATED: resolving it could only RAISE South Carolina's hospital figure, never lower it.","EXACT and per-recipient, published by SCDHHS for every one of the 228 rows. The document carries NO total of any kind, so the $167,299,900.69 this file reports is the SUM OF THE ROWS, corroborated from outside by CMS's own '228 grants' and '$167 Million' (2026-09-17) and by each project numbering 1..n with no gap.",NA,2026-09-15,data/evidence/SC/2026-09-21_sc_rhtp_year1_award_list_THE_ROSTER.pdf
SC,225,Self Regional Healthcare (Lakelands Region),1700000,NONPROFIT_CBO,No,Shoring Up to Sustainability / Healthcare Workforce,Yes,Yes,FY2026 (Year 1),SC RHTP Year 1 Award List,https://www.scdhhs.gov/sites/dhhs/files/SC%20RHTP%20Year%201%20Award%20List%20to%20CMS.pdf,NOTICE_OF_AWARD,PDF_TEXT,R/03ao_sc_year1_awardees.R,NA,NA,NA,NA,Shoring Up to Sustainability,Healthcare Workforce,11,Self Regional Healthcare (Lakelands Region),"§8's STANDING FALLBACK. The award list publishes a recipient and an amount and NOTHING about the recipient's organisational form -- no type column, no county, no project description -- so Kansas's, Maryland's, Nebraska's, Oklahoma's, Nevada's, Michigan's, Missouri's, Iowa's, North Carolina's, Arkansas's, Wyoming's and Mississippi's shape a THIRTEENTH time. NOTHING WAS PROMOTED (§0.4), and the refusal runs BOTH ways: Self Regional Healthcare, McLeod Health, AnMed, Prisma Health and Tidelands Health read as hospital systems to anyone who knows South Carolina and are NOT promoted, while the nineteen SCDBHDD rows are the state's own behavioral health department and are NOT demoted to STATE_AGENCY. Both would be this pipeline asserting a form the document has not.",LOW,RECIPIENT_TYPE_INFERRED,Budget Period 1,NON_HOSPITAL,No,NOT_HOSPITAL,NA,"§10.2 -- the named recipient is not a hospital on the only evidence the document offers, which is its name. Where recipient_type is §8's standing fallback this is the CONSERVATIVE answer and the row is queued as SC_RECIPIENT_FORM_NOT_STATED: resolving it could only RAISE South Carolina's hospital figure, never lower it.","EXACT and per-recipient, published by SCDHHS for every one of the 228 rows. The document carries NO total of any kind, so the $167,299,900.69 this file reports is the SUM OF THE ROWS, corroborated from outside by CMS's own '228 grants' and '$167 Million' (2026-09-17) and by each project numbering 1..n with no gap.",NA,2026-09-15,data/evidence/SC/2026-09-21_sc_rhtp_year1_award_list_THE_ROSTER.pdf
SC,226,Hampton Regional Medical Center,2645000,HOSPITAL_OR_SYSTEM,Yes,Shoring Up to Sustainability / Healthcare Workforce,Yes,Yes,FY2026 (Year 1),SC RHTP Year 1 Award List,https://www.scdhhs.gov/sites/dhhs/files/SC%20RHTP%20Year%201%20Award%20List%20to%20CMS.pdf,NOTICE_OF_AWARD,PDF_TEXT,R/03ao_sc_year1_awardees.R,NA,NA,NA,NA,Shoring Up to Sustainability,Healthcare Workforce,12,Hampton Regional Medical Center,DERIVED FROM THE RECIPIENT'S OWN NAME by rhtp_classify_recipient_type().,HIGH,NA,Budget Period 1,DIRECT,Yes,NAMED_HOSPITAL,NA,"§10.2 DIRECT -- the named recipient is itself a hospital or health system, so recipient identity IS the flow test and no description decides it (§0.3a). The award is MADE: SCDHHS issued Notices of Award Determination on its own published date of 2026-07-31 (MB# 26-026) and posted this list, headed 'Year 1 Awards', on 2026-09-15.","EXACT and per-recipient, published by SCDHHS for every one of the 228 rows. The document carries NO total of any kind, so the $167,299,900.69 this file reports is the SUM OF THE ROWS, corroborated from outside by CMS's own '228 grants' and '$167 Million' (2026-09-17) and by each project numbering 1..n with no gap.",NA,2026-09-15,data/evidence/SC/2026-09-21_sc_rhtp_year1_award_list_THE_ROSTER.pdf
SC,227,Hampton Regional Medical Center,1701548,HOSPITAL_OR_SYSTEM,Yes,Shoring Up to Sustainability / Masterclass Training Series,Yes,Yes,FY2026 (Year 1),SC RHTP Year 1 Award List,https://www.scdhhs.gov/sites/dhhs/files/SC%20RHTP%20Year%201%20Award%20List%20to%20CMS.pdf,NOTICE_OF_AWARD,PDF_TEXT,R/03ao_sc_year1_awardees.R,NA,NA,NA,NA,Shoring Up to Sustainability,Masterclass Training Series,1,Hampton Regional Medical Center,DERIVED FROM THE RECIPIENT'S OWN NAME by rhtp_classify_recipient_type().,HIGH,NA,Budget Period 1,DIRECT,Yes,NAMED_HOSPITAL,NA,"§10.2 DIRECT -- the named recipient is itself a hospital or health system, so recipient identity IS the flow test and no description decides it (§0.3a). The award is MADE: SCDHHS issued Notices of Award Determination on its own published date of 2026-07-31 (MB# 26-026) and posted this list, headed 'Year 1 Awards', on 2026-09-15.","EXACT and per-recipient, published by SCDHHS for every one of the 228 rows. The document carries NO total of any kind, so the $167,299,900.69 this file reports is the SUM OF THE ROWS, corroborated from outside by CMS's own '228 grants' and '$167 Million' (2026-09-17) and by each project numbering 1..n with no gap.",NA,2026-09-15,data/evidence/SC/2026-09-21_sc_rhtp_year1_award_list_THE_ROSTER.pdf
SC,228,Medical University Hospital Authority,1869817,HOSPITAL_OR_SYSTEM,Yes,Shoring Up to Sustainability / Masterclass Training Series,Yes,Yes,FY2026 (Year 1),SC RHTP Year 1 Award List,https://www.scdhhs.gov/sites/dhhs/files/SC%20RHTP%20Year%201%20Award%20List%20to%20CMS.pdf,NOTICE_OF_AWARD,PDF_TEXT,R/03ao_sc_year1_awardees.R,NA,NA,NA,NA,Shoring Up to Sustainability,Masterclass Training Series,2,Medical University Hospital Authority,DERIVED FROM THE RECIPIENT'S OWN NAME by rhtp_classify_recipient_type().,HIGH,NA,Budget Period 1,DIRECT,Yes,NAMED_HOSPITAL,NA,"§10.2 DIRECT -- the named recipient is itself a hospital or health system, so recipient identity IS the flow test and no description decides it (§0.3a). The award is MADE: SCDHHS issued Notices of Award Determination on its own published date of 2026-07-31 (MB# 26-026) and posted this list, headed 'Year 1 Awards', on 2026-09-15.","EXACT and per-recipient, published by SCDHHS for every one of the 228 rows. The document carries NO total of any kind, so the $167,299,900.69 this file reports is the SUM OF THE ROWS, corroborated from outside by CMS's own '228 grants' and '$167 Million' (2026-09-17) and by each project numbering 1..n with no gap.",NA,2026-09-15,data/evidence/SC/2026-09-21_sc_rhtp_year1_award_list_THE_ROSTER.pdf
