state,row_no,awardee,amount,recipient_type,distributed_to_hospital,note,recipient_confirmed,amount_confirmed,fiscal_year,source_document_title,state_source_url,validation_source_type,extraction_method,validator,ccn,aha_id,rural_designation,reviewer,initiative,activity,awardee_legal_as_published,dba_as_published,facility_state,recipient_type_source,determination_confidence,flag_reason,award_pool,budget_period,flow_type,hospital_benefiting,hospital_attribution,intermediary_name,determination_basis,amount_basis,basis_type,round_amount,announcement_date,source_archive_path,page_row
VT,1,National Opinion Research Center (NORC),815989,VENDOR_OR_CONTRACTOR,No,"Executed agreement, Evaluator: Independent evaluator. Vermont's list is 'partial and ongoing'.",Yes,Yes,FY2026 (Year 1),"RHT Year 1 Awards and Contracts -- Updated as of September 25, 2026",https://healthcarereform.vermont.gov/rht-year-1-executed-agreements-and-contracts,NOTICE_OF_AWARD,DIRECT_TEXT,R/03at_vt_year1_awardees.R,,,,,Evaluator,Independent evaluator,National Opinion Research Center (NORC),National Opinion Research Center (NORC),,"TYPED (session 54/73): The programme's independent evaluator, contracted by the State. Classifier said NONPROFIT_CBO/LOW.",LOW,,Evaluator,Budget Period 1,NON_HOSPITAL,No,NOT_HOSPITAL,,"§10.2 NON_HOSPITAL: the named recipient is not a hospital (§0.3a -- judged on the recipient, not the activity), and the source does not mention hospitals anywhere in the funded work.","EXACT, as printed on AHS's list; the 146 rows sum to the table's own total ($109,295,193.50) to the cent.",GENERAL_KNOWLEDGE,,2026-09-25,data/evidence/recheck/2026-09-28/VT/vt_year1_awards.html,1
VT,2,GMS - AGATE IGX,323927,VENDOR_OR_CONTRACTOR,No,"Executed agreement, Administration: Admin costs. Vermont's list is 'partial and ongoing'.",Yes,Yes,FY2026 (Year 1),"RHT Year 1 Awards and Contracts -- Updated as of September 25, 2026",https://healthcarereform.vermont.gov/rht-year-1-executed-agreements-and-contracts,NOTICE_OF_AWARD,DIRECT_TEXT,R/03at_vt_year1_awardees.R,,,,,Administration,Admin costs,GMS - AGATE IGX,,,TYPED (session 54/73): Grants-management software (Agate IntelliGrants) for programme administration. Classifier said NONPROFIT_CBO/LOW.,LOW,,Administration,Budget Period 1,NON_HOSPITAL,No,NOT_HOSPITAL,,"§10.2 NON_HOSPITAL: the named recipient is not a hospital (§0.3a -- judged on the recipient, not the activity), and the source does not mention hospitals anywhere in the funded work.","EXACT, as printed on AHS's list; the 146 rows sum to the table's own total ($109,295,193.50) to the cent.",GENERAL_KNOWLEDGE,,2026-09-25,data/evidence/recheck/2026-09-28/VT/vt_year1_awards.html,2
VT,3,105 Chester Road Opco LLC DBA Springfield Center for Living and Rehabilitation,425000,OTHER,No,"Executed agreement, Regionalization: Facility upgrades to support regionalization. Vermont's list is 'partial and ongoing'.",Yes,Yes,FY2026 (Year 1),"RHT Year 1 Awards and Contracts -- Updated as of September 25, 2026",https://healthcarereform.vermont.gov/rht-year-1-executed-agreements-and-contracts,NOTICE_OF_AWARD,DIRECT_TEXT,R/03at_vt_year1_awardees.R,,,,,Regionalization,Facility upgrades to support regionalization,105 Chester Road Opco LLC,Springfield Center for Living and Rehabilitation,VT,"TYPED (session 54/73): NURSING FACILITY. CMS SNF Enrollment: 105 CHESTER ROAD OPCO LLC dba SPRINGFIELD CENTER FOR LIVING AND REHABILITATION, CCN 475025B. Classifier said NONPROFIT_CBO/LOW.",MEDIUM,,Regionalization,Budget Period 1,NON_HOSPITAL,No,NOT_HOSPITAL,,"§10.2 NON_HOSPITAL: the named recipient is not a hospital (§0.3a -- judged on the recipient, not the activity), and the source does not mention hospitals anywhere in the funded work. Determined form: NURSING FACILITY. CMS SNF Enrollment: 105 CHESTER ROAD OPCO LLC dba SPRINGFIELD CENTER FOR LIVING AND REHABILITATION, CCN 475025B.","EXACT, as printed on AHS's list; the 146 rows sum to the table's own total ($109,295,193.50) to the cent.",ORG_WEBSITE,,2026-09-25,data/evidence/recheck/2026-09-28/VT/vt_year1_awards.html,3
VT,4,105 Chester Road Opco LLC DBA Springfield Center for Living and Rehabilitation,1280000,OTHER,No,"Executed agreement, Regionalization: Facility upgrades to support regionalization. Vermont's list is 'partial and ongoing'.",Yes,Yes,FY2026 (Year 1),"RHT Year 1 Awards and Contracts -- Updated as of September 25, 2026",https://healthcarereform.vermont.gov/rht-year-1-executed-agreements-and-contracts,NOTICE_OF_AWARD,DIRECT_TEXT,R/03at_vt_year1_awardees.R,,,,,Regionalization,Facility upgrades to support regionalization,105 Chester Road Opco LLC,Springfield Center for Living and Rehabilitation,VT,"TYPED (session 54/73): NURSING FACILITY. CMS SNF Enrollment: 105 CHESTER ROAD OPCO LLC dba SPRINGFIELD CENTER FOR LIVING AND REHABILITATION, CCN 475025B. Classifier said NONPROFIT_CBO/LOW.",MEDIUM,,Regionalization,Budget Period 1,NON_HOSPITAL,No,NOT_HOSPITAL,,"§10.2 NON_HOSPITAL: the named recipient is not a hospital (§0.3a -- judged on the recipient, not the activity), and the source does not mention hospitals anywhere in the funded work. Determined form: NURSING FACILITY. CMS SNF Enrollment: 105 CHESTER ROAD OPCO LLC dba SPRINGFIELD CENTER FOR LIVING AND REHABILITATION, CCN 475025B.","EXACT, as printed on AHS's list; the 146 rows sum to the table's own total ($109,295,193.50) to the cent.",ORG_WEBSITE,,2026-09-25,data/evidence/recheck/2026-09-28/VT/vt_year1_awards.html,4
VT,5,1248 Hospital Drive Opco LLC DBA St. Johnsbury Center for Living and Rehabilitation,1486000,OTHER,No,"Executed agreement, Regionalization: Facility upgrades to support regionalization. Vermont's list is 'partial and ongoing'.",Yes,Yes,FY2026 (Year 1),"RHT Year 1 Awards and Contracts -- Updated as of September 25, 2026",https://healthcarereform.vermont.gov/rht-year-1-executed-agreements-and-contracts,NOTICE_OF_AWARD,DIRECT_TEXT,R/03at_vt_year1_awardees.R,,,,,Regionalization,Facility upgrades to support regionalization,1248 Hospital Drive Opco LLC,St. Johnsbury Center for Living and Rehabilitation,VT,"TYPED (session 54/73): NURSING FACILITY. CMS SNF Enrollment: 1248 HOSPITAL DRIVE OPCO LLC dba ST JOHNSBURY CENTER FOR LIVING AND REHABILITATION, CCN 475019B. 'Hospital' is the STREET in the LLC's name; §8's name rule returns HOSPITAL_OR_SYSTEM at HIGH and is wrong. Classifier said HOSPITAL_OR_SYSTEM/HIGH.",MEDIUM,,Regionalization,Budget Period 1,NON_HOSPITAL,No,NOT_HOSPITAL,,"§10.2 NON_HOSPITAL: the named recipient is not a hospital (§0.3a -- judged on the recipient, not the activity), and the source does not mention hospitals anywhere in the funded work. Determined form: NURSING FACILITY. CMS SNF Enrollment: 1248 HOSPITAL DRIVE OPCO LLC dba ST JOHNSBURY CENTER FOR LIVING AND REHABILITATION, CCN 475019B. 'Hospital' is the STREET in the LLC's name; §8's name rule returns HOSPITAL_OR_SYSTEM at HIGH and is wrong.","EXACT, as printed on AHS's list; the 146 rows sum to the table's own total ($109,295,193.50) to the cent.",ORG_WEBSITE,,2026-09-25,data/evidence/recheck/2026-09-28/VT/vt_year1_awards.html,5
VT,6,Brattleboro Memorial Hospital,603750,HOSPITAL_OR_SYSTEM,Yes,"Executed agreement, Regionalization: Facility upgrades to support regionalization. Vermont's list is 'partial and ongoing'.",Yes,Yes,FY2026 (Year 1),"RHT Year 1 Awards and Contracts -- Updated as of September 25, 2026",https://healthcarereform.vermont.gov/rht-year-1-executed-agreements-and-contracts,NOTICE_OF_AWARD,DIRECT_TEXT,R/03at_vt_year1_awardees.R,,,,,Regionalization,Facility upgrades to support regionalization,Brattleboro Memorial Hospital,,VT,"TYPED (session 54/73): CMS Hospital Enrollment: BRATTLEBORO MEMORIAL HOSPITAL, CCN 470011. Classifier said HOSPITAL_OR_SYSTEM/HIGH.",HIGH,,Regionalization,Budget Period 1,DIRECT,Yes,NAMED_HOSPITAL,,"§10.2 DIRECT: the recipient is a hospital (CMS Hospital Enrollment: BRATTLEBORO MEMORIAL HOSPITAL, CCN 470011.) and AHS lists the agreement as EXECUTED. §0.3a judges the recipient, not the activity.","EXACT, as printed on AHS's list; the 146 rows sum to the table's own total ($109,295,193.50) to the cent.",ORG_WEBSITE,,2026-09-25,data/evidence/recheck/2026-09-28/VT/vt_year1_awards.html,6
VT,7,Brattleboro Memorial Hospital,759000,HOSPITAL_OR_SYSTEM,Yes,"Executed agreement, Regionalization: Facility upgrades to support regionalization. Vermont's list is 'partial and ongoing'.",Yes,Yes,FY2026 (Year 1),"RHT Year 1 Awards and Contracts -- Updated as of September 25, 2026",https://healthcarereform.vermont.gov/rht-year-1-executed-agreements-and-contracts,NOTICE_OF_AWARD,DIRECT_TEXT,R/03at_vt_year1_awardees.R,,,,,Regionalization,Facility upgrades to support regionalization,Brattleboro Memorial Hospital,,VT,"TYPED (session 54/73): CMS Hospital Enrollment: BRATTLEBORO MEMORIAL HOSPITAL, CCN 470011. Classifier said HOSPITAL_OR_SYSTEM/HIGH.",HIGH,,Regionalization,Budget Period 1,DIRECT,Yes,NAMED_HOSPITAL,,"§10.2 DIRECT: the recipient is a hospital (CMS Hospital Enrollment: BRATTLEBORO MEMORIAL HOSPITAL, CCN 470011.) and AHS lists the agreement as EXECUTED. §0.3a judges the recipient, not the activity.","EXACT, as printed on AHS's list; the 146 rows sum to the table's own total ($109,295,193.50) to the cent.",ORG_WEBSITE,,2026-09-25,data/evidence/recheck/2026-09-28/VT/vt_year1_awards.html,7
VT,8,Clara Martin Center,252442.25,OTHER,No,"Executed agreement, Regionalization: Facility upgrades to support regionalization. Vermont's list is 'partial and ongoing'.",Yes,Yes,FY2026 (Year 1),"RHT Year 1 Awards and Contracts -- Updated as of September 25, 2026",https://healthcarereform.vermont.gov/rht-year-1-executed-agreements-and-contracts,NOTICE_OF_AWARD,DIRECT_TEXT,R/03at_vt_year1_awardees.R,,,,,Regionalization,Facility upgrades to support regionalization,Clara Martin Center,,VT,"TYPED (session 54/73): COMMUNITY MENTAL HEALTH DESIGNATED AGENCY (Orange County), by general knowledge. Classifier said NONPROFIT_CBO/LOW.",LOW,,Regionalization,Budget Period 1,NON_HOSPITAL,No,NOT_HOSPITAL,,"§10.2 NON_HOSPITAL: the named recipient is not a hospital (§0.3a -- judged on the recipient, not the activity), and the source does not mention hospitals anywhere in the funded work. Determined form: COMMUNITY MENTAL HEALTH DESIGNATED AGENCY (Orange County), by general knowledge.","EXACT, as printed on AHS's list; the 146 rows sum to the table's own total ($109,295,193.50) to the cent.",GENERAL_KNOWLEDGE,,2026-09-25,data/evidence/recheck/2026-09-28/VT/vt_year1_awards.html,8
VT,9,CLR Opco DBA The Center for Living and Rehabilitation,1341000,OTHER,No,"Executed agreement, Regionalization: Facility upgrades to support regionalization. Vermont's list is 'partial and ongoing'.",Yes,Yes,FY2026 (Year 1),"RHT Year 1 Awards and Contracts -- Updated as of September 25, 2026",https://healthcarereform.vermont.gov/rht-year-1-executed-agreements-and-contracts,NOTICE_OF_AWARD,DIRECT_TEXT,R/03at_vt_year1_awardees.R,,,,,Regionalization,Facility upgrades to support regionalization,CLR Opco,The Center for Living and Rehabilitation,VT,"TYPED (session 54/73): NURSING FACILITY. CMS SNF Enrollment: CLR OPCO LLC dba CENTER FOR LIVING & REHABILITATION, Bennington, CCN 475029. Classifier said NONPROFIT_CBO/LOW.",MEDIUM,,Regionalization,Budget Period 1,NON_HOSPITAL,No,NOT_HOSPITAL,,"§10.2 NON_HOSPITAL: the named recipient is not a hospital (§0.3a -- judged on the recipient, not the activity), and the source does not mention hospitals anywhere in the funded work. Determined form: NURSING FACILITY. CMS SNF Enrollment: CLR OPCO LLC dba CENTER FOR LIVING & REHABILITATION, Bennington, CCN 475029.","EXACT, as printed on AHS's list; the 146 rows sum to the table's own total ($109,295,193.50) to the cent.",ORG_WEBSITE,,2026-09-25,data/evidence/recheck/2026-09-28/VT/vt_year1_awards.html,9
VT,10,Community Health Centers of the Rutland Region,2000000,FQHC_OR_RHC,No,"Executed agreement, Regionalization: Facility upgrades to support regionalization. Vermont's list is 'partial and ongoing'.",Yes,Yes,FY2026 (Year 1),"RHT Year 1 Awards and Contracts -- Updated as of September 25, 2026",https://healthcarereform.vermont.gov/rht-year-1-executed-agreements-and-contracts,NOTICE_OF_AWARD,DIRECT_TEXT,R/03at_vt_year1_awardees.R,,,,,Regionalization,Facility upgrades to support regionalization,Community Health Centers of the Rutland Region,,VT,TYPED (session 54/73): CMS FQHC Enrollment: COMMUNITY HEALTH CENTERS OF THE RUTLAND REGION INC. Classifier said FQHC_OR_RHC/MEDIUM.,MEDIUM,,Regionalization,Budget Period 1,NON_HOSPITAL,No,NOT_HOSPITAL,,"§10.2 NON_HOSPITAL: the named recipient is not a hospital (§0.3a -- judged on the recipient, not the activity), and the source does not mention hospitals anywhere in the funded work.","EXACT, as printed on AHS's list; the 146 rows sum to the table's own total ($109,295,193.50) to the cent.",ORG_WEBSITE,,2026-09-25,data/evidence/recheck/2026-09-28/VT/vt_year1_awards.html,10
VT,11,"Drs Peter and Lisa Hogenkamp, PC",85300,PHYSICIAN_PRACTICE,No,"Executed agreement, Regionalization: Facility upgrades to support regionalization. Vermont's list is 'partial and ongoing'.",Yes,Yes,FY2026 (Year 1),"RHT Year 1 Awards and Contracts -- Updated as of September 25, 2026",https://healthcarereform.vermont.gov/rht-year-1-executed-agreements-and-contracts,NOTICE_OF_AWARD,DIRECT_TEXT,R/03at_vt_year1_awardees.R,,,,,Regionalization,Facility upgrades to support regionalization,"Drs Peter and Lisa Hogenkamp, PC",,VT,"TYPED (session 54/73): A PROFESSIONAL CORPORATION of two named doctors -- a practice, by its own name. Specialty not established here; the form is. Classifier said PHYSICIAN_PRACTICE/HIGH.",LOW,,Regionalization,Budget Period 1,NON_HOSPITAL,No,NOT_HOSPITAL,,"§10.2 NON_HOSPITAL: the named recipient is not a hospital (§0.3a -- judged on the recipient, not the activity), and the source does not mention hospitals anywhere in the funded work.","EXACT, as printed on AHS's list; the 146 rows sum to the table's own total ($109,295,193.50) to the cent.",GENERAL_KNOWLEDGE,,2026-09-25,data/evidence/recheck/2026-09-28/VT/vt_year1_awards.html,11
VT,12,Gifford Medical,1008012.12,HOSPITAL_OR_SYSTEM,Yes,"Executed agreement, Regionalization: Facility upgrades to support regionalization. Vermont's list is 'partial and ongoing'.",Yes,Yes,FY2026 (Year 1),"RHT Year 1 Awards and Contracts -- Updated as of September 25, 2026",https://healthcarereform.vermont.gov/rht-year-1-executed-agreements-and-contracts,NOTICE_OF_AWARD,DIRECT_TEXT,R/03at_vt_year1_awardees.R,,,,,Regionalization,Facility upgrades to support regionalization,Gifford Medical,,VT,"TYPED (session 54/73): HAND-READ BRIDGE, LOW (session 73; LEGAL_NAME_TRUNCATED's shape): the only Vermont enrolment whose legal name begins 'GIFFORD MEDICAL' is GIFFORD MEDICAL CENTER INC, CCN 471301 (CAH), Randolph -- the hospital. The FQHC is a different legal body, GIFFORD HEALTH CARE INC, and is printed under that name elsewhere on the same page. A prefix is never matched by machine (§2); this is a reading, priced at LOW so a reader can subtract it, and queued. Classifier said NONPROFIT_CBO/LOW.",LOW,,Regionalization,Budget Period 1,DIRECT,Yes,NAMED_HOSPITAL,,"§10.2 DIRECT: the recipient is a hospital (HAND-READ BRIDGE, LOW (session 73; LEGAL_NAME_TRUNCATED's shape): the only Vermont enrolment whose legal name begins 'GIFFORD MEDICAL' is GIFFORD MEDICAL CENTER INC, CCN 471301 (CAH), Randolph -- the hospital. The FQHC is a different legal body, GIFFORD HEALTH CARE INC, and is printed under that name elsewhere on the same page. A prefix is never matched by machine (§2); this is a reading, priced at LOW so a reader can subtract it, and queued.) and AHS lists the agreement as EXECUTED. §0.3a judges the recipient, not the activity.","EXACT, as printed on AHS's list; the 146 rows sum to the table's own total ($109,295,193.50) to the cent.",GENERAL_KNOWLEDGE,,2026-09-25,data/evidence/recheck/2026-09-28/VT/vt_year1_awards.html,12
VT,13,"Little Rivers Health Care, Inc.",1320085,FQHC_OR_RHC,No,"Executed agreement, Regionalization: Facility upgrades to support regionalization. Vermont's list is 'partial and ongoing'.",Yes,Yes,FY2026 (Year 1),"RHT Year 1 Awards and Contracts -- Updated as of September 25, 2026",https://healthcarereform.vermont.gov/rht-year-1-executed-agreements-and-contracts,NOTICE_OF_AWARD,DIRECT_TEXT,R/03at_vt_year1_awardees.R,,,,,Regionalization,Facility upgrades to support regionalization,"Little Rivers Health Care, Inc.",,VT,"TYPED (session 54/73): CMS FQHC Enrollment: LITTLE RIVERS HEALTH CARE, INC. Classifier said NONPROFIT_CBO/LOW.",MEDIUM,,Regionalization,Budget Period 1,NON_HOSPITAL,No,NOT_HOSPITAL,,"§10.2 NON_HOSPITAL: the named recipient is not a hospital (§0.3a -- judged on the recipient, not the activity), and the source does not mention hospitals anywhere in the funded work.","EXACT, as printed on AHS's list; the 146 rows sum to the table's own total ($109,295,193.50) to the cent.",ORG_WEBSITE,,2026-09-25,data/evidence/recheck/2026-09-28/VT/vt_year1_awards.html,13
VT,14,North Country Hospital & Health Center,1469700,HOSPITAL_OR_SYSTEM,Yes,"Executed agreement, Regionalization: Facility upgrades to support regionalization. Vermont's list is 'partial and ongoing'.",Yes,Yes,FY2026 (Year 1),"RHT Year 1 Awards and Contracts -- Updated as of September 25, 2026",https://healthcarereform.vermont.gov/rht-year-1-executed-agreements-and-contracts,NOTICE_OF_AWARD,DIRECT_TEXT,R/03at_vt_year1_awardees.R,,,,,Regionalization,Facility upgrades to support regionalization,North Country Hospital & Health Center,,VT,"TYPED (session 54/73): CMS Hospital Enrollment: NORTH COUNTRY HOSPITAL & HEALTH CENTER INC, CCN 471304 (CAH). Classifier said HOSPITAL_OR_SYSTEM/HIGH.",HIGH,,Regionalization,Budget Period 1,DIRECT,Yes,NAMED_HOSPITAL,,"§10.2 DIRECT: the recipient is a hospital (CMS Hospital Enrollment: NORTH COUNTRY HOSPITAL & HEALTH CENTER INC, CCN 471304 (CAH).) and AHS lists the agreement as EXECUTED. §0.3a judges the recipient, not the activity.","EXACT, as printed on AHS's list; the 146 rows sum to the table's own total ($109,295,193.50) to the cent.",ORG_WEBSITE,,2026-09-25,data/evidence/recheck/2026-09-28/VT/vt_year1_awards.html,14
VT,15,Northeast Kingdom Community Action (NEKCA),271589.15,NONPROFIT_CBO,No,"Executed agreement, Regionalization: Facility upgrades to support regionalization. Vermont's list is 'partial and ongoing'.",Yes,Yes,FY2026 (Year 1),"RHT Year 1 Awards and Contracts -- Updated as of September 25, 2026",https://healthcarereform.vermont.gov/rht-year-1-executed-agreements-and-contracts,NOTICE_OF_AWARD,DIRECT_TEXT,R/03at_vt_year1_awardees.R,,,,,Regionalization,Facility upgrades to support regionalization,Northeast Kingdom Community Action (NEKCA),,VT,"TYPED (session 54/73): COMMUNITY ACTION AGENCY (nonprofit), by general knowledge -- a determined form, not §8's fallback. Classifier said NONPROFIT_CBO/LOW.",LOW,,Regionalization,Budget Period 1,NON_HOSPITAL,No,NOT_HOSPITAL,,"§10.2 NON_HOSPITAL: the named recipient is not a hospital (§0.3a -- judged on the recipient, not the activity), and the source does not mention hospitals anywhere in the funded work.","EXACT, as printed on AHS's list; the 146 rows sum to the table's own total ($109,295,193.50) to the cent.",GENERAL_KNOWLEDGE,,2026-09-25,data/evidence/recheck/2026-09-28/VT/vt_year1_awards.html,15
VT,16,Northern Counties Health Care,125500,FQHC_OR_RHC,No,"Executed agreement, Regionalization: Facility upgrades to support regionalization. Vermont's list is 'partial and ongoing'.",Yes,Yes,FY2026 (Year 1),"RHT Year 1 Awards and Contracts -- Updated as of September 25, 2026",https://healthcarereform.vermont.gov/rht-year-1-executed-agreements-and-contracts,NOTICE_OF_AWARD,DIRECT_TEXT,R/03at_vt_year1_awardees.R,,,,,Regionalization,Facility upgrades to support regionalization,Northern Counties Health Care,,VT,TYPED (session 54/73): CMS FQHC Enrollment: NORTHERN COUNTIES HEALTH CARE INC (St. Johnsbury Community Health Center and others). Classifier said NONPROFIT_CBO/LOW.,MEDIUM,,Regionalization,Budget Period 1,NON_HOSPITAL,No,NOT_HOSPITAL,,"§10.2 NON_HOSPITAL: the named recipient is not a hospital (§0.3a -- judged on the recipient, not the activity), and the source does not mention hospitals anywhere in the funded work.","EXACT, as printed on AHS's list; the 146 rows sum to the table's own total ($109,295,193.50) to the cent.",ORG_WEBSITE,,2026-09-25,data/evidence/recheck/2026-09-28/VT/vt_year1_awards.html,16
VT,17,Northern Counties Health Care,91250,FQHC_OR_RHC,No,"Executed agreement, Regionalization: Facility upgrades to support regionalization. Vermont's list is 'partial and ongoing'.",Yes,Yes,FY2026 (Year 1),"RHT Year 1 Awards and Contracts -- Updated as of September 25, 2026",https://healthcarereform.vermont.gov/rht-year-1-executed-agreements-and-contracts,NOTICE_OF_AWARD,DIRECT_TEXT,R/03at_vt_year1_awardees.R,,,,,Regionalization,Facility upgrades to support regionalization,Northern Counties Health Care,,VT,TYPED (session 54/73): CMS FQHC Enrollment: NORTHERN COUNTIES HEALTH CARE INC (St. Johnsbury Community Health Center and others). Classifier said NONPROFIT_CBO/LOW.,MEDIUM,,Regionalization,Budget Period 1,NON_HOSPITAL,No,NOT_HOSPITAL,,"§10.2 NON_HOSPITAL: the named recipient is not a hospital (§0.3a -- judged on the recipient, not the activity), and the source does not mention hospitals anywhere in the funded work.","EXACT, as printed on AHS's list; the 146 rows sum to the table's own total ($109,295,193.50) to the cent.",ORG_WEBSITE,,2026-09-25,data/evidence/recheck/2026-09-28/VT/vt_year1_awards.html,17
VT,18,Northern Counties Health Care,69549.85,FQHC_OR_RHC,No,"Executed agreement, Regionalization: Facility upgrades to support regionalization. Vermont's list is 'partial and ongoing'.",Yes,Yes,FY2026 (Year 1),"RHT Year 1 Awards and Contracts -- Updated as of September 25, 2026",https://healthcarereform.vermont.gov/rht-year-1-executed-agreements-and-contracts,NOTICE_OF_AWARD,DIRECT_TEXT,R/03at_vt_year1_awardees.R,,,,,Regionalization,Facility upgrades to support regionalization,Northern Counties Health Care,,VT,TYPED (session 54/73): CMS FQHC Enrollment: NORTHERN COUNTIES HEALTH CARE INC (St. Johnsbury Community Health Center and others). Classifier said NONPROFIT_CBO/LOW.,MEDIUM,,Regionalization,Budget Period 1,NON_HOSPITAL,No,NOT_HOSPITAL,,"§10.2 NON_HOSPITAL: the named recipient is not a hospital (§0.3a -- judged on the recipient, not the activity), and the source does not mention hospitals anywhere in the funded work.","EXACT, as printed on AHS's list; the 146 rows sum to the table's own total ($109,295,193.50) to the cent.",ORG_WEBSITE,,2026-09-25,data/evidence/recheck/2026-09-28/VT/vt_year1_awards.html,18
VT,19,Primary Care Health Partners,415332.03,PHYSICIAN_PRACTICE,No,"Executed agreement, Regionalization: Facility upgrades to support regionalization. Vermont's list is 'partial and ongoing'.",Yes,Yes,FY2026 (Year 1),"RHT Year 1 Awards and Contracts -- Updated as of September 25, 2026",https://healthcarereform.vermont.gov/rht-year-1-executed-agreements-and-contracts,NOTICE_OF_AWARD,DIRECT_TEXT,R/03at_vt_year1_awardees.R,,,,,Regionalization,Facility upgrades to support regionalization,Primary Care Health Partners,,VT,"TYPED (session 54/73): Independent primary-care practice group, by general knowledge. Classifier said NONPROFIT_CBO/LOW.",LOW,,Regionalization,Budget Period 1,NON_HOSPITAL,No,NOT_HOSPITAL,,"§10.2 NON_HOSPITAL: the named recipient is not a hospital (§0.3a -- judged on the recipient, not the activity), and the source does not mention hospitals anywhere in the funded work.","EXACT, as printed on AHS's list; the 146 rows sum to the table's own total ($109,295,193.50) to the cent.",GENERAL_KNOWLEDGE,,2026-09-25,data/evidence/recheck/2026-09-28/VT/vt_year1_awards.html,19
VT,20,Richford Health Center Inc DBA Northern Tier Center for Health (NOTCH),599742.8,FQHC_OR_RHC,No,"Executed agreement, Regionalization: Facility upgrades to support regionalization. Vermont's list is 'partial and ongoing'.",Yes,Yes,FY2026 (Year 1),"RHT Year 1 Awards and Contracts -- Updated as of September 25, 2026",https://healthcarereform.vermont.gov/rht-year-1-executed-agreements-and-contracts,NOTICE_OF_AWARD,DIRECT_TEXT,R/03at_vt_year1_awardees.R,,,,,Regionalization,Facility upgrades to support regionalization,Richford Health Center Inc,Northern Tier Center for Health (NOTCH),VT,"TYPED (session 54/73): CMS FQHC Enrollment: THE RICHFORD HEALTH CENTER, INC. Classifier said NONPROFIT_CBO/LOW.",MEDIUM,,Regionalization,Budget Period 1,NON_HOSPITAL,No,NOT_HOSPITAL,,"§10.2 NON_HOSPITAL: the named recipient is not a hospital (§0.3a -- judged on the recipient, not the activity), and the source does not mention hospitals anywhere in the funded work.","EXACT, as printed on AHS's list; the 146 rows sum to the table's own total ($109,295,193.50) to the cent.",ORG_WEBSITE,,2026-09-25,data/evidence/recheck/2026-09-28/VT/vt_year1_awards.html,20
VT,21,Richmond Family Medicine,320673.96,PHYSICIAN_PRACTICE,No,"Executed agreement, Regionalization: Facility upgrades to support regionalization. Vermont's list is 'partial and ongoing'.",Yes,Yes,FY2026 (Year 1),"RHT Year 1 Awards and Contracts -- Updated as of September 25, 2026",https://healthcarereform.vermont.gov/rht-year-1-executed-agreements-and-contracts,NOTICE_OF_AWARD,DIRECT_TEXT,R/03at_vt_year1_awardees.R,,,,,Regionalization,Facility upgrades to support regionalization,Richmond Family Medicine,,VT,"TYPED (session 54/73): Independent family-medicine practice (Richmond), by general knowledge. Classifier said PHYSICIAN_PRACTICE/MEDIUM.",LOW,,Regionalization,Budget Period 1,NON_HOSPITAL,No,NOT_HOSPITAL,,"§10.2 NON_HOSPITAL: the named recipient is not a hospital (§0.3a -- judged on the recipient, not the activity), and the source does not mention hospitals anywhere in the funded work.","EXACT, as printed on AHS's list; the 146 rows sum to the table's own total ($109,295,193.50) to the cent.",GENERAL_KNOWLEDGE,,2026-09-25,data/evidence/recheck/2026-09-28/VT/vt_year1_awards.html,21
VT,22,Rutland Center for Living and Rehabilitation,1299000,OTHER,No,"Executed agreement, Regionalization: Facility upgrades to support regionalization. Vermont's list is 'partial and ongoing'.",Yes,Yes,FY2026 (Year 1),"RHT Year 1 Awards and Contracts -- Updated as of September 25, 2026",https://healthcarereform.vermont.gov/rht-year-1-executed-agreements-and-contracts,NOTICE_OF_AWARD,DIRECT_TEXT,R/03at_vt_year1_awardees.R,,,,,Regionalization,Facility upgrades to support regionalization,Rutland Center for Living and Rehabilitation,,VT,"TYPED (session 54/73): NURSING FACILITY. CMS SNF Enrollment carries this string as the DBA of 46 NICHOLS STREET OPCO LLC, CCN 475039. Classifier said NONPROFIT_CBO/LOW.",MEDIUM,,Regionalization,Budget Period 1,NON_HOSPITAL,No,NOT_HOSPITAL,,"§10.2 NON_HOSPITAL: the named recipient is not a hospital (§0.3a -- judged on the recipient, not the activity), and the source does not mention hospitals anywhere in the funded work. Determined form: NURSING FACILITY. CMS SNF Enrollment carries this string as the DBA of 46 NICHOLS STREET OPCO LLC, CCN 475039.","EXACT, as printed on AHS's list; the 146 rows sum to the table's own total ($109,295,193.50) to the cent.",ORG_WEBSITE,,2026-09-25,data/evidence/recheck/2026-09-28/VT/vt_year1_awards.html,22
VT,23,Rutland Regional Medical Center,644107,HOSPITAL_OR_SYSTEM,Yes,"Executed agreement, Regionalization: Facility upgrades to support regionalization. Vermont's list is 'partial and ongoing'.",Yes,Yes,FY2026 (Year 1),"RHT Year 1 Awards and Contracts -- Updated as of September 25, 2026",https://healthcarereform.vermont.gov/rht-year-1-executed-agreements-and-contracts,NOTICE_OF_AWARD,DIRECT_TEXT,R/03at_vt_year1_awardees.R,,,,,Regionalization,Facility upgrades to support regionalization,Rutland Regional Medical Center,,VT,"TYPED (session 54/73): CMS Hospital Enrollment: RUTLAND HOSPITAL, INC. dba RUTLAND REGIONAL MEDICAL CENTER, CCN 470005. Classifier said HOSPITAL_OR_SYSTEM/HIGH.",HIGH,,Regionalization,Budget Period 1,DIRECT,Yes,NAMED_HOSPITAL,,"§10.2 DIRECT: the recipient is a hospital (CMS Hospital Enrollment: RUTLAND HOSPITAL, INC. dba RUTLAND REGIONAL MEDICAL CENTER, CCN 470005.) and AHS lists the agreement as EXECUTED. §0.3a judges the recipient, not the activity.","EXACT, as printed on AHS's list; the 146 rows sum to the table's own total ($109,295,193.50) to the cent.",ORG_WEBSITE,,2026-09-25,data/evidence/recheck/2026-09-28/VT/vt_year1_awards.html,23
VT,24,Rutland Regional Medical Center,2000000,HOSPITAL_OR_SYSTEM,Yes,"Executed agreement, Regionalization: Facility upgrades to support regionalization. Vermont's list is 'partial and ongoing'.",Yes,Yes,FY2026 (Year 1),"RHT Year 1 Awards and Contracts -- Updated as of September 25, 2026",https://healthcarereform.vermont.gov/rht-year-1-executed-agreements-and-contracts,NOTICE_OF_AWARD,DIRECT_TEXT,R/03at_vt_year1_awardees.R,,,,,Regionalization,Facility upgrades to support regionalization,Rutland Regional Medical Center,,VT,"TYPED (session 54/73): CMS Hospital Enrollment: RUTLAND HOSPITAL, INC. dba RUTLAND REGIONAL MEDICAL CENTER, CCN 470005. Classifier said HOSPITAL_OR_SYSTEM/HIGH.",HIGH,,Regionalization,Budget Period 1,DIRECT,Yes,NAMED_HOSPITAL,,"§10.2 DIRECT: the recipient is a hospital (CMS Hospital Enrollment: RUTLAND HOSPITAL, INC. dba RUTLAND REGIONAL MEDICAL CENTER, CCN 470005.) and AHS lists the agreement as EXECUTED. §0.3a judges the recipient, not the activity.","EXACT, as printed on AHS's list; the 146 rows sum to the table's own total ($109,295,193.50) to the cent.",ORG_WEBSITE,,2026-09-25,data/evidence/recheck/2026-09-28/VT/vt_year1_awards.html,24
VT,25,Southwestern Vermont Health,1998848.35,HOSPITAL_OR_SYSTEM,Yes,"Executed agreement, Regionalization: Facility upgrades to support regionalization. Vermont's list is 'partial and ongoing'.",Yes,Yes,FY2026 (Year 1),"RHT Year 1 Awards and Contracts -- Updated as of September 25, 2026",https://healthcarereform.vermont.gov/rht-year-1-executed-agreements-and-contracts,NOTICE_OF_AWARD,DIRECT_TEXT,R/03at_vt_year1_awardees.R,,,,,Regionalization,Facility upgrades to support regionalization,Southwestern Vermont Health,,VT,"TYPED (session 54/73): GENERAL KNOWLEDGE, LOW (session 73): Southwestern Vermont Health Care, the parent system of SOUTHWESTERN VERMONT MEDICAL CENTER, INC (CMS 470012, Bennington). The page truncates the system's name and the system is not itself an enrolled provider -- the UVM Health Network precedent in this file. Priced at LOW so a reader can subtract it, and queued. Classifier said NONPROFIT_CBO/LOW.",LOW,,Regionalization,Budget Period 1,DIRECT,Yes,NAMED_HOSPITAL,,"§10.2 DIRECT: the recipient is a hospital (GENERAL KNOWLEDGE, LOW (session 73): Southwestern Vermont Health Care, the parent system of SOUTHWESTERN VERMONT MEDICAL CENTER, INC (CMS 470012, Bennington). The page truncates the system's name and the system is not itself an enrolled provider -- the UVM Health Network precedent in this file. Priced at LOW so a reader can subtract it, and queued.) and AHS lists the agreement as EXECUTED. §0.3a judges the recipient, not the activity.","EXACT, as printed on AHS's list; the 146 rows sum to the table's own total ($109,295,193.50) to the cent.",GENERAL_KNOWLEDGE,,2026-09-25,data/evidence/recheck/2026-09-28/VT/vt_year1_awards.html,25
VT,26,Springfield Hospital,205447.5,HOSPITAL_OR_SYSTEM,Yes,"Executed agreement, Regionalization: Facility upgrades to support regionalization. Vermont's list is 'partial and ongoing'.",Yes,Yes,FY2026 (Year 1),"RHT Year 1 Awards and Contracts -- Updated as of September 25, 2026",https://healthcarereform.vermont.gov/rht-year-1-executed-agreements-and-contracts,NOTICE_OF_AWARD,DIRECT_TEXT,R/03at_vt_year1_awardees.R,,,,,Regionalization,Facility upgrades to support regionalization,Springfield Hospital,,VT,"TYPED (session 54/73): CMS Hospital Enrollment: SPRINGFIELD HOSPITAL INC., CCN 471306 (CAH). Classifier said HOSPITAL_OR_SYSTEM/HIGH.",HIGH,,Regionalization,Budget Period 1,DIRECT,Yes,NAMED_HOSPITAL,,"§10.2 DIRECT: the recipient is a hospital (CMS Hospital Enrollment: SPRINGFIELD HOSPITAL INC., CCN 471306 (CAH).) and AHS lists the agreement as EXECUTED. §0.3a judges the recipient, not the activity.","EXACT, as printed on AHS's list; the 146 rows sum to the table's own total ($109,295,193.50) to the cent.",ORG_WEBSITE,,2026-09-25,data/evidence/recheck/2026-09-28/VT/vt_year1_awards.html,26
VT,27,BAART St Albans,242598.01,OTHER,No,"Executed agreement, Regionalization: Transformation, innovation, and regionalization support grants. Vermont's list is 'partial and ongoing'.",Yes,Yes,FY2026 (Year 1),"RHT Year 1 Awards and Contracts -- Updated as of September 25, 2026",https://healthcarereform.vermont.gov/rht-year-1-executed-agreements-and-contracts,NOTICE_OF_AWARD,DIRECT_TEXT,R/03at_vt_year1_awardees.R,,,,,Regionalization,"Transformation, innovation, and regionalization support grants",BAART St Albans,,VT,"TYPED (session 54/73): OPIOID TREATMENT PROGRAM (a BAART Programs clinic, BayMark Health Services), by general knowledge. Neither a hospital nor a practice. Classifier said NONPROFIT_CBO/LOW.",LOW,,Regionalization,Budget Period 1,NON_HOSPITAL,No,NOT_HOSPITAL,,"§10.2 NON_HOSPITAL: the named recipient is not a hospital (§0.3a -- judged on the recipient, not the activity), and the source does not mention hospitals anywhere in the funded work. Determined form: OPIOID TREATMENT PROGRAM (a BAART Programs clinic, BayMark Health Services), by general knowledge. Neither a hospital nor a practice.","EXACT, as printed on AHS's list; the 146 rows sum to the table's own total ($109,295,193.50) to the cent.",GENERAL_KNOWLEDGE,,2026-09-25,data/evidence/recheck/2026-09-28/VT/vt_year1_awards.html,27
VT,28,BAART St Johnsbury,242598.01,OTHER,No,"Executed agreement, Regionalization: Transformation, innovation, and regionalization support grants. Vermont's list is 'partial and ongoing'.",Yes,Yes,FY2026 (Year 1),"RHT Year 1 Awards and Contracts -- Updated as of September 25, 2026",https://healthcarereform.vermont.gov/rht-year-1-executed-agreements-and-contracts,NOTICE_OF_AWARD,DIRECT_TEXT,R/03at_vt_year1_awardees.R,,,,,Regionalization,"Transformation, innovation, and regionalization support grants",BAART St Johnsbury,,VT,"TYPED (session 54/73): OPIOID TREATMENT PROGRAM (a BAART Programs clinic, BayMark Health Services), by general knowledge. Classifier said NONPROFIT_CBO/LOW.",LOW,,Regionalization,Budget Period 1,NON_HOSPITAL,No,NOT_HOSPITAL,,"§10.2 NON_HOSPITAL: the named recipient is not a hospital (§0.3a -- judged on the recipient, not the activity), and the source does not mention hospitals anywhere in the funded work. Determined form: OPIOID TREATMENT PROGRAM (a BAART Programs clinic, BayMark Health Services), by general knowledge.","EXACT, as printed on AHS's list; the 146 rows sum to the table's own total ($109,295,193.50) to the cent.",GENERAL_KNOWLEDGE,,2026-09-25,data/evidence/recheck/2026-09-28/VT/vt_year1_awards.html,28
VT,29,Brattleboro Memorial Hospital,270250,HOSPITAL_OR_SYSTEM,Yes,"Executed agreement, Regionalization: Transformation, innovation, and regionalization support grants. Vermont's list is 'partial and ongoing'.",Yes,Yes,FY2026 (Year 1),"RHT Year 1 Awards and Contracts -- Updated as of September 25, 2026",https://healthcarereform.vermont.gov/rht-year-1-executed-agreements-and-contracts,NOTICE_OF_AWARD,DIRECT_TEXT,R/03at_vt_year1_awardees.R,,,,,Regionalization,"Transformation, innovation, and regionalization support grants",Brattleboro Memorial Hospital,,VT,"TYPED (session 54/73): CMS Hospital Enrollment: BRATTLEBORO MEMORIAL HOSPITAL, CCN 470011. Classifier said HOSPITAL_OR_SYSTEM/HIGH.",HIGH,,Regionalization,Budget Period 1,DIRECT,Yes,NAMED_HOSPITAL,,"§10.2 DIRECT: the recipient is a hospital (CMS Hospital Enrollment: BRATTLEBORO MEMORIAL HOSPITAL, CCN 470011.) and AHS lists the agreement as EXECUTED. §0.3a judges the recipient, not the activity.","EXACT, as printed on AHS's list; the 146 rows sum to the table's own total ($109,295,193.50) to the cent.",ORG_WEBSITE,,2026-09-25,data/evidence/recheck/2026-09-28/VT/vt_year1_awards.html,29
VT,30,Brattleboro Memorial Hospital,115000,HOSPITAL_OR_SYSTEM,Yes,"Executed agreement, Regionalization: Transformation, innovation, and regionalization support grants. Vermont's list is 'partial and ongoing'.",Yes,Yes,FY2026 (Year 1),"RHT Year 1 Awards and Contracts -- Updated as of September 25, 2026",https://healthcarereform.vermont.gov/rht-year-1-executed-agreements-and-contracts,NOTICE_OF_AWARD,DIRECT_TEXT,R/03at_vt_year1_awardees.R,,,,,Regionalization,"Transformation, innovation, and regionalization support grants",Brattleboro Memorial Hospital,,VT,"TYPED (session 54/73): CMS Hospital Enrollment: BRATTLEBORO MEMORIAL HOSPITAL, CCN 470011. Classifier said HOSPITAL_OR_SYSTEM/HIGH.",HIGH,,Regionalization,Budget Period 1,DIRECT,Yes,NAMED_HOSPITAL,,"§10.2 DIRECT: the recipient is a hospital (CMS Hospital Enrollment: BRATTLEBORO MEMORIAL HOSPITAL, CCN 470011.) and AHS lists the agreement as EXECUTED. §0.3a judges the recipient, not the activity.","EXACT, as printed on AHS's list; the 146 rows sum to the table's own total ($109,295,193.50) to the cent.",ORG_WEBSITE,,2026-09-25,data/evidence/recheck/2026-09-28/VT/vt_year1_awards.html,30
VT,31,Brattleboro Memorial Hospital,48005.73,HOSPITAL_OR_SYSTEM,Yes,"Executed agreement, Regionalization: Transformation, innovation, and regionalization support grants. Vermont's list is 'partial and ongoing'.",Yes,Yes,FY2026 (Year 1),"RHT Year 1 Awards and Contracts -- Updated as of September 25, 2026",https://healthcarereform.vermont.gov/rht-year-1-executed-agreements-and-contracts,NOTICE_OF_AWARD,DIRECT_TEXT,R/03at_vt_year1_awardees.R,,,,,Regionalization,"Transformation, innovation, and regionalization support grants",Brattleboro Memorial Hospital,,VT,"TYPED (session 54/73): CMS Hospital Enrollment: BRATTLEBORO MEMORIAL HOSPITAL, CCN 470011. Classifier said HOSPITAL_OR_SYSTEM/HIGH.",HIGH,,Regionalization,Budget Period 1,DIRECT,Yes,NAMED_HOSPITAL,,"§10.2 DIRECT: the recipient is a hospital (CMS Hospital Enrollment: BRATTLEBORO MEMORIAL HOSPITAL, CCN 470011.) and AHS lists the agreement as EXECUTED. §0.3a judges the recipient, not the activity.","EXACT, as printed on AHS's list; the 146 rows sum to the table's own total ($109,295,193.50) to the cent.",ORG_WEBSITE,,2026-09-25,data/evidence/recheck/2026-09-28/VT/vt_year1_awards.html,31
VT,32,Central Vermont Medical Center,167034.38,HOSPITAL_OR_SYSTEM,Yes,"Executed agreement, Regionalization: Transformation, innovation, and regionalization support grants. Vermont's list is 'partial and ongoing'.",Yes,Yes,FY2026 (Year 1),"RHT Year 1 Awards and Contracts -- Updated as of September 25, 2026",https://healthcarereform.vermont.gov/rht-year-1-executed-agreements-and-contracts,NOTICE_OF_AWARD,DIRECT_TEXT,R/03at_vt_year1_awardees.R,,,,,Regionalization,"Transformation, innovation, and regionalization support grants",Central Vermont Medical Center,,VT,"TYPED (session 54/73): CMS Hospital Enrollment: CENTRAL VERMONT MEDICAL CENTER INC, CCN 470001 (the page drops 'Inc.' from 2026-09-25). Classifier said HOSPITAL_OR_SYSTEM/HIGH.",HIGH,,Regionalization,Budget Period 1,DIRECT,Yes,NAMED_HOSPITAL,,"§10.2 DIRECT: the recipient is a hospital (CMS Hospital Enrollment: CENTRAL VERMONT MEDICAL CENTER INC, CCN 470001 (the page drops 'Inc.' from 2026-09-25).) and AHS lists the agreement as EXECUTED. §0.3a judges the recipient, not the activity.","EXACT, as printed on AHS's list; the 146 rows sum to the table's own total ($109,295,193.50) to the cent.",ORG_WEBSITE,,2026-09-25,data/evidence/recheck/2026-09-28/VT/vt_year1_awards.html,32
VT,33,"Lamoille Community House, Inc.",596760.86,NONPROFIT_CBO,No,"Executed agreement, Regionalization: Transformation, innovation, and regionalization support grants. Vermont's list is 'partial and ongoing'.",Yes,Yes,FY2026 (Year 1),"RHT Year 1 Awards and Contracts -- Updated as of September 25, 2026",https://healthcarereform.vermont.gov/rht-year-1-executed-agreements-and-contracts,NOTICE_OF_AWARD,DIRECT_TEXT,R/03at_vt_year1_awardees.R,,,,,Regionalization,"Transformation, innovation, and regionalization support grants","Lamoille Community House, Inc.",,,rhtp_classify_recipient_type() on the name: NONPROFIT_CBO/LOW.,LOW,RECIPIENT_TYPE_INFERRED,Regionalization,Budget Period 1,NON_HOSPITAL,No,NOT_HOSPITAL,,"§10.2 NON_HOSPITAL: the named recipient is not a hospital (§0.3a -- judged on the recipient, not the activity), and the source does not mention hospitals anywhere in the funded work.","EXACT, as printed on AHS's list; the 146 rows sum to the table's own total ($109,295,193.50) to the cent.",,,2026-09-25,data/evidence/recheck/2026-09-28/VT/vt_year1_awards.html,33
VT,34,"Little Rivers Health Care, Inc.",1352538,FQHC_OR_RHC,No,"Executed agreement, Regionalization: Transformation, innovation, and regionalization support grants. Vermont's list is 'partial and ongoing'.",Yes,Yes,FY2026 (Year 1),"RHT Year 1 Awards and Contracts -- Updated as of September 25, 2026",https://healthcarereform.vermont.gov/rht-year-1-executed-agreements-and-contracts,NOTICE_OF_AWARD,DIRECT_TEXT,R/03at_vt_year1_awardees.R,,,,,Regionalization,"Transformation, innovation, and regionalization support grants","Little Rivers Health Care, Inc.",,VT,"TYPED (session 54/73): CMS FQHC Enrollment: LITTLE RIVERS HEALTH CARE, INC. Classifier said NONPROFIT_CBO/LOW.",MEDIUM,,Regionalization,Budget Period 1,NON_HOSPITAL,No,NOT_HOSPITAL,,"§10.2 NON_HOSPITAL: the named recipient is not a hospital (§0.3a -- judged on the recipient, not the activity), and the source does not mention hospitals anywhere in the funded work.","EXACT, as printed on AHS's list; the 146 rows sum to the table's own total ($109,295,193.50) to the cent.",ORG_WEBSITE,,2026-09-25,data/evidence/recheck/2026-09-28/VT/vt_year1_awards.html,34
VT,35,Northeast Kingdom Community Action (NEKCA),259748.12,NONPROFIT_CBO,No,"Executed agreement, Regionalization: Transformation, innovation, and regionalization support grants. Vermont's list is 'partial and ongoing'.",Yes,Yes,FY2026 (Year 1),"RHT Year 1 Awards and Contracts -- Updated as of September 25, 2026",https://healthcarereform.vermont.gov/rht-year-1-executed-agreements-and-contracts,NOTICE_OF_AWARD,DIRECT_TEXT,R/03at_vt_year1_awardees.R,,,,,Regionalization,"Transformation, innovation, and regionalization support grants",Northeast Kingdom Community Action (NEKCA),,VT,"TYPED (session 54/73): COMMUNITY ACTION AGENCY (nonprofit), by general knowledge -- a determined form, not §8's fallback. Classifier said NONPROFIT_CBO/LOW.",LOW,,Regionalization,Budget Period 1,NON_HOSPITAL,No,NOT_HOSPITAL,,"§10.2 NON_HOSPITAL: the named recipient is not a hospital (§0.3a -- judged on the recipient, not the activity), and the source does not mention hospitals anywhere in the funded work.","EXACT, as printed on AHS's list; the 146 rows sum to the table's own total ($109,295,193.50) to the cent.",GENERAL_KNOWLEDGE,,2026-09-25,data/evidence/recheck/2026-09-28/VT/vt_year1_awards.html,35
VT,36,Northern Counties Health Care,226194.7,FQHC_OR_RHC,No,"Executed agreement, Regionalization: Transformation, innovation, and regionalization support grants. Vermont's list is 'partial and ongoing'.",Yes,Yes,FY2026 (Year 1),"RHT Year 1 Awards and Contracts -- Updated as of September 25, 2026",https://healthcarereform.vermont.gov/rht-year-1-executed-agreements-and-contracts,NOTICE_OF_AWARD,DIRECT_TEXT,R/03at_vt_year1_awardees.R,,,,,Regionalization,"Transformation, innovation, and regionalization support grants",Northern Counties Health Care,,VT,TYPED (session 54/73): CMS FQHC Enrollment: NORTHERN COUNTIES HEALTH CARE INC (St. Johnsbury Community Health Center and others). Classifier said NONPROFIT_CBO/LOW.,MEDIUM,,Regionalization,Budget Period 1,NON_HOSPITAL,No,NOT_HOSPITAL,,"§10.2 NON_HOSPITAL: the named recipient is not a hospital (§0.3a -- judged on the recipient, not the activity), and the source does not mention hospitals anywhere in the funded work.","EXACT, as printed on AHS's list; the 146 rows sum to the table's own total ($109,295,193.50) to the cent.",ORG_WEBSITE,,2026-09-25,data/evidence/recheck/2026-09-28/VT/vt_year1_awards.html,36
VT,37,Northern Counties Health Care,137810.25,FQHC_OR_RHC,No,"Executed agreement, Regionalization: Transformation, innovation, and regionalization support grants. Vermont's list is 'partial and ongoing'.",Yes,Yes,FY2026 (Year 1),"RHT Year 1 Awards and Contracts -- Updated as of September 25, 2026",https://healthcarereform.vermont.gov/rht-year-1-executed-agreements-and-contracts,NOTICE_OF_AWARD,DIRECT_TEXT,R/03at_vt_year1_awardees.R,,,,,Regionalization,"Transformation, innovation, and regionalization support grants",Northern Counties Health Care,,VT,TYPED (session 54/73): CMS FQHC Enrollment: NORTHERN COUNTIES HEALTH CARE INC (St. Johnsbury Community Health Center and others). Classifier said NONPROFIT_CBO/LOW.,MEDIUM,,Regionalization,Budget Period 1,NON_HOSPITAL,No,NOT_HOSPITAL,,"§10.2 NON_HOSPITAL: the named recipient is not a hospital (§0.3a -- judged on the recipient, not the activity), and the source does not mention hospitals anywhere in the funded work.","EXACT, as printed on AHS's list; the 146 rows sum to the table's own total ($109,295,193.50) to the cent.",ORG_WEBSITE,,2026-09-25,data/evidence/recheck/2026-09-28/VT/vt_year1_awards.html,37
VT,38,Southwestern Vermont Health,518949,HOSPITAL_OR_SYSTEM,Yes,"Executed agreement, Regionalization: Transformation, innovation, and regionalization support grants. Vermont's list is 'partial and ongoing'.",Yes,Yes,FY2026 (Year 1),"RHT Year 1 Awards and Contracts -- Updated as of September 25, 2026",https://healthcarereform.vermont.gov/rht-year-1-executed-agreements-and-contracts,NOTICE_OF_AWARD,DIRECT_TEXT,R/03at_vt_year1_awardees.R,,,,,Regionalization,"Transformation, innovation, and regionalization support grants",Southwestern Vermont Health,,VT,"TYPED (session 54/73): GENERAL KNOWLEDGE, LOW (session 73): Southwestern Vermont Health Care, the parent system of SOUTHWESTERN VERMONT MEDICAL CENTER, INC (CMS 470012, Bennington). The page truncates the system's name and the system is not itself an enrolled provider -- the UVM Health Network precedent in this file. Priced at LOW so a reader can subtract it, and queued. Classifier said NONPROFIT_CBO/LOW.",LOW,,Regionalization,Budget Period 1,DIRECT,Yes,NAMED_HOSPITAL,,"§10.2 DIRECT: the recipient is a hospital (GENERAL KNOWLEDGE, LOW (session 73): Southwestern Vermont Health Care, the parent system of SOUTHWESTERN VERMONT MEDICAL CENTER, INC (CMS 470012, Bennington). The page truncates the system's name and the system is not itself an enrolled provider -- the UVM Health Network precedent in this file. Priced at LOW so a reader can subtract it, and queued.) and AHS lists the agreement as EXECUTED. §0.3a judges the recipient, not the activity.","EXACT, as printed on AHS's list; the 146 rows sum to the table's own total ($109,295,193.50) to the cent.",GENERAL_KNOWLEDGE,,2026-09-25,data/evidence/recheck/2026-09-28/VT/vt_year1_awards.html,38
VT,39,UVM - State Agricultural College,363807.71,UNIVERSITY_OR_AHC,No,"Executed agreement, Regionalization: Transformation, innovation, and regionalization support grants. Vermont's list is 'partial and ongoing'.",Yes,Yes,FY2026 (Year 1),"RHT Year 1 Awards and Contracts -- Updated as of September 25, 2026",https://healthcarereform.vermont.gov/rht-year-1-executed-agreements-and-contracts,NOTICE_OF_AWARD,DIRECT_TEXT,R/03at_vt_year1_awardees.R,,,,,Regionalization,"Transformation, innovation, and regionalization support grants",UVM - State Agricultural College,,VT,"TYPED (session 54/73): The University of Vermont and State Agricultural College -- the UNIVERSITY's legal name. Not the enrolled hospital (UNIVERSITY OF VERMONT MEDICAL CENTER INC, CCN 470003, a separate legal body), so §10.2's enrolled-operator row does not reach it. Classifier said UNIVERSITY_OR_AHC/HIGH.",LOW,,Regionalization,Budget Period 1,NON_HOSPITAL,No,NOT_HOSPITAL,,"§10.2 NON_HOSPITAL: the named recipient is not a hospital (§0.3a -- judged on the recipient, not the activity), and the source does not mention hospitals anywhere in the funded work.","EXACT, as printed on AHS's list; the 146 rows sum to the table's own total ($109,295,193.50) to the cent.",GENERAL_KNOWLEDGE,,2026-09-25,data/evidence/recheck/2026-09-28/VT/vt_year1_awards.html,39
VT,40,Central Vermont Medical Center,1044158.97,HOSPITAL_OR_SYSTEM,Yes,"Executed agreement, Regionalization: Mobile units offering medical, dental and integrated Mental Health (MH) and Substance Use Disorder (SUD) services. Vermont's list is 'partial and ongoing'.",Yes,Yes,FY2026 (Year 1),"RHT Year 1 Awards and Contracts -- Updated as of September 25, 2026",https://healthcarereform.vermont.gov/rht-year-1-executed-agreements-and-contracts,NOTICE_OF_AWARD,DIRECT_TEXT,R/03at_vt_year1_awardees.R,,,,,Regionalization,"Mobile units offering medical, dental and integrated Mental Health (MH) and Substance Use Disorder (SUD) services",Central Vermont Medical Center,,VT,"TYPED (session 54/73): CMS Hospital Enrollment: CENTRAL VERMONT MEDICAL CENTER INC, CCN 470001 (the page drops 'Inc.' from 2026-09-25). Classifier said HOSPITAL_OR_SYSTEM/HIGH.",HIGH,,Regionalization,Budget Period 1,DIRECT,Yes,NAMED_HOSPITAL,,"§10.2 DIRECT: the recipient is a hospital (CMS Hospital Enrollment: CENTRAL VERMONT MEDICAL CENTER INC, CCN 470001 (the page drops 'Inc.' from 2026-09-25).) and AHS lists the agreement as EXECUTED. §0.3a judges the recipient, not the activity.","EXACT, as printed on AHS's list; the 146 rows sum to the table's own total ($109,295,193.50) to the cent.",ORG_WEBSITE,,2026-09-25,data/evidence/recheck/2026-09-28/VT/vt_year1_awards.html,40
VT,41,"Howard Center, Inc.",136759.82,OTHER,No,"Executed agreement, Regionalization: Mobile units offering medical, dental and integrated Mental Health (MH) and Substance Use Disorder (SUD) services. Vermont's list is 'partial and ongoing'.",Yes,Yes,FY2026 (Year 1),"RHT Year 1 Awards and Contracts -- Updated as of September 25, 2026",https://healthcarereform.vermont.gov/rht-year-1-executed-agreements-and-contracts,NOTICE_OF_AWARD,DIRECT_TEXT,R/03at_vt_year1_awardees.R,,,,,Regionalization,"Mobile units offering medical, dental and integrated Mental Health (MH) and Substance Use Disorder (SUD) services","Howard Center, Inc.",,VT,"TYPED (session 54/73): COMMUNITY MENTAL HEALTH DESIGNATED AGENCY (Chittenden County), by general knowledge. Not merged with 'Howard Center' (§2). Classifier said NONPROFIT_CBO/LOW.",LOW,,Regionalization,Budget Period 1,NON_HOSPITAL,No,NOT_HOSPITAL,,"§10.2 NON_HOSPITAL: the named recipient is not a hospital (§0.3a -- judged on the recipient, not the activity), and the source does not mention hospitals anywhere in the funded work. Determined form: COMMUNITY MENTAL HEALTH DESIGNATED AGENCY (Chittenden County), by general knowledge. Not merged with 'Howard Center' (§2).","EXACT, as printed on AHS's list; the 146 rows sum to the table's own total ($109,295,193.50) to the cent.",GENERAL_KNOWLEDGE,,2026-09-25,data/evidence/recheck/2026-09-28/VT/vt_year1_awards.html,41
VT,42,"Little Rivers Health Care, Inc.",238672.57,FQHC_OR_RHC,No,"Executed agreement, Regionalization: Mobile units offering medical, dental and integrated Mental Health (MH) and Substance Use Disorder (SUD) services. Vermont's list is 'partial and ongoing'.",Yes,Yes,FY2026 (Year 1),"RHT Year 1 Awards and Contracts -- Updated as of September 25, 2026",https://healthcarereform.vermont.gov/rht-year-1-executed-agreements-and-contracts,NOTICE_OF_AWARD,DIRECT_TEXT,R/03at_vt_year1_awardees.R,,,,,Regionalization,"Mobile units offering medical, dental and integrated Mental Health (MH) and Substance Use Disorder (SUD) services","Little Rivers Health Care, Inc.",,VT,"TYPED (session 54/73): CMS FQHC Enrollment: LITTLE RIVERS HEALTH CARE, INC. Classifier said NONPROFIT_CBO/LOW.",MEDIUM,,Regionalization,Budget Period 1,NON_HOSPITAL,No,NOT_HOSPITAL,,"§10.2 NON_HOSPITAL: the named recipient is not a hospital (§0.3a -- judged on the recipient, not the activity), and the source does not mention hospitals anywhere in the funded work.","EXACT, as printed on AHS's list; the 146 rows sum to the table's own total ($109,295,193.50) to the cent.",ORG_WEBSITE,,2026-09-25,data/evidence/recheck/2026-09-28/VT/vt_year1_awards.html,42
VT,43,Mary Hitchcock Memorial Hospital,603680.8,HOSPITAL_OR_SYSTEM,Yes,"Executed agreement, Regionalization: Mobile units offering medical, dental and integrated Mental Health (MH) and Substance Use Disorder (SUD) services. Vermont's list is 'partial and ongoing'.",Yes,Yes,FY2026 (Year 1),"RHT Year 1 Awards and Contracts -- Updated as of September 25, 2026",https://healthcarereform.vermont.gov/rht-year-1-executed-agreements-and-contracts,NOTICE_OF_AWARD,DIRECT_TEXT,R/03at_vt_year1_awardees.R,,,,,Regionalization,"Mobile units offering medical, dental and integrated Mental Health (MH) and Substance Use Disorder (SUD) services",Mary Hitchcock Memorial Hospital *,,NH,"TYPED (session 54/73): CMS Hospital Enrollment: MARY HITCHCOCK MEMORIAL HOSPITAL, CCN 300003, LEBANON NH. OUT-OF-STATE FACILITY, counted under Vermont by owner decision (session 54): the page stars it, '*RHT funding is specific to services and activities benefiting Vermont patients'. Classifier said HOSPITAL_OR_SYSTEM/HIGH.",HIGH,,Regionalization,Budget Period 1,DIRECT,Yes,NAMED_HOSPITAL,,"§10.2 DIRECT: the recipient is a hospital (CMS Hospital Enrollment: MARY HITCHCOCK MEMORIAL HOSPITAL, CCN 300003, LEBANON NH. OUT-OF-STATE FACILITY, counted under Vermont by owner decision (session 54): the page stars it, '*RHT funding is specific to services and activities benefiting Vermont patients'.) and AHS lists the agreement as EXECUTED. §0.3a judges the recipient, not the activity.","EXACT, as printed on AHS's list; the 146 rows sum to the table's own total ($109,295,193.50) to the cent.",ORG_WEBSITE,,2026-09-25,data/evidence/recheck/2026-09-28/VT/vt_year1_awards.html,43
VT,44,Richford Health Center Inc DBA Northern Tier Center for Health (NOTCH),282419,FQHC_OR_RHC,No,"Executed agreement, Regionalization: Mobile units offering medical, dental and integrated Mental Health (MH) and Substance Use Disorder (SUD) services. Vermont's list is 'partial and ongoing'.",Yes,Yes,FY2026 (Year 1),"RHT Year 1 Awards and Contracts -- Updated as of September 25, 2026",https://healthcarereform.vermont.gov/rht-year-1-executed-agreements-and-contracts,NOTICE_OF_AWARD,DIRECT_TEXT,R/03at_vt_year1_awardees.R,,,,,Regionalization,"Mobile units offering medical, dental and integrated Mental Health (MH) and Substance Use Disorder (SUD) services",Richford Health Center Inc,Northern Tier Center for Health (NOTCH),VT,"TYPED (session 54/73): CMS FQHC Enrollment: THE RICHFORD HEALTH CENTER, INC. Classifier said NONPROFIT_CBO/LOW.",MEDIUM,,Regionalization,Budget Period 1,NON_HOSPITAL,No,NOT_HOSPITAL,,"§10.2 NON_HOSPITAL: the named recipient is not a hospital (§0.3a -- judged on the recipient, not the activity), and the source does not mention hospitals anywhere in the funded work.","EXACT, as printed on AHS's list; the 146 rows sum to the table's own total ($109,295,193.50) to the cent.",ORG_WEBSITE,,2026-09-25,data/evidence/recheck/2026-09-28/VT/vt_year1_awards.html,44
VT,45,University of Vermont Cancer Center,868649.42,UNIVERSITY_OR_AHC,No,"Executed agreement, Regionalization: Mobile units offering medical, dental and integrated Mental Health (MH) and Substance Use Disorder (SUD) services. Vermont's list is 'partial and ongoing'.",Yes,Yes,FY2026 (Year 1),"RHT Year 1 Awards and Contracts -- Updated as of September 25, 2026",https://healthcarereform.vermont.gov/rht-year-1-executed-agreements-and-contracts,NOTICE_OF_AWARD,DIRECT_TEXT,R/03at_vt_year1_awardees.R,,,,,Regionalization,"Mobile units offering medical, dental and integrated Mental Health (MH) and Substance Use Disorder (SUD) services",University of Vermont Cancer Center,,VT,"TYPED (session 54/73): A UNIVERSITY research centre, by general knowledge; no CMS enrolment carries this string. §10.2's AHC row does not reach a sub-unit named without its legal entity (the 'OHSU Casey Eye Institute' shape), so it is not a hospital row. Queued with the other name-only AHC strings. Classifier said UNIVERSITY_OR_AHC/HIGH.",LOW,,Regionalization,Budget Period 1,NON_HOSPITAL,No,NOT_HOSPITAL,,"§10.2 NON_HOSPITAL: the named recipient is not a hospital (§0.3a -- judged on the recipient, not the activity), and the source does not mention hospitals anywhere in the funded work.","EXACT, as printed on AHS's list; the 146 rows sum to the table's own total ($109,295,193.50) to the cent.",GENERAL_KNOWLEDGE,,2026-09-25,data/evidence/recheck/2026-09-28/VT/vt_year1_awards.html,45
VT,46,Vermont Dental Services (VDS),315175,NONPROFIT_CBO,No,"Executed agreement, Regionalization: Mobile units offering medical, dental and integrated Mental Health (MH) and Substance Use Disorder (SUD) services. Vermont's list is 'partial and ongoing'.",Yes,Yes,FY2026 (Year 1),"RHT Year 1 Awards and Contracts -- Updated as of September 25, 2026",https://healthcarereform.vermont.gov/rht-year-1-executed-agreements-and-contracts,NOTICE_OF_AWARD,DIRECT_TEXT,R/03at_vt_year1_awardees.R,,,,,Regionalization,"Mobile units offering medical, dental and integrated Mental Health (MH) and Substance Use Disorder (SUD) services",Vermont Dental Services (VDS),,,rhtp_classify_recipient_type() on the name: NONPROFIT_CBO/LOW.,LOW,RECIPIENT_TYPE_INFERRED,Regionalization,Budget Period 1,NON_HOSPITAL,No,NOT_HOSPITAL,,"§10.2 NON_HOSPITAL: the named recipient is not a hospital (§0.3a -- judged on the recipient, not the activity), and the source does not mention hospitals anywhere in the funded work.","EXACT, as printed on AHS's list; the 146 rows sum to the table's own total ($109,295,193.50) to the cent.",,,2026-09-25,data/evidence/recheck/2026-09-28/VT/vt_year1_awards.html,46
VT,47,105 Chester Road Opco LLC DBA Springfield Center for Living and Rehabilitation,286600,OTHER,No,"Executed agreement, Regionalization: Improve availability and access to high-acuity services for nursing home residents including dialysis services and ventilators. Vermont's list is 'partial and ongoing'.",Yes,Yes,FY2026 (Year 1),"RHT Year 1 Awards and Contracts -- Updated as of September 25, 2026",https://healthcarereform.vermont.gov/rht-year-1-executed-agreements-and-contracts,NOTICE_OF_AWARD,DIRECT_TEXT,R/03at_vt_year1_awardees.R,,,,,Regionalization,Improve availability and access to high-acuity services for nursing home residents including dialysis services and ventilators,105 Chester Road Opco LLC,Springfield Center for Living and Rehabilitation,VT,"TYPED (session 54/73): NURSING FACILITY. CMS SNF Enrollment: 105 CHESTER ROAD OPCO LLC dba SPRINGFIELD CENTER FOR LIVING AND REHABILITATION, CCN 475025B. Classifier said NONPROFIT_CBO/LOW.",MEDIUM,,Regionalization,Budget Period 1,NON_HOSPITAL,No,NOT_HOSPITAL,,"§10.2 NON_HOSPITAL: the named recipient is not a hospital (§0.3a -- judged on the recipient, not the activity), and the source does not mention hospitals anywhere in the funded work. Determined form: NURSING FACILITY. CMS SNF Enrollment: 105 CHESTER ROAD OPCO LLC dba SPRINGFIELD CENTER FOR LIVING AND REHABILITATION, CCN 475025B.","EXACT, as printed on AHS's list; the 146 rows sum to the table's own total ($109,295,193.50) to the cent.",ORG_WEBSITE,,2026-09-25,data/evidence/recheck/2026-09-28/VT/vt_year1_awards.html,47
VT,48,1248 Hospital Drive Opco LLC DBA St. Johnsbury Center for Living and Rehabilitation,531750,OTHER,No,"Executed agreement, Regionalization: Improve availability and access to high-acuity services for nursing home residents including dialysis services and ventilators. Vermont's list is 'partial and ongoing'.",Yes,Yes,FY2026 (Year 1),"RHT Year 1 Awards and Contracts -- Updated as of September 25, 2026",https://healthcarereform.vermont.gov/rht-year-1-executed-agreements-and-contracts,NOTICE_OF_AWARD,DIRECT_TEXT,R/03at_vt_year1_awardees.R,,,,,Regionalization,Improve availability and access to high-acuity services for nursing home residents including dialysis services and ventilators,1248 Hospital Drive Opco LLC,St. Johnsbury Center for Living and Rehabilitation,VT,"TYPED (session 54/73): NURSING FACILITY. CMS SNF Enrollment: 1248 HOSPITAL DRIVE OPCO LLC dba ST JOHNSBURY CENTER FOR LIVING AND REHABILITATION, CCN 475019B. 'Hospital' is the STREET in the LLC's name; §8's name rule returns HOSPITAL_OR_SYSTEM at HIGH and is wrong. Classifier said HOSPITAL_OR_SYSTEM/HIGH.",MEDIUM,,Regionalization,Budget Period 1,NON_HOSPITAL,No,NOT_HOSPITAL,,"§10.2 NON_HOSPITAL: the named recipient is not a hospital (§0.3a -- judged on the recipient, not the activity), and the source does not mention hospitals anywhere in the funded work. Determined form: NURSING FACILITY. CMS SNF Enrollment: 1248 HOSPITAL DRIVE OPCO LLC dba ST JOHNSBURY CENTER FOR LIVING AND REHABILITATION, CCN 475019B. 'Hospital' is the STREET in the LLC's name; §8's name rule returns HOSPITAL_OR_SYSTEM at HIGH and is wrong.","EXACT, as printed on AHS's list; the 146 rows sum to the table's own total ($109,295,193.50) to the cent.",ORG_WEBSITE,,2026-09-25,data/evidence/recheck/2026-09-28/VT/vt_year1_awards.html,48
VT,49,"Rutland Crossings, LLC.",464325.97,OTHER,No,"Executed agreement, Regionalization: Improve availability and access to high-acuity services for nursing home residents including dialysis services and ventilators. Vermont's list is 'partial and ongoing'.",Yes,Yes,FY2026 (Year 1),"RHT Year 1 Awards and Contracts -- Updated as of September 25, 2026",https://healthcarereform.vermont.gov/rht-year-1-executed-agreements-and-contracts,NOTICE_OF_AWARD,DIRECT_TEXT,R/03at_vt_year1_awardees.R,,,,,Regionalization,Improve availability and access to high-acuity services for nursing home residents including dialysis services and ventilators,"Rutland Crossings, LLC.",,VT,"TYPED (session 54/73): NURSING FACILITY. CMS SNF Enrollment: RUTLAND CROSSINGS LLC dba THE PINES AT RUTLAND CENTER FOR NURSING AND REHABILITATION, CCN 475018. Classifier said NONPROFIT_CBO/LOW.",MEDIUM,,Regionalization,Budget Period 1,NON_HOSPITAL,No,NOT_HOSPITAL,,"§10.2 NON_HOSPITAL: the named recipient is not a hospital (§0.3a -- judged on the recipient, not the activity), and the source does not mention hospitals anywhere in the funded work. Determined form: NURSING FACILITY. CMS SNF Enrollment: RUTLAND CROSSINGS LLC dba THE PINES AT RUTLAND CENTER FOR NURSING AND REHABILITATION, CCN 475018.","EXACT, as printed on AHS's list; the 146 rows sum to the table's own total ($109,295,193.50) to the cent.",ORG_WEBSITE,,2026-09-25,data/evidence/recheck/2026-09-28/VT/vt_year1_awards.html,49
VT,50,"Health Care and Rehabilitation Services of Southeastern Vermont, Inc.",3216288.17,OTHER,No,"Executed agreement, Regionalization: Mental Health (MH) and Substance Use Disorder (SUD) urgent care expansion. Vermont's list is 'partial and ongoing'.",Yes,Yes,FY2026 (Year 1),"RHT Year 1 Awards and Contracts -- Updated as of September 25, 2026",https://healthcarereform.vermont.gov/rht-year-1-executed-agreements-and-contracts,NOTICE_OF_AWARD,DIRECT_TEXT,R/03at_vt_year1_awardees.R,,,,,Regionalization,Mental Health (MH) and Substance Use Disorder (SUD) urgent care expansion,"Health Care and Rehabilitation Services of Southeastern Vermont, Inc.",,VT,"TYPED (session 54/73): COMMUNITY MENTAL HEALTH DESIGNATED AGENCY (HCRS, southeastern Vermont), by general knowledge. The page's full legal name for the row printed as 'Health Care and Rehabilitation Services (HCRS)' on 2026-09-18. Classifier said NONPROFIT_CBO/LOW.",LOW,,Regionalization,Budget Period 1,NON_HOSPITAL,No,NOT_HOSPITAL,,"§10.2 NON_HOSPITAL: the named recipient is not a hospital (§0.3a -- judged on the recipient, not the activity), and the source does not mention hospitals anywhere in the funded work. Determined form: COMMUNITY MENTAL HEALTH DESIGNATED AGENCY (HCRS, southeastern Vermont), by general knowledge. The page's full legal name for the row printed as 'Health Care and Rehabilitation Services (HCRS)' on 2026-09-18.","EXACT, as printed on AHS's list; the 146 rows sum to the table's own total ($109,295,193.50) to the cent.",GENERAL_KNOWLEDGE,,2026-09-25,data/evidence/recheck/2026-09-28/VT/vt_year1_awards.html,50
VT,51,Rutland Mental Health Services,821223.7,OTHER,No,"Executed agreement, Regionalization: Mental Health (MH) and Substance Use Disorder (SUD) urgent care expansion. Vermont's list is 'partial and ongoing'.",Yes,Yes,FY2026 (Year 1),"RHT Year 1 Awards and Contracts -- Updated as of September 25, 2026",https://healthcarereform.vermont.gov/rht-year-1-executed-agreements-and-contracts,NOTICE_OF_AWARD,DIRECT_TEXT,R/03at_vt_year1_awardees.R,,,,,Regionalization,Mental Health (MH) and Substance Use Disorder (SUD) urgent care expansion,Rutland Mental Health Services,,VT,"TYPED (session 54/73): COMMUNITY MENTAL HEALTH DESIGNATED AGENCY (Rutland County; Community Care Network), by general knowledge. Classifier said NONPROFIT_CBO/LOW.",LOW,,Regionalization,Budget Period 1,NON_HOSPITAL,No,NOT_HOSPITAL,,"§10.2 NON_HOSPITAL: the named recipient is not a hospital (§0.3a -- judged on the recipient, not the activity), and the source does not mention hospitals anywhere in the funded work. Determined form: COMMUNITY MENTAL HEALTH DESIGNATED AGENCY (Rutland County; Community Care Network), by general knowledge.","EXACT, as printed on AHS's list; the 146 rows sum to the table's own total ($109,295,193.50) to the cent.",GENERAL_KNOWLEDGE,,2026-09-25,data/evidence/recheck/2026-09-28/VT/vt_year1_awards.html,51
VT,52,Washington County Mental Health,22500.73,OTHER,No,"Executed agreement, Regionalization: Mental Health (MH) and Substance Use Disorder (SUD) urgent care expansion. Vermont's list is 'partial and ongoing'.",Yes,Yes,FY2026 (Year 1),"RHT Year 1 Awards and Contracts -- Updated as of September 25, 2026",https://healthcarereform.vermont.gov/rht-year-1-executed-agreements-and-contracts,NOTICE_OF_AWARD,DIRECT_TEXT,R/03at_vt_year1_awardees.R,,,,,Regionalization,Mental Health (MH) and Substance Use Disorder (SUD) urgent care expansion,Washington County Mental Health,,VT,"TYPED (session 54/73): COMMUNITY MENTAL HEALTH DESIGNATED AGENCY (Washington County), by general knowledge. Classifier said NONPROFIT_CBO/LOW.",LOW,,Regionalization,Budget Period 1,NON_HOSPITAL,No,NOT_HOSPITAL,,"§10.2 NON_HOSPITAL: the named recipient is not a hospital (§0.3a -- judged on the recipient, not the activity), and the source does not mention hospitals anywhere in the funded work. Determined form: COMMUNITY MENTAL HEALTH DESIGNATED AGENCY (Washington County), by general knowledge.","EXACT, as printed on AHS's list; the 146 rows sum to the table's own total ($109,295,193.50) to the cent.",GENERAL_KNOWLEDGE,,2026-09-25,data/evidence/recheck/2026-09-28/VT/vt_year1_awards.html,52
VT,53,"Bailit Health Purchasing, LLC.",1430829,VENDOR_OR_CONTRACTOR,No,"Executed agreement, Regionalization: Development of a statewide health care delivery strategic plan. Vermont's list is 'partial and ongoing'.",Yes,Yes,FY2026 (Year 1),"RHT Year 1 Awards and Contracts -- Updated as of September 25, 2026",https://healthcarereform.vermont.gov/rht-year-1-executed-agreements-and-contracts,NOTICE_OF_AWARD,DIRECT_TEXT,R/03at_vt_year1_awardees.R,,,,,Regionalization,Development of a statewide health care delivery strategic plan,"Bailit Health Purchasing, LLC.",,,TYPED (session 54/73): Health-policy consultancy contracted by the State. Classifier said NONPROFIT_CBO/LOW.,LOW,,Regionalization,Budget Period 1,NON_HOSPITAL,No,NOT_HOSPITAL,,"§10.2 NON_HOSPITAL: the named recipient is not a hospital (§0.3a -- judged on the recipient, not the activity), and the source does not mention hospitals anywhere in the funded work.","EXACT, as printed on AHS's list; the 146 rows sum to the table's own total ($109,295,193.50) to the cent.",GENERAL_KNOWLEDGE,,2026-09-25,data/evidence/recheck/2026-09-28/VT/vt_year1_awards.html,53
VT,54,McKinsey & Co.,5100000,VENDOR_OR_CONTRACTOR,No,"Executed agreement, Regionalization: Transformation analytics and support. Vermont's list is 'partial and ongoing'.",Yes,Yes,FY2026 (Year 1),"RHT Year 1 Awards and Contracts -- Updated as of September 25, 2026",https://healthcarereform.vermont.gov/rht-year-1-executed-agreements-and-contracts,NOTICE_OF_AWARD,DIRECT_TEXT,R/03at_vt_year1_awardees.R,,,,,Regionalization,Transformation analytics and support,McKinsey & Co.,,,TYPED (session 54/73): Management consultancy contracted by the State. Classifier said NONPROFIT_CBO/LOW.,LOW,,Regionalization,Budget Period 1,NON_HOSPITAL,No,NOT_HOSPITAL,,"§10.2 NON_HOSPITAL: the named recipient is not a hospital (§0.3a -- judged on the recipient, not the activity), and the source does not mention hospitals anywhere in the funded work.","EXACT, as printed on AHS's list; the 146 rows sum to the table's own total ($109,295,193.50) to the cent.",GENERAL_KNOWLEDGE,,2026-09-25,data/evidence/recheck/2026-09-28/VT/vt_year1_awards.html,54
VT,55,"Five-Town Health Alliance Inc DBA Mountain Community Health, Inc.",109192.5,FQHC_OR_RHC,No,"Executed agreement, Shared Services: e-Consult expansion and workforce capacity building. Vermont's list is 'partial and ongoing'.",Yes,Yes,FY2026 (Year 1),"RHT Year 1 Awards and Contracts -- Updated as of September 25, 2026",https://healthcarereform.vermont.gov/rht-year-1-executed-agreements-and-contracts,NOTICE_OF_AWARD,DIRECT_TEXT,R/03at_vt_year1_awardees.R,,,,,Shared Services,e-Consult expansion and workforce capacity building,Five-Town Health Alliance Inc,"Mountain Community Health, Inc.",VT,"TYPED (session 54/73): CMS FQHC Enrollment: FIVE-TOWN HEALTH ALLIANCE, INC dba MOUNTAIN HEALTH CENTER, CCN 471846. Classifier said NONPROFIT_CBO/LOW.",MEDIUM,,Shared Services,Budget Period 1,NON_HOSPITAL,No,NOT_HOSPITAL,,"§10.2 NON_HOSPITAL: the named recipient is not a hospital (§0.3a -- judged on the recipient, not the activity), and the source does not mention hospitals anywhere in the funded work.","EXACT, as printed on AHS's list; the 146 rows sum to the table's own total ($109,295,193.50) to the cent.",ORG_WEBSITE,,2026-09-25,data/evidence/recheck/2026-09-28/VT/vt_year1_awards.html,55
VT,56,Mary Hitchcock Memorial Hospital,4283851,HOSPITAL_OR_SYSTEM,Yes,"Executed agreement, Shared Services: e-Consult expansion and workforce capacity building. Vermont's list is 'partial and ongoing'.",Yes,Yes,FY2026 (Year 1),"RHT Year 1 Awards and Contracts -- Updated as of September 25, 2026",https://healthcarereform.vermont.gov/rht-year-1-executed-agreements-and-contracts,NOTICE_OF_AWARD,DIRECT_TEXT,R/03at_vt_year1_awardees.R,,,,,Shared Services,e-Consult expansion and workforce capacity building,Mary Hitchcock Memorial Hospital *,,NH,"TYPED (session 54/73): CMS Hospital Enrollment: MARY HITCHCOCK MEMORIAL HOSPITAL, CCN 300003, LEBANON NH. OUT-OF-STATE FACILITY, counted under Vermont by owner decision (session 54): the page stars it, '*RHT funding is specific to services and activities benefiting Vermont patients'. Classifier said HOSPITAL_OR_SYSTEM/HIGH.",HIGH,,Shared Services,Budget Period 1,DIRECT,Yes,NAMED_HOSPITAL,,"§10.2 DIRECT: the recipient is a hospital (CMS Hospital Enrollment: MARY HITCHCOCK MEMORIAL HOSPITAL, CCN 300003, LEBANON NH. OUT-OF-STATE FACILITY, counted under Vermont by owner decision (session 54): the page stars it, '*RHT funding is specific to services and activities benefiting Vermont patients'.) and AHS lists the agreement as EXECUTED. §0.3a judges the recipient, not the activity.","EXACT, as printed on AHS's list; the 146 rows sum to the table's own total ($109,295,193.50) to the cent.",ORG_WEBSITE,,2026-09-25,data/evidence/recheck/2026-09-28/VT/vt_year1_awards.html,56
VT,57,Richford Health Center Inc DBA Northern Tier Center for Health (NOTCH),34207.62,FQHC_OR_RHC,No,"Executed agreement, Shared Services: e-Consult expansion and workforce capacity building. Vermont's list is 'partial and ongoing'.",Yes,Yes,FY2026 (Year 1),"RHT Year 1 Awards and Contracts -- Updated as of September 25, 2026",https://healthcarereform.vermont.gov/rht-year-1-executed-agreements-and-contracts,NOTICE_OF_AWARD,DIRECT_TEXT,R/03at_vt_year1_awardees.R,,,,,Shared Services,e-Consult expansion and workforce capacity building,Richford Health Center Inc,Northern Tier Center for Health (NOTCH),VT,"TYPED (session 54/73): CMS FQHC Enrollment: THE RICHFORD HEALTH CENTER, INC. Classifier said NONPROFIT_CBO/LOW.",MEDIUM,,Shared Services,Budget Period 1,NON_HOSPITAL,No,NOT_HOSPITAL,,"§10.2 NON_HOSPITAL: the named recipient is not a hospital (§0.3a -- judged on the recipient, not the activity), and the source does not mention hospitals anywhere in the funded work.","EXACT, as printed on AHS's list; the 146 rows sum to the table's own total ($109,295,193.50) to the cent.",ORG_WEBSITE,,2026-09-25,data/evidence/recheck/2026-09-28/VT/vt_year1_awards.html,57
VT,58,Central Vermont Home Health & Hospice,215953.68,OTHER,No,"Executed agreement, Shared Services: Grants to providers to adopt Remote Patient Monitoring (RPM) equipment. Vermont's list is 'partial and ongoing'.",Yes,Yes,FY2026 (Year 1),"RHT Year 1 Awards and Contracts -- Updated as of September 25, 2026",https://healthcarereform.vermont.gov/rht-year-1-executed-agreements-and-contracts,NOTICE_OF_AWARD,DIRECT_TEXT,R/03at_vt_year1_awardees.R,,,,,Shared Services,Grants to providers to adopt Remote Patient Monitoring (RPM) equipment,Central Vermont Home Health & Hospice,,VT,"TYPED (session 54/73): HOME HEALTH AGENCY. CMS HHA Enrollment: CENTRAL VERMONT HOME HEALTH & HOSPICE, INC, CCN 477003. Classifier said NONPROFIT_CBO/LOW.",MEDIUM,,Shared Services,Budget Period 1,NON_HOSPITAL,No,NOT_HOSPITAL,,"§10.2 NON_HOSPITAL: the named recipient is not a hospital (§0.3a -- judged on the recipient, not the activity), and the source does not mention hospitals anywhere in the funded work. Determined form: HOME HEALTH AGENCY. CMS HHA Enrollment: CENTRAL VERMONT HOME HEALTH & HOSPICE, INC, CCN 477003.","EXACT, as printed on AHS's list; the 146 rows sum to the table's own total ($109,295,193.50) to the cent.",ORG_WEBSITE,,2026-09-25,data/evidence/recheck/2026-09-28/VT/vt_year1_awards.html,58
VT,59,CLR Opco,56300,OTHER,No,"Executed agreement, Shared Services: Grants to providers to adopt Remote Patient Monitoring (RPM) equipment. Vermont's list is 'partial and ongoing'.",Yes,Yes,FY2026 (Year 1),"RHT Year 1 Awards and Contracts -- Updated as of September 25, 2026",https://healthcarereform.vermont.gov/rht-year-1-executed-agreements-and-contracts,NOTICE_OF_AWARD,DIRECT_TEXT,R/03at_vt_year1_awardees.R,,,,,Shared Services,Grants to providers to adopt Remote Patient Monitoring (RPM) equipment,CLR Opco,,VT,"TYPED (session 54/73): NURSING FACILITY. CMS SNF Enrollment: CLR OPCO LLC dba CENTER FOR LIVING & REHABILITATION, Bennington, CCN 475029. Classifier said NONPROFIT_CBO/LOW.",MEDIUM,,Shared Services,Budget Period 1,NON_HOSPITAL,No,NOT_HOSPITAL,,"§10.2 NON_HOSPITAL: the named recipient is not a hospital (§0.3a -- judged on the recipient, not the activity), and the source does not mention hospitals anywhere in the funded work. Determined form: NURSING FACILITY. CMS SNF Enrollment: CLR OPCO LLC dba CENTER FOR LIVING & REHABILITATION, Bennington, CCN 475029.","EXACT, as printed on AHS's list; the 146 rows sum to the table's own total ($109,295,193.50) to the cent.",ORG_WEBSITE,,2026-09-25,data/evidence/recheck/2026-09-28/VT/vt_year1_awards.html,59
VT,60,Community Health Centers of the Rutland Region,283395.91,FQHC_OR_RHC,No,"Executed agreement, Shared Services: Grants to providers to adopt Remote Patient Monitoring (RPM) equipment. Vermont's list is 'partial and ongoing'.",Yes,Yes,FY2026 (Year 1),"RHT Year 1 Awards and Contracts -- Updated as of September 25, 2026",https://healthcarereform.vermont.gov/rht-year-1-executed-agreements-and-contracts,NOTICE_OF_AWARD,DIRECT_TEXT,R/03at_vt_year1_awardees.R,,,,,Shared Services,Grants to providers to adopt Remote Patient Monitoring (RPM) equipment,Community Health Centers of the Rutland Region,,VT,TYPED (session 54/73): CMS FQHC Enrollment: COMMUNITY HEALTH CENTERS OF THE RUTLAND REGION INC. Classifier said FQHC_OR_RHC/MEDIUM.,MEDIUM,,Shared Services,Budget Period 1,NON_HOSPITAL,No,NOT_HOSPITAL,,"§10.2 NON_HOSPITAL: the named recipient is not a hospital (§0.3a -- judged on the recipient, not the activity), and the source does not mention hospitals anywhere in the funded work.","EXACT, as printed on AHS's list; the 146 rows sum to the table's own total ($109,295,193.50) to the cent.",ORG_WEBSITE,,2026-09-25,data/evidence/recheck/2026-09-28/VT/vt_year1_awards.html,60
VT,61,"Dartmouth Health Home Care, Inc.",179160.08,OTHER,No,"Executed agreement, Shared Services: Grants to providers to adopt Remote Patient Monitoring (RPM) equipment. Vermont's list is 'partial and ongoing'.",Yes,Yes,FY2026 (Year 1),"RHT Year 1 Awards and Contracts -- Updated as of September 25, 2026",https://healthcarereform.vermont.gov/rht-year-1-executed-agreements-and-contracts,NOTICE_OF_AWARD,DIRECT_TEXT,R/03at_vt_year1_awardees.R,,,,,Shared Services,Grants to providers to adopt Remote Patient Monitoring (RPM) equipment,"Dartmouth Health Home Care, Inc. *",,NH,"TYPED (session 54/73): HOME HEALTH AGENCY, by general knowledge (Dartmouth Health's home-care arm, New Hampshire-based; starred on the page as funding for Vermont patients). Not in CMS's VT HHA file under this name -- LOW. Classifier said NONPROFIT_CBO/LOW.",LOW,,Shared Services,Budget Period 1,NON_HOSPITAL,No,NOT_HOSPITAL,,"§10.2 NON_HOSPITAL: the named recipient is not a hospital (§0.3a -- judged on the recipient, not the activity), and the source does not mention hospitals anywhere in the funded work. Determined form: HOME HEALTH AGENCY, by general knowledge (Dartmouth Health's home-care arm, New Hampshire-based; starred on the page as funding for Vermont patients). Not in CMS's VT HHA file under this name -- LOW.","EXACT, as printed on AHS's list; the 146 rows sum to the table's own total ($109,295,193.50) to the cent.",GENERAL_KNOWLEDGE,,2026-09-25,data/evidence/recheck/2026-09-28/VT/vt_year1_awards.html,61
VT,62,Northeastern Vermont Regional Hospital Inc,143375.56,HOSPITAL_OR_SYSTEM,Yes,"Executed agreement, Shared Services: Grants to providers to adopt Remote Patient Monitoring (RPM) equipment. Vermont's list is 'partial and ongoing'.",Yes,Yes,FY2026 (Year 1),"RHT Year 1 Awards and Contracts -- Updated as of September 25, 2026",https://healthcarereform.vermont.gov/rht-year-1-executed-agreements-and-contracts,NOTICE_OF_AWARD,DIRECT_TEXT,R/03at_vt_year1_awardees.R,,,,,Shared Services,Grants to providers to adopt Remote Patient Monitoring (RPM) equipment,Northeastern Vermont Regional Hospital Inc,,VT,"TYPED (session 54/73): CMS Hospital Enrollment: NORTHEASTERN VERMONT REGIONAL HOSPITAL INC, CCN 471303 (CAH). Classifier said HOSPITAL_OR_SYSTEM/HIGH.",HIGH,,Shared Services,Budget Period 1,DIRECT,Yes,NAMED_HOSPITAL,,"§10.2 DIRECT: the recipient is a hospital (CMS Hospital Enrollment: NORTHEASTERN VERMONT REGIONAL HOSPITAL INC, CCN 471303 (CAH).) and AHS lists the agreement as EXECUTED. §0.3a judges the recipient, not the activity.","EXACT, as printed on AHS's list; the 146 rows sum to the table's own total ($109,295,193.50) to the cent.",ORG_WEBSITE,,2026-09-25,data/evidence/recheck/2026-09-28/VT/vt_year1_awards.html,62
VT,63,Northern Counties Health Care,82871,FQHC_OR_RHC,No,"Executed agreement, Shared Services: Grants to providers to adopt Remote Patient Monitoring (RPM) equipment. Vermont's list is 'partial and ongoing'.",Yes,Yes,FY2026 (Year 1),"RHT Year 1 Awards and Contracts -- Updated as of September 25, 2026",https://healthcarereform.vermont.gov/rht-year-1-executed-agreements-and-contracts,NOTICE_OF_AWARD,DIRECT_TEXT,R/03at_vt_year1_awardees.R,,,,,Shared Services,Grants to providers to adopt Remote Patient Monitoring (RPM) equipment,Northern Counties Health Care,,VT,TYPED (session 54/73): CMS FQHC Enrollment: NORTHERN COUNTIES HEALTH CARE INC (St. Johnsbury Community Health Center and others). Classifier said NONPROFIT_CBO/LOW.,MEDIUM,,Shared Services,Budget Period 1,NON_HOSPITAL,No,NOT_HOSPITAL,,"§10.2 NON_HOSPITAL: the named recipient is not a hospital (§0.3a -- judged on the recipient, not the activity), and the source does not mention hospitals anywhere in the funded work.","EXACT, as printed on AHS's list; the 146 rows sum to the table's own total ($109,295,193.50) to the cent.",ORG_WEBSITE,,2026-09-25,data/evidence/recheck/2026-09-28/VT/vt_year1_awards.html,63
VT,64,Richford Health Center Inc DBA Northern Tier Center for Health (NOTCH),109465.19,FQHC_OR_RHC,No,"Executed agreement, Shared Services: Grants to providers to adopt Remote Patient Monitoring (RPM) equipment. Vermont's list is 'partial and ongoing'.",Yes,Yes,FY2026 (Year 1),"RHT Year 1 Awards and Contracts -- Updated as of September 25, 2026",https://healthcarereform.vermont.gov/rht-year-1-executed-agreements-and-contracts,NOTICE_OF_AWARD,DIRECT_TEXT,R/03at_vt_year1_awardees.R,,,,,Shared Services,Grants to providers to adopt Remote Patient Monitoring (RPM) equipment,Richford Health Center Inc,Northern Tier Center for Health (NOTCH),VT,"TYPED (session 54/73): CMS FQHC Enrollment: THE RICHFORD HEALTH CENTER, INC. Classifier said NONPROFIT_CBO/LOW.",MEDIUM,,Shared Services,Budget Period 1,NON_HOSPITAL,No,NOT_HOSPITAL,,"§10.2 NON_HOSPITAL: the named recipient is not a hospital (§0.3a -- judged on the recipient, not the activity), and the source does not mention hospitals anywhere in the funded work.","EXACT, as printed on AHS's list; the 146 rows sum to the table's own total ($109,295,193.50) to the cent.",ORG_WEBSITE,,2026-09-25,data/evidence/recheck/2026-09-28/VT/vt_year1_awards.html,64
VT,65,Rutland Center for Living and Rehabilitation,56300,OTHER,No,"Executed agreement, Shared Services: Grants to providers to adopt Remote Patient Monitoring (RPM) equipment. Vermont's list is 'partial and ongoing'.",Yes,Yes,FY2026 (Year 1),"RHT Year 1 Awards and Contracts -- Updated as of September 25, 2026",https://healthcarereform.vermont.gov/rht-year-1-executed-agreements-and-contracts,NOTICE_OF_AWARD,DIRECT_TEXT,R/03at_vt_year1_awardees.R,,,,,Shared Services,Grants to providers to adopt Remote Patient Monitoring (RPM) equipment,Rutland Center for Living and Rehabilitation,,VT,"TYPED (session 54/73): NURSING FACILITY. CMS SNF Enrollment carries this string as the DBA of 46 NICHOLS STREET OPCO LLC, CCN 475039. Classifier said NONPROFIT_CBO/LOW.",MEDIUM,,Shared Services,Budget Period 1,NON_HOSPITAL,No,NOT_HOSPITAL,,"§10.2 NON_HOSPITAL: the named recipient is not a hospital (§0.3a -- judged on the recipient, not the activity), and the source does not mention hospitals anywhere in the funded work. Determined form: NURSING FACILITY. CMS SNF Enrollment carries this string as the DBA of 46 NICHOLS STREET OPCO LLC, CCN 475039.","EXACT, as printed on AHS's list; the 146 rows sum to the table's own total ($109,295,193.50) to the cent.",ORG_WEBSITE,,2026-09-25,data/evidence/recheck/2026-09-28/VT/vt_year1_awards.html,65
VT,66,THE UNIVERSITY OF VERMONT HEALTH NETWORK INC.,266288.34,HOSPITAL_OR_SYSTEM,Yes,"Executed agreement, Shared Services: Grants to providers to adopt Remote Patient Monitoring (RPM) equipment. Vermont's list is 'partial and ongoing'.",Yes,Yes,FY2026 (Year 1),"RHT Year 1 Awards and Contracts -- Updated as of September 25, 2026",https://healthcarereform.vermont.gov/rht-year-1-executed-agreements-and-contracts,NOTICE_OF_AWARD,DIRECT_TEXT,R/03at_vt_year1_awardees.R,,,,,Shared Services,Grants to providers to adopt Remote Patient Monitoring (RPM) equipment,THE UNIVERSITY OF VERMONT HEALTH NETWORK INC.,,VT,"TYPED (session 54/73): GENERAL KNOWLEDGE, NOT A FEDERAL RECORD: the parent health system of UVM Medical Center (CMS-certified 470003) and Central Vermont Medical Center (CMS-certified 470001); it is not itself an enrolled provider, so no CCN is recorded for it. The shared classifier's UNIVERSITY_OR_AHC reads the word 'University' and is wrong about this body. Priced at LOW so a reader can subtract it. Classifier said UNIVERSITY_OR_AHC/HIGH.",LOW,,Shared Services,Budget Period 1,DIRECT,Yes,NAMED_HOSPITAL,,"§10.2 DIRECT: the recipient is a hospital (GENERAL KNOWLEDGE, NOT A FEDERAL RECORD: the parent health system of UVM Medical Center (CMS-certified 470003) and Central Vermont Medical Center (CMS-certified 470001); it is not itself an enrolled provider, so no CCN is recorded for it. The shared classifier's UNIVERSITY_OR_AHC reads the word 'University' and is wrong about this body. Priced at LOW so a reader can subtract it.) and AHS lists the agreement as EXECUTED. §0.3a judges the recipient, not the activity.","EXACT, as printed on AHS's list; the 146 rows sum to the table's own total ($109,295,193.50) to the cent.",GENERAL_KNOWLEDGE,,2026-09-25,data/evidence/recheck/2026-09-28/VT/vt_year1_awards.html,66
VT,67,"VNA & Hospice of the Southwest Region, Inc.",431120.88,OTHER,No,"Executed agreement, Shared Services: Grants to providers to adopt Remote Patient Monitoring (RPM) equipment. Vermont's list is 'partial and ongoing'.",Yes,Yes,FY2026 (Year 1),"RHT Year 1 Awards and Contracts -- Updated as of September 25, 2026",https://healthcarereform.vermont.gov/rht-year-1-executed-agreements-and-contracts,NOTICE_OF_AWARD,DIRECT_TEXT,R/03at_vt_year1_awardees.R,,,,,Shared Services,Grants to providers to adopt Remote Patient Monitoring (RPM) equipment,"VNA & Hospice of the Southwest Region, Inc.",,VT,"TYPED (session 54/73): HOME HEALTH AGENCY. CMS HHA Enrollment: VNA & HOSPICE OF THE SOUTHWEST REGION, INC., CCN 477007. Classifier said NONPROFIT_CBO/LOW.",MEDIUM,,Shared Services,Budget Period 1,NON_HOSPITAL,No,NOT_HOSPITAL,,"§10.2 NON_HOSPITAL: the named recipient is not a hospital (§0.3a -- judged on the recipient, not the activity), and the source does not mention hospitals anywhere in the funded work. Determined form: HOME HEALTH AGENCY. CMS HHA Enrollment: VNA & HOSPICE OF THE SOUTHWEST REGION, INC., CCN 477007.","EXACT, as printed on AHS's list; the 146 rows sum to the table's own total ($109,295,193.50) to the cent.",ORG_WEBSITE,,2026-09-25,data/evidence/recheck/2026-09-28/VT/vt_year1_awards.html,67
VT,68,105 Chester Road Opco LLC DBA Springfield Center for Living and Rehabilitation,63760,OTHER,No,"Executed agreement, Shared Services: Grant funds to providers to adopt telehealth technology. Vermont's list is 'partial and ongoing'.",Yes,Yes,FY2026 (Year 1),"RHT Year 1 Awards and Contracts -- Updated as of September 25, 2026",https://healthcarereform.vermont.gov/rht-year-1-executed-agreements-and-contracts,NOTICE_OF_AWARD,DIRECT_TEXT,R/03at_vt_year1_awardees.R,,,,,Shared Services,Grant funds to providers to adopt telehealth technology,105 Chester Road Opco LLC,Springfield Center for Living and Rehabilitation,VT,"TYPED (session 54/73): NURSING FACILITY. CMS SNF Enrollment: 105 CHESTER ROAD OPCO LLC dba SPRINGFIELD CENTER FOR LIVING AND REHABILITATION, CCN 475025B. Classifier said NONPROFIT_CBO/LOW.",MEDIUM,,Shared Services,Budget Period 1,NON_HOSPITAL,No,NOT_HOSPITAL,,"§10.2 NON_HOSPITAL: the named recipient is not a hospital (§0.3a -- judged on the recipient, not the activity), and the source does not mention hospitals anywhere in the funded work. Determined form: NURSING FACILITY. CMS SNF Enrollment: 105 CHESTER ROAD OPCO LLC dba SPRINGFIELD CENTER FOR LIVING AND REHABILITATION, CCN 475025B.","EXACT, as printed on AHS's list; the 146 rows sum to the table's own total ($109,295,193.50) to the cent.",ORG_WEBSITE,,2026-09-25,data/evidence/recheck/2026-09-28/VT/vt_year1_awards.html,68
VT,69,1248 Hospital Drive Opco LLC DBA St. Johnsbury Center for Living and Rehabilitation,63760,OTHER,No,"Executed agreement, Shared Services: Grant funds to providers to adopt telehealth technology. Vermont's list is 'partial and ongoing'.",Yes,Yes,FY2026 (Year 1),"RHT Year 1 Awards and Contracts -- Updated as of September 25, 2026",https://healthcarereform.vermont.gov/rht-year-1-executed-agreements-and-contracts,NOTICE_OF_AWARD,DIRECT_TEXT,R/03at_vt_year1_awardees.R,,,,,Shared Services,Grant funds to providers to adopt telehealth technology,1248 Hospital Drive Opco LLC,St. Johnsbury Center for Living and Rehabilitation,VT,"TYPED (session 54/73): NURSING FACILITY. CMS SNF Enrollment: 1248 HOSPITAL DRIVE OPCO LLC dba ST JOHNSBURY CENTER FOR LIVING AND REHABILITATION, CCN 475019B. 'Hospital' is the STREET in the LLC's name; §8's name rule returns HOSPITAL_OR_SYSTEM at HIGH and is wrong. Classifier said HOSPITAL_OR_SYSTEM/HIGH.",MEDIUM,,Shared Services,Budget Period 1,NON_HOSPITAL,No,NOT_HOSPITAL,,"§10.2 NON_HOSPITAL: the named recipient is not a hospital (§0.3a -- judged on the recipient, not the activity), and the source does not mention hospitals anywhere in the funded work. Determined form: NURSING FACILITY. CMS SNF Enrollment: 1248 HOSPITAL DRIVE OPCO LLC dba ST JOHNSBURY CENTER FOR LIVING AND REHABILITATION, CCN 475019B. 'Hospital' is the STREET in the LLC's name; §8's name rule returns HOSPITAL_OR_SYSTEM at HIGH and is wrong.","EXACT, as printed on AHS's list; the 146 rows sum to the table's own total ($109,295,193.50) to the cent.",ORG_WEBSITE,,2026-09-25,data/evidence/recheck/2026-09-28/VT/vt_year1_awards.html,69
VT,70,46 NICHOLS STREET OPCO LLC DBA Rutland Center for Living and Rehabilitation,63760,OTHER,No,"Executed agreement, Shared Services: Grant funds to providers to adopt telehealth technology. Vermont's list is 'partial and ongoing'.",Yes,Yes,FY2026 (Year 1),"RHT Year 1 Awards and Contracts -- Updated as of September 25, 2026",https://healthcarereform.vermont.gov/rht-year-1-executed-agreements-and-contracts,NOTICE_OF_AWARD,DIRECT_TEXT,R/03at_vt_year1_awardees.R,,,,,Shared Services,Grant funds to providers to adopt telehealth technology,46 NICHOLS STREET OPCO LLC,Rutland Center for Living and Rehabilitation,VT,"TYPED (session 54/73): NURSING FACILITY. CMS SNF Enrollment: 46 NICHOLS STREET OPCO LLC dba RUTLAND CENTER FOR LIVING AND REHABILITATION, CCN 475039. Classifier said NONPROFIT_CBO/LOW.",MEDIUM,,Shared Services,Budget Period 1,NON_HOSPITAL,No,NOT_HOSPITAL,,"§10.2 NON_HOSPITAL: the named recipient is not a hospital (§0.3a -- judged on the recipient, not the activity), and the source does not mention hospitals anywhere in the funded work. Determined form: NURSING FACILITY. CMS SNF Enrollment: 46 NICHOLS STREET OPCO LLC dba RUTLAND CENTER FOR LIVING AND REHABILITATION, CCN 475039.","EXACT, as printed on AHS's list; the 146 rows sum to the table's own total ($109,295,193.50) to the cent.",ORG_WEBSITE,,2026-09-25,data/evidence/recheck/2026-09-28/VT/vt_year1_awards.html,70
VT,71,Brattleboro Memorial Hospital,371775,HOSPITAL_OR_SYSTEM,Yes,"Executed agreement, Shared Services: Grant funds to providers to adopt telehealth technology. Vermont's list is 'partial and ongoing'.",Yes,Yes,FY2026 (Year 1),"RHT Year 1 Awards and Contracts -- Updated as of September 25, 2026",https://healthcarereform.vermont.gov/rht-year-1-executed-agreements-and-contracts,NOTICE_OF_AWARD,DIRECT_TEXT,R/03at_vt_year1_awardees.R,,,,,Shared Services,Grant funds to providers to adopt telehealth technology,Brattleboro Memorial Hospital,,VT,"TYPED (session 54/73): CMS Hospital Enrollment: BRATTLEBORO MEMORIAL HOSPITAL, CCN 470011. Classifier said HOSPITAL_OR_SYSTEM/HIGH.",HIGH,,Shared Services,Budget Period 1,DIRECT,Yes,NAMED_HOSPITAL,,"§10.2 DIRECT: the recipient is a hospital (CMS Hospital Enrollment: BRATTLEBORO MEMORIAL HOSPITAL, CCN 470011.) and AHS lists the agreement as EXECUTED. §0.3a judges the recipient, not the activity.","EXACT, as printed on AHS's list; the 146 rows sum to the table's own total ($109,295,193.50) to the cent.",ORG_WEBSITE,,2026-09-25,data/evidence/recheck/2026-09-28/VT/vt_year1_awards.html,71
VT,72,CLR Opco,63760,OTHER,No,"Executed agreement, Shared Services: Grant funds to providers to adopt telehealth technology. Vermont's list is 'partial and ongoing'.",Yes,Yes,FY2026 (Year 1),"RHT Year 1 Awards and Contracts -- Updated as of September 25, 2026",https://healthcarereform.vermont.gov/rht-year-1-executed-agreements-and-contracts,NOTICE_OF_AWARD,DIRECT_TEXT,R/03at_vt_year1_awardees.R,,,,,Shared Services,Grant funds to providers to adopt telehealth technology,CLR Opco,,VT,"TYPED (session 54/73): NURSING FACILITY. CMS SNF Enrollment: CLR OPCO LLC dba CENTER FOR LIVING & REHABILITATION, Bennington, CCN 475029. Classifier said NONPROFIT_CBO/LOW.",MEDIUM,,Shared Services,Budget Period 1,NON_HOSPITAL,No,NOT_HOSPITAL,,"§10.2 NON_HOSPITAL: the named recipient is not a hospital (§0.3a -- judged on the recipient, not the activity), and the source does not mention hospitals anywhere in the funded work. Determined form: NURSING FACILITY. CMS SNF Enrollment: CLR OPCO LLC dba CENTER FOR LIVING & REHABILITATION, Bennington, CCN 475029.","EXACT, as printed on AHS's list; the 146 rows sum to the table's own total ($109,295,193.50) to the cent.",ORG_WEBSITE,,2026-09-25,data/evidence/recheck/2026-09-28/VT/vt_year1_awards.html,72
VT,73,Community Health Centers of the Rutland Region,134358.14,FQHC_OR_RHC,No,"Executed agreement, Shared Services: Grant funds to providers to adopt telehealth technology. Vermont's list is 'partial and ongoing'.",Yes,Yes,FY2026 (Year 1),"RHT Year 1 Awards and Contracts -- Updated as of September 25, 2026",https://healthcarereform.vermont.gov/rht-year-1-executed-agreements-and-contracts,NOTICE_OF_AWARD,DIRECT_TEXT,R/03at_vt_year1_awardees.R,,,,,Shared Services,Grant funds to providers to adopt telehealth technology,Community Health Centers of the Rutland Region,,VT,TYPED (session 54/73): CMS FQHC Enrollment: COMMUNITY HEALTH CENTERS OF THE RUTLAND REGION INC. Classifier said FQHC_OR_RHC/MEDIUM.,MEDIUM,,Shared Services,Budget Period 1,NON_HOSPITAL,No,NOT_HOSPITAL,,"§10.2 NON_HOSPITAL: the named recipient is not a hospital (§0.3a -- judged on the recipient, not the activity), and the source does not mention hospitals anywhere in the funded work.","EXACT, as printed on AHS's list; the 146 rows sum to the table's own total ($109,295,193.50) to the cent.",ORG_WEBSITE,,2026-09-25,data/evidence/recheck/2026-09-28/VT/vt_year1_awards.html,73
VT,74,Mary Hitchcock Memorial Hospital,3933283.8,HOSPITAL_OR_SYSTEM,Yes,"Executed agreement, Shared Services: Grant funds to providers to adopt telehealth technology. Vermont's list is 'partial and ongoing'.",Yes,Yes,FY2026 (Year 1),"RHT Year 1 Awards and Contracts -- Updated as of September 25, 2026",https://healthcarereform.vermont.gov/rht-year-1-executed-agreements-and-contracts,NOTICE_OF_AWARD,DIRECT_TEXT,R/03at_vt_year1_awardees.R,,,,,Shared Services,Grant funds to providers to adopt telehealth technology,Mary Hitchcock Memorial Hospital *,,NH,"TYPED (session 54/73): CMS Hospital Enrollment: MARY HITCHCOCK MEMORIAL HOSPITAL, CCN 300003, LEBANON NH. OUT-OF-STATE FACILITY, counted under Vermont by owner decision (session 54): the page stars it, '*RHT funding is specific to services and activities benefiting Vermont patients'. Classifier said HOSPITAL_OR_SYSTEM/HIGH.",HIGH,,Shared Services,Budget Period 1,DIRECT,Yes,NAMED_HOSPITAL,,"§10.2 DIRECT: the recipient is a hospital (CMS Hospital Enrollment: MARY HITCHCOCK MEMORIAL HOSPITAL, CCN 300003, LEBANON NH. OUT-OF-STATE FACILITY, counted under Vermont by owner decision (session 54): the page stars it, '*RHT funding is specific to services and activities benefiting Vermont patients'.) and AHS lists the agreement as EXECUTED. §0.3a judges the recipient, not the activity.","EXACT, as printed on AHS's list; the 146 rows sum to the table's own total ($109,295,193.50) to the cent.",ORG_WEBSITE,,2026-09-25,data/evidence/recheck/2026-09-28/VT/vt_year1_awards.html,74
VT,75,North Country Hospital & Health Center,905147.28,HOSPITAL_OR_SYSTEM,Yes,"Executed agreement, Shared Services: Grant funds to providers to adopt telehealth technology. Vermont's list is 'partial and ongoing'.",Yes,Yes,FY2026 (Year 1),"RHT Year 1 Awards and Contracts -- Updated as of September 25, 2026",https://healthcarereform.vermont.gov/rht-year-1-executed-agreements-and-contracts,NOTICE_OF_AWARD,DIRECT_TEXT,R/03at_vt_year1_awardees.R,,,,,Shared Services,Grant funds to providers to adopt telehealth technology,North Country Hospital & Health Center,,VT,"TYPED (session 54/73): CMS Hospital Enrollment: NORTH COUNTRY HOSPITAL & HEALTH CENTER INC, CCN 471304 (CAH). Classifier said HOSPITAL_OR_SYSTEM/HIGH.",HIGH,,Shared Services,Budget Period 1,DIRECT,Yes,NAMED_HOSPITAL,,"§10.2 DIRECT: the recipient is a hospital (CMS Hospital Enrollment: NORTH COUNTRY HOSPITAL & HEALTH CENTER INC, CCN 471304 (CAH).) and AHS lists the agreement as EXECUTED. §0.3a judges the recipient, not the activity.","EXACT, as printed on AHS's list; the 146 rows sum to the table's own total ($109,295,193.50) to the cent.",ORG_WEBSITE,,2026-09-25,data/evidence/recheck/2026-09-28/VT/vt_year1_awards.html,75
VT,76,Northeastern Vermont Regional Hospital Inc,1278318.88,HOSPITAL_OR_SYSTEM,Yes,"Executed agreement, Shared Services: Grant funds to providers to adopt telehealth technology. Vermont's list is 'partial and ongoing'.",Yes,Yes,FY2026 (Year 1),"RHT Year 1 Awards and Contracts -- Updated as of September 25, 2026",https://healthcarereform.vermont.gov/rht-year-1-executed-agreements-and-contracts,NOTICE_OF_AWARD,DIRECT_TEXT,R/03at_vt_year1_awardees.R,,,,,Shared Services,Grant funds to providers to adopt telehealth technology,Northeastern Vermont Regional Hospital Inc,,VT,"TYPED (session 54/73): CMS Hospital Enrollment: NORTHEASTERN VERMONT REGIONAL HOSPITAL INC, CCN 471303 (CAH). Classifier said HOSPITAL_OR_SYSTEM/HIGH.",HIGH,,Shared Services,Budget Period 1,DIRECT,Yes,NAMED_HOSPITAL,,"§10.2 DIRECT: the recipient is a hospital (CMS Hospital Enrollment: NORTHEASTERN VERMONT REGIONAL HOSPITAL INC, CCN 471303 (CAH).) and AHS lists the agreement as EXECUTED. §0.3a judges the recipient, not the activity.","EXACT, as printed on AHS's list; the 146 rows sum to the table's own total ($109,295,193.50) to the cent.",ORG_WEBSITE,,2026-09-25,data/evidence/recheck/2026-09-28/VT/vt_year1_awards.html,76
VT,77,Northern Counties Health Care,153824,FQHC_OR_RHC,No,"Executed agreement, Shared Services: Grant funds to providers to adopt telehealth technology. Vermont's list is 'partial and ongoing'.",Yes,Yes,FY2026 (Year 1),"RHT Year 1 Awards and Contracts -- Updated as of September 25, 2026",https://healthcarereform.vermont.gov/rht-year-1-executed-agreements-and-contracts,NOTICE_OF_AWARD,DIRECT_TEXT,R/03at_vt_year1_awardees.R,,,,,Shared Services,Grant funds to providers to adopt telehealth technology,Northern Counties Health Care,,VT,TYPED (session 54/73): CMS FQHC Enrollment: NORTHERN COUNTIES HEALTH CARE INC (St. Johnsbury Community Health Center and others). Classifier said NONPROFIT_CBO/LOW.,MEDIUM,,Shared Services,Budget Period 1,NON_HOSPITAL,No,NOT_HOSPITAL,,"§10.2 NON_HOSPITAL: the named recipient is not a hospital (§0.3a -- judged on the recipient, not the activity), and the source does not mention hospitals anywhere in the funded work.","EXACT, as printed on AHS's list; the 146 rows sum to the table's own total ($109,295,193.50) to the cent.",ORG_WEBSITE,,2026-09-25,data/evidence/recheck/2026-09-28/VT/vt_year1_awards.html,77
VT,78,Richford Health Center Inc DBA Northern Tier Center for Health (NOTCH),133688.91,FQHC_OR_RHC,No,"Executed agreement, Shared Services: Grant funds to providers to adopt telehealth technology. Vermont's list is 'partial and ongoing'.",Yes,Yes,FY2026 (Year 1),"RHT Year 1 Awards and Contracts -- Updated as of September 25, 2026",https://healthcarereform.vermont.gov/rht-year-1-executed-agreements-and-contracts,NOTICE_OF_AWARD,DIRECT_TEXT,R/03at_vt_year1_awardees.R,,,,,Shared Services,Grant funds to providers to adopt telehealth technology,Richford Health Center Inc,Northern Tier Center for Health (NOTCH),VT,"TYPED (session 54/73): CMS FQHC Enrollment: THE RICHFORD HEALTH CENTER, INC. Classifier said NONPROFIT_CBO/LOW.",MEDIUM,,Shared Services,Budget Period 1,NON_HOSPITAL,No,NOT_HOSPITAL,,"§10.2 NON_HOSPITAL: the named recipient is not a hospital (§0.3a -- judged on the recipient, not the activity), and the source does not mention hospitals anywhere in the funded work.","EXACT, as printed on AHS's list; the 146 rows sum to the table's own total ($109,295,193.50) to the cent.",ORG_WEBSITE,,2026-09-25,data/evidence/recheck/2026-09-28/VT/vt_year1_awards.html,78
VT,79,Rutland Regional Medical Center,59550,HOSPITAL_OR_SYSTEM,Yes,"Executed agreement, Shared Services: Grant funds to providers to adopt telehealth technology. Vermont's list is 'partial and ongoing'.",Yes,Yes,FY2026 (Year 1),"RHT Year 1 Awards and Contracts -- Updated as of September 25, 2026",https://healthcarereform.vermont.gov/rht-year-1-executed-agreements-and-contracts,NOTICE_OF_AWARD,DIRECT_TEXT,R/03at_vt_year1_awardees.R,,,,,Shared Services,Grant funds to providers to adopt telehealth technology,Rutland Regional Medical Center,,VT,"TYPED (session 54/73): CMS Hospital Enrollment: RUTLAND HOSPITAL, INC. dba RUTLAND REGIONAL MEDICAL CENTER, CCN 470005. Classifier said HOSPITAL_OR_SYSTEM/HIGH.",HIGH,,Shared Services,Budget Period 1,DIRECT,Yes,NAMED_HOSPITAL,,"§10.2 DIRECT: the recipient is a hospital (CMS Hospital Enrollment: RUTLAND HOSPITAL, INC. dba RUTLAND REGIONAL MEDICAL CENTER, CCN 470005.) and AHS lists the agreement as EXECUTED. §0.3a judges the recipient, not the activity.","EXACT, as printed on AHS's list; the 146 rows sum to the table's own total ($109,295,193.50) to the cent.",ORG_WEBSITE,,2026-09-25,data/evidence/recheck/2026-09-28/VT/vt_year1_awards.html,79
VT,80,THE UNIVERSITY OF VERMONT HEALTH NETWORK INC.,2208396.48,HOSPITAL_OR_SYSTEM,Yes,"Executed agreement, Shared Services: Grant funds to providers to adopt telehealth technology. Vermont's list is 'partial and ongoing'.",Yes,Yes,FY2026 (Year 1),"RHT Year 1 Awards and Contracts -- Updated as of September 25, 2026",https://healthcarereform.vermont.gov/rht-year-1-executed-agreements-and-contracts,NOTICE_OF_AWARD,DIRECT_TEXT,R/03at_vt_year1_awardees.R,,,,,Shared Services,Grant funds to providers to adopt telehealth technology,THE UNIVERSITY OF VERMONT HEALTH NETWORK INC.,,VT,"TYPED (session 54/73): GENERAL KNOWLEDGE, NOT A FEDERAL RECORD: the parent health system of UVM Medical Center (CMS-certified 470003) and Central Vermont Medical Center (CMS-certified 470001); it is not itself an enrolled provider, so no CCN is recorded for it. The shared classifier's UNIVERSITY_OR_AHC reads the word 'University' and is wrong about this body. Priced at LOW so a reader can subtract it. Classifier said UNIVERSITY_OR_AHC/HIGH.",LOW,,Shared Services,Budget Period 1,DIRECT,Yes,NAMED_HOSPITAL,,"§10.2 DIRECT: the recipient is a hospital (GENERAL KNOWLEDGE, NOT A FEDERAL RECORD: the parent health system of UVM Medical Center (CMS-certified 470003) and Central Vermont Medical Center (CMS-certified 470001); it is not itself an enrolled provider, so no CCN is recorded for it. The shared classifier's UNIVERSITY_OR_AHC reads the word 'University' and is wrong about this body. Priced at LOW so a reader can subtract it.) and AHS lists the agreement as EXECUTED. §0.3a judges the recipient, not the activity.","EXACT, as printed on AHS's list; the 146 rows sum to the table's own total ($109,295,193.50) to the cent.",GENERAL_KNOWLEDGE,,2026-09-25,data/evidence/recheck/2026-09-28/VT/vt_year1_awards.html,80
VT,81,Thomas Chittenden Health Center,303710.85,PHYSICIAN_PRACTICE,No,"Executed agreement, Shared Services: Grant funds to providers to adopt telehealth technology. Vermont's list is 'partial and ongoing'.",Yes,Yes,FY2026 (Year 1),"RHT Year 1 Awards and Contracts -- Updated as of September 25, 2026",https://healthcarereform.vermont.gov/rht-year-1-executed-agreements-and-contracts,NOTICE_OF_AWARD,DIRECT_TEXT,R/03at_vt_year1_awardees.R,,,,,Shared Services,Grant funds to providers to adopt telehealth technology,Thomas Chittenden Health Center,,VT,"TYPED (session 54/73): Independent primary-care practice (Williston), by general knowledge. Classifier said NONPROFIT_CBO/LOW.",LOW,,Shared Services,Budget Period 1,NON_HOSPITAL,No,NOT_HOSPITAL,,"§10.2 NON_HOSPITAL: the named recipient is not a hospital (§0.3a -- judged on the recipient, not the activity), and the source does not mention hospitals anywhere in the funded work.","EXACT, as printed on AHS's list; the 146 rows sum to the table's own total ($109,295,193.50) to the cent.",GENERAL_KNOWLEDGE,,2026-09-25,data/evidence/recheck/2026-09-28/VT/vt_year1_awards.html,81
VT,82,Lamoille Home Health & Hospice,136760.19,OTHER,No,"Executed agreement, Shared Services: Grants to providers to adopt Artificial Intelligence (AI) transcription/scribe technology. Vermont's list is 'partial and ongoing'.",Yes,Yes,FY2026 (Year 1),"RHT Year 1 Awards and Contracts -- Updated as of September 25, 2026",https://healthcarereform.vermont.gov/rht-year-1-executed-agreements-and-contracts,NOTICE_OF_AWARD,DIRECT_TEXT,R/03at_vt_year1_awardees.R,,,,,Shared Services,Grants to providers to adopt Artificial Intelligence (AI) transcription/scribe technology,Lamoille Home Health & Hospice,,VT,"TYPED (session 54/73): HOME HEALTH AGENCY. CMS HHA Enrollment: LAMOILLE HOME HEALTH AGENCY, INC. dba LAMOILLE HOME HEALTH & HOSPICE, CCN 477015. Classifier said NONPROFIT_CBO/LOW.",MEDIUM,,Shared Services,Budget Period 1,NON_HOSPITAL,No,NOT_HOSPITAL,,"§10.2 NON_HOSPITAL: the named recipient is not a hospital (§0.3a -- judged on the recipient, not the activity), and the source does not mention hospitals anywhere in the funded work. Determined form: HOME HEALTH AGENCY. CMS HHA Enrollment: LAMOILLE HOME HEALTH AGENCY, INC. dba LAMOILLE HOME HEALTH & HOSPICE, CCN 477015.","EXACT, as printed on AHS's list; the 146 rows sum to the table's own total ($109,295,193.50) to the cent.",ORG_WEBSITE,,2026-09-25,data/evidence/recheck/2026-09-28/VT/vt_year1_awards.html,82
VT,83,Brattleboro Memorial Hospital,356439.05,HOSPITAL_OR_SYSTEM,Yes,"Executed agreement, Shared Services: Grants to providers to adopt Artificial Intelligence (AI) transcription/scribe technology. Vermont's list is 'partial and ongoing'.",Yes,Yes,FY2026 (Year 1),"RHT Year 1 Awards and Contracts -- Updated as of September 25, 2026",https://healthcarereform.vermont.gov/rht-year-1-executed-agreements-and-contracts,NOTICE_OF_AWARD,DIRECT_TEXT,R/03at_vt_year1_awardees.R,,,,,Shared Services,Grants to providers to adopt Artificial Intelligence (AI) transcription/scribe technology,Brattleboro Memorial Hospital,,VT,"TYPED (session 54/73): CMS Hospital Enrollment: BRATTLEBORO MEMORIAL HOSPITAL, CCN 470011. Classifier said HOSPITAL_OR_SYSTEM/HIGH.",HIGH,,Shared Services,Budget Period 1,DIRECT,Yes,NAMED_HOSPITAL,,"§10.2 DIRECT: the recipient is a hospital (CMS Hospital Enrollment: BRATTLEBORO MEMORIAL HOSPITAL, CCN 470011.) and AHS lists the agreement as EXECUTED. §0.3a judges the recipient, not the activity.","EXACT, as printed on AHS's list; the 146 rows sum to the table's own total ($109,295,193.50) to the cent.",ORG_WEBSITE,,2026-09-25,data/evidence/recheck/2026-09-28/VT/vt_year1_awards.html,83
VT,84,Brattleboro Retreat,228550.93,HOSPITAL_OR_SYSTEM,Yes,"Executed agreement, Shared Services: Grants to providers to adopt Artificial Intelligence (AI) transcription/scribe technology. Vermont's list is 'partial and ongoing'.",Yes,Yes,FY2026 (Year 1),"RHT Year 1 Awards and Contracts -- Updated as of September 25, 2026",https://healthcarereform.vermont.gov/rht-year-1-executed-agreements-and-contracts,NOTICE_OF_AWARD,DIRECT_TEXT,R/03at_vt_year1_awardees.R,,,,,Shared Services,Grants to providers to adopt Artificial Intelligence (AI) transcription/scribe technology,Brattleboro Retreat,,VT,"TYPED (session 54/73): CMS Hospital Enrollment: BRATTLEBORO RETREAT, CCN 474001, PSYCHIATRIC subgroup. A psychiatric hospital -- the SC benchmark's 'psychiatric excluded' reading would subtract it. Classifier said NONPROFIT_CBO/LOW.",MEDIUM,,Shared Services,Budget Period 1,DIRECT,Yes,NAMED_HOSPITAL,,"§10.2 DIRECT: the recipient is a hospital (CMS Hospital Enrollment: BRATTLEBORO RETREAT, CCN 474001, PSYCHIATRIC subgroup. A psychiatric hospital -- the SC benchmark's 'psychiatric excluded' reading would subtract it.) and AHS lists the agreement as EXECUTED. §0.3a judges the recipient, not the activity.","EXACT, as printed on AHS's list; the 146 rows sum to the table's own total ($109,295,193.50) to the cent.",ORG_WEBSITE,,2026-09-25,data/evidence/recheck/2026-09-28/VT/vt_year1_awards.html,84
VT,85,Central Vermont Home Health & Hospice,264315.2,OTHER,No,"Executed agreement, Shared Services: Grants to providers to adopt Artificial Intelligence (AI) transcription/scribe technology. Vermont's list is 'partial and ongoing'.",Yes,Yes,FY2026 (Year 1),"RHT Year 1 Awards and Contracts -- Updated as of September 25, 2026",https://healthcarereform.vermont.gov/rht-year-1-executed-agreements-and-contracts,NOTICE_OF_AWARD,DIRECT_TEXT,R/03at_vt_year1_awardees.R,,,,,Shared Services,Grants to providers to adopt Artificial Intelligence (AI) transcription/scribe technology,Central Vermont Home Health & Hospice,,VT,"TYPED (session 54/73): HOME HEALTH AGENCY. CMS HHA Enrollment: CENTRAL VERMONT HOME HEALTH & HOSPICE, INC, CCN 477003. Classifier said NONPROFIT_CBO/LOW.",MEDIUM,,Shared Services,Budget Period 1,NON_HOSPITAL,No,NOT_HOSPITAL,,"§10.2 NON_HOSPITAL: the named recipient is not a hospital (§0.3a -- judged on the recipient, not the activity), and the source does not mention hospitals anywhere in the funded work. Determined form: HOME HEALTH AGENCY. CMS HHA Enrollment: CENTRAL VERMONT HOME HEALTH & HOSPICE, INC, CCN 477003.","EXACT, as printed on AHS's list; the 146 rows sum to the table's own total ($109,295,193.50) to the cent.",ORG_WEBSITE,,2026-09-25,data/evidence/recheck/2026-09-28/VT/vt_year1_awards.html,85
VT,86,Clara Martin Center,263387.76,OTHER,No,"Executed agreement, Shared Services: Grants to providers to adopt Artificial Intelligence (AI) transcription/scribe technology. Vermont's list is 'partial and ongoing'.",Yes,Yes,FY2026 (Year 1),"RHT Year 1 Awards and Contracts -- Updated as of September 25, 2026",https://healthcarereform.vermont.gov/rht-year-1-executed-agreements-and-contracts,NOTICE_OF_AWARD,DIRECT_TEXT,R/03at_vt_year1_awardees.R,,,,,Shared Services,Grants to providers to adopt Artificial Intelligence (AI) transcription/scribe technology,Clara Martin Center,,VT,"TYPED (session 54/73): COMMUNITY MENTAL HEALTH DESIGNATED AGENCY (Orange County), by general knowledge. Classifier said NONPROFIT_CBO/LOW.",LOW,,Shared Services,Budget Period 1,NON_HOSPITAL,No,NOT_HOSPITAL,,"§10.2 NON_HOSPITAL: the named recipient is not a hospital (§0.3a -- judged on the recipient, not the activity), and the source does not mention hospitals anywhere in the funded work. Determined form: COMMUNITY MENTAL HEALTH DESIGNATED AGENCY (Orange County), by general knowledge.","EXACT, as printed on AHS's list; the 146 rows sum to the table's own total ($109,295,193.50) to the cent.",GENERAL_KNOWLEDGE,,2026-09-25,data/evidence/recheck/2026-09-28/VT/vt_year1_awards.html,86
VT,87,"Community Health Centers of Burlington, Inc.",24503.24,FQHC_OR_RHC,No,"Executed agreement, Shared Services: Grants to providers to adopt Artificial Intelligence (AI) transcription/scribe technology. Vermont's list is 'partial and ongoing'.",Yes,Yes,FY2026 (Year 1),"RHT Year 1 Awards and Contracts -- Updated as of September 25, 2026",https://healthcarereform.vermont.gov/rht-year-1-executed-agreements-and-contracts,NOTICE_OF_AWARD,DIRECT_TEXT,R/03at_vt_year1_awardees.R,,,,,Shared Services,Grants to providers to adopt Artificial Intelligence (AI) transcription/scribe technology,"Community Health Centers of Burlington, Inc.",,VT,"TYPED (session 54/73): CMS FQHC Enrollment: COMMUNITY HEALTH CENTERS OF BURLINGTON INC, CCN 471800. Classifier said FQHC_OR_RHC/MEDIUM.",MEDIUM,,Shared Services,Budget Period 1,NON_HOSPITAL,No,NOT_HOSPITAL,,"§10.2 NON_HOSPITAL: the named recipient is not a hospital (§0.3a -- judged on the recipient, not the activity), and the source does not mention hospitals anywhere in the funded work.","EXACT, as printed on AHS's list; the 146 rows sum to the table's own total ($109,295,193.50) to the cent.",ORG_WEBSITE,,2026-09-25,data/evidence/recheck/2026-09-28/VT/vt_year1_awards.html,87
VT,88,Community Health Centers of the Rutland Region,326193.94,FQHC_OR_RHC,No,"Executed agreement, Shared Services: Grants to providers to adopt Artificial Intelligence (AI) transcription/scribe technology. Vermont's list is 'partial and ongoing'.",Yes,Yes,FY2026 (Year 1),"RHT Year 1 Awards and Contracts -- Updated as of September 25, 2026",https://healthcarereform.vermont.gov/rht-year-1-executed-agreements-and-contracts,NOTICE_OF_AWARD,DIRECT_TEXT,R/03at_vt_year1_awardees.R,,,,,Shared Services,Grants to providers to adopt Artificial Intelligence (AI) transcription/scribe technology,Community Health Centers of the Rutland Region,,VT,TYPED (session 54/73): CMS FQHC Enrollment: COMMUNITY HEALTH CENTERS OF THE RUTLAND REGION INC. Classifier said FQHC_OR_RHC/MEDIUM.,MEDIUM,,Shared Services,Budget Period 1,NON_HOSPITAL,No,NOT_HOSPITAL,,"§10.2 NON_HOSPITAL: the named recipient is not a hospital (§0.3a -- judged on the recipient, not the activity), and the source does not mention hospitals anywhere in the funded work.","EXACT, as printed on AHS's list; the 146 rows sum to the table's own total ($109,295,193.50) to the cent.",ORG_WEBSITE,,2026-09-25,data/evidence/recheck/2026-09-28/VT/vt_year1_awards.html,88
VT,89,"Counseling Service of Addison County, Inc.",104655.75,OTHER,No,"Executed agreement, Shared Services: Grants to providers to adopt Artificial Intelligence (AI) transcription/scribe technology. Vermont's list is 'partial and ongoing'.",Yes,Yes,FY2026 (Year 1),"RHT Year 1 Awards and Contracts -- Updated as of September 25, 2026",https://healthcarereform.vermont.gov/rht-year-1-executed-agreements-and-contracts,NOTICE_OF_AWARD,DIRECT_TEXT,R/03at_vt_year1_awardees.R,,,,,Shared Services,Grants to providers to adopt Artificial Intelligence (AI) transcription/scribe technology,"Counseling Service of Addison County, Inc.",,VT,"TYPED (session 54/73): COMMUNITY MENTAL HEALTH DESIGNATED AGENCY (Addison County), by general knowledge. Classifier said NONPROFIT_CBO/LOW.",LOW,,Shared Services,Budget Period 1,NON_HOSPITAL,No,NOT_HOSPITAL,,"§10.2 NON_HOSPITAL: the named recipient is not a hospital (§0.3a -- judged on the recipient, not the activity), and the source does not mention hospitals anywhere in the funded work. Determined form: COMMUNITY MENTAL HEALTH DESIGNATED AGENCY (Addison County), by general knowledge.","EXACT, as printed on AHS's list; the 146 rows sum to the table's own total ($109,295,193.50) to the cent.",GENERAL_KNOWLEDGE,,2026-09-25,data/evidence/recheck/2026-09-28/VT/vt_year1_awards.html,89
VT,90,Essex Pediatrics,60504.9,PHYSICIAN_PRACTICE,No,"Executed agreement, Shared Services: Grants to providers to adopt Artificial Intelligence (AI) transcription/scribe technology. Vermont's list is 'partial and ongoing'.",Yes,Yes,FY2026 (Year 1),"RHT Year 1 Awards and Contracts -- Updated as of September 25, 2026",https://healthcarereform.vermont.gov/rht-year-1-executed-agreements-and-contracts,NOTICE_OF_AWARD,DIRECT_TEXT,R/03at_vt_year1_awardees.R,,,,,Shared Services,Grants to providers to adopt Artificial Intelligence (AI) transcription/scribe technology,Essex Pediatrics,,,rhtp_classify_recipient_type() on the name: PHYSICIAN_PRACTICE/MEDIUM.,MEDIUM,,Shared Services,Budget Period 1,NON_HOSPITAL,No,NOT_HOSPITAL,,"§10.2 NON_HOSPITAL: the named recipient is not a hospital (§0.3a -- judged on the recipient, not the activity), and the source does not mention hospitals anywhere in the funded work.","EXACT, as printed on AHS's list; the 146 rows sum to the table's own total ($109,295,193.50) to the cent.",,,2026-09-25,data/evidence/recheck/2026-09-28/VT/vt_year1_awards.html,90
VT,91,Eye Care Associates,15500,PHYSICIAN_PRACTICE,No,"Executed agreement, Shared Services: Grants to providers to adopt Artificial Intelligence (AI) transcription/scribe technology. Vermont's list is 'partial and ongoing'.",Yes,Yes,FY2026 (Year 1),"RHT Year 1 Awards and Contracts -- Updated as of September 25, 2026",https://healthcarereform.vermont.gov/rht-year-1-executed-agreements-and-contracts,NOTICE_OF_AWARD,DIRECT_TEXT,R/03at_vt_year1_awardees.R,,,,,Shared Services,Grants to providers to adopt Artificial Intelligence (AI) transcription/scribe technology,Eye Care Associates,,VT,"TYPED (session 54/73): Eye-care practice, by general knowledge. Classifier said NONPROFIT_CBO/LOW.",LOW,,Shared Services,Budget Period 1,NON_HOSPITAL,No,NOT_HOSPITAL,,"§10.2 NON_HOSPITAL: the named recipient is not a hospital (§0.3a -- judged on the recipient, not the activity), and the source does not mention hospitals anywhere in the funded work.","EXACT, as printed on AHS's list; the 146 rows sum to the table's own total ($109,295,193.50) to the cent.",GENERAL_KNOWLEDGE,,2026-09-25,data/evidence/recheck/2026-09-28/VT/vt_year1_awards.html,91
VT,92,"Gifford Health Care, Inc",510763.57,FQHC_OR_RHC,No,"Executed agreement, Shared Services: Grants to providers to adopt Artificial Intelligence (AI) transcription/scribe technology. Vermont's list is 'partial and ongoing'.",Yes,Yes,FY2026 (Year 1),"RHT Year 1 Awards and Contracts -- Updated as of September 25, 2026",https://healthcarereform.vermont.gov/rht-year-1-executed-agreements-and-contracts,NOTICE_OF_AWARD,DIRECT_TEXT,R/03at_vt_year1_awardees.R,,,,,Shared Services,Grants to providers to adopt Artificial Intelligence (AI) transcription/scribe technology,"Gifford Health Care, Inc",,VT,"TYPED (session 54/73): CMS FQHC Enrollment: GIFFORD HEALTH CARE INC, CCN 471852. NOT the hospital (GIFFORD MEDICAL CENTER INC, CCN 471301). Classifier said NONPROFIT_CBO/LOW.",MEDIUM,,Shared Services,Budget Period 1,NON_HOSPITAL,No,NOT_HOSPITAL,,"§10.2 NON_HOSPITAL: the named recipient is not a hospital (§0.3a -- judged on the recipient, not the activity), and the source does not mention hospitals anywhere in the funded work.","EXACT, as printed on AHS's list; the 146 rows sum to the table's own total ($109,295,193.50) to the cent.",ORG_WEBSITE,,2026-09-25,data/evidence/recheck/2026-09-28/VT/vt_year1_awards.html,92
VT,93,Grace Cottage Hospital,169528.4,HOSPITAL_OR_SYSTEM,Yes,"Executed agreement, Shared Services: Grants to providers to adopt Artificial Intelligence (AI) transcription/scribe technology. Vermont's list is 'partial and ongoing'.",Yes,Yes,FY2026 (Year 1),"RHT Year 1 Awards and Contracts -- Updated as of September 25, 2026",https://healthcarereform.vermont.gov/rht-year-1-executed-agreements-and-contracts,NOTICE_OF_AWARD,DIRECT_TEXT,R/03at_vt_year1_awardees.R,,,,,Shared Services,Grants to providers to adopt Artificial Intelligence (AI) transcription/scribe technology,Grace Cottage Hospital,,VT,"TYPED (session 54/73): CMS Hospital Enrollment: CARLOS G OTIS HEALTH CARE CENTER INC dba GRACE COTTAGE HOSPITAL, CCN 47Z300 / 471300 (CAH). Classifier said HOSPITAL_OR_SYSTEM/HIGH.",HIGH,,Shared Services,Budget Period 1,DIRECT,Yes,NAMED_HOSPITAL,,"§10.2 DIRECT: the recipient is a hospital (CMS Hospital Enrollment: CARLOS G OTIS HEALTH CARE CENTER INC dba GRACE COTTAGE HOSPITAL, CCN 47Z300 / 471300 (CAH).) and AHS lists the agreement as EXECUTED. §0.3a judges the recipient, not the activity.","EXACT, as printed on AHS's list; the 146 rows sum to the table's own total ($109,295,193.50) to the cent.",ORG_WEBSITE,,2026-09-25,data/evidence/recheck/2026-09-28/VT/vt_year1_awards.html,93
VT,94,Howard Center,139289.44,OTHER,No,"Executed agreement, Shared Services: Grants to providers to adopt Artificial Intelligence (AI) transcription/scribe technology. Vermont's list is 'partial and ongoing'.",Yes,Yes,FY2026 (Year 1),"RHT Year 1 Awards and Contracts -- Updated as of September 25, 2026",https://healthcarereform.vermont.gov/rht-year-1-executed-agreements-and-contracts,NOTICE_OF_AWARD,DIRECT_TEXT,R/03at_vt_year1_awardees.R,,,,,Shared Services,Grants to providers to adopt Artificial Intelligence (AI) transcription/scribe technology,Howard Center,,VT,"TYPED (session 54/73): COMMUNITY MENTAL HEALTH DESIGNATED AGENCY (Chittenden County), by general knowledge. Classifier said NONPROFIT_CBO/LOW.",LOW,,Shared Services,Budget Period 1,NON_HOSPITAL,No,NOT_HOSPITAL,,"§10.2 NON_HOSPITAL: the named recipient is not a hospital (§0.3a -- judged on the recipient, not the activity), and the source does not mention hospitals anywhere in the funded work. Determined form: COMMUNITY MENTAL HEALTH DESIGNATED AGENCY (Chittenden County), by general knowledge.","EXACT, as printed on AHS's list; the 146 rows sum to the table's own total ($109,295,193.50) to the cent.",GENERAL_KNOWLEDGE,,2026-09-25,data/evidence/recheck/2026-09-28/VT/vt_year1_awards.html,94
VT,95,"Mountain Community Health DBA Five Town Health Alliance, INC",27144,FQHC_OR_RHC,No,"Executed agreement, Shared Services: Grants to providers to adopt Artificial Intelligence (AI) transcription/scribe technology. Vermont's list is 'partial and ongoing'.",Yes,Yes,FY2026 (Year 1),"RHT Year 1 Awards and Contracts -- Updated as of September 25, 2026",https://healthcarereform.vermont.gov/rht-year-1-executed-agreements-and-contracts,NOTICE_OF_AWARD,DIRECT_TEXT,R/03at_vt_year1_awardees.R,,,,,Shared Services,Grants to providers to adopt Artificial Intelligence (AI) transcription/scribe technology,Mountain Community Health,"Five Town Health Alliance, INC",VT,"TYPED (session 54/73): The page's own DBA is 'Five Town Health Alliance, INC' (CMS FQHC 471846); the bridge is the page's pairing plus a reading -- LOW. Classifier said NONPROFIT_CBO/LOW.",LOW,,Shared Services,Budget Period 1,NON_HOSPITAL,No,NOT_HOSPITAL,,"§10.2 NON_HOSPITAL: the named recipient is not a hospital (§0.3a -- judged on the recipient, not the activity), and the source does not mention hospitals anywhere in the funded work.","EXACT, as printed on AHS's list; the 146 rows sum to the table's own total ($109,295,193.50) to the cent.",GENERAL_KNOWLEDGE,,2026-09-25,data/evidence/recheck/2026-09-28/VT/vt_year1_awards.html,95
VT,96,North Country Hospital & Health Center,172500,HOSPITAL_OR_SYSTEM,Yes,"Executed agreement, Shared Services: Grants to providers to adopt Artificial Intelligence (AI) transcription/scribe technology. Vermont's list is 'partial and ongoing'.",Yes,Yes,FY2026 (Year 1),"RHT Year 1 Awards and Contracts -- Updated as of September 25, 2026",https://healthcarereform.vermont.gov/rht-year-1-executed-agreements-and-contracts,NOTICE_OF_AWARD,DIRECT_TEXT,R/03at_vt_year1_awardees.R,,,,,Shared Services,Grants to providers to adopt Artificial Intelligence (AI) transcription/scribe technology,North Country Hospital & Health Center,,VT,"TYPED (session 54/73): CMS Hospital Enrollment: NORTH COUNTRY HOSPITAL & HEALTH CENTER INC, CCN 471304 (CAH). Classifier said HOSPITAL_OR_SYSTEM/HIGH.",HIGH,,Shared Services,Budget Period 1,DIRECT,Yes,NAMED_HOSPITAL,,"§10.2 DIRECT: the recipient is a hospital (CMS Hospital Enrollment: NORTH COUNTRY HOSPITAL & HEALTH CENTER INC, CCN 471304 (CAH).) and AHS lists the agreement as EXECUTED. §0.3a judges the recipient, not the activity.","EXACT, as printed on AHS's list; the 146 rows sum to the table's own total ($109,295,193.50) to the cent.",ORG_WEBSITE,,2026-09-25,data/evidence/recheck/2026-09-28/VT/vt_year1_awards.html,96
VT,97,Northeastern Vermont Regional Hospital Inc,860274,HOSPITAL_OR_SYSTEM,Yes,"Executed agreement, Shared Services: Grants to providers to adopt Artificial Intelligence (AI) transcription/scribe technology. Vermont's list is 'partial and ongoing'.",Yes,Yes,FY2026 (Year 1),"RHT Year 1 Awards and Contracts -- Updated as of September 25, 2026",https://healthcarereform.vermont.gov/rht-year-1-executed-agreements-and-contracts,NOTICE_OF_AWARD,DIRECT_TEXT,R/03at_vt_year1_awardees.R,,,,,Shared Services,Grants to providers to adopt Artificial Intelligence (AI) transcription/scribe technology,Northeastern Vermont Regional Hospital Inc,,VT,"TYPED (session 54/73): CMS Hospital Enrollment: NORTHEASTERN VERMONT REGIONAL HOSPITAL INC, CCN 471303 (CAH). Classifier said HOSPITAL_OR_SYSTEM/HIGH.",HIGH,,Shared Services,Budget Period 1,DIRECT,Yes,NAMED_HOSPITAL,,"§10.2 DIRECT: the recipient is a hospital (CMS Hospital Enrollment: NORTHEASTERN VERMONT REGIONAL HOSPITAL INC, CCN 471303 (CAH).) and AHS lists the agreement as EXECUTED. §0.3a judges the recipient, not the activity.","EXACT, as printed on AHS's list; the 146 rows sum to the table's own total ($109,295,193.50) to the cent.",ORG_WEBSITE,,2026-09-25,data/evidence/recheck/2026-09-28/VT/vt_year1_awards.html,97
VT,98,Northern Counties Health Care,107870,FQHC_OR_RHC,No,"Executed agreement, Shared Services: Grants to providers to adopt Artificial Intelligence (AI) transcription/scribe technology. Vermont's list is 'partial and ongoing'.",Yes,Yes,FY2026 (Year 1),"RHT Year 1 Awards and Contracts -- Updated as of September 25, 2026",https://healthcarereform.vermont.gov/rht-year-1-executed-agreements-and-contracts,NOTICE_OF_AWARD,DIRECT_TEXT,R/03at_vt_year1_awardees.R,,,,,Shared Services,Grants to providers to adopt Artificial Intelligence (AI) transcription/scribe technology,Northern Counties Health Care,,VT,TYPED (session 54/73): CMS FQHC Enrollment: NORTHERN COUNTIES HEALTH CARE INC (St. Johnsbury Community Health Center and others). Classifier said NONPROFIT_CBO/LOW.,MEDIUM,,Shared Services,Budget Period 1,NON_HOSPITAL,No,NOT_HOSPITAL,,"§10.2 NON_HOSPITAL: the named recipient is not a hospital (§0.3a -- judged on the recipient, not the activity), and the source does not mention hospitals anywhere in the funded work.","EXACT, as printed on AHS's list; the 146 rows sum to the table's own total ($109,295,193.50) to the cent.",ORG_WEBSITE,,2026-09-25,data/evidence/recheck/2026-09-28/VT/vt_year1_awards.html,98
VT,99,Northwestern Medical Center,75382.5,HOSPITAL_OR_SYSTEM,Yes,"Executed agreement, Shared Services: Grants to providers to adopt Artificial Intelligence (AI) transcription/scribe technology. Vermont's list is 'partial and ongoing'.",Yes,Yes,FY2026 (Year 1),"RHT Year 1 Awards and Contracts -- Updated as of September 25, 2026",https://healthcarereform.vermont.gov/rht-year-1-executed-agreements-and-contracts,NOTICE_OF_AWARD,DIRECT_TEXT,R/03at_vt_year1_awardees.R,,,,,Shared Services,Grants to providers to adopt Artificial Intelligence (AI) transcription/scribe technology,Northwestern Medical Center,,VT,"TYPED (session 54/73): CMS Hospital Enrollment: NORTHWESTERN MEDICAL CENTER INC, CCN 470024. Classifier said HOSPITAL_OR_SYSTEM/HIGH.",HIGH,,Shared Services,Budget Period 1,DIRECT,Yes,NAMED_HOSPITAL,,"§10.2 DIRECT: the recipient is a hospital (CMS Hospital Enrollment: NORTHWESTERN MEDICAL CENTER INC, CCN 470024.) and AHS lists the agreement as EXECUTED. §0.3a judges the recipient, not the activity.","EXACT, as printed on AHS's list; the 146 rows sum to the table's own total ($109,295,193.50) to the cent.",ORG_WEBSITE,,2026-09-25,data/evidence/recheck/2026-09-28/VT/vt_year1_awards.html,99
VT,100,Ophthalmic Consultants of Vermont,44355.5,PHYSICIAN_PRACTICE,No,"Executed agreement, Shared Services: Grants to providers to adopt Artificial Intelligence (AI) transcription/scribe technology. Vermont's list is 'partial and ongoing'.",Yes,Yes,FY2026 (Year 1),"RHT Year 1 Awards and Contracts -- Updated as of September 25, 2026",https://healthcarereform.vermont.gov/rht-year-1-executed-agreements-and-contracts,NOTICE_OF_AWARD,DIRECT_TEXT,R/03at_vt_year1_awardees.R,,,,,Shared Services,Grants to providers to adopt Artificial Intelligence (AI) transcription/scribe technology,Ophthalmic Consultants of Vermont,,VT,"TYPED (session 54/73): Ophthalmology practice, by general knowledge. Classifier said NONPROFIT_CBO/LOW.",LOW,,Shared Services,Budget Period 1,NON_HOSPITAL,No,NOT_HOSPITAL,,"§10.2 NON_HOSPITAL: the named recipient is not a hospital (§0.3a -- judged on the recipient, not the activity), and the source does not mention hospitals anywhere in the funded work.","EXACT, as printed on AHS's list; the 146 rows sum to the table's own total ($109,295,193.50) to the cent.",GENERAL_KNOWLEDGE,,2026-09-25,data/evidence/recheck/2026-09-28/VT/vt_year1_awards.html,100
VT,101,Primary Care Health Partners,653327.6,PHYSICIAN_PRACTICE,No,"Executed agreement, Shared Services: Grants to providers to adopt Artificial Intelligence (AI) transcription/scribe technology. Vermont's list is 'partial and ongoing'.",Yes,Yes,FY2026 (Year 1),"RHT Year 1 Awards and Contracts -- Updated as of September 25, 2026",https://healthcarereform.vermont.gov/rht-year-1-executed-agreements-and-contracts,NOTICE_OF_AWARD,DIRECT_TEXT,R/03at_vt_year1_awardees.R,,,,,Shared Services,Grants to providers to adopt Artificial Intelligence (AI) transcription/scribe technology,Primary Care Health Partners,,VT,"TYPED (session 54/73): Independent primary-care practice group, by general knowledge. Classifier said NONPROFIT_CBO/LOW.",LOW,,Shared Services,Budget Period 1,NON_HOSPITAL,No,NOT_HOSPITAL,,"§10.2 NON_HOSPITAL: the named recipient is not a hospital (§0.3a -- judged on the recipient, not the activity), and the source does not mention hospitals anywhere in the funded work.","EXACT, as printed on AHS's list; the 146 rows sum to the table's own total ($109,295,193.50) to the cent.",GENERAL_KNOWLEDGE,,2026-09-25,data/evidence/recheck/2026-09-28/VT/vt_year1_awards.html,101
VT,102,Richford Health Center Inc DBA Northern Tier Center for Health (NOTCH),173966.92,FQHC_OR_RHC,No,"Executed agreement, Shared Services: Grants to providers to adopt Artificial Intelligence (AI) transcription/scribe technology. Vermont's list is 'partial and ongoing'.",Yes,Yes,FY2026 (Year 1),"RHT Year 1 Awards and Contracts -- Updated as of September 25, 2026",https://healthcarereform.vermont.gov/rht-year-1-executed-agreements-and-contracts,NOTICE_OF_AWARD,DIRECT_TEXT,R/03at_vt_year1_awardees.R,,,,,Shared Services,Grants to providers to adopt Artificial Intelligence (AI) transcription/scribe technology,Richford Health Center Inc,Northern Tier Center for Health (NOTCH),VT,"TYPED (session 54/73): CMS FQHC Enrollment: THE RICHFORD HEALTH CENTER, INC. Classifier said NONPROFIT_CBO/LOW.",MEDIUM,,Shared Services,Budget Period 1,NON_HOSPITAL,No,NOT_HOSPITAL,,"§10.2 NON_HOSPITAL: the named recipient is not a hospital (§0.3a -- judged on the recipient, not the activity), and the source does not mention hospitals anywhere in the funded work.","EXACT, as printed on AHS's list; the 146 rows sum to the table's own total ($109,295,193.50) to the cent.",ORG_WEBSITE,,2026-09-25,data/evidence/recheck/2026-09-28/VT/vt_year1_awards.html,102
VT,103,Richmond Family Medicine,59555.93,PHYSICIAN_PRACTICE,No,"Executed agreement, Shared Services: Grants to providers to adopt Artificial Intelligence (AI) transcription/scribe technology. Vermont's list is 'partial and ongoing'.",Yes,Yes,FY2026 (Year 1),"RHT Year 1 Awards and Contracts -- Updated as of September 25, 2026",https://healthcarereform.vermont.gov/rht-year-1-executed-agreements-and-contracts,NOTICE_OF_AWARD,DIRECT_TEXT,R/03at_vt_year1_awardees.R,,,,,Shared Services,Grants to providers to adopt Artificial Intelligence (AI) transcription/scribe technology,Richmond Family Medicine,,VT,"TYPED (session 54/73): Independent family-medicine practice (Richmond), by general knowledge. Classifier said PHYSICIAN_PRACTICE/MEDIUM.",LOW,,Shared Services,Budget Period 1,NON_HOSPITAL,No,NOT_HOSPITAL,,"§10.2 NON_HOSPITAL: the named recipient is not a hospital (§0.3a -- judged on the recipient, not the activity), and the source does not mention hospitals anywhere in the funded work.","EXACT, as printed on AHS's list; the 146 rows sum to the table's own total ($109,295,193.50) to the cent.",GENERAL_KNOWLEDGE,,2026-09-25,data/evidence/recheck/2026-09-28/VT/vt_year1_awards.html,103
VT,104,Rutland Regional Medical Center DBA Rutland Hospital Inc.,75204,HOSPITAL_OR_SYSTEM,Yes,"Executed agreement, Shared Services: Grants to providers to adopt Artificial Intelligence (AI) transcription/scribe technology. Vermont's list is 'partial and ongoing'.",Yes,Yes,FY2026 (Year 1),"RHT Year 1 Awards and Contracts -- Updated as of September 25, 2026",https://healthcarereform.vermont.gov/rht-year-1-executed-agreements-and-contracts,NOTICE_OF_AWARD,DIRECT_TEXT,R/03at_vt_year1_awardees.R,,,,,Shared Services,Grants to providers to adopt Artificial Intelligence (AI) transcription/scribe technology,Rutland Regional Medical Center,Rutland Hospital Inc.,VT,"TYPED (session 54/73): CMS Hospital Enrollment: RUTLAND HOSPITAL, INC. dba RUTLAND REGIONAL MEDICAL CENTER, CCN 470005. Classifier said HOSPITAL_OR_SYSTEM/HIGH.",HIGH,,Shared Services,Budget Period 1,DIRECT,Yes,NAMED_HOSPITAL,,"§10.2 DIRECT: the recipient is a hospital (CMS Hospital Enrollment: RUTLAND HOSPITAL, INC. dba RUTLAND REGIONAL MEDICAL CENTER, CCN 470005.) and AHS lists the agreement as EXECUTED. §0.3a judges the recipient, not the activity.","EXACT, as printed on AHS's list; the 146 rows sum to the table's own total ($109,295,193.50) to the cent.",ORG_WEBSITE,,2026-09-25,data/evidence/recheck/2026-09-28/VT/vt_year1_awards.html,104
VT,105,The Manor,90650.55,OTHER,No,"Executed agreement, Shared Services: Grants to providers to adopt Artificial Intelligence (AI) transcription/scribe technology. Vermont's list is 'partial and ongoing'.",Yes,Yes,FY2026 (Year 1),"RHT Year 1 Awards and Contracts -- Updated as of September 25, 2026",https://healthcarereform.vermont.gov/rht-year-1-executed-agreements-and-contracts,NOTICE_OF_AWARD,DIRECT_TEXT,R/03at_vt_year1_awardees.R,,,,,Shared Services,Grants to providers to adopt Artificial Intelligence (AI) transcription/scribe technology,The Manor,,VT,"TYPED (session 54/73): NURSING FACILITY. CMS SNF Enrollment: THE MANOR INC, Morrisville, CCN 475057. Classifier said NONPROFIT_CBO/LOW.",MEDIUM,,Shared Services,Budget Period 1,NON_HOSPITAL,No,NOT_HOSPITAL,,"§10.2 NON_HOSPITAL: the named recipient is not a hospital (§0.3a -- judged on the recipient, not the activity), and the source does not mention hospitals anywhere in the funded work. Determined form: NURSING FACILITY. CMS SNF Enrollment: THE MANOR INC, Morrisville, CCN 475057.","EXACT, as printed on AHS's list; the 146 rows sum to the table's own total ($109,295,193.50) to the cent.",ORG_WEBSITE,,2026-09-25,data/evidence/recheck/2026-09-28/VT/vt_year1_awards.html,105
VT,106,Thomas Chittenden Health Center,61364,PHYSICIAN_PRACTICE,No,"Executed agreement, Shared Services: Grants to providers to adopt Artificial Intelligence (AI) transcription/scribe technology. Vermont's list is 'partial and ongoing'.",Yes,Yes,FY2026 (Year 1),"RHT Year 1 Awards and Contracts -- Updated as of September 25, 2026",https://healthcarereform.vermont.gov/rht-year-1-executed-agreements-and-contracts,NOTICE_OF_AWARD,DIRECT_TEXT,R/03at_vt_year1_awardees.R,,,,,Shared Services,Grants to providers to adopt Artificial Intelligence (AI) transcription/scribe technology,Thomas Chittenden Health Center,,VT,"TYPED (session 54/73): Independent primary-care practice (Williston), by general knowledge. Classifier said NONPROFIT_CBO/LOW.",LOW,,Shared Services,Budget Period 1,NON_HOSPITAL,No,NOT_HOSPITAL,,"§10.2 NON_HOSPITAL: the named recipient is not a hospital (§0.3a -- judged on the recipient, not the activity), and the source does not mention hospitals anywhere in the funded work.","EXACT, as printed on AHS's list; the 146 rows sum to the table's own total ($109,295,193.50) to the cent.",GENERAL_KNOWLEDGE,,2026-09-25,data/evidence/recheck/2026-09-28/VT/vt_year1_awards.html,106
VT,107,Brattleboro Memorial Hospital,604443.2,HOSPITAL_OR_SYSTEM,Yes,"Executed agreement, Primary Care: Mental Health and community support integration into primary care teams. Vermont's list is 'partial and ongoing'.",Yes,Yes,FY2026 (Year 1),"RHT Year 1 Awards and Contracts -- Updated as of September 25, 2026",https://healthcarereform.vermont.gov/rht-year-1-executed-agreements-and-contracts,NOTICE_OF_AWARD,DIRECT_TEXT,R/03at_vt_year1_awardees.R,,,,,Primary Care,Mental Health and community support integration into primary care teams,Brattleboro Memorial Hospital,,VT,"TYPED (session 54/73): CMS Hospital Enrollment: BRATTLEBORO MEMORIAL HOSPITAL, CCN 470011. Classifier said HOSPITAL_OR_SYSTEM/HIGH.",HIGH,,Primary Care,Budget Period 1,DIRECT,Yes,NAMED_HOSPITAL,,"§10.2 DIRECT: the recipient is a hospital (CMS Hospital Enrollment: BRATTLEBORO MEMORIAL HOSPITAL, CCN 470011.) and AHS lists the agreement as EXECUTED. §0.3a judges the recipient, not the activity.","EXACT, as printed on AHS's list; the 146 rows sum to the table's own total ($109,295,193.50) to the cent.",ORG_WEBSITE,,2026-09-25,data/evidence/recheck/2026-09-28/VT/vt_year1_awards.html,107
VT,108,Central Vermont Medical Center,821745.04,HOSPITAL_OR_SYSTEM,Yes,"Executed agreement, Primary Care: Mental Health and community support integration into primary care teams. Vermont's list is 'partial and ongoing'.",Yes,Yes,FY2026 (Year 1),"RHT Year 1 Awards and Contracts -- Updated as of September 25, 2026",https://healthcarereform.vermont.gov/rht-year-1-executed-agreements-and-contracts,NOTICE_OF_AWARD,DIRECT_TEXT,R/03at_vt_year1_awardees.R,,,,,Primary Care,Mental Health and community support integration into primary care teams,Central Vermont Medical Center,,VT,"TYPED (session 54/73): CMS Hospital Enrollment: CENTRAL VERMONT MEDICAL CENTER INC, CCN 470001 (the page drops 'Inc.' from 2026-09-25). Classifier said HOSPITAL_OR_SYSTEM/HIGH.",HIGH,,Primary Care,Budget Period 1,DIRECT,Yes,NAMED_HOSPITAL,,"§10.2 DIRECT: the recipient is a hospital (CMS Hospital Enrollment: CENTRAL VERMONT MEDICAL CENTER INC, CCN 470001 (the page drops 'Inc.' from 2026-09-25).) and AHS lists the agreement as EXECUTED. §0.3a judges the recipient, not the activity.","EXACT, as printed on AHS's list; the 146 rows sum to the table's own total ($109,295,193.50) to the cent.",ORG_WEBSITE,,2026-09-25,data/evidence/recheck/2026-09-28/VT/vt_year1_awards.html,108
VT,109,Copley Hospital,721780,HOSPITAL_OR_SYSTEM,Yes,"Executed agreement, Primary Care: Mental Health and community support integration into primary care teams. Vermont's list is 'partial and ongoing'.",Yes,Yes,FY2026 (Year 1),"RHT Year 1 Awards and Contracts -- Updated as of September 25, 2026",https://healthcarereform.vermont.gov/rht-year-1-executed-agreements-and-contracts,NOTICE_OF_AWARD,DIRECT_TEXT,R/03at_vt_year1_awardees.R,,,,,Primary Care,Mental Health and community support integration into primary care teams,Copley Hospital,,VT,"TYPED (session 54/73): CMS Hospital Enrollment: COPLEY HOSPITAL INC, CCN 471305 (CAH), Morrisville. Classifier said HOSPITAL_OR_SYSTEM/HIGH.",HIGH,,Primary Care,Budget Period 1,DIRECT,Yes,NAMED_HOSPITAL,,"§10.2 DIRECT: the recipient is a hospital (CMS Hospital Enrollment: COPLEY HOSPITAL INC, CCN 471305 (CAH), Morrisville.) and AHS lists the agreement as EXECUTED. §0.3a judges the recipient, not the activity.","EXACT, as printed on AHS's list; the 146 rows sum to the table's own total ($109,295,193.50) to the cent.",ORG_WEBSITE,,2026-09-25,data/evidence/recheck/2026-09-28/VT/vt_year1_awards.html,109
VT,110,"Gifford Health Care, Inc",642160.9,FQHC_OR_RHC,No,"Executed agreement, Primary Care: Mental Health and community support integration into primary care teams. Vermont's list is 'partial and ongoing'.",Yes,Yes,FY2026 (Year 1),"RHT Year 1 Awards and Contracts -- Updated as of September 25, 2026",https://healthcarereform.vermont.gov/rht-year-1-executed-agreements-and-contracts,NOTICE_OF_AWARD,DIRECT_TEXT,R/03at_vt_year1_awardees.R,,,,,Primary Care,Mental Health and community support integration into primary care teams,"Gifford Health Care, Inc",,VT,"TYPED (session 54/73): CMS FQHC Enrollment: GIFFORD HEALTH CARE INC, CCN 471852. NOT the hospital (GIFFORD MEDICAL CENTER INC, CCN 471301). Classifier said NONPROFIT_CBO/LOW.",MEDIUM,,Primary Care,Budget Period 1,NON_HOSPITAL,No,NOT_HOSPITAL,,"§10.2 NON_HOSPITAL: the named recipient is not a hospital (§0.3a -- judged on the recipient, not the activity), and the source does not mention hospitals anywhere in the funded work.","EXACT, as printed on AHS's list; the 146 rows sum to the table's own total ($109,295,193.50) to the cent.",ORG_WEBSITE,,2026-09-25,data/evidence/recheck/2026-09-28/VT/vt_year1_awards.html,110
VT,111,North Country Hospital & Health Center,440345.73,HOSPITAL_OR_SYSTEM,Yes,"Executed agreement, Primary Care: Mental Health and community support integration into primary care teams. Vermont's list is 'partial and ongoing'.",Yes,Yes,FY2026 (Year 1),"RHT Year 1 Awards and Contracts -- Updated as of September 25, 2026",https://healthcarereform.vermont.gov/rht-year-1-executed-agreements-and-contracts,NOTICE_OF_AWARD,DIRECT_TEXT,R/03at_vt_year1_awardees.R,,,,,Primary Care,Mental Health and community support integration into primary care teams,North Country Hospital & Health Center,,VT,"TYPED (session 54/73): CMS Hospital Enrollment: NORTH COUNTRY HOSPITAL & HEALTH CENTER INC, CCN 471304 (CAH). Classifier said HOSPITAL_OR_SYSTEM/HIGH.",HIGH,,Primary Care,Budget Period 1,DIRECT,Yes,NAMED_HOSPITAL,,"§10.2 DIRECT: the recipient is a hospital (CMS Hospital Enrollment: NORTH COUNTRY HOSPITAL & HEALTH CENTER INC, CCN 471304 (CAH).) and AHS lists the agreement as EXECUTED. §0.3a judges the recipient, not the activity.","EXACT, as printed on AHS's list; the 146 rows sum to the table's own total ($109,295,193.50) to the cent.",ORG_WEBSITE,,2026-09-25,data/evidence/recheck/2026-09-28/VT/vt_year1_awards.html,111
VT,112,North Star Health DBA Springfield Medical Care Systems,350291.42,FQHC_OR_RHC,No,"Executed agreement, Primary Care: Mental Health and community support integration into primary care teams. Vermont's list is 'partial and ongoing'.",Yes,Yes,FY2026 (Year 1),"RHT Year 1 Awards and Contracts -- Updated as of September 25, 2026",https://healthcarereform.vermont.gov/rht-year-1-executed-agreements-and-contracts,NOTICE_OF_AWARD,DIRECT_TEXT,R/03at_vt_year1_awardees.R,,,,,Primary Care,Mental Health and community support integration into primary care teams,North Star Health,Springfield Medical Care Systems,VT,TYPED (session 54/73): CMS FQHC Enrollment: SPRINGFIELD MEDICAL CARE SYSTEMS INC (CCN 471839 and sites) -- the page prints that legal name as this row's DBA; North Star Health is its trade name. Classifier said NONPROFIT_CBO/LOW.,MEDIUM,,Primary Care,Budget Period 1,NON_HOSPITAL,No,NOT_HOSPITAL,,"§10.2 NON_HOSPITAL: the named recipient is not a hospital (§0.3a -- judged on the recipient, not the activity), and the source does not mention hospitals anywhere in the funded work.","EXACT, as printed on AHS's list; the 146 rows sum to the table's own total ($109,295,193.50) to the cent.",ORG_WEBSITE,,2026-09-25,data/evidence/recheck/2026-09-28/VT/vt_year1_awards.html,112
VT,113,Northeastern Vermont Regional Hospital Inc,525355.11,HOSPITAL_OR_SYSTEM,Yes,"Executed agreement, Primary Care: Mental Health and community support integration into primary care teams. Vermont's list is 'partial and ongoing'.",Yes,Yes,FY2026 (Year 1),"RHT Year 1 Awards and Contracts -- Updated as of September 25, 2026",https://healthcarereform.vermont.gov/rht-year-1-executed-agreements-and-contracts,NOTICE_OF_AWARD,DIRECT_TEXT,R/03at_vt_year1_awardees.R,,,,,Primary Care,Mental Health and community support integration into primary care teams,Northeastern Vermont Regional Hospital Inc,,VT,"TYPED (session 54/73): CMS Hospital Enrollment: NORTHEASTERN VERMONT REGIONAL HOSPITAL INC, CCN 471303 (CAH). Classifier said HOSPITAL_OR_SYSTEM/HIGH.",HIGH,,Primary Care,Budget Period 1,DIRECT,Yes,NAMED_HOSPITAL,,"§10.2 DIRECT: the recipient is a hospital (CMS Hospital Enrollment: NORTHEASTERN VERMONT REGIONAL HOSPITAL INC, CCN 471303 (CAH).) and AHS lists the agreement as EXECUTED. §0.3a judges the recipient, not the activity.","EXACT, as printed on AHS's list; the 146 rows sum to the table's own total ($109,295,193.50) to the cent.",ORG_WEBSITE,,2026-09-25,data/evidence/recheck/2026-09-28/VT/vt_year1_awards.html,113
VT,114,Northwestern Medical Center,764516.22,HOSPITAL_OR_SYSTEM,Yes,"Executed agreement, Primary Care: Mental Health and community support integration into primary care teams. Vermont's list is 'partial and ongoing'.",Yes,Yes,FY2026 (Year 1),"RHT Year 1 Awards and Contracts -- Updated as of September 25, 2026",https://healthcarereform.vermont.gov/rht-year-1-executed-agreements-and-contracts,NOTICE_OF_AWARD,DIRECT_TEXT,R/03at_vt_year1_awardees.R,,,,,Primary Care,Mental Health and community support integration into primary care teams,Northwestern Medical Center,,VT,"TYPED (session 54/73): CMS Hospital Enrollment: NORTHWESTERN MEDICAL CENTER INC, CCN 470024. Classifier said HOSPITAL_OR_SYSTEM/HIGH.",HIGH,,Primary Care,Budget Period 1,DIRECT,Yes,NAMED_HOSPITAL,,"§10.2 DIRECT: the recipient is a hospital (CMS Hospital Enrollment: NORTHWESTERN MEDICAL CENTER INC, CCN 470024.) and AHS lists the agreement as EXECUTED. §0.3a judges the recipient, not the activity.","EXACT, as printed on AHS's list; the 146 rows sum to the table's own total ($109,295,193.50) to the cent.",ORG_WEBSITE,,2026-09-25,data/evidence/recheck/2026-09-28/VT/vt_year1_awards.html,114
VT,115,Porter Hospital,631185.3,HOSPITAL_OR_SYSTEM,Yes,"Executed agreement, Primary Care: Mental Health and community support integration into primary care teams. Vermont's list is 'partial and ongoing'.",Yes,Yes,FY2026 (Year 1),"RHT Year 1 Awards and Contracts -- Updated as of September 25, 2026",https://healthcarereform.vermont.gov/rht-year-1-executed-agreements-and-contracts,NOTICE_OF_AWARD,DIRECT_TEXT,R/03at_vt_year1_awardees.R,,,,,Primary Care,Mental Health and community support integration into primary care teams,Porter Hospital,,VT,"TYPED (session 54/73): CMS Hospital Enrollment: PORTER HOSPITAL INC, CCN 471307 (CAH), Middlebury. Classifier said HOSPITAL_OR_SYSTEM/HIGH.",HIGH,,Primary Care,Budget Period 1,DIRECT,Yes,NAMED_HOSPITAL,,"§10.2 DIRECT: the recipient is a hospital (CMS Hospital Enrollment: PORTER HOSPITAL INC, CCN 471307 (CAH), Middlebury.) and AHS lists the agreement as EXECUTED. §0.3a judges the recipient, not the activity.","EXACT, as printed on AHS's list; the 146 rows sum to the table's own total ($109,295,193.50) to the cent.",ORG_WEBSITE,,2026-09-25,data/evidence/recheck/2026-09-28/VT/vt_year1_awards.html,115
VT,116,Rutland Regional Medical Center,959593.02,HOSPITAL_OR_SYSTEM,Yes,"Executed agreement, Primary Care: Mental Health and community support integration into primary care teams. Vermont's list is 'partial and ongoing'.",Yes,Yes,FY2026 (Year 1),"RHT Year 1 Awards and Contracts -- Updated as of September 25, 2026",https://healthcarereform.vermont.gov/rht-year-1-executed-agreements-and-contracts,NOTICE_OF_AWARD,DIRECT_TEXT,R/03at_vt_year1_awardees.R,,,,,Primary Care,Mental Health and community support integration into primary care teams,Rutland Regional Medical Center,,VT,"TYPED (session 54/73): CMS Hospital Enrollment: RUTLAND HOSPITAL, INC. dba RUTLAND REGIONAL MEDICAL CENTER, CCN 470005. Classifier said HOSPITAL_OR_SYSTEM/HIGH.",HIGH,,Primary Care,Budget Period 1,DIRECT,Yes,NAMED_HOSPITAL,,"§10.2 DIRECT: the recipient is a hospital (CMS Hospital Enrollment: RUTLAND HOSPITAL, INC. dba RUTLAND REGIONAL MEDICAL CENTER, CCN 470005.) and AHS lists the agreement as EXECUTED. §0.3a judges the recipient, not the activity.","EXACT, as printed on AHS's list; the 146 rows sum to the table's own total ($109,295,193.50) to the cent.",ORG_WEBSITE,,2026-09-25,data/evidence/recheck/2026-09-28/VT/vt_year1_awards.html,116
VT,117,"Southwestern Vermont Medical Center, Inc.",535793.76,HOSPITAL_OR_SYSTEM,Yes,"Executed agreement, Primary Care: Mental Health and community support integration into primary care teams. Vermont's list is 'partial and ongoing'.",Yes,Yes,FY2026 (Year 1),"RHT Year 1 Awards and Contracts -- Updated as of September 25, 2026",https://healthcarereform.vermont.gov/rht-year-1-executed-agreements-and-contracts,NOTICE_OF_AWARD,DIRECT_TEXT,R/03at_vt_year1_awardees.R,,,,,Primary Care,Mental Health and community support integration into primary care teams,"Southwestern Vermont Medical Center, Inc.",,VT,"TYPED (session 54/73): CMS Hospital Enrollment: SOUTHWESTERN VERMONT MEDICAL CENTER, INC, CCN 470012. Classifier said HOSPITAL_OR_SYSTEM/HIGH.",HIGH,,Primary Care,Budget Period 1,DIRECT,Yes,NAMED_HOSPITAL,,"§10.2 DIRECT: the recipient is a hospital (CMS Hospital Enrollment: SOUTHWESTERN VERMONT MEDICAL CENTER, INC, CCN 470012.) and AHS lists the agreement as EXECUTED. §0.3a judges the recipient, not the activity.","EXACT, as printed on AHS's list; the 146 rows sum to the table's own total ($109,295,193.50) to the cent.",ORG_WEBSITE,,2026-09-25,data/evidence/recheck/2026-09-28/VT/vt_year1_awards.html,117
VT,118,University of Vermont Medical Center,2226478.52,HOSPITAL_OR_SYSTEM,Yes,"Executed agreement, Primary Care: Mental Health and community support integration into primary care teams. Vermont's list is 'partial and ongoing'.",Yes,Yes,FY2026 (Year 1),"RHT Year 1 Awards and Contracts -- Updated as of September 25, 2026",https://healthcarereform.vermont.gov/rht-year-1-executed-agreements-and-contracts,NOTICE_OF_AWARD,DIRECT_TEXT,R/03at_vt_year1_awardees.R,,,,,Primary Care,Mental Health and community support integration into primary care teams,University of Vermont Medical Center,,VT,"TYPED (session 54/73): CMS Hospital Enrollment: UNIVERSITY OF VERMONT MEDICAL CENTER INC, CCN 470003, Burlington. The enrolled hospital, not the university -- the name is the hospital's own legal name less 'Inc'. Classifier said HOSPITAL_OR_SYSTEM/HIGH.",HIGH,,Primary Care,Budget Period 1,DIRECT,Yes,NAMED_HOSPITAL,,"§10.2 DIRECT: the recipient is a hospital (CMS Hospital Enrollment: UNIVERSITY OF VERMONT MEDICAL CENTER INC, CCN 470003, Burlington. The enrolled hospital, not the university -- the name is the hospital's own legal name less 'Inc'.) and AHS lists the agreement as EXECUTED. §0.3a judges the recipient, not the activity.","EXACT, as printed on AHS's list; the 146 rows sum to the table's own total ($109,295,193.50) to the cent.",ORG_WEBSITE,,2026-09-25,data/evidence/recheck/2026-09-28/VT/vt_year1_awards.html,118
VT,119,"Common Ground Recovery, Inc.",296075.89,NONPROFIT_CBO,No,"Executed agreement, Primary Care: Expanding access to recovery housing for individuals with Substance Use Disorder (SUD) services. Vermont's list is 'partial and ongoing'.",Yes,Yes,FY2026 (Year 1),"RHT Year 1 Awards and Contracts -- Updated as of September 25, 2026",https://healthcarereform.vermont.gov/rht-year-1-executed-agreements-and-contracts,NOTICE_OF_AWARD,DIRECT_TEXT,R/03at_vt_year1_awardees.R,,,,,Primary Care,Expanding access to recovery housing for individuals with Substance Use Disorder (SUD) services,"Common Ground Recovery, Inc.",,,rhtp_classify_recipient_type() on the name: NONPROFIT_CBO/LOW.,LOW,RECIPIENT_TYPE_INFERRED,Primary Care,Budget Period 1,NON_HOSPITAL,No,NOT_HOSPITAL,,"§10.2 NON_HOSPITAL: the named recipient is not a hospital (§0.3a -- judged on the recipient, not the activity), and the source does not mention hospitals anywhere in the funded work.","EXACT, as printed on AHS's list; the 146 rows sum to the table's own total ($109,295,193.50) to the cent.",,,2026-09-25,data/evidence/recheck/2026-09-28/VT/vt_year1_awards.html,119
VT,120,"Dismas of Vermont, Inc. (Dismas House)",394612.16,NONPROFIT_CBO,No,"Executed agreement, Primary Care: Expanding access to recovery housing for individuals with Substance Use Disorder (SUD) services. Vermont's list is 'partial and ongoing'.",Yes,Yes,FY2026 (Year 1),"RHT Year 1 Awards and Contracts -- Updated as of September 25, 2026",https://healthcarereform.vermont.gov/rht-year-1-executed-agreements-and-contracts,NOTICE_OF_AWARD,DIRECT_TEXT,R/03at_vt_year1_awardees.R,,,,,Primary Care,Expanding access to recovery housing for individuals with Substance Use Disorder (SUD) services,"Dismas of Vermont, Inc. (Dismas House)",,,rhtp_classify_recipient_type() on the name: NONPROFIT_CBO/LOW.,LOW,RECIPIENT_TYPE_INFERRED,Primary Care,Budget Period 1,NON_HOSPITAL,No,NOT_HOSPITAL,,"§10.2 NON_HOSPITAL: the named recipient is not a hospital (§0.3a -- judged on the recipient, not the activity), and the source does not mention hospitals anywhere in the funded work.","EXACT, as printed on AHS's list; the 146 rows sum to the table's own total ($109,295,193.50) to the cent.",,,2026-09-25,data/evidence/recheck/2026-09-28/VT/vt_year1_awards.html,120
VT,121,Hope Grove,200001.1,NONPROFIT_CBO,No,"Executed agreement, Primary Care: Expanding access to recovery housing for individuals with Substance Use Disorder (SUD) services. Vermont's list is 'partial and ongoing'.",Yes,Yes,FY2026 (Year 1),"RHT Year 1 Awards and Contracts -- Updated as of September 25, 2026",https://healthcarereform.vermont.gov/rht-year-1-executed-agreements-and-contracts,NOTICE_OF_AWARD,DIRECT_TEXT,R/03at_vt_year1_awardees.R,,,,,Primary Care,Expanding access to recovery housing for individuals with Substance Use Disorder (SUD) services,Hope Grove,,,rhtp_classify_recipient_type() on the name: NONPROFIT_CBO/LOW.,LOW,RECIPIENT_TYPE_INFERRED,Primary Care,Budget Period 1,NON_HOSPITAL,No,NOT_HOSPITAL,,"§10.2 NON_HOSPITAL: the named recipient is not a hospital (§0.3a -- judged on the recipient, not the activity), and the source does not mention hospitals anywhere in the funded work.","EXACT, as printed on AHS's list; the 146 rows sum to the table's own total ($109,295,193.50) to the cent.",,,2026-09-25,data/evidence/recheck/2026-09-28/VT/vt_year1_awards.html,121
VT,122,"Jenna Tatro Memorial Fund, Inc. DBA Jenna’s Promise",122711.5,NONPROFIT_CBO,No,"Executed agreement, Primary Care: Expanding access to recovery housing for individuals with Substance Use Disorder (SUD) services. Vermont's list is 'partial and ongoing'.",Yes,Yes,FY2026 (Year 1),"RHT Year 1 Awards and Contracts -- Updated as of September 25, 2026",https://healthcarereform.vermont.gov/rht-year-1-executed-agreements-and-contracts,NOTICE_OF_AWARD,DIRECT_TEXT,R/03at_vt_year1_awardees.R,,,,,Primary Care,Expanding access to recovery housing for individuals with Substance Use Disorder (SUD) services,"Jenna Tatro Memorial Fund, Inc.",Jenna’s Promise,,rhtp_classify_recipient_type() on the name: NONPROFIT_CBO/LOW.,LOW,RECIPIENT_TYPE_INFERRED,Primary Care,Budget Period 1,NON_HOSPITAL,No,NOT_HOSPITAL,,"§10.2 NON_HOSPITAL: the named recipient is not a hospital (§0.3a -- judged on the recipient, not the activity), and the source does not mention hospitals anywhere in the funded work.","EXACT, as printed on AHS's list; the 146 rows sum to the table's own total ($109,295,193.50) to the cent.",,,2026-09-25,data/evidence/recheck/2026-09-28/VT/vt_year1_awards.html,122
VT,123,Kingdom Wellness Collaborative Company DBA Ben’s House,870187.4,NONPROFIT_CBO,No,"Executed agreement, Primary Care: Expanding access to recovery housing for individuals with Substance Use Disorder (SUD) services. Vermont's list is 'partial and ongoing'.",Yes,Yes,FY2026 (Year 1),"RHT Year 1 Awards and Contracts -- Updated as of September 25, 2026",https://healthcarereform.vermont.gov/rht-year-1-executed-agreements-and-contracts,NOTICE_OF_AWARD,DIRECT_TEXT,R/03at_vt_year1_awardees.R,,,,,Primary Care,Expanding access to recovery housing for individuals with Substance Use Disorder (SUD) services,Kingdom Wellness Collaborative Company,Ben’s House,,rhtp_classify_recipient_type() on the name: NONPROFIT_CBO/LOW.,LOW,RECIPIENT_TYPE_INFERRED,Primary Care,Budget Period 1,NON_HOSPITAL,No,NOT_HOSPITAL,,"§10.2 NON_HOSPITAL: the named recipient is not a hospital (§0.3a -- judged on the recipient, not the activity), and the source does not mention hospitals anywhere in the funded work.","EXACT, as printed on AHS's list; the 146 rows sum to the table's own total ($109,295,193.50) to the cent.",,,2026-09-25,data/evidence/recheck/2026-09-28/VT/vt_year1_awards.html,123
VT,124,"Recovery House, Inc.",200001.1,NONPROFIT_CBO,No,"Executed agreement, Primary Care: Expanding access to recovery housing for individuals with Substance Use Disorder (SUD) services. Vermont's list is 'partial and ongoing'.",Yes,Yes,FY2026 (Year 1),"RHT Year 1 Awards and Contracts -- Updated as of September 25, 2026",https://healthcarereform.vermont.gov/rht-year-1-executed-agreements-and-contracts,NOTICE_OF_AWARD,DIRECT_TEXT,R/03at_vt_year1_awardees.R,,,,,Primary Care,Expanding access to recovery housing for individuals with Substance Use Disorder (SUD) services,"Recovery House, Inc.",,,rhtp_classify_recipient_type() on the name: NONPROFIT_CBO/LOW.,LOW,RECIPIENT_TYPE_INFERRED,Primary Care,Budget Period 1,NON_HOSPITAL,No,NOT_HOSPITAL,,"§10.2 NON_HOSPITAL: the named recipient is not a hospital (§0.3a -- judged on the recipient, not the activity), and the source does not mention hospitals anywhere in the funded work.","EXACT, as printed on AHS's list; the 146 rows sum to the table's own total ($109,295,193.50) to the cent.",,,2026-09-25,data/evidence/recheck/2026-09-28/VT/vt_year1_awards.html,124
VT,125,Turning Point Center of Bennington,200001.1,NONPROFIT_CBO,No,"Executed agreement, Primary Care: Expanding access to recovery housing for individuals with Substance Use Disorder (SUD) services. Vermont's list is 'partial and ongoing'.",Yes,Yes,FY2026 (Year 1),"RHT Year 1 Awards and Contracts -- Updated as of September 25, 2026",https://healthcarereform.vermont.gov/rht-year-1-executed-agreements-and-contracts,NOTICE_OF_AWARD,DIRECT_TEXT,R/03at_vt_year1_awardees.R,,,,,Primary Care,Expanding access to recovery housing for individuals with Substance Use Disorder (SUD) services,Turning Point Center of Bennington,,,rhtp_classify_recipient_type() on the name: NONPROFIT_CBO/LOW.,LOW,RECIPIENT_TYPE_INFERRED,Primary Care,Budget Period 1,NON_HOSPITAL,No,NOT_HOSPITAL,,"§10.2 NON_HOSPITAL: the named recipient is not a hospital (§0.3a -- judged on the recipient, not the activity), and the source does not mention hospitals anywhere in the funded work.","EXACT, as printed on AHS's list; the 146 rows sum to the table's own total ($109,295,193.50) to the cent.",,,2026-09-25,data/evidence/recheck/2026-09-28/VT/vt_year1_awards.html,125
VT,126,"Turning Point Recovery Center of Springfield, Vermont, Inc.",220115.34,NONPROFIT_CBO,No,"Executed agreement, Primary Care: Expanding access to recovery housing for individuals with Substance Use Disorder (SUD) services. Vermont's list is 'partial and ongoing'.",Yes,Yes,FY2026 (Year 1),"RHT Year 1 Awards and Contracts -- Updated as of September 25, 2026",https://healthcarereform.vermont.gov/rht-year-1-executed-agreements-and-contracts,NOTICE_OF_AWARD,DIRECT_TEXT,R/03at_vt_year1_awardees.R,,,,,Primary Care,Expanding access to recovery housing for individuals with Substance Use Disorder (SUD) services,"Turning Point Recovery Center of Springfield, Vermont, Inc.",,,rhtp_classify_recipient_type() on the name: NONPROFIT_CBO/LOW.,LOW,RECIPIENT_TYPE_INFERRED,Primary Care,Budget Period 1,NON_HOSPITAL,No,NOT_HOSPITAL,,"§10.2 NON_HOSPITAL: the named recipient is not a hospital (§0.3a -- judged on the recipient, not the activity), and the source does not mention hospitals anywhere in the funded work.","EXACT, as printed on AHS's list; the 146 rows sum to the table's own total ($109,295,193.50) to the cent.",,,2026-09-25,data/evidence/recheck/2026-09-28/VT/vt_year1_awards.html,126
VT,127,"United Way of Northwest Vermont, Inc.",194250.96,NONPROFIT_CBO,No,"Executed agreement, Primary Care: Expanding access to recovery housing for individuals with Substance Use Disorder (SUD) services. Vermont's list is 'partial and ongoing'.",Yes,Yes,FY2026 (Year 1),"RHT Year 1 Awards and Contracts -- Updated as of September 25, 2026",https://healthcarereform.vermont.gov/rht-year-1-executed-agreements-and-contracts,NOTICE_OF_AWARD,DIRECT_TEXT,R/03at_vt_year1_awardees.R,,,,,Primary Care,Expanding access to recovery housing for individuals with Substance Use Disorder (SUD) services,"United Way of Northwest Vermont, Inc.",,,rhtp_classify_recipient_type() on the name: NONPROFIT_CBO/LOW.,LOW,RECIPIENT_TYPE_INFERRED,Primary Care,Budget Period 1,NON_HOSPITAL,No,NOT_HOSPITAL,,"§10.2 NON_HOSPITAL: the named recipient is not a hospital (§0.3a -- judged on the recipient, not the activity), and the source does not mention hospitals anywhere in the funded work.","EXACT, as printed on AHS's list; the 146 rows sum to the table's own total ($109,295,193.50) to the cent.",,,2026-09-25,data/evidence/recheck/2026-09-28/VT/vt_year1_awards.html,127
VT,128,"Vermont Alliances for Recovery Residences, Inc.",1801000,NONPROFIT_CBO,No,"Executed agreement, Primary Care: Expanding access to recovery housing for individuals with Substance Use Disorder (SUD) services. Vermont's list is 'partial and ongoing'.",Yes,Yes,FY2026 (Year 1),"RHT Year 1 Awards and Contracts -- Updated as of September 25, 2026",https://healthcarereform.vermont.gov/rht-year-1-executed-agreements-and-contracts,NOTICE_OF_AWARD,DIRECT_TEXT,R/03at_vt_year1_awardees.R,,,,,Primary Care,Expanding access to recovery housing for individuals with Substance Use Disorder (SUD) services,"Vermont Alliances for Recovery Residences, Inc.",,,rhtp_classify_recipient_type() on the name: NONPROFIT_CBO/LOW.,LOW,RECIPIENT_TYPE_INFERRED,Primary Care,Budget Period 1,NON_HOSPITAL,No,NOT_HOSPITAL,,"§10.2 NON_HOSPITAL: the named recipient is not a hospital (§0.3a -- judged on the recipient, not the activity), and the source does not mention hospitals anywhere in the funded work.","EXACT, as printed on AHS's list; the 146 rows sum to the table's own total ($109,295,193.50) to the cent.",,,2026-09-25,data/evidence/recheck/2026-09-28/VT/vt_year1_awards.html,128
VT,129,"Vermont Foundation of Recovery, Inc.",3482543.12,NONPROFIT_CBO,No,"Executed agreement, Primary Care: Expanding access to recovery housing for individuals with Substance Use Disorder (SUD) services. Vermont's list is 'partial and ongoing'.",Yes,Yes,FY2026 (Year 1),"RHT Year 1 Awards and Contracts -- Updated as of September 25, 2026",https://healthcarereform.vermont.gov/rht-year-1-executed-agreements-and-contracts,NOTICE_OF_AWARD,DIRECT_TEXT,R/03at_vt_year1_awardees.R,,,,,Primary Care,Expanding access to recovery housing for individuals with Substance Use Disorder (SUD) services,"Vermont Foundation of Recovery, Inc.",,,rhtp_classify_recipient_type() on the name: NONPROFIT_CBO/LOW.,LOW,RECIPIENT_TYPE_INFERRED,Primary Care,Budget Period 1,NON_HOSPITAL,No,NOT_HOSPITAL,,"§10.2 NON_HOSPITAL: the named recipient is not a hospital (§0.3a -- judged on the recipient, not the activity), and the source does not mention hospitals anywhere in the funded work.","EXACT, as printed on AHS's list; the 146 rows sum to the table's own total ($109,295,193.50) to the cent.",,,2026-09-25,data/evidence/recheck/2026-09-28/VT/vt_year1_awards.html,129
VT,130,Cathedral Square Corporation,2654539.04,NONPROFIT_CBO,No,"Executed agreement, Primary Care: Providing enhanced capacity for team-based care. Vermont's list is 'partial and ongoing'.",Yes,Yes,FY2026 (Year 1),"RHT Year 1 Awards and Contracts -- Updated as of September 25, 2026",https://healthcarereform.vermont.gov/rht-year-1-executed-agreements-and-contracts,NOTICE_OF_AWARD,DIRECT_TEXT,R/03at_vt_year1_awardees.R,,,,,Primary Care,Providing enhanced capacity for team-based care,Cathedral Square Corporation,,,rhtp_classify_recipient_type() on the name: NONPROFIT_CBO/LOW.,LOW,RECIPIENT_TYPE_INFERRED,Primary Care,Budget Period 1,NON_HOSPITAL,No,NOT_HOSPITAL,,"§10.2 NON_HOSPITAL: the named recipient is not a hospital (§0.3a -- judged on the recipient, not the activity), and the source does not mention hospitals anywhere in the funded work.","EXACT, as printed on AHS's list; the 146 rows sum to the table's own total ($109,295,193.50) to the cent.",,,2026-09-25,data/evidence/recheck/2026-09-28/VT/vt_year1_awards.html,130
VT,131,Brattleboro Development Credit Corp,150389.72,NONPROFIT_CBO,No,"Executed agreement, Workforce Development: Expand access to Licensed Nursing Assistant (LNA) training programs. Vermont's list is 'partial and ongoing'.",Yes,Yes,FY2026 (Year 1),"RHT Year 1 Awards and Contracts -- Updated as of September 25, 2026",https://healthcarereform.vermont.gov/rht-year-1-executed-agreements-and-contracts,NOTICE_OF_AWARD,DIRECT_TEXT,R/03at_vt_year1_awardees.R,,,,,Workforce Development,Expand access to Licensed Nursing Assistant (LNA) training programs,Brattleboro Development Credit Corp,,,rhtp_classify_recipient_type() on the name: NONPROFIT_CBO/LOW.,LOW,RECIPIENT_TYPE_INFERRED,Workforce Development,Budget Period 1,NON_HOSPITAL,No,NOT_HOSPITAL,,"§10.2 NON_HOSPITAL: the named recipient is not a hospital (§0.3a -- judged on the recipient, not the activity), and the source does not mention hospitals anywhere in the funded work.","EXACT, as printed on AHS's list; the 146 rows sum to the table's own total ($109,295,193.50) to the cent.",,,2026-09-25,data/evidence/recheck/2026-09-28/VT/vt_year1_awards.html,131
VT,132,Hartford Town School District,297314,SCHOOL_OR_DISTRICT,No,"Executed agreement, Workforce Development: Expand access to Licensed Nursing Assistant (LNA) training programs. Vermont's list is 'partial and ongoing'.",Yes,Yes,FY2026 (Year 1),"RHT Year 1 Awards and Contracts -- Updated as of September 25, 2026",https://healthcarereform.vermont.gov/rht-year-1-executed-agreements-and-contracts,NOTICE_OF_AWARD,DIRECT_TEXT,R/03at_vt_year1_awardees.R,,,,,Workforce Development,Expand access to Licensed Nursing Assistant (LNA) training programs,Hartford Town School District,,,rhtp_classify_recipient_type() on the name: SCHOOL_OR_DISTRICT/HIGH.,HIGH,,Workforce Development,Budget Period 1,NON_HOSPITAL,No,NOT_HOSPITAL,,"§10.2 NON_HOSPITAL: the named recipient is not a hospital (§0.3a -- judged on the recipient, not the activity), and the source does not mention hospitals anywhere in the funded work.","EXACT, as printed on AHS's list; the 146 rows sum to the table's own total ($109,295,193.50) to the cent.",,,2026-09-25,data/evidence/recheck/2026-09-28/VT/vt_year1_awards.html,132
VT,133,Northeastern Vermont Regional Hospital Inc,210371.21,HOSPITAL_OR_SYSTEM,Yes,"Executed agreement, Workforce Development: Expand access to Licensed Nursing Assistant (LNA) training programs. Vermont's list is 'partial and ongoing'.",Yes,Yes,FY2026 (Year 1),"RHT Year 1 Awards and Contracts -- Updated as of September 25, 2026",https://healthcarereform.vermont.gov/rht-year-1-executed-agreements-and-contracts,NOTICE_OF_AWARD,DIRECT_TEXT,R/03at_vt_year1_awardees.R,,,,,Workforce Development,Expand access to Licensed Nursing Assistant (LNA) training programs,Northeastern Vermont Regional Hospital Inc,,VT,"TYPED (session 54/73): CMS Hospital Enrollment: NORTHEASTERN VERMONT REGIONAL HOSPITAL INC, CCN 471303 (CAH). Classifier said HOSPITAL_OR_SYSTEM/HIGH.",HIGH,,Workforce Development,Budget Period 1,DIRECT,Yes,NAMED_HOSPITAL,,"§10.2 DIRECT: the recipient is a hospital (CMS Hospital Enrollment: NORTHEASTERN VERMONT REGIONAL HOSPITAL INC, CCN 471303 (CAH).) and AHS lists the agreement as EXECUTED. §0.3a judges the recipient, not the activity.","EXACT, as printed on AHS's list; the 146 rows sum to the table's own total ($109,295,193.50) to the cent.",ORG_WEBSITE,,2026-09-25,data/evidence/recheck/2026-09-28/VT/vt_year1_awards.html,133
VT,134,Vermont State Colleges,790450.54,UNIVERSITY_OR_AHC,No,"Executed agreement, Workforce Development: Expand access to Licensed Nursing Assistant (LNA) training programs. Vermont's list is 'partial and ongoing'.",Yes,Yes,FY2026 (Year 1),"RHT Year 1 Awards and Contracts -- Updated as of September 25, 2026",https://healthcarereform.vermont.gov/rht-year-1-executed-agreements-and-contracts,NOTICE_OF_AWARD,DIRECT_TEXT,R/03at_vt_year1_awardees.R,,,,,Workforce Development,Expand access to Licensed Nursing Assistant (LNA) training programs,Vermont State Colleges,,VT,TYPED (session 54/73): The Vermont State Colleges system (public higher education). Classifier said NONPROFIT_CBO/LOW.,LOW,,Workforce Development,Budget Period 1,NON_HOSPITAL,No,NOT_HOSPITAL,,"§10.2 NON_HOSPITAL: the named recipient is not a hospital (§0.3a -- judged on the recipient, not the activity), and the source does not mention hospitals anywhere in the funded work.","EXACT, as printed on AHS's list; the 146 rows sum to the table's own total ($109,295,193.50) to the cent.",GENERAL_KNOWLEDGE,,2026-09-25,data/evidence/recheck/2026-09-28/VT/vt_year1_awards.html,134
VT,135,Maple Mountain Vermont,571907.35,NONPROFIT_CBO,No,"Executed agreement, Workforce Development: Establish the Maple Mountain Consortium Family Medicine Residency Program. Vermont's list is 'partial and ongoing'.",Yes,Yes,FY2026 (Year 1),"RHT Year 1 Awards and Contracts -- Updated as of September 25, 2026",https://healthcarereform.vermont.gov/rht-year-1-executed-agreements-and-contracts,NOTICE_OF_AWARD,DIRECT_TEXT,R/03at_vt_year1_awardees.R,,,,,Workforce Development,Establish the Maple Mountain Consortium Family Medicine Residency Program,Maple Mountain Vermont,,,rhtp_classify_recipient_type() on the name: NONPROFIT_CBO/LOW.,LOW,RECIPIENT_TYPE_INFERRED,Workforce Development,Budget Period 1,NON_HOSPITAL,No,NOT_HOSPITAL,,"§10.2 NON_HOSPITAL: the named recipient is not a hospital (§0.3a -- judged on the recipient, not the activity), and the source does not mention hospitals anywhere in the funded work.","EXACT, as printed on AHS's list; the 146 rows sum to the table's own total ($109,295,193.50) to the cent.",,,2026-09-25,data/evidence/recheck/2026-09-28/VT/vt_year1_awards.html,135
VT,136,KPH Healthcare Services Inc. DBA Kinney Drugs,8649920,OTHER,No,"Executed agreement, Workforce Development: Expand pharmacists’ scope to include test-to-treat in more scenarios. Vermont's list is 'partial and ongoing'.",Yes,Yes,FY2026 (Year 1),"RHT Year 1 Awards and Contracts -- Updated as of September 25, 2026",https://healthcarereform.vermont.gov/rht-year-1-executed-agreements-and-contracts,NOTICE_OF_AWARD,DIRECT_TEXT,R/03at_vt_year1_awardees.R,,,,,Workforce Development,Expand pharmacists’ scope to include test-to-treat in more scenarios,KPH Healthcare Services Inc.,Kinney Drugs,VT,"TYPED (session 54/73): RETAIL PHARMACY CHAIN (dba Kinney Drugs), by general knowledge; funded to expand pharmacists' test-to-treat scope. Classifier said NONPROFIT_CBO/LOW.",LOW,,Workforce Development,Budget Period 1,NON_HOSPITAL,No,NOT_HOSPITAL,,"§10.2 NON_HOSPITAL: the named recipient is not a hospital (§0.3a -- judged on the recipient, not the activity), and the source does not mention hospitals anywhere in the funded work. Determined form: RETAIL PHARMACY CHAIN (dba Kinney Drugs), by general knowledge; funded to expand pharmacists' test-to-treat scope.","EXACT, as printed on AHS's list; the 146 rows sum to the table's own total ($109,295,193.50) to the cent.",GENERAL_KNOWLEDGE,,2026-09-25,data/evidence/recheck/2026-09-28/VT/vt_year1_awards.html,136
VT,137,"Little Rivers Health Care, Inc.",90340,FQHC_OR_RHC,No,"Executed agreement, Workforce Development: Expand pharmacists’ scope to include test-to-treat in more scenarios. Vermont's list is 'partial and ongoing'.",Yes,Yes,FY2026 (Year 1),"RHT Year 1 Awards and Contracts -- Updated as of September 25, 2026",https://healthcarereform.vermont.gov/rht-year-1-executed-agreements-and-contracts,NOTICE_OF_AWARD,DIRECT_TEXT,R/03at_vt_year1_awardees.R,,,,,Workforce Development,Expand pharmacists’ scope to include test-to-treat in more scenarios,"Little Rivers Health Care, Inc.",,VT,"TYPED (session 54/73): CMS FQHC Enrollment: LITTLE RIVERS HEALTH CARE, INC. Classifier said NONPROFIT_CBO/LOW.",MEDIUM,,Workforce Development,Budget Period 1,NON_HOSPITAL,No,NOT_HOSPITAL,,"§10.2 NON_HOSPITAL: the named recipient is not a hospital (§0.3a -- judged on the recipient, not the activity), and the source does not mention hospitals anywhere in the funded work.","EXACT, as printed on AHS's list; the 146 rows sum to the table's own total ($109,295,193.50) to the cent.",ORG_WEBSITE,,2026-09-25,data/evidence/recheck/2026-09-28/VT/vt_year1_awards.html,137
VT,138,Vermont Student Assistance Corporation,9059785,OTHER,No,"Executed agreement, Workforce Development: Health care workforce conditional financial assistance program. Vermont's list is 'partial and ongoing'.",Yes,Yes,FY2026 (Year 1),"RHT Year 1 Awards and Contracts -- Updated as of September 25, 2026",https://healthcarereform.vermont.gov/rht-year-1-executed-agreements-and-contracts,NOTICE_OF_AWARD,DIRECT_TEXT,R/03at_vt_year1_awardees.R,,,,,Workforce Development,Health care workforce conditional financial assistance program,Vermont Student Assistance Corporation,,VT,"TYPED (session 54/73): STATE STUDENT-AID CORPORATION (a public nonprofit created by statute), administering conditional financial assistance to health-care students. Classifier said NONPROFIT_CBO/LOW.",LOW,,Workforce Development,Budget Period 1,NON_HOSPITAL,No,NOT_HOSPITAL,,"§10.2 NON_HOSPITAL: the named recipient is not a hospital (§0.3a -- judged on the recipient, not the activity), and the source does not mention hospitals anywhere in the funded work. Determined form: STATE STUDENT-AID CORPORATION (a public nonprofit created by statute), administering conditional financial assistance to health-care students.","EXACT, as printed on AHS's list; the 146 rows sum to the table's own total ($109,295,193.50) to the cent.",GENERAL_KNOWLEDGE,,2026-09-25,data/evidence/recheck/2026-09-28/VT/vt_year1_awards.html,138
VT,139,Lamoille Home Health & Hospice,372430.42,OTHER,No,"Executed agreement, Workforce Development: Health care professions mentorship program. Vermont's list is 'partial and ongoing'.",Yes,Yes,FY2026 (Year 1),"RHT Year 1 Awards and Contracts -- Updated as of September 25, 2026",https://healthcarereform.vermont.gov/rht-year-1-executed-agreements-and-contracts,NOTICE_OF_AWARD,DIRECT_TEXT,R/03at_vt_year1_awardees.R,,,,,Workforce Development,Health care professions mentorship program,Lamoille Home Health & Hospice,,VT,"TYPED (session 54/73): HOME HEALTH AGENCY. CMS HHA Enrollment: LAMOILLE HOME HEALTH AGENCY, INC. dba LAMOILLE HOME HEALTH & HOSPICE, CCN 477015. Classifier said NONPROFIT_CBO/LOW.",MEDIUM,,Workforce Development,Budget Period 1,NON_HOSPITAL,No,NOT_HOSPITAL,,"§10.2 NON_HOSPITAL: the named recipient is not a hospital (§0.3a -- judged on the recipient, not the activity), and the source does not mention hospitals anywhere in the funded work. Determined form: HOME HEALTH AGENCY. CMS HHA Enrollment: LAMOILLE HOME HEALTH AGENCY, INC. dba LAMOILLE HOME HEALTH & HOSPICE, CCN 477015.","EXACT, as printed on AHS's list; the 146 rows sum to the table's own total ($109,295,193.50) to the cent.",ORG_WEBSITE,,2026-09-25,data/evidence/recheck/2026-09-28/VT/vt_year1_awards.html,139
VT,140,Northern Counties Health Care DBA Caledonia Home Health Care and Hospice,408400.02,FQHC_OR_RHC,No,"Executed agreement, Workforce Development: Health care professions mentorship program. Vermont's list is 'partial and ongoing'.",Yes,Yes,FY2026 (Year 1),"RHT Year 1 Awards and Contracts -- Updated as of September 25, 2026",https://healthcarereform.vermont.gov/rht-year-1-executed-agreements-and-contracts,NOTICE_OF_AWARD,DIRECT_TEXT,R/03at_vt_year1_awardees.R,,,,,Workforce Development,Health care professions mentorship program,Northern Counties Health Care,Caledonia Home Health Care and Hospice,VT,TYPED (session 54/73): CMS FQHC Enrollment: NORTHERN COUNTIES HEALTH CARE INC (St. Johnsbury Community Health Center and others). Classifier said NONPROFIT_CBO/LOW.,MEDIUM,,Workforce Development,Budget Period 1,NON_HOSPITAL,No,NOT_HOSPITAL,,"§10.2 NON_HOSPITAL: the named recipient is not a hospital (§0.3a -- judged on the recipient, not the activity), and the source does not mention hospitals anywhere in the funded work.","EXACT, as printed on AHS's list; the 146 rows sum to the table's own total ($109,295,193.50) to the cent.",ORG_WEBSITE,,2026-09-25,data/evidence/recheck/2026-09-28/VT/vt_year1_awards.html,140
VT,141,Central Vermont Home Health & Hospice,366841.44,OTHER,No,"Executed agreement, Workforce Development: Health care professions mentorship program. Vermont's list is 'partial and ongoing'.",Yes,Yes,FY2026 (Year 1),"RHT Year 1 Awards and Contracts -- Updated as of September 25, 2026",https://healthcarereform.vermont.gov/rht-year-1-executed-agreements-and-contracts,NOTICE_OF_AWARD,DIRECT_TEXT,R/03at_vt_year1_awardees.R,,,,,Workforce Development,Health care professions mentorship program,Central Vermont Home Health & Hospice,,VT,"TYPED (session 54/73): HOME HEALTH AGENCY. CMS HHA Enrollment: CENTRAL VERMONT HOME HEALTH & HOSPICE, INC, CCN 477003. Classifier said NONPROFIT_CBO/LOW.",MEDIUM,,Workforce Development,Budget Period 1,NON_HOSPITAL,No,NOT_HOSPITAL,,"§10.2 NON_HOSPITAL: the named recipient is not a hospital (§0.3a -- judged on the recipient, not the activity), and the source does not mention hospitals anywhere in the funded work. Determined form: HOME HEALTH AGENCY. CMS HHA Enrollment: CENTRAL VERMONT HOME HEALTH & HOSPICE, INC, CCN 477003.","EXACT, as printed on AHS's list; the 146 rows sum to the table's own total ($109,295,193.50) to the cent.",ORG_WEBSITE,,2026-09-25,data/evidence/recheck/2026-09-28/VT/vt_year1_awards.html,141
VT,142,"Dartmouth Health Home Care, Inc.",1101645,OTHER,No,"Executed agreement, Workforce Development: Health care professions mentorship program. Vermont's list is 'partial and ongoing'.",Yes,Yes,FY2026 (Year 1),"RHT Year 1 Awards and Contracts -- Updated as of September 25, 2026",https://healthcarereform.vermont.gov/rht-year-1-executed-agreements-and-contracts,NOTICE_OF_AWARD,DIRECT_TEXT,R/03at_vt_year1_awardees.R,,,,,Workforce Development,Health care professions mentorship program,"Dartmouth Health Home Care, Inc. *",,NH,"TYPED (session 54/73): HOME HEALTH AGENCY, by general knowledge (Dartmouth Health's home-care arm, New Hampshire-based; starred on the page as funding for Vermont patients). Not in CMS's VT HHA file under this name -- LOW. Classifier said NONPROFIT_CBO/LOW.",LOW,,Workforce Development,Budget Period 1,NON_HOSPITAL,No,NOT_HOSPITAL,,"§10.2 NON_HOSPITAL: the named recipient is not a hospital (§0.3a -- judged on the recipient, not the activity), and the source does not mention hospitals anywhere in the funded work. Determined form: HOME HEALTH AGENCY, by general knowledge (Dartmouth Health's home-care arm, New Hampshire-based; starred on the page as funding for Vermont patients). Not in CMS's VT HHA file under this name -- LOW.","EXACT, as printed on AHS's list; the 146 rows sum to the table's own total ($109,295,193.50) to the cent.",GENERAL_KNOWLEDGE,,2026-09-25,data/evidence/recheck/2026-09-28/VT/vt_year1_awards.html,142
VT,143,University of Vermont Health - Home Health & Hospice,645824.3,OTHER,No,"Executed agreement, Workforce Development: Health care professions mentorship program. Vermont's list is 'partial and ongoing'.",Yes,Yes,FY2026 (Year 1),"RHT Year 1 Awards and Contracts -- Updated as of September 25, 2026",https://healthcarereform.vermont.gov/rht-year-1-executed-agreements-and-contracts,NOTICE_OF_AWARD,DIRECT_TEXT,R/03at_vt_year1_awardees.R,,,,,Workforce Development,Health care professions mentorship program,University of Vermont Health - Home Health & Hospice,,VT,"TYPED (session 54/73): HOME HEALTH AGENCY. CMS HHA Enrollment: THE UNIVERSITY OF VERMONT HEALTH NETWORK HOME HEALTH & HOSPICE, INC., CCN 477000. The classifier's UNIVERSITY_OR_AHC reads 'University' and is wrong; a hospital system's home-health subsidiary is not the hospital (session 49's affiliated-arm test turns on a FOUNDATION of a named hospital, and this is a separately enrolled provider type). Classifier said UNIVERSITY_OR_AHC/HIGH.",MEDIUM,,Workforce Development,Budget Period 1,NON_HOSPITAL,No,NOT_HOSPITAL,,"§10.2 NON_HOSPITAL: the named recipient is not a hospital (§0.3a -- judged on the recipient, not the activity), and the source does not mention hospitals anywhere in the funded work. Determined form: HOME HEALTH AGENCY. CMS HHA Enrollment: THE UNIVERSITY OF VERMONT HEALTH NETWORK HOME HEALTH & HOSPICE, INC., CCN 477000. The classifier's UNIVERSITY_OR_AHC reads 'University' and is wrong; a hospital system's home-health subsidiary is not the hospital (session 49's affiliated-arm test turns on a FOUNDATION of a named hospital, and this is a separately enrolled provider type).","EXACT, as printed on AHS's list; the 146 rows sum to the table's own total ($109,295,193.50) to the cent.",ORG_WEBSITE,,2026-09-25,data/evidence/recheck/2026-09-28/VT/vt_year1_awards.html,143
VT,144,"VNA & Hospice of the Southwest Region, Inc.",1478711.17,OTHER,No,"Executed agreement, Workforce Development: Health care professions mentorship program. Vermont's list is 'partial and ongoing'.",Yes,Yes,FY2026 (Year 1),"RHT Year 1 Awards and Contracts -- Updated as of September 25, 2026",https://healthcarereform.vermont.gov/rht-year-1-executed-agreements-and-contracts,NOTICE_OF_AWARD,DIRECT_TEXT,R/03at_vt_year1_awardees.R,,,,,Workforce Development,Health care professions mentorship program,"VNA & Hospice of the Southwest Region, Inc.",,VT,"TYPED (session 54/73): HOME HEALTH AGENCY. CMS HHA Enrollment: VNA & HOSPICE OF THE SOUTHWEST REGION, INC., CCN 477007. Classifier said NONPROFIT_CBO/LOW.",MEDIUM,,Workforce Development,Budget Period 1,NON_HOSPITAL,No,NOT_HOSPITAL,,"§10.2 NON_HOSPITAL: the named recipient is not a hospital (§0.3a -- judged on the recipient, not the activity), and the source does not mention hospitals anywhere in the funded work. Determined form: HOME HEALTH AGENCY. CMS HHA Enrollment: VNA & HOSPICE OF THE SOUTHWEST REGION, INC., CCN 477007.","EXACT, as printed on AHS's list; the 146 rows sum to the table's own total ($109,295,193.50) to the cent.",ORG_WEBSITE,,2026-09-25,data/evidence/recheck/2026-09-28/VT/vt_year1_awards.html,144
VT,145,Wakely Consulting Group,500000,VENDOR_OR_CONTRACTOR,No,"Executed agreement, Price Transparency and Insurance Diversification: Statewide assessment of options to improve health coverage affordability. Vermont's list is 'partial and ongoing'.",Yes,Yes,FY2026 (Year 1),"RHT Year 1 Awards and Contracts -- Updated as of September 25, 2026",https://healthcarereform.vermont.gov/rht-year-1-executed-agreements-and-contracts,NOTICE_OF_AWARD,DIRECT_TEXT,R/03at_vt_year1_awardees.R,,,,,Price Transparency and Insurance Diversification,Statewide assessment of options to improve health coverage affordability,Wakely Consulting Group,,,TYPED (session 54/73): Actuarial consultancy contracted by the State. Classifier said NONPROFIT_CBO/LOW.,LOW,,Price Transparency and Insurance Diversification,Budget Period 1,NON_HOSPITAL,No,NOT_HOSPITAL,,"§10.2 NON_HOSPITAL: the named recipient is not a hospital (§0.3a -- judged on the recipient, not the activity), and the source does not mention hospitals anywhere in the funded work.","EXACT, as printed on AHS's list; the 146 rows sum to the table's own total ($109,295,193.50) to the cent.",GENERAL_KNOWLEDGE,,2026-09-25,data/evidence/recheck/2026-09-28/VT/vt_year1_awards.html,145
