state,row_no,awardee,amount,recipient_type,distributed_to_hospital,note,recipient_confirmed,amount_confirmed,fiscal_year,source_document_title,state_source_url,validation_source_type,extraction_method,validator,ccn,aha_id,rural_designation,reviewer,recipient_type_source,determination_confidence,flag_reason,award_pool,budget_period,flow_type,hospital_benefiting,hospital_attribution,intermediary_name,determination_basis,amount_basis,ein,score,requested_amount,recommended_amount,approval_condition,county,round_amount,award_source,approval_date,source_archive_path
WY,1,Memorial Hospital of Converse County (MHCC),3058000,HOSPITAL_OR_SYSTEM,Yes,"Initiative 1.1 Critical Access Hospital - Basic. APPROVED BY THE RURAL HEALTH TRANSFORMATION ADVISORY COMMITTEE ON 2026-08-11, NOT EXECUTED: Wyoming's Year 1 obligation deadline for executed contracts is End of October 2026 (the minutes' own words) and WDH's programme-page timeline gives 2026-10-01. `round_amount` is this INITIATIVE's approved pool and repeats on every row of it -- never sum that column (Georgia's trap); use wy_reconcile(). ",Yes,No,2026,"Wyoming Rural Health Transformation Advisory Committee, Award Approvals - 8.11.26",https://health.wyo.gov/admin/rural-health-transformation-program/,NOTICE_OF_INTENT_TO_AWARD,PARSED_PDF_RUNS,R/03aj_wy_year1_awardees.R,,,,,"Recipient form STATED BY WYOMING, not inferred from the name: the award table's first column is headed ""Hospital"", the initiative is ""1.1. Critical Access Hospital - Basic"", and the Year 1 Revised Budget Narrative's Eligible Applicants block for Initiative 1.1 gives one Facility Type -- ""Critical Access Hospital (18 Total)"". §8's name rule reaches only 15 of the 18 approved; typing the other three from this pipeline's own knowledge would be the §0.4 failure, and leaving them on §8's standing fallback would assert the form is undetermined where the state has stated it (session 38's UNC precedent, session 39's MCO precedent).",MEDIUM,AMOUNT_PRELIMINARY,1.1 Critical Access Hospital - Basic,Budget Period 1 (2025-12-29 to 2026-10-30),DIRECT,Yes,NAMED_HOSPITAL,,"Recipient form STATED BY WYOMING, not inferred from the name: the award table's first column is headed ""Hospital"", the initiative is ""1.1. Critical Access Hospital - Basic"", and the Year 1 Revised Budget Narrative's Eligible Applicants block for Initiative 1.1 gives one Facility Type -- ""Critical Access Hospital (18 Total)"". §8's name rule reaches only 15 of the 18 approved; typing the other three from this pipeline's own knowledge would be the §0.4 failure, and leaving them on §8's standing fallback would assert the form is undetermined where the state has stated it (session 38's UNC precedent, session 39's MCO precedent). §10.2 DIRECT: the named recipient is a hospital or hospital system and the state's award document names both the recipient and the amount.","The figure in the committee document's own APPROVED column for this row, read with session 32's run model. Six of this document's rows carry the recipient name in a SEPARATE PAINTED RUN from the rest of the row, so the line model splits them and loses $5,156,000 of Initiative 1.1 in silence; the runs keep the name and the money together. Every table reconciles to the document's own Total row, to the budget summary's Approved award column, and thence to the $205,004,742 allotment.",83-6000097,39.7,2750000,3058000,,,48200174,APPROVALS_TABLE,2026-08-11,data/evidence/WY/2026-09-03_wy_advisory_committee_award_approvals_2026-08-11.pdf
WY,2,Sheridan Memorial Hospital,6662685,HOSPITAL_OR_SYSTEM,Yes,"Initiative 1.1 Critical Access Hospital - Basic. APPROVED BY THE RURAL HEALTH TRANSFORMATION ADVISORY COMMITTEE ON 2026-08-11, NOT EXECUTED: Wyoming's Year 1 obligation deadline for executed contracts is End of October 2026 (the minutes' own words) and WDH's programme-page timeline gives 2026-10-01. `round_amount` is this INITIATIVE's approved pool and repeats on every row of it -- never sum that column (Georgia's trap); use wy_reconcile(). CONDITION AS PUBLISHED: Swing bed authorized condition upon approval by WDH re: costs, allowability ",Yes,No,2026,"Wyoming Rural Health Transformation Advisory Committee, Award Approvals - 8.11.26",https://health.wyo.gov/admin/rural-health-transformation-program/,NOTICE_OF_INTENT_TO_AWARD,PARSED_PDF_RUNS,R/03aj_wy_year1_awardees.R,,,,,"Recipient form STATED BY WYOMING, not inferred from the name: the award table's first column is headed ""Hospital"", the initiative is ""1.1. Critical Access Hospital - Basic"", and the Year 1 Revised Budget Narrative's Eligible Applicants block for Initiative 1.1 gives one Facility Type -- ""Critical Access Hospital (18 Total)"". §8's name rule reaches only 15 of the 18 approved; typing the other three from this pipeline's own knowledge would be the §0.4 failure, and leaving them on §8's standing fallback would assert the form is undetermined where the state has stated it (session 38's UNC precedent, session 39's MCO precedent).",MEDIUM,AMOUNT_PRELIMINARY,1.1 Critical Access Hospital - Basic,Budget Period 1 (2025-12-29 to 2026-10-30),DIRECT,Yes,NAMED_HOSPITAL,,"Recipient form STATED BY WYOMING, not inferred from the name: the award table's first column is headed ""Hospital"", the initiative is ""1.1. Critical Access Hospital - Basic"", and the Year 1 Revised Budget Narrative's Eligible Applicants block for Initiative 1.1 gives one Facility Type -- ""Critical Access Hospital (18 Total)"". §8's name rule reaches only 15 of the 18 approved; typing the other three from this pipeline's own knowledge would be the §0.4 failure, and leaving them on §8's standing fallback would assert the form is undetermined where the state has stated it (session 38's UNC precedent, session 39's MCO precedent). §10.2 DIRECT: the named recipient is a hospital or hospital system and the state's award document names both the recipient and the amount.","The figure in the committee document's own APPROVED column for this row, read with session 32's run model. Six of this document's rows carry the recipient name in a SEPARATE PAINTED RUN from the rest of the row, so the line model splits them and loses $5,156,000 of Initiative 1.1 in silence; the runs keep the name and the money together. Every table reconciles to the document's own Total row, to the budget summary's Approved award column, and thence to the $205,004,742 allotment.",83-6000241,37.3,2750000,3750000,"Swing bed authorized condition upon approval by WDH re: costs, allowability",,48200174,APPROVALS_TABLE,2026-08-11,data/evidence/WY/2026-09-03_wy_advisory_committee_award_approvals_2026-08-11.pdf
WY,3,Powell Valley Health Care Inc,3128331,HOSPITAL_OR_SYSTEM,Yes,"Initiative 1.1 Critical Access Hospital - Basic. APPROVED BY THE RURAL HEALTH TRANSFORMATION ADVISORY COMMITTEE ON 2026-08-11, NOT EXECUTED: Wyoming's Year 1 obligation deadline for executed contracts is End of October 2026 (the minutes' own words) and WDH's programme-page timeline gives 2026-10-01. `round_amount` is this INITIATIVE's approved pool and repeats on every row of it -- never sum that column (Georgia's trap); use wy_reconcile(). ",Yes,No,2026,"Wyoming Rural Health Transformation Advisory Committee, Award Approvals - 8.11.26",https://health.wyo.gov/admin/rural-health-transformation-program/,NOTICE_OF_INTENT_TO_AWARD,PARSED_PDF_RUNS,R/03aj_wy_year1_awardees.R,,,,,"Recipient form STATED BY WYOMING, not inferred from the name: the award table's first column is headed ""Hospital"", the initiative is ""1.1. Critical Access Hospital - Basic"", and the Year 1 Revised Budget Narrative's Eligible Applicants block for Initiative 1.1 gives one Facility Type -- ""Critical Access Hospital (18 Total)"". §8's name rule reaches only 15 of the 18 approved; typing the other three from this pipeline's own knowledge would be the §0.4 failure, and leaving them on §8's standing fallback would assert the form is undetermined where the state has stated it (session 38's UNC precedent, session 39's MCO precedent).",MEDIUM,AMOUNT_PRELIMINARY,1.1 Critical Access Hospital - Basic,Budget Period 1 (2025-12-29 to 2026-10-30),DIRECT,Yes,NAMED_HOSPITAL,,"Recipient form STATED BY WYOMING, not inferred from the name: the award table's first column is headed ""Hospital"", the initiative is ""1.1. Critical Access Hospital - Basic"", and the Year 1 Revised Budget Narrative's Eligible Applicants block for Initiative 1.1 gives one Facility Type -- ""Critical Access Hospital (18 Total)"". §8's name rule reaches only 15 of the 18 approved; typing the other three from this pipeline's own knowledge would be the §0.4 failure, and leaving them on §8's standing fallback would assert the form is undetermined where the state has stated it (session 38's UNC precedent, session 39's MCO precedent). §10.2 DIRECT: the named recipient is a hospital or hospital system and the state's award document names both the recipient and the amount.","The figure in the committee document's own APPROVED column for this row, read with session 32's run model. Six of this document's rows carry the recipient name in a SEPARATE PAINTED RUN from the rest of the row, so the line model splits them and loses $5,156,000 of Initiative 1.1 in silence; the runs keep the name and the money together. Every table reconciles to the document's own Total row, to the budget summary's Approved award column, and thence to the $205,004,742 allotment.",83-0300467,30,2000000,3128331,,,48200174,APPROVALS_TABLE,2026-08-11,data/evidence/WY/2026-09-03_wy_advisory_committee_award_approvals_2026-08-11.pdf
WY,4,Cody Regional Health,2750000,HOSPITAL_OR_SYSTEM,Yes,"Initiative 1.1 Critical Access Hospital - Basic. APPROVED BY THE RURAL HEALTH TRANSFORMATION ADVISORY COMMITTEE ON 2026-08-11, NOT EXECUTED: Wyoming's Year 1 obligation deadline for executed contracts is End of October 2026 (the minutes' own words) and WDH's programme-page timeline gives 2026-10-01. `round_amount` is this INITIATIVE's approved pool and repeats on every row of it -- never sum that column (Georgia's trap); use wy_reconcile(). ",Yes,No,2026,"Wyoming Rural Health Transformation Advisory Committee, Award Approvals - 8.11.26",https://health.wyo.gov/admin/rural-health-transformation-program/,NOTICE_OF_INTENT_TO_AWARD,PARSED_PDF_RUNS,R/03aj_wy_year1_awardees.R,,,,,"Recipient form STATED BY WYOMING, not inferred from the name: the award table's first column is headed ""Hospital"", the initiative is ""1.1. Critical Access Hospital - Basic"", and the Year 1 Revised Budget Narrative's Eligible Applicants block for Initiative 1.1 gives one Facility Type -- ""Critical Access Hospital (18 Total)"". §8's name rule reaches only 15 of the 18 approved; typing the other three from this pipeline's own knowledge would be the §0.4 failure, and leaving them on §8's standing fallback would assert the form is undetermined where the state has stated it (session 38's UNC precedent, session 39's MCO precedent).",MEDIUM,AMOUNT_PRELIMINARY,1.1 Critical Access Hospital - Basic,Budget Period 1 (2025-12-29 to 2026-10-30),DIRECT,Yes,NAMED_HOSPITAL,,"Recipient form STATED BY WYOMING, not inferred from the name: the award table's first column is headed ""Hospital"", the initiative is ""1.1. Critical Access Hospital - Basic"", and the Year 1 Revised Budget Narrative's Eligible Applicants block for Initiative 1.1 gives one Facility Type -- ""Critical Access Hospital (18 Total)"". §8's name rule reaches only 15 of the 18 approved; typing the other three from this pipeline's own knowledge would be the §0.4 failure, and leaving them on §8's standing fallback would assert the form is undetermined where the state has stated it (session 38's UNC precedent, session 39's MCO precedent). §10.2 DIRECT: the named recipient is a hospital or hospital system and the state's award document names both the recipient and the amount.","The figure in the committee document's own APPROVED column for this row, read with session 32's run model. Six of this document's rows carry the recipient name in a SEPARATE PAINTED RUN from the rest of the row, so the line model splits them and loses $5,156,000 of Initiative 1.1 in silence; the runs keep the name and the money together. Every table reconciles to the document's own Total row, to the budget summary's Approved award column, and thence to the $205,004,742 allotment.",83-0207671,27.7,2750000,2750000,,,48200174,APPROVALS_TABLE,2026-08-11,data/evidence/WY/2026-09-03_wy_advisory_committee_award_approvals_2026-08-11.pdf
WY,5,Johnson County Hospital District,3048158,HOSPITAL_OR_SYSTEM,Yes,"Initiative 1.1 Critical Access Hospital - Basic. APPROVED BY THE RURAL HEALTH TRANSFORMATION ADVISORY COMMITTEE ON 2026-08-11, NOT EXECUTED: Wyoming's Year 1 obligation deadline for executed contracts is End of October 2026 (the minutes' own words) and WDH's programme-page timeline gives 2026-10-01. `round_amount` is this INITIATIVE's approved pool and repeats on every row of it -- never sum that column (Georgia's trap); use wy_reconcile(). ",Yes,No,2026,"Wyoming Rural Health Transformation Advisory Committee, Award Approvals - 8.11.26",https://health.wyo.gov/admin/rural-health-transformation-program/,NOTICE_OF_INTENT_TO_AWARD,PARSED_PDF_RUNS,R/03aj_wy_year1_awardees.R,,,,,"Recipient form STATED BY WYOMING, not inferred from the name: the award table's first column is headed ""Hospital"", the initiative is ""1.1. Critical Access Hospital - Basic"", and the Year 1 Revised Budget Narrative's Eligible Applicants block for Initiative 1.1 gives one Facility Type -- ""Critical Access Hospital (18 Total)"". §8's name rule reaches only 15 of the 18 approved; typing the other three from this pipeline's own knowledge would be the §0.4 failure, and leaving them on §8's standing fallback would assert the form is undetermined where the state has stated it (session 38's UNC precedent, session 39's MCO precedent).",MEDIUM,AMOUNT_PRELIMINARY,1.1 Critical Access Hospital - Basic,Budget Period 1 (2025-12-29 to 2026-10-30),DIRECT,Yes,NAMED_HOSPITAL,,"Recipient form STATED BY WYOMING, not inferred from the name: the award table's first column is headed ""Hospital"", the initiative is ""1.1. Critical Access Hospital - Basic"", and the Year 1 Revised Budget Narrative's Eligible Applicants block for Initiative 1.1 gives one Facility Type -- ""Critical Access Hospital (18 Total)"". §8's name rule reaches only 15 of the 18 approved; typing the other three from this pipeline's own knowledge would be the §0.4 failure, and leaving them on §8's standing fallback would assert the form is undetermined where the state has stated it (session 38's UNC precedent, session 39's MCO precedent). §10.2 DIRECT: the named recipient is a hospital or hospital system and the state's award document names both the recipient and the amount.","The figure in the committee document's own APPROVED column for this row, read with session 32's run model. Six of this document's rows carry the recipient name in a SEPARATE PAINTED RUN from the rest of the row, so the line model splits them and loses $5,156,000 of Initiative 1.1 in silence; the runs keep the name and the money together. Every table reconciles to the document's own Total row, to the budget summary's Approved award column, and thence to the $205,004,742 allotment.",84-1379990,26.7,2500000,3048158,,,48200174,APPROVALS_TABLE,2026-08-11,data/evidence/WY/2026-09-03_wy_advisory_committee_award_approvals_2026-08-11.pdf
WY,6,North Lincoln County Hospital District dba Star Valley,2500000,HOSPITAL_OR_SYSTEM,Yes,"Initiative 1.1 Critical Access Hospital - Basic. APPROVED BY THE RURAL HEALTH TRANSFORMATION ADVISORY COMMITTEE ON 2026-08-11, NOT EXECUTED: Wyoming's Year 1 obligation deadline for executed contracts is End of October 2026 (the minutes' own words) and WDH's programme-page timeline gives 2026-10-01. `round_amount` is this INITIATIVE's approved pool and repeats on every row of it -- never sum that column (Georgia's trap); use wy_reconcile(). ",Yes,No,2026,"Wyoming Rural Health Transformation Advisory Committee, Award Approvals - 8.11.26",https://health.wyo.gov/admin/rural-health-transformation-program/,NOTICE_OF_INTENT_TO_AWARD,PARSED_PDF_RUNS,R/03aj_wy_year1_awardees.R,,,,,"Recipient form STATED BY WYOMING, not inferred from the name: the award table's first column is headed ""Hospital"", the initiative is ""1.1. Critical Access Hospital - Basic"", and the Year 1 Revised Budget Narrative's Eligible Applicants block for Initiative 1.1 gives one Facility Type -- ""Critical Access Hospital (18 Total)"". §8's name rule reaches only 15 of the 18 approved; typing the other three from this pipeline's own knowledge would be the §0.4 failure, and leaving them on §8's standing fallback would assert the form is undetermined where the state has stated it (session 38's UNC precedent, session 39's MCO precedent).",MEDIUM,AMOUNT_PRELIMINARY,1.1 Critical Access Hospital - Basic,Budget Period 1 (2025-12-29 to 2026-10-30),DIRECT,Yes,NAMED_HOSPITAL,,"Recipient form STATED BY WYOMING, not inferred from the name: the award table's first column is headed ""Hospital"", the initiative is ""1.1. Critical Access Hospital - Basic"", and the Year 1 Revised Budget Narrative's Eligible Applicants block for Initiative 1.1 gives one Facility Type -- ""Critical Access Hospital (18 Total)"". §8's name rule reaches only 15 of the 18 approved; typing the other three from this pipeline's own knowledge would be the §0.4 failure, and leaving them on §8's standing fallback would assert the form is undetermined where the state has stated it (session 38's UNC precedent, session 39's MCO precedent). §10.2 DIRECT: the named recipient is a hospital or hospital system and the state's award document names both the recipient and the amount.","The figure in the committee document's own APPROVED column for this row, read with session 32's run model. Six of this document's rows carry the recipient name in a SEPARATE PAINTED RUN from the rest of the row, so the line model splits them and loses $5,156,000 of Initiative 1.1 in silence; the runs keep the name and the money together. Every table reconciles to the document's own Total row, to the budget summary's Approved award column, and thence to the $205,004,742 allotment.",83-0327251,26,2500000,2500000,,,48200174,APPROVALS_TABLE,2026-08-11,data/evidence/WY/2026-09-03_wy_advisory_committee_award_approvals_2026-08-11.pdf
WY,7,Crook County Medical Services District,1647000,HOSPITAL_OR_SYSTEM,Yes,"Initiative 1.1 Critical Access Hospital - Basic. APPROVED BY THE RURAL HEALTH TRANSFORMATION ADVISORY COMMITTEE ON 2026-08-11, NOT EXECUTED: Wyoming's Year 1 obligation deadline for executed contracts is End of October 2026 (the minutes' own words) and WDH's programme-page timeline gives 2026-10-01. `round_amount` is this INITIATIVE's approved pool and repeats on every row of it -- never sum that column (Georgia's trap); use wy_reconcile(). ",Yes,No,2026,"Wyoming Rural Health Transformation Advisory Committee, Award Approvals - 8.11.26",https://health.wyo.gov/admin/rural-health-transformation-program/,NOTICE_OF_INTENT_TO_AWARD,PARSED_PDF_RUNS,R/03aj_wy_year1_awardees.R,,,,,"Recipient form STATED BY WYOMING, not inferred from the name: the award table's first column is headed ""Hospital"", the initiative is ""1.1. Critical Access Hospital - Basic"", and the Year 1 Revised Budget Narrative's Eligible Applicants block for Initiative 1.1 gives one Facility Type -- ""Critical Access Hospital (18 Total)"". §8's name rule reaches only 15 of the 18 approved; typing the other three from this pipeline's own knowledge would be the §0.4 failure, and leaving them on §8's standing fallback would assert the form is undetermined where the state has stated it (session 38's UNC precedent, session 39's MCO precedent).",MEDIUM,AMOUNT_PRELIMINARY,1.1 Critical Access Hospital - Basic,Budget Period 1 (2025-12-29 to 2026-10-30),DIRECT,Yes,NAMED_HOSPITAL,,"Recipient form STATED BY WYOMING, not inferred from the name: the award table's first column is headed ""Hospital"", the initiative is ""1.1. Critical Access Hospital - Basic"", and the Year 1 Revised Budget Narrative's Eligible Applicants block for Initiative 1.1 gives one Facility Type -- ""Critical Access Hospital (18 Total)"". §8's name rule reaches only 15 of the 18 approved; typing the other three from this pipeline's own knowledge would be the §0.4 failure, and leaving them on §8's standing fallback would assert the form is undetermined where the state has stated it (session 38's UNC precedent, session 39's MCO precedent). §10.2 DIRECT: the named recipient is a hospital or hospital system and the state's award document names both the recipient and the amount.","The figure in the committee document's own APPROVED column for this row, read with session 32's run model. Six of this document's rows carry the recipient name in a SEPARATE PAINTED RUN from the rest of the row, so the line model splits them and loses $5,156,000 of Initiative 1.1 in silence; the runs keep the name and the money together. Every table reconciles to the document's own Total row, to the budget summary's Approved award column, and thence to the $205,004,742 allotment.",83-0210617,23.7,1500000,1647000,,,48200174,APPROVALS_TABLE,2026-08-11,data/evidence/WY/2026-09-03_wy_advisory_committee_award_approvals_2026-08-11.pdf
WY,8,Hot Springs County Hospital District,1750000,HOSPITAL_OR_SYSTEM,Yes,"Initiative 1.1 Critical Access Hospital - Basic. APPROVED BY THE RURAL HEALTH TRANSFORMATION ADVISORY COMMITTEE ON 2026-08-11, NOT EXECUTED: Wyoming's Year 1 obligation deadline for executed contracts is End of October 2026 (the minutes' own words) and WDH's programme-page timeline gives 2026-10-01. `round_amount` is this INITIATIVE's approved pool and repeats on every row of it -- never sum that column (Georgia's trap); use wy_reconcile(). ",Yes,No,2026,"Wyoming Rural Health Transformation Advisory Committee, Award Approvals - 8.11.26",https://health.wyo.gov/admin/rural-health-transformation-program/,NOTICE_OF_INTENT_TO_AWARD,PARSED_PDF_RUNS,R/03aj_wy_year1_awardees.R,,,,,"Recipient form STATED BY WYOMING, not inferred from the name: the award table's first column is headed ""Hospital"", the initiative is ""1.1. Critical Access Hospital - Basic"", and the Year 1 Revised Budget Narrative's Eligible Applicants block for Initiative 1.1 gives one Facility Type -- ""Critical Access Hospital (18 Total)"". §8's name rule reaches only 15 of the 18 approved; typing the other three from this pipeline's own knowledge would be the §0.4 failure, and leaving them on §8's standing fallback would assert the form is undetermined where the state has stated it (session 38's UNC precedent, session 39's MCO precedent).",MEDIUM,AMOUNT_PRELIMINARY,1.1 Critical Access Hospital - Basic,Budget Period 1 (2025-12-29 to 2026-10-30),DIRECT,Yes,NAMED_HOSPITAL,,"Recipient form STATED BY WYOMING, not inferred from the name: the award table's first column is headed ""Hospital"", the initiative is ""1.1. Critical Access Hospital - Basic"", and the Year 1 Revised Budget Narrative's Eligible Applicants block for Initiative 1.1 gives one Facility Type -- ""Critical Access Hospital (18 Total)"". §8's name rule reaches only 15 of the 18 approved; typing the other three from this pipeline's own knowledge would be the §0.4 failure, and leaving them on §8's standing fallback would assert the form is undetermined where the state has stated it (session 38's UNC precedent, session 39's MCO precedent). §10.2 DIRECT: the named recipient is a hospital or hospital system and the state's award document names both the recipient and the amount.","The figure in the committee document's own APPROVED column for this row, read with session 32's run model. Six of this document's rows carry the recipient name in a SEPARATE PAINTED RUN from the rest of the row, so the line model splits them and loses $5,156,000 of Initiative 1.1 in silence; the runs keep the name and the money together. Every table reconciles to the document's own Total row, to the budget summary's Approved award column, and thence to the $205,004,742 allotment.",83-6000182,23,1750000,1750000,,,48200174,APPROVALS_TABLE,2026-08-11,data/evidence/WY/2026-09-03_wy_advisory_committee_award_approvals_2026-08-11.pdf
WY,9,Memorial Hospital of Sweetwater County,1500000,HOSPITAL_OR_SYSTEM,Yes,"Initiative 1.1 Critical Access Hospital - Basic. APPROVED BY THE RURAL HEALTH TRANSFORMATION ADVISORY COMMITTEE ON 2026-08-11, NOT EXECUTED: Wyoming's Year 1 obligation deadline for executed contracts is End of October 2026 (the minutes' own words) and WDH's programme-page timeline gives 2026-10-01. `round_amount` is this INITIATIVE's approved pool and repeats on every row of it -- never sum that column (Georgia's trap); use wy_reconcile(). CONDITION AS PUBLISHED: ""N/A"" sustainability plan Conditional to timely submission of sustainability plan ",Yes,No,2026,"Wyoming Rural Health Transformation Advisory Committee, Award Approvals - 8.11.26",https://health.wyo.gov/admin/rural-health-transformation-program/,NOTICE_OF_INTENT_TO_AWARD,PARSED_PDF_RUNS,R/03aj_wy_year1_awardees.R,,,,,"Recipient form STATED BY WYOMING, not inferred from the name: the award table's first column is headed ""Hospital"", the initiative is ""1.1. Critical Access Hospital - Basic"", and the Year 1 Revised Budget Narrative's Eligible Applicants block for Initiative 1.1 gives one Facility Type -- ""Critical Access Hospital (18 Total)"". §8's name rule reaches only 15 of the 18 approved; typing the other three from this pipeline's own knowledge would be the §0.4 failure, and leaving them on §8's standing fallback would assert the form is undetermined where the state has stated it (session 38's UNC precedent, session 39's MCO precedent).",MEDIUM,AMOUNT_PRELIMINARY,1.1 Critical Access Hospital - Basic,Budget Period 1 (2025-12-29 to 2026-10-30),DIRECT,Yes,NAMED_HOSPITAL,,"Recipient form STATED BY WYOMING, not inferred from the name: the award table's first column is headed ""Hospital"", the initiative is ""1.1. Critical Access Hospital - Basic"", and the Year 1 Revised Budget Narrative's Eligible Applicants block for Initiative 1.1 gives one Facility Type -- ""Critical Access Hospital (18 Total)"". §8's name rule reaches only 15 of the 18 approved; typing the other three from this pipeline's own knowledge would be the §0.4 failure, and leaving them on §8's standing fallback would assert the form is undetermined where the state has stated it (session 38's UNC precedent, session 39's MCO precedent). §10.2 DIRECT: the named recipient is a hospital or hospital system and the state's award document names both the recipient and the amount.","The figure in the committee document's own APPROVED column for this row, read with session 32's run model. Six of this document's rows carry the recipient name in a SEPARATE PAINTED RUN from the rest of the row, so the line model splits them and loses $5,156,000 of Initiative 1.1 in silence; the runs keep the name and the money together. Every table reconciles to the document's own Total row, to the budget summary's Approved award column, and thence to the $205,004,742 allotment.",83-0449421,20.7,1500000,0,"""N/A"" sustainability plan Conditional to timely submission of sustainability plan",,48200174,APPROVALS_TABLE,2026-08-11,data/evidence/WY/2026-09-03_wy_advisory_committee_award_approvals_2026-08-11.pdf
WY,10,"South Big Horn County Hospital District, DBA as Thre",2656000,HOSPITAL_OR_SYSTEM,Yes,"Initiative 1.1 Critical Access Hospital - Basic. APPROVED BY THE RURAL HEALTH TRANSFORMATION ADVISORY COMMITTEE ON 2026-08-11, NOT EXECUTED: Wyoming's Year 1 obligation deadline for executed contracts is End of October 2026 (the minutes' own words) and WDH's programme-page timeline gives 2026-10-01. `round_amount` is this INITIATIVE's approved pool and repeats on every row of it -- never sum that column (Georgia's trap); use wy_reconcile(). CONDITION AS PUBLISHED: Swing bed authorized condition upon approval by WDH re: costs, allowability ",Yes,No,2026,"Wyoming Rural Health Transformation Advisory Committee, Award Approvals - 8.11.26",https://health.wyo.gov/admin/rural-health-transformation-program/,NOTICE_OF_INTENT_TO_AWARD,PARSED_PDF_RUNS,R/03aj_wy_year1_awardees.R,,,,,"Recipient form STATED BY WYOMING, not inferred from the name: the award table's first column is headed ""Hospital"", the initiative is ""1.1. Critical Access Hospital - Basic"", and the Year 1 Revised Budget Narrative's Eligible Applicants block for Initiative 1.1 gives one Facility Type -- ""Critical Access Hospital (18 Total)"". §8's name rule reaches only 15 of the 18 approved; typing the other three from this pipeline's own knowledge would be the §0.4 failure, and leaving them on §8's standing fallback would assert the form is undetermined where the state has stated it (session 38's UNC precedent, session 39's MCO precedent).",MEDIUM,AMOUNT_PRELIMINARY,1.1 Critical Access Hospital - Basic,Budget Period 1 (2025-12-29 to 2026-10-30),DIRECT,Yes,NAMED_HOSPITAL,,"Recipient form STATED BY WYOMING, not inferred from the name: the award table's first column is headed ""Hospital"", the initiative is ""1.1. Critical Access Hospital - Basic"", and the Year 1 Revised Budget Narrative's Eligible Applicants block for Initiative 1.1 gives one Facility Type -- ""Critical Access Hospital (18 Total)"". §8's name rule reaches only 15 of the 18 approved; typing the other three from this pipeline's own knowledge would be the §0.4 failure, and leaving them on §8's standing fallback would assert the form is undetermined where the state has stated it (session 38's UNC precedent, session 39's MCO precedent). §10.2 DIRECT: the named recipient is a hospital or hospital system and the state's award document names both the recipient and the amount.","The figure in the committee document's own APPROVED column for this row, read with session 32's run model. Six of this document's rows carry the recipient name in a SEPARATE PAINTED RUN from the rest of the row, so the line model splits them and loses $5,156,000 of Initiative 1.1 in silence; the runs keep the name and the money together. Every table reconciles to the document's own Total row, to the budget summary's Approved award column, and thence to the $205,004,742 allotment.",83-0181409,20.3,1000000,2000000,"Swing bed authorized condition upon approval by WDH re: costs, allowability",,48200174,APPROVALS_TABLE,2026-08-11,data/evidence/WY/2026-09-03_wy_advisory_committee_award_approvals_2026-08-11.pdf
WY,11,Sublette County Hospital,1750000,HOSPITAL_OR_SYSTEM,Yes,"Initiative 1.1 Critical Access Hospital - Basic. APPROVED BY THE RURAL HEALTH TRANSFORMATION ADVISORY COMMITTEE ON 2026-08-11, NOT EXECUTED: Wyoming's Year 1 obligation deadline for executed contracts is End of October 2026 (the minutes' own words) and WDH's programme-page timeline gives 2026-10-01. `round_amount` is this INITIATIVE's approved pool and repeats on every row of it -- never sum that column (Georgia's trap); use wy_reconcile(). ",Yes,No,2026,"Wyoming Rural Health Transformation Advisory Committee, Award Approvals - 8.11.26",https://health.wyo.gov/admin/rural-health-transformation-program/,NOTICE_OF_INTENT_TO_AWARD,PARSED_PDF_RUNS,R/03aj_wy_year1_awardees.R,,,,,"Recipient form STATED BY WYOMING, not inferred from the name: the award table's first column is headed ""Hospital"", the initiative is ""1.1. Critical Access Hospital - Basic"", and the Year 1 Revised Budget Narrative's Eligible Applicants block for Initiative 1.1 gives one Facility Type -- ""Critical Access Hospital (18 Total)"". §8's name rule reaches only 15 of the 18 approved; typing the other three from this pipeline's own knowledge would be the §0.4 failure, and leaving them on §8's standing fallback would assert the form is undetermined where the state has stated it (session 38's UNC precedent, session 39's MCO precedent).",MEDIUM,AMOUNT_PRELIMINARY,1.1 Critical Access Hospital - Basic,Budget Period 1 (2025-12-29 to 2026-10-30),DIRECT,Yes,NAMED_HOSPITAL,,"Recipient form STATED BY WYOMING, not inferred from the name: the award table's first column is headed ""Hospital"", the initiative is ""1.1. Critical Access Hospital - Basic"", and the Year 1 Revised Budget Narrative's Eligible Applicants block for Initiative 1.1 gives one Facility Type -- ""Critical Access Hospital (18 Total)"". §8's name rule reaches only 15 of the 18 approved; typing the other three from this pipeline's own knowledge would be the §0.4 failure, and leaving them on §8's standing fallback would assert the form is undetermined where the state has stated it (session 38's UNC precedent, session 39's MCO precedent). §10.2 DIRECT: the named recipient is a hospital or hospital system and the state's award document names both the recipient and the amount.","The figure in the committee document's own APPROVED column for this row, read with session 32's run model. Six of this document's rows carry the recipient name in a SEPARATE PAINTED RUN from the rest of the row, so the line model splits them and loses $5,156,000 of Initiative 1.1 in silence; the runs keep the name and the money together. Every table reconciles to the document's own Total row, to the budget summary's Approved award column, and thence to the $205,004,742 allotment.",86-1595514,19.7,1750000,1750000,,,48200174,APPROVALS_TABLE,2026-08-11,data/evidence/WY/2026-09-03_wy_advisory_committee_award_approvals_2026-08-11.pdf
WY,12,Memorial Hospital of Carbon County,5750000,HOSPITAL_OR_SYSTEM,Yes,"Initiative 1.1 Critical Access Hospital - Basic. APPROVED BY THE RURAL HEALTH TRANSFORMATION ADVISORY COMMITTEE ON 2026-08-11, NOT EXECUTED: Wyoming's Year 1 obligation deadline for executed contracts is End of October 2026 (the minutes' own words) and WDH's programme-page timeline gives 2026-10-01. `round_amount` is this INITIATIVE's approved pool and repeats on every row of it -- never sum that column (Georgia's trap); use wy_reconcile(). ",Yes,No,2026,"Wyoming Rural Health Transformation Advisory Committee, Award Approvals - 8.11.26",https://health.wyo.gov/admin/rural-health-transformation-program/,NOTICE_OF_INTENT_TO_AWARD,PARSED_PDF_RUNS,R/03aj_wy_year1_awardees.R,,,,,"Recipient form STATED BY WYOMING, not inferred from the name: the award table's first column is headed ""Hospital"", the initiative is ""1.1. Critical Access Hospital - Basic"", and the Year 1 Revised Budget Narrative's Eligible Applicants block for Initiative 1.1 gives one Facility Type -- ""Critical Access Hospital (18 Total)"". §8's name rule reaches only 15 of the 18 approved; typing the other three from this pipeline's own knowledge would be the §0.4 failure, and leaving them on §8's standing fallback would assert the form is undetermined where the state has stated it (session 38's UNC precedent, session 39's MCO precedent).",MEDIUM,AMOUNT_PRELIMINARY,1.1 Critical Access Hospital - Basic,Budget Period 1 (2025-12-29 to 2026-10-30),DIRECT,Yes,NAMED_HOSPITAL,,"Recipient form STATED BY WYOMING, not inferred from the name: the award table's first column is headed ""Hospital"", the initiative is ""1.1. Critical Access Hospital - Basic"", and the Year 1 Revised Budget Narrative's Eligible Applicants block for Initiative 1.1 gives one Facility Type -- ""Critical Access Hospital (18 Total)"". §8's name rule reaches only 15 of the 18 approved; typing the other three from this pipeline's own knowledge would be the §0.4 failure, and leaving them on §8's standing fallback would assert the form is undetermined where the state has stated it (session 38's UNC precedent, session 39's MCO precedent). §10.2 DIRECT: the named recipient is a hospital or hospital system and the state's award document names both the recipient and the amount.","The figure in the committee document's own APPROVED column for this row, read with session 32's run model. Six of this document's rows carry the recipient name in a SEPARATE PAINTED RUN from the rest of the row, so the line model splits them and loses $5,156,000 of Initiative 1.1 in silence; the runs keep the name and the money together. Every table reconciles to the document's own Total row, to the budget summary's Approved award column, and thence to the $205,004,742 allotment.",83-6000025,19.7,2750000,5750000,,,48200174,APPROVALS_TABLE,2026-08-11,data/evidence/WY/2026-09-03_wy_advisory_committee_award_approvals_2026-08-11.pdf
WY,13,Teton County Hospital District dba St. John’s Health,1250000,HOSPITAL_OR_SYSTEM,Yes,"Initiative 1.1 Critical Access Hospital - Basic. APPROVED BY THE RURAL HEALTH TRANSFORMATION ADVISORY COMMITTEE ON 2026-08-11, NOT EXECUTED: Wyoming's Year 1 obligation deadline for executed contracts is End of October 2026 (the minutes' own words) and WDH's programme-page timeline gives 2026-10-01. `round_amount` is this INITIATIVE's approved pool and repeats on every row of it -- never sum that column (Georgia's trap); use wy_reconcile(). ",Yes,No,2026,"Wyoming Rural Health Transformation Advisory Committee, Award Approvals - 8.11.26",https://health.wyo.gov/admin/rural-health-transformation-program/,NOTICE_OF_INTENT_TO_AWARD,PARSED_PDF_RUNS,R/03aj_wy_year1_awardees.R,,,,,"Recipient form STATED BY WYOMING, not inferred from the name: the award table's first column is headed ""Hospital"", the initiative is ""1.1. Critical Access Hospital - Basic"", and the Year 1 Revised Budget Narrative's Eligible Applicants block for Initiative 1.1 gives one Facility Type -- ""Critical Access Hospital (18 Total)"". §8's name rule reaches only 15 of the 18 approved; typing the other three from this pipeline's own knowledge would be the §0.4 failure, and leaving them on §8's standing fallback would assert the form is undetermined where the state has stated it (session 38's UNC precedent, session 39's MCO precedent).",MEDIUM,AMOUNT_PRELIMINARY,1.1 Critical Access Hospital - Basic,Budget Period 1 (2025-12-29 to 2026-10-30),DIRECT,Yes,NAMED_HOSPITAL,,"Recipient form STATED BY WYOMING, not inferred from the name: the award table's first column is headed ""Hospital"", the initiative is ""1.1. Critical Access Hospital - Basic"", and the Year 1 Revised Budget Narrative's Eligible Applicants block for Initiative 1.1 gives one Facility Type -- ""Critical Access Hospital (18 Total)"". §8's name rule reaches only 15 of the 18 approved; typing the other three from this pipeline's own knowledge would be the §0.4 failure, and leaving them on §8's standing fallback would assert the form is undetermined where the state has stated it (session 38's UNC precedent, session 39's MCO precedent). §10.2 DIRECT: the named recipient is a hospital or hospital system and the state's award document names both the recipient and the amount.","The figure in the committee document's own APPROVED column for this row, read with session 32's run model. Six of this document's rows carry the recipient name in a SEPARATE PAINTED RUN from the rest of the row, so the line model splits them and loses $5,156,000 of Initiative 1.1 in silence; the runs keep the name and the money together. Every table reconciles to the document's own Total row, to the budget summary's Approved award column, and thence to the $205,004,742 allotment.",83-0230892,17.7,1250000,1250000,,,48200174,APPROVALS_TABLE,2026-08-11,data/evidence/WY/2026-09-03_wy_advisory_committee_award_approvals_2026-08-11.pdf
WY,14,South Lincoln Hospital District,5750000,HOSPITAL_OR_SYSTEM,Yes,"Initiative 1.1 Critical Access Hospital - Basic. APPROVED BY THE RURAL HEALTH TRANSFORMATION ADVISORY COMMITTEE ON 2026-08-11, NOT EXECUTED: Wyoming's Year 1 obligation deadline for executed contracts is End of October 2026 (the minutes' own words) and WDH's programme-page timeline gives 2026-10-01. `round_amount` is this INITIATIVE's approved pool and repeats on every row of it -- never sum that column (Georgia's trap); use wy_reconcile(). CONDITION AS PUBLISHED: ""N/A"" sustainability plan condition upon approval by WDH re: costs, allowability ",Yes,No,2026,"Wyoming Rural Health Transformation Advisory Committee, Award Approvals - 8.11.26",https://health.wyo.gov/admin/rural-health-transformation-program/,NOTICE_OF_INTENT_TO_AWARD,PARSED_PDF_RUNS,R/03aj_wy_year1_awardees.R,,,,,"Recipient form STATED BY WYOMING, not inferred from the name: the award table's first column is headed ""Hospital"", the initiative is ""1.1. Critical Access Hospital - Basic"", and the Year 1 Revised Budget Narrative's Eligible Applicants block for Initiative 1.1 gives one Facility Type -- ""Critical Access Hospital (18 Total)"". §8's name rule reaches only 15 of the 18 approved; typing the other three from this pipeline's own knowledge would be the §0.4 failure, and leaving them on §8's standing fallback would assert the form is undetermined where the state has stated it (session 38's UNC precedent, session 39's MCO precedent).",MEDIUM,AMOUNT_PRELIMINARY,1.1 Critical Access Hospital - Basic,Budget Period 1 (2025-12-29 to 2026-10-30),DIRECT,Yes,NAMED_HOSPITAL,,"Recipient form STATED BY WYOMING, not inferred from the name: the award table's first column is headed ""Hospital"", the initiative is ""1.1. Critical Access Hospital - Basic"", and the Year 1 Revised Budget Narrative's Eligible Applicants block for Initiative 1.1 gives one Facility Type -- ""Critical Access Hospital (18 Total)"". §8's name rule reaches only 15 of the 18 approved; typing the other three from this pipeline's own knowledge would be the §0.4 failure, and leaving them on §8's standing fallback would assert the form is undetermined where the state has stated it (session 38's UNC precedent, session 39's MCO precedent). §10.2 DIRECT: the named recipient is a hospital or hospital system and the state's award document names both the recipient and the amount.","The figure in the committee document's own APPROVED column for this row, read with session 32's run model. Six of this document's rows carry the recipient name in a SEPARATE PAINTED RUN from the rest of the row, so the line model splits them and loses $5,156,000 of Initiative 1.1 in silence; the runs keep the name and the money together. Every table reconciles to the document's own Total row, to the budget summary's Approved award column, and thence to the $205,004,742 allotment.",83-0128950,14.3,1750000,0,"""N/A"" sustainability plan condition upon approval by WDH re: costs, allowability",,48200174,APPROVALS_TABLE,2026-08-11,data/evidence/WY/2026-09-03_wy_advisory_committee_award_approvals_2026-08-11.pdf
WY,15,North Big Horn Hospital District,1000000,HOSPITAL_OR_SYSTEM,Yes,"Initiative 1.1 Critical Access Hospital - Basic. APPROVED BY THE RURAL HEALTH TRANSFORMATION ADVISORY COMMITTEE ON 2026-08-11, NOT EXECUTED: Wyoming's Year 1 obligation deadline for executed contracts is End of October 2026 (the minutes' own words) and WDH's programme-page timeline gives 2026-10-01. `round_amount` is this INITIATIVE's approved pool and repeats on every row of it -- never sum that column (Georgia's trap); use wy_reconcile(). ",Yes,No,2026,"Wyoming Rural Health Transformation Advisory Committee, Award Approvals - 8.11.26",https://health.wyo.gov/admin/rural-health-transformation-program/,NOTICE_OF_INTENT_TO_AWARD,PARSED_PDF_RUNS,R/03aj_wy_year1_awardees.R,,,,,"Recipient form STATED BY WYOMING, not inferred from the name: the award table's first column is headed ""Hospital"", the initiative is ""1.1. Critical Access Hospital - Basic"", and the Year 1 Revised Budget Narrative's Eligible Applicants block for Initiative 1.1 gives one Facility Type -- ""Critical Access Hospital (18 Total)"". §8's name rule reaches only 15 of the 18 approved; typing the other three from this pipeline's own knowledge would be the §0.4 failure, and leaving them on §8's standing fallback would assert the form is undetermined where the state has stated it (session 38's UNC precedent, session 39's MCO precedent).",MEDIUM,AMOUNT_PRELIMINARY,1.1 Critical Access Hospital - Basic,Budget Period 1 (2025-12-29 to 2026-10-30),DIRECT,Yes,NAMED_HOSPITAL,,"Recipient form STATED BY WYOMING, not inferred from the name: the award table's first column is headed ""Hospital"", the initiative is ""1.1. Critical Access Hospital - Basic"", and the Year 1 Revised Budget Narrative's Eligible Applicants block for Initiative 1.1 gives one Facility Type -- ""Critical Access Hospital (18 Total)"". §8's name rule reaches only 15 of the 18 approved; typing the other three from this pipeline's own knowledge would be the §0.4 failure, and leaving them on §8's standing fallback would assert the form is undetermined where the state has stated it (session 38's UNC precedent, session 39's MCO precedent). §10.2 DIRECT: the named recipient is a hospital or hospital system and the state's award document names both the recipient and the amount.","The figure in the committee document's own APPROVED column for this row, read with session 32's run model. Six of this document's rows carry the recipient name in a SEPARATE PAINTED RUN from the rest of the row, so the line model splits them and loses $5,156,000 of Initiative 1.1 in silence; the runs keep the name and the money together. Every table reconciles to the document's own Total row, to the budget summary's Approved award column, and thence to the $205,004,742 allotment.",83-6000891,14,1000000,1000000,,,48200174,APPROVALS_TABLE,2026-08-11,data/evidence/WY/2026-09-03_wy_advisory_committee_award_approvals_2026-08-11.pdf
WY,16,Evanston Regional Hospital,1250000,HOSPITAL_OR_SYSTEM,Yes,"Initiative 1.1 Critical Access Hospital - Basic. APPROVED BY THE RURAL HEALTH TRANSFORMATION ADVISORY COMMITTEE ON 2026-08-11, NOT EXECUTED: Wyoming's Year 1 obligation deadline for executed contracts is End of October 2026 (the minutes' own words) and WDH's programme-page timeline gives 2026-10-01. `round_amount` is this INITIATIVE's approved pool and repeats on every row of it -- never sum that column (Georgia's trap); use wy_reconcile(). CONDITION AS PUBLISHED: ""N/A"" sustainability plan Conditional to timely submission of sustainability plan ",Yes,No,2026,"Wyoming Rural Health Transformation Advisory Committee, Award Approvals - 8.11.26",https://health.wyo.gov/admin/rural-health-transformation-program/,NOTICE_OF_INTENT_TO_AWARD,PARSED_PDF_RUNS,R/03aj_wy_year1_awardees.R,,,,,"Recipient form STATED BY WYOMING, not inferred from the name: the award table's first column is headed ""Hospital"", the initiative is ""1.1. Critical Access Hospital - Basic"", and the Year 1 Revised Budget Narrative's Eligible Applicants block for Initiative 1.1 gives one Facility Type -- ""Critical Access Hospital (18 Total)"". §8's name rule reaches only 15 of the 18 approved; typing the other three from this pipeline's own knowledge would be the §0.4 failure, and leaving them on §8's standing fallback would assert the form is undetermined where the state has stated it (session 38's UNC precedent, session 39's MCO precedent).",MEDIUM,AMOUNT_PRELIMINARY,1.1 Critical Access Hospital - Basic,Budget Period 1 (2025-12-29 to 2026-10-30),DIRECT,Yes,NAMED_HOSPITAL,,"Recipient form STATED BY WYOMING, not inferred from the name: the award table's first column is headed ""Hospital"", the initiative is ""1.1. Critical Access Hospital - Basic"", and the Year 1 Revised Budget Narrative's Eligible Applicants block for Initiative 1.1 gives one Facility Type -- ""Critical Access Hospital (18 Total)"". §8's name rule reaches only 15 of the 18 approved; typing the other three from this pipeline's own knowledge would be the §0.4 failure, and leaving them on §8's standing fallback would assert the form is undetermined where the state has stated it (session 38's UNC precedent, session 39's MCO precedent). §10.2 DIRECT: the named recipient is a hospital or hospital system and the state's award document names both the recipient and the amount.","The figure in the committee document's own APPROVED column for this row, read with session 32's run model. Six of this document's rows carry the recipient name in a SEPARATE PAINTED RUN from the rest of the row, so the line model splits them and loses $5,156,000 of Initiative 1.1 in silence; the runs keep the name and the money together. Every table reconciles to the document's own Total row, to the budget summary's Approved award column, and thence to the $205,004,742 allotment.",83-0327475,13.3,1250000,0,"""N/A"" sustainability plan Conditional to timely submission of sustainability plan",,48200174,APPROVALS_TABLE,2026-08-11,data/evidence/WY/2026-09-03_wy_advisory_committee_award_approvals_2026-08-11.pdf
WY,17,Niobrara County Hospital District,1000000,HOSPITAL_OR_SYSTEM,Yes,"Initiative 1.1 Critical Access Hospital - Basic. APPROVED BY THE RURAL HEALTH TRANSFORMATION ADVISORY COMMITTEE ON 2026-08-11, NOT EXECUTED: Wyoming's Year 1 obligation deadline for executed contracts is End of October 2026 (the minutes' own words) and WDH's programme-page timeline gives 2026-10-01. `round_amount` is this INITIATIVE's approved pool and repeats on every row of it -- never sum that column (Georgia's trap); use wy_reconcile(). ",Yes,No,2026,"Wyoming Rural Health Transformation Advisory Committee, Award Approvals - 8.11.26",https://health.wyo.gov/admin/rural-health-transformation-program/,NOTICE_OF_INTENT_TO_AWARD,PARSED_PDF_RUNS,R/03aj_wy_year1_awardees.R,,,,,"Recipient form STATED BY WYOMING, not inferred from the name: the award table's first column is headed ""Hospital"", the initiative is ""1.1. Critical Access Hospital - Basic"", and the Year 1 Revised Budget Narrative's Eligible Applicants block for Initiative 1.1 gives one Facility Type -- ""Critical Access Hospital (18 Total)"". §8's name rule reaches only 15 of the 18 approved; typing the other three from this pipeline's own knowledge would be the §0.4 failure, and leaving them on §8's standing fallback would assert the form is undetermined where the state has stated it (session 38's UNC precedent, session 39's MCO precedent).",MEDIUM,AMOUNT_PRELIMINARY,1.1 Critical Access Hospital - Basic,Budget Period 1 (2025-12-29 to 2026-10-30),DIRECT,Yes,NAMED_HOSPITAL,,"Recipient form STATED BY WYOMING, not inferred from the name: the award table's first column is headed ""Hospital"", the initiative is ""1.1. Critical Access Hospital - Basic"", and the Year 1 Revised Budget Narrative's Eligible Applicants block for Initiative 1.1 gives one Facility Type -- ""Critical Access Hospital (18 Total)"". §8's name rule reaches only 15 of the 18 approved; typing the other three from this pipeline's own knowledge would be the §0.4 failure, and leaving them on §8's standing fallback would assert the form is undetermined where the state has stated it (session 38's UNC precedent, session 39's MCO precedent). §10.2 DIRECT: the named recipient is a hospital or hospital system and the state's award document names both the recipient and the amount.","The figure in the committee document's own APPROVED column for this row, read with session 32's run model. Six of this document's rows carry the recipient name in a SEPARATE PAINTED RUN from the rest of the row, so the line model splits them and loses $5,156,000 of Initiative 1.1 in silence; the runs keep the name and the money together. Every table reconciles to the document's own Total row, to the budget summary's Approved award column, and thence to the $205,004,742 allotment.",87-0725536,12.7,1000000,1000000,,,48200174,APPROVALS_TABLE,2026-08-11,data/evidence/WY/2026-09-03_wy_advisory_committee_award_approvals_2026-08-11.pdf
WY,18,North Platte Valley Medical Center,1750000,HOSPITAL_OR_SYSTEM,Yes,"Initiative 1.1 Critical Access Hospital - Basic. APPROVED BY THE RURAL HEALTH TRANSFORMATION ADVISORY COMMITTEE ON 2026-08-11, NOT EXECUTED: Wyoming's Year 1 obligation deadline for executed contracts is End of October 2026 (the minutes' own words) and WDH's programme-page timeline gives 2026-10-01. `round_amount` is this INITIATIVE's approved pool and repeats on every row of it -- never sum that column (Georgia's trap); use wy_reconcile(). ",Yes,No,2026,"Wyoming Rural Health Transformation Advisory Committee, Award Approvals - 8.11.26",https://health.wyo.gov/admin/rural-health-transformation-program/,NOTICE_OF_INTENT_TO_AWARD,PARSED_PDF_RUNS,R/03aj_wy_year1_awardees.R,,,,,"Recipient form STATED BY WYOMING, not inferred from the name: the award table's first column is headed ""Hospital"", the initiative is ""1.1. Critical Access Hospital - Basic"", and the Year 1 Revised Budget Narrative's Eligible Applicants block for Initiative 1.1 gives one Facility Type -- ""Critical Access Hospital (18 Total)"". §8's name rule reaches only 15 of the 18 approved; typing the other three from this pipeline's own knowledge would be the §0.4 failure, and leaving them on §8's standing fallback would assert the form is undetermined where the state has stated it (session 38's UNC precedent, session 39's MCO precedent).",MEDIUM,AMOUNT_PRELIMINARY,1.1 Critical Access Hospital - Basic,Budget Period 1 (2025-12-29 to 2026-10-30),DIRECT,Yes,NAMED_HOSPITAL,,"Recipient form STATED BY WYOMING, not inferred from the name: the award table's first column is headed ""Hospital"", the initiative is ""1.1. Critical Access Hospital - Basic"", and the Year 1 Revised Budget Narrative's Eligible Applicants block for Initiative 1.1 gives one Facility Type -- ""Critical Access Hospital (18 Total)"". §8's name rule reaches only 15 of the 18 approved; typing the other three from this pipeline's own knowledge would be the §0.4 failure, and leaving them on §8's standing fallback would assert the form is undetermined where the state has stated it (session 38's UNC precedent, session 39's MCO precedent). §10.2 DIRECT: the named recipient is a hospital or hospital system and the state's award document names both the recipient and the amount.","The figure in the committee document's own APPROVED column for this row, read with session 32's run model. Six of this document's rows carry the recipient name in a SEPARATE PAINTED RUN from the rest of the row, so the line model splits them and loses $5,156,000 of Initiative 1.1 in silence; the runs keep the name and the money together. Every table reconciles to the document's own Total row, to the budget summary's Approved award column, and thence to the $205,004,742 allotment.",84-2280561,10.3,1750000,1750000,,,48200174,APPROVALS_TABLE,2026-08-11,data/evidence/WY/2026-09-03_wy_advisory_committee_award_approvals_2026-08-11.pdf
WY,19,Cody Regional Health,2200000,HOSPITAL_OR_SYSTEM,Yes,"Initiative 1.2 EMS Regionalization. APPROVED BY THE RURAL HEALTH TRANSFORMATION ADVISORY COMMITTEE ON 2026-08-11, NOT EXECUTED: Wyoming's Year 1 obligation deadline for executed contracts is End of October 2026 (the minutes' own words) and WDH's programme-page timeline gives 2026-10-01. `round_amount` is this INITIATIVE's approved pool and repeats on every row of it -- never sum that column (Georgia's trap); use wy_reconcile(). ",Yes,No,2026,"Wyoming Rural Health Transformation Advisory Committee, Award Approvals - 8.11.26",https://health.wyo.gov/admin/rural-health-transformation-program/,NOTICE_OF_INTENT_TO_AWARD,PARSED_PDF_RUNS,R/03aj_wy_year1_awardees.R,,,,,"Recipient form taken from table 1.1 of the SAME document, joined on the EIN and never on the name: Wyoming's own Critical Access Hospital table carries this exact EIN under a column headed ""Hospital"". §0.3a judges the RECIPIENT and not the activity -- the activity here is EMS regionalization and the named lead agency is a hospital, which is Delaware's Beebe school-based health centre coded DIRECT, not Nebraska's school kitchen coded NON_HOSPITAL.",MEDIUM,AMOUNT_PRELIMINARY,1.2 EMS Regionalization,Budget Period 1 (2025-12-29 to 2026-10-30),DIRECT,Yes,NAMED_HOSPITAL,,"Recipient form taken from table 1.1 of the SAME document, joined on the EIN and never on the name: Wyoming's own Critical Access Hospital table carries this exact EIN under a column headed ""Hospital"". §0.3a judges the RECIPIENT and not the activity -- the activity here is EMS regionalization and the named lead agency is a hospital, which is Delaware's Beebe school-based health centre coded DIRECT, not Nebraska's school kitchen coded NON_HOSPITAL. §10.2 DIRECT: the named recipient is a hospital or hospital system and the state's award document names both the recipient and the amount.","The figure in the committee document's own APPROVED column for this row, read with session 32's run model. Six of this document's rows carry the recipient name in a SEPARATE PAINTED RUN from the rest of the row, so the line model splits them and loses $5,156,000 of Initiative 1.1 in silence; the runs keep the name and the money together. Every table reconciles to the document's own Total row, to the budget summary's Approved award column, and thence to the $205,004,742 allotment.",83-0207671,42,2200000,2200000,,,23260000,APPROVALS_TABLE,2026-08-11,data/evidence/WY/2026-09-03_wy_advisory_committee_award_approvals_2026-08-11.pdf
WY,20,Uinta County Fire and Ambulance,1960000,EMS_OR_PSAP,No,"Initiative 1.2 EMS Regionalization. APPROVED BY THE RURAL HEALTH TRANSFORMATION ADVISORY COMMITTEE ON 2026-08-11, NOT EXECUTED: Wyoming's Year 1 obligation deadline for executed contracts is End of October 2026 (the minutes' own words) and WDH's programme-page timeline gives 2026-10-01. `round_amount` is this INITIATIVE's approved pool and repeats on every row of it -- never sum that column (Georgia's trap); use wy_reconcile(). ",Yes,No,2026,"Wyoming Rural Health Transformation Advisory Committee, Award Approvals - 8.11.26",https://health.wyo.gov/admin/rural-health-transformation-program/,NOTICE_OF_INTENT_TO_AWARD,PARSED_PDF_RUNS,R/03aj_wy_year1_awardees.R,,,,,Recipient name rule: name states an EMS entity.,HIGH,AMOUNT_PRELIMINARY,1.2 EMS Regionalization,Budget Period 1 (2025-12-29 to 2026-10-30),NON_HOSPITAL,No,NOT_HOSPITAL,,"Recipient name rule: name states an EMS entity. §10.2 NON_HOSPITAL: the named recipient is not a hospital (§0.3a -- judged on the recipient, not the activity), and the source does not mention hospitals anywhere in the funded work.","The figure in the committee document's own APPROVED column for this row, read with session 32's run model. Six of this document's rows carry the recipient name in a SEPARATE PAINTED RUN from the rest of the row, so the line model splits them and loses $5,156,000 of Initiative 1.1 in silence; the runs keep the name and the money together. Every table reconciles to the document's own Total row, to the budget summary's Approved award column, and thence to the $205,004,742 allotment.",83-0313192,37,1960000,1960000,,,23260000,APPROVALS_TABLE,2026-08-11,data/evidence/WY/2026-09-03_wy_advisory_committee_award_approvals_2026-08-11.pdf
WY,21,Laramie Fire Department/City of Laramie,2200000,LOCAL_GOVT_OR_PUBLIC_HEALTH,No,"Initiative 1.2 EMS Regionalization. APPROVED BY THE RURAL HEALTH TRANSFORMATION ADVISORY COMMITTEE ON 2026-08-11, NOT EXECUTED: Wyoming's Year 1 obligation deadline for executed contracts is End of October 2026 (the minutes' own words) and WDH's programme-page timeline gives 2026-10-01. `round_amount` is this INITIATIVE's approved pool and repeats on every row of it -- never sum that column (Georgia's trap); use wy_reconcile(). ",Yes,No,2026,"Wyoming Rural Health Transformation Advisory Committee, Award Approvals - 8.11.26",https://health.wyo.gov/admin/rural-health-transformation-program/,NOTICE_OF_INTENT_TO_AWARD,PARSED_PDF_RUNS,R/03aj_wy_year1_awardees.R,,,,,Recipient name rule: name states a local government.,MEDIUM,AMOUNT_PRELIMINARY,1.2 EMS Regionalization,Budget Period 1 (2025-12-29 to 2026-10-30),NON_HOSPITAL,No,NOT_HOSPITAL,,"Recipient name rule: name states a local government. §10.2 NON_HOSPITAL: the named recipient is not a hospital (§0.3a -- judged on the recipient, not the activity), and the source does not mention hospitals anywhere in the funded work.","The figure in the committee document's own APPROVED column for this row, read with session 32's run model. Six of this document's rows carry the recipient name in a SEPARATE PAINTED RUN from the rest of the row, so the line model splits them and loses $5,156,000 of Initiative 1.1 in silence; the runs keep the name and the money together. Every table reconciles to the document's own Total row, to the budget summary's Approved award column, and thence to the $205,004,742 allotment.",83-6000072,32.7,2200000,2200000,,,23260000,APPROVALS_TABLE,2026-08-11,data/evidence/WY/2026-09-03_wy_advisory_committee_award_approvals_2026-08-11.pdf
WY,22,Sheridan Memorial Hospital,2200000,HOSPITAL_OR_SYSTEM,Yes,"Initiative 1.2 EMS Regionalization. APPROVED BY THE RURAL HEALTH TRANSFORMATION ADVISORY COMMITTEE ON 2026-08-11, NOT EXECUTED: Wyoming's Year 1 obligation deadline for executed contracts is End of October 2026 (the minutes' own words) and WDH's programme-page timeline gives 2026-10-01. `round_amount` is this INITIATIVE's approved pool and repeats on every row of it -- never sum that column (Georgia's trap); use wy_reconcile(). ",Yes,No,2026,"Wyoming Rural Health Transformation Advisory Committee, Award Approvals - 8.11.26",https://health.wyo.gov/admin/rural-health-transformation-program/,NOTICE_OF_INTENT_TO_AWARD,PARSED_PDF_RUNS,R/03aj_wy_year1_awardees.R,,,,,Recipient name rule: name states a hospital.,MEDIUM,AMOUNT_PRELIMINARY,1.2 EMS Regionalization,Budget Period 1 (2025-12-29 to 2026-10-30),DIRECT,Yes,NAMED_HOSPITAL,,Recipient name rule: name states a hospital. §10.2 DIRECT: the named recipient is a hospital or hospital system and the state's award document names both the recipient and the amount.,"The figure in the committee document's own APPROVED column for this row, read with session 32's run model. Six of this document's rows carry the recipient name in a SEPARATE PAINTED RUN from the rest of the row, so the line model splits them and loses $5,156,000 of Initiative 1.1 in silence; the runs keep the name and the money together. Every table reconciles to the document's own Total row, to the budget summary's Approved award column, and thence to the $205,004,742 allotment.",92-0606087,31,2230658,2200000,,,23260000,APPROVALS_TABLE,2026-08-11,data/evidence/WY/2026-09-03_wy_advisory_committee_award_approvals_2026-08-11.pdf
WY,23,Crook County Medical Services District,2200000,HOSPITAL_OR_SYSTEM,Yes,"Initiative 1.2 EMS Regionalization. APPROVED BY THE RURAL HEALTH TRANSFORMATION ADVISORY COMMITTEE ON 2026-08-11, NOT EXECUTED: Wyoming's Year 1 obligation deadline for executed contracts is End of October 2026 (the minutes' own words) and WDH's programme-page timeline gives 2026-10-01. `round_amount` is this INITIATIVE's approved pool and repeats on every row of it -- never sum that column (Georgia's trap); use wy_reconcile(). ",Yes,No,2026,"Wyoming Rural Health Transformation Advisory Committee, Award Approvals - 8.11.26",https://health.wyo.gov/admin/rural-health-transformation-program/,NOTICE_OF_INTENT_TO_AWARD,PARSED_PDF_RUNS,R/03aj_wy_year1_awardees.R,,,,,"Recipient form taken from table 1.1 of the SAME document, joined on the EIN and never on the name: Wyoming's own Critical Access Hospital table carries this exact EIN under a column headed ""Hospital"". §0.3a judges the RECIPIENT and not the activity -- the activity here is EMS regionalization and the named lead agency is a hospital, which is Delaware's Beebe school-based health centre coded DIRECT, not Nebraska's school kitchen coded NON_HOSPITAL.",MEDIUM,AMOUNT_PRELIMINARY,1.2 EMS Regionalization,Budget Period 1 (2025-12-29 to 2026-10-30),DIRECT,Yes,NAMED_HOSPITAL,,"Recipient form taken from table 1.1 of the SAME document, joined on the EIN and never on the name: Wyoming's own Critical Access Hospital table carries this exact EIN under a column headed ""Hospital"". §0.3a judges the RECIPIENT and not the activity -- the activity here is EMS regionalization and the named lead agency is a hospital, which is Delaware's Beebe school-based health centre coded DIRECT, not Nebraska's school kitchen coded NON_HOSPITAL. §10.2 DIRECT: the named recipient is a hospital or hospital system and the state's award document names both the recipient and the amount.","The figure in the committee document's own APPROVED column for this row, read with session 32's run model. Six of this document's rows carry the recipient name in a SEPARATE PAINTED RUN from the rest of the row, so the line model splits them and loses $5,156,000 of Initiative 1.1 in silence; the runs keep the name and the money together. Every table reconciles to the document's own Total row, to the budget summary's Approved award column, and thence to the $205,004,742 allotment.",83-0210617,30.3,2780000,2200000,,,23260000,APPROVALS_TABLE,2026-08-11,data/evidence/WY/2026-09-03_wy_advisory_committee_award_approvals_2026-08-11.pdf
WY,24,North Lincoln County Hospital District dba Star Valley Heal,2200000,HOSPITAL_OR_SYSTEM,Yes,"Initiative 1.2 EMS Regionalization. APPROVED BY THE RURAL HEALTH TRANSFORMATION ADVISORY COMMITTEE ON 2026-08-11, NOT EXECUTED: Wyoming's Year 1 obligation deadline for executed contracts is End of October 2026 (the minutes' own words) and WDH's programme-page timeline gives 2026-10-01. `round_amount` is this INITIATIVE's approved pool and repeats on every row of it -- never sum that column (Georgia's trap); use wy_reconcile(). ",Yes,No,2026,"Wyoming Rural Health Transformation Advisory Committee, Award Approvals - 8.11.26",https://health.wyo.gov/admin/rural-health-transformation-program/,NOTICE_OF_INTENT_TO_AWARD,PARSED_PDF_RUNS,R/03aj_wy_year1_awardees.R,,,,,"Recipient form taken from table 1.1 of the SAME document, joined on the EIN and never on the name: Wyoming's own Critical Access Hospital table carries this exact EIN under a column headed ""Hospital"". §0.3a judges the RECIPIENT and not the activity -- the activity here is EMS regionalization and the named lead agency is a hospital, which is Delaware's Beebe school-based health centre coded DIRECT, not Nebraska's school kitchen coded NON_HOSPITAL.",MEDIUM,AMOUNT_PRELIMINARY,1.2 EMS Regionalization,Budget Period 1 (2025-12-29 to 2026-10-30),DIRECT,Yes,NAMED_HOSPITAL,,"Recipient form taken from table 1.1 of the SAME document, joined on the EIN and never on the name: Wyoming's own Critical Access Hospital table carries this exact EIN under a column headed ""Hospital"". §0.3a judges the RECIPIENT and not the activity -- the activity here is EMS regionalization and the named lead agency is a hospital, which is Delaware's Beebe school-based health centre coded DIRECT, not Nebraska's school kitchen coded NON_HOSPITAL. §10.2 DIRECT: the named recipient is a hospital or hospital system and the state's award document names both the recipient and the amount.","The figure in the committee document's own APPROVED column for this row, read with session 32's run model. Six of this document's rows carry the recipient name in a SEPARATE PAINTED RUN from the rest of the row, so the line model splits them and loses $5,156,000 of Initiative 1.1 in silence; the runs keep the name and the money together. Every table reconciles to the document's own Total row, to the budget summary's Approved award column, and thence to the $205,004,742 allotment.",83-0327251,29.3,5334000,2200000,,,23260000,APPROVALS_TABLE,2026-08-11,data/evidence/WY/2026-09-03_wy_advisory_committee_award_approvals_2026-08-11.pdf
WY,25,Memorial Hospital of Converse County,2200000,HOSPITAL_OR_SYSTEM,Yes,"Initiative 1.2 EMS Regionalization. APPROVED BY THE RURAL HEALTH TRANSFORMATION ADVISORY COMMITTEE ON 2026-08-11, NOT EXECUTED: Wyoming's Year 1 obligation deadline for executed contracts is End of October 2026 (the minutes' own words) and WDH's programme-page timeline gives 2026-10-01. `round_amount` is this INITIATIVE's approved pool and repeats on every row of it -- never sum that column (Georgia's trap); use wy_reconcile(). ",Yes,No,2026,"Wyoming Rural Health Transformation Advisory Committee, Award Approvals - 8.11.26",https://health.wyo.gov/admin/rural-health-transformation-program/,NOTICE_OF_INTENT_TO_AWARD,PARSED_PDF_RUNS,R/03aj_wy_year1_awardees.R,,,,,"Recipient form taken from table 1.1 of the SAME document, joined on the EIN and never on the name: Wyoming's own Critical Access Hospital table carries this exact EIN under a column headed ""Hospital"". §0.3a judges the RECIPIENT and not the activity -- the activity here is EMS regionalization and the named lead agency is a hospital, which is Delaware's Beebe school-based health centre coded DIRECT, not Nebraska's school kitchen coded NON_HOSPITAL.",MEDIUM,AMOUNT_PRELIMINARY,1.2 EMS Regionalization,Budget Period 1 (2025-12-29 to 2026-10-30),DIRECT,Yes,NAMED_HOSPITAL,,"Recipient form taken from table 1.1 of the SAME document, joined on the EIN and never on the name: Wyoming's own Critical Access Hospital table carries this exact EIN under a column headed ""Hospital"". §0.3a judges the RECIPIENT and not the activity -- the activity here is EMS regionalization and the named lead agency is a hospital, which is Delaware's Beebe school-based health centre coded DIRECT, not Nebraska's school kitchen coded NON_HOSPITAL. §10.2 DIRECT: the named recipient is a hospital or hospital system and the state's award document names both the recipient and the amount.","The figure in the committee document's own APPROVED column for this row, read with session 32's run model. Six of this document's rows carry the recipient name in a SEPARATE PAINTED RUN from the rest of the row, so the line model splits them and loses $5,156,000 of Initiative 1.1 in silence; the runs keep the name and the money together. Every table reconciles to the document's own Total row, to the budget summary's Approved award column, and thence to the $205,004,742 allotment.",83-6000097,27,2200000,2200000,,,23260000,APPROVALS_TABLE,2026-08-11,data/evidence/WY/2026-09-03_wy_advisory_committee_award_approvals_2026-08-11.pdf
WY,26,Campbell County Health (CCH) Emergency Medical Servic,1700000,NONPROFIT_CBO,No,"Initiative 1.2 EMS Regionalization. APPROVED BY THE RURAL HEALTH TRANSFORMATION ADVISORY COMMITTEE ON 2026-08-11, NOT EXECUTED: Wyoming's Year 1 obligation deadline for executed contracts is End of October 2026 (the minutes' own words) and WDH's programme-page timeline gives 2026-10-01. `round_amount` is this INITIATIVE's approved pool and repeats on every row of it -- never sum that column (Georgia's trap); use wy_reconcile(). ",Yes,No,2026,"Wyoming Rural Health Transformation Advisory Committee, Award Approvals - 8.11.26",https://health.wyo.gov/admin/rural-health-transformation-program/,NOTICE_OF_INTENT_TO_AWARD,PARSED_PDF_RUNS,R/03aj_wy_year1_awardees.R,,,,,Recipient is named but the source does not state its organisational form; §8 settled fallback (session 10).,LOW,AMOUNT_PRELIMINARY;RECIPIENT_TYPE_INFERRED,1.2 EMS Regionalization,Budget Period 1 (2025-12-29 to 2026-10-30),NON_HOSPITAL,No,NOT_HOSPITAL,,"Recipient is named but the source does not state its organisational form; §8 settled fallback (session 10). §10.2 NON_HOSPITAL: the named recipient is not a hospital (§0.3a -- judged on the recipient, not the activity), and the source does not mention hospitals anywhere in the funded work.","The figure in the committee document's own APPROVED column for this row, read with session 32's run model. Six of this document's rows carry the recipient name in a SEPARATE PAINTED RUN from the rest of the row, so the line model splits them and loses $5,156,000 of Initiative 1.1 in silence; the runs keep the name and the money together. Every table reconciles to the document's own Total row, to the budget summary's Approved award column, and thence to the $205,004,742 allotment.",83-0234097,26.3,1700000,1700000,,,23260000,APPROVALS_TABLE,2026-08-11,data/evidence/WY/2026-09-03_wy_advisory_committee_award_approvals_2026-08-11.pdf
WY,27,"The ""new"" EMS Department will consist of the Town of Pin",2200000,EMS_OR_PSAP,No,"Initiative 1.2 EMS Regionalization. APPROVED BY THE RURAL HEALTH TRANSFORMATION ADVISORY COMMITTEE ON 2026-08-11, NOT EXECUTED: Wyoming's Year 1 obligation deadline for executed contracts is End of October 2026 (the minutes' own words) and WDH's programme-page timeline gives 2026-10-01. `round_amount` is this INITIATIVE's approved pool and repeats on every row of it -- never sum that column (Georgia's trap); use wy_reconcile(). ",Yes,No,2026,"Wyoming Rural Health Transformation Advisory Committee, Award Approvals - 8.11.26",https://health.wyo.gov/admin/rural-health-transformation-program/,NOTICE_OF_INTENT_TO_AWARD,PARSED_PDF_RUNS,R/03aj_wy_year1_awardees.R,,,,,Recipient name rule: name states an EMS entity.,HIGH,AMOUNT_PRELIMINARY,1.2 EMS Regionalization,Budget Period 1 (2025-12-29 to 2026-10-30),NON_HOSPITAL,No,NOT_HOSPITAL,,"Recipient name rule: name states an EMS entity. §10.2 NON_HOSPITAL: the named recipient is not a hospital (§0.3a -- judged on the recipient, not the activity), and the source does not mention hospitals anywhere in the funded work.","The figure in the committee document's own APPROVED column for this row, read with session 32's run model. Six of this document's rows carry the recipient name in a SEPARATE PAINTED RUN from the rest of the row, so the line model splits them and loses $5,156,000 of Initiative 1.1 in silence; the runs keep the name and the money together. Every table reconciles to the document's own Total row, to the budget summary's Approved award column, and thence to the $205,004,742 allotment.",83-6000083,25.7,3670560,2200000,,,23260000,APPROVALS_TABLE,2026-08-11,data/evidence/WY/2026-09-03_wy_advisory_committee_award_approvals_2026-08-11.pdf
WY,28,"Shoshoni Ambulance License #236 leads. FCAG, a Wyom",2200000,EMS_OR_PSAP,No,"Initiative 1.2 EMS Regionalization. APPROVED BY THE RURAL HEALTH TRANSFORMATION ADVISORY COMMITTEE ON 2026-08-11, NOT EXECUTED: Wyoming's Year 1 obligation deadline for executed contracts is End of October 2026 (the minutes' own words) and WDH's programme-page timeline gives 2026-10-01. `round_amount` is this INITIATIVE's approved pool and repeats on every row of it -- never sum that column (Georgia's trap); use wy_reconcile(). CONDITION AS PUBLISHED: detail on sustainability plan plan ",Yes,No,2026,"Wyoming Rural Health Transformation Advisory Committee, Award Approvals - 8.11.26",https://health.wyo.gov/admin/rural-health-transformation-program/,NOTICE_OF_INTENT_TO_AWARD,PARSED_PDF_RUNS,R/03aj_wy_year1_awardees.R,,,,,Recipient name rule: name states an EMS entity.,HIGH,AMOUNT_PRELIMINARY,1.2 EMS Regionalization,Budget Period 1 (2025-12-29 to 2026-10-30),NON_HOSPITAL,No,NOT_HOSPITAL,,"Recipient name rule: name states an EMS entity. §10.2 NON_HOSPITAL: the named recipient is not a hospital (§0.3a -- judged on the recipient, not the activity), and the source does not mention hospitals anywhere in the funded work.","The figure in the committee document's own APPROVED column for this row, read with session 32's run model. Six of this document's rows carry the recipient name in a SEPARATE PAINTED RUN from the rest of the row, so the line model splits them and loses $5,156,000 of Initiative 1.1 in silence; the runs keep the name and the money together. Every table reconciles to the document's own Total row, to the budget summary's Approved award column, and thence to the $205,004,742 allotment.",83-6000091,33,3870740,0,detail on sustainability plan plan,,23260000,APPROVALS_TABLE,2026-08-11,data/evidence/WY/2026-09-03_wy_advisory_committee_award_approvals_2026-08-11.pdf
WY,29,Johnson County EMS - Buffalo,2000000,EMS_OR_PSAP,No,"Initiative 1.2 EMS Regionalization. APPROVED BY THE RURAL HEALTH TRANSFORMATION ADVISORY COMMITTEE ON 2026-08-11, NOT EXECUTED: Wyoming's Year 1 obligation deadline for executed contracts is End of October 2026 (the minutes' own words) and WDH's programme-page timeline gives 2026-10-01. `round_amount` is this INITIATIVE's approved pool and repeats on every row of it -- never sum that column (Georgia's trap); use wy_reconcile(). CONDITION AS PUBLISHED: on sustainability plan. plan ",Yes,No,2026,"Wyoming Rural Health Transformation Advisory Committee, Award Approvals - 8.11.26",https://health.wyo.gov/admin/rural-health-transformation-program/,NOTICE_OF_INTENT_TO_AWARD,PARSED_PDF_RUNS,R/03aj_wy_year1_awardees.R,,,,,Recipient name rule: name states an EMS entity.,HIGH,AMOUNT_PRELIMINARY,1.2 EMS Regionalization,Budget Period 1 (2025-12-29 to 2026-10-30),NON_HOSPITAL,No,NOT_HOSPITAL,,"Recipient name rule: name states an EMS entity. §10.2 NON_HOSPITAL: the named recipient is not a hospital (§0.3a -- judged on the recipient, not the activity), and the source does not mention hospitals anywhere in the funded work.","The figure in the committee document's own APPROVED column for this row, read with session 32's run model. Six of this document's rows carry the recipient name in a SEPARATE PAINTED RUN from the rest of the row, so the line model splits them and loses $5,156,000 of Initiative 1.1 in silence; the runs keep the name and the money together. Every table reconciles to the document's own Total row, to the budget summary's Approved award column, and thence to the $205,004,742 allotment.",83-0302512,25.3,2000000,0,on sustainability plan. plan,,23260000,APPROVALS_TABLE,2026-08-11,data/evidence/WY/2026-09-03_wy_advisory_committee_award_approvals_2026-08-11.pdf
WY,30,"University of Wyoming, College of Health Sciences-Department of Graduate Medical Education",6263043.1,UNIVERSITY_OR_AHC,No,"Initiative 2.2 Physician GME. APPROVED BY THE RURAL HEALTH TRANSFORMATION ADVISORY COMMITTEE ON 2026-08-11, NOT EXECUTED: Wyoming's Year 1 obligation deadline for executed contracts is End of October 2026 (the minutes' own words) and WDH's programme-page timeline gives 2026-10-01. `round_amount` is this INITIATIVE's approved pool and repeats on every row of it -- never sum that column (Georgia's trap); use wy_reconcile(). ",Yes,No,2026,"Wyoming Rural Health Transformation Advisory Committee, Award Approvals - 8.11.26",https://health.wyo.gov/admin/rural-health-transformation-program/,NOTICE_OF_INTENT_TO_AWARD,PARSED_PDF_RUNS,R/03aj_wy_year1_awardees.R,,,,,Recipient name rule: name states a university or college.,HIGH,AMOUNT_PRELIMINARY,2.2 Physician GME,Budget Period 1 (2025-12-29 to 2026-10-30),NON_HOSPITAL,No,NOT_HOSPITAL,,"Recipient name rule: name states a university or college. §10.2 NON_HOSPITAL: the named recipient is not a hospital (§0.3a -- judged on the recipient, not the activity), and the source does not mention hospitals anywhere in the funded work.","The figure in the committee document's own APPROVED column for this row, read with session 32's run model. Six of this document's rows carry the recipient name in a SEPARATE PAINTED RUN from the rest of the row, so the line model splits them and loses $5,156,000 of Initiative 1.1 in silence; the runs keep the name and the money together. Every table reconciles to the document's own Total row, to the budget summary's Approved award column, and thence to the $205,004,742 allotment.",83-6000331,52,10762100,1500000,,,17712410,APPROVALS_TABLE,2026-08-11,data/evidence/WY/2026-09-03_wy_advisory_committee_award_approvals_2026-08-11.pdf
WY,31,University of Utah,9255398,UNIVERSITY_OR_AHC,No,"Initiative 2.2 Physician GME. APPROVED BY THE RURAL HEALTH TRANSFORMATION ADVISORY COMMITTEE ON 2026-08-11, NOT EXECUTED: Wyoming's Year 1 obligation deadline for executed contracts is End of October 2026 (the minutes' own words) and WDH's programme-page timeline gives 2026-10-01. `round_amount` is this INITIATIVE's approved pool and repeats on every row of it -- never sum that column (Georgia's trap); use wy_reconcile(). ",Yes,No,2026,"Wyoming Rural Health Transformation Advisory Committee, Award Approvals - 8.11.26",https://health.wyo.gov/admin/rural-health-transformation-program/,NOTICE_OF_INTENT_TO_AWARD,PARSED_PDF_RUNS,R/03aj_wy_year1_awardees.R,,,,,Recipient name rule: name states a university or college.,HIGH,AMOUNT_PRELIMINARY,2.2 Physician GME,Budget Period 1 (2025-12-29 to 2026-10-30),NON_HOSPITAL,No,NOT_HOSPITAL,,"Recipient name rule: name states a university or college. §10.2 NON_HOSPITAL: the named recipient is not a hospital (§0.3a -- judged on the recipient, not the activity), and the source does not mention hospitals anywhere in the funded work.","The figure in the committee document's own APPROVED column for this row, read with session 32's run model. Six of this document's rows carry the recipient name in a SEPARATE PAINTED RUN from the rest of the row, so the line model splits them and loses $5,156,000 of Initiative 1.1 in silence; the runs keep the name and the money together. Every table reconciles to the document's own Total row, to the budget summary's Approved award column, and thence to the $205,004,742 allotment.",87-6000525,44.3,4627699,9255398,,,17712410,APPROVALS_TABLE,2026-08-11,data/evidence/WY/2026-09-03_wy_advisory_committee_award_approvals_2026-08-11.pdf
WY,32,Memorial Hospital of Laramie County dba Cheyenne Regional Medical Center,2193968.9,HOSPITAL_OR_SYSTEM,Yes,"Initiative 2.2 Physician GME. APPROVED BY THE RURAL HEALTH TRANSFORMATION ADVISORY COMMITTEE ON 2026-08-11, NOT EXECUTED: Wyoming's Year 1 obligation deadline for executed contracts is End of October 2026 (the minutes' own words) and WDH's programme-page timeline gives 2026-10-01. `round_amount` is this INITIATIVE's approved pool and repeats on every row of it -- never sum that column (Georgia's trap); use wy_reconcile(). ",Yes,No,2026,"Wyoming Rural Health Transformation Advisory Committee, Award Approvals - 8.11.26",https://health.wyo.gov/admin/rural-health-transformation-program/,NOTICE_OF_INTENT_TO_AWARD,PARSED_PDF_RUNS,R/03aj_wy_year1_awardees.R,,,,,Recipient name rule: name states a hospital.,MEDIUM,AMOUNT_PRELIMINARY,2.2 Physician GME,Budget Period 1 (2025-12-29 to 2026-10-30),DIRECT,Yes,NAMED_HOSPITAL,,Recipient name rule: name states a hospital. §10.2 DIRECT: the named recipient is a hospital or hospital system and the state's award document names both the recipient and the amount.,"The figure in the committee document's own APPROVED column for this row, read with session 32's run model. Six of this document's rows carry the recipient name in a SEPARATE PAINTED RUN from the rest of the row, so the line model splits them and loses $5,156,000 of Initiative 1.1 in silence; the runs keep the name and the money together. Every table reconciles to the document's own Total row, to the budget summary's Approved award column, and thence to the $205,004,742 allotment.",83-6000194,32.3,2193968.9,2193968.9,,,17712410,APPROVALS_TABLE,2026-08-11,data/evidence/WY/2026-09-03_wy_advisory_committee_award_approvals_2026-08-11.pdf
WY,33,Powell Valley Health Care,65000,NONPROFIT_CBO,No,"Initiative 3.1 Technology Adoption Challenge. APPROVED BY THE RURAL HEALTH TRANSFORMATION ADVISORY COMMITTEE ON 2026-08-11, NOT EXECUTED: Wyoming's Year 1 obligation deadline for executed contracts is End of October 2026 (the minutes' own words) and WDH's programme-page timeline gives 2026-10-01. `round_amount` is this INITIATIVE's approved pool and repeats on every row of it -- never sum that column (Georgia's trap); use wy_reconcile(). ",Yes,No,2026,"Wyoming Rural Health Transformation Advisory Committee, Award Approvals - 8.11.26",https://health.wyo.gov/admin/rural-health-transformation-program/,NOTICE_OF_INTENT_TO_AWARD,PARSED_PDF_RUNS,R/03aj_wy_year1_awardees.R,,,,,Recipient is named but the source does not state its organisational form; §8 settled fallback (session 10).,LOW,AMOUNT_PRELIMINARY;RECIPIENT_TYPE_INFERRED,3.1 Technology Adoption Challenge,Budget Period 1 (2025-12-29 to 2026-10-30),NON_HOSPITAL,No,NOT_HOSPITAL,,"Recipient is named but the source does not state its organisational form; §8 settled fallback (session 10). §10.2 NON_HOSPITAL: the named recipient is not a hospital (§0.3a -- judged on the recipient, not the activity), and the source does not mention hospitals anywhere in the funded work.","The figure in the committee document's own APPROVED column for this row, read with session 32's run model. Six of this document's rows carry the recipient name in a SEPARATE PAINTED RUN from the rest of the row, so the line model splits them and loses $5,156,000 of Initiative 1.1 in silence; the runs keep the name and the money together. Every table reconciles to the document's own Total row, to the budget summary's Approved award column, and thence to the $205,004,742 allotment.",,20,65000,65000,,,12652243,APPROVALS_TABLE,2026-08-11,data/evidence/WY/2026-09-03_wy_advisory_committee_award_approvals_2026-08-11.pdf
WY,34,Johnson County Hospital District,4751700,HOSPITAL_OR_SYSTEM,Yes,"Initiative 3.1 Technology Adoption Challenge. APPROVED BY THE RURAL HEALTH TRANSFORMATION ADVISORY COMMITTEE ON 2026-08-11, NOT EXECUTED: Wyoming's Year 1 obligation deadline for executed contracts is End of October 2026 (the minutes' own words) and WDH's programme-page timeline gives 2026-10-01. `round_amount` is this INITIATIVE's approved pool and repeats on every row of it -- never sum that column (Georgia's trap); use wy_reconcile(). ",Yes,No,2026,"Wyoming Rural Health Transformation Advisory Committee, Award Approvals - 8.11.26",https://health.wyo.gov/admin/rural-health-transformation-program/,NOTICE_OF_INTENT_TO_AWARD,PARSED_PDF_RUNS,R/03aj_wy_year1_awardees.R,,,,,Recipient name rule: name states a hospital.,MEDIUM,AMOUNT_PRELIMINARY,3.1 Technology Adoption Challenge,Budget Period 1 (2025-12-29 to 2026-10-30),DIRECT,Yes,NAMED_HOSPITAL,,Recipient name rule: name states a hospital. §10.2 DIRECT: the named recipient is a hospital or hospital system and the state's award document names both the recipient and the amount.,"The figure in the committee document's own APPROVED column for this row, read with session 32's run model. Six of this document's rows carry the recipient name in a SEPARATE PAINTED RUN from the rest of the row, so the line model splits them and loses $5,156,000 of Initiative 1.1 in silence; the runs keep the name and the money together. Every table reconciles to the document's own Total row, to the budget summary's Approved award column, and thence to the $205,004,742 allotment.",,19.3,4751700,4751700,,,12652243,APPROVALS_TABLE,2026-08-11,data/evidence/WY/2026-09-03_wy_advisory_committee_award_approvals_2026-08-11.pdf
WY,35,Evanston Regional Hospital,2602426,HOSPITAL_OR_SYSTEM,Yes,"Initiative 3.1 Technology Adoption Challenge. APPROVED BY THE RURAL HEALTH TRANSFORMATION ADVISORY COMMITTEE ON 2026-08-11, NOT EXECUTED: Wyoming's Year 1 obligation deadline for executed contracts is End of October 2026 (the minutes' own words) and WDH's programme-page timeline gives 2026-10-01. `round_amount` is this INITIATIVE's approved pool and repeats on every row of it -- never sum that column (Georgia's trap); use wy_reconcile(). ",Yes,No,2026,"Wyoming Rural Health Transformation Advisory Committee, Award Approvals - 8.11.26",https://health.wyo.gov/admin/rural-health-transformation-program/,NOTICE_OF_INTENT_TO_AWARD,PARSED_PDF_RUNS,R/03aj_wy_year1_awardees.R,,,,,Recipient name rule: name states a hospital.,MEDIUM,AMOUNT_PRELIMINARY,3.1 Technology Adoption Challenge,Budget Period 1 (2025-12-29 to 2026-10-30),DIRECT,Yes,NAMED_HOSPITAL,,Recipient name rule: name states a hospital. §10.2 DIRECT: the named recipient is a hospital or hospital system and the state's award document names both the recipient and the amount.,"The figure in the committee document's own APPROVED column for this row, read with session 32's run model. Six of this document's rows carry the recipient name in a SEPARATE PAINTED RUN from the rest of the row, so the line model splits them and loses $5,156,000 of Initiative 1.1 in silence; the runs keep the name and the money together. Every table reconciles to the document's own Total row, to the budget summary's Approved award column, and thence to the $205,004,742 allotment.",,18.7,2602426,2602426,,,12652243,APPROVALS_TABLE,2026-08-11,data/evidence/WY/2026-09-03_wy_advisory_committee_award_approvals_2026-08-11.pdf
WY,36,Instaclinic LLC,406784,NONPROFIT_CBO,No,"Initiative 3.1 Technology Adoption Challenge. APPROVED BY THE RURAL HEALTH TRANSFORMATION ADVISORY COMMITTEE ON 2026-08-11, NOT EXECUTED: Wyoming's Year 1 obligation deadline for executed contracts is End of October 2026 (the minutes' own words) and WDH's programme-page timeline gives 2026-10-01. `round_amount` is this INITIATIVE's approved pool and repeats on every row of it -- never sum that column (Georgia's trap); use wy_reconcile(). ",Yes,No,2026,"Wyoming Rural Health Transformation Advisory Committee, Award Approvals - 8.11.26",https://health.wyo.gov/admin/rural-health-transformation-program/,NOTICE_OF_INTENT_TO_AWARD,PARSED_PDF_RUNS,R/03aj_wy_year1_awardees.R,,,,,Recipient is named but the source does not state its organisational form; §8 settled fallback (session 10).,LOW,AMOUNT_PRELIMINARY;RECIPIENT_TYPE_INFERRED,3.1 Technology Adoption Challenge,Budget Period 1 (2025-12-29 to 2026-10-30),NON_HOSPITAL,No,NOT_HOSPITAL,,"Recipient is named but the source does not state its organisational form; §8 settled fallback (session 10). §10.2 NON_HOSPITAL: the named recipient is not a hospital (§0.3a -- judged on the recipient, not the activity), and the source does not mention hospitals anywhere in the funded work.","The figure in the committee document's own APPROVED column for this row, read with session 32's run model. Six of this document's rows carry the recipient name in a SEPARATE PAINTED RUN from the rest of the row, so the line model splits them and loses $5,156,000 of Initiative 1.1 in silence; the runs keep the name and the money together. Every table reconciles to the document's own Total row, to the budget summary's Approved award column, and thence to the $205,004,742 allotment.",,18.3,406784,406784,,,12652243,APPROVALS_TABLE,2026-08-11,data/evidence/WY/2026-09-03_wy_advisory_committee_award_approvals_2026-08-11.pdf
WY,37,Memorial Hospital of Laramie County dba Cheyen,415625,HOSPITAL_OR_SYSTEM,Yes,"Initiative 3.1 Technology Adoption Challenge. APPROVED BY THE RURAL HEALTH TRANSFORMATION ADVISORY COMMITTEE ON 2026-08-11, NOT EXECUTED: Wyoming's Year 1 obligation deadline for executed contracts is End of October 2026 (the minutes' own words) and WDH's programme-page timeline gives 2026-10-01. `round_amount` is this INITIATIVE's approved pool and repeats on every row of it -- never sum that column (Georgia's trap); use wy_reconcile(). ",Yes,No,2026,"Wyoming Rural Health Transformation Advisory Committee, Award Approvals - 8.11.26",https://health.wyo.gov/admin/rural-health-transformation-program/,NOTICE_OF_INTENT_TO_AWARD,PARSED_PDF_RUNS,R/03aj_wy_year1_awardees.R,,,,,Recipient name rule: name states a hospital.,MEDIUM,AMOUNT_PRELIMINARY,3.1 Technology Adoption Challenge,Budget Period 1 (2025-12-29 to 2026-10-30),DIRECT,Yes,NAMED_HOSPITAL,,Recipient name rule: name states a hospital. §10.2 DIRECT: the named recipient is a hospital or hospital system and the state's award document names both the recipient and the amount.,"The figure in the committee document's own APPROVED column for this row, read with session 32's run model. Six of this document's rows carry the recipient name in a SEPARATE PAINTED RUN from the rest of the row, so the line model splits them and loses $5,156,000 of Initiative 1.1 in silence; the runs keep the name and the money together. Every table reconciles to the document's own Total row, to the budget summary's Approved award column, and thence to the $205,004,742 allotment.",,17.3,415625,415625,,,12652243,APPROVALS_TABLE,2026-08-11,data/evidence/WY/2026-09-03_wy_advisory_committee_award_approvals_2026-08-11.pdf
WY,38,Campbell County Hospital District dba Campbell C,202590,HOSPITAL_OR_SYSTEM,Yes,"Initiative 3.1 Technology Adoption Challenge. APPROVED BY THE RURAL HEALTH TRANSFORMATION ADVISORY COMMITTEE ON 2026-08-11, NOT EXECUTED: Wyoming's Year 1 obligation deadline for executed contracts is End of October 2026 (the minutes' own words) and WDH's programme-page timeline gives 2026-10-01. `round_amount` is this INITIATIVE's approved pool and repeats on every row of it -- never sum that column (Georgia's trap); use wy_reconcile(). ",Yes,No,2026,"Wyoming Rural Health Transformation Advisory Committee, Award Approvals - 8.11.26",https://health.wyo.gov/admin/rural-health-transformation-program/,NOTICE_OF_INTENT_TO_AWARD,PARSED_PDF_RUNS,R/03aj_wy_year1_awardees.R,,,,,Recipient name rule: name states a hospital.,MEDIUM,AMOUNT_PRELIMINARY,3.1 Technology Adoption Challenge,Budget Period 1 (2025-12-29 to 2026-10-30),DIRECT,Yes,NAMED_HOSPITAL,,Recipient name rule: name states a hospital. §10.2 DIRECT: the named recipient is a hospital or hospital system and the state's award document names both the recipient and the amount.,"The figure in the committee document's own APPROVED column for this row, read with session 32's run model. Six of this document's rows carry the recipient name in a SEPARATE PAINTED RUN from the rest of the row, so the line model splits them and loses $5,156,000 of Initiative 1.1 in silence; the runs keep the name and the money together. Every table reconciles to the document's own Total row, to the budget summary's Approved award column, and thence to the $205,004,742 allotment.",,16.3,202590,202590,,,12652243,APPROVALS_TABLE,2026-08-11,data/evidence/WY/2026-09-03_wy_advisory_committee_award_approvals_2026-08-11.pdf
WY,39,"Bighorn Valley Health Center, Inc. dba One Health",376636,NONPROFIT_CBO,No,"Initiative 3.1 Technology Adoption Challenge. APPROVED BY THE RURAL HEALTH TRANSFORMATION ADVISORY COMMITTEE ON 2026-08-11, NOT EXECUTED: Wyoming's Year 1 obligation deadline for executed contracts is End of October 2026 (the minutes' own words) and WDH's programme-page timeline gives 2026-10-01. `round_amount` is this INITIATIVE's approved pool and repeats on every row of it -- never sum that column (Georgia's trap); use wy_reconcile(). ",Yes,No,2026,"Wyoming Rural Health Transformation Advisory Committee, Award Approvals - 8.11.26",https://health.wyo.gov/admin/rural-health-transformation-program/,NOTICE_OF_INTENT_TO_AWARD,PARSED_PDF_RUNS,R/03aj_wy_year1_awardees.R,,,,,Recipient is named but the source does not state its organisational form; §8 settled fallback (session 10).,LOW,AMOUNT_PRELIMINARY;RECIPIENT_TYPE_INFERRED,3.1 Technology Adoption Challenge,Budget Period 1 (2025-12-29 to 2026-10-30),NON_HOSPITAL,No,NOT_HOSPITAL,,"Recipient is named but the source does not state its organisational form; §8 settled fallback (session 10). §10.2 NON_HOSPITAL: the named recipient is not a hospital (§0.3a -- judged on the recipient, not the activity), and the source does not mention hospitals anywhere in the funded work.","The figure in the committee document's own APPROVED column for this row, read with session 32's run model. Six of this document's rows carry the recipient name in a SEPARATE PAINTED RUN from the rest of the row, so the line model splits them and loses $5,156,000 of Initiative 1.1 in silence; the runs keep the name and the money together. Every table reconciles to the document's own Total row, to the budget summary's Approved award column, and thence to the $205,004,742 allotment.",,16,376636,376636,,,12652243,APPROVALS_TABLE,2026-08-11,data/evidence/WY/2026-09-03_wy_advisory_committee_award_approvals_2026-08-11.pdf
WY,40,Powell Valley Health Care,687302,NONPROFIT_CBO,No,"Initiative 3.1 Technology Adoption Challenge. APPROVED BY THE RURAL HEALTH TRANSFORMATION ADVISORY COMMITTEE ON 2026-08-11, NOT EXECUTED: Wyoming's Year 1 obligation deadline for executed contracts is End of October 2026 (the minutes' own words) and WDH's programme-page timeline gives 2026-10-01. `round_amount` is this INITIATIVE's approved pool and repeats on every row of it -- never sum that column (Georgia's trap); use wy_reconcile(). ",Yes,No,2026,"Wyoming Rural Health Transformation Advisory Committee, Award Approvals - 8.11.26",https://health.wyo.gov/admin/rural-health-transformation-program/,NOTICE_OF_INTENT_TO_AWARD,PARSED_PDF_RUNS,R/03aj_wy_year1_awardees.R,,,,,Recipient is named but the source does not state its organisational form; §8 settled fallback (session 10).,LOW,AMOUNT_PRELIMINARY;RECIPIENT_TYPE_INFERRED,3.1 Technology Adoption Challenge,Budget Period 1 (2025-12-29 to 2026-10-30),NON_HOSPITAL,No,NOT_HOSPITAL,,"Recipient is named but the source does not state its organisational form; §8 settled fallback (session 10). §10.2 NON_HOSPITAL: the named recipient is not a hospital (§0.3a -- judged on the recipient, not the activity), and the source does not mention hospitals anywhere in the funded work.","The figure in the committee document's own APPROVED column for this row, read with session 32's run model. Six of this document's rows carry the recipient name in a SEPARATE PAINTED RUN from the rest of the row, so the line model splits them and loses $5,156,000 of Initiative 1.1 in silence; the runs keep the name and the money together. Every table reconciles to the document's own Total row, to the budget summary's Approved award column, and thence to the $205,004,742 allotment.",,17,687302,687302,,,12652243,APPROVALS_TABLE,2026-08-11,data/evidence/WY/2026-09-03_wy_advisory_committee_award_approvals_2026-08-11.pdf
WY,41,Campbell County Hospital District dba Campbell C,381672,HOSPITAL_OR_SYSTEM,Yes,"Initiative 3.1 Technology Adoption Challenge. APPROVED BY THE RURAL HEALTH TRANSFORMATION ADVISORY COMMITTEE ON 2026-08-11, NOT EXECUTED: Wyoming's Year 1 obligation deadline for executed contracts is End of October 2026 (the minutes' own words) and WDH's programme-page timeline gives 2026-10-01. `round_amount` is this INITIATIVE's approved pool and repeats on every row of it -- never sum that column (Georgia's trap); use wy_reconcile(). ",Yes,No,2026,"Wyoming Rural Health Transformation Advisory Committee, Award Approvals - 8.11.26",https://health.wyo.gov/admin/rural-health-transformation-program/,NOTICE_OF_INTENT_TO_AWARD,PARSED_PDF_RUNS,R/03aj_wy_year1_awardees.R,,,,,Recipient name rule: name states a hospital.,MEDIUM,AMOUNT_PRELIMINARY,3.1 Technology Adoption Challenge,Budget Period 1 (2025-12-29 to 2026-10-30),DIRECT,Yes,NAMED_HOSPITAL,,Recipient name rule: name states a hospital. §10.2 DIRECT: the named recipient is a hospital or hospital system and the state's award document names both the recipient and the amount.,"The figure in the committee document's own APPROVED column for this row, read with session 32's run model. Six of this document's rows carry the recipient name in a SEPARATE PAINTED RUN from the rest of the row, so the line model splits them and loses $5,156,000 of Initiative 1.1 in silence; the runs keep the name and the money together. Every table reconciles to the document's own Total row, to the budget summary's Approved award column, and thence to the $205,004,742 allotment.",,15.7,381672,381672,,,12652243,APPROVALS_TABLE,2026-08-11,data/evidence/WY/2026-09-03_wy_advisory_committee_award_approvals_2026-08-11.pdf
WY,42,Riverton Memorial Hospital dba SageWest Health,2762508,HOSPITAL_OR_SYSTEM,Yes,"Initiative 3.1 Technology Adoption Challenge. APPROVED BY THE RURAL HEALTH TRANSFORMATION ADVISORY COMMITTEE ON 2026-08-11, NOT EXECUTED: Wyoming's Year 1 obligation deadline for executed contracts is End of October 2026 (the minutes' own words) and WDH's programme-page timeline gives 2026-10-01. `round_amount` is this INITIATIVE's approved pool and repeats on every row of it -- never sum that column (Georgia's trap); use wy_reconcile(). ",Yes,No,2026,"Wyoming Rural Health Transformation Advisory Committee, Award Approvals - 8.11.26",https://health.wyo.gov/admin/rural-health-transformation-program/,NOTICE_OF_INTENT_TO_AWARD,PARSED_PDF_RUNS,R/03aj_wy_year1_awardees.R,,,,,Recipient name rule: name states a hospital.,MEDIUM,AMOUNT_PRELIMINARY,3.1 Technology Adoption Challenge,Budget Period 1 (2025-12-29 to 2026-10-30),DIRECT,Yes,NAMED_HOSPITAL,,Recipient name rule: name states a hospital. §10.2 DIRECT: the named recipient is a hospital or hospital system and the state's award document names both the recipient and the amount.,"The figure in the committee document's own APPROVED column for this row, read with session 32's run model. Six of this document's rows carry the recipient name in a SEPARATE PAINTED RUN from the rest of the row, so the line model splits them and loses $5,156,000 of Initiative 1.1 in silence; the runs keep the name and the money together. Every table reconciles to the document's own Total row, to the budget summary's Approved award column, and thence to the $205,004,742 allotment.",,14.7,2762508,2762508,,,12652243,APPROVALS_TABLE,2026-08-11,data/evidence/WY/2026-09-03_wy_advisory_committee_award_approvals_2026-08-11.pdf
WY,43,Health West Rock Springs; Health West Evanston,2251211.2,FQHC_OR_RHC,No,"Initiative 4.1 Integrated Primary Care. APPROVED BY THE RURAL HEALTH TRANSFORMATION ADVISORY COMMITTEE ON 2026-08-11, NOT EXECUTED: Wyoming's Year 1 obligation deadline for executed contracts is End of October 2026 (the minutes' own words) and WDH's programme-page timeline gives 2026-10-01. `round_amount` is this INITIATIVE's approved pool and repeats on every row of it -- never sum that column (Georgia's trap); use wy_reconcile(). ",Yes,No,2026,"Wyoming Rural Health Transformation Advisory Committee, Award Approvals - 8.11.26",https://health.wyo.gov/admin/rural-health-transformation-program/,NOTICE_OF_INTENT_TO_AWARD,PARSED_PDF_RUNS,R/03aj_wy_year1_awardees.R,,,,,"Recipient class STATED BY WDH in its own disqualification of an ineligible applicant -- ""Entity is not an FQHC or a Tribally-run 638 clinic, and was therefore, not eligible"" -- so every applicant WDH marked eligible is one or the other. WDH does not say WHICH per row and this file does not guess; `FQHC_OR_RHC` and `TRIBAL_ORG` are both NON_HOSPITAL, so no dollar turns on the distinction.",MEDIUM,AMOUNT_PRELIMINARY,4.1 Integrated Primary Care,Budget Period 1 (2025-12-29 to 2026-10-30),NON_HOSPITAL,No,NOT_HOSPITAL,,"Recipient class STATED BY WDH in its own disqualification of an ineligible applicant -- ""Entity is not an FQHC or a Tribally-run 638 clinic, and was therefore, not eligible"" -- so every applicant WDH marked eligible is one or the other. WDH does not say WHICH per row and this file does not guess; `FQHC_OR_RHC` and `TRIBAL_ORG` are both NON_HOSPITAL, so no dollar turns on the distinction. §10.2 NON_HOSPITAL: the named recipient is not a hospital (§0.3a -- judged on the recipient, not the activity), and the source does not mention hospitals anywhere in the funded work.","The figure in the committee document's own APPROVED column for this row, read with session 32's run model. Six of this document's rows carry the recipient name in a SEPARATE PAINTED RUN from the rest of the row, so the line model splits them and loses $5,156,000 of Initiative 1.1 in silence; the runs keep the name and the money together. Every table reconciles to the document's own Total row, to the budget summary's Approved award column, and thence to the $205,004,742 allotment.",82-0324100,92.7,2345611.2,2251211.2,,,30465504.740000002,APPROVALS_TABLE,2026-08-11,data/evidence/WY/2026-09-03_wy_advisory_committee_award_approvals_2026-08-11.pdf
WY,44,"Community Health Center of Central Wyoming, Inc.",956250,FQHC_OR_RHC,No,"Initiative 4.1 Integrated Primary Care. APPROVED BY THE RURAL HEALTH TRANSFORMATION ADVISORY COMMITTEE ON 2026-08-11, NOT EXECUTED: Wyoming's Year 1 obligation deadline for executed contracts is End of October 2026 (the minutes' own words) and WDH's programme-page timeline gives 2026-10-01. `round_amount` is this INITIATIVE's approved pool and repeats on every row of it -- never sum that column (Georgia's trap); use wy_reconcile(). ",Yes,No,2026,"Wyoming Rural Health Transformation Advisory Committee, Award Approvals - 8.11.26",https://health.wyo.gov/admin/rural-health-transformation-program/,NOTICE_OF_INTENT_TO_AWARD,PARSED_PDF_RUNS,R/03aj_wy_year1_awardees.R,,,,,"Recipient class STATED BY WDH in its own disqualification of an ineligible applicant -- ""Entity is not an FQHC or a Tribally-run 638 clinic, and was therefore, not eligible"" -- so every applicant WDH marked eligible is one or the other. WDH does not say WHICH per row and this file does not guess; `FQHC_OR_RHC` and `TRIBAL_ORG` are both NON_HOSPITAL, so no dollar turns on the distinction.",MEDIUM,AMOUNT_PRELIMINARY,4.1 Integrated Primary Care,Budget Period 1 (2025-12-29 to 2026-10-30),NON_HOSPITAL,No,NOT_HOSPITAL,,"Recipient class STATED BY WDH in its own disqualification of an ineligible applicant -- ""Entity is not an FQHC or a Tribally-run 638 clinic, and was therefore, not eligible"" -- so every applicant WDH marked eligible is one or the other. WDH does not say WHICH per row and this file does not guess; `FQHC_OR_RHC` and `TRIBAL_ORG` are both NON_HOSPITAL, so no dollar turns on the distinction. §10.2 NON_HOSPITAL: the named recipient is not a hospital (§0.3a -- judged on the recipient, not the activity), and the source does not mention hospitals anywhere in the funded work.","The figure in the committee document's own APPROVED column for this row, read with session 32's run model. Six of this document's rows carry the recipient name in a SEPARATE PAINTED RUN from the rest of the row, so the line model splits them and loses $5,156,000 of Initiative 1.1 in silence; the runs keep the name and the money together. Every table reconciles to the document's own Total row, to the budget summary's Approved award column, and thence to the $205,004,742 allotment.",83-0326307,88.3,956250,956250,,,30465504.740000002,APPROVALS_TABLE,2026-08-11,data/evidence/WY/2026-09-03_wy_advisory_committee_award_approvals_2026-08-11.pdf
WY,45,Wind River Family & Community Healthcare,3699304,FQHC_OR_RHC,No,"Initiative 4.1 Integrated Primary Care. APPROVED BY THE RURAL HEALTH TRANSFORMATION ADVISORY COMMITTEE ON 2026-08-11, NOT EXECUTED: Wyoming's Year 1 obligation deadline for executed contracts is End of October 2026 (the minutes' own words) and WDH's programme-page timeline gives 2026-10-01. `round_amount` is this INITIATIVE's approved pool and repeats on every row of it -- never sum that column (Georgia's trap); use wy_reconcile(). ",Yes,No,2026,"Wyoming Rural Health Transformation Advisory Committee, Award Approvals - 8.11.26",https://health.wyo.gov/admin/rural-health-transformation-program/,NOTICE_OF_INTENT_TO_AWARD,PARSED_PDF_RUNS,R/03aj_wy_year1_awardees.R,,,,,"Recipient class STATED BY WDH in its own disqualification of an ineligible applicant -- ""Entity is not an FQHC or a Tribally-run 638 clinic, and was therefore, not eligible"" -- so every applicant WDH marked eligible is one or the other. WDH does not say WHICH per row and this file does not guess; `FQHC_OR_RHC` and `TRIBAL_ORG` are both NON_HOSPITAL, so no dollar turns on the distinction.",MEDIUM,AMOUNT_PRELIMINARY,4.1 Integrated Primary Care,Budget Period 1 (2025-12-29 to 2026-10-30),NON_HOSPITAL,No,NOT_HOSPITAL,,"Recipient class STATED BY WDH in its own disqualification of an ineligible applicant -- ""Entity is not an FQHC or a Tribally-run 638 clinic, and was therefore, not eligible"" -- so every applicant WDH marked eligible is one or the other. WDH does not say WHICH per row and this file does not guess; `FQHC_OR_RHC` and `TRIBAL_ORG` are both NON_HOSPITAL, so no dollar turns on the distinction. §10.2 NON_HOSPITAL: the named recipient is not a hospital (§0.3a -- judged on the recipient, not the activity), and the source does not mention hospitals anywhere in the funded work.","The figure in the committee document's own APPROVED column for this row, read with session 32's run model. Six of this document's rows carry the recipient name in a SEPARATE PAINTED RUN from the rest of the row, so the line model splits them and loses $5,156,000 of Initiative 1.1 in silence; the runs keep the name and the money together. Every table reconciles to the document's own Total row, to the budget summary's Approved award column, and thence to the $205,004,742 allotment.",83-0254253,84.7,3699304,3699304,,,30465504.740000002,APPROVALS_TABLE,2026-08-11,data/evidence/WY/2026-09-03_wy_advisory_committee_award_approvals_2026-08-11.pdf
WY,46,"Bighorn Valley Health Center, Inc. dba One Health",9891284,FQHC_OR_RHC,No,"Initiative 4.1 Integrated Primary Care. APPROVED BY THE RURAL HEALTH TRANSFORMATION ADVISORY COMMITTEE ON 2026-08-11, NOT EXECUTED: Wyoming's Year 1 obligation deadline for executed contracts is End of October 2026 (the minutes' own words) and WDH's programme-page timeline gives 2026-10-01. `round_amount` is this INITIATIVE's approved pool and repeats on every row of it -- never sum that column (Georgia's trap); use wy_reconcile(). ",Yes,No,2026,"Wyoming Rural Health Transformation Advisory Committee, Award Approvals - 8.11.26",https://health.wyo.gov/admin/rural-health-transformation-program/,NOTICE_OF_INTENT_TO_AWARD,PARSED_PDF_RUNS,R/03aj_wy_year1_awardees.R,,,,,"Recipient class STATED BY WDH in its own disqualification of an ineligible applicant -- ""Entity is not an FQHC or a Tribally-run 638 clinic, and was therefore, not eligible"" -- so every applicant WDH marked eligible is one or the other. WDH does not say WHICH per row and this file does not guess; `FQHC_OR_RHC` and `TRIBAL_ORG` are both NON_HOSPITAL, so no dollar turns on the distinction.",MEDIUM,AMOUNT_PRELIMINARY,4.1 Integrated Primary Care,Budget Period 1 (2025-12-29 to 2026-10-30),NON_HOSPITAL,No,NOT_HOSPITAL,,"Recipient class STATED BY WDH in its own disqualification of an ineligible applicant -- ""Entity is not an FQHC or a Tribally-run 638 clinic, and was therefore, not eligible"" -- so every applicant WDH marked eligible is one or the other. WDH does not say WHICH per row and this file does not guess; `FQHC_OR_RHC` and `TRIBAL_ORG` are both NON_HOSPITAL, so no dollar turns on the distinction. §10.2 NON_HOSPITAL: the named recipient is not a hospital (§0.3a -- judged on the recipient, not the activity), and the source does not mention hospitals anywhere in the funded work.","The figure in the committee document's own APPROVED column for this row, read with session 32's run model. Six of this document's rows carry the recipient name in a SEPARATE PAINTED RUN from the rest of the row, so the line model splits them and loses $5,156,000 of Initiative 1.1 in silence; the runs keep the name and the money together. Every table reconciles to the document's own Total row, to the budget summary's Approved award column, and thence to the $205,004,742 allotment.",27-3113428,80,9891284,5000000,,,30465504.740000002,APPROVALS_TABLE,2026-08-11,data/evidence/WY/2026-09-03_wy_advisory_committee_award_approvals_2026-08-11.pdf
WY,47,Warm Valley Health Care,3303278.54,FQHC_OR_RHC,No,"Initiative 4.1 Integrated Primary Care. APPROVED BY THE RURAL HEALTH TRANSFORMATION ADVISORY COMMITTEE ON 2026-08-11, NOT EXECUTED: Wyoming's Year 1 obligation deadline for executed contracts is End of October 2026 (the minutes' own words) and WDH's programme-page timeline gives 2026-10-01. `round_amount` is this INITIATIVE's approved pool and repeats on every row of it -- never sum that column (Georgia's trap); use wy_reconcile(). ",Yes,No,2026,"Wyoming Rural Health Transformation Advisory Committee, Award Approvals - 8.11.26",https://health.wyo.gov/admin/rural-health-transformation-program/,NOTICE_OF_INTENT_TO_AWARD,PARSED_PDF_RUNS,R/03aj_wy_year1_awardees.R,,,,,"Recipient class STATED BY WDH in its own disqualification of an ineligible applicant -- ""Entity is not an FQHC or a Tribally-run 638 clinic, and was therefore, not eligible"" -- so every applicant WDH marked eligible is one or the other. WDH does not say WHICH per row and this file does not guess; `FQHC_OR_RHC` and `TRIBAL_ORG` are both NON_HOSPITAL, so no dollar turns on the distinction.",MEDIUM,AMOUNT_PRELIMINARY,4.1 Integrated Primary Care,Budget Period 1 (2025-12-29 to 2026-10-30),NON_HOSPITAL,No,NOT_HOSPITAL,,"Recipient class STATED BY WDH in its own disqualification of an ineligible applicant -- ""Entity is not an FQHC or a Tribally-run 638 clinic, and was therefore, not eligible"" -- so every applicant WDH marked eligible is one or the other. WDH does not say WHICH per row and this file does not guess; `FQHC_OR_RHC` and `TRIBAL_ORG` are both NON_HOSPITAL, so no dollar turns on the distinction. §10.2 NON_HOSPITAL: the named recipient is not a hospital (§0.3a -- judged on the recipient, not the activity), and the source does not mention hospitals anywhere in the funded work.","The figure in the committee document's own APPROVED column for this row, read with session 32's run model. Six of this document's rows carry the recipient name in a SEPARATE PAINTED RUN from the rest of the row, so the line model splits them and loses $5,156,000 of Initiative 1.1 in silence; the runs keep the name and the money together. Every table reconciles to the document's own Total row, to the budget summary's Approved award column, and thence to the $205,004,742 allotment.",99-3490827,79.3,3303278.54,3303278.54,,,30465504.740000002,APPROVALS_TABLE,2026-08-11,data/evidence/WY/2026-09-03_wy_advisory_committee_award_approvals_2026-08-11.pdf
WY,48,The Educational Health Center of Wyoming (EHCW),3383753,FQHC_OR_RHC,No,"Initiative 4.1 Integrated Primary Care. APPROVED BY THE RURAL HEALTH TRANSFORMATION ADVISORY COMMITTEE ON 2026-08-11, NOT EXECUTED: Wyoming's Year 1 obligation deadline for executed contracts is End of October 2026 (the minutes' own words) and WDH's programme-page timeline gives 2026-10-01. `round_amount` is this INITIATIVE's approved pool and repeats on every row of it -- never sum that column (Georgia's trap); use wy_reconcile(). ",Yes,No,2026,"Wyoming Rural Health Transformation Advisory Committee, Award Approvals - 8.11.26",https://health.wyo.gov/admin/rural-health-transformation-program/,NOTICE_OF_INTENT_TO_AWARD,PARSED_PDF_RUNS,R/03aj_wy_year1_awardees.R,,,,,"Recipient class STATED BY WDH in its own disqualification of an ineligible applicant -- ""Entity is not an FQHC or a Tribally-run 638 clinic, and was therefore, not eligible"" -- so every applicant WDH marked eligible is one or the other. WDH does not say WHICH per row and this file does not guess; `FQHC_OR_RHC` and `TRIBAL_ORG` are both NON_HOSPITAL, so no dollar turns on the distinction.",MEDIUM,AMOUNT_PRELIMINARY,4.1 Integrated Primary Care,Budget Period 1 (2025-12-29 to 2026-10-30),NON_HOSPITAL,No,NOT_HOSPITAL,,"Recipient class STATED BY WDH in its own disqualification of an ineligible applicant -- ""Entity is not an FQHC or a Tribally-run 638 clinic, and was therefore, not eligible"" -- so every applicant WDH marked eligible is one or the other. WDH does not say WHICH per row and this file does not guess; `FQHC_OR_RHC` and `TRIBAL_ORG` are both NON_HOSPITAL, so no dollar turns on the distinction. §10.2 NON_HOSPITAL: the named recipient is not a hospital (§0.3a -- judged on the recipient, not the activity), and the source does not mention hospitals anywhere in the funded work.","The figure in the committee document's own APPROVED column for this row, read with session 32's run model. Six of this document's rows carry the recipient name in a SEPARATE PAINTED RUN from the rest of the row, so the line model splits them and loses $5,156,000 of Initiative 1.1 in silence; the runs keep the name and the money together. Every table reconciles to the document's own Total row, to the budget summary's Approved award column, and thence to the $205,004,742 allotment.",83-6000331,71,3383753,2184058.75,,,30465504.740000002,APPROVALS_TABLE,2026-08-11,data/evidence/WY/2026-09-03_wy_advisory_committee_award_approvals_2026-08-11.pdf
WY,49,Cheyenne Health & Wellness Center dba HealthWorks,5844424,FQHC_OR_RHC,No,"Initiative 4.1 Integrated Primary Care. APPROVED BY THE RURAL HEALTH TRANSFORMATION ADVISORY COMMITTEE ON 2026-08-11, NOT EXECUTED: Wyoming's Year 1 obligation deadline for executed contracts is End of October 2026 (the minutes' own words) and WDH's programme-page timeline gives 2026-10-01. `round_amount` is this INITIATIVE's approved pool and repeats on every row of it -- never sum that column (Georgia's trap); use wy_reconcile(). ",Yes,No,2026,"Wyoming Rural Health Transformation Advisory Committee, Award Approvals - 8.11.26",https://health.wyo.gov/admin/rural-health-transformation-program/,NOTICE_OF_INTENT_TO_AWARD,PARSED_PDF_RUNS,R/03aj_wy_year1_awardees.R,,,,,"Recipient class STATED BY WDH in its own disqualification of an ineligible applicant -- ""Entity is not an FQHC or a Tribally-run 638 clinic, and was therefore, not eligible"" -- so every applicant WDH marked eligible is one or the other. WDH does not say WHICH per row and this file does not guess; `FQHC_OR_RHC` and `TRIBAL_ORG` are both NON_HOSPITAL, so no dollar turns on the distinction.",MEDIUM,AMOUNT_PRELIMINARY,4.1 Integrated Primary Care,Budget Period 1 (2025-12-29 to 2026-10-30),NON_HOSPITAL,No,NOT_HOSPITAL,,"Recipient class STATED BY WDH in its own disqualification of an ineligible applicant -- ""Entity is not an FQHC or a Tribally-run 638 clinic, and was therefore, not eligible"" -- so every applicant WDH marked eligible is one or the other. WDH does not say WHICH per row and this file does not guess; `FQHC_OR_RHC` and `TRIBAL_ORG` are both NON_HOSPITAL, so no dollar turns on the distinction. §10.2 NON_HOSPITAL: the named recipient is not a hospital (§0.3a -- judged on the recipient, not the activity), and the source does not mention hospitals anywhere in the funded work.","The figure in the committee document's own APPROVED column for this row, read with session 32's run model. Six of this document's rows carry the recipient name in a SEPARATE PAINTED RUN from the rest of the row, so the line model splits them and loses $5,156,000 of Initiative 1.1 in silence; the runs keep the name and the money together. Every table reconciles to the document's own Total row, to the budget summary's Approved award column, and thence to the $205,004,742 allotment.",87-0718984,61.7,5844424,3278190.55,,,30465504.740000002,APPROVALS_TABLE,2026-08-11,data/evidence/WY/2026-09-03_wy_advisory_committee_award_approvals_2026-08-11.pdf
WY,50,"Community Action of Laramie County, Inc.",1136000,FQHC_OR_RHC,No,"Initiative 4.1 Integrated Primary Care. APPROVED BY THE RURAL HEALTH TRANSFORMATION ADVISORY COMMITTEE ON 2026-08-11, NOT EXECUTED: Wyoming's Year 1 obligation deadline for executed contracts is End of October 2026 (the minutes' own words) and WDH's programme-page timeline gives 2026-10-01. `round_amount` is this INITIATIVE's approved pool and repeats on every row of it -- never sum that column (Georgia's trap); use wy_reconcile(). ",Yes,No,2026,"Wyoming Rural Health Transformation Advisory Committee, Award Approvals - 8.11.26",https://health.wyo.gov/admin/rural-health-transformation-program/,NOTICE_OF_INTENT_TO_AWARD,PARSED_PDF_RUNS,R/03aj_wy_year1_awardees.R,,,,,"Recipient class STATED BY WDH in its own disqualification of an ineligible applicant -- ""Entity is not an FQHC or a Tribally-run 638 clinic, and was therefore, not eligible"" -- so every applicant WDH marked eligible is one or the other. WDH does not say WHICH per row and this file does not guess; `FQHC_OR_RHC` and `TRIBAL_ORG` are both NON_HOSPITAL, so no dollar turns on the distinction.",MEDIUM,AMOUNT_PRELIMINARY,4.1 Integrated Primary Care,Budget Period 1 (2025-12-29 to 2026-10-30),NON_HOSPITAL,No,NOT_HOSPITAL,,"Recipient class STATED BY WDH in its own disqualification of an ineligible applicant -- ""Entity is not an FQHC or a Tribally-run 638 clinic, and was therefore, not eligible"" -- so every applicant WDH marked eligible is one or the other. WDH does not say WHICH per row and this file does not guess; `FQHC_OR_RHC` and `TRIBAL_ORG` are both NON_HOSPITAL, so no dollar turns on the distinction. §10.2 NON_HOSPITAL: the named recipient is not a hospital (§0.3a -- judged on the recipient, not the activity), and the source does not mention hospitals anywhere in the funded work.","The figure in the committee document's own APPROVED column for this row, read with session 32's run model. Six of this document's rows carry the recipient name in a SEPARATE PAINTED RUN from the rest of the row, so the line model splits them and loses $5,156,000 of Initiative 1.1 in silence; the runs keep the name and the money together. Every table reconciles to the document's own Total row, to the budget summary's Approved award column, and thence to the $205,004,742 allotment.",83-0205887,53,1136000,547345.45,,,30465504.740000002,APPROVALS_TABLE,2026-08-11,data/evidence/WY/2026-09-03_wy_advisory_committee_award_approvals_2026-08-11.pdf
WY,51,Instaclinic LLC,133500,NONPROFIT_CBO,No,"Initiative 4.2 Clinically-Integrated Care Coordination. APPROVED BY THE RURAL HEALTH TRANSFORMATION ADVISORY COMMITTEE ON 2026-08-11, NOT EXECUTED: Wyoming's Year 1 obligation deadline for executed contracts is End of October 2026 (the minutes' own words) and WDH's programme-page timeline gives 2026-10-01. `round_amount` is this INITIATIVE's approved pool and repeats on every row of it -- never sum that column (Georgia's trap); use wy_reconcile(). ",Yes,No,2026,"Wyoming Rural Health Transformation Advisory Committee, Award Approvals - 8.11.26",https://health.wyo.gov/admin/rural-health-transformation-program/,NOTICE_OF_INTENT_TO_AWARD,PARSED_PDF_RUNS,R/03aj_wy_year1_awardees.R,,,,,Recipient is named but the source does not state its organisational form; §8 settled fallback (session 10).,LOW,AMOUNT_PRELIMINARY;RECIPIENT_TYPE_INFERRED,4.2 Clinically-Integrated Care Coordination,Budget Period 1 (2025-12-29 to 2026-10-30),NON_HOSPITAL,No,NOT_HOSPITAL,,"Recipient is named but the source does not state its organisational form; §8 settled fallback (session 10). §10.2 NON_HOSPITAL: the named recipient is not a hospital (§0.3a -- judged on the recipient, not the activity), and the source does not mention hospitals anywhere in the funded work.","The figure in the committee document's own APPROVED column for this row, read with session 32's run model. Six of this document's rows carry the recipient name in a SEPARATE PAINTED RUN from the rest of the row, so the line model splits them and loses $5,156,000 of Initiative 1.1 in silence; the runs keep the name and the money together. Every table reconciles to the document's own Total row, to the budget summary's Approved award column, and thence to the $205,004,742 allotment.",,,,133500,,Albany County,3218160,APPROVALS_TABLE,2026-08-11,data/evidence/WY/2026-09-03_wy_advisory_committee_award_approvals_2026-08-11.pdf
WY,52,William H. and Carrie Gottsche Foundation,105420,NONPROFIT_CBO,No,"Initiative 4.2 Clinically-Integrated Care Coordination. APPROVED BY THE RURAL HEALTH TRANSFORMATION ADVISORY COMMITTEE ON 2026-08-11, NOT EXECUTED: Wyoming's Year 1 obligation deadline for executed contracts is End of October 2026 (the minutes' own words) and WDH's programme-page timeline gives 2026-10-01. `round_amount` is this INITIATIVE's approved pool and repeats on every row of it -- never sum that column (Georgia's trap); use wy_reconcile(). ",Yes,No,2026,"Wyoming Rural Health Transformation Advisory Committee, Award Approvals - 8.11.26",https://health.wyo.gov/admin/rural-health-transformation-program/,NOTICE_OF_INTENT_TO_AWARD,PARSED_PDF_RUNS,R/03aj_wy_year1_awardees.R,,,,,Recipient is named but the source does not state its organisational form; §8 settled fallback (session 10).,LOW,AMOUNT_PRELIMINARY;RECIPIENT_TYPE_INFERRED,4.2 Clinically-Integrated Care Coordination,Budget Period 1 (2025-12-29 to 2026-10-30),NON_HOSPITAL,No,NOT_HOSPITAL,,"Recipient is named but the source does not state its organisational form; §8 settled fallback (session 10). §10.2 NON_HOSPITAL: the named recipient is not a hospital (§0.3a -- judged on the recipient, not the activity), and the source does not mention hospitals anywhere in the funded work.","The figure in the committee document's own APPROVED column for this row, read with session 32's run model. Six of this document's rows carry the recipient name in a SEPARATE PAINTED RUN from the rest of the row, so the line model splits them and loses $5,156,000 of Initiative 1.1 in silence; the runs keep the name and the money together. Every table reconciles to the document's own Total row, to the budget summary's Approved award column, and thence to the $205,004,742 allotment.",,,,105420,,Big Horn County,3218160,APPROVALS_TABLE,2026-08-11,data/evidence/WY/2026-09-03_wy_advisory_committee_award_approvals_2026-08-11.pdf
WY,53,Instaclinic LLC,151440,NONPROFIT_CBO,No,"Initiative 4.2 Clinically-Integrated Care Coordination. APPROVED BY THE RURAL HEALTH TRANSFORMATION ADVISORY COMMITTEE ON 2026-08-11, NOT EXECUTED: Wyoming's Year 1 obligation deadline for executed contracts is End of October 2026 (the minutes' own words) and WDH's programme-page timeline gives 2026-10-01. `round_amount` is this INITIATIVE's approved pool and repeats on every row of it -- never sum that column (Georgia's trap); use wy_reconcile(). ",Yes,No,2026,"Wyoming Rural Health Transformation Advisory Committee, Award Approvals - 8.11.26",https://health.wyo.gov/admin/rural-health-transformation-program/,NOTICE_OF_INTENT_TO_AWARD,PARSED_PDF_RUNS,R/03aj_wy_year1_awardees.R,,,,,Recipient is named but the source does not state its organisational form; §8 settled fallback (session 10).,LOW,AMOUNT_PRELIMINARY;RECIPIENT_TYPE_INFERRED,4.2 Clinically-Integrated Care Coordination,Budget Period 1 (2025-12-29 to 2026-10-30),NON_HOSPITAL,No,NOT_HOSPITAL,,"Recipient is named but the source does not state its organisational form; §8 settled fallback (session 10). §10.2 NON_HOSPITAL: the named recipient is not a hospital (§0.3a -- judged on the recipient, not the activity), and the source does not mention hospitals anywhere in the funded work.","The figure in the committee document's own APPROVED column for this row, read with session 32's run model. Six of this document's rows carry the recipient name in a SEPARATE PAINTED RUN from the rest of the row, so the line model splits them and loses $5,156,000 of Initiative 1.1 in silence; the runs keep the name and the money together. Every table reconciles to the document's own Total row, to the budget summary's Approved award column, and thence to the $205,004,742 allotment.",,,,151440,,Campbell County,3218160,APPROVALS_TABLE,2026-08-11,data/evidence/WY/2026-09-03_wy_advisory_committee_award_approvals_2026-08-11.pdf
WY,54,University of Wyoming Family Medicine,108540,UNIVERSITY_OR_AHC,No,"Initiative 4.2 Clinically-Integrated Care Coordination. APPROVED BY THE RURAL HEALTH TRANSFORMATION ADVISORY COMMITTEE ON 2026-08-11, NOT EXECUTED: Wyoming's Year 1 obligation deadline for executed contracts is End of October 2026 (the minutes' own words) and WDH's programme-page timeline gives 2026-10-01. `round_amount` is this INITIATIVE's approved pool and repeats on every row of it -- never sum that column (Georgia's trap); use wy_reconcile(). ",Yes,No,2026,"Wyoming Rural Health Transformation Advisory Committee, Award Approvals - 8.11.26",https://health.wyo.gov/admin/rural-health-transformation-program/,NOTICE_OF_INTENT_TO_AWARD,PARSED_PDF_RUNS,R/03aj_wy_year1_awardees.R,,,,,Recipient name rule: name states a university or college.,HIGH,AMOUNT_PRELIMINARY,4.2 Clinically-Integrated Care Coordination,Budget Period 1 (2025-12-29 to 2026-10-30),NON_HOSPITAL,No,NOT_HOSPITAL,,"Recipient name rule: name states a university or college. §10.2 NON_HOSPITAL: the named recipient is not a hospital (§0.3a -- judged on the recipient, not the activity), and the source does not mention hospitals anywhere in the funded work.","The figure in the committee document's own APPROVED column for this row, read with session 32's run model. Six of this document's rows carry the recipient name in a SEPARATE PAINTED RUN from the rest of the row, so the line model splits them and loses $5,156,000 of Initiative 1.1 in silence; the runs keep the name and the money together. Every table reconciles to the document's own Total row, to the budget summary's Approved award column, and thence to the $205,004,742 allotment.",,,,108540,,Carbon County,3218160,APPROVALS_TABLE,2026-08-11,data/evidence/WY/2026-09-03_wy_advisory_committee_award_approvals_2026-08-11.pdf
WY,55,Community Strong LLC,105420,NONPROFIT_CBO,No,"Initiative 4.2 Clinically-Integrated Care Coordination. APPROVED BY THE RURAL HEALTH TRANSFORMATION ADVISORY COMMITTEE ON 2026-08-11, NOT EXECUTED: Wyoming's Year 1 obligation deadline for executed contracts is End of October 2026 (the minutes' own words) and WDH's programme-page timeline gives 2026-10-01. `round_amount` is this INITIATIVE's approved pool and repeats on every row of it -- never sum that column (Georgia's trap); use wy_reconcile(). ",Yes,No,2026,"Wyoming Rural Health Transformation Advisory Committee, Award Approvals - 8.11.26",https://health.wyo.gov/admin/rural-health-transformation-program/,NOTICE_OF_INTENT_TO_AWARD,PARSED_PDF_RUNS,R/03aj_wy_year1_awardees.R,,,,,Recipient is named but the source does not state its organisational form; §8 settled fallback (session 10).,LOW,AMOUNT_PRELIMINARY;RECIPIENT_TYPE_INFERRED,4.2 Clinically-Integrated Care Coordination,Budget Period 1 (2025-12-29 to 2026-10-30),NON_HOSPITAL,No,NOT_HOSPITAL,,"Recipient is named but the source does not state its organisational form; §8 settled fallback (session 10). §10.2 NON_HOSPITAL: the named recipient is not a hospital (§0.3a -- judged on the recipient, not the activity), and the source does not mention hospitals anywhere in the funded work.","The figure in the committee document's own APPROVED column for this row, read with session 32's run model. Six of this document's rows carry the recipient name in a SEPARATE PAINTED RUN from the rest of the row, so the line model splits them and loses $5,156,000 of Initiative 1.1 in silence; the runs keep the name and the money together. Every table reconciles to the document's own Total row, to the budget summary's Approved award column, and thence to the $205,004,742 allotment.",,,,105420,,Converse County,3218160,APPROVALS_TABLE,2026-08-11,data/evidence/WY/2026-09-03_wy_advisory_committee_award_approvals_2026-08-11.pdf
WY,56,Community Strong LLC,83580,NONPROFIT_CBO,No,"Initiative 4.2 Clinically-Integrated Care Coordination. APPROVED BY THE RURAL HEALTH TRANSFORMATION ADVISORY COMMITTEE ON 2026-08-11, NOT EXECUTED: Wyoming's Year 1 obligation deadline for executed contracts is End of October 2026 (the minutes' own words) and WDH's programme-page timeline gives 2026-10-01. `round_amount` is this INITIATIVE's approved pool and repeats on every row of it -- never sum that column (Georgia's trap); use wy_reconcile(). ",Yes,No,2026,"Wyoming Rural Health Transformation Advisory Committee, Award Approvals - 8.11.26",https://health.wyo.gov/admin/rural-health-transformation-program/,NOTICE_OF_INTENT_TO_AWARD,PARSED_PDF_RUNS,R/03aj_wy_year1_awardees.R,,,,,Recipient is named but the source does not state its organisational form; §8 settled fallback (session 10).,LOW,AMOUNT_PRELIMINARY;RECIPIENT_TYPE_INFERRED,4.2 Clinically-Integrated Care Coordination,Budget Period 1 (2025-12-29 to 2026-10-30),NON_HOSPITAL,No,NOT_HOSPITAL,,"Recipient is named but the source does not state its organisational form; §8 settled fallback (session 10). §10.2 NON_HOSPITAL: the named recipient is not a hospital (§0.3a -- judged on the recipient, not the activity), and the source does not mention hospitals anywhere in the funded work.","The figure in the committee document's own APPROVED column for this row, read with session 32's run model. Six of this document's rows carry the recipient name in a SEPARATE PAINTED RUN from the rest of the row, so the line model splits them and loses $5,156,000 of Initiative 1.1 in silence; the runs keep the name and the money together. Every table reconciles to the document's own Total row, to the budget summary's Approved award column, and thence to the $205,004,742 allotment.",,,,83580,,Crook County,3218160,APPROVALS_TABLE,2026-08-11,data/evidence/WY/2026-09-03_wy_advisory_committee_award_approvals_2026-08-11.pdf
WY,57,"No bidders, recommend sole source w Tribal provider",,NOT_YET_NAMED,No,"Initiative 4.2 Clinically-Integrated Care Coordination. APPROVED BY THE RURAL HEALTH TRANSFORMATION ADVISORY COMMITTEE ON 2026-08-11, NOT EXECUTED: Wyoming's Year 1 obligation deadline for executed contracts is End of October 2026 (the minutes' own words) and WDH's programme-page timeline gives 2026-10-01. `round_amount` is this INITIATIVE's approved pool and repeats on every row of it -- never sum that column (Georgia's trap); use wy_reconcile(). THIS ROW NAMES NOBODY: Wyoming allocated this county's care-coordination budget and recorded ""No bidders"", directing WDH to seek a voluntary sole-source agreement with a Tribal provider. Its `amount` is deliberately EMPTY and the figure is in `round_amount` (§6.2).",No,No,2026,"Wyoming Rural Health Transformation Advisory Committee, Award Approvals - 8.11.26",https://health.wyo.gov/admin/rural-health-transformation-program/,NOTICE_OF_INTENT_TO_AWARD,PARSED_PDF_RUNS,R/03aj_wy_year1_awardees.R,,,,,"The cell is a SENTENCE and not an organisation -- 'No bidders, recommend sole source w Tribal provider' -- so no recipient is named (§6.1). The shared classifier types this string `TRIBAL_ORG` at HIGH confidence, which is exactly why it is overridden here rather than accepted.",LOW,AMOUNT_PRELIMINARY;RECIPIENT_NOT_NAMED,4.2 Clinically-Integrated Care Coordination,Budget Period 1 (2025-12-29 to 2026-10-30),NON_HOSPITAL,No,NOT_HOSPITAL,,"The cell is a SENTENCE and not an organisation -- 'No bidders, recommend sole source w Tribal provider' -- so no recipient is named (§6.1). The shared classifier types this string `TRIBAL_ORG` at HIGH confidence, which is exactly why it is overridden here rather than accepted. §10.2 NON_HOSPITAL: the named recipient is not a hospital (§0.3a -- judged on the recipient, not the activity), and the source does not mention hospitals anywhere in the funded work.","The figure in the committee document's own APPROVED column for this row, read with session 32's run model. Six of this document's rows carry the recipient name in a SEPARATE PAINTED RUN from the rest of the row, so the line model splits them and loses $5,156,000 of Initiative 1.1 in silence; the runs keep the name and the money together. Every table reconciles to the document's own Total row, to the budget summary's Approved award column, and thence to the $205,004,742 allotment.",,,,164700,,Northern Arapaho,164700,APPROVALS_TABLE,2026-08-11,data/evidence/WY/2026-09-03_wy_advisory_committee_award_approvals_2026-08-11.pdf
WY,58,"No bidders, recommend sole source w Tribal provider",,NOT_YET_NAMED,No,"Initiative 4.2 Clinically-Integrated Care Coordination. APPROVED BY THE RURAL HEALTH TRANSFORMATION ADVISORY COMMITTEE ON 2026-08-11, NOT EXECUTED: Wyoming's Year 1 obligation deadline for executed contracts is End of October 2026 (the minutes' own words) and WDH's programme-page timeline gives 2026-10-01. `round_amount` is this INITIATIVE's approved pool and repeats on every row of it -- never sum that column (Georgia's trap); use wy_reconcile(). THIS ROW NAMES NOBODY: Wyoming allocated this county's care-coordination budget and recorded ""No bidders"", directing WDH to seek a voluntary sole-source agreement with a Tribal provider. Its `amount` is deliberately EMPTY and the figure is in `round_amount` (§6.2).",No,No,2026,"Wyoming Rural Health Transformation Advisory Committee, Award Approvals - 8.11.26",https://health.wyo.gov/admin/rural-health-transformation-program/,NOTICE_OF_INTENT_TO_AWARD,PARSED_PDF_RUNS,R/03aj_wy_year1_awardees.R,,,,,"The cell is a SENTENCE and not an organisation -- 'No bidders, recommend sole source w Tribal provider' -- so no recipient is named (§6.1). The shared classifier types this string `TRIBAL_ORG` at HIGH confidence, which is exactly why it is overridden here rather than accepted.",LOW,AMOUNT_PRELIMINARY;RECIPIENT_NOT_NAMED,4.2 Clinically-Integrated Care Coordination,Budget Period 1 (2025-12-29 to 2026-10-30),NON_HOSPITAL,No,NOT_HOSPITAL,,"The cell is a SENTENCE and not an organisation -- 'No bidders, recommend sole source w Tribal provider' -- so no recipient is named (§6.1). The shared classifier types this string `TRIBAL_ORG` at HIGH confidence, which is exactly why it is overridden here rather than accepted. §10.2 NON_HOSPITAL: the named recipient is not a hospital (§0.3a -- judged on the recipient, not the activity), and the source does not mention hospitals anywhere in the funded work.","The figure in the committee document's own APPROVED column for this row, read with session 32's run model. Six of this document's rows carry the recipient name in a SEPARATE PAINTED RUN from the rest of the row, so the line model splits them and loses $5,156,000 of Initiative 1.1 in silence; the runs keep the name and the money together. Every table reconciles to the document's own Total row, to the budget summary's Approved award column, and thence to the $205,004,742 allotment.",,,,102300,,Eastern Shoshone,102300,APPROVALS_TABLE,2026-08-11,data/evidence/WY/2026-09-03_wy_advisory_committee_award_approvals_2026-08-11.pdf
WY,59,William H. and Carrie Gottsche Foundation,120240,NONPROFIT_CBO,No,"Initiative 4.2 Clinically-Integrated Care Coordination. APPROVED BY THE RURAL HEALTH TRANSFORMATION ADVISORY COMMITTEE ON 2026-08-11, NOT EXECUTED: Wyoming's Year 1 obligation deadline for executed contracts is End of October 2026 (the minutes' own words) and WDH's programme-page timeline gives 2026-10-01. `round_amount` is this INITIATIVE's approved pool and repeats on every row of it -- never sum that column (Georgia's trap); use wy_reconcile(). ",Yes,No,2026,"Wyoming Rural Health Transformation Advisory Committee, Award Approvals - 8.11.26",https://health.wyo.gov/admin/rural-health-transformation-program/,NOTICE_OF_INTENT_TO_AWARD,PARSED_PDF_RUNS,R/03aj_wy_year1_awardees.R,,,,,Recipient is named but the source does not state its organisational form; §8 settled fallback (session 10).,LOW,AMOUNT_PRELIMINARY;RECIPIENT_TYPE_INFERRED,4.2 Clinically-Integrated Care Coordination,Budget Period 1 (2025-12-29 to 2026-10-30),NON_HOSPITAL,No,NOT_HOSPITAL,,"Recipient is named but the source does not state its organisational form; §8 settled fallback (session 10). §10.2 NON_HOSPITAL: the named recipient is not a hospital (§0.3a -- judged on the recipient, not the activity), and the source does not mention hospitals anywhere in the funded work.","The figure in the committee document's own APPROVED column for this row, read with session 32's run model. Six of this document's rows carry the recipient name in a SEPARATE PAINTED RUN from the rest of the row, so the line model splits them and loses $5,156,000 of Initiative 1.1 in silence; the runs keep the name and the money together. Every table reconciles to the document's own Total row, to the budget summary's Approved award column, and thence to the $205,004,742 allotment.",,,,120240,,Fremont County,3218160,APPROVALS_TABLE,2026-08-11,data/evidence/WY/2026-09-03_wy_advisory_committee_award_approvals_2026-08-11.pdf
WY,60,University of Wyoming Family Medicine,110880,UNIVERSITY_OR_AHC,No,"Initiative 4.2 Clinically-Integrated Care Coordination. APPROVED BY THE RURAL HEALTH TRANSFORMATION ADVISORY COMMITTEE ON 2026-08-11, NOT EXECUTED: Wyoming's Year 1 obligation deadline for executed contracts is End of October 2026 (the minutes' own words) and WDH's programme-page timeline gives 2026-10-01. `round_amount` is this INITIATIVE's approved pool and repeats on every row of it -- never sum that column (Georgia's trap); use wy_reconcile(). ",Yes,No,2026,"Wyoming Rural Health Transformation Advisory Committee, Award Approvals - 8.11.26",https://health.wyo.gov/admin/rural-health-transformation-program/,NOTICE_OF_INTENT_TO_AWARD,PARSED_PDF_RUNS,R/03aj_wy_year1_awardees.R,,,,,Recipient name rule: name states a university or college.,HIGH,AMOUNT_PRELIMINARY,4.2 Clinically-Integrated Care Coordination,Budget Period 1 (2025-12-29 to 2026-10-30),NON_HOSPITAL,No,NOT_HOSPITAL,,"Recipient name rule: name states a university or college. §10.2 NON_HOSPITAL: the named recipient is not a hospital (§0.3a -- judged on the recipient, not the activity), and the source does not mention hospitals anywhere in the funded work.","The figure in the committee document's own APPROVED column for this row, read with session 32's run model. Six of this document's rows carry the recipient name in a SEPARATE PAINTED RUN from the rest of the row, so the line model splits them and loses $5,156,000 of Initiative 1.1 in silence; the runs keep the name and the money together. Every table reconciles to the document's own Total row, to the budget summary's Approved award column, and thence to the $205,004,742 allotment.",,,,110880,,Goshen County,3218160,APPROVALS_TABLE,2026-08-11,data/evidence/WY/2026-09-03_wy_advisory_committee_award_approvals_2026-08-11.pdf
WY,61,William H. and Carrie Gottsche Foundation,96060,NONPROFIT_CBO,No,"Initiative 4.2 Clinically-Integrated Care Coordination. APPROVED BY THE RURAL HEALTH TRANSFORMATION ADVISORY COMMITTEE ON 2026-08-11, NOT EXECUTED: Wyoming's Year 1 obligation deadline for executed contracts is End of October 2026 (the minutes' own words) and WDH's programme-page timeline gives 2026-10-01. `round_amount` is this INITIATIVE's approved pool and repeats on every row of it -- never sum that column (Georgia's trap); use wy_reconcile(). ",Yes,No,2026,"Wyoming Rural Health Transformation Advisory Committee, Award Approvals - 8.11.26",https://health.wyo.gov/admin/rural-health-transformation-program/,NOTICE_OF_INTENT_TO_AWARD,PARSED_PDF_RUNS,R/03aj_wy_year1_awardees.R,,,,,Recipient is named but the source does not state its organisational form; §8 settled fallback (session 10).,LOW,AMOUNT_PRELIMINARY;RECIPIENT_TYPE_INFERRED,4.2 Clinically-Integrated Care Coordination,Budget Period 1 (2025-12-29 to 2026-10-30),NON_HOSPITAL,No,NOT_HOSPITAL,,"Recipient is named but the source does not state its organisational form; §8 settled fallback (session 10). §10.2 NON_HOSPITAL: the named recipient is not a hospital (§0.3a -- judged on the recipient, not the activity), and the source does not mention hospitals anywhere in the funded work.","The figure in the committee document's own APPROVED column for this row, read with session 32's run model. Six of this document's rows carry the recipient name in a SEPARATE PAINTED RUN from the rest of the row, so the line model splits them and loses $5,156,000 of Initiative 1.1 in silence; the runs keep the name and the money together. Every table reconciles to the document's own Total row, to the budget summary's Approved award column, and thence to the $205,004,742 allotment.",,,,96060,,Hot Springs County,3218160,APPROVALS_TABLE,2026-08-11,data/evidence/WY/2026-09-03_wy_advisory_committee_award_approvals_2026-08-11.pdf
WY,62,Community Strong LLC,94500,NONPROFIT_CBO,No,"Initiative 4.2 Clinically-Integrated Care Coordination. APPROVED BY THE RURAL HEALTH TRANSFORMATION ADVISORY COMMITTEE ON 2026-08-11, NOT EXECUTED: Wyoming's Year 1 obligation deadline for executed contracts is End of October 2026 (the minutes' own words) and WDH's programme-page timeline gives 2026-10-01. `round_amount` is this INITIATIVE's approved pool and repeats on every row of it -- never sum that column (Georgia's trap); use wy_reconcile(). ",Yes,No,2026,"Wyoming Rural Health Transformation Advisory Committee, Award Approvals - 8.11.26",https://health.wyo.gov/admin/rural-health-transformation-program/,NOTICE_OF_INTENT_TO_AWARD,PARSED_PDF_RUNS,R/03aj_wy_year1_awardees.R,,,,,Recipient is named but the source does not state its organisational form; §8 settled fallback (session 10).,LOW,AMOUNT_PRELIMINARY;RECIPIENT_TYPE_INFERRED,4.2 Clinically-Integrated Care Coordination,Budget Period 1 (2025-12-29 to 2026-10-30),NON_HOSPITAL,No,NOT_HOSPITAL,,"Recipient is named but the source does not state its organisational form; §8 settled fallback (session 10). §10.2 NON_HOSPITAL: the named recipient is not a hospital (§0.3a -- judged on the recipient, not the activity), and the source does not mention hospitals anywhere in the funded work.","The figure in the committee document's own APPROVED column for this row, read with session 32's run model. Six of this document's rows carry the recipient name in a SEPARATE PAINTED RUN from the rest of the row, so the line model splits them and loses $5,156,000 of Initiative 1.1 in silence; the runs keep the name and the money together. Every table reconciles to the document's own Total row, to the budget summary's Approved award column, and thence to the $205,004,742 allotment.",,,,94500,,Johnson County,3218160,APPROVALS_TABLE,2026-08-11,data/evidence/WY/2026-09-03_wy_advisory_committee_award_approvals_2026-08-11.pdf
WY,63,Instaclinic LLC,320700,NONPROFIT_CBO,No,"Initiative 4.2 Clinically-Integrated Care Coordination. APPROVED BY THE RURAL HEALTH TRANSFORMATION ADVISORY COMMITTEE ON 2026-08-11, NOT EXECUTED: Wyoming's Year 1 obligation deadline for executed contracts is End of October 2026 (the minutes' own words) and WDH's programme-page timeline gives 2026-10-01. `round_amount` is this INITIATIVE's approved pool and repeats on every row of it -- never sum that column (Georgia's trap); use wy_reconcile(). ",Yes,No,2026,"Wyoming Rural Health Transformation Advisory Committee, Award Approvals - 8.11.26",https://health.wyo.gov/admin/rural-health-transformation-program/,NOTICE_OF_INTENT_TO_AWARD,PARSED_PDF_RUNS,R/03aj_wy_year1_awardees.R,,,,,Recipient is named but the source does not state its organisational form; §8 settled fallback (session 10).,LOW,AMOUNT_PRELIMINARY;RECIPIENT_TYPE_INFERRED,4.2 Clinically-Integrated Care Coordination,Budget Period 1 (2025-12-29 to 2026-10-30),NON_HOSPITAL,No,NOT_HOSPITAL,,"Recipient is named but the source does not state its organisational form; §8 settled fallback (session 10). §10.2 NON_HOSPITAL: the named recipient is not a hospital (§0.3a -- judged on the recipient, not the activity), and the source does not mention hospitals anywhere in the funded work.","The figure in the committee document's own APPROVED column for this row, read with session 32's run model. Six of this document's rows carry the recipient name in a SEPARATE PAINTED RUN from the rest of the row, so the line model splits them and loses $5,156,000 of Initiative 1.1 in silence; the runs keep the name and the money together. Every table reconciles to the document's own Total row, to the budget summary's Approved award column, and thence to the $205,004,742 allotment.",,,,320700,,Laramie County,3218160,APPROVALS_TABLE,2026-08-11,data/evidence/WY/2026-09-03_wy_advisory_committee_award_approvals_2026-08-11.pdf
WY,64,Community Strong LLC,92160,NONPROFIT_CBO,No,"Initiative 4.2 Clinically-Integrated Care Coordination. APPROVED BY THE RURAL HEALTH TRANSFORMATION ADVISORY COMMITTEE ON 2026-08-11, NOT EXECUTED: Wyoming's Year 1 obligation deadline for executed contracts is End of October 2026 (the minutes' own words) and WDH's programme-page timeline gives 2026-10-01. `round_amount` is this INITIATIVE's approved pool and repeats on every row of it -- never sum that column (Georgia's trap); use wy_reconcile(). ",Yes,No,2026,"Wyoming Rural Health Transformation Advisory Committee, Award Approvals - 8.11.26",https://health.wyo.gov/admin/rural-health-transformation-program/,NOTICE_OF_INTENT_TO_AWARD,PARSED_PDF_RUNS,R/03aj_wy_year1_awardees.R,,,,,Recipient is named but the source does not state its organisational form; §8 settled fallback (session 10).,LOW,AMOUNT_PRELIMINARY;RECIPIENT_TYPE_INFERRED,4.2 Clinically-Integrated Care Coordination,Budget Period 1 (2025-12-29 to 2026-10-30),NON_HOSPITAL,No,NOT_HOSPITAL,,"Recipient is named but the source does not state its organisational form; §8 settled fallback (session 10). §10.2 NON_HOSPITAL: the named recipient is not a hospital (§0.3a -- judged on the recipient, not the activity), and the source does not mention hospitals anywhere in the funded work.","The figure in the committee document's own APPROVED column for this row, read with session 32's run model. Six of this document's rows carry the recipient name in a SEPARATE PAINTED RUN from the rest of the row, so the line model splits them and loses $5,156,000 of Initiative 1.1 in silence; the runs keep the name and the money together. Every table reconciles to the document's own Total row, to the budget summary's Approved award column, and thence to the $205,004,742 allotment.",,,,92160,,Lincoln County,3218160,APPROVALS_TABLE,2026-08-11,data/evidence/WY/2026-09-03_wy_advisory_committee_award_approvals_2026-08-11.pdf
WY,65,Instaclinic LLC,320700,NONPROFIT_CBO,No,"Initiative 4.2 Clinically-Integrated Care Coordination. APPROVED BY THE RURAL HEALTH TRANSFORMATION ADVISORY COMMITTEE ON 2026-08-11, NOT EXECUTED: Wyoming's Year 1 obligation deadline for executed contracts is End of October 2026 (the minutes' own words) and WDH's programme-page timeline gives 2026-10-01. `round_amount` is this INITIATIVE's approved pool and repeats on every row of it -- never sum that column (Georgia's trap); use wy_reconcile(). ",Yes,No,2026,"Wyoming Rural Health Transformation Advisory Committee, Award Approvals - 8.11.26",https://health.wyo.gov/admin/rural-health-transformation-program/,NOTICE_OF_INTENT_TO_AWARD,PARSED_PDF_RUNS,R/03aj_wy_year1_awardees.R,,,,,Recipient is named but the source does not state its organisational form; §8 settled fallback (session 10).,LOW,AMOUNT_PRELIMINARY;RECIPIENT_TYPE_INFERRED,4.2 Clinically-Integrated Care Coordination,Budget Period 1 (2025-12-29 to 2026-10-30),NON_HOSPITAL,No,NOT_HOSPITAL,,"Recipient is named but the source does not state its organisational form; §8 settled fallback (session 10). §10.2 NON_HOSPITAL: the named recipient is not a hospital (§0.3a -- judged on the recipient, not the activity), and the source does not mention hospitals anywhere in the funded work.","The figure in the committee document's own APPROVED column for this row, read with session 32's run model. Six of this document's rows carry the recipient name in a SEPARATE PAINTED RUN from the rest of the row, so the line model splits them and loses $5,156,000 of Initiative 1.1 in silence; the runs keep the name and the money together. Every table reconciles to the document's own Total row, to the budget summary's Approved award column, and thence to the $205,004,742 allotment.",,,,320700,,Natrona County,3218160,APPROVALS_TABLE,2026-08-11,data/evidence/WY/2026-09-03_wy_advisory_committee_award_approvals_2026-08-11.pdf
WY,66,Community Strong LLC,81240,NONPROFIT_CBO,No,"Initiative 4.2 Clinically-Integrated Care Coordination. APPROVED BY THE RURAL HEALTH TRANSFORMATION ADVISORY COMMITTEE ON 2026-08-11, NOT EXECUTED: Wyoming's Year 1 obligation deadline for executed contracts is End of October 2026 (the minutes' own words) and WDH's programme-page timeline gives 2026-10-01. `round_amount` is this INITIATIVE's approved pool and repeats on every row of it -- never sum that column (Georgia's trap); use wy_reconcile(). ",Yes,No,2026,"Wyoming Rural Health Transformation Advisory Committee, Award Approvals - 8.11.26",https://health.wyo.gov/admin/rural-health-transformation-program/,NOTICE_OF_INTENT_TO_AWARD,PARSED_PDF_RUNS,R/03aj_wy_year1_awardees.R,,,,,Recipient is named but the source does not state its organisational form; §8 settled fallback (session 10).,LOW,AMOUNT_PRELIMINARY;RECIPIENT_TYPE_INFERRED,4.2 Clinically-Integrated Care Coordination,Budget Period 1 (2025-12-29 to 2026-10-30),NON_HOSPITAL,No,NOT_HOSPITAL,,"Recipient is named but the source does not state its organisational form; §8 settled fallback (session 10). §10.2 NON_HOSPITAL: the named recipient is not a hospital (§0.3a -- judged on the recipient, not the activity), and the source does not mention hospitals anywhere in the funded work.","The figure in the committee document's own APPROVED column for this row, read with session 32's run model. Six of this document's rows carry the recipient name in a SEPARATE PAINTED RUN from the rest of the row, so the line model splits them and loses $5,156,000 of Initiative 1.1 in silence; the runs keep the name and the money together. Every table reconciles to the document's own Total row, to the budget summary's Approved award column, and thence to the $205,004,742 allotment.",,,,81240,,Niobrara County,3218160,APPROVALS_TABLE,2026-08-11,data/evidence/WY/2026-09-03_wy_advisory_committee_award_approvals_2026-08-11.pdf
WY,67,William H. and Carrie Gottsche Foundation,135060,NONPROFIT_CBO,No,"Initiative 4.2 Clinically-Integrated Care Coordination. APPROVED BY THE RURAL HEALTH TRANSFORMATION ADVISORY COMMITTEE ON 2026-08-11, NOT EXECUTED: Wyoming's Year 1 obligation deadline for executed contracts is End of October 2026 (the minutes' own words) and WDH's programme-page timeline gives 2026-10-01. `round_amount` is this INITIATIVE's approved pool and repeats on every row of it -- never sum that column (Georgia's trap); use wy_reconcile(). ",Yes,No,2026,"Wyoming Rural Health Transformation Advisory Committee, Award Approvals - 8.11.26",https://health.wyo.gov/admin/rural-health-transformation-program/,NOTICE_OF_INTENT_TO_AWARD,PARSED_PDF_RUNS,R/03aj_wy_year1_awardees.R,,,,,Recipient is named but the source does not state its organisational form; §8 settled fallback (session 10).,LOW,AMOUNT_PRELIMINARY;RECIPIENT_TYPE_INFERRED,4.2 Clinically-Integrated Care Coordination,Budget Period 1 (2025-12-29 to 2026-10-30),NON_HOSPITAL,No,NOT_HOSPITAL,,"Recipient is named but the source does not state its organisational form; §8 settled fallback (session 10). §10.2 NON_HOSPITAL: the named recipient is not a hospital (§0.3a -- judged on the recipient, not the activity), and the source does not mention hospitals anywhere in the funded work.","The figure in the committee document's own APPROVED column for this row, read with session 32's run model. Six of this document's rows carry the recipient name in a SEPARATE PAINTED RUN from the rest of the row, so the line model splits them and loses $5,156,000 of Initiative 1.1 in silence; the runs keep the name and the money together. Every table reconciles to the document's own Total row, to the budget summary's Approved award column, and thence to the $205,004,742 allotment.",,,,135060,,Park County,3218160,APPROVALS_TABLE,2026-08-11,data/evidence/WY/2026-09-03_wy_advisory_committee_award_approvals_2026-08-11.pdf
WY,68,University of Wyoming Family Medicine,99960,UNIVERSITY_OR_AHC,No,"Initiative 4.2 Clinically-Integrated Care Coordination. APPROVED BY THE RURAL HEALTH TRANSFORMATION ADVISORY COMMITTEE ON 2026-08-11, NOT EXECUTED: Wyoming's Year 1 obligation deadline for executed contracts is End of October 2026 (the minutes' own words) and WDH's programme-page timeline gives 2026-10-01. `round_amount` is this INITIATIVE's approved pool and repeats on every row of it -- never sum that column (Georgia's trap); use wy_reconcile(). ",Yes,No,2026,"Wyoming Rural Health Transformation Advisory Committee, Award Approvals - 8.11.26",https://health.wyo.gov/admin/rural-health-transformation-program/,NOTICE_OF_INTENT_TO_AWARD,PARSED_PDF_RUNS,R/03aj_wy_year1_awardees.R,,,,,Recipient name rule: name states a university or college.,HIGH,AMOUNT_PRELIMINARY,4.2 Clinically-Integrated Care Coordination,Budget Period 1 (2025-12-29 to 2026-10-30),NON_HOSPITAL,No,NOT_HOSPITAL,,"Recipient name rule: name states a university or college. §10.2 NON_HOSPITAL: the named recipient is not a hospital (§0.3a -- judged on the recipient, not the activity), and the source does not mention hospitals anywhere in the funded work.","The figure in the committee document's own APPROVED column for this row, read with session 32's run model. Six of this document's rows carry the recipient name in a SEPARATE PAINTED RUN from the rest of the row, so the line model splits them and loses $5,156,000 of Initiative 1.1 in silence; the runs keep the name and the money together. Every table reconciles to the document's own Total row, to the budget summary's Approved award column, and thence to the $205,004,742 allotment.",,,,99960,,Platte County,3218160,APPROVALS_TABLE,2026-08-11,data/evidence/WY/2026-09-03_wy_advisory_committee_award_approvals_2026-08-11.pdf
WY,69,Sheridan Memorial Hospital,150660,HOSPITAL_OR_SYSTEM,Yes,"Initiative 4.2 Clinically-Integrated Care Coordination. APPROVED BY THE RURAL HEALTH TRANSFORMATION ADVISORY COMMITTEE ON 2026-08-11, NOT EXECUTED: Wyoming's Year 1 obligation deadline for executed contracts is End of October 2026 (the minutes' own words) and WDH's programme-page timeline gives 2026-10-01. `round_amount` is this INITIATIVE's approved pool and repeats on every row of it -- never sum that column (Georgia's trap); use wy_reconcile(). ",Yes,No,2026,"Wyoming Rural Health Transformation Advisory Committee, Award Approvals - 8.11.26",https://health.wyo.gov/admin/rural-health-transformation-program/,NOTICE_OF_INTENT_TO_AWARD,PARSED_PDF_RUNS,R/03aj_wy_year1_awardees.R,,,,,Recipient name rule: name states a hospital.,MEDIUM,AMOUNT_PRELIMINARY,4.2 Clinically-Integrated Care Coordination,Budget Period 1 (2025-12-29 to 2026-10-30),DIRECT,Yes,NAMED_HOSPITAL,,Recipient name rule: name states a hospital. §10.2 DIRECT: the named recipient is a hospital or hospital system and the state's award document names both the recipient and the amount.,"The figure in the committee document's own APPROVED column for this row, read with session 32's run model. Six of this document's rows carry the recipient name in a SEPARATE PAINTED RUN from the rest of the row, so the line model splits them and loses $5,156,000 of Initiative 1.1 in silence; the runs keep the name and the money together. Every table reconciles to the document's own Total row, to the budget summary's Approved award column, and thence to the $205,004,742 allotment.",,,,150660,,Sheridan County,3218160,APPROVALS_TABLE,2026-08-11,data/evidence/WY/2026-09-03_wy_advisory_committee_award_approvals_2026-08-11.pdf
WY,70,Community Strong LLC,84360,NONPROFIT_CBO,No,"Initiative 4.2 Clinically-Integrated Care Coordination. APPROVED BY THE RURAL HEALTH TRANSFORMATION ADVISORY COMMITTEE ON 2026-08-11, NOT EXECUTED: Wyoming's Year 1 obligation deadline for executed contracts is End of October 2026 (the minutes' own words) and WDH's programme-page timeline gives 2026-10-01. `round_amount` is this INITIATIVE's approved pool and repeats on every row of it -- never sum that column (Georgia's trap); use wy_reconcile(). ",Yes,No,2026,"Wyoming Rural Health Transformation Advisory Committee, Award Approvals - 8.11.26",https://health.wyo.gov/admin/rural-health-transformation-program/,NOTICE_OF_INTENT_TO_AWARD,PARSED_PDF_RUNS,R/03aj_wy_year1_awardees.R,,,,,Recipient is named but the source does not state its organisational form; §8 settled fallback (session 10).,LOW,AMOUNT_PRELIMINARY;RECIPIENT_TYPE_INFERRED,4.2 Clinically-Integrated Care Coordination,Budget Period 1 (2025-12-29 to 2026-10-30),NON_HOSPITAL,No,NOT_HOSPITAL,,"Recipient is named but the source does not state its organisational form; §8 settled fallback (session 10). §10.2 NON_HOSPITAL: the named recipient is not a hospital (§0.3a -- judged on the recipient, not the activity), and the source does not mention hospitals anywhere in the funded work.","The figure in the committee document's own APPROVED column for this row, read with session 32's run model. Six of this document's rows carry the recipient name in a SEPARATE PAINTED RUN from the rest of the row, so the line model splits them and loses $5,156,000 of Initiative 1.1 in silence; the runs keep the name and the money together. Every table reconciles to the document's own Total row, to the budget summary's Approved award column, and thence to the $205,004,742 allotment.",,,,84360,,Sublette County,3218160,APPROVALS_TABLE,2026-08-11,data/evidence/WY/2026-09-03_wy_advisory_committee_award_approvals_2026-08-11.pdf
WY,71,Community Strong LLC,158460,NONPROFIT_CBO,No,"Initiative 4.2 Clinically-Integrated Care Coordination. APPROVED BY THE RURAL HEALTH TRANSFORMATION ADVISORY COMMITTEE ON 2026-08-11, NOT EXECUTED: Wyoming's Year 1 obligation deadline for executed contracts is End of October 2026 (the minutes' own words) and WDH's programme-page timeline gives 2026-10-01. `round_amount` is this INITIATIVE's approved pool and repeats on every row of it -- never sum that column (Georgia's trap); use wy_reconcile(). ",Yes,No,2026,"Wyoming Rural Health Transformation Advisory Committee, Award Approvals - 8.11.26",https://health.wyo.gov/admin/rural-health-transformation-program/,NOTICE_OF_INTENT_TO_AWARD,PARSED_PDF_RUNS,R/03aj_wy_year1_awardees.R,,,,,Recipient is named but the source does not state its organisational form; §8 settled fallback (session 10).,LOW,AMOUNT_PRELIMINARY;RECIPIENT_TYPE_INFERRED,4.2 Clinically-Integrated Care Coordination,Budget Period 1 (2025-12-29 to 2026-10-30),NON_HOSPITAL,No,NOT_HOSPITAL,,"Recipient is named but the source does not state its organisational form; §8 settled fallback (session 10). §10.2 NON_HOSPITAL: the named recipient is not a hospital (§0.3a -- judged on the recipient, not the activity), and the source does not mention hospitals anywhere in the funded work.","The figure in the committee document's own APPROVED column for this row, read with session 32's run model. Six of this document's rows carry the recipient name in a SEPARATE PAINTED RUN from the rest of the row, so the line model splits them and loses $5,156,000 of Initiative 1.1 in silence; the runs keep the name and the money together. Every table reconciles to the document's own Total row, to the budget summary's Approved award column, and thence to the $205,004,742 allotment.",,,,158460,,Sweetwater County,3218160,APPROVALS_TABLE,2026-08-11,data/evidence/WY/2026-09-03_wy_advisory_committee_award_approvals_2026-08-11.pdf
WY,72,Community Strong LLC,82800,NONPROFIT_CBO,No,"Initiative 4.2 Clinically-Integrated Care Coordination. APPROVED BY THE RURAL HEALTH TRANSFORMATION ADVISORY COMMITTEE ON 2026-08-11, NOT EXECUTED: Wyoming's Year 1 obligation deadline for executed contracts is End of October 2026 (the minutes' own words) and WDH's programme-page timeline gives 2026-10-01. `round_amount` is this INITIATIVE's approved pool and repeats on every row of it -- never sum that column (Georgia's trap); use wy_reconcile(). ",Yes,No,2026,"Wyoming Rural Health Transformation Advisory Committee, Award Approvals - 8.11.26",https://health.wyo.gov/admin/rural-health-transformation-program/,NOTICE_OF_INTENT_TO_AWARD,PARSED_PDF_RUNS,R/03aj_wy_year1_awardees.R,,,,,Recipient is named but the source does not state its organisational form; §8 settled fallback (session 10).,LOW,AMOUNT_PRELIMINARY;RECIPIENT_TYPE_INFERRED,4.2 Clinically-Integrated Care Coordination,Budget Period 1 (2025-12-29 to 2026-10-30),NON_HOSPITAL,No,NOT_HOSPITAL,,"Recipient is named but the source does not state its organisational form; §8 settled fallback (session 10). §10.2 NON_HOSPITAL: the named recipient is not a hospital (§0.3a -- judged on the recipient, not the activity), and the source does not mention hospitals anywhere in the funded work.","The figure in the committee document's own APPROVED column for this row, read with session 32's run model. Six of this document's rows carry the recipient name in a SEPARATE PAINTED RUN from the rest of the row, so the line model splits them and loses $5,156,000 of Initiative 1.1 in silence; the runs keep the name and the money together. Every table reconciles to the document's own Total row, to the budget summary's Approved award column, and thence to the $205,004,742 allotment.",,,,82800,,Teton County,3218160,APPROVALS_TABLE,2026-08-11,data/evidence/WY/2026-09-03_wy_advisory_committee_award_approvals_2026-08-11.pdf
WY,73,Community Strong LLC,125700,NONPROFIT_CBO,No,"Initiative 4.2 Clinically-Integrated Care Coordination. APPROVED BY THE RURAL HEALTH TRANSFORMATION ADVISORY COMMITTEE ON 2026-08-11, NOT EXECUTED: Wyoming's Year 1 obligation deadline for executed contracts is End of October 2026 (the minutes' own words) and WDH's programme-page timeline gives 2026-10-01. `round_amount` is this INITIATIVE's approved pool and repeats on every row of it -- never sum that column (Georgia's trap); use wy_reconcile(). ",Yes,No,2026,"Wyoming Rural Health Transformation Advisory Committee, Award Approvals - 8.11.26",https://health.wyo.gov/admin/rural-health-transformation-program/,NOTICE_OF_INTENT_TO_AWARD,PARSED_PDF_RUNS,R/03aj_wy_year1_awardees.R,,,,,Recipient is named but the source does not state its organisational form; §8 settled fallback (session 10).,LOW,AMOUNT_PRELIMINARY;RECIPIENT_TYPE_INFERRED,4.2 Clinically-Integrated Care Coordination,Budget Period 1 (2025-12-29 to 2026-10-30),NON_HOSPITAL,No,NOT_HOSPITAL,,"Recipient is named but the source does not state its organisational form; §8 settled fallback (session 10). §10.2 NON_HOSPITAL: the named recipient is not a hospital (§0.3a -- judged on the recipient, not the activity), and the source does not mention hospitals anywhere in the funded work.","The figure in the committee document's own APPROVED column for this row, read with session 32's run model. Six of this document's rows carry the recipient name in a SEPARATE PAINTED RUN from the rest of the row, so the line model splits them and loses $5,156,000 of Initiative 1.1 in silence; the runs keep the name and the money together. Every table reconciles to the document's own Total row, to the budget summary's Approved award column, and thence to the $205,004,742 allotment.",,,,125700,,Uinta County,3218160,APPROVALS_TABLE,2026-08-11,data/evidence/WY/2026-09-03_wy_advisory_committee_award_approvals_2026-08-11.pdf
WY,74,William H. and Carrie Gottsche Foundation,96840,NONPROFIT_CBO,No,"Initiative 4.2 Clinically-Integrated Care Coordination. APPROVED BY THE RURAL HEALTH TRANSFORMATION ADVISORY COMMITTEE ON 2026-08-11, NOT EXECUTED: Wyoming's Year 1 obligation deadline for executed contracts is End of October 2026 (the minutes' own words) and WDH's programme-page timeline gives 2026-10-01. `round_amount` is this INITIATIVE's approved pool and repeats on every row of it -- never sum that column (Georgia's trap); use wy_reconcile(). ",Yes,No,2026,"Wyoming Rural Health Transformation Advisory Committee, Award Approvals - 8.11.26",https://health.wyo.gov/admin/rural-health-transformation-program/,NOTICE_OF_INTENT_TO_AWARD,PARSED_PDF_RUNS,R/03aj_wy_year1_awardees.R,,,,,Recipient is named but the source does not state its organisational form; §8 settled fallback (session 10).,LOW,AMOUNT_PRELIMINARY;RECIPIENT_TYPE_INFERRED,4.2 Clinically-Integrated Care Coordination,Budget Period 1 (2025-12-29 to 2026-10-30),NON_HOSPITAL,No,NOT_HOSPITAL,,"Recipient is named but the source does not state its organisational form; §8 settled fallback (session 10). §10.2 NON_HOSPITAL: the named recipient is not a hospital (§0.3a -- judged on the recipient, not the activity), and the source does not mention hospitals anywhere in the funded work.","The figure in the committee document's own APPROVED column for this row, read with session 32's run model. Six of this document's rows carry the recipient name in a SEPARATE PAINTED RUN from the rest of the row, so the line model splits them and loses $5,156,000 of Initiative 1.1 in silence; the runs keep the name and the money together. Every table reconciles to the document's own Total row, to the budget summary's Approved award column, and thence to the $205,004,742 allotment.",,,,96840,,Washakie County,3218160,APPROVALS_TABLE,2026-08-11,data/evidence/WY/2026-09-03_wy_advisory_committee_award_approvals_2026-08-11.pdf
WY,75,Community Strong LLC,92940,NONPROFIT_CBO,No,"Initiative 4.2 Clinically-Integrated Care Coordination. APPROVED BY THE RURAL HEALTH TRANSFORMATION ADVISORY COMMITTEE ON 2026-08-11, NOT EXECUTED: Wyoming's Year 1 obligation deadline for executed contracts is End of October 2026 (the minutes' own words) and WDH's programme-page timeline gives 2026-10-01. `round_amount` is this INITIATIVE's approved pool and repeats on every row of it -- never sum that column (Georgia's trap); use wy_reconcile(). ",Yes,No,2026,"Wyoming Rural Health Transformation Advisory Committee, Award Approvals - 8.11.26",https://health.wyo.gov/admin/rural-health-transformation-program/,NOTICE_OF_INTENT_TO_AWARD,PARSED_PDF_RUNS,R/03aj_wy_year1_awardees.R,,,,,Recipient is named but the source does not state its organisational form; §8 settled fallback (session 10).,LOW,AMOUNT_PRELIMINARY;RECIPIENT_TYPE_INFERRED,4.2 Clinically-Integrated Care Coordination,Budget Period 1 (2025-12-29 to 2026-10-30),NON_HOSPITAL,No,NOT_HOSPITAL,,"Recipient is named but the source does not state its organisational form; §8 settled fallback (session 10). §10.2 NON_HOSPITAL: the named recipient is not a hospital (§0.3a -- judged on the recipient, not the activity), and the source does not mention hospitals anywhere in the funded work.","The figure in the committee document's own APPROVED column for this row, read with session 32's run model. Six of this document's rows carry the recipient name in a SEPARATE PAINTED RUN from the rest of the row, so the line model splits them and loses $5,156,000 of Initiative 1.1 in silence; the runs keep the name and the money together. Every table reconciles to the document's own Total row, to the budget summary's Approved award column, and thence to the $205,004,742 allotment.",,,,92940,,Weston County,3218160,APPROVALS_TABLE,2026-08-11,data/evidence/WY/2026-09-03_wy_advisory_committee_award_approvals_2026-08-11.pdf
WY,76,Wyoming Innovation Partnership (WIP),35424820,NONPROFIT_CBO,Unclear,"Initiative 2.1 Workforce Education Individual Support. APPROVED BY THE RURAL HEALTH TRANSFORMATION ADVISORY COMMITTEE ON 2026-08-11, NOT EXECUTED: Wyoming's Year 1 obligation deadline for executed contracts is End of October 2026 (the minutes' own words) and WDH's programme-page timeline gives 2026-10-01. `round_amount` is this INITIATIVE's approved pool and repeats on every row of it -- never sum that column (Georgia's trap); use wy_reconcile(). ",Yes,No,2026,"Wyoming Rural Health Transformation Advisory Committee, Formal Meeting Minutes, August 11, 2026 (Initiatives 2.1 & 2.3), corroborated by the Award Approvals Budget Summary's own Notes column",https://health.wyo.gov/admin/rural-health-transformation-program/,NOTICE_OF_INTENT_TO_AWARD,PARSED_PDF_TEXT,R/03aj_wy_year1_awardees.R,,,,,Recipient is named but the source does not state its organisational form; §8 settled fallback (session 10).,LOW,AMOUNT_PRELIMINARY;RECIPIENT_TYPE_INFERRED,2.1 Workforce Education Individual Support,Budget Period 1 (2025-12-29 to 2026-10-30),PASS_THROUGH_UNRESOLVED,,NOT_HOSPITAL,,"Recipient is named but the source does not state its organisational form; §8 settled fallback (session 10). §10.2 PASS_THROUGH_UNRESOLVED. WIP is a DESIGNATED PASS-THROUGH ADMINISTRATOR -- Wyoming's minutes call it the ""master fiscal agent"" -- and it has named no subrecipient. The eligible class is ""statewide individual and institutional workforce/nursing grants"": individuals and institutions, with no hospital named and no hospitals-only restriction. That is New Hampshire's FHC class (Unclear) and NOT Illinois's ICAHN class (Yes), so this row is in NEITHER bucket of the partition and $38,618,260 is hospital-bound on nobody's authority (§0.3).","The figure in the committee document's own APPROVED column for this row, read with session 32's run model. Six of this document's rows carry the recipient name in a SEPARATE PAINTED RUN from the rest of the row, so the line model splits them and loses $5,156,000 of Initiative 1.1 in silence; the runs keep the name and the money together. Every table reconciles to the document's own Total row, to the budget summary's Approved award column, and thence to the $205,004,742 allotment.",,,,35424820,,,35424820,MINUTES_MOTION,2026-08-11,data/evidence/WY/2026-09-03_wy_advisory_committee_minutes_2026-08-11.pdf
WY,77,Wyoming Innovation Partnership (WIP),3193440,NONPROFIT_CBO,Unclear,"Initiative 2.3 Workforce Education Startup. APPROVED BY THE RURAL HEALTH TRANSFORMATION ADVISORY COMMITTEE ON 2026-08-11, NOT EXECUTED: Wyoming's Year 1 obligation deadline for executed contracts is End of October 2026 (the minutes' own words) and WDH's programme-page timeline gives 2026-10-01. `round_amount` is this INITIATIVE's approved pool and repeats on every row of it -- never sum that column (Georgia's trap); use wy_reconcile(). ",Yes,No,2026,"Wyoming Rural Health Transformation Advisory Committee, Formal Meeting Minutes, August 11, 2026 (Initiatives 2.1 & 2.3), corroborated by the Award Approvals Budget Summary's own Notes column",https://health.wyo.gov/admin/rural-health-transformation-program/,NOTICE_OF_INTENT_TO_AWARD,PARSED_PDF_TEXT,R/03aj_wy_year1_awardees.R,,,,,Recipient is named but the source does not state its organisational form; §8 settled fallback (session 10).,LOW,AMOUNT_PRELIMINARY;RECIPIENT_TYPE_INFERRED,2.3 Workforce Education Startup,Budget Period 1 (2025-12-29 to 2026-10-30),PASS_THROUGH_UNRESOLVED,,NOT_HOSPITAL,,"Recipient is named but the source does not state its organisational form; §8 settled fallback (session 10). §10.2 PASS_THROUGH_UNRESOLVED. WIP is a DESIGNATED PASS-THROUGH ADMINISTRATOR -- Wyoming's minutes call it the ""master fiscal agent"" -- and it has named no subrecipient. The eligible class is ""statewide individual and institutional workforce/nursing grants"": individuals and institutions, with no hospital named and no hospitals-only restriction. That is New Hampshire's FHC class (Unclear) and NOT Illinois's ICAHN class (Yes), so this row is in NEITHER bucket of the partition and $38,618,260 is hospital-bound on nobody's authority (§0.3).","The figure in the committee document's own APPROVED column for this row, read with session 32's run model. Six of this document's rows carry the recipient name in a SEPARATE PAINTED RUN from the rest of the row, so the line model splits them and loses $5,156,000 of Initiative 1.1 in silence; the runs keep the name and the money together. Every table reconciles to the document's own Total row, to the budget summary's Approved award column, and thence to the $205,004,742 allotment.",,,,3193440,,,3193440,MINUTES_MOTION,2026-08-11,data/evidence/WY/2026-09-03_wy_advisory_committee_minutes_2026-08-11.pdf
